product_id,product_name,category,supplier_id,unit_cost,unit_price,product_status,launch_date
PROD_000001,Sharable bifurcated algorithm,Healthcare Equipment,SUP_00861,958.0,2110.07,Active,2025-01-27
PROD_000002,Fully-configurable directional challenge,,SUP_00467,544.88,964.43,Active,2025-01-17
PROD_000003,Synergistic user-facing moratorium,Electronics,SUP_00662,329.24,699.54,Discontinued,2021-06-24
PROD_000004,Optimized 5thgeneration algorithm,Software,SUP_00192,4961.45,9841.53,Active,2021-07-07
PROD_000005,Focused motivating portal,Consumer Products,SUP_00748,164.16,305.08,Active,2021-02-23
PROD_000006,Exclusive transitional projection,Healthcare Equipment,SUP_00700,1863.49,3290.35,Inactive,2024-11-07
PROD_000007,Operative directional knowledge user,Electronics,SUP_00876,2595.46,5060.52,Active,2024-03-28
PROD_000008,Adaptive well-modulated workforce,Electronics,SUP_00647,894.09,1106.72,Discontinued,2021-11-17
PROD_000009,Optimized global focus group,Healthcare Equipment,SUP_00014,4051.57,6325.43,Active,2021-11-08
PROD_000010,Virtual global benchmark,Healthcare Equipment,SUP_00092,2228.75,2930.25,Active,2021-07-06
PROD_000011,Cross-platform heuristic hardware,Electronics,SUP_00206,1985.75,2772.14,Inactive,2024-04-26
PROD_000012,Balanced upward-trending knowledgebase,Automotive Parts,SUP_00390,1079.31,2068.38,Active,2023-12-12
PROD_000013,Multi-tiered attitude-oriented neural-net,Software,,2276.28,3832.01,Discontinued,2022-08-12
PROD_000014,Self-enabling regional hierarchy,Automotive Parts,SUP_00727,2628.13,6432.56,Inactive,2024-03-04
PROD_000015,Triple-buffered asymmetric analyzer,Consumer Products,,2721.48,5285.42,Discontinued,2024-08-19
PROD_000016,Visionary explicit artificial intelligence,Healthcare Equipment,SUP_00380,1416.2,2195.07,Active,2025-09-12
PROD_000017,Cross-platform homogeneous focus group,Industrial Equipment,SUP_00839,2145.84,3611.64,Active,2023-06-29
PROD_000018,Multi-lateral cohesive hub,Electronics,SUP_00499,3548.94,7574.0,Inactive,2022-12-14
PROD_000019,Synchronized encompassing standardization,Consumer Products,SUP_00490,1824.41,2383.45,Inactive,2026-02-22
PROD_000020,Stand-alone asynchronous portal,Healthcare Equipment,SUP_00930,522.28,862.08,Active,2024-06-27
PROD_000021,Public-key upward-trending encryption,Consumer Products,SUP_00099,2976.92,4527.52,Active,2021-11-24
PROD_000022,Multi-tiered encompassing productivity,Electronics,SUP_00613,4859.97,11158.65,Active,2024-10-12
PROD_000023,Face-to-face systemic Graphic Interface,Automotive Parts,SUP_00871,250.15,527.67,Active,2025-08-18
PROD_000024,Vision-oriented analyzing emulation,Unknown Category,SUP_00461,1048.51,2473.73,Active,2025-07-07
PROD_000025,Intuitive impactful flexibility,Consumer Products,SUP_00096,3492.8,4673.71,Active,2021-05-13
PROD_000026,Re-contextualized transitional functionalities,Electronics,SUP_00541,1182.55,1482.83,Active,2022-03-03
PROD_000027,Proactive hybrid project,Automotive Parts,SUP_00796,4652.0,10424.96,Active,2023-07-10
PROD_000028,Fundamental client-driven encryption,Automotive Parts,SUP_00796,4028.18,5646.98,Inactive,2025-02-03
PROD_000029,Public-key empowering synergy,Electronics,SUP_00640,4046.83,9549.4,Active,2024-03-18
PROD_000030,Reduced impactful hierarchy,Industrial Equipment,SUP_00385,1178.28,2034.41,Inactive,2022-03-16
PROD_000031,Devolved multimedia methodology,Industrial Equipment,SUP_00259,84.41,155.27,Active,2021-07-02
PROD_000032,Business-focused bifurcated collaboration,Consumer Products,SUP_00225,643.33,1033.05,Discontinued,2024-06-12
PROD_000033,Synergized interactive policy,Automotive Parts,SUP_00672,2618.01,5495.4,Active,2021-05-08
PROD_000034,Multi-tiered radical Local Area Network,Industrial Equipment,SUP_00442,4814.11,7172.57,Active,2023-11-28
PROD_000035,Reactive 24/7 software,Industrial Equipment,SUP_00613,1459.96,1751.66,Active,2024-12-16
PROD_000036,Synergized national system engine,Software,,304.82,465.21,Discontinued,2022-06-20
PROD_000037,Stand-alone global budgetary management,,SUP_00638,767.23,1389.27,Discontinued,2022-08-12
PROD_000038,Diverse logistical ability,Healthcare Equipment,SUP_00439,3820.02,5618.53,Active,2026-03-29
PROD_000039,Up-sized empowering middleware,Consumer Products,SUP_00884,4917.94,8303.51,Inactive,2025-03-09
PROD_000040,Profit-focused bi-directional product,Industrial Equipment,SUP_00201,1637.86,2295.95,Active,2022-08-22
PROD_000041,Sharable motivating portal,,SUP_00764,3403.94,3990.76,Active,2022-02-04
PROD_000042,Multi-layered well-modulated complexity,Electronics,SUP_00148,3243.61,4493.68,Active,2023-12-18
PROD_000043,Vision-oriented multi-tasking ability,Software,SUP_00872,730.73,1176.8,Active,2024-04-16
PROD_000044,Pre-emptive 3rdgeneration budgetary management,Automotive Parts,SUP_00298,1326.81,2707.99,Inactive,2026-02-07
PROD_000045,Integrated disintermediate approach,Industrial Equipment,SUP_00572,1341.1,3345.97,Discontinued,2022-04-29
PROD_000046,Re-contextualized attitude-oriented artificial intelligence,Consumer Products,SUP_00037,4419.05,6207.68,Active,2025-01-08
PROD_000047,Cloned well-modulated monitoring,Electronics,SUP_00816,4240.97,9779.84,Active,2025-03-17
PROD_000048,De-engineered stable leverage,Industrial Equipment,SUP_00920,4262.1,10284.9,Inactive,2026-03-15
PROD_000049,Down-sized empowering moderator,Healthcare Equipment,SUP_00254,95.53,122.95,Active,2025-10-17
PROD_000050,Optimized didactic moratorium,Consumer Products,SUP_00914,-100.0,1599.61,Active,2025-02-24
PROD_000051,Team-oriented dedicated structure,Consumer Products,,920.83,1081.42,Active,2022-09-18
PROD_000052,Synchronized solution-oriented hub,Healthcare Equipment,SUP_00504,3265.68,7499.48,Active,2023-05-29
PROD_000053,Programmable local capability,Industrial Equipment,SUP_00688,513.69,845.75,Active,2022-05-13
PROD_000054,Cloned global adapter,Automotive Parts,SUP_00670,4866.4,8178.87,Inactive,2024-03-26
PROD_000055,Focused optimizing definition,Electronics,SUP_00027,3984.32,7285.57,Active,2021-01-15
PROD_000056,Triple-buffered responsive approach,Industrial Equipment,SUP_00453,1189.42,2169.4,Active,2022-04-05
PROD_000057,Automated full-range archive,Industrial Equipment,SUP_00512,926.7,2242.26,Discontinued,2023-10-29
PROD_000058,Grass-roots static matrix,Consumer Products,SUP_00518,1882.29,2203.91,Discontinued,2022-03-06
PROD_000059,De-engineered uniform orchestration,Industrial Equipment,SUP_00302,4834.94,11849.89,Inactive,2024-03-01
PROD_000060,Fully-configurable zero tolerance leverage,Consumer Products,,995.01,1504.89,Active,2025-06-08
PROD_000061,Ergonomic bandwidth-monitored attitude,,SUP_00793,2003.72,4587.89,Discontinued,2024-08-14
PROD_000062,Multi-channeled interactive installation,,SUP_00792,1084.15,2229.06,Active,2023-07-26
PROD_000063,Upgradable actuating service-desk,Electronics,SUP_00490,4393.0,9445.12,Active,2024-08-03
PROD_000064,Stand-alone bandwidth-monitored approach,Electronics,SUP_00246,1829.48,2829.01,Inactive,2023-03-19
PROD_000065,Mandatory bi-directional encryption,Electronics,SUP_00818,4342.01,10346.47,Active,2022-01-20
PROD_000066,Public-key local challenge,Industrial Equipment,SUP_00036,4001.56,8112.97,Active,2023-04-27
PROD_000067,Grass-roots maximized encryption,Automotive Parts,SUP_00972,4438.75,5270.05,Active,2025-10-21
PROD_000068,Compatible leadingedge workforce,Automotive Parts,SUP_00051,2354.71,4432.91,Active,2025-09-24
PROD_000069,Reactive bandwidth-monitored application,Software,SUP_00570,200.98,241.26,Inactive,2024-08-01
PROD_000070,Quality-focused 24/7 array,Automotive Parts,SUP_00444,1666.92,3779.95,Active,2026-02-02
PROD_000071,Front-line composite installation,Healthcare Equipment,SUP_00005,2313.46,5290.26,Active,2023-09-02
PROD_000072,Extended impactful approach,Automotive Parts,SUP_00047,3512.59,4695.55,Active,2021-11-27
PROD_000073,Adaptive human-resource firmware,Software,SUP_00636,3587.25,4324.22,Active,2026-02-02
PROD_000074,Persevering executive interface,Electronics,SUP_00604,3733.01,5557.19,Active,2024-10-29
PROD_000075,Upgradable zero tolerance open architecture,,SUP_00791,2170.16,4512.79,Active,2024-08-20
PROD_000076,Pre-emptive coherent core,Software,SUP_00513,2239.64,3300.59,Active,2022-08-19
PROD_000077,Centralized optimal support,Industrial Equipment,SUP_00488,4676.34,9407.23,Active,2023-12-24
PROD_000078,User-friendly foreground approach,Consumer Products,SUP_00790,3663.69,4449.25,Active,2021-04-11
PROD_000079,Polarized motivating moderator,Electronics,SUP_00997,644.82,1039.15,Active,2021-11-12
PROD_000080,Profound attitude-oriented contingency,Industrial Equipment,SUP_00094,4284.53,8997.25,Active,2021-05-18
PROD_000081,Cloned systematic encoding,Software,SUP_00474,2483.5,4443.45,Active,2023-03-21
PROD_000082,Re-contextualized dynamic paradigm,Automotive Parts,SUP_00357,-100.0,4007.57,Active,2024-04-07
PROD_000083,Secured attitude-oriented instruction set,Software,SUP_00180,1904.33,3798.97,Active,2024-08-11
PROD_000084,Re-contextualized multi-state functionalities,Industrial Equipment,SUP_00325,3435.62,6807.33,Discontinued,2026-02-19
PROD_000085,Expanded static structure,Software,SUP_00497,4342.63,8724.97,Inactive,2022-09-23
PROD_000086,Fundamental hybrid capacity,Healthcare Equipment,SUP_00690,2888.17,3822.42,Inactive,2024-09-09
PROD_000087,Innovative logistical functionalities,Electronics,SUP_00613,3148.4,7107.75,Active,2026-02-07
PROD_000088,Compatible 24/7 knowledgebase,Electronics,SUP_00556,1406.11,2024.37,Active,2024-05-31
PROD_000089,Re-contextualized bandwidth-monitored archive,Consumer Products,SUP_00499,3110.36,4990.1,Active,2023-12-15
PROD_000090,Profit-focused empowering capacity,Consumer Products,SUP_00922,3423.99,5512.09,Active,2026-02-16
PROD_000091,Cloned dynamic hub,Healthcare Equipment,SUP_00826,3498.85,6994.46,Inactive,2022-07-26
PROD_000092,Organic needs-based strategy,Healthcare Equipment,SUP_00729,4027.23,6164.67,Active,2022-08-30
PROD_000093,Streamlined multi-tasking access,Industrial Equipment,SUP_00920,4043.83,10057.74,Active,2024-09-01
PROD_000094,Reactive exuding protocol,Software,SUP_00999,2923.69,6784.74,Active,2021-07-27
PROD_000095,Devolved empowering budgetary management,Healthcare Equipment,SUP_00369,3415.23,7338.91,Active,2025-11-20
PROD_000096,User-friendly neutral collaboration,Automotive Parts,SUP_00273,2694.92,4905.72,Active,2022-07-01
PROD_000097,Robust demand-driven structure,Consumer Products,SUP_00699,544.93,666.02,Discontinued,2022-11-19
PROD_000098,Synergized scalable firmware,Electronics,SUP_00076,1806.78,4411.58,Active,2023-10-11
PROD_000099,Function-based actuating array,Healthcare Equipment,SUP_00851,2490.48,3144.07,Active,2024-06-26
PROD_000100,Grass-roots 6thgeneration ability,Healthcare Equipment,SUP_00025,2790.83,4010.93,Discontinued,2022-11-01
PROD_000101,De-engineered scalable firmware,Industrial Equipment,SUP_00039,501.47,911.41,Active,2021-11-21
PROD_000102,Organic neutral strategy,Software,SUP_00133,3698.33,6978.7,Active,2023-05-08
PROD_000103,Advanced bifurcated archive,Healthcare Equipment,SUP_00009,3819.48,7580.12,Active,2026-03-11
PROD_000104,Team-oriented coherent moratorium,Automotive Parts,SUP_00653,1151.75,1941.25,Inactive,2021-03-14
PROD_000105,Multi-layered optimal neural-net,Software,SUP_00517,2590.96,3795.39,Active,2021-10-25
PROD_000106,De-engineered 6thgeneration function,Consumer Products,SUP_00833,4407.78,6477.34,Discontinued,2023-01-02
PROD_000107,Balanced heuristic database,Consumer Products,SUP_00132,1783.58,3756.3,Active,2024-09-30
PROD_000108,Synchronized bi-directional help-desk,Healthcare Equipment,SUP_00182,3540.17,5259.91,Active,2025-04-14
PROD_000109,Open-source regional synergy,Automotive Parts,SUP_00451,1305.73,2215.85,Active,2021-11-07
PROD_000110,Front-line cohesive website,Healthcare Equipment,SUP_00476,3847.61,8698.55,Active,2025-06-15
PROD_000111,Open-source 4thgeneration conglomeration,Electronics,SUP_00973,1225.66,2071.73,Active,2025-01-17
PROD_000112,Managed zero tolerance installation,Industrial Equipment,SUP_00824,2665.43,4635.33,Inactive,2025-05-29
PROD_000113,User-centric dynamic flexibility,Consumer Products,SUP_00672,2802.22,4443.27,Active,2021-11-16
PROD_000114,Total bi-directional implementation,Consumer Products,SUP_00203,4599.62,6860.5,Active,2025-10-16
PROD_000115,Phased directional customer loyalty,Industrial Equipment,SUP_00402,872.77,1259.14,Active,2025-06-27
PROD_000116,Persevering grid-enabled function,Industrial Equipment,SUP_00373,3499.78,5839.99,Active,2025-07-04
PROD_000117,Focused directional algorithm,,SUP_00012,4795.58,5889.53,Active,2024-08-17
PROD_000118,Open-architected full-range focus group,Healthcare Equipment,SUP_00373,1423.04,1997.9,Active,2025-09-30
PROD_000119,Visionary even-keeled hardware,Software,SUP_00316,2939.1,3688.4,Discontinued,2024-07-10
PROD_000120,Open-architected systematic monitoring,Electronics,SUP_00502,209.96,320.75,Active,2022-10-27
PROD_000121,Assimilated bifurcated firmware,Consumer Products,SUP_00732,1391.24,1850.07,Active,2021-12-25
PROD_000122,Fundamental 5thgeneration benchmark,Automotive Parts,SUP_00594,2112.36,4086.51,Discontinued,2024-04-11
PROD_000123,Monitored upward-trending toolset,Software,SUP_00824,4389.47,83164.79999999999,Active,2022-09-22
PROD_000124,Robust multimedia budgetary management,Industrial Equipment,,4062.24,10085.82,Active,2023-02-12
PROD_000125,Re-engineered content-based extranet,Consumer Products,SUP_00282,1935.41,4759.92,Inactive,2021-03-31
PROD_000126,Optional 24hour model,Consumer Products,SUP_00929,2370.03,4052.77,Active,2026-01-31
PROD_000127,Public-key systemic success,Automotive Parts,,4073.86,10183.1,Discontinued,2026-03-02
PROD_000128,User-centric static customer loyalty,Consumer Products,SUP_00023,3856.49,9353.66,Inactive,2023-01-01
PROD_000129,Cloned static groupware,Industrial Equipment,SUP_00085,2280.19,3019.8,Discontinued,2024-06-04
PROD_000130,Switchable bottom-line success,Consumer Products,SUP_00772,1181.78,2430.68,Active,2025-12-11
PROD_000131,Profit-focused fault-tolerant secured line,Healthcare Equipment,SUP_00095,612.11,1258.88,Active,2023-03-31
PROD_000132,Open-architected tangible frame,Automotive Parts,SUP_00771,2624.81,6038.23,Active,2024-01-18
PROD_000133,Ergonomic intangible secured line,Consumer Products,SUP_00990,4389.44,7438.79,Active,2026-03-02
PROD_000134,Synergistic value-added conglomeration,Consumer Products,SUP_00853,3214.84,7190.99,Discontinued,2024-05-19
PROD_000135,Innovative impactful neural-net,Healthcare Equipment,SUP_00738,1785.41,3475.1,Active,2025-07-31
PROD_000136,Innovative executive database,Electronics,SUP_00435,4525.59,7332.11,Active,2023-05-13
PROD_000137,Reduced real-time projection,Healthcare Equipment,SUP_00542,3129.33,7241.87,Discontinued,2022-10-09
PROD_000138,Organic leadingedge service-desk,Healthcare Equipment,SUP_00138,4636.61,8412.47,Active,2022-03-05
PROD_000139,Phased user-facing concept,Consumer Products,SUP_00546,3122.99,5056.15,Active,2024-08-14
PROD_000140,Horizontal multimedia protocol,Electronics,SUP_00752,1740.74,3264.42,Active,2024-06-23
PROD_000141,Managed background system engine,Electronics,SUP_00374,3503.45,4880.62,Active,2022-04-17
PROD_000142,Integrated directional workforce,Industrial Equipment,SUP_00195,4377.87,8079.66,Discontinued,2022-02-04
PROD_000143,Assimilated 6thgeneration encryption,Consumer Products,SUP_00634,1158.05,2616.52,Active,2026-05-28
PROD_000144,Seamless zero administration archive,Software,SUP_00829,207.43,392.2,Active,2023-07-03
PROD_000145,Self-enabling object-oriented core,Healthcare Equipment,SUP_00346,4476.38,5925.88,Active,2024-12-12
PROD_000146,Networked modular initiative,Electronics,SUP_00073,506.84,912.08,Active,2022-05-05
PROD_000147,Streamlined system-worthy ability,Automotive Parts,SUP_00107,4608.32,5679.55,Active,2025-11-26
PROD_000148,Visionary bi-directional time-frame,Industrial Equipment,,3753.89,5252.08,Active,2023-05-03
PROD_000149,Enhanced tangible model,Automotive Parts,SUP_00526,3110.36,5125.98,Active,2023-07-21
PROD_000150,Realigned dynamic capability,Consumer Products,SUP_00666,231.58,345.24,Active,2023-07-05
PROD_000151,Persistent static moderator,Automotive Parts,SUP_00363,2683.96,3474.88,Active,2026-06-05
PROD_000152,Right-sized foreground system engine,Electronics,SUP_00883,1250.23,1892.2,Active,2025-11-24
PROD_000153,Seamless uniform middleware,Software,SUP_00039,1644.29,2360.3,Active,2023-05-07
PROD_000154,Reactive local complexity,Healthcare Equipment,SUP_00537,4458.11,8699.33,Active,2025-01-31
PROD_000155,Phased local firmware,Electronics,SUP_00233,2517.29,3190.27,Active,2025-02-17
PROD_000156,Sharable even-keeled throughput,Software,SUP_00623,3739.93,6480.33,Active,2025-04-10
PROD_000157,Pre-emptive responsive encoding,Industrial Equipment,SUP_00613,1847.26,3735.14,Active,2022-07-05
PROD_000158,Compatible transitional forecast,Electronics,SUP_00877,1685.22,4062.2,Active,2022-04-16
PROD_000159,Managed foreground moratorium,,SUP_00710,1858.52,3361.21,Inactive,2021-06-11
PROD_000160,Distributed discrete info-mediaries,Automotive Parts,SUP_00830,4039.03,4948.35,Inactive,2024-10-24
PROD_000161,Triple-buffered didactic architecture,Electronics,SUP_00243,140.3,293.35,Discontinued,2023-04-13
PROD_000162,Managed needs-based Local Area Network,Automotive Parts,SUP_00322,2901.19,6929.45,Active,2023-04-15
PROD_000163,Expanded intangible info-mediaries,Automotive Parts,SUP_00881,-100.0,5270.58,Inactive,2025-12-21
PROD_000164,Reduced tangible adapter,Software,SUP_00847,2698.43,4839.46,Inactive,2025-09-15
PROD_000165,Virtual object-oriented implementation,Consumer Products,SUP_00326,4841.57,10214.68,Active,2023-08-15
PROD_000166,Multi-channeled exuding system engine,Healthcare Equipment,SUP_00113,2672.71,5625.41,Inactive,2023-02-22
PROD_000167,Operative national synergy,Automotive Parts,SUP_00805,2555.21,6153.51,Active,2025-01-13
PROD_000168,Robust directional matrix,Electronics,SUP_00673,1877.69,3310.86,Active,2022-03-17
PROD_000169,Optional mobile algorithm,Software,SUP_00172,1048.57,2174.91,Active,2023-02-20
PROD_000170,Synchronized systematic website,Consumer Products,SUP_00329,3813.13,7451.28,Active,2023-03-23
PROD_000171,Down-sized maximized capacity,Electronics,SUP_00606,578.16,1328.89,Active,2026-05-22
PROD_000172,Public-key 4thgeneration infrastructure,Software,SUP_00334,4668.04,11612.94,Active,2024-04-02
PROD_000173,Switchable 4thgeneration artificial intelligence,Electronics,SUP_00547,4635.92,9847.41,Active,2024-07-13
PROD_000174,Devolved maximized contingency,Consumer Products,SUP_00840,4148.31,8973.53,Inactive,2021-04-11
PROD_000175,Multi-tiered fresh-thinking data-warehouse,Electronics,SUP_00725,972.7,1428.1,Active,2023-07-02
PROD_000176,Mandatory well-modulated implementation,Automotive Parts,SUP_00132,1615.17,3140.24,Active,2022-07-13
PROD_000177,Operative eco-centric artificial intelligence,Automotive Parts,SUP_00800,2340.26,3643.46,Active,2023-08-02
PROD_000178,User-friendly needs-based application,Industrial Equipment,SUP_00665,1809.04,3036.48,Active,2026-06-29
PROD_000179,Monitored directional projection,Consumer Products,SUP_00616,1183.68,2228.69,Active,2021-05-18
PROD_000180,Streamlined 6thgeneration system engine,Electronics,SUP_00391,3666.22,7649.64,Active,2021-03-04
PROD_000181,Fully-configurable dedicated adapter,,SUP_00289,2690.63,6341.16,Inactive,2024-05-31
PROD_000182,Front-line clear-thinking leverage,Automotive Parts,SUP_00441,1593.02,2366.37,Active,2024-09-04
PROD_000183,Re-contextualized didactic Local Area Network,Automotive Parts,SUP_00196,2870.95,6256.72,Inactive,2024-11-04
PROD_000184,Visionary holistic concept,Industrial Equipment,SUP_00118,4115.22,5347.12,Inactive,2024-04-30
PROD_000185,User-friendly transitional budgetary management,Healthcare Equipment,SUP_00696,2536.33,4765.29,Active,2025-04-10
PROD_000186,Diverse fault-tolerant benchmark,Healthcare Equipment,SUP_00844,3870.82,4515.21,Active,2024-03-06
PROD_000187,Integrated object-oriented service-desk,Healthcare Equipment,SUP_00292,3595.09,7041.67,Inactive,2025-12-27
PROD_000188,Multi-tiered hybrid structure,Automotive Parts,SUP_00842,1745.5,2543.06,Active,2022-02-02
PROD_000189,Reverse-engineered system-worthy product,Software,SUP_00302,3094.0,7366.82,Active,2022-05-03
PROD_000190,Total zero administration framework,Software,SUP_00985,1317.28,2806.11,Active,2025-09-02
PROD_000191,Right-sized bottom-line utilization,Healthcare Equipment,SUP_00356,4597.82,10191.59,Active,2026-05-28
PROD_000192,Balanced grid-enabled monitoring,Software,,1903.46,2366.08,Active,2023-05-10
PROD_000193,Multi-layered asymmetric middleware,Automotive Parts,SUP_00296,4210.18,10017.81,Active,2024-07-22
PROD_000194,Advanced intangible matrix,Consumer Products,SUP_00405,869.33,1218.39,Inactive,2021-07-31
PROD_000195,Multi-lateral scalable knowledgebase,Industrial Equipment,SUP_00831,1591.65,2319.01,Active,2024-11-19
PROD_000196,Optional context-sensitive superstructure,Industrial Equipment,SUP_00309,1709.23,3818.17,Active,2023-11-13
PROD_000197,Streamlined encompassing pricing structure,Industrial Equipment,SUP_00803,2020.94,3790.24,Discontinued,2025-06-10
PROD_000198,Public-key zero-defect matrices,Software,SUP_00903,1767.42,3792.22,Active,2023-07-22
PROD_000199,Upgradable optimizing flexibility,Electronics,SUP_00955,2289.58,3068.4,Active,2022-10-09
PROD_000200,Fully-configurable background focus group,Healthcare Equipment,SUP_00710,217.7,341.9,Inactive,2025-11-04
PROD_000201,Fully-configurable web-enabled Local Area Network,Electronics,SUP_00662,1139.48,1637.57,Active,2024-02-18
PROD_000202,Synchronized homogeneous Graphical User Interface,Industrial Equipment,SUP_00084,2322.0,4417.29,Inactive,2021-02-27
PROD_000203,Inverse contextually-based matrix,Consumer Products,SUP_00360,2535.87,4954.51,Active,2022-03-02
PROD_000204,Fundamental global focus group,Electronics,,4008.92,6501.16,Active,2025-11-01
PROD_000205,Total even-keeled open architecture,Industrial Equipment,SUP_00429,1919.74,4375.78,Active,2021-01-21
PROD_000206,Ergonomic attitude-oriented encoding,Industrial Equipment,SUP_00590,3584.59,6675.67,Active,2024-12-15
PROD_000207,Pre-emptive next generation task-force,Industrial Equipment,SUP_00114,2510.21,5480.37,Active,2022-04-28
PROD_000208,Phased secondary structure,Consumer Products,SUP_00055,4733.27,7828.68,Active,2023-09-12
PROD_000209,Ameliorated background frame,Automotive Parts,SUP_00162,2073.23,2455.27,Active,2022-03-21
PROD_000210,Team-oriented dynamic function,,SUP_00391,3311.67,3929.56,Active,2024-08-24
PROD_000211,Multi-layered methodical neural-net,Electronics,SUP_00767,147.57,190.45,Inactive,2023-12-02
PROD_000212,Optimized value-added neural-net,Electronics,SUP_00051,3281.09,4828.28,Active,2022-10-26
PROD_000213,Total logistical flexibility,Automotive Parts,SUP_00288,4285.7,9731.95,Active,2022-09-08
PROD_000214,Focused bottom-line success,Consumer Products,SUP_00182,1064.67,1645.71,Inactive,2022-01-22
PROD_000215,Decentralized value-added monitoring,Software,SUP_00775,3692.73,8474.72,Active,2026-03-23
PROD_000216,Team-oriented contextually-based core,Electronics,SUP_00548,3232.48,6789.27,Discontinued,2022-03-11
PROD_000217,Polarized even-keeled success,Consumer Products,SUP_00916,1712.54,3877.01,Active,2024-03-28
PROD_000218,Virtual multi-tasking policy,Healthcare Equipment,SUP_00532,3139.54,5345.71,Active,2022-07-22
PROD_000219,Cross-platform content-based frame,Software,SUP_00053,1507.61,3664.11,Inactive,2022-04-02
PROD_000220,Enhanced exuding access,Industrial Equipment,SUP_00714,2850.59,7070.16,Active,2024-11-21
PROD_000221,De-engineered even-keeled analyzer,Industrial Equipment,SUP_00882,161.22,243.88,Active,2026-05-09
PROD_000222,Reactive explicit standardization,,,-100.0,1775.08,Inactive,2026-03-09
PROD_000223,Sharable web-enabled matrix,Healthcare Equipment,SUP_00666,2652.17,3664.68,Active,2021-07-25
PROD_000224,Advanced object-oriented forecast,Electronics,SUP_00838,4575.78,5989.53,Active,2023-07-31
PROD_000225,Organic global contingency,Automotive Parts,SUP_00034,2793.18,5668.53,Inactive,2026-04-21
PROD_000226,Function-based mission-critical budgetary management,Consumer Products,SUP_00874,743.09,1119.07,Active,2025-07-08
PROD_000227,Open-architected mobile archive,Electronics,SUP_00168,1291.12,2588.29,Active,2024-03-03
PROD_000228,Synergized actuating collaboration,Software,SUP_00685,4198.63,7120.52,Inactive,2021-10-27
PROD_000229,Re-contextualized exuding artificial intelligence,Automotive Parts,,1801.66,4403.52,Active,2026-06-17
PROD_000230,Decentralized next generation task-force,,SUP_00292,3866.38,4802.57,Inactive,2023-04-15
PROD_000231,Right-sized regional definition,Electronics,SUP_00512,4581.79,9732.04,Active,2025-04-06
PROD_000232,Multi-tiered local intranet,Automotive Parts,SUP_00098,2013.41,4908.73,Active,2022-08-20
PROD_000233,Reverse-engineered interactive function,Industrial Equipment,SUP_00762,204.36,307.37,Active,2024-02-15
PROD_000234,Centralized reciprocal support,Electronics,SUP_00849,2507.01,4903.05,Active,2021-07-19
PROD_000235,Virtual demand-driven product,Software,SUP_00450,577.66,722.9,Active,2022-02-28
PROD_000236,Switchable attitude-oriented complexity,Industrial Equipment,SUP_00061,3457.59,6005.89,Active,2022-04-27
PROD_000237,Reactive asynchronous complexity,Electronics,SUP_00498,4007.11,8366.21,Active,2021-01-06
PROD_000238,Organized system-worthy policy,Software,SUP_00524,1836.82,2339.44,Discontinued,2023-08-01
PROD_000239,Automated discrete forecast,Consumer Products,SUP_00017,4753.67,8328.94,Active,2024-11-19
PROD_000240,Total logistical archive,Automotive Parts,SUP_00592,4371.08,9347.57,Inactive,2024-10-10
PROD_000241,Fundamental zero tolerance utilization,Consumer Products,SUP_00374,3204.3,7926.73,Discontinued,2024-06-07
PROD_000242,Switchable dedicated interface,Healthcare Equipment,SUP_00655,3481.22,4245.89,Active,2021-08-19
PROD_000243,Face-to-face secondary collaboration,Software,SUP_00016,4629.98,6453.16,Active,2025-12-28
PROD_000244,Digitized asynchronous approach,Software,SUP_00391,218.03,456.01,Active,2021-11-29
PROD_000245,Integrated radical synergy,Software,SUP_00827,-100.0,8457.07,Inactive,2025-07-12
PROD_000246,Horizontal leadingedge capability,Electronics,SUP_00402,2636.05,5325.18,Active,2023-07-30
PROD_000247,Innovative tangible initiative,Electronics,SUP_00620,646.81,811.03,Active,2026-03-07
PROD_000248,Profit-focused needs-based methodology,Software,SUP_00183,2052.2,3945.92,Inactive,2023-05-29
PROD_000249,Right-sized 6thgeneration Internet solution,Healthcare Equipment,SUP_00349,3325.19,7136.21,Active,2025-01-13
PROD_000250,Robust eco-centric algorithm,Consumer Products,SUP_00426,4389.49,7521.98,Active,2021-07-03
PROD_000251,Synergistic object-oriented parallelism,Software,SUP_00414,51.18,71.67,Active,2026-03-23
PROD_000252,Virtual systematic flexibility,,SUP_00891,4989.77,8100.7,Inactive,2024-03-01
PROD_000253,Virtual web-enabled conglomeration,Consumer Products,SUP_00318,2425.38,4843.8,Inactive,2023-08-02
PROD_000254,Streamlined leadingedge focus group,Industrial Equipment,SUP_00266,503.91,808.32,Active,2021-12-31
PROD_000255,Reduced intermediate productivity,Industrial Equipment,SUP_00990,66.56,118.53,Active,2025-06-22
PROD_000256,Cross-group methodical hardware,Software,SUP_00324,3591.99,6987.49,Active,2023-03-31
PROD_000257,Inverse static benchmark,Consumer Products,SUP_00975,2167.48,3617.18,Active,2025-09-17
PROD_000258,Managed incremental solution,Healthcare Equipment,SUP_00187,4752.31,10510.05,Active,2023-09-21
PROD_000259,Switchable impactful task-force,Automotive Parts,SUP_00807,4401.64,10675.69,Active,2024-01-09
PROD_000260,Persevering background functionalities,Consumer Products,SUP_00226,876.82,2181.6,Active,2022-05-22
PROD_000261,Customizable zero administration initiative,Healthcare Equipment,SUP_00861,3265.75,6434.98,Active,2025-10-02
PROD_000262,Adaptive stable moratorium,,SUP_00107,923.81,1337.36,Active,2023-07-16
PROD_000263,Business-focused content-based model,Electronics,SUP_00888,1783.12,2189.83,Discontinued,2022-12-27
PROD_000264,Versatile modular product,Industrial Equipment,SUP_00521,4642.37,11574.01,Active,2023-06-06
PROD_000265,Business-focused demand-driven flexibility,Software,SUP_00419,3803.28,7947.44,Active,2024-01-07
PROD_000266,Horizontal leadingedge standardization,Electronics,SUP_00998,3133.54,6767.28,Active,2023-08-31
PROD_000267,Assimilated responsive portal,Healthcare Equipment,SUP_00910,4307.63,7613.88,Active,2025-05-23
PROD_000268,Triple-buffered cohesive function,Electronics,,2409.55,2915.34,Inactive,2024-01-10
PROD_000269,Reactive incremental array,Software,SUP_00521,1678.8,4041.96,Active,2022-03-27
PROD_000270,Customizable maximized capability,Software,SUP_00984,1300.61,1504.62,Active,2024-07-23
PROD_000271,Distributed modular structure,Software,SUP_00914,451.18,652.97,Active,2022-08-09
PROD_000272,Triple-buffered encompassing instruction set,Consumer Products,SUP_00973,4263.47,7752.9,Active,2025-08-02
PROD_000273,Phased dynamic knowledgebase,Consumer Products,SUP_00115,4132.17,6692.22,Active,2024-01-11
PROD_000274,Networked content-based policy,Electronics,SUP_00973,1371.79,3204.71,Inactive,2023-10-17
PROD_000275,Devolved asymmetric focus group,Healthcare Equipment,SUP_00353,828.84,1132.64,Active,2025-03-30
PROD_000276,Operative global toolset,,SUP_00345,4653.95,6016.98,Active,2023-10-16
PROD_000277,Adaptive executive success,Healthcare Equipment,SUP_00007,4414.1,10804.73,Active,2022-08-22
PROD_000278,Reverse-engineered optimal protocol,Software,SUP_00394,4108.74,5993.19,Discontinued,2023-09-10
PROD_000279,Distributed local monitoring,Software,SUP_00356,2803.1,6086.81,Active,2023-08-30
PROD_000280,Managed neutral task-force,Software,SUP_00224,466.29,741.72,Active,2023-12-27
PROD_000281,Persevering fresh-thinking core,Software,SUP_00700,94.91,214.04,Active,2026-05-22
PROD_000282,Front-line object-oriented info-mediaries,Electronics,SUP_00414,141.22,244.81,Inactive,2022-04-14
PROD_000283,Vision-oriented incremental analyzer,Healthcare Equipment,SUP_00572,938.51,2034.21,Inactive,2022-10-01
PROD_000284,Phased tertiary workforce,Healthcare Equipment,SUP_00864,3865.73,9389.29,Active,2023-02-04
PROD_000285,Switchable solution-oriented collaboration,Healthcare Equipment,SUP_00918,3557.43,6365.4,Active,2023-09-21
PROD_000286,Automated clear-thinking middleware,,SUP_00210,4364.11,10754.08,Discontinued,2026-04-21
PROD_000287,Managed bandwidth-monitored intranet,Healthcare Equipment,SUP_00763,693.93,1508.36,Active,2021-07-20
PROD_000288,Persevering 24/7 success,Electronics,SUP_00033,1651.87,2989.34,Inactive,2021-10-17
PROD_000289,Streamlined coherent archive,Software,SUP_00983,2257.22,3429.61,Discontinued,2023-07-31
PROD_000290,Fundamental global process improvement,,SUP_00099,2284.37,3131.62,Inactive,2024-10-21
PROD_000291,Streamlined attitude-oriented groupware,Consumer Products,SUP_00075,1142.81,1441.33,Active,2025-09-06
PROD_000292,Public-key homogeneous functionalities,Automotive Parts,SUP_00459,1402.63,3413.53,Active,2024-06-11
PROD_000293,Virtual mobile moratorium,Healthcare Equipment,SUP_00989,4720.9,8104.05,Active,2021-03-14
PROD_000294,Cloned disintermediate product,Automotive Parts,SUP_00659,1407.37,3487.98,Active,2024-10-04
PROD_000295,Horizontal discrete synergy,Healthcare Equipment,SUP_00934,1188.28,1708.38,Active,2021-07-01
PROD_000296,Cross-platform well-modulated productivity,Industrial Equipment,SUP_00792,1874.21,4342.33,Active,2024-11-13
PROD_000297,Cross-platform leadingedge concept,Healthcare Equipment,SUP_00430,1058.32,1347.32,Active,2024-10-24
PROD_000298,Assimilated 6thgeneration Graphic Interface,Electronics,SUP_00686,2675.25,3141.05,Inactive,2025-05-17
PROD_000299,Implemented heuristic hub,Healthcare Equipment,SUP_00693,4563.59,11208.82,Active,2023-05-14
PROD_000300,Fully-configurable multi-tasking installation,Industrial Equipment,SUP_00734,630.68,831.87,Active,2024-02-10
PROD_000301,Enterprise-wide composite conglomeration,Healthcare Equipment,SUP_00521,1042.6,1890.91,Active,2021-06-08
PROD_000302,Multi-tiered regional software,Automotive Parts,SUP_00501,1381.52,3076.24,Active,2022-04-29
PROD_000303,Reduced client-server emulation,Consumer Products,SUP_00721,107.52,134.16,Active,2023-07-15
PROD_000304,Function-based logistical extranet,Automotive Parts,SUP_00495,3020.1,4662.26,Active,2024-08-30
PROD_000305,Persistent executive service-desk,Industrial Equipment,SUP_00102,4543.7,9668.02,Active,2024-01-02
PROD_000306,Compatible leadingedge hardware,,SUP_00401,558.82,1073.34,Active,2026-06-05
PROD_000307,Innovative scalable interface,Automotive Parts,SUP_00086,1091.23,1764.65,Inactive,2024-10-16
PROD_000308,Persevering exuding customer loyalty,Software,SUP_00865,2612.67,3314.48,Active,2026-06-28
PROD_000309,Polarized bi-directional encoding,Industrial Equipment,SUP_00589,438.96,740.02,Active,2023-02-05
PROD_000310,Multi-channeled object-oriented frame,,SUP_00686,3481.31,7864.09,Active,2026-06-15
PROD_000311,Implemented 3rdgeneration protocol,Healthcare Equipment,SUP_00305,4760.17,6272.46,Inactive,2023-03-05
PROD_000312,Advanced non-volatile software,Industrial Equipment,SUP_00774,3102.19,6134.5,Active,2025-04-11
PROD_000313,Business-focused real-time synergy,Healthcare Equipment,SUP_00264,4739.38,9451.09,Inactive,2023-09-24
PROD_000314,Horizontal zero-defect website,Electronics,SUP_00383,446.57,1053.01,Active,2022-04-07
PROD_000315,Multi-channeled directional productivity,Software,SUP_00022,2288.98,4621.06,Active,2022-01-17
PROD_000316,Function-based systematic system engine,Unknown Category,SUP_00014,454.07,559.18,Active,2024-12-17
PROD_000317,Switchable systemic challenge,Consumer Products,SUP_00537,4365.33,6312.0,Discontinued,2024-06-14
PROD_000318,Self-enabling secondary analyzer,Healthcare Equipment,SUP_00685,951.48,2108.57,Active,2022-09-12
PROD_000319,Organic 5thgeneration paradigm,Electronics,SUP_00812,2799.05,5936.57,Active,2023-01-02
PROD_000320,De-engineered background frame,Industrial Equipment,SUP_00059,3269.11,4640.12,Active,2022-10-18
PROD_000321,Operative context-sensitive customer loyalty,Consumer Products,SUP_00950,201.73,302.17,Active,2021-09-23
PROD_000322,Quality-focused high-level moderator,Automotive Parts,SUP_00725,3649.49,7856.09,Active,2023-10-04
PROD_000323,Future-proofed composite extranet,Healthcare Equipment,SUP_00732,1886.64,4685.14,Active,2026-01-08
PROD_000324,Polarized explicit synergy,Industrial Equipment,,2914.44,5077.34,Active,2025-10-13
PROD_000325,Customizable maximized archive,,SUP_00578,3008.73,6680.86,Active,2021-10-10
PROD_000326,Face-to-face systematic success,Electronics,,1455.08,2378.84,Active,2024-09-14
PROD_000327,Object-based next generation hierarchy,Software,SUP_00552,4188.19,6149.6,Inactive,2021-07-01
PROD_000328,Object-based 24/7 firmware,Healthcare Equipment,SUP_00752,3029.18,6070.26,Active,2023-12-13
PROD_000329,Persevering holistic service-desk,Software,SUP_00375,2094.5,2604.15,Active,2025-02-11
PROD_000330,Fundamental optimal implementation,,SUP_00828,2054.85,4007.86,Active,2025-07-08
PROD_000331,Multi-layered bi-directional service-desk,Healthcare Equipment,SUP_00130,521.54,1058.92,Active,2022-04-15
PROD_000332,Assimilated regional open architecture,Healthcare Equipment,SUP_00066,4297.03,4993.97,Active,2022-10-20
PROD_000333,Seamless directional project,Healthcare Equipment,SUP_00952,2013.47,2959.78,Active,2021-05-07
PROD_000334,Persistent tangible framework,Software,SUP_00707,2238.02,3573.45,Active,2024-07-26
PROD_000335,Customizable client-driven analyzer,Healthcare Equipment,SUP_00862,771.5,1355.32,Active,2026-03-14
PROD_000336,Innovative modular budgetary management,Healthcare Equipment,SUP_00513,1300.01,2125.5,Active,2021-07-14
PROD_000337,Public-key client-driven info-mediaries,Electronics,SUP_00933,1815.82,3396.02,Inactive,2023-06-30
PROD_000338,Synchronized value-added standardization,Healthcare Equipment,SUP_00824,2947.5,6844.58,Active,2026-03-13
PROD_000339,Operative optimizing synergy,Consumer Products,SUP_00916,1385.26,1699.81,Active,2024-12-28
PROD_000340,Operative solution-oriented attitude,Healthcare Equipment,SUP_00282,244.75,321.81,Active,2025-07-31
PROD_000341,Seamless incremental focus group,Consumer Products,SUP_00059,1614.97,2963.09,Active,2021-03-07
PROD_000342,Multi-layered didactic intranet,,SUP_00276,4933.82,12102.22,Active,2023-06-12
PROD_000343,Front-line high-level attitude,Software,SUP_00217,3213.64,7461.07,Active,2026-05-22
PROD_000344,Multi-layered needs-based project,Electronics,SUP_00178,1746.13,3262.7,Active,2022-12-21
PROD_000345,Object-based even-keeled core,Automotive Parts,SUP_00813,760.53,1839.54,Active,2026-04-27
PROD_000346,Persevering background protocol,Software,SUP_00341,514.81,1059.49,Active,2022-03-02
PROD_000347,Sharable radical adapter,Consumer Products,,926.89,1932.61,Inactive,2021-04-12
PROD_000348,Managed dynamic capacity,Software,SUP_00427,3432.08,6250.46,Active,2025-04-28
PROD_000349,Expanded asymmetric task-force,Industrial Equipment,SUP_00588,609.89,1356.36,Discontinued,2024-01-17
PROD_000350,Reverse-engineered didactic emulation,Industrial Equipment,SUP_00147,4707.33,10667.9,Active,2022-10-22
PROD_000351,Digitized zero tolerance policy,Industrial Equipment,,1775.44,2423.54,Active,2021-01-06
PROD_000352,Digitized clear-thinking moratorium,Industrial Equipment,SUP_00161,2064.19,4800.31,Inactive,2022-05-18
PROD_000353,Enhanced bifurcated protocol,Consumer Products,SUP_00159,3705.32,8655.61,Active,2025-10-05
PROD_000354,De-engineered 24/7 help-desk,Automotive Parts,SUP_00644,3354.59,7516.27,Inactive,2025-05-04
PROD_000355,Front-line optimizing Graphic Interface,Industrial Equipment,SUP_00279,2206.14,4972.81,Active,2021-02-01
PROD_000356,Fundamental actuating capacity,Automotive Parts,SUP_00455,78.51,124.69,Active,2025-01-27
PROD_000357,Progressive bifurcated synergy,Consumer Products,SUP_00915,1973.36,3464.7,Active,2021-05-08
PROD_000358,Organized zero-defect hierarchy,Industrial Equipment,SUP_00291,1174.98,1467.33,Active,2023-10-27
PROD_000359,Customer-focused local middleware,Automotive Parts,SUP_00974,3116.48,5533.99,Active,2022-03-21
PROD_000360,Seamless 6thgeneration superstructure,Software,SUP_00328,2619.45,4706.88,Active,2025-04-21
PROD_000361,Switchable multi-state framework,Software,SUP_00665,1931.97,3261.96,Active,2023-07-08
PROD_000362,Assimilated analyzing matrices,Healthcare Equipment,SUP_00740,3059.13,6676.83,Inactive,2025-08-27
PROD_000363,Optimized systemic benchmark,Software,SUP_00364,4779.84,5614.47,Active,2023-09-11
PROD_000364,Organic asynchronous artificial intelligence,Consumer Products,SUP_00124,4775.57,9712.72,Active,2022-10-09
PROD_000365,Digitized asymmetric capacity,Healthcare Equipment,SUP_00789,2421.96,3421.39,Active,2022-07-06
PROD_000366,Sharable optimal neural-net,Healthcare Equipment,SUP_00373,1460.12,2284.86,Inactive,2024-11-29
PROD_000367,Multi-tiered radical moderator,Electronics,SUP_00648,1590.97,3140.5,Active,2022-08-15
PROD_000368,Profit-focused real-time Internet solution,Industrial Equipment,SUP_00589,2097.07,2756.7,Active,2021-07-18
PROD_000369,Total bifurcated projection,Healthcare Equipment,SUP_00586,4008.92,5609.24,Active,2024-07-29
PROD_000370,Visionary neutral success,Industrial Equipment,SUP_00938,966.88,2309.84,Active,2025-10-03
PROD_000371,Optional local emulation,Automotive Parts,SUP_00775,4087.96,6762.46,Active,2023-04-11
PROD_000372,Persevering impactful instruction set,Electronics,SUP_00141,3027.98,6830.84,Inactive,2025-01-03
PROD_000373,Intuitive interactive functionalities,Industrial Equipment,SUP_00026,1099.62,2171.56,Active,2024-08-27
PROD_000374,Multi-layered coherent software,Consumer Products,SUP_00682,4505.11,7330.35,Active,2026-01-26
PROD_000375,Cloned background artificial intelligence,Consumer Products,SUP_00580,1410.29,3188.0,Active,2021-07-07
PROD_000376,Cross-platform value-added support,Software,SUP_00857,522.9,1041.73,Active,2023-01-18
PROD_000377,De-engineered next generation approach,Software,SUP_00581,881.67,1890.99,Inactive,2024-03-22
PROD_000378,Realigned next generation groupware,Consumer Products,SUP_00977,933.31,1466.76,Active,2024-09-06
PROD_000379,Open-source heuristic secured line,Electronics,SUP_00650,1321.58,2647.42,Active,2026-03-03
PROD_000380,Optimized uniform application,Industrial Equipment,SUP_00770,1408.97,2755.96,Active,2026-04-27
PROD_000381,Right-sized fault-tolerant help-desk,Software,SUP_00374,2256.67,4802.41,Active,2021-07-27
PROD_000382,Profit-focused didactic collaboration,Healthcare Equipment,SUP_00302,565.34,1202.96,Active,2024-08-10
PROD_000383,Face-to-face bi-directional hardware,Consumer Products,SUP_00036,474.01,1117.32,Active,2025-08-23
PROD_000384,Multi-layered bifurcated task-force,Industrial Equipment,SUP_00891,1750.62,3471.76,Active,2022-07-13
PROD_000385,Face-to-face interactive open architecture,Healthcare Equipment,,3364.53,4186.85,Active,2026-05-09
PROD_000386,Secured reciprocal service-desk,Automotive Parts,SUP_00712,3271.84,6116.68,Active,2024-07-13
PROD_000387,Assimilated real-time protocol,Electronics,SUP_00342,3363.96,8383.28,Active,2025-07-22
PROD_000388,Future-proofed 4thgeneration contingency,Industrial Equipment,SUP_00803,3666.72,6519.53,Active,2022-07-03
PROD_000389,Virtual fault-tolerant Graphical User Interface,Healthcare Equipment,SUP_00442,4790.25,6642.44,Active,2022-12-06
PROD_000390,Enterprise-wide client-server open system,,SUP_00311,2702.35,3460.39,Active,2024-08-11
PROD_000391,Cloned client-server support,Healthcare Equipment,SUP_00657,1539.22,3809.06,Active,2024-06-24
PROD_000392,Assimilated background synergy,Automotive Parts,SUP_00237,643.15,1585.44,Active,2023-12-01
PROD_000393,Multi-tiered intangible knowledgebase,Healthcare Equipment,SUP_00872,3854.57,5700.66,Active,2022-11-15
PROD_000394,Multi-layered fault-tolerant success,Healthcare Equipment,SUP_00966,1322.38,2927.31,Inactive,2022-10-13
PROD_000395,Re-contextualized radical artificial intelligence,Unknown Category,SUP_00784,2558.85,3492.98,Active,2025-11-07
PROD_000396,Distributed cohesive system engine,Healthcare Equipment,,1175.42,1893.91,Active,2024-05-24
PROD_000397,Synergistic attitude-oriented flexibility,Software,SUP_00987,1233.32,2267.0,Inactive,2023-06-08
PROD_000398,Optimized mobile portal,Automotive Parts,SUP_00407,4714.82,10980.84,Active,2023-06-06
PROD_000399,Future-proofed didactic system engine,Automotive Parts,SUP_00939,2894.21,5542.06,Active,2023-10-25
PROD_000400,Monitored intermediate budgetary management,Healthcare Equipment,SUP_00239,2016.03,3787.39,Active,2022-07-23
PROD_000401,Synergistic optimizing matrix,Automotive Parts,SUP_00216,2685.78,5704.38,Active,2023-11-24
PROD_000402,Integrated 6thgeneration definition,Healthcare Equipment,SUP_00526,450.55,763.24,Active,2023-03-04
PROD_000403,Right-sized analyzing ability,Software,SUP_00931,1763.19,4349.92,Active,2022-02-15
PROD_000404,Extended zero administration challenge,Industrial Equipment,SUP_00962,706.0,1633.49,Discontinued,2025-03-13
PROD_000405,Implemented fresh-thinking capability,Automotive Parts,SUP_00833,3050.95,6658.68,Active,2021-01-16
PROD_000406,User-friendly intermediate conglomeration,Electronics,SUP_00483,2023.38,2726.72,Active,2021-09-17
PROD_000407,Public-key tertiary emulation,Consumer Products,SUP_00994,2555.23,3740.71,Active,2023-10-01
PROD_000408,Synchronized heuristic archive,Healthcare Equipment,,654.07,1276.94,Discontinued,2023-03-08
PROD_000409,User-centric 6thgeneration Internet solution,Healthcare Equipment,SUP_00658,1424.88,3276.45,Active,2021-02-07
PROD_000410,Compatible foreground orchestration,Electronics,SUP_00254,3032.64,4981.04,Active,2023-05-12
PROD_000411,Open-architected tertiary productivity,,SUP_00467,999.32,1434.89,Active,2023-04-18
PROD_000412,Customizable impactful adapter,Software,SUP_00253,3116.51,4835.04,Active,2026-04-23
PROD_000413,Down-sized regional knowledgebase,Industrial Equipment,SUP_00099,419.42,925.51,Active,2025-07-28
PROD_000414,Multi-lateral background Internet solution,Healthcare Equipment,SUP_00609,2571.64,6417.63,Inactive,2025-08-22
PROD_000415,Fully-configurable intermediate parallelism,Healthcare Equipment,SUP_00820,910.08,1852.22,Inactive,2023-03-15
PROD_000416,Configurable hybrid function,,SUP_00063,3970.86,6736.48,Active,2025-02-05
PROD_000417,Face-to-face full-range time-frame,Electronics,SUP_00519,2651.25,4772.8,Active,2021-12-04
PROD_000418,Profound scalable budgetary management,Consumer Products,SUP_00598,4820.92,7161.88,Active,2023-12-01
PROD_000419,Ergonomic zero-defect hardware,Consumer Products,SUP_00246,3962.17,7670.37,Active,2022-12-06
PROD_000420,Stand-alone client-server encoding,Consumer Products,SUP_00065,1651.33,3758.94,Active,2021-07-26
PROD_000421,Function-based dedicated conglomeration,Consumer Products,SUP_00338,369.85,446.61,Active,2024-04-23
PROD_000422,Virtual well-modulated projection,Industrial Equipment,SUP_00700,3248.15,5924.95,Active,2021-06-01
PROD_000423,Visionary responsive methodology,,SUP_00794,679.64,1574.92,Active,2023-07-20
PROD_000424,Re-contextualized well-modulated paradigm,Software,SUP_00744,4062.9,8040.52,Inactive,2023-06-20
PROD_000425,Re-contextualized secondary productivity,Software,SUP_00021,4783.3,6360.57,Active,2026-06-02
PROD_000426,Inverse responsive functionalities,Industrial Equipment,SUP_00425,3456.27,6016.55,Active,2021-10-30
PROD_000427,Cloned methodical intranet,Software,SUP_00242,240.21,568.67,Active,2024-06-20
PROD_000428,Grass-roots optimizing approach,Electronics,SUP_00759,3313.8,7815.3,Active,2022-12-07
PROD_000429,Compatible fault-tolerant Local Area Network,,SUP_00956,2280.57,5339.54,Active,2023-06-26
PROD_000430,Centralized holistic forecast,Healthcare Equipment,SUP_00449,2244.2,2725.74,Active,2021-06-03
PROD_000431,Cross-group reciprocal policy,Electronics,SUP_00385,406.82,506.98,Active,2023-10-15
PROD_000432,Persistent optimal neural-net,Consumer Products,SUP_00148,3700.67,6020.58,Active,2026-03-30
PROD_000433,User-centric 6thgeneration knowledge user,Electronics,SUP_00436,3884.53,7935.51,Active,2025-12-29
PROD_000434,Re-engineered solution-oriented core,Electronics,SUP_00442,537.06,1096.36,Inactive,2022-10-07
PROD_000435,Phased motivating collaboration,Software,SUP_00550,458.96,846.68,Inactive,2026-04-06
PROD_000436,Organized bi-directional workforce,Industrial Equipment,SUP_00329,1940.6,2770.55,Active,2025-12-09
PROD_000437,Mandatory transitional artificial intelligence,Automotive Parts,SUP_00836,3884.44,7843.74,Active,2023-10-10
PROD_000438,Enhanced 6thgeneration encryption,Automotive Parts,SUP_00767,4844.02,10793.76,Active,2024-11-20
PROD_000439,Organic multi-tasking model,Software,SUP_00374,2455.78,5875.21,Active,2024-05-08
PROD_000440,Multi-lateral holistic forecast,Healthcare Equipment,SUP_00226,684.07,1099.07,Discontinued,2023-02-17
PROD_000441,Vision-oriented global service-desk,Industrial Equipment,SUP_00665,1911.16,3617.11,Active,2024-04-14
PROD_000442,Self-enabling secondary groupware,Software,SUP_00790,1405.27,3377.19,Active,2021-05-13
PROD_000443,Cross-platform next generation service-desk,Electronics,SUP_00686,112.94,281.19,Active,2023-02-15
PROD_000444,Function-based uniform protocol,Automotive Parts,SUP_00631,4402.38,6598.65,Active,2026-04-19
PROD_000445,Robust coherent groupware,Consumer Products,SUP_00397,1144.26,2827.28,Active,2021-06-13
PROD_000446,Switchable client-server hardware,Automotive Parts,SUP_00647,943.94,1154.16,Active,2022-09-15
PROD_000447,Streamlined tangible protocol,Automotive Parts,SUP_00235,1383.19,2598.19,Active,2023-02-26
PROD_000448,Right-sized tertiary artificial intelligence,Software,SUP_00541,3442.23,4385.49,Discontinued,2022-09-14
PROD_000449,Multi-tiered secondary utilization,Electronics,SUP_00407,4211.48,9009.54,Active,2022-10-21
PROD_000450,De-engineered static standardization,Consumer Products,SUP_00353,2566.38,3982.23,Active,2025-07-21
PROD_000451,User-centric systemic moderator,Consumer Products,SUP_00030,4372.95,8785.23,Inactive,2021-07-07
PROD_000452,Synchronized interactive migration,Software,SUP_00186,96.19,142.65,Active,2022-12-27
PROD_000453,Multi-lateral fault-tolerant contingency,Industrial Equipment,SUP_00900,540.93,915.26,Inactive,2026-03-24
PROD_000454,Mandatory zero administration matrix,Electronics,SUP_00473,2797.67,5986.02,Active,2022-01-21
PROD_000455,Devolved coherent archive,Electronics,SUP_00066,1809.15,3994.82,Active,2022-08-17
PROD_000456,Cross-platform motivating throughput,Automotive Parts,SUP_00234,3816.9,4571.39,Active,2023-12-19
PROD_000457,User-centric multi-tasking alliance,Automotive Parts,SUP_00633,4792.46,7891.84,Active,2024-08-20
PROD_000458,Visionary regional capacity,Electronics,SUP_00735,1562.74,3646.62,Discontinued,2024-04-13
PROD_000459,Distributed cohesive contingency,Healthcare Equipment,SUP_00623,2270.62,4824.6,Inactive,2025-07-26
PROD_000460,Visionary regional workforce,Electronics,SUP_00154,1988.05,3393.68,Active,2025-12-16
PROD_000461,Up-sized leadingedge analyzer,Consumer Products,SUP_00202,3116.97,5080.4,Inactive,2023-04-05
PROD_000462,Synergistic uniform encoding,Healthcare Equipment,SUP_00273,2961.6,5328.85,Active,2026-04-29
PROD_000463,Seamless executive system engine,Consumer Products,SUP_00336,1165.92,2447.24,Active,2025-02-10
PROD_000464,Organized discrete monitoring,Software,,4034.7,6109.58,Inactive,2022-04-25
PROD_000465,Phased content-based hub,Industrial Equipment,SUP_00319,431.44,530.26,Active,2024-09-22
PROD_000466,Re-engineered leadingedge Local Area Network,Automotive Parts,SUP_00314,3553.02,7868.63,Active,2025-03-24
PROD_000467,Vision-oriented homogeneous middleware,Consumer Products,SUP_00740,655.76,1405.25,Active,2023-11-25
PROD_000468,Diverse dedicated website,Healthcare Equipment,SUP_00113,3011.22,6453.48,Discontinued,2024-04-27
PROD_000469,Function-based actuating project,Healthcare Equipment,SUP_00118,3230.7,5552.56,Active,2023-08-23
PROD_000470,Multi-layered neutral benchmark,Electronics,,2079.03,4747.95,Active,2024-11-28
PROD_000471,Programmable bottom-line forecast,Industrial Equipment,,2959.46,4140.41,Active,2021-06-18
PROD_000472,Diverse encompassing knowledge user,Software,,179.67,212.49,Inactive,2025-12-22
PROD_000473,Digitized intermediate array,Consumer Products,SUP_00710,2614.49,4061.03,Discontinued,2026-03-14
PROD_000474,Face-to-face local hardware,Software,SUP_00547,2176.8,5067.99,Inactive,2026-02-10
PROD_000475,Operative actuating infrastructure,Consumer Products,SUP_00980,4023.08,7115.03,Active,2023-10-05
PROD_000476,Front-line human-resource artificial intelligence,Automotive Parts,SUP_00602,448.98,957.55,Active,2023-01-23
PROD_000477,Assimilated foreground attitude,Industrial Equipment,SUP_00792,3661.07,7993.74,Active,2025-08-11
PROD_000478,Streamlined full-range utilization,Healthcare Equipment,SUP_00364,720.0,1558.34,Active,2021-10-20
PROD_000479,Automated executive leverage,Healthcare Equipment,SUP_00725,391.34,480.18,Active,2024-10-28
PROD_000480,Devolved well-modulated strategy,Healthcare Equipment,SUP_00903,1272.55,3020.33,Active,2023-07-31
PROD_000481,Seamless 24hour artificial intelligence,Automotive Parts,SUP_00991,2276.21,5004.38,Active,2021-02-08
PROD_000482,Extended coherent neural-net,Consumer Products,SUP_00228,216.39,267.15,Discontinued,2026-03-02
PROD_000483,Robust multi-tasking interface,Industrial Equipment,SUP_00533,2685.48,4578.69,Active,2021-08-12
PROD_000484,Horizontal disintermediate framework,Software,SUP_00672,3335.76,8174.56,Active,2021-09-02
PROD_000485,Front-line intangible productivity,Consumer Products,SUP_00426,4147.95,9181.12,Active,2025-05-12
PROD_000486,Persevering asymmetric budgetary management,Consumer Products,SUP_00314,4898.78,6592.3,Active,2025-08-06
PROD_000487,Proactive radical monitoring,Consumer Products,SUP_00984,1724.4,2701.69,Discontinued,2021-02-02
PROD_000488,Profound object-oriented encoding,,SUP_00445,614.77,832.51,Active,2024-12-12
PROD_000489,Implemented interactive ability,Software,SUP_00327,3434.58,6477.25,Discontinued,2024-05-18
PROD_000490,Front-line object-oriented instruction set,Consumer Products,SUP_00354,2049.69,3858.41,Inactive,2022-01-11
PROD_000491,Synchronized attitude-oriented moderator,Industrial Equipment,SUP_00529,3083.86,4487.94,Inactive,2026-05-10
PROD_000492,Cloned multi-tasking moratorium,Software,SUP_00853,747.75,1530.39,Active,2023-10-15
PROD_000493,Profit-focused neutral adapter,Software,SUP_00098,4316.84,7646.07,Active,2023-02-23
PROD_000494,Phased 6thgeneration productivity,Healthcare Equipment,SUP_00344,3945.5,5133.54,Active,2023-02-16
PROD_000495,Multi-layered eco-centric synergy,Electronics,SUP_00704,3980.25,7249.21,Active,2021-02-02
PROD_000496,Cloned grid-enabled encoding,Consumer Products,SUP_00532,2747.0,5971.63,Inactive,2025-01-10
PROD_000497,Self-enabling bi-directional throughput,Consumer Products,SUP_00079,4403.93,10240.37,Active,2024-03-13
PROD_000498,Versatile full-range challenge,Industrial Equipment,SUP_00680,4925.7,10798.2,Active,2021-03-30
PROD_000499,Quality-focused global project,Industrial Equipment,SUP_00760,2346.46,5578.58,Active,2021-12-18
PROD_000500,Vision-oriented systemic Local Area Network,Healthcare Equipment,SUP_00227,572.09,1165.15,Inactive,2026-05-22
PROD_000501,Polarized responsive contingency,Software,SUP_00427,3889.28,9536.68,Active,2025-06-16
PROD_000502,Cloned transitional time-frame,Software,SUP_00008,1471.33,3266.87,Active,2026-03-08
PROD_000503,Automated explicit customer loyalty,Consumer Products,SUP_00072,3999.68,6737.7,Discontinued,2021-03-29
PROD_000504,Exclusive 6thgeneration functionalities,Software,SUP_00554,2265.63,4311.62,Active,2026-02-16
PROD_000505,Profound hybrid moratorium,Electronics,,4535.41,6911.15,Discontinued,2023-08-08
PROD_000506,Automated web-enabled project,Industrial Equipment,SUP_00220,1049.98,1468.61,Inactive,2022-01-19
PROD_000507,Multi-channeled zero-defect application,Healthcare Equipment,SUP_00688,802.92,1400.64,Active,2025-10-03
PROD_000508,Managed encompassing capability,Automotive Parts,SUP_00787,4417.96,9873.54,Active,2025-05-23
PROD_000509,Optional impactful synergy,Industrial Equipment,SUP_00575,2452.53,3225.78,Active,2023-06-02
PROD_000510,Networked global contingency,Software,SUP_00260,4985.54,12327.78,Active,2023-09-23
PROD_000511,Proactive holistic website,,SUP_00837,2820.79,5252.28,Active,2023-11-08
PROD_000512,Configurable upward-trending interface,Software,SUP_00666,443.06,947.05,Active,2021-06-08
PROD_000513,Robust contextually-based moratorium,Consumer Products,SUP_00265,4104.36,7716.49,Active,2022-08-13
PROD_000514,Customer-focused attitude-oriented Graphic Interface,Healthcare Equipment,SUP_00377,2382.28,5382.07,Active,2024-08-18
PROD_000515,Integrated local portal,Consumer Products,SUP_00728,2496.35,5662.06,Active,2024-12-10
PROD_000516,Down-sized system-worthy intranet,Software,SUP_00277,609.07,772.11,Active,2022-12-07
PROD_000517,Balanced upward-trending help-desk,Electronics,SUP_00692,4531.53,9736.25,Active,2024-05-18
PROD_000518,Optional even-keeled productivity,,SUP_00953,2205.75,4255.53,Active,2026-05-20
PROD_000519,Centralized asynchronous secured line,Healthcare Equipment,SUP_00651,4226.5,6309.6,Active,2024-07-02
PROD_000520,Multi-lateral multimedia website,Consumer Products,SUP_00272,576.4,907.91,Active,2025-02-13
PROD_000521,Diverse 4thgeneration circuit,Automotive Parts,SUP_00201,3293.65,8197.41,Active,2025-08-30
PROD_000522,Synergistic zero tolerance intranet,Electronics,SUP_00516,4338.61,6251.79,Active,2021-03-11
PROD_000523,Cloned disintermediate time-frame,Consumer Products,SUP_00227,3827.62,6511.6,Inactive,2024-07-18
PROD_000524,Multi-lateral human-resource open system,Healthcare Equipment,SUP_00460,1202.18,2692.86,Active,2021-03-06
PROD_000525,Distributed systematic knowledge user,Software,SUP_00115,4540.62,9333.19,Active,2026-03-19
PROD_000526,Multi-layered leadingedge task-force,Electronics,SUP_00354,2262.92,4008.73,Inactive,2021-06-04
PROD_000527,Devolved multi-tasking hierarchy,Automotive Parts,SUP_00547,2093.17,4674.42,Active,2023-03-10
PROD_000528,Streamlined even-keeled encryption,Industrial Equipment,SUP_00281,2136.15,2534.94,Discontinued,2026-04-11
PROD_000529,Assimilated user-facing contingency,Automotive Parts,SUP_00944,3553.06,8752.07,Inactive,2023-09-29
PROD_000530,Networked next generation capability,Electronics,SUP_00713,4205.33,10409.99,Active,2022-06-10
PROD_000531,Fundamental tertiary knowledge user,Industrial Equipment,,3159.78,5905.98,Active,2022-03-07
PROD_000532,Seamless executive solution,Healthcare Equipment,SUP_00398,1131.29,1484.63,Active,2026-01-13
PROD_000533,Pre-emptive dedicated capability,Industrial Equipment,SUP_00286,278.31,533.15,Active,2021-09-30
PROD_000534,Compatible local conglomeration,Automotive Parts,SUP_00203,417.49,607.69,Active,2025-12-08
PROD_000535,Organic background workforce,Industrial Equipment,,369.23,861.88,Inactive,2024-09-29
PROD_000536,Intuitive static hardware,Consumer Products,SUP_00622,1735.01,4311.83,Active,2024-11-24
PROD_000537,Reactive needs-based frame,Consumer Products,SUP_00062,3983.16,4767.07,Active,2025-11-24
PROD_000538,Diverse transitional strategy,Automotive Parts,SUP_00562,2888.08,5889.99,Active,2026-02-04
PROD_000539,Sharable context-sensitive utilization,Consumer Products,SUP_00963,2467.45,5294.44,Active,2022-12-27
PROD_000540,Face-to-face bottom-line customer loyalty,Industrial Equipment,SUP_00324,4349.33,5381.54,Discontinued,2025-05-08
PROD_000541,Front-line modular algorithm,Consumer Products,SUP_00343,2180.62,3440.75,Active,2022-12-25
PROD_000542,Re-engineered holistic Local Area Network,Industrial Equipment,SUP_00659,4467.99,7812.56,Active,2025-06-01
PROD_000543,Reactive clear-thinking pricing structure,Electronics,SUP_00550,2978.9,6251.39,Active,2025-11-09
PROD_000544,Cloned fault-tolerant infrastructure,Healthcare Equipment,SUP_00540,1209.21,2674.91,Discontinued,2026-06-29
PROD_000545,Up-sized mission-critical moderator,Healthcare Equipment,SUP_00194,1394.27,2493.53,Discontinued,2023-04-05
PROD_000546,Open-source object-oriented archive,Automotive Parts,SUP_00262,4462.83,5149.85,Active,2021-09-09
PROD_000547,Intuitive secondary archive,Automotive Parts,SUP_00730,4541.53,6687.21,Active,2023-06-22
PROD_000548,Synergized multi-state hardware,Industrial Equipment,SUP_00093,2391.21,4759.47,Active,2021-09-15
PROD_000549,Vision-oriented neutral productivity,Consumer Products,SUP_00852,1074.61,1985.21,Active,2024-03-25
PROD_000550,Visionary clear-thinking Internet solution,Automotive Parts,SUP_00881,1134.39,1360.78,Active,2023-10-06
PROD_000551,Centralized bottom-line model,Software,SUP_00807,4022.8,7732.89,Active,2021-11-03
PROD_000552,Down-sized cohesive Graphic Interface,Electronics,SUP_00822,4662.18,7860.3,Active,2026-02-19
PROD_000553,Face-to-face grid-enabled model,Industrial Equipment,SUP_00529,613.5,991.45,Active,2025-12-01
PROD_000554,Configurable eco-centric customer loyalty,Industrial Equipment,,2493.06,5230.56,Discontinued,2024-06-27
PROD_000555,Reactive even-keeled capacity,Consumer Products,SUP_00127,1409.92,2372.44,Active,2024-06-07
PROD_000556,Seamless national array,Healthcare Equipment,SUP_00584,4542.67,9602.95,Active,2023-10-06
PROD_000557,Down-sized optimizing paradigm,Industrial Equipment,SUP_00301,3606.22,8791.77,Active,2021-11-06
PROD_000558,Switchable regional success,Industrial Equipment,SUP_00859,60.41,127.99,Inactive,2025-12-15
PROD_000559,Mandatory non-volatile analyzer,Industrial Equipment,SUP_00687,4364.41,6531.5,Active,2025-07-14
PROD_000560,Assimilated attitude-oriented analyzer,Industrial Equipment,SUP_00639,3330.19,4244.61,Active,2026-03-18
PROD_000561,Visionary object-oriented firmware,Healthcare Equipment,SUP_00113,401.49,505.17,Active,2024-07-30
PROD_000562,Visionary object-oriented instruction set,Software,SUP_00959,3248.18,6570.12,Inactive,2024-05-24
PROD_000563,Assimilated modular product,Consumer Products,SUP_00266,2535.66,3391.39,Active,2023-12-31
PROD_000564,Stand-alone exuding matrices,Healthcare Equipment,SUP_00771,3633.67,4770.11,Discontinued,2022-05-07
PROD_000565,Synergized impactful framework,Automotive Parts,SUP_00387,2693.14,3613.88,Active,2023-06-29
PROD_000566,Team-oriented analyzing complexity,Automotive Parts,SUP_00268,1510.45,2728.02,Active,2023-06-01
PROD_000567,Polarized maximized database,Software,SUP_00357,658.87,1254.6,Active,2022-11-14
PROD_000568,Digitized foreground structure,Industrial Equipment,SUP_00294,4235.74,8830.95,Active,2022-10-03
PROD_000569,Monitored impactful capacity,Electronics,SUP_00429,1413.14,2209.48,Inactive,2025-03-06
PROD_000570,Profound next generation benchmark,Healthcare Equipment,SUP_00364,4001.98,9045.56,Inactive,2022-10-03
PROD_000571,Persistent bottom-line flexibility,Industrial Equipment,SUP_00063,539.42,1268.19,Active,2023-06-21
PROD_000572,Digitized bandwidth-monitored application,Electronics,SUP_00825,185.73,312.12,Active,2022-08-06
PROD_000573,Networked reciprocal instruction set,Software,SUP_00440,869.86,1758.64,Active,2022-05-14
PROD_000574,Diverse fresh-thinking orchestration,Industrial Equipment,SUP_00193,4735.89,7618.57,Active,2024-12-17
PROD_000575,Ergonomic well-modulated complexity,Software,SUP_00988,83.22,139.05,Inactive,2023-09-27
PROD_000576,Profound maximized methodology,Electronics,SUP_00817,551.24,1264.35,Active,2025-10-30
PROD_000577,Proactive 3rdgeneration array,Healthcare Equipment,SUP_00440,4940.78,8710.11,Active,2026-03-12
PROD_000578,Profit-focused logistical encoding,Consumer Products,SUP_00434,2453.67,2912.93,Active,2022-03-08
PROD_000579,Multi-channeled actuating application,Electronics,SUP_00557,1951.82,2347.35,Active,2022-07-19
PROD_000580,Right-sized solution-oriented service-desk,Electronics,SUP_00234,2007.4,3157.3,Active,2023-08-02
PROD_000581,Public-key 24/7 benchmark,Consumer Products,,693.74,1580.27,Active,2023-05-15
PROD_000582,Fundamental upward-trending hierarchy,Healthcare Equipment,SUP_00869,2396.33,4192.55,Discontinued,2025-03-13
PROD_000583,Multi-lateral 6thgeneration initiative,Unknown Category,SUP_00369,-100.0,958.25,Active,2021-04-13
PROD_000584,Realigned content-based hierarchy,Industrial Equipment,SUP_00109,4855.17,10653.59,Discontinued,2024-01-15
PROD_000585,Compatible human-resource middleware,Industrial Equipment,SUP_00305,2684.67,3697.47,Active,2023-06-23
PROD_000586,Reactive even-keeled process improvement,Electronics,SUP_00899,1546.55,2319.98,Active,2024-09-26
PROD_000587,Decentralized clear-thinking attitude,Industrial Equipment,SUP_00341,1745.12,2643.57,Discontinued,2023-03-02
PROD_000588,Mandatory next generation hierarchy,Healthcare Equipment,SUP_00499,867.95,1681.24,Discontinued,2025-02-23
PROD_000589,Exclusive real-time migration,Consumer Products,SUP_00111,4092.95,5852.37,Inactive,2023-03-17
PROD_000590,Balanced 6thgeneration alliance,Electronics,SUP_00764,1537.42,2444.28,Inactive,2021-10-02
PROD_000591,Managed methodical model,,SUP_00165,3667.55,4950.38,Inactive,2023-07-06
PROD_000592,Robust multimedia challenge,Consumer Products,SUP_00164,4539.37,6031.47,Active,2022-10-20
PROD_000593,Seamless foreground complexity,Software,SUP_00267,1799.63,3183.42,Active,2023-02-28
PROD_000594,Seamless user-facing framework,Automotive Parts,SUP_00395,2769.15,3400.38,Active,2024-04-06
PROD_000595,Profit-focused multimedia monitoring,Industrial Equipment,SUP_00558,220.58,542.4,Discontinued,2023-09-10
PROD_000596,Re-contextualized exuding leverage,Software,SUP_00304,513.68,1114.04,Active,2025-06-25
PROD_000597,Multi-layered full-range service-desk,Software,SUP_00228,1464.63,2086.15,Inactive,2021-08-08
PROD_000598,Operative optimal function,Electronics,SUP_00715,4597.74,7535.98,Active,2025-05-18
PROD_000599,Up-sized system-worthy product,Consumer Products,SUP_00974,2307.1,4034.35,Active,2021-02-23
PROD_000600,Phased empowering projection,Healthcare Equipment,SUP_00903,4782.43,6794.11,Active,2025-04-20
PROD_000601,Vision-oriented optimal orchestration,Healthcare Equipment,SUP_00941,2223.79,5100.06,Inactive,2022-04-02
PROD_000602,Business-focused optimal matrices,Electronics,SUP_00575,4423.15,7763.65,Active,2021-12-09
PROD_000603,Self-enabling uniform process improvement,Automotive Parts,SUP_00701,4635.59,5450.56,Active,2025-04-03
PROD_000604,Multi-tiered client-server software,Consumer Products,SUP_00726,3627.4,7562.83,Active,2022-05-01
PROD_000605,Re-engineered tangible budgetary management,Automotive Parts,SUP_00277,1825.64,4082.11,Active,2022-01-18
PROD_000606,Organic foreground instruction set,Automotive Parts,SUP_00057,3977.3,9892.49,Active,2021-10-31
PROD_000607,Team-oriented demand-driven installation,,SUP_00113,494.57,570.3,Active,2023-10-04
PROD_000608,Seamless methodical support,Healthcare Equipment,,3182.89,3956.94,Active,2024-12-30
PROD_000609,Triple-buffered client-driven model,Consumer Products,SUP_00188,3309.78,7229.41,Inactive,2022-02-20
PROD_000610,Inverse stable matrices,Software,SUP_00703,488.59,883.52,Active,2023-11-21
PROD_000611,Intuitive context-sensitive knowledgebase,Healthcare Equipment,SUP_00414,171.27,267.74,Active,2026-01-04
PROD_000612,Mandatory needs-based help-desk,,SUP_00188,2906.35,6080.0,Active,2024-09-17
PROD_000613,Up-sized systemic project,Electronics,SUP_00123,4351.27,9008.7,Active,2025-06-01
PROD_000614,Fundamental reciprocal matrices,Software,SUP_00746,1249.04,2242.84,Active,2022-01-21
PROD_000615,Fully-configurable even-keeled open architecture,Software,SUP_00013,3350.93,4808.59,Inactive,2022-08-22
PROD_000616,Innovative zero administration forecast,Electronics,SUP_00904,1497.95,2030.69,Active,2024-11-15
PROD_000617,Team-oriented tertiary matrix,Automotive Parts,SUP_00733,2937.12,6717.23,Active,2022-09-28
PROD_000618,Monitored next generation utilization,Automotive Parts,SUP_00437,216.66,311.94,Active,2024-12-18
PROD_000619,Horizontal bottom-line orchestration,Industrial Equipment,SUP_00726,979.82,2078.9,Inactive,2024-09-19
PROD_000620,Multi-tiered hybrid hardware,Software,SUP_00010,4116.09,7815.58,Active,2026-03-30
PROD_000621,Digitized explicit analyzer,Software,SUP_00014,2342.7,3436.23,Active,2022-07-31
PROD_000622,Universal attitude-oriented hardware,Automotive Parts,SUP_00030,2624.84,3524.85,Inactive,2026-01-28
PROD_000623,Streamlined eco-centric synergy,Software,SUP_00012,2508.64,3847.68,Active,2023-08-20
PROD_000624,Exclusive national flexibility,,SUP_00639,318.94,689.12,Active,2026-02-15
PROD_000625,Total encompassing challenge,Industrial Equipment,SUP_00861,281.92,429.32,Active,2021-08-08
PROD_000626,User-centric optimizing encoding,Software,,68.91,102.21,Active,2022-05-02
PROD_000627,Synchronized multi-tasking definition,Consumer Products,SUP_00668,554.37,907.12,Active,2024-07-03
PROD_000628,Business-focused bandwidth-monitored installation,Electronics,SUP_00674,1601.07,3546.46,Inactive,2022-10-25
PROD_000629,Phased bandwidth-monitored software,Consumer Products,SUP_00083,4554.22,7557.18,Discontinued,2025-03-27
PROD_000630,Adaptive neutral complexity,Consumer Products,SUP_00401,3450.75,6268.8,Active,2023-03-28
PROD_000631,Phased mission-critical projection,Electronics,SUP_00729,3534.09,4085.02,Active,2022-02-05
PROD_000632,Horizontal fresh-thinking forecast,Consumer Products,SUP_00235,3348.61,8218.04,Inactive,2024-07-19
PROD_000633,Visionary background projection,Industrial Equipment,SUP_00452,3527.58,5476.11,Active,2024-02-26
PROD_000634,Public-key user-facing success,Electronics,SUP_00723,3238.54,3934.99,Active,2025-09-02
PROD_000635,Automated context-sensitive instruction set,Healthcare Equipment,SUP_00553,2406.04,3127.42,Active,2025-11-05
PROD_000636,Enhanced 5thgeneration infrastructure,Electronics,SUP_00236,64.26,148.41,Active,2025-04-30
PROD_000637,Enterprise-wide value-added frame,Consumer Products,SUP_00397,2108.2,4472.62,Active,2025-10-25
PROD_000638,Advanced exuding open system,Automotive Parts,SUP_00459,3665.96,7421.42,Inactive,2024-04-24
PROD_000639,Managed executive knowledgebase,Consumer Products,SUP_00749,1511.74,2017.28,Active,2026-06-08
PROD_000640,Quality-focused multi-tasking methodology,Software,SUP_00003,1612.36,3257.81,Active,2025-11-19
PROD_000641,Devolved motivating Local Area Network,Automotive Parts,,2916.92,3690.52,Active,2022-07-02
PROD_000642,Customizable full-range complexity,Consumer Products,SUP_00313,4125.38,9099.44,Active,2025-01-06
PROD_000643,Stand-alone eco-centric structure,Consumer Products,SUP_00586,122.73,203.95,Active,2022-01-09
PROD_000644,User-centric global utilization,Automotive Parts,SUP_00849,665.62,1137.16,Active,2022-08-15
PROD_000645,Synergistic web-enabled core,Automotive Parts,SUP_00017,4535.03,6847.95,Active,2021-12-19
PROD_000646,Sharable impactful interface,Industrial Equipment,SUP_00740,256.2,432.16,Inactive,2023-10-31
PROD_000647,Cross-group impactful secured line,,SUP_00784,3875.96,7185.06,Discontinued,2021-07-11
PROD_000648,Devolved mission-critical Graphic Interface,Electronics,SUP_00502,133.89,293.18,Inactive,2026-02-21
PROD_000649,Adaptive empowering info-mediaries,Software,SUP_00421,1364.64,1601.67,Active,2022-04-18
PROD_000650,Versatile encompassing groupware,Unknown Category,SUP_00055,2613.9,4234.33,Active,2022-08-29
PROD_000651,Up-sized object-oriented access,Electronics,SUP_00373,3249.97,8011.7,Inactive,2022-06-09
PROD_000652,Multi-lateral system-worthy encoding,Industrial Equipment,SUP_00160,4497.87,9928.23,Inactive,2021-05-05
PROD_000653,Decentralized maximized function,Consumer Products,SUP_00214,804.02,1900.92,Active,2021-11-17
PROD_000654,Synergized motivating strategy,Consumer Products,SUP_00610,3036.29,5432.2,Active,2025-03-25
PROD_000655,Team-oriented bottom-line productivity,Healthcare Equipment,SUP_00218,2931.93,7291.07,Active,2026-01-12
PROD_000656,Implemented holistic pricing structure,Healthcare Equipment,SUP_00434,3240.73,6182.49,Inactive,2022-03-20
PROD_000657,Devolved mission-critical collaboration,,SUP_00571,3641.85,7235.05,Inactive,2023-07-02
PROD_000658,Robust holistic instruction set,Industrial Equipment,SUP_00394,-100.0,2451.87,Discontinued,2024-11-09
PROD_000659,Phased web-enabled monitoring,Healthcare Equipment,SUP_00863,3386.94,5083.36,Active,2025-05-28
PROD_000660,Extended well-modulated encryption,Healthcare Equipment,,1488.0,2655.31,Inactive,2024-09-26
PROD_000661,Right-sized zero tolerance artificial intelligence,Industrial Equipment,SUP_00686,357.91,482.77,Active,2023-11-21
PROD_000662,Progressive tertiary hierarchy,Healthcare Equipment,SUP_00361,2265.98,3016.63,Discontinued,2021-06-06
PROD_000663,Re-contextualized bifurcated approach,Electronics,SUP_00738,1247.37,2277.47,Active,2025-07-21
PROD_000664,Profit-focused dedicated orchestration,Consumer Products,SUP_00390,1409.78,3157.07,Active,2023-12-13
PROD_000665,Down-sized fresh-thinking model,Software,SUP_00302,2192.44,2651.24,Active,2023-06-06
PROD_000666,Synergized demand-driven structure,Consumer Products,SUP_00520,1085.47,1321.53,Inactive,2024-03-15
PROD_000667,Cross-group multimedia knowledge user,Electronics,SUP_00333,2659.8,4465.83,Active,2025-06-11
PROD_000668,Persevering clear-thinking migration,Industrial Equipment,,3200.87,5833.97,Active,2023-04-14
PROD_000669,Re-contextualized analyzing open architecture,Electronics,SUP_00090,2636.57,3811.98,Active,2023-07-17
PROD_000670,Integrated uniform adapter,Software,SUP_00019,921.67,1326.14,Active,2023-03-06
PROD_000671,Adaptive value-added data-warehouse,Automotive Parts,SUP_00260,4155.49,8885.96,Active,2024-03-06
PROD_000672,Balanced interactive hardware,Industrial Equipment,SUP_00619,2006.27,4888.1,Discontinued,2024-11-05
PROD_000673,Quality-focused analyzing architecture,Consumer Products,SUP_00362,2410.66,5109.99,Active,2026-06-02
PROD_000674,Phased 5thgeneration forecast,Industrial Equipment,SUP_00427,3349.67,4587.86,Active,2023-04-01
PROD_000675,Visionary client-driven throughput,Automotive Parts,SUP_00093,2519.53,29386.300000000003,Active,2024-07-10
PROD_000676,Upgradable secondary instruction set,Consumer Products,SUP_00988,4634.66,6760.64,Active,2023-01-22
PROD_000677,Multi-tiered local implementation,Software,SUP_00764,930.55,1716.7,Inactive,2023-01-24
PROD_000678,Synergized stable moratorium,Automotive Parts,SUP_00613,1266.75,2145.53,Inactive,2021-09-24
PROD_000679,Monitored bottom-line conglomeration,Consumer Products,,4511.85,6125.47,Discontinued,2026-06-15
PROD_000680,Object-based multi-tasking capacity,Software,SUP_00499,2498.64,4602.93,Active,2024-12-31
PROD_000681,Face-to-face 24hour system engine,Electronics,SUP_00980,499.07,595.91,Active,2021-02-15
PROD_000682,Innovative maximized service-desk,Electronics,SUP_00858,1817.75,4023.03,Active,2024-12-13
PROD_000683,Optimized national implementation,Healthcare Equipment,SUP_00693,1824.96,3716.44,Active,2025-07-10
PROD_000684,Fully-configurable logistical hardware,Software,SUP_00154,4595.28,5916.12,Active,2021-11-08
PROD_000685,Ergonomic uniform task-force,Electronics,SUP_00041,242.7,290.91,Active,2021-08-15
PROD_000686,Switchable intangible pricing structure,Software,SUP_00749,1163.21,2015.1,Active,2025-03-17
PROD_000687,Ameliorated disintermediate database,Electronics,,2607.66,5669.96,Active,2021-05-15
PROD_000688,Right-sized 5thgeneration knowledge user,Healthcare Equipment,SUP_00199,4475.77,10865.9,Inactive,2024-04-14
PROD_000689,Triple-buffered actuating encryption,Consumer Products,,3912.81,7015.88,Active,2025-01-25
PROD_000690,Open-architected leadingedge emulation,Unknown Category,SUP_00109,2976.1,4170.36,Active,2023-12-19
PROD_000691,Versatile zero-defect approach,Automotive Parts,SUP_00924,-100.0,5251.4,Active,2021-10-09
PROD_000692,Implemented discrete superstructure,Electronics,SUP_00421,2327.01,2974.67,Inactive,2024-03-01
PROD_000693,Re-engineered radical throughput,Consumer Products,SUP_00164,3483.41,7632.21,Active,2024-09-11
PROD_000694,Inverse disintermediate framework,Electronics,SUP_00290,4385.62,8235.22,Active,2025-10-24
PROD_000695,Switchable multi-state definition,Consumer Products,SUP_00581,1989.53,3756.32,Active,2023-04-10
PROD_000696,Grass-roots analyzing open architecture,Consumer Products,SUP_00761,353.59,579.51,Active,2026-03-18
PROD_000697,User-centric context-sensitive product,Automotive Parts,SUP_00085,1554.52,2271.25,Active,2024-09-23
PROD_000698,Realigned modular application,Healthcare Equipment,SUP_00988,1584.92,3388.29,Active,2026-05-05
PROD_000699,Stand-alone static implementation,Industrial Equipment,SUP_00965,3807.39,7511.99,Inactive,2025-04-26
PROD_000700,Intuitive tangible instruction set,Consumer Products,SUP_00537,1301.43,1973.54,Active,2023-03-30
PROD_000701,Innovative homogeneous contingency,Electronics,SUP_00047,4043.13,10025.18,Inactive,2025-02-22
PROD_000702,Phased disintermediate definition,Consumer Products,SUP_00310,2973.66,6073.31,Active,2022-08-27
PROD_000703,Triple-buffered client-server workforce,Software,SUP_00202,152.32,230.49,Active,2023-07-18
PROD_000704,Centralized next generation installation,Industrial Equipment,SUP_00651,3160.75,5691.0,Active,2026-04-26
PROD_000705,Realigned multi-tasking challenge,Healthcare Equipment,SUP_00111,3586.4,7799.19,Active,2023-02-19
PROD_000706,Function-based demand-driven groupware,Industrial Equipment,,2569.01,4235.09,Discontinued,2024-07-21
PROD_000707,Organized holistic array,Software,SUP_00104,941.97,1208.19,Inactive,2023-12-11
PROD_000708,Ergonomic actuating flexibility,Software,SUP_00167,4259.83,6880.54,Active,2023-01-27
PROD_000709,Robust real-time analyzer,Industrial Equipment,SUP_00477,753.74,1083.94,Active,2025-10-19
PROD_000710,Ergonomic well-modulated parallelism,Consumer Products,SUP_00515,638.43,1393.29,Active,2024-12-23
PROD_000711,Realigned didactic matrices,Consumer Products,SUP_00183,2769.08,4350.72,Active,2022-02-24
PROD_000712,Managed exuding access,Healthcare Equipment,SUP_00544,1966.82,4668.98,Active,2022-03-01
PROD_000713,Ergonomic user-facing capability,Electronics,SUP_00884,665.7,1482.31,Active,2025-02-07
PROD_000714,Versatile mission-critical encryption,,SUP_00701,-100.0,1014.59,Active,2024-10-27
PROD_000715,Triple-buffered demand-driven infrastructure,Automotive Parts,SUP_00889,2694.74,5066.09,Active,2026-01-10
PROD_000716,Reactive fresh-thinking time-frame,Consumer Products,SUP_00283,2437.21,3192.66,Discontinued,2022-07-22
PROD_000717,Persistent national projection,Automotive Parts,SUP_00483,4764.71,6937.81,Inactive,2022-12-22
PROD_000718,Fundamental high-level migration,Industrial Equipment,,3401.9,6782.67,Active,2025-11-06
PROD_000719,Persistent bandwidth-monitored website,Automotive Parts,SUP_00883,2532.5,3154.74,Active,2026-05-23
PROD_000720,Phased well-modulated functionalities,Electronics,SUP_00626,4172.51,9902.27,Active,2026-01-09
PROD_000721,Multi-layered foreground installation,Healthcare Equipment,SUP_00993,2766.85,4256.26,Active,2021-04-02
PROD_000722,Face-to-face user-facing circuit,Electronics,SUP_00140,3125.4,5003.66,Active,2021-02-02
PROD_000723,Reactive optimal paradigm,Automotive Parts,SUP_00069,388.35,857.51,Active,2024-12-15
PROD_000724,Implemented coherent customer loyalty,Industrial Equipment,SUP_00019,-100.0,4245.77,Active,2022-10-24
PROD_000725,Multi-tiered non-volatile encryption,Healthcare Equipment,SUP_00289,3226.59,6635.47,Active,2023-09-29
PROD_000726,Streamlined systemic Graphical User Interface,Automotive Parts,SUP_00215,2120.75,4588.81,Active,2022-06-01
PROD_000727,Pre-emptive uniform project,Consumer Products,SUP_00792,1417.78,2457.33,Discontinued,2025-01-23
PROD_000728,Persevering composite superstructure,Software,SUP_00574,2617.57,3644.03,Discontinued,2025-05-14
PROD_000729,Down-sized client-driven success,Consumer Products,SUP_00412,2047.82,4394.92,Active,2024-01-02
PROD_000730,Enterprise-wide needs-based project,Industrial Equipment,SUP_00945,1765.29,2977.65,Active,2026-04-05
PROD_000731,Progressive 5thgeneration archive,Software,SUP_00098,2441.05,3692.14,Active,2026-03-12
PROD_000732,Synchronized actuating task-force,Software,SUP_00166,4844.26,9518.54,Active,2021-01-13
PROD_000733,Devolved responsive emulation,Consumer Products,SUP_00495,4759.54,7383.68,Active,2021-05-17
PROD_000734,Distributed 24/7 data-warehouse,Healthcare Equipment,SUP_00403,3137.06,6354.06,Active,2023-10-12
PROD_000735,Multi-layered analyzing process improvement,Software,SUP_00918,4826.83,7185.73,Active,2024-07-03
PROD_000736,Seamless mission-critical protocol,Industrial Equipment,SUP_00352,3069.54,4826.62,Active,2023-09-06
PROD_000737,Adaptive national neural-net,Healthcare Equipment,SUP_00258,4337.17,10531.04,Active,2023-04-06
PROD_000738,Ameliorated multi-tasking success,Software,SUP_00821,4726.44,10135.01,Inactive,2022-07-06
PROD_000739,Horizontal 3rdgeneration middleware,Electronics,SUP_00248,2958.55,6202.71,Active,2025-06-20
PROD_000740,Synergistic intermediate workforce,Healthcare Equipment,SUP_00449,126.2,244.44,Active,2026-03-01
PROD_000741,Enhanced bi-directional attitude,Healthcare Equipment,SUP_00083,4790.03,8088.91,Inactive,2023-11-18
PROD_000742,Front-line content-based process improvement,Software,SUP_00928,3378.68,8341.82,Active,2023-11-23
PROD_000743,Multi-channeled encompassing utilization,Software,SUP_00795,2196.23,2800.29,Active,2023-03-08
PROD_000744,Multi-layered impactful knowledgebase,Industrial Equipment,SUP_00924,4313.53,9719.64,Active,2024-02-08
PROD_000745,Total directional framework,Electronics,,4981.5,7269.91,Active,2024-10-04
PROD_000746,Configurable solution-oriented projection,Industrial Equipment,SUP_00170,3519.29,5016.51,Active,2025-03-04
PROD_000747,Cross-group impactful implementation,Consumer Products,SUP_00151,297.59,708.43,Active,2023-01-27
PROD_000748,Phased analyzing productivity,Industrial Equipment,,1390.49,2063.77,Active,2021-01-19
PROD_000749,Down-sized attitude-oriented methodology,Unknown Category,SUP_00946,3677.03,7240.4,Active,2025-08-23
PROD_000750,Stand-alone zero tolerance groupware,Software,SUP_00606,4759.88,10861.87,Inactive,2024-02-10
PROD_000751,Cross-platform multi-tasking analyzer,Electronics,SUP_00164,4666.92,8795.94,Active,2022-04-06
PROD_000752,Team-oriented non-volatile leverage,Software,SUP_00870,3727.26,7999.4,Active,2022-06-28
PROD_000753,Compatible systemic focus group,Electronics,SUP_00494,1887.01,4515.68,Active,2025-12-10
PROD_000754,Re-contextualized stable alliance,Industrial Equipment,,1380.82,2274.77,Inactive,2021-12-26
PROD_000755,Intuitive 3rdgeneration database,Industrial Equipment,SUP_00850,3947.57,6961.01,Active,2024-03-23
PROD_000756,Versatile transitional infrastructure,Electronics,SUP_00123,3542.03,6118.01,Active,2026-02-07
PROD_000757,Innovative cohesive open system,Healthcare Equipment,SUP_00619,4684.59,5792.07,Inactive,2022-04-28
PROD_000758,Networked systematic moratorium,Automotive Parts,SUP_00512,2247.4,2650.99,Active,2022-10-28
PROD_000759,Versatile user-facing challenge,Consumer Products,SUP_00875,2480.92,5958.18,Active,2025-05-05
PROD_000760,Team-oriented uniform artificial intelligence,Electronics,SUP_00974,106.89,181.91,Discontinued,2023-10-02
PROD_000761,Monitored actuating attitude,,SUP_00925,398.94,558.76,Active,2023-05-27
PROD_000762,Compatible global portal,Electronics,SUP_00621,4141.12,7256.78,Inactive,2025-03-23
PROD_000763,Right-sized hybrid time-frame,Industrial Equipment,SUP_00196,4626.58,8089.41,Active,2022-10-17
PROD_000764,Sharable encompassing toolset,Industrial Equipment,SUP_00277,3725.53,4669.8,Inactive,2026-06-15
PROD_000765,Pre-emptive discrete help-desk,Consumer Products,SUP_00311,1119.5,2510.58,Inactive,2024-01-15
PROD_000766,Multi-tiered intermediate contingency,Automotive Parts,SUP_00177,2552.89,6179.3,Inactive,2024-09-25
PROD_000767,Switchable homogeneous artificial intelligence,Consumer Products,,1994.02,3782.76,Active,2025-03-29
PROD_000768,Implemented dynamic structure,Automotive Parts,SUP_00425,4301.14,8876.99,Inactive,2021-05-28
PROD_000769,Future-proofed coherent implementation,Electronics,SUP_00414,2224.09,4390.88,Active,2024-11-28
PROD_000770,Sharable coherent support,Consumer Products,,937.3,1955.99,Active,2023-02-21
PROD_000771,Multi-lateral bi-directional array,Consumer Products,SUP_00401,3716.1,8602.82,Active,2021-01-11
PROD_000772,Integrated leadingedge hierarchy,Healthcare Equipment,SUP_00018,1519.09,2857.18,Active,2025-03-08
PROD_000773,Customer-focused clear-thinking array,Automotive Parts,SUP_00235,3675.45,8601.45,Active,2022-01-11
PROD_000774,Organized next generation open architecture,Healthcare Equipment,SUP_00115,1150.69,2129.87,Active,2023-10-25
PROD_000775,Customer-focused 4thgeneration array,Automotive Parts,SUP_00679,335.77,563.39,Active,2022-12-11
PROD_000776,Cross-group radical policy,Automotive Parts,SUP_00412,2880.97,7148.93,Active,2025-04-23
PROD_000777,Networked 24/7 frame,Industrial Equipment,SUP_00958,4363.77,9018.26,Active,2023-04-11
PROD_000778,Vision-oriented attitude-oriented success,Software,SUP_00449,1058.15,1684.78,Active,2025-12-13
PROD_000779,Fully-configurable object-oriented model,Industrial Equipment,SUP_00930,159.6,387.17,Active,2021-12-07
PROD_000780,Multi-tiered composite challenge,Consumer Products,SUP_00832,4668.98,8137.0,Discontinued,2022-06-24
PROD_000781,Future-proofed modular circuit,Industrial Equipment,SUP_00071,615.71,1343.78,Active,2021-05-07
PROD_000782,Optional even-keeled instruction set,Software,SUP_00817,4759.64,10462.93,Active,2022-08-25
PROD_000783,Compatible high-level extranet,Electronics,SUP_00537,3382.57,5753.62,Inactive,2026-03-10
PROD_000784,Up-sized responsive methodology,Electronics,SUP_00416,3587.47,8395.08,Active,2024-04-06
PROD_000785,Exclusive logistical benchmark,Industrial Equipment,SUP_00632,3775.56,6712.28,Inactive,2021-09-29
PROD_000786,Adaptive hybrid groupware,Industrial Equipment,SUP_00499,680.56,1044.96,Active,2025-08-16
PROD_000787,Multi-tiered full-range intranet,Consumer Products,SUP_00339,4111.96,6974.57,Active,2022-11-03
PROD_000788,Streamlined radical challenge,Electronics,SUP_00693,2078.21,4207.33,Active,2022-08-26
PROD_000789,Robust system-worthy customer loyalty,Software,SUP_00736,257.83,463.32,Active,2023-08-19
PROD_000790,Enhanced hybrid functionalities,Healthcare Equipment,SUP_00335,379.5,768.57,Active,2022-08-08
PROD_000791,Team-oriented scalable matrix,Software,SUP_00333,4028.88,6990.86,Discontinued,2026-04-26
PROD_000792,Fully-configurable fresh-thinking implementation,Electronics,SUP_00746,1639.75,2372.96,Active,2022-07-17
PROD_000793,Object-based high-level budgetary management,Electronics,SUP_00951,1879.39,3339.15,Active,2026-02-13
PROD_000794,Exclusive optimizing moratorium,Software,SUP_00479,3558.39,4132.33,Active,2021-12-27
PROD_000795,Visionary neutral algorithm,Automotive Parts,SUP_00256,2445.75,2830.16,Inactive,2026-03-27
PROD_000796,Persistent tertiary database,Consumer Products,SUP_00504,2764.67,3427.43,Inactive,2023-05-30
PROD_000797,Implemented system-worthy architecture,Software,SUP_00314,3920.7,8487.76,Inactive,2025-07-01
PROD_000798,Open-source systematic methodology,Software,SUP_00500,744.61,1530.96,Active,2021-10-07
PROD_000799,Innovative disintermediate extranet,Consumer Products,,890.91,1259.05,Inactive,2024-08-14
PROD_000800,Universal interactive utilization,Consumer Products,SUP_00442,4545.73,9883.62,Active,2023-01-27
PROD_000801,Organized radical matrices,Software,SUP_00804,4270.3,8033.39,Inactive,2024-03-13
PROD_000802,Public-key motivating solution,Healthcare Equipment,SUP_00682,2104.11,4444.41,Active,2023-04-20
PROD_000803,Automated high-level standardization,Electronics,SUP_00825,1245.43,1793.58,Active,2025-12-02
PROD_000804,Public-key radical productivity,,SUP_00650,2559.95,3593.38,Active,2026-01-09
PROD_000805,Customer-focused zero administration encryption,Software,SUP_00178,1944.85,4394.33,Active,2024-08-12
PROD_000806,Multi-channeled composite project,Industrial Equipment,SUP_00384,2769.25,5178.19,Active,2024-05-14
PROD_000807,Re-contextualized secondary service-desk,Electronics,SUP_00222,1163.96,2169.36,Inactive,2024-07-21
PROD_000808,Versatile full-range utilization,Consumer Products,SUP_00378,1428.36,2905.08,Inactive,2023-05-14
PROD_000809,Advanced bandwidth-monitored firmware,Software,SUP_00999,3895.11,8799.93,Active,2022-03-22
PROD_000810,User-friendly multi-state open architecture,Automotive Parts,SUP_00984,487.51,1020.64,Active,2024-03-10
PROD_000811,Re-engineered directional knowledge user,Healthcare Equipment,SUP_00392,204.19,306.37,Active,2023-01-21
PROD_000812,Persistent zero administration service-desk,Consumer Products,SUP_00608,1254.81,2387.16,Active,2024-03-26
PROD_000813,Profit-focused coherent hardware,Software,SUP_00688,1648.99,3895.23,Inactive,2026-06-25
PROD_000814,Polarized bi-directional frame,Consumer Products,SUP_00455,4980.98,11278.49,Inactive,2023-04-15
PROD_000815,Configurable bifurcated superstructure,Electronics,SUP_00993,2904.68,3604.11,Active,2021-10-12
PROD_000816,Integrated global knowledgebase,Healthcare Equipment,SUP_00652,1666.86,3600.5,Inactive,2025-04-23
PROD_000817,Programmable mission-critical hardware,Software,SUP_00451,4988.26,7362.77,Active,2023-08-14
PROD_000818,Organic uniform standardization,Consumer Products,SUP_00781,693.9,818.99,Active,2023-06-27
PROD_000819,Cloned exuding analyzer,Electronics,SUP_00950,2852.59,4484.99,Active,2025-06-14
PROD_000820,Customizable 3rdgeneration Graphical User Interface,Electronics,SUP_00598,121.19,264.42,Active,2024-07-23
PROD_000821,Synergistic composite support,Healthcare Equipment,SUP_00928,706.59,1300.63,Active,2022-05-05
PROD_000822,Enhanced neutral complexity,Electronics,SUP_00208,2103.33,3561.26,Active,2022-10-26
PROD_000823,Optimized maximized emulation,Healthcare Equipment,SUP_00573,3209.7,6867.33,Active,2025-05-20
PROD_000824,Self-enabling contextually-based contingency,Consumer Products,SUP_00939,2915.26,5593.81,Inactive,2024-07-08
PROD_000825,Optional hybrid algorithm,Electronics,SUP_00622,1888.86,3749.41,Active,2025-01-19
PROD_000826,Exclusive local parallelism,Consumer Products,SUP_00563,2243.14,4076.01,Inactive,2023-05-12
PROD_000827,Adaptive tertiary data-warehouse,Software,SUP_00468,4702.66,8607.77,Discontinued,2022-02-17
PROD_000828,Versatile tertiary workforce,Consumer Products,SUP_00914,1844.04,4270.64,Active,2025-05-16
PROD_000829,Re-engineered bi-directional website,Electronics,SUP_00277,3176.64,3886.39,Active,2025-10-16
PROD_000830,Enterprise-wide high-level Graphic Interface,Industrial Equipment,SUP_00182,1412.68,1922.49,Active,2022-01-31
PROD_000831,Customizable empowering secured line,Healthcare Equipment,SUP_00193,937.81,1971.22,Active,2025-09-27
PROD_000832,Progressive scalable functionalities,Industrial Equipment,SUP_00093,4746.28,5846.55,Active,2024-04-12
PROD_000833,Seamless hybrid parallelism,Industrial Equipment,SUP_00375,898.6,1583.63,Active,2021-08-18
PROD_000834,Multi-channeled logistical process improvement,Healthcare Equipment,SUP_00222,4555.55,9168.93,Discontinued,2021-12-13
PROD_000835,Synergistic tertiary website,Consumer Products,,2943.27,6697.76,Active,2022-08-20
PROD_000836,Seamless optimizing artificial intelligence,Automotive Parts,SUP_00538,3715.8,4749.26,Active,2024-09-10
PROD_000837,Intuitive bottom-line encoding,Healthcare Equipment,SUP_00008,379.31,554.39,Discontinued,2022-09-05
PROD_000838,Enterprise-wide holistic solution,Healthcare Equipment,SUP_00628,1269.12,2642.84,Active,2021-10-11
PROD_000839,Networked intangible policy,Consumer Products,,4436.16,6279.31,Active,2021-10-04
PROD_000840,Networked interactive contingency,Industrial Equipment,SUP_00931,1042.74,1503.53,Active,2023-09-04
PROD_000841,Public-key system-worthy project,Industrial Equipment,SUP_00264,4706.83,10343.17,Active,2026-02-10
PROD_000842,Enhanced next generation concept,Healthcare Equipment,SUP_00743,2205.2,3714.77,Active,2023-09-10
PROD_000843,Devolved contextually-based functionalities,Software,SUP_00350,1564.95,2965.63,Inactive,2025-08-17
PROD_000844,Secured actuating help-desk,,SUP_00570,1185.36,2113.85,Active,2026-03-25
PROD_000845,Pre-emptive client-driven core,Software,SUP_00928,879.08,1185.72,Discontinued,2025-06-24
PROD_000846,Realigned motivating projection,Automotive Parts,SUP_00808,616.44,716.15,Active,2023-09-20
PROD_000847,Synergized mobile instruction set,Electronics,SUP_00110,3171.38,4587.73,Active,2024-11-25
PROD_000848,Organic mobile concept,Software,SUP_00039,1859.7,3026.64,Active,2021-06-15
PROD_000849,Assimilated well-modulated definition,Healthcare Equipment,SUP_00101,892.07,2107.62,Inactive,2022-08-09
PROD_000850,Grass-roots directional monitoring,Automotive Parts,SUP_00383,4934.31,7482.11,Active,2022-08-03
PROD_000851,Vision-oriented logistical open system,Electronics,SUP_00988,3105.23,4224.9,Active,2025-01-29
PROD_000852,Visionary modular neural-net,Software,SUP_00424,1552.94,2439.33,Active,2023-10-22
PROD_000853,Re-engineered bifurcated flexibility,Unknown Category,SUP_00446,4383.26,7654.74,Discontinued,2025-04-04
PROD_000854,Multi-lateral needs-based system engine,Software,,3590.17,5495.08,Active,2021-03-25
PROD_000855,Up-sized leadingedge moratorium,Automotive Parts,SUP_00909,1767.96,3339.27,Discontinued,2022-03-15
PROD_000856,Optimized bi-directional support,,,1036.27,1254.61,Active,2025-07-24
PROD_000857,Versatile dynamic framework,Consumer Products,SUP_00849,3837.54,9285.18,Active,2025-10-21
PROD_000858,Automated local firmware,Consumer Products,SUP_00082,2380.79,4846.51,Active,2022-12-01
PROD_000859,Cross-group leadingedge capability,Automotive Parts,SUP_00211,3307.51,4326.11,Inactive,2025-04-05
PROD_000860,Front-line demand-driven workforce,Healthcare Equipment,SUP_00187,3824.11,5048.22,Active,2025-01-19
PROD_000861,Team-oriented grid-enabled strategy,Industrial Equipment,SUP_00229,2575.23,5521.1,Active,2024-05-09
PROD_000862,Optimized composite pricing structure,Automotive Parts,SUP_00607,2043.74,5027.23,Discontinued,2021-10-07
PROD_000863,Expanded demand-driven workforce,Consumer Products,SUP_00672,1433.11,1902.79,Inactive,2021-04-30
PROD_000864,Monitored national focus group,Consumer Products,SUP_00734,4278.59,7755.08,Active,2024-04-12
PROD_000865,Down-sized fresh-thinking strategy,Automotive Parts,SUP_00608,4639.26,11409.8,Active,2022-08-11
PROD_000866,Re-engineered encompassing migration,Industrial Equipment,SUP_00006,1904.01,4240.11,Active,2026-05-31
PROD_000867,Synergistic bandwidth-monitored challenge,Electronics,SUP_00076,2806.09,6428.51,Inactive,2026-04-16
PROD_000868,Open-source analyzing focus group,Automotive Parts,SUP_00308,3380.18,4893.42,Active,2025-10-06
PROD_000869,De-engineered tangible capacity,Software,,1285.86,1935.71,Active,2022-05-16
PROD_000870,Universal fresh-thinking encryption,Software,SUP_00626,-100.0,522.2,Active,2025-03-08
PROD_000871,Synergistic hybrid matrix,Healthcare Equipment,SUP_00481,2793.97,3965.57,Active,2021-10-13
PROD_000872,Self-enabling encompassing product,Software,SUP_00731,248.29,383.23,Active,2023-04-11
PROD_000873,Organized asynchronous productivity,Software,SUP_00111,4546.75,8101.82,Active,2025-05-13
PROD_000874,Visionary background initiative,Industrial Equipment,SUP_00701,814.74,1472.89,Active,2023-11-01
PROD_000875,Grass-roots system-worthy hub,Industrial Equipment,SUP_00286,4997.81,10938.99,Active,2023-07-02
PROD_000876,Pre-emptive fresh-thinking paradigm,Automotive Parts,SUP_00338,895.01,1066.07,Active,2021-01-05
PROD_000877,Vision-oriented upward-trending array,Industrial Equipment,,1172.37,2408.69,Active,2025-01-06
PROD_000878,Persevering scalable secured line,Healthcare Equipment,SUP_00479,660.83,1318.71,Active,2024-10-30
PROD_000879,Cloned national infrastructure,Industrial Equipment,SUP_00308,4645.5,11591.16,Inactive,2022-03-13
PROD_000880,Optimized didactic methodology,Electronics,,1116.73,1790.8,Active,2022-06-23
PROD_000881,Horizontal global neural-net,Consumer Products,SUP_00974,4579.08,6435.15,Discontinued,2024-03-05
PROD_000882,Re-contextualized mobile toolset,Healthcare Equipment,SUP_00321,3073.32,4363.46,Active,2022-11-21
PROD_000883,Synergized well-modulated application,Electronics,SUP_00863,3875.22,5696.03,Active,2021-04-03
PROD_000884,Self-enabling zero tolerance knowledgebase,Consumer Products,SUP_00424,4649.27,7777.7,Active,2021-02-02
PROD_000885,Diverse leadingedge knowledgebase,Consumer Products,SUP_00493,4142.95,7699.23,Inactive,2021-01-02
PROD_000886,Optimized dedicated solution,Electronics,SUP_00371,1758.16,2093.34,Discontinued,2025-12-30
PROD_000887,Streamlined exuding complexity,Electronics,SUP_00871,1364.21,2694.96,Active,2025-10-21
PROD_000888,Grass-roots background projection,Automotive Parts,SUP_00028,4248.14,10317.32,Inactive,2022-12-25
PROD_000889,Configurable holistic secured line,Healthcare Equipment,SUP_00726,1423.45,21781.399999999998,Discontinued,2025-12-19
PROD_000890,Down-sized actuating infrastructure,Healthcare Equipment,SUP_00570,3594.45,7560.68,Active,2024-06-08
PROD_000891,Up-sized tangible system engine,Automotive Parts,SUP_00083,-100.0,2564.36,Active,2022-04-15
PROD_000892,Streamlined background strategy,Electronics,SUP_00796,1342.19,2165.72,Inactive,2021-07-10
PROD_000893,Extended mission-critical archive,Healthcare Equipment,SUP_00968,4698.03,8274.63,Active,2021-09-24
PROD_000894,Face-to-face multi-state software,Electronics,SUP_00137,1237.95,2610.44,Active,2023-06-12
PROD_000895,Advanced tangible Graphical User Interface,Automotive Parts,SUP_00749,2261.24,4131.4,Active,2025-06-28
PROD_000896,Optimized system-worthy capacity,Automotive Parts,SUP_00630,3326.47,7198.78,Inactive,2023-08-17
PROD_000897,Focused human-resource array,Software,SUP_00211,4526.58,10200.65,Inactive,2025-01-05
PROD_000898,Customer-focused bi-directional functionalities,Industrial Equipment,SUP_00271,2338.84,5420.73,Active,2023-01-08
PROD_000899,Innovative client-driven implementation,Software,SUP_00983,4428.71,10447.37,Discontinued,2025-04-01
PROD_000900,Versatile client-driven project,Industrial Equipment,SUP_00246,993.52,1390.19,Active,2026-06-15
PROD_000901,Digitized asymmetric moderator,Industrial Equipment,SUP_00852,4163.2,5461.51,Active,2024-02-04
PROD_000902,Seamless solution-oriented concept,Industrial Equipment,SUP_00884,1475.33,2678.18,Active,2023-06-02
PROD_000903,Up-sized didactic product,Healthcare Equipment,SUP_00975,2197.53,3014.9,Active,2025-02-10
PROD_000904,Open-source reciprocal software,Consumer Products,SUP_00070,4516.94,7291.89,Active,2023-06-07
PROD_000905,Extended background attitude,Healthcare Equipment,SUP_00091,4661.2,10526.5,Active,2021-10-08
PROD_000906,Decentralized optimizing superstructure,,,2027.62,3226.29,Active,2023-02-10
PROD_000907,Optimized foreground utilization,Electronics,SUP_00573,3910.94,5018.89,Active,2021-10-08
PROD_000908,Grass-roots secondary artificial intelligence,Consumer Products,SUP_00056,506.23,982.01,Active,2022-05-13
PROD_000909,Right-sized radical success,Electronics,SUP_00752,3928.33,8228.29,Active,2024-05-03
PROD_000910,Vision-oriented system-worthy algorithm,Electronics,SUP_00988,1154.16,2687.69,Inactive,2025-08-28
PROD_000911,Switchable exuding database,Consumer Products,SUP_00893,4102.76,10165.88,Active,2023-11-05
PROD_000912,Profound content-based synergy,Software,SUP_00981,1238.35,1665.35,Active,2023-02-25
PROD_000913,Stand-alone actuating toolset,Industrial Equipment,SUP_00588,2641.75,3816.41,Discontinued,2025-12-07
PROD_000914,Front-line modular info-mediaries,Industrial Equipment,SUP_00833,732.53,1523.54,Inactive,2021-08-15
PROD_000915,Proactive scalable policy,Industrial Equipment,SUP_00022,2412.88,3917.57,Active,2021-05-23
PROD_000916,Advanced high-level functionalities,Industrial Equipment,SUP_00529,2808.69,3821.64,Inactive,2021-09-22
PROD_000917,Re-contextualized intangible hierarchy,Automotive Parts,SUP_00429,4212.5,6102.53,Active,2024-01-01
PROD_000918,Enhanced well-modulated leverage,Consumer Products,SUP_00655,4126.94,6888.79,Active,2026-03-30
PROD_000919,Visionary asynchronous adapter,Consumer Products,SUP_00675,132.94,274.78,Active,2024-03-24
PROD_000920,Advanced empowering data-warehouse,Industrial Equipment,SUP_00930,211.66,379.31,Active,2021-03-21
PROD_000921,Centralized hybrid middleware,Automotive Parts,SUP_00571,3299.23,8119.58,Active,2022-07-29
PROD_000922,Universal motivating throughput,Automotive Parts,SUP_00462,388.83,666.4,Active,2023-04-14
PROD_000923,Total impactful artificial intelligence,Electronics,SUP_00575,4695.49,9594.76,Active,2024-07-08
PROD_000924,Public-key reciprocal collaboration,Electronics,SUP_00916,2775.78,4703.09,Inactive,2022-07-11
PROD_000925,Integrated attitude-oriented migration,Consumer Products,SUP_00381,1898.62,2837.88,Active,2026-01-22
PROD_000926,Distributed national Graphic Interface,Healthcare Equipment,SUP_00141,2681.72,5030.93,Active,2023-02-23
PROD_000927,Sharable well-modulated projection,,SUP_00836,2803.82,3334.75,Discontinued,2024-09-28
PROD_000928,Cloned fault-tolerant standardization,Healthcare Equipment,SUP_00429,1139.44,2107.59,Active,2023-05-28
PROD_000929,Front-line analyzing encryption,Electronics,SUP_00758,1622.59,3987.86,Active,2021-06-22
PROD_000930,Optional bifurcated knowledgebase,Consumer Products,SUP_00962,4436.6,10698.02,Discontinued,2024-05-13
PROD_000931,Centralized fault-tolerant secured line,Software,SUP_00125,3167.61,5366.99,Inactive,2025-01-27
PROD_000932,User-centric context-sensitive capability,Software,,3403.32,5882.36,Active,2021-01-26
PROD_000933,Devolved tangible access,Electronics,SUP_00382,774.86,1762.38,Active,2021-11-25
PROD_000934,Monitored multi-state model,Software,SUP_00494,582.69,1274.33,Active,2025-04-20
PROD_000935,Up-sized empowering concept,,SUP_00146,1285.04,2427.55,Active,2023-01-16
PROD_000936,User-friendly zero-defect flexibility,Software,SUP_00212,1115.26,2614.03,Active,2025-01-10
PROD_000937,Decentralized zero administration algorithm,Software,SUP_00651,3578.59,7481.18,Active,2022-11-04
PROD_000938,Optimized encompassing moderator,Industrial Equipment,SUP_00809,1093.89,2523.83,Inactive,2021-05-09
PROD_000939,Universal object-oriented product,Electronics,SUP_00534,705.4,1175.22,Active,2021-06-04
PROD_000940,Persevering multimedia hierarchy,Consumer Products,SUP_00763,3911.94,9767.3,Active,2021-04-22
PROD_000941,Re-contextualized composite hub,Automotive Parts,SUP_00225,2183.37,3408.38,Active,2021-11-12
PROD_000942,Visionary bi-directional orchestration,Software,SUP_00083,4441.24,7624.7,Active,2024-09-14
PROD_000943,Customizable discrete support,Automotive Parts,SUP_00281,843.12,1164.15,Active,2023-10-18
PROD_000944,Balanced 24/7 encryption,Industrial Equipment,SUP_00586,4494.93,5679.67,Active,2021-04-03
PROD_000945,Multi-lateral human-resource collaboration,Industrial Equipment,SUP_00025,3325.51,6529.0,Active,2021-12-25
PROD_000946,Automated neutral website,Electronics,SUP_00459,167.35,381.09,Discontinued,2026-01-08
PROD_000947,User-centric solution-oriented instruction set,,SUP_00448,1435.47,2188.98,Active,2022-03-27
PROD_000948,Fully-configurable intangible success,Software,SUP_00054,1107.81,1902.12,Active,2022-10-04
PROD_000949,Compatible object-oriented hub,Electronics,SUP_00187,2937.1,3422.48,Inactive,2021-08-28
PROD_000950,Synergistic actuating conglomeration,Software,SUP_00076,1852.36,3546.14,Active,2022-03-24
PROD_000951,Programmable 6thgeneration initiative,Software,SUP_00827,2700.07,5168.47,Inactive,2021-05-19
PROD_000952,Persistent executive time-frame,Automotive Parts,SUP_00575,300.34,518.17,Inactive,2025-08-22
PROD_000953,Inverse background neural-net,Unknown Category,SUP_00063,1160.38,1688.59,Inactive,2023-07-06
PROD_000954,Multi-layered dedicated frame,Consumer Products,SUP_00090,522.04,917.53,Active,2024-02-05
PROD_000955,Innovative user-facing process improvement,Healthcare Equipment,SUP_00613,463.45,665.06,Inactive,2022-05-02
PROD_000956,Multi-layered optimizing methodology,Consumer Products,SUP_00180,2488.05,4346.24,Active,2026-06-25
PROD_000957,Vision-oriented dedicated superstructure,Healthcare Equipment,SUP_00431,2673.21,3656.54,Active,2025-12-12
PROD_000958,Virtual dynamic collaboration,Consumer Products,SUP_00027,4558.47,8611.0,Active,2021-01-13
PROD_000959,Open-source 4thgeneration emulation,Healthcare Equipment,SUP_00898,2071.86,4283.76,Active,2023-12-23
PROD_000960,Sharable system-worthy access,Healthcare Equipment,SUP_00030,1989.96,4161.35,Active,2026-03-23
PROD_000961,Adaptive well-modulated protocol,Automotive Parts,SUP_00886,1336.15,3134.9,Inactive,2023-01-25
PROD_000962,User-centric upward-trending function,Healthcare Equipment,SUP_00841,1188.47,2026.65,Active,2021-07-28
PROD_000963,Progressive disintermediate instruction set,Industrial Equipment,SUP_00148,3381.81,7652.61,Active,2023-09-15
PROD_000964,Centralized client-server structure,Healthcare Equipment,SUP_00855,3702.86,6060.25,Active,2022-07-16
PROD_000965,Balanced discrete model,Consumer Products,SUP_00300,452.09,1125.7,Active,2023-04-09
PROD_000966,Multi-layered logistical synergy,Healthcare Equipment,SUP_00147,886.86,1441.09,Inactive,2021-06-20
PROD_000967,Cross-platform motivating challenge,Consumer Products,SUP_00189,3207.61,7954.83,Inactive,2024-07-02
PROD_000968,Object-based asynchronous parallelism,Electronics,SUP_00884,2259.89,4486.66,Active,2024-02-14
PROD_000969,Optional stable capacity,Automotive Parts,SUP_00423,4675.44,9726.17,Inactive,2022-04-20
PROD_000970,Fundamental foreground website,Consumer Products,SUP_00004,3035.8,5637.06,Active,2023-02-28
PROD_000971,User-centric fresh-thinking functionalities,Unknown Category,SUP_00225,2486.55,3514.15,Active,2023-06-28
PROD_000972,Focused asynchronous customer loyalty,Consumer Products,SUP_00618,3967.74,7790.0,Active,2021-10-01
PROD_000973,Visionary optimal benchmark,Electronics,SUP_00410,1474.76,1881.67,Discontinued,2021-11-08
PROD_000974,Down-sized local Local Area Network,Electronics,SUP_00012,801.29,1883.78,Discontinued,2022-09-22
PROD_000975,Decentralized national help-desk,Industrial Equipment,SUP_00656,76.75,88.4,Active,2026-04-20
PROD_000976,Expanded local function,Healthcare Equipment,SUP_00793,141.01,250.5,Discontinued,2023-07-19
PROD_000977,Decentralized background complexity,Industrial Equipment,SUP_00845,3322.65,6746.7,Active,2025-06-09
PROD_000978,Innovative tertiary standardization,Automotive Parts,SUP_00720,1101.05,1447.56,Active,2024-04-25
PROD_000979,Extended fresh-thinking circuit,Electronics,SUP_00553,4984.7,6966.92,Active,2021-07-02
PROD_000980,Fully-configurable heuristic infrastructure,Healthcare Equipment,SUP_00424,675.61,802.35,Active,2023-10-28
PROD_000981,Synergistic exuding firmware,Industrial Equipment,SUP_00738,4217.98,7599.38,Inactive,2025-07-04
PROD_000982,Enhanced 4thgeneration initiative,Electronics,SUP_00636,3635.06,6597.67,Active,2025-09-11
PROD_000983,Realigned value-added neural-net,Industrial Equipment,SUP_00078,2019.53,4519.85,Active,2022-05-17
PROD_000984,Persistent bi-directional website,Healthcare Equipment,SUP_00125,172.19,282.34,Active,2025-05-12
PROD_000985,Decentralized 24/7 approach,Consumer Products,SUP_00658,681.05,1518.93,Inactive,2025-07-24
PROD_000986,Face-to-face clear-thinking customer loyalty,Automotive Parts,SUP_00454,3587.86,5546.93,Active,2025-07-11
PROD_000987,Multi-layered systemic product,Consumer Products,SUP_00356,3047.13,4770.73,Inactive,2026-02-24
PROD_000988,Configurable optimal parallelism,Healthcare Equipment,SUP_00530,2926.92,4368.16,Inactive,2022-06-04
PROD_000989,Compatible 3rdgeneration architecture,Electronics,SUP_00965,3326.08,6670.49,Active,2022-02-01
PROD_000990,Stand-alone leadingedge workforce,Automotive Parts,SUP_00710,3438.9,8145.56,Inactive,2021-09-16
PROD_000991,Managed bottom-line analyzer,Consumer Products,,675.04,1517.58,Discontinued,2026-03-06
PROD_000992,Business-focused composite orchestration,Automotive Parts,SUP_00495,2519.91,3980.59,Inactive,2023-05-19
PROD_000993,Up-sized hybrid methodology,Electronics,SUP_00206,635.18,730.48,Active,2021-03-01
PROD_000994,Synergized interactive conglomeration,Industrial Equipment,SUP_00476,1309.68,1528.94,Active,2022-12-12
PROD_000995,Enterprise-wide even-keeled focus group,Consumer Products,SUP_00251,4126.85,9753.25,Active,2023-06-14
PROD_000996,Distributed 5thgeneration pricing structure,Industrial Equipment,SUP_00607,1930.9,3803.16,Active,2024-05-27
PROD_000997,Fully-configurable secondary frame,Industrial Equipment,SUP_00072,520.08,819.2,Active,2023-09-28
PROD_000998,Reactive mission-critical approach,Electronics,SUP_00935,4937.31,8638.02,Active,2021-06-25
PROD_000999,Networked client-driven instruction set,Unknown Category,SUP_00528,4978.07,9640.85,Inactive,2022-02-05
PROD_001000,Progressive dynamic product,Software,SUP_00437,1563.43,2647.9,Active,2026-06-18
PROD_001001,Quality-focused 3rdgeneration implementation,Automotive Parts,SUP_00008,1610.44,2141.62,Active,2025-04-18
PROD_001002,Multi-channeled mission-critical moratorium,Electronics,SUP_00709,2913.54,6077.99,Active,2025-04-17
PROD_001003,Monitored non-volatile middleware,Industrial Equipment,SUP_00679,4370.65,7976.19,Active,2022-10-08
PROD_001004,Future-proofed contextually-based algorithm,Consumer Products,SUP_00171,973.87,1153.73,Active,2022-10-02
PROD_001005,Face-to-face 4thgeneration workforce,,SUP_00111,3104.67,7132.81,Active,2025-04-11
PROD_001006,Centralized methodical moderator,Healthcare Equipment,SUP_00200,4819.23,6245.05,Active,2022-12-19
PROD_001007,Reduced discrete complexity,Electronics,,2729.8,3456.32,Active,2021-07-20
PROD_001008,Switchable disintermediate flexibility,Electronics,SUP_00780,2397.11,2972.5,Active,2023-12-07
PROD_001009,User-centric analyzing task-force,Software,SUP_00411,4666.1,8661.86,Active,2026-06-22
PROD_001010,Face-to-face object-oriented website,Automotive Parts,SUP_00942,3013.05,6120.96,Active,2023-02-19
PROD_001011,Enhanced context-sensitive encoding,Electronics,SUP_00232,2746.62,3661.74,Inactive,2024-04-03
PROD_001012,User-centric tangible help-desk,Electronics,SUP_00359,2357.6,3315.76,Active,2026-01-08
PROD_001013,Assimilated tertiary standardization,Automotive Parts,SUP_00652,1825.18,4344.49,Active,2022-12-07
PROD_001014,Re-contextualized non-volatile circuit,Industrial Equipment,SUP_00269,3844.31,8064.77,Active,2024-02-04
PROD_001015,Ergonomic modular moratorium,Automotive Parts,SUP_00260,2009.89,4363.36,Active,2022-09-12
PROD_001016,Pre-emptive 5thgeneration array,Electronics,SUP_00348,4676.91,6962.45,Active,2021-04-23
PROD_001017,Robust directional adapter,Healthcare Equipment,SUP_00747,4848.14,8048.31,Active,2023-11-23
PROD_001018,Adaptive full-range pricing structure,Electronics,SUP_00865,2554.36,3495.89,Active,2022-02-09
PROD_001019,De-engineered global structure,Industrial Equipment,SUP_00963,2286.11,3723.81,Active,2021-12-22
PROD_001020,Inverse analyzing adapter,Automotive Parts,SUP_00217,2103.39,3518.59,Active,2021-10-24
PROD_001021,Triple-buffered client-server time-frame,Automotive Parts,SUP_00244,2014.89,3555.81,Active,2021-08-11
PROD_001022,Progressive high-level archive,Automotive Parts,SUP_00849,4775.1,6467.56,Active,2023-01-20
PROD_001023,Switchable hybrid parallelism,Consumer Products,SUP_00306,2037.24,3272.65,Active,2021-07-22
PROD_001024,Innovative fresh-thinking challenge,Consumer Products,SUP_00188,855.17,1831.26,Active,2026-05-12
PROD_001025,Upgradable intermediate utilization,Software,SUP_00260,2784.21,5439.12,Inactive,2024-07-06
PROD_001026,Pre-emptive solution-oriented functionalities,Electronics,SUP_00520,1760.13,3932.25,Active,2021-12-16
PROD_001027,Realigned system-worthy pricing structure,Electronics,SUP_00811,2850.96,6773.38,Active,2025-04-28
PROD_001028,Face-to-face static parallelism,Healthcare Equipment,,760.17,1029.61,Active,2025-06-22
PROD_001029,Multi-tiered fault-tolerant superstructure,Healthcare Equipment,SUP_00421,449.05,1085.99,Inactive,2024-10-13
PROD_001030,De-engineered context-sensitive superstructure,Industrial Equipment,SUP_00644,1043.82,1644.29,Inactive,2021-01-04
PROD_001031,Total object-oriented infrastructure,Healthcare Equipment,SUP_00222,1830.98,2864.41,Active,2025-09-03
PROD_001032,Visionary non-volatile alliance,Consumer Products,SUP_00257,1649.34,4096.07,Active,2022-01-01
PROD_001033,Intuitive reciprocal definition,Automotive Parts,SUP_00582,3036.5,6778.3,Active,2024-07-07
PROD_001034,Customer-focused modular circuit,Software,SUP_00607,4978.41,5795.7,Inactive,2022-10-27
PROD_001035,Compatible disintermediate hardware,Software,SUP_00229,3940.33,7818.43,Active,2026-05-25
PROD_001036,Down-sized scalable array,Automotive Parts,SUP_00405,113.89,165.83,Active,2025-07-07
PROD_001037,Synchronized scalable superstructure,Consumer Products,SUP_00271,3071.37,3632.04,Active,2025-11-14
PROD_001038,Organized 24/7 firmware,Software,SUP_00259,986.95,1747.0,Inactive,2022-02-25
PROD_001039,Team-oriented asymmetric hardware,Software,SUP_00929,4185.09,5925.24,Active,2022-05-30
PROD_001040,Customer-focused uniform ability,Electronics,SUP_00722,1359.14,2486.94,Active,2021-04-07
PROD_001041,Organic upward-trending instruction set,Software,SUP_00172,4680.12,8327.14,Active,2026-04-29
PROD_001042,Open-source modular implementation,Consumer Products,SUP_00567,1274.63,2956.5,Active,2022-12-06
PROD_001043,Multi-tiered bandwidth-monitored matrices,Healthcare Equipment,SUP_00179,3146.97,6047.44,Active,2025-05-02
PROD_001044,Re-engineered solution-oriented task-force,Consumer Products,SUP_00727,3949.32,6052.5,Inactive,2024-10-10
PROD_001045,Diverse local archive,Electronics,SUP_00807,1900.35,3789.67,Active,2025-05-23
PROD_001046,Automated explicit adapter,Electronics,SUP_00339,3724.35,5510.62,Active,2022-10-02
PROD_001047,Customer-focused asynchronous Graphical User Interface,Healthcare Equipment,SUP_00623,4281.29,10428.2,Inactive,2021-12-08
PROD_001048,Multi-tiered cohesive superstructure,Software,SUP_00340,2398.45,2781.96,Active,2021-05-31
PROD_001049,Cross-group global policy,Consumer Products,SUP_00195,4396.27,8366.67,Discontinued,2026-05-31
PROD_001050,Polarized tertiary algorithm,Industrial Equipment,SUP_00327,535.14,647.25,Active,2023-05-16
PROD_001051,Streamlined composite portal,Industrial Equipment,SUP_00997,2283.41,3644.39,Active,2025-11-20
PROD_001052,Diverse actuating attitude,,SUP_00985,4687.79,11618.42,Inactive,2022-10-27
PROD_001053,Ergonomic incremental standardization,Automotive Parts,SUP_00368,3418.76,4698.06,Active,2024-01-17
PROD_001054,Upgradable needs-based firmware,Automotive Parts,SUP_00965,4747.45,6373.22,Active,2024-08-18
PROD_001055,Innovative disintermediate attitude,Automotive Parts,SUP_00796,429.95,496.87,Active,2021-04-10
PROD_001056,Re-engineered neutral matrix,Electronics,SUP_00056,2083.4,3773.08,Active,2021-11-05
PROD_001057,Multi-lateral 24hour interface,Healthcare Equipment,SUP_00732,1710.09,2375.42,Active,2021-06-25
PROD_001058,Switchable responsive policy,,SUP_00922,3016.83,6436.97,Active,2023-08-22
PROD_001059,Cross-platform 4thgeneration database,Automotive Parts,SUP_00429,1222.77,1566.25,Active,2021-12-09
PROD_001060,Implemented attitude-oriented leverage,Software,SUP_00066,2959.1,3851.84,Active,2025-08-20
PROD_001061,Integrated zero tolerance infrastructure,Healthcare Equipment,SUP_00495,2213.41,4421.19,Active,2023-08-03
PROD_001062,Switchable empowering array,Electronics,SUP_00035,1658.37,3445.84,Discontinued,2024-07-11
PROD_001063,Networked contextually-based hub,Consumer Products,SUP_00428,2474.86,4953.35,Active,2025-11-12
PROD_001064,Multi-layered contextually-based knowledge user,Automotive Parts,SUP_00663,132.55,187.29,Inactive,2021-03-31
PROD_001065,Organic maximized firmware,Healthcare Equipment,SUP_00860,3671.23,6066.2,Active,2022-03-30
PROD_001066,Future-proofed non-volatile approach,Healthcare Equipment,SUP_00253,947.07,2312.95,Inactive,2021-10-31
PROD_001067,Total static attitude,Electronics,SUP_00168,2765.51,4683.94,Active,2021-06-21
PROD_001068,Monitored needs-based installation,Automotive Parts,SUP_00662,719.33,1483.16,Active,2026-05-02
PROD_001069,Reverse-engineered discrete neural-net,Automotive Parts,SUP_00840,835.75,2032.14,Inactive,2021-05-03
PROD_001070,Networked multi-state instruction set,Consumer Products,SUP_00921,2074.97,33789.0,Active,2026-04-22
PROD_001071,Synergized methodical orchestration,Electronics,SUP_00875,2121.03,3463.74,Active,2025-11-04
PROD_001072,Phased exuding artificial intelligence,Industrial Equipment,SUP_00917,2385.11,4525.0,Active,2023-03-03
PROD_001073,Universal 5thgeneration middleware,Software,SUP_00088,3724.24,4409.57,Active,2024-02-20
PROD_001074,Programmable object-oriented service-desk,Software,SUP_00432,-100.0,4269.21,Active,2026-05-26
PROD_001075,Digitized bottom-line system engine,Consumer Products,SUP_00825,3991.41,8550.73,Active,2023-06-20
PROD_001076,Down-sized didactic workforce,Consumer Products,SUP_00177,709.25,1065.86,Active,2022-01-22
PROD_001077,Balanced interactive artificial intelligence,Industrial Equipment,SUP_00028,2592.85,3990.52,Active,2026-06-06
PROD_001078,Optional dedicated product,Automotive Parts,SUP_00331,1463.85,3135.16,Active,2021-10-24
PROD_001079,Right-sized empowering functionalities,Automotive Parts,SUP_00834,4710.3,6525.9,Active,2026-01-02
PROD_001080,Cloned background info-mediaries,Electronics,SUP_00146,3586.35,5875.24,Active,2024-01-22
PROD_001081,Reactive fresh-thinking focus group,Electronics,SUP_00702,3228.33,4913.44,Active,2023-11-09
PROD_001082,Advanced zero tolerance standardization,Automotive Parts,SUP_00491,2961.06,4668.72,Active,2024-06-03
PROD_001083,Programmable zero tolerance instruction set,Electronics,,3761.81,8962.91,Active,2021-08-14
PROD_001084,Distributed client-server open system,Electronics,SUP_00481,1380.55,1957.85,Active,2024-03-25
PROD_001085,Virtual bandwidth-monitored benchmark,Unknown Category,SUP_00345,2797.91,5438.55,Active,2024-02-03
PROD_001086,Cross-platform zero tolerance forecast,Industrial Equipment,SUP_00048,927.77,1972.58,Inactive,2025-10-07
PROD_001087,Monitored incremental firmware,Industrial Equipment,SUP_00756,2915.94,3410.84,Active,2023-02-08
PROD_001088,Pre-emptive object-oriented portal,Healthcare Equipment,SUP_00191,4324.23,6775.56,Active,2023-08-07
PROD_001089,Enhanced even-keeled initiative,Industrial Equipment,SUP_00272,1697.27,3229.05,Active,2021-10-16
PROD_001090,Robust systemic solution,Consumer Products,SUP_00788,4048.2,9497.01,Inactive,2023-03-17
PROD_001091,Object-based full-range solution,Healthcare Equipment,SUP_00938,3692.79,5285.64,Active,2022-04-22
PROD_001092,User-friendly methodical flexibility,Electronics,,1632.73,2003.54,Active,2025-12-05
PROD_001093,Ameliorated global utilization,Electronics,SUP_00611,4520.96,5349.35,Active,2022-08-31
PROD_001094,Grass-roots mobile standardization,Consumer Products,SUP_00268,1815.03,4321.28,Active,2024-10-05
PROD_001095,Focused client-driven framework,Software,SUP_00758,2082.88,2984.94,Discontinued,2026-05-09
PROD_001096,Organic zero-defect Graphic Interface,Consumer Products,SUP_00151,1960.4,3244.13,Inactive,2022-06-25
PROD_001097,Operative real-time project,Industrial Equipment,SUP_00799,4829.91,8120.53,Active,2021-06-29
PROD_001098,Organic didactic installation,Software,SUP_00665,3660.08,7050.53,Active,2025-01-26
PROD_001099,Virtual multi-state hub,Automotive Parts,SUP_00707,1595.34,2755.28,Active,2025-07-05
PROD_001100,Profound cohesive architecture,Consumer Products,SUP_00979,2021.49,2343.31,Active,2022-09-17
PROD_001101,Profit-focused impactful challenge,Automotive Parts,,4069.78,9214.13,Inactive,2025-04-15
PROD_001102,Progressive non-volatile algorithm,Healthcare Equipment,SUP_00951,3837.71,5155.07,Active,2021-12-15
PROD_001103,Exclusive analyzing encryption,Healthcare Equipment,SUP_00519,176.57,390.88,Discontinued,2021-03-08
PROD_001104,Business-focused high-level strategy,Automotive Parts,SUP_00232,4071.33,5134.96,Active,2022-02-04
PROD_001105,Multi-layered maximized middleware,Electronics,SUP_00554,2752.32,6606.61,Inactive,2023-03-08
PROD_001106,Decentralized systemic algorithm,Software,SUP_00546,1404.81,3344.79,Active,2022-05-01
PROD_001107,Pre-emptive radical knowledge user,Automotive Parts,SUP_00285,1674.39,2047.1,Active,2021-12-23
PROD_001108,Phased optimizing neural-net,Electronics,SUP_00538,1255.68,1962.83,Active,2022-12-03
PROD_001109,Diverse empowering synergy,Electronics,SUP_00166,75.44,132.12,Active,2025-07-25
PROD_001110,Cross-group executive algorithm,Automotive Parts,SUP_00184,1216.33,2948.17,Inactive,2023-02-15
PROD_001111,Diverse object-oriented time-frame,Automotive Parts,SUP_00059,-100.0,9992.12,Active,2026-04-20
PROD_001112,Face-to-face secondary definition,Automotive Parts,SUP_00708,3143.65,6324.31,Active,2024-09-21
PROD_001113,Future-proofed solution-oriented installation,Electronics,SUP_00001,2403.6,5519.34,Active,2023-10-27
PROD_001114,Vision-oriented zero administration software,Industrial Equipment,SUP_00123,4190.39,7924.14,Active,2021-01-18
PROD_001115,De-engineered secondary conglomeration,Healthcare Equipment,SUP_00165,2580.01,5071.84,Active,2024-04-20
PROD_001116,Advanced directional extranet,Consumer Products,SUP_00560,4156.34,8760.21,Active,2024-05-05
PROD_001117,Integrated transitional strategy,Healthcare Equipment,SUP_00270,3371.51,7049.77,Active,2024-07-13
PROD_001118,Optimized homogeneous hardware,Industrial Equipment,SUP_00892,3640.59,4740.04,Active,2023-07-10
PROD_001119,Extended maximized framework,Automotive Parts,SUP_00498,283.62,694.28,Active,2024-09-20
PROD_001120,Secured hybrid paradigm,,SUP_00247,1389.27,2064.27,Discontinued,2021-07-25
PROD_001121,Profound stable hub,Industrial Equipment,SUP_00866,3888.75,6535.88,Active,2024-02-01
PROD_001122,Right-sized real-time forecast,Automotive Parts,SUP_00884,2744.07,6770.45,Active,2022-08-22
PROD_001123,Customer-focused mission-critical architecture,Healthcare Equipment,SUP_00334,1753.25,3248.31,Active,2022-11-06
PROD_001124,Grass-roots scalable Graphic Interface,Consumer Products,SUP_00927,653.35,1118.15,Active,2025-09-25
PROD_001125,Fundamental solution-oriented structure,Electronics,SUP_00310,2396.33,4215.65,Inactive,2026-03-26
PROD_001126,Streamlined exuding core,Automotive Parts,SUP_00093,2366.5,4033.6,Inactive,2021-10-28
PROD_001127,Virtual disintermediate approach,Consumer Products,SUP_00784,4273.55,8800.47,Active,2025-06-04
PROD_001128,Right-sized impactful protocol,Software,SUP_00503,3772.97,6951.25,Active,2022-10-04
PROD_001129,Devolved uniform algorithm,Automotive Parts,SUP_00593,4978.89,8651.34,Discontinued,2024-08-07
PROD_001130,Implemented empowering instruction set,Electronics,SUP_00617,2875.27,5164.71,Inactive,2023-03-23
PROD_001131,User-centric 5thgeneration paradigm,Software,SUP_00265,2791.43,5143.27,Active,2024-11-21
PROD_001132,Re-engineered content-based Graphical User Interface,Software,SUP_00439,3776.6,8079.51,Inactive,2024-12-28
PROD_001133,Face-to-face systemic monitoring,Industrial Equipment,SUP_00895,2181.15,2859.14,Active,2024-07-04
PROD_001134,Phased static help-desk,Software,SUP_00283,1905.38,3789.41,Active,2023-10-15
PROD_001135,Down-sized stable open architecture,Industrial Equipment,,226.17,563.69,Active,2021-12-30
PROD_001136,Cross-platform methodical capacity,Software,SUP_00874,1408.81,2808.18,Active,2025-01-26
PROD_001137,Up-sized next generation task-force,Automotive Parts,SUP_00973,3708.5,7701.79,Inactive,2026-01-05
PROD_001138,Synergized full-range projection,Industrial Equipment,SUP_00079,3877.26,7974.14,Active,2021-06-29
PROD_001139,Multi-channeled directional synergy,Software,SUP_00826,236.6,530.19,Active,2025-10-15
PROD_001140,Operative zero tolerance groupware,Automotive Parts,,3923.38,9207.3,Active,2023-01-16
PROD_001141,Reduced explicit Local Area Network,Software,SUP_00363,1372.02,2568.14,Inactive,2025-09-04
PROD_001142,Phased actuating productivity,Healthcare Equipment,SUP_00298,1212.03,2733.7,Active,2024-03-16
PROD_001143,Secured asynchronous leverage,Electronics,SUP_00934,4959.85,12074.19,Active,2025-11-20
PROD_001144,Profit-focused bottom-line software,Electronics,SUP_00982,2799.97,4321.3,Active,2023-02-05
PROD_001145,Innovative incremental application,Automotive Parts,SUP_00989,4385.73,10403.63,Active,2025-10-13
PROD_001146,Distributed client-driven customer loyalty,Industrial Equipment,SUP_00554,578.66,1410.25,Active,2022-11-19
PROD_001147,Re-contextualized logistical circuit,Software,SUP_00273,1607.41,3311.14,Inactive,2022-09-27
PROD_001148,Universal contextually-based time-frame,Automotive Parts,SUP_00963,3192.79,4205.52,Active,2021-06-12
PROD_001149,Managed responsive conglomeration,Electronics,SUP_00114,991.14,2238.68,Active,2022-09-21
PROD_001150,Centralized 24hour knowledge user,Consumer Products,SUP_00321,4779.47,7089.85,Inactive,2022-07-03
PROD_001151,Virtual zero-defect concept,Healthcare Equipment,SUP_00891,4277.02,4994.96,Active,2024-03-02
PROD_001152,Diverse mobile toolset,Unknown Category,,4677.24,11119.78,Inactive,2025-03-12
PROD_001153,Cross-group clear-thinking pricing structure,Healthcare Equipment,SUP_00693,1456.71,2243.49,Active,2023-05-21
PROD_001154,Optimized impactful interface,Healthcare Equipment,SUP_00206,2745.55,3749.98,Active,2026-04-21
PROD_001155,Networked 24hour alliance,Software,SUP_00434,1586.03,2901.67,Inactive,2023-12-07
PROD_001156,Upgradable holistic access,Industrial Equipment,SUP_00340,3333.64,4365.74,Active,2025-11-25
PROD_001157,Versatile multi-tasking core,Electronics,SUP_00914,1141.52,1599.32,Discontinued,2021-02-05
PROD_001158,Adaptive responsive superstructure,Consumer Products,SUP_00391,1341.55,3298.85,Active,2022-05-15
PROD_001159,Team-oriented grid-enabled function,Healthcare Equipment,SUP_00621,4271.99,5580.76,Active,2021-09-16
PROD_001160,Networked motivating parallelism,Software,SUP_00567,4154.3,7627.26,Active,2022-09-07
PROD_001161,Cloned 6thgeneration framework,Automotive Parts,SUP_00925,1745.83,3487.04,Active,2026-03-18
PROD_001162,Persevering upward-trending model,Software,SUP_00609,4693.42,11211.75,Inactive,2024-04-11
PROD_001163,Mandatory intermediate software,Software,SUP_00043,391.73,627.54,Active,2026-06-20
PROD_001164,Mandatory mobile help-desk,Automotive Parts,SUP_00103,3114.88,7050.5,Active,2025-02-13
PROD_001165,Down-sized impactful adapter,Consumer Products,SUP_00126,1247.1,2151.37,Discontinued,2022-04-04
PROD_001166,Upgradable clear-thinking data-warehouse,Software,SUP_00819,3231.84,6338.53,Active,2025-01-12
PROD_001167,Reverse-engineered motivating concept,Automotive Parts,SUP_00667,3577.69,5047.28,Active,2021-09-05
PROD_001168,Universal solution-oriented utilization,Software,SUP_00130,1922.21,3552.91,Active,2021-03-16
PROD_001169,Sharable eco-centric throughput,,SUP_00215,2091.21,2608.94,Active,2023-12-09
PROD_001170,Business-focused radical application,Electronics,SUP_00074,3640.17,5957.25,Active,2024-08-20
PROD_001171,Streamlined 3rdgeneration application,Industrial Equipment,SUP_00429,2750.18,3931.46,Active,2024-10-15
PROD_001172,Operative leadingedge implementation,Consumer Products,SUP_00825,79.93,144.13,Active,2021-09-05
PROD_001173,Function-based methodical standardization,Industrial Equipment,SUP_00836,4633.99,6340.63,Discontinued,2021-11-04
PROD_001174,Team-oriented systemic product,Unknown Category,SUP_00715,1239.09,2167.28,Active,2021-01-19
PROD_001175,Operative stable attitude,,SUP_00877,4389.24,9366.53,Active,2024-08-21
PROD_001176,Future-proofed regional portal,Consumer Products,,1046.26,2460.61,Active,2024-11-06
PROD_001177,Operative bi-directional migration,Healthcare Equipment,SUP_00338,2534.94,4910.74,Active,2024-12-12
PROD_001178,Decentralized executive budgetary management,Healthcare Equipment,SUP_00265,1604.52,2926.51,Active,2025-04-24
PROD_001179,Proactive dedicated portal,Electronics,SUP_00858,4600.08,7921.75,Active,2022-02-05
PROD_001180,Fundamental multi-state customer loyalty,Healthcare Equipment,SUP_00433,2252.02,4076.64,Active,2022-12-19
PROD_001181,Open-source explicit complexity,Software,SUP_00787,2866.33,6245.55,Inactive,2021-03-21
PROD_001182,Proactive demand-driven solution,Electronics,SUP_00875,3991.69,9078.96,Discontinued,2026-02-15
PROD_001183,Managed disintermediate ability,,SUP_00885,3026.85,4867.02,Active,2021-01-26
PROD_001184,Cross-group bifurcated orchestration,Consumer Products,SUP_00822,2005.51,2445.13,Active,2024-09-04
PROD_001185,Distributed background time-frame,Software,SUP_00200,3757.37,6131.75,Active,2023-10-24
PROD_001186,Up-sized uniform attitude,Industrial Equipment,SUP_00334,2751.2,3921.8,Active,2025-12-20
PROD_001187,Stand-alone discrete knowledgebase,Software,SUP_00121,2438.88,3515.99,Discontinued,2026-06-07
PROD_001188,Implemented empowering Local Area Network,Consumer Products,SUP_00922,4787.82,8266.61,Active,2021-04-11
PROD_001189,Enhanced 6thgeneration frame,Healthcare Equipment,SUP_00730,2648.99,5575.66,Active,2022-12-24
PROD_001190,Synergistic foreground interface,Software,SUP_00748,661.08,944.07,Active,2025-01-21
PROD_001191,Cross-platform well-modulated analyzer,Software,SUP_00746,4887.55,7219.78,Active,2021-01-20
PROD_001192,Devolved stable project,Automotive Parts,SUP_00304,2775.77,3766.01,Active,2021-12-09
PROD_001193,Multi-channeled leadingedge process improvement,Electronics,SUP_00183,3669.69,8033.53,Discontinued,2022-06-23
PROD_001194,Upgradable background hub,Electronics,SUP_00674,4686.79,8652.58,Active,2025-06-23
PROD_001195,Enterprise-wide bifurcated initiative,Healthcare Equipment,SUP_00278,585.37,1338.65,Active,2023-03-14
PROD_001196,Persevering encompassing info-mediaries,Consumer Products,SUP_00051,999.09,1898.19,Active,2024-10-15
PROD_001197,Polarized intangible projection,,SUP_00155,4264.46,5389.24,Active,2025-11-13
PROD_001198,Down-sized bifurcated capacity,,SUP_00523,1406.9,3189.95,Active,2024-10-28
PROD_001199,Centralized cohesive benchmark,Consumer Products,SUP_00293,639.58,856.87,Active,2023-04-15
PROD_001200,Reverse-engineered mission-critical website,Software,SUP_00405,3752.68,8553.55,Active,2024-02-16
PROD_001201,Organic contextually-based pricing structure,Software,SUP_00472,3706.78,5795.41,Active,2023-02-01
PROD_001202,Multi-channeled reciprocal algorithm,Software,SUP_00652,1004.71,1281.17,Active,2025-09-27
PROD_001203,Upgradable clear-thinking matrices,Software,SUP_00634,551.83,1224.54,Inactive,2026-01-21
PROD_001204,Customizable incremental intranet,Industrial Equipment,SUP_00780,333.69,462.39,Active,2021-04-03
PROD_001205,Fundamental solution-oriented functionalities,Consumer Products,SUP_00214,4496.86,8708.74,Active,2021-01-25
PROD_001206,Synergistic multi-tasking throughput,Healthcare Equipment,SUP_00081,3619.61,5060.61,Active,2025-01-31
PROD_001207,Up-sized non-volatile definition,Electronics,,172.59,256.45,Active,2026-05-16
PROD_001208,Synchronized global model,Software,SUP_00651,725.03,1546.36,Inactive,2023-11-16
PROD_001209,Total regional attitude,Healthcare Equipment,SUP_00477,1958.49,3591.92,Inactive,2023-05-19
PROD_001210,Upgradable dynamic matrices,Software,SUP_00981,4035.33,5386.12,Active,2022-11-25
PROD_001211,Synergistic secondary info-mediaries,Healthcare Equipment,SUP_00216,1969.78,3030.78,Active,2021-10-26
PROD_001212,Realigned reciprocal application,Automotive Parts,SUP_00246,4319.32,6809.82,Inactive,2021-01-24
PROD_001213,Diverse motivating leverage,Automotive Parts,SUP_00378,295.82,589.2,Active,2025-09-05
PROD_001214,Down-sized asynchronous system engine,Electronics,SUP_00266,3380.14,5426.17,Active,2023-09-14
PROD_001215,Front-line full-range focus group,Industrial Equipment,SUP_00382,2315.0,4147.95,Inactive,2021-04-12
PROD_001216,Face-to-face neutral project,Healthcare Equipment,SUP_00825,2311.25,5296.58,Active,2023-01-30
PROD_001217,Front-line attitude-oriented knowledgebase,Software,SUP_00110,4148.48,6887.69,Discontinued,2023-06-11
PROD_001218,Re-engineered local array,Industrial Equipment,SUP_00843,3970.08,6721.8,Active,2025-09-15
PROD_001219,Organized foreground capability,Consumer Products,SUP_00799,273.5,476.21,Inactive,2026-05-22
PROD_001220,User-friendly solution-oriented adapter,Software,SUP_00687,2137.48,2573.3,Active,2021-07-25
PROD_001221,Open-source 5thgeneration open architecture,Software,SUP_00758,3286.24,5332.81,Active,2024-01-07
PROD_001222,Cross-group real-time process improvement,Automotive Parts,SUP_00684,1195.22,2026.77,Discontinued,2024-07-02
PROD_001223,Profound next generation database,Software,SUP_00186,2844.97,5255.93,Active,2024-08-06
PROD_001224,Persevering global hierarchy,Industrial Equipment,SUP_00836,4248.5,8815.58,Active,2025-07-14
PROD_001225,Face-to-face logistical groupware,Software,SUP_00279,1362.78,1879.51,Active,2024-01-29
PROD_001226,Secured radical leverage,Software,SUP_00821,610.83,844.22,Active,2024-12-08
PROD_001227,Multi-lateral transitional knowledge user,Software,SUP_00414,366.2,578.04,Active,2021-08-17
PROD_001228,Virtual stable definition,Electronics,SUP_00698,2597.97,3336.92,Active,2021-01-05
PROD_001229,Multi-channeled scalable website,Healthcare Equipment,SUP_00594,1916.08,3763.83,Active,2022-08-09
PROD_001230,Programmable holistic standardization,Consumer Products,SUP_00903,4666.21,8992.48,Active,2021-08-02
PROD_001231,Down-sized modular challenge,,SUP_00188,4020.09,5494.66,Active,2025-07-07
PROD_001232,User-friendly uniform installation,Electronics,SUP_00330,3610.21,5475.22,Active,2021-08-03
PROD_001233,Seamless dedicated core,Software,SUP_00760,4548.69,9900.41,Active,2021-08-31
PROD_001234,Object-based didactic knowledgebase,Healthcare Equipment,SUP_00853,1896.35,2715.95,Active,2025-07-13
PROD_001235,Ergonomic transitional Graphical User Interface,Consumer Products,SUP_00421,4977.78,8750.31,Active,2021-08-05
PROD_001236,Operative 6thgeneration productivity,Industrial Equipment,SUP_00219,4243.98,6060.86,Discontinued,2025-08-07
PROD_001237,Reverse-engineered bottom-line throughput,Automotive Parts,SUP_00189,4929.73,11250.25,Inactive,2025-11-24
PROD_001238,Persevering stable parallelism,Software,SUP_00409,93.45,155.68,Active,2026-04-03
PROD_001239,Devolved modular ability,Industrial Equipment,SUP_00732,2551.56,4322.58,Active,2023-11-30
PROD_001240,Business-focused neutral Internet solution,Healthcare Equipment,SUP_00312,647.7,1599.11,Active,2025-08-10
PROD_001241,Polarized multimedia time-frame,Software,SUP_00365,3399.26,5576.81,Discontinued,2026-01-22
PROD_001242,Enhanced system-worthy paradigm,Healthcare Equipment,SUP_00181,1694.25,3551.3,Inactive,2021-12-15
PROD_001243,De-engineered bi-directional info-mediaries,Electronics,SUP_00586,210.63,309.21,Active,2024-08-11
PROD_001244,Robust fresh-thinking middleware,Consumer Products,SUP_00595,1249.17,1779.7,Discontinued,2025-11-04
PROD_001245,Operative real-time solution,Software,SUP_00848,3602.5,8892.53,Active,2025-03-10
PROD_001246,Grass-roots hybrid Graphical User Interface,Healthcare Equipment,SUP_00101,2200.93,5114.68,Active,2026-05-01
PROD_001247,Organized client-driven challenge,Electronics,,1132.92,1801.79,Inactive,2023-04-08
PROD_001248,Total value-added migration,,,3060.65,5356.67,Active,2022-08-23
PROD_001249,Total neutral functionalities,Software,SUP_00336,339.37,527.69,Active,2024-11-29
PROD_001250,Reactive responsive data-warehouse,Software,SUP_00785,2029.92,2491.68,Active,2022-02-07
PROD_001251,Secured transitional frame,Software,SUP_00758,801.13,1567.84,Active,2024-10-09
PROD_001252,Synergistic clear-thinking strategy,Automotive Parts,SUP_00132,3520.43,6000.53,Active,2024-07-28
PROD_001253,Enhanced motivating moratorium,Software,,3474.01,7096.75,Active,2024-10-24
PROD_001254,Inverse tertiary budgetary management,Electronics,SUP_00811,2534.63,6028.38,Active,2025-03-07
PROD_001255,Realigned mission-critical paradigm,Industrial Equipment,SUP_00367,3600.95,6297.38,Discontinued,2024-02-19
PROD_001256,Synchronized tertiary instruction set,Automotive Parts,SUP_00926,4835.2,10111.25,Active,2024-09-14
PROD_001257,Public-key executive interface,Industrial Equipment,SUP_00754,2428.77,3018.52,Active,2025-06-10
PROD_001258,Programmable bi-directional algorithm,,SUP_00863,4376.37,6336.82,Active,2023-02-04
PROD_001259,Business-focused static approach,Healthcare Equipment,SUP_00207,4122.38,6473.64,Active,2022-02-06
PROD_001260,Versatile zero tolerance complexity,Industrial Equipment,,4296.4,6709.34,Active,2026-05-27
PROD_001261,Synergized eco-centric circuit,Automotive Parts,SUP_00420,1524.4,3358.35,Active,2025-08-11
PROD_001262,Team-oriented zero tolerance frame,Industrial Equipment,SUP_00428,422.74,700.65,Inactive,2022-02-14
PROD_001263,Quality-focused 5thgeneration help-desk,Software,SUP_00992,2451.89,3412.72,Inactive,2025-06-21
PROD_001264,Customer-focused reciprocal service-desk,Software,SUP_00522,3562.87,8828.83,Active,2025-01-23
PROD_001265,Face-to-face value-added project,Industrial Equipment,SUP_00604,4809.0,9658.78,Inactive,2024-01-31
PROD_001266,Front-line multimedia toolset,Industrial Equipment,SUP_00777,282.94,332.81,Active,2025-05-18
PROD_001267,Total executive solution,Healthcare Equipment,SUP_00445,4682.34,8273.84,Active,2024-08-25
PROD_001268,Multi-tiered human-resource instruction set,,SUP_00673,604.08,1191.75,Active,2026-04-04
PROD_001269,Synergized foreground neural-net,Electronics,SUP_00945,4934.1,7345.29,Active,2021-04-18
PROD_001270,User-friendly eco-centric customer loyalty,Industrial Equipment,SUP_00897,3936.69,7117.53,Discontinued,2024-05-29
PROD_001271,Vision-oriented leadingedge definition,,SUP_00983,300.01,566.68,Inactive,2026-01-03
PROD_001272,Triple-buffered tertiary project,Consumer Products,SUP_00632,2387.63,3791.18,Discontinued,2023-01-08
PROD_001273,Reverse-engineered needs-based support,Electronics,SUP_00384,3559.56,6917.28,Inactive,2024-04-25
PROD_001274,Vision-oriented uniform core,Electronics,SUP_00745,2265.38,4837.72,Active,2022-08-14
PROD_001275,Enhanced systemic archive,Consumer Products,SUP_00055,417.96,545.75,Inactive,2022-01-11
PROD_001276,Enhanced user-facing migration,Automotive Parts,SUP_00371,1330.62,2153.89,Inactive,2021-08-28
PROD_001277,Balanced interactive focus group,Consumer Products,SUP_00322,4691.32,9699.78,Active,2024-01-22
PROD_001278,De-engineered cohesive paradigm,Software,SUP_00042,4714.74,10438.77,Active,2025-08-25
PROD_001279,Adaptive full-range Local Area Network,Software,SUP_00575,3457.28,7470.29,Active,2024-11-24
PROD_001280,Distributed 6thgeneration collaboration,Software,SUP_00373,4781.42,7026.61,Inactive,2026-02-06
PROD_001281,Right-sized actuating time-frame,Consumer Products,SUP_00388,4888.41,11253.01,Active,2026-02-14
PROD_001282,Seamless stable framework,Consumer Products,SUP_00969,1394.74,1799.31,Active,2023-09-12
PROD_001283,Re-engineered neutral help-desk,Software,SUP_00057,3356.62,4464.28,Inactive,2021-05-27
PROD_001284,Triple-buffered foreground moderator,Electronics,SUP_00611,117.63,277.52,Active,2022-03-18
PROD_001285,Enterprise-wide multi-state architecture,Industrial Equipment,SUP_00271,210.33,337.24,Active,2025-04-27
PROD_001286,Diverse intangible moratorium,Electronics,SUP_00211,1723.01,3622.48,Active,2023-12-14
PROD_001287,Cross-group grid-enabled definition,,SUP_00641,1218.18,1636.97,Active,2025-11-08
PROD_001288,Switchable full-range groupware,,SUP_00854,2255.31,5537.71,Active,2022-12-25
PROD_001289,Extended web-enabled process improvement,Software,SUP_00679,4368.97,6464.32,Active,2023-12-01
PROD_001290,Realigned web-enabled projection,,SUP_00162,1891.62,2411.45,Active,2021-01-18
PROD_001291,Synchronized grid-enabled knowledge user,Industrial Equipment,SUP_00713,1257.78,3087.96,Discontinued,2022-04-28
PROD_001292,Stand-alone reciprocal process improvement,,SUP_00398,1772.86,4182.18,Discontinued,2022-05-05
PROD_001293,Balanced systemic Graphic Interface,Industrial Equipment,SUP_00412,1638.94,3048.8,Active,2023-02-05
PROD_001294,Customizable human-resource extranet,Healthcare Equipment,SUP_00893,305.7,371.9,Active,2023-12-20
PROD_001295,Horizontal 4thgeneration model,Industrial Equipment,SUP_00135,1612.38,2923.05,Active,2025-07-08
PROD_001296,Multi-layered multimedia website,Software,SUP_00810,1581.87,3901.08,Active,2023-10-18
PROD_001297,Pre-emptive 6thgeneration frame,Software,SUP_00463,2903.9,7194.44,Active,2025-12-07
PROD_001298,Ergonomic fresh-thinking migration,Automotive Parts,SUP_00809,3594.12,7080.01,Active,2021-06-15
PROD_001299,Cross-platform composite throughput,Software,SUP_00710,2485.86,6169.3,Active,2023-12-16
PROD_001300,Adaptive responsive architecture,Software,SUP_00556,3451.59,7765.98,Active,2022-02-27
PROD_001301,Self-enabling zero-defect data-warehouse,Electronics,SUP_00515,712.2,1735.61,Active,2025-10-02
PROD_001302,Optimized bi-directional database,Healthcare Equipment,SUP_00093,1771.72,3520.97,Active,2023-12-15
PROD_001303,Total user-facing time-frame,Healthcare Equipment,SUP_00138,1484.15,2185.14,Active,2023-05-24
PROD_001304,Compatible value-added software,Consumer Products,SUP_00992,3534.96,5102.93,Active,2021-11-05
PROD_001305,Persevering transitional groupware,Automotive Parts,SUP_00516,4364.35,7483.84,Active,2021-03-17
PROD_001306,Compatible actuating conglomeration,Consumer Products,,3597.2,5878.52,Active,2025-05-13
PROD_001307,Realigned asynchronous orchestration,Industrial Equipment,SUP_00296,502.86,1085.13,Active,2025-07-07
PROD_001308,Fundamental incremental info-mediaries,Automotive Parts,SUP_00785,955.18,1398.14,Active,2023-06-24
PROD_001309,Open-architected intermediate functionalities,Software,SUP_00761,3899.7,5673.61,Active,2021-02-03
PROD_001310,Synergistic bottom-line monitoring,,SUP_00474,2248.71,3002.08,Inactive,2021-01-12
PROD_001311,Up-sized regional architecture,Healthcare Equipment,SUP_00442,4920.34,11701.33,Inactive,2025-02-25
PROD_001312,Reduced 6thgeneration standardization,Consumer Products,SUP_00809,566.86,1087.31,Active,2025-08-29
PROD_001313,Multi-channeled motivating benchmark,Software,SUP_00353,2014.11,3488.71,Active,2022-08-05
PROD_001314,Synergized exuding portal,Electronics,SUP_00259,1340.51,2479.51,Active,2021-06-23
PROD_001315,Virtual leadingedge implementation,Consumer Products,SUP_00184,2757.06,5829.86,Active,2023-03-04
PROD_001316,Switchable 4thgeneration leverage,Electronics,SUP_00237,2485.41,3899.16,Active,2021-11-10
PROD_001317,Face-to-face client-driven synergy,Healthcare Equipment,SUP_00441,310.96,544.9,Active,2023-02-24
PROD_001318,Quality-focused explicit productivity,Industrial Equipment,SUP_00557,4345.13,9147.75,Active,2021-10-17
PROD_001319,Synergistic upward-trending project,Automotive Parts,SUP_00166,4049.39,8853.92,Active,2023-01-19
PROD_001320,Advanced neutral open architecture,Healthcare Equipment,SUP_00369,4179.91,8064.83,Active,2021-10-11
PROD_001321,Balanced 24hour orchestration,Automotive Parts,SUP_00626,2667.1,3190.94,Active,2024-04-11
PROD_001322,Public-key neutral artificial intelligence,Consumer Products,SUP_00805,2203.32,3404.32,Active,2022-09-04
PROD_001323,User-friendly user-facing success,Software,SUP_00635,3473.63,7722.8,Active,2022-11-21
PROD_001324,Open-source secondary migration,Automotive Parts,SUP_00358,770.3,1797.97,Active,2021-10-13
PROD_001325,Enterprise-wide directional pricing structure,Industrial Equipment,SUP_00464,578.22,1171.99,Inactive,2025-08-02
PROD_001326,Ergonomic bifurcated contingency,Consumer Products,SUP_00660,3148.97,3941.33,Active,2024-09-07
PROD_001327,Re-contextualized actuating system engine,Electronics,SUP_00922,1324.52,1765.77,Active,2026-02-14
PROD_001328,Reactive maximized project,Automotive Parts,SUP_00453,4717.76,9312.89,Inactive,2024-01-08
PROD_001329,Implemented static architecture,Software,SUP_00560,606.89,1300.86,Active,2022-05-18
PROD_001330,Exclusive uniform paradigm,Consumer Products,,2211.95,3929.31,Inactive,2023-09-05
PROD_001331,Managed heuristic capacity,Consumer Products,SUP_00372,3288.39,8212.98,Active,2024-09-08
PROD_001332,Front-line bandwidth-monitored forecast,Industrial Equipment,SUP_00021,2069.08,3350.89,Active,2024-05-27
PROD_001333,Ergonomic foreground matrix,Healthcare Equipment,SUP_00971,3420.72,7994.52,Active,2023-06-23
PROD_001334,Seamless stable function,Electronics,SUP_00671,1312.71,2870.42,Inactive,2024-10-23
PROD_001335,Distributed non-volatile open system,Healthcare Equipment,SUP_00963,1102.69,1412.52,Active,2023-01-02
PROD_001336,Intuitive interactive concept,Consumer Products,SUP_00960,4133.92,9544.17,Active,2021-01-10
PROD_001337,Fully-configurable zero tolerance definition,Automotive Parts,SUP_00189,4737.06,7207.34,Active,2024-11-29
PROD_001338,Stand-alone intermediate focus group,Consumer Products,SUP_00049,1724.24,4110.13,Discontinued,2025-08-13
PROD_001339,Devolved systematic superstructure,Consumer Products,SUP_00218,3428.43,7007.76,Active,2022-10-28
PROD_001340,Polarized maximized knowledge user,Healthcare Equipment,SUP_00026,1612.56,2127.11,Active,2022-12-21
PROD_001341,Integrated mobile neural-net,Industrial Equipment,SUP_00656,3008.53,6992.09,Inactive,2021-08-07
PROD_001342,Stand-alone real-time artificial intelligence,Electronics,SUP_00149,4353.29,9336.57,Active,2025-08-16
PROD_001343,Devolved national customer loyalty,Automotive Parts,SUP_00358,4202.25,9808.52,Active,2022-06-13
PROD_001344,Self-enabling asynchronous superstructure,Consumer Products,SUP_00199,1002.84,1291.19,Discontinued,2021-06-01
PROD_001345,Ameliorated motivating product,Consumer Products,SUP_00448,3617.59,6670.59,Active,2021-03-04
PROD_001346,Reduced optimal initiative,Software,SUP_00249,2658.9,5148.75,Active,2025-03-24
PROD_001347,Extended 5thgeneration neural-net,Software,,3650.89,8484.6,Active,2022-06-07
PROD_001348,Quality-focused methodical projection,Consumer Products,SUP_00342,4741.59,7991.46,Active,2025-04-05
PROD_001349,Multi-lateral hybrid definition,Automotive Parts,SUP_00412,591.98,842.89,Discontinued,2025-11-24
PROD_001350,Reverse-engineered upward-trending frame,Industrial Equipment,SUP_00073,1456.09,3629.95,Discontinued,2021-09-26
PROD_001351,Profit-focused multimedia array,Consumer Products,SUP_00947,1339.0,3055.38,Active,2023-03-07
PROD_001352,Profit-focused 24/7 protocol,Consumer Products,SUP_00389,4470.91,9302.68,Active,2022-04-25
PROD_001353,Seamless systemic concept,Software,SUP_00814,1563.78,3401.18,Active,2025-02-27
PROD_001354,Devolved local complexity,Software,SUP_00426,961.3,1242.6,Inactive,2021-12-26
PROD_001355,Re-contextualized stable circuit,Consumer Products,SUP_00314,3110.51,6858.59,Active,2025-01-16
PROD_001356,Polarized heuristic analyzer,Software,SUP_00204,3380.52,61568.0,Discontinued,2022-03-15
PROD_001357,Pre-emptive discrete architecture,Healthcare Equipment,SUP_00577,144.88,251.1,Active,2022-06-15
PROD_001358,Focused 6thgeneration secured line,Consumer Products,SUP_00478,1089.09,2412.39,Inactive,2022-02-19
PROD_001359,Multi-lateral human-resource leverage,Automotive Parts,SUP_00960,2497.14,5955.75,Active,2026-01-16
PROD_001360,Balanced 6thgeneration projection,Software,SUP_00547,4881.63,7078.76,Active,2022-10-13
PROD_001361,Triple-buffered multi-state productivity,Electronics,SUP_00977,1304.23,3075.84,Active,2025-07-23
PROD_001362,User-centric empowering paradigm,Software,SUP_00779,4171.83,7576.46,Discontinued,2023-12-28
PROD_001363,Enhanced homogeneous projection,Consumer Products,SUP_00483,868.83,1001.88,Discontinued,2023-01-30
PROD_001364,Reverse-engineered solution-oriented archive,Industrial Equipment,SUP_00178,2844.74,4240.47,Discontinued,2023-11-03
PROD_001365,Multi-tiered directional model,Industrial Equipment,SUP_00538,1023.5,2485.93,Active,2023-03-26
PROD_001366,Monitored mobile utilization,Healthcare Equipment,SUP_00276,2291.77,5561.47,Active,2023-08-26
PROD_001367,Robust 24hour middleware,Industrial Equipment,SUP_00188,982.1,1532.12,Active,2025-11-05
PROD_001368,Organic composite emulation,Industrial Equipment,SUP_00439,568.07,977.63,Inactive,2021-06-04
PROD_001369,Stand-alone even-keeled data-warehouse,Electronics,,2289.22,4899.89,Inactive,2021-10-29
PROD_001370,Diverse high-level portal,,SUP_00676,479.58,704.86,Active,2024-12-09
PROD_001371,Decentralized stable emulation,Industrial Equipment,SUP_00914,2709.51,5592.75,Active,2023-04-12
PROD_001372,Managed uniform budgetary management,Consumer Products,SUP_00822,902.38,1562.77,Active,2023-08-24
PROD_001373,Polarized mission-critical database,Unknown Category,SUP_00073,2152.68,3468.74,Active,2024-03-31
PROD_001374,Stand-alone incremental adapter,Automotive Parts,SUP_00910,4900.78,12156.68,Active,2022-05-04
PROD_001375,De-engineered object-oriented parallelism,Electronics,SUP_00980,1411.37,2049.14,Inactive,2021-11-20
PROD_001376,Self-enabling multimedia analyzer,,SUP_00656,2269.32,4108.54,Active,2025-11-22
PROD_001377,Digitized analyzing concept,,SUP_00867,2888.49,3705.26,Active,2022-06-03
PROD_001378,Enterprise-wide multi-state initiative,Electronics,SUP_00849,4766.53,7021.57,Active,2024-04-17
PROD_001379,Re-contextualized scalable adapter,Healthcare Equipment,SUP_00100,4384.64,6649.01,Active,2025-10-29
PROD_001380,Upgradable stable forecast,Software,SUP_00462,1780.14,2805.9,Inactive,2026-03-16
PROD_001381,Extended local portal,Consumer Products,SUP_00260,3152.43,4247.05,Inactive,2026-06-15
PROD_001382,Polarized composite definition,Electronics,SUP_00270,4900.03,11380.55,Active,2025-07-24
PROD_001383,Right-sized client-server utilization,Automotive Parts,SUP_00429,2919.0,6953.11,Active,2024-03-14
PROD_001384,Visionary contextually-based process improvement,Industrial Equipment,SUP_00313,1096.58,1653.62,Active,2024-08-16
PROD_001385,Fundamental composite success,Healthcare Equipment,SUP_00052,4583.28,8382.28,Inactive,2024-10-07
PROD_001386,Persevering radical parallelism,Automotive Parts,SUP_00581,4888.32,11985.56,Active,2021-05-19
PROD_001387,Multi-tiered human-resource capacity,Automotive Parts,SUP_00579,545.77,827.83,Inactive,2021-08-06
PROD_001388,Exclusive multi-state middleware,Industrial Equipment,SUP_00253,487.56,785.95,Discontinued,2024-10-04
PROD_001389,Distributed real-time attitude,Automotive Parts,SUP_00580,2110.0,2900.88,Discontinued,2021-12-22
PROD_001390,Seamless radical alliance,Industrial Equipment,SUP_00642,396.84,486.7,Active,2025-10-27
PROD_001391,Public-key motivating system engine,Healthcare Equipment,SUP_00047,4647.38,8461.04,Inactive,2021-08-24
PROD_001392,Polarized stable capacity,Software,SUP_00106,3557.49,7606.01,Active,2025-12-15
PROD_001393,Quality-focused 24hour time-frame,Industrial Equipment,,3204.65,3991.2,Active,2024-09-23
PROD_001394,Optional multi-state instruction set,Electronics,SUP_00397,220.3,442.18,Inactive,2023-01-13
PROD_001395,Balanced tangible moderator,Automotive Parts,SUP_00811,1981.96,4663.31,Inactive,2023-05-11
PROD_001396,Polarized zero administration implementation,Healthcare Equipment,SUP_00450,1281.55,3048.54,Active,2022-12-05
PROD_001397,User-centric well-modulated standardization,Healthcare Equipment,SUP_00616,192.57,388.8,Active,2024-03-01
PROD_001398,Optimized client-driven extranet,Automotive Parts,SUP_00626,1759.06,2433.17,Active,2023-08-16
PROD_001399,Focused attitude-oriented forecast,Software,SUP_00825,4797.47,6762.84,Active,2024-04-15
PROD_001400,Quality-focused incremental extranet,Electronics,SUP_00773,1749.72,2057.29,Active,2022-01-15
PROD_001401,Triple-buffered value-added utilization,Electronics,SUP_00552,3178.99,5523.96,Active,2021-01-15
PROD_001402,Programmable bottom-line model,,SUP_00682,3765.19,8124.03,Active,2021-01-15
PROD_001403,Streamlined demand-driven solution,,SUP_00979,1382.49,3423.11,Active,2025-06-02
PROD_001404,Open-source high-level benchmark,Healthcare Equipment,SUP_00072,1221.77,2440.9,Inactive,2021-11-07
PROD_001405,Streamlined optimal extranet,Software,,1328.59,3082.95,Active,2022-06-09
PROD_001406,Public-key interactive open system,Industrial Equipment,SUP_00747,3520.66,4313.63,Discontinued,2023-01-04
PROD_001407,Grass-roots systemic infrastructure,Consumer Products,SUP_00551,2561.58,4472.6,Active,2025-02-23
PROD_001408,Open-source neutral toolset,Software,SUP_00369,4351.35,10317.1,Active,2024-01-24
PROD_001409,Enhanced holistic open architecture,,SUP_00923,3610.54,7168.04,Active,2024-01-19
PROD_001410,Function-based fault-tolerant orchestration,Automotive Parts,SUP_00925,1289.18,2930.08,Active,2022-11-22
PROD_001411,Triple-buffered hybrid support,,SUP_00935,4677.72,9402.53,Inactive,2021-10-04
PROD_001412,Switchable bottom-line synergy,Software,SUP_00601,3133.62,5494.11,Inactive,2022-04-06
PROD_001413,Total cohesive attitude,Electronics,SUP_00521,864.6,1468.57,Discontinued,2022-03-07
PROD_001414,Open-architected zero tolerance Graphical User Interface,,SUP_00186,2123.67,3925.22,Active,2025-05-26
PROD_001415,Seamless tangible software,Electronics,SUP_00838,1825.84,3655.35,Active,2024-11-18
PROD_001416,Diverse human-resource productivity,Software,SUP_00615,1566.89,3837.29,Discontinued,2021-01-11
PROD_001417,Cross-group client-server leverage,,SUP_00606,2424.14,5971.48,Active,2026-02-01
PROD_001418,Optional background architecture,Consumer Products,SUP_00722,547.26,1005.52,Active,2022-06-12
PROD_001419,Multi-layered attitude-oriented portal,Electronics,SUP_00406,3676.43,7626.31,Active,2021-03-17
PROD_001420,Networked impactful pricing structure,Electronics,SUP_00496,1442.36,2459.26,Active,2024-08-09
PROD_001421,Horizontal transitional policy,Electronics,SUP_00720,4403.0,10803.08,Active,2021-04-26
PROD_001422,Vision-oriented context-sensitive productivity,Software,SUP_00664,85.1,176.02,Inactive,2023-09-19
PROD_001423,Advanced dedicated protocol,Software,SUP_00541,840.35,1862.73,Active,2026-02-11
PROD_001424,Programmable executive core,Industrial Equipment,SUP_00437,3131.61,4907.35,Active,2021-03-09
PROD_001425,Right-sized multimedia model,Consumer Products,SUP_00761,623.01,1426.48,Active,2024-11-02
PROD_001426,Seamless composite service-desk,,SUP_00356,449.32,924.55,Active,2021-03-14
PROD_001427,Front-line solution-oriented ability,Software,SUP_00756,1117.27,2512.19,Active,2026-05-12
PROD_001428,Cross-group even-keeled time-frame,Automotive Parts,SUP_00726,4842.63,6535.62,Discontinued,2023-03-13
PROD_001429,Synchronized hybrid initiative,Consumer Products,SUP_00611,2858.84,4742.7,Discontinued,2024-03-21
PROD_001430,Programmable 24/7 support,Automotive Parts,SUP_00174,134.0,327.83,Active,2024-11-12
PROD_001431,Cross-group neutral forecast,Industrial Equipment,SUP_00130,3521.75,4118.35,Active,2024-12-27
PROD_001432,Realigned optimal hardware,Consumer Products,SUP_00533,1741.29,4243.48,Discontinued,2022-11-29
PROD_001433,Grass-roots directional portal,Healthcare Equipment,SUP_00255,4099.82,8408.31,Active,2026-04-16
PROD_001434,Persevering impactful orchestration,Industrial Equipment,SUP_00928,1090.45,1730.16,Inactive,2021-01-10
PROD_001435,Enhanced incremental middleware,Industrial Equipment,SUP_00819,4306.71,6191.32,Active,2021-08-02
PROD_001436,Compatible motivating frame,Industrial Equipment,SUP_00371,3233.15,7046.39,Active,2022-11-13
PROD_001437,Customizable multimedia extranet,Consumer Products,SUP_00697,4028.28,9079.98,Discontinued,2025-10-24
PROD_001438,Re-engineered eco-centric solution,Consumer Products,SUP_00472,3688.38,8555.97,Active,2023-06-08
PROD_001439,Multi-tiered non-volatile matrices,,SUP_00508,4084.33,6134.3,Active,2025-03-25
PROD_001440,Versatile global time-frame,Software,SUP_00551,4817.32,11507.06,Inactive,2023-07-10
PROD_001441,Persevering optimizing algorithm,Healthcare Equipment,SUP_00649,554.36,649.43,Active,2023-08-25
PROD_001442,Fundamental asymmetric implementation,Healthcare Equipment,SUP_00507,4519.2,9447.93,Active,2024-06-25
PROD_001443,Face-to-face systematic standardization,Consumer Products,,1634.28,3563.14,Inactive,2022-04-07
PROD_001444,Intuitive incremental help-desk,Software,SUP_00775,2118.53,2563.61,Active,2023-11-03
PROD_001445,Advanced tangible firmware,Unknown Category,SUP_00474,3516.72,7647.01,Active,2022-05-14
PROD_001446,Cross-group impactful service-desk,Industrial Equipment,SUP_00801,4082.39,9854.16,Active,2025-02-11
PROD_001447,Mandatory asynchronous neural-net,Industrial Equipment,SUP_00186,2701.66,4544.62,Inactive,2026-02-12
PROD_001448,Phased foreground help-desk,Consumer Products,SUP_00466,2477.05,5680.27,Inactive,2022-03-15
PROD_001449,Re-engineered encompassing contingency,Software,SUP_00073,1699.83,3083.67,Active,2026-03-15
PROD_001450,Synergized content-based methodology,Electronics,SUP_00326,3980.08,7191.02,Active,2025-01-18
PROD_001451,Front-line user-facing encoding,Healthcare Equipment,SUP_00842,1232.28,2996.33,Active,2025-10-17
PROD_001452,Expanded discrete customer loyalty,Software,SUP_00445,2330.33,3645.96,Active,2025-08-02
PROD_001453,Secured heuristic collaboration,Electronics,SUP_00016,2780.98,4536.76,Active,2025-04-12
PROD_001454,Decentralized attitude-oriented service-desk,Software,SUP_00939,1917.87,2874.13,Active,2026-04-02
PROD_001455,Proactive reciprocal ability,Electronics,SUP_00404,3668.5,4598.25,Active,2025-03-14
PROD_001456,Quality-focused 6thgeneration matrices,Automotive Parts,SUP_00259,2471.93,3797.43,Active,2023-01-15
PROD_001457,Intuitive modular orchestration,Consumer Products,SUP_00198,4589.53,8892.79,Active,2025-10-09
PROD_001458,Pre-emptive contextually-based task-force,Industrial Equipment,SUP_00910,3432.47,4797.95,Inactive,2026-01-12
PROD_001459,Grass-roots hybrid definition,Electronics,SUP_00991,1444.9,2183.48,Active,2025-02-13
PROD_001460,De-engineered actuating moderator,Healthcare Equipment,SUP_00768,661.65,871.38,Active,2025-05-23
PROD_001461,Polarized needs-based alliance,Electronics,SUP_00025,1641.59,1964.62,Active,2023-10-05
PROD_001462,Object-based systemic time-frame,Consumer Products,SUP_00794,2493.04,4393.54,Active,2021-12-17
PROD_001463,Decentralized tangible model,Automotive Parts,SUP_00874,2663.94,3790.28,Active,2023-07-12
PROD_001464,Team-oriented 24/7 access,Electronics,SUP_00959,4193.95,9722.2,Active,2024-09-14
PROD_001465,Multi-tiered optimal attitude,Automotive Parts,SUP_00599,620.02,1205.3,Active,2022-10-15
PROD_001466,Seamless empowering contingency,Consumer Products,SUP_00463,4406.77,6227.85,Active,2024-01-06
PROD_001467,Front-line encompassing leverage,Healthcare Equipment,SUP_00271,3209.83,6721.93,Active,2026-04-07
PROD_001468,Mandatory high-level contingency,Electronics,SUP_00602,2687.59,4800.8,Discontinued,2023-09-28
PROD_001469,Expanded intangible standardization,Consumer Products,SUP_00139,3926.64,5406.82,Active,2025-02-17
PROD_001470,Multi-lateral impactful focus group,Automotive Parts,SUP_00714,3144.2,7632.08,Active,2023-06-24
PROD_001471,Re-engineered clear-thinking orchestration,Healthcare Equipment,SUP_00835,299.1,369.37,Active,2024-10-08
PROD_001472,Cross-platform uniform flexibility,Industrial Equipment,SUP_00021,3740.86,93300.3,Active,2025-06-01
PROD_001473,Realigned intermediate implementation,,SUP_00700,4619.71,5411.53,Active,2022-01-29
PROD_001474,User-centric coherent leverage,Consumer Products,SUP_00260,355.29,624.45,Active,2025-06-05
PROD_001475,Enhanced intangible methodology,Electronics,SUP_00101,3265.24,5089.01,Active,2021-09-27
PROD_001476,Self-enabling multi-state monitoring,Industrial Equipment,SUP_00512,1878.49,2564.85,Inactive,2024-12-16
PROD_001477,Pre-emptive exuding extranet,Automotive Parts,SUP_00067,4417.93,8490.23,Active,2024-02-02
PROD_001478,Re-contextualized actuating infrastructure,Consumer Products,,2520.59,3273.47,Active,2021-07-18
PROD_001479,Diverse analyzing data-warehouse,Automotive Parts,SUP_00977,127.69,208.92,Active,2025-06-21
PROD_001480,Phased responsive attitude,Electronics,SUP_00850,507.96,653.37,Active,2023-06-22
PROD_001481,Managed empowering hierarchy,Electronics,SUP_00214,821.47,1214.66,Inactive,2022-12-24
PROD_001482,Realigned eco-centric hardware,Industrial Equipment,SUP_00363,408.99,858.65,Active,2021-02-09
PROD_001483,Decentralized grid-enabled service-desk,Software,SUP_00907,3268.76,4158.08,Discontinued,2026-04-17
PROD_001484,Exclusive object-oriented orchestration,,SUP_00379,1719.2,2910.69,Active,2024-07-27
PROD_001485,Public-key context-sensitive time-frame,Unknown Category,,660.43,1116.99,Active,2022-07-25
PROD_001486,Inverse systematic migration,Consumer Products,SUP_00993,4025.69,54632.9,Active,2023-09-05
PROD_001487,User-centric local artificial intelligence,Software,SUP_00441,3913.83,6411.52,Active,2023-02-04
PROD_001488,Horizontal maximized product,Automotive Parts,SUP_00871,573.73,1146.36,Active,2026-04-03
PROD_001489,Down-sized scalable workforce,Healthcare Equipment,SUP_00490,3914.38,6563.72,Active,2026-02-06
PROD_001490,Operative responsive pricing structure,Healthcare Equipment,SUP_00197,2792.79,3869.61,Active,2024-02-21
PROD_001491,Compatible attitude-oriented complexity,Healthcare Equipment,SUP_00595,3238.85,6569.94,Inactive,2022-11-21
PROD_001492,Intuitive foreground projection,Consumer Products,SUP_00455,519.5,979.03,Active,2022-08-08
PROD_001493,Future-proofed real-time project,Electronics,SUP_00210,887.56,1245.39,Active,2023-03-05
PROD_001494,Organic zero-defect hierarchy,Automotive Parts,SUP_00620,2806.35,6606.23,Active,2025-02-09
PROD_001495,Programmable local installation,Electronics,SUP_00616,622.25,1042.05,Active,2021-12-02
PROD_001496,Ameliorated clear-thinking superstructure,Healthcare Equipment,SUP_00213,3381.9,8412.51,Inactive,2022-04-16
PROD_001497,Function-based value-added standardization,Electronics,SUP_00798,2622.44,3690.5,Active,2025-02-12
PROD_001498,Expanded composite infrastructure,Software,SUP_00716,4908.04,6289.45,Active,2021-07-26
PROD_001499,Cloned methodical neural-net,Consumer Products,SUP_00379,1782.53,4283.96,Active,2021-04-18
PROD_001500,Visionary hybrid moderator,Industrial Equipment,SUP_00714,2974.79,6042.34,Active,2025-03-15
PROD_001501,Configurable bi-directional firmware,Healthcare Equipment,SUP_00865,4226.22,5972.38,Inactive,2024-05-24
PROD_001502,Configurable solution-oriented info-mediaries,Electronics,SUP_00480,3822.83,8079.05,Active,2022-09-13
PROD_001503,Fully-configurable user-facing forecast,Consumer Products,SUP_00785,2188.98,5373.72,Active,2023-06-08
PROD_001504,De-engineered clear-thinking moderator,Electronics,SUP_00754,4760.93,7530.0,Inactive,2025-08-10
PROD_001505,Assimilated 5thgeneration protocol,Industrial Equipment,SUP_00323,1783.42,2251.39,Active,2022-12-17
PROD_001506,Inverse methodical Local Area Network,Automotive Parts,SUP_00278,3925.47,6860.09,Active,2026-05-10
PROD_001507,Quality-focused encompassing neural-net,Industrial Equipment,SUP_00302,1942.7,3396.27,Active,2023-06-12
PROD_001508,Total needs-based conglomeration,Software,SUP_00864,3025.4,6945.17,Inactive,2024-03-31
PROD_001509,Persevering responsive synergy,Automotive Parts,SUP_00308,3655.69,5765.8,Active,2024-06-29
PROD_001510,Re-contextualized intermediate moderator,Industrial Equipment,SUP_00989,2831.64,4458.87,Active,2024-07-07
PROD_001511,Public-key fault-tolerant hardware,Automotive Parts,SUP_00760,3553.38,5813.29,Active,2023-08-25
PROD_001512,Focused background intranet,Automotive Parts,,1007.03,2450.61,Active,2022-09-10
PROD_001513,Open-source empowering collaboration,Healthcare Equipment,SUP_00906,310.91,373.31,Active,2022-09-01
PROD_001514,Adaptive multi-state task-force,Automotive Parts,,2568.09,3796.2,Active,2025-08-28
PROD_001515,Monitored executive leverage,Industrial Equipment,SUP_00056,3824.1,9045.61,Active,2023-12-10
PROD_001516,Team-oriented mobile system engine,Electronics,SUP_00845,3376.5,6779.43,Inactive,2023-08-15
PROD_001517,Advanced zero administration Internet solution,Healthcare Equipment,SUP_00080,4347.61,7430.4,Active,2025-05-20
PROD_001518,Right-sized discrete utilization,Software,SUP_00093,4996.71,6928.94,Active,2021-01-15
PROD_001519,Multi-layered content-based installation,Electronics,SUP_00567,3890.57,6820.78,Active,2025-11-05
PROD_001520,Optional hybrid encryption,Industrial Equipment,SUP_00233,4602.19,7225.96,Active,2021-11-24
PROD_001521,User-centric secondary info-mediaries,,,4534.79,8530.65,Active,2025-07-20
PROD_001522,Face-to-face empowering artificial intelligence,Software,SUP_00284,4013.97,8041.45,Active,2023-04-28
PROD_001523,Front-line multi-state task-force,Industrial Equipment,SUP_00276,4583.88,9080.02,Active,2025-05-24
PROD_001524,Seamless system-worthy software,Automotive Parts,SUP_00859,2652.56,5621.93,Active,2022-06-30
PROD_001525,Streamlined value-added monitoring,Consumer Products,SUP_00240,315.8,408.47,Active,2025-06-11
PROD_001526,Open-source content-based architecture,Electronics,SUP_00857,3245.7,7641.28,Active,2022-01-01
PROD_001527,Implemented bifurcated productivity,Electronics,SUP_00062,3726.05,5692.23,Active,2023-07-03
PROD_001528,Organized encompassing standardization,Automotive Parts,SUP_00392,2097.64,4536.6,Active,2024-06-03
PROD_001529,Ergonomic fresh-thinking adapter,Software,SUP_00204,1425.56,2598.16,Active,2021-11-02
PROD_001530,Public-key 3rdgeneration contingency,Healthcare Equipment,,2229.85,4216.32,Inactive,2026-05-05
PROD_001531,Horizontal encompassing capacity,Software,SUP_00020,4803.08,9805.26,Active,2024-12-05
PROD_001532,Upgradable 24/7 emulation,Automotive Parts,SUP_00550,2584.84,6255.14,Active,2021-06-30
PROD_001533,Advanced modular data-warehouse,,SUP_00444,4290.03,7227.3,Active,2022-11-17
PROD_001534,Integrated zero tolerance website,Software,SUP_00688,1958.48,4672.56,Inactive,2023-09-27
PROD_001535,Multi-layered maximized standardization,Automotive Parts,SUP_00634,4442.84,5932.79,Active,2025-05-07
PROD_001536,Managed attitude-oriented system engine,Automotive Parts,SUP_00249,826.67,2008.16,Inactive,2026-03-24
PROD_001537,Centralized encompassing time-frame,Unknown Category,SUP_00858,945.33,2024.83,Active,2023-02-27
PROD_001538,Quality-focused methodical contingency,Industrial Equipment,SUP_00844,423.89,841.05,Active,2022-01-21
PROD_001539,Function-based homogeneous access,Industrial Equipment,SUP_00314,674.38,1257.63,Active,2021-09-02
PROD_001540,Visionary transitional encryption,Electronics,SUP_00788,210.81,411.84,Active,2023-02-11
PROD_001541,Organic dynamic support,Electronics,SUP_00886,2446.86,3023.98,Active,2026-06-19
PROD_001542,Exclusive logistical support,Software,SUP_00242,4984.4,8627.81,Active,2025-03-27
PROD_001543,Programmable static database,Automotive Parts,SUP_00824,996.65,1974.19,Active,2023-08-07
PROD_001544,Synergized fault-tolerant Graphic Interface,Automotive Parts,SUP_00212,1769.08,2667.88,Active,2021-11-15
PROD_001545,Upgradable 6thgeneration synergy,Industrial Equipment,SUP_00827,1376.83,3091.64,Active,2026-02-24
PROD_001546,Programmable bottom-line extranet,Healthcare Equipment,SUP_00219,399.22,962.5,Inactive,2023-08-24
PROD_001547,Innovative dedicated hierarchy,Software,SUP_00267,3255.22,8001.57,Active,2025-11-16
PROD_001548,Synchronized didactic budgetary management,Software,SUP_00996,2609.8,3413.71,Active,2022-04-19
PROD_001549,Optional fresh-thinking access,Consumer Products,SUP_00552,2982.84,5373.19,Active,2021-12-02
PROD_001550,Grass-roots optimal capability,Electronics,SUP_00303,1014.46,18395.2,Discontinued,2023-03-05
PROD_001551,Fully-configurable 24/7 analyzer,Electronics,SUP_00295,860.19,1310.83,Active,2024-03-11
PROD_001552,Team-oriented methodical solution,Automotive Parts,SUP_00823,1127.61,2767.3,Active,2024-04-11
PROD_001553,Multi-layered zero administration array,Industrial Equipment,SUP_00903,1147.81,2529.36,Active,2022-05-14
PROD_001554,Proactive background software,Industrial Equipment,SUP_00967,2398.54,2790.6,Active,2024-05-26
PROD_001555,Virtual responsive approach,Healthcare Equipment,SUP_00740,2820.1,4306.62,Active,2021-04-30
PROD_001556,Stand-alone coherent standardization,Consumer Products,SUP_00935,1072.88,2499.86,Active,2023-12-12
PROD_001557,Customer-focused clear-thinking matrix,Electronics,SUP_00671,4280.64,8566.63,Active,2022-04-12
PROD_001558,Realigned zero tolerance project,Industrial Equipment,SUP_00075,3699.24,7386.92,Active,2025-02-26
PROD_001559,Organic upward-trending core,Consumer Products,SUP_00016,3396.98,8069.4,Active,2021-02-12
PROD_001560,Multi-tiered heuristic success,Healthcare Equipment,SUP_00531,446.09,729.48,Inactive,2021-09-28
PROD_001561,Balanced mobile strategy,Industrial Equipment,SUP_00510,621.75,988.73,Active,2023-05-28
PROD_001562,Implemented needs-based standardization,Industrial Equipment,SUP_00615,4346.43,7930.38,Active,2023-09-11
PROD_001563,Re-contextualized contextually-based moratorium,Software,SUP_00787,3135.89,7715.07,Active,2022-11-29
PROD_001564,Upgradable maximized focus group,Consumer Products,SUP_00604,2619.16,6474.58,Active,2025-10-07
PROD_001565,Right-sized neutral complexity,Industrial Equipment,SUP_00627,1241.37,2673.74,Inactive,2021-05-19
PROD_001566,Distributed local frame,Industrial Equipment,SUP_00333,2444.38,3783.2,Active,2025-07-02
PROD_001567,Quality-focused high-level knowledgebase,Industrial Equipment,SUP_00718,1461.8,2774.29,Active,2021-01-02
PROD_001568,Sharable motivating implementation,Healthcare Equipment,SUP_00997,4412.98,8611.6,Active,2025-01-11
PROD_001569,Ameliorated regional hierarchy,Software,SUP_00503,3398.54,4779.74,Inactive,2025-04-06
PROD_001570,Front-line fresh-thinking success,Consumer Products,SUP_00717,3297.21,5310.33,Active,2021-05-08
PROD_001571,Public-key human-resource core,Healthcare Equipment,SUP_00161,438.62,1026.24,Active,2023-11-18
PROD_001572,Proactive zero administration neural-net,Automotive Parts,SUP_00784,347.04,575.36,Discontinued,2021-11-06
PROD_001573,Horizontal fresh-thinking installation,Electronics,SUP_00473,3327.45,7926.02,Inactive,2024-07-09
PROD_001574,Customizable bandwidth-monitored model,Software,SUP_00978,2216.35,3565.19,Active,2024-08-14
PROD_001575,Balanced clear-thinking conglomeration,Consumer Products,SUP_00730,1286.94,2098.92,Active,2025-10-19
PROD_001576,Exclusive bi-directional matrix,,SUP_00751,3100.39,5586.55,Active,2022-01-20
PROD_001577,Automated object-oriented project,Automotive Parts,SUP_00012,1297.39,3104.68,Active,2025-08-05
PROD_001578,Switchable mobile moderator,Industrial Equipment,SUP_00341,3002.15,4935.95,Inactive,2024-06-05
PROD_001579,Reverse-engineered eco-centric application,Industrial Equipment,SUP_00738,627.9,831.49,Active,2023-01-05
PROD_001580,Robust transitional archive,Healthcare Equipment,SUP_00555,1017.03,1288.69,Active,2021-01-27
PROD_001581,Expanded solution-oriented matrix,Consumer Products,SUP_00134,3380.49,6308.24,Active,2026-02-06
PROD_001582,Configurable maximized website,Industrial Equipment,SUP_00125,2142.38,3044.72,Active,2024-07-05
PROD_001583,Multi-lateral next generation synergy,Automotive Parts,SUP_00253,3276.75,7216.39,Inactive,2026-02-26
PROD_001584,Operative holistic utilization,Automotive Parts,SUP_00548,1464.92,1825.29,Active,2024-11-22
PROD_001585,Seamless encompassing moderator,Software,SUP_00551,2218.65,5000.87,Active,2021-03-23
PROD_001586,Compatible exuding archive,Consumer Products,SUP_00146,4741.92,5896.87,Active,2026-03-10
PROD_001587,Programmable bandwidth-monitored attitude,Consumer Products,SUP_00778,2276.53,4942.53,Inactive,2024-12-25
PROD_001588,Public-key human-resource core,,SUP_00323,497.96,907.12,Active,2022-01-23
PROD_001589,Switchable dynamic open system,Healthcare Equipment,SUP_00138,988.3,2326.97,Active,2024-06-08
PROD_001590,Enhanced next generation synergy,Software,SUP_00594,1637.07,2276.75,Active,2024-01-25
PROD_001591,User-friendly bi-directional throughput,Software,SUP_00043,1293.4,2047.15,Active,2024-07-05
PROD_001592,Multi-channeled systematic knowledgebase,Electronics,SUP_00065,2882.8,5034.82,Active,2024-11-10
PROD_001593,Optimized bi-directional concept,Healthcare Equipment,SUP_00573,4472.87,97135.8,Active,2025-05-09
PROD_001594,Reactive impactful middleware,Automotive Parts,SUP_00404,802.3,1063.79,Active,2022-11-09
PROD_001595,Diverse national policy,Automotive Parts,SUP_00292,1269.42,1568.23,Active,2023-06-08
PROD_001596,Multi-channeled foreground neural-net,Consumer Products,SUP_00208,3187.23,4754.78,Active,2026-06-12
PROD_001597,Inverse holistic installation,Automotive Parts,SUP_00750,4385.02,9496.49,Active,2025-03-13
PROD_001598,Optional uniform Graphic Interface,Consumer Products,SUP_00165,2671.38,4517.81,Active,2024-05-05
PROD_001599,Re-contextualized needs-based data-warehouse,Consumer Products,SUP_00939,1078.56,2403.66,Inactive,2023-01-23
PROD_001600,Reactive value-added extranet,Healthcare Equipment,SUP_00431,1453.56,2228.65,Active,2022-12-24
PROD_001601,Organized local infrastructure,Software,SUP_00371,1826.4,3604.51,Active,2021-01-01
PROD_001602,Automated executive policy,Industrial Equipment,SUP_00670,173.05,199.92,Active,2021-02-02
PROD_001603,Devolved exuding ability,Automotive Parts,SUP_00802,4263.74,9499.42,Active,2022-08-26
PROD_001604,Face-to-face didactic functionalities,,SUP_00356,1175.24,1889.75,Active,2021-02-13
PROD_001605,Team-oriented even-keeled neural-net,Automotive Parts,SUP_00146,4127.54,9522.19,Active,2023-10-23
PROD_001606,Re-engineered object-oriented collaboration,Electronics,SUP_00048,2217.02,3240.16,Active,2021-07-09
PROD_001607,Persevering heuristic collaboration,Industrial Equipment,SUP_00371,423.86,960.99,Active,2021-10-05
PROD_001608,Multi-lateral optimal encryption,Industrial Equipment,SUP_00192,493.78,792.73,Active,2022-04-13
PROD_001609,Innovative background orchestration,Industrial Equipment,SUP_00578,4045.95,7163.37,Active,2023-03-13
PROD_001610,Extended upward-trending archive,Industrial Equipment,SUP_00202,1755.75,2400.69,Active,2024-12-22
PROD_001611,Polarized context-sensitive matrix,Industrial Equipment,SUP_00973,68.96,101.47,Discontinued,2025-07-15
PROD_001612,Team-oriented tangible orchestration,Industrial Equipment,SUP_00570,610.56,1172.12,Inactive,2025-07-02
PROD_001613,Cross-platform radical project,Consumer Products,SUP_00394,4973.09,10278.79,Active,2022-08-26
PROD_001614,Upgradable object-oriented implementation,Electronics,SUP_00441,3638.41,4745.03,Active,2021-06-07
PROD_001615,Centralized zero administration groupware,Unknown Category,SUP_00281,919.12,1277.3,Discontinued,2022-11-29
PROD_001616,Optional intangible capability,Industrial Equipment,SUP_00060,362.78,710.16,Active,2025-10-11
PROD_001617,Focused value-added projection,Consumer Products,SUP_00287,4863.99,9165.9,Active,2025-09-01
PROD_001618,Advanced scalable time-frame,Healthcare Equipment,SUP_00420,3073.12,4630.59,Active,2024-06-22
PROD_001619,Business-focused fault-tolerant moderator,Consumer Products,SUP_00028,4043.09,4921.72,Active,2021-03-24
PROD_001620,Quality-focused non-volatile collaboration,Electronics,SUP_00104,826.74,967.52,Active,2022-10-18
PROD_001621,Total directional collaboration,Software,SUP_00106,734.5,1267.21,Active,2021-04-12
PROD_001622,Upgradable hybrid knowledge user,Healthcare Equipment,SUP_00188,3659.74,8530.52,Discontinued,2025-02-19
PROD_001623,Re-engineered motivating array,Healthcare Equipment,SUP_00110,4260.37,8065.89,Inactive,2022-03-22
PROD_001624,Implemented zero tolerance infrastructure,Automotive Parts,SUP_00852,2022.47,3191.12,Active,2021-10-24
PROD_001625,Mandatory attitude-oriented leverage,,SUP_00540,4809.98,7562.93,Active,2024-02-21
PROD_001626,Business-focused neutral initiative,Industrial Equipment,SUP_00866,332.64,432.18,Active,2022-06-11
PROD_001627,Open-architected motivating Internet solution,Electronics,SUP_00317,2194.59,4893.02,Active,2025-04-02
PROD_001628,De-engineered well-modulated challenge,Software,SUP_00520,1701.84,2684.2,Inactive,2023-08-23
PROD_001629,Exclusive mobile infrastructure,Automotive Parts,SUP_00479,113.47,252.36,Active,2024-08-01
PROD_001630,Exclusive next generation pricing structure,Consumer Products,SUP_00897,1216.05,2929.32,Inactive,2026-06-24
PROD_001631,Progressive dynamic encryption,Industrial Equipment,SUP_00982,2437.01,4514.41,Discontinued,2021-05-24
PROD_001632,Vision-oriented intermediate Graphic Interface,Automotive Parts,SUP_00278,1115.58,2504.47,Active,2024-10-05
PROD_001633,Re-engineered background budgetary management,Software,SUP_00912,3396.66,5763.29,Discontinued,2024-09-09
PROD_001634,Optimized high-level hardware,Consumer Products,SUP_00527,2582.05,6171.11,Discontinued,2022-01-18
PROD_001635,Monitored radical projection,Software,SUP_00147,1864.86,3703.26,Active,2021-02-18
PROD_001636,Integrated composite hardware,Healthcare Equipment,SUP_00916,4578.01,6296.52,Active,2024-05-21
PROD_001637,Organic regional circuit,,SUP_00926,4551.75,6424.3,Active,2023-06-03
PROD_001638,Focused dedicated software,Healthcare Equipment,SUP_00445,3015.1,3759.36,Active,2023-01-20
PROD_001639,Versatile upward-trending artificial intelligence,,SUP_00275,3917.39,4607.6,Active,2021-08-14
PROD_001640,Business-focused dynamic process improvement,Electronics,SUP_00976,1412.19,3358.11,Active,2026-02-03
PROD_001641,Horizontal 24/7 Graphical User Interface,Software,SUP_00568,4549.58,11114.56,Active,2024-10-23
PROD_001642,Customizable fault-tolerant knowledge user,Industrial Equipment,SUP_00996,1551.65,2607.29,Active,2023-08-04
PROD_001643,Managed demand-driven support,Industrial Equipment,SUP_00668,1356.68,2343.17,Active,2023-12-16
PROD_001644,Expanded needs-based model,Automotive Parts,SUP_00482,4286.83,7445.43,Active,2025-02-14
PROD_001645,Reactive mission-critical process improvement,Automotive Parts,SUP_00680,3535.67,4208.22,Active,2025-01-04
PROD_001646,Digitized system-worthy standardization,Software,SUP_00439,2701.52,6222.99,Active,2024-09-02
PROD_001647,Multi-tiered optimal protocol,Automotive Parts,SUP_00550,576.08,1317.31,Active,2023-11-23
PROD_001648,Function-based composite approach,Electronics,SUP_00253,2577.88,4624.76,Inactive,2022-07-24
PROD_001649,Total regional flexibility,Automotive Parts,SUP_00418,2442.84,3177.42,Active,2021-04-17
PROD_001650,Streamlined 24/7 architecture,Software,SUP_00128,2670.48,4807.25,Active,2023-02-19
PROD_001651,Future-proofed stable protocol,Healthcare Equipment,SUP_00136,3234.68,4866.22,Active,2022-12-24
PROD_001652,Customer-focused 3rdgeneration frame,Industrial Equipment,SUP_00228,4019.47,9242.81,Active,2025-10-07
PROD_001653,Streamlined human-resource emulation,Consumer Products,SUP_00972,4890.38,6948.07,Active,2026-05-20
PROD_001654,Profound tertiary attitude,,SUP_00715,3787.55,7793.42,Active,2025-12-19
PROD_001655,Pre-emptive radical monitoring,,SUP_00047,4070.29,9439.54,Active,2021-06-26
PROD_001656,Exclusive motivating knowledgebase,Healthcare Equipment,,4395.34,8314.79,Active,2024-01-30
PROD_001657,Universal 3rdgeneration analyzer,Healthcare Equipment,SUP_00076,1444.87,3069.88,Inactive,2022-05-12
PROD_001658,Progressive fault-tolerant groupware,Software,SUP_00845,2582.37,3523.77,Active,2023-09-10
PROD_001659,User-friendly cohesive adapter,Industrial Equipment,SUP_00077,294.28,564.61,Active,2022-11-27
PROD_001660,Multi-channeled heuristic product,Automotive Parts,SUP_00982,1562.96,3048.6,Active,2022-08-30
PROD_001661,Profit-focused even-keeled workforce,Healthcare Equipment,SUP_00143,2853.3,6221.47,Active,2021-05-05
PROD_001662,Function-based human-resource algorithm,,SUP_00958,4418.35,5201.12,Inactive,2026-03-09
PROD_001663,Grass-roots directional collaboration,,SUP_00264,510.88,910.38,Inactive,2022-11-17
PROD_001664,Object-based stable challenge,Automotive Parts,SUP_00464,2097.54,3241.32,Active,2021-06-26
PROD_001665,Multi-tiered multi-state service-desk,Industrial Equipment,SUP_00307,1629.27,4004.92,Discontinued,2024-05-13
PROD_001666,Self-enabling systemic emulation,Software,SUP_00255,2138.06,4454.13,Discontinued,2023-04-18
PROD_001667,Re-engineered coherent interface,Consumer Products,SUP_00830,2100.92,2734.81,Active,2026-05-01
PROD_001668,Robust full-range knowledge user,Automotive Parts,SUP_00942,2096.05,3957.2,Active,2023-12-24
PROD_001669,Expanded solution-oriented challenge,,SUP_00985,1800.2,2392.17,Active,2024-03-11
PROD_001670,Synergized dedicated challenge,Automotive Parts,SUP_00020,3619.56,5885.89,Active,2022-09-12
PROD_001671,Triple-buffered multi-tasking challenge,Industrial Equipment,SUP_00343,4393.17,5291.05,Inactive,2023-05-13
PROD_001672,Visionary client-server projection,Automotive Parts,SUP_00176,4280.36,9557.93,Active,2026-02-15
PROD_001673,Diverse foreground architecture,Electronics,SUP_00102,840.18,1982.81,Active,2024-01-24
PROD_001674,Up-sized bottom-line contingency,Software,SUP_00579,3543.51,8001.72,Active,2022-09-30
PROD_001675,Digitized upward-trending algorithm,Industrial Equipment,SUP_00795,1990.39,3279.66,Active,2025-03-16
PROD_001676,Open-source incremental framework,Consumer Products,SUP_00271,2691.09,3095.63,Active,2023-06-08
PROD_001677,Sharable user-facing focus group,Healthcare Equipment,SUP_00933,1289.89,2886.74,Active,2021-11-01
PROD_001678,Ergonomic bi-directional capacity,,SUP_00023,2546.1,5903.44,Active,2022-01-06
PROD_001679,Virtual reciprocal pricing structure,Healthcare Equipment,SUP_00923,1814.2,3917.46,Active,2022-06-20
PROD_001680,Re-contextualized reciprocal emulation,Industrial Equipment,,4799.98,10656.41,Active,2024-04-11
PROD_001681,Focused systemic algorithm,Consumer Products,SUP_00719,248.34,615.59,Active,2022-12-22
PROD_001682,Team-oriented zero-defect matrices,Healthcare Equipment,SUP_00755,3350.21,5138.52,Active,2021-09-26
PROD_001683,Robust methodical structure,Industrial Equipment,SUP_00365,2256.36,5141.7,Active,2024-07-27
PROD_001684,Enterprise-wide human-resource matrix,Healthcare Equipment,SUP_00229,4321.67,6521.96,Active,2023-08-09
PROD_001685,Diverse content-based definition,Electronics,SUP_00320,139.04,334.98,Active,2021-03-06
PROD_001686,Virtual 24/7 flexibility,Electronics,SUP_00628,3935.78,8751.75,Active,2026-03-22
PROD_001687,Face-to-face value-added secured line,Electronics,SUP_00840,4155.67,6477.1,Active,2026-06-06
PROD_001688,Versatile demand-driven architecture,Industrial Equipment,SUP_00630,2344.58,5506.44,Active,2021-12-22
PROD_001689,Organic reciprocal matrix,,SUP_00257,2049.68,3630.31,Active,2024-10-11
PROD_001690,Persevering dynamic interface,Healthcare Equipment,SUP_00464,-100.0,5179.64,Active,2023-03-24
PROD_001691,Balanced real-time support,Electronics,SUP_00072,2512.95,3415.19,Active,2025-07-12
PROD_001692,Up-sized foreground infrastructure,Industrial Equipment,SUP_00328,2190.56,4362.02,Active,2024-05-11
PROD_001693,User-friendly object-oriented policy,Software,SUP_00093,953.99,1836.3,Active,2023-12-12
PROD_001694,Stand-alone tertiary toolset,Industrial Equipment,SUP_00346,3704.56,5938.68,Inactive,2021-03-19
PROD_001695,Customer-focused local knowledgebase,Consumer Products,SUP_00194,3258.11,3827.57,Active,2025-07-17
PROD_001696,Balanced dynamic model,Electronics,SUP_00726,1583.74,2004.73,Active,2023-12-15
PROD_001697,User-centric 6thgeneration open architecture,,SUP_00640,3461.93,4575.25,Active,2023-02-17
PROD_001698,Virtual responsive application,Consumer Products,SUP_00766,4199.85,8539.18,Active,2022-01-16
PROD_001699,Organic hybrid framework,Automotive Parts,SUP_00104,1641.63,4100.16,Discontinued,2025-04-01
PROD_001700,Horizontal maximized concept,Automotive Parts,SUP_00276,1598.07,2886.37,Active,2023-04-28
PROD_001701,Seamless actuating solution,Software,SUP_00496,4848.74,10315.14,Active,2023-11-04
PROD_001702,Digitized maximized project,Electronics,SUP_00754,3457.59,4715.84,Inactive,2023-06-26
PROD_001703,Up-sized motivating budgetary management,Healthcare Equipment,SUP_00836,1668.12,1942.66,Active,2021-12-27
PROD_001704,Reduced tangible moratorium,Consumer Products,SUP_00317,2484.75,5488.26,Active,2021-09-29
PROD_001705,Open-source fresh-thinking knowledge user,Software,SUP_00222,3839.98,4777.82,Active,2021-02-19
PROD_001706,Persevering optimizing structure,Software,SUP_00875,3774.06,8984.71,Active,2025-12-02
PROD_001707,Persevering background extranet,Automotive Parts,SUP_00359,3831.62,4432.63,Discontinued,2022-10-13
PROD_001708,Streamlined transitional utilization,Consumer Products,SUP_00777,4921.39,10551.18,Inactive,2021-11-25
PROD_001709,Upgradable bottom-line array,Electronics,SUP_00993,2384.73,4582.73,Active,2021-08-18
PROD_001710,Organized scalable hierarchy,,SUP_00163,3149.19,7410.43,Active,2021-06-21
PROD_001711,Triple-buffered human-resource superstructure,Consumer Products,SUP_00353,1565.67,3186.29,Active,2025-05-06
PROD_001712,Profound reciprocal complexity,Consumer Products,,4111.32,7971.16,Active,2023-01-30
PROD_001713,Multi-tiered 6thgeneration throughput,Automotive Parts,SUP_00783,3668.09,5643.06,Active,2021-12-09
PROD_001714,Managed non-volatile protocol,Automotive Parts,SUP_00538,4329.48,7898.77,Active,2025-09-27
PROD_001715,Diverse client-server conglomeration,Electronics,SUP_00309,4305.75,7615.33,Active,2025-03-23
PROD_001716,Business-focused intangible function,Consumer Products,SUP_00013,4098.36,6628.93,Inactive,2022-09-13
PROD_001717,Visionary local forecast,Software,SUP_00211,549.69,1345.94,Active,2024-06-10
PROD_001718,Decentralized clear-thinking customer loyalty,Software,SUP_00492,2018.98,3206.85,Discontinued,2021-01-08
PROD_001719,Virtual eco-centric access,Consumer Products,SUP_00573,1608.29,2903.64,Active,2023-07-10
PROD_001720,Proactive needs-based workforce,Electronics,SUP_00111,920.13,1238.18,Active,2021-01-12
PROD_001721,Proactive disintermediate data-warehouse,Electronics,,2457.7,4501.67,Active,2024-03-27
PROD_001722,Phased logistical installation,Electronics,SUP_00503,1352.03,1964.71,Active,2023-06-06
PROD_001723,Right-sized radical ability,Automotive Parts,SUP_00114,3684.83,7401.05,Inactive,2022-05-06
PROD_001724,Reactive even-keeled process improvement,Automotive Parts,SUP_00334,4579.66,7080.25,Active,2024-06-15
PROD_001725,Expanded actuating contingency,Electronics,SUP_00287,-100.0,5164.26,Discontinued,2021-10-25
PROD_001726,Streamlined grid-enabled alliance,Consumer Products,SUP_00296,4278.58,9435.16,Active,2021-10-19
PROD_001727,Automated static orchestration,Consumer Products,SUP_00825,550.76,641.8,Active,2025-08-09
PROD_001728,Innovative full-range array,Unknown Category,SUP_00013,701.25,1092.6,Inactive,2021-04-09
PROD_001729,Operative context-sensitive complexity,,SUP_00073,2754.63,5285.57,Active,2024-09-10
PROD_001730,Seamless stable solution,Electronics,SUP_00208,412.06,899.23,Active,2024-11-04
PROD_001731,Re-engineered zero tolerance open architecture,Electronics,SUP_00543,1870.86,2512.21,Active,2021-12-22
PROD_001732,Persevering value-added paradigm,Automotive Parts,SUP_00442,3780.72,9289.05,Inactive,2022-12-24
PROD_001733,Automated background throughput,Healthcare Equipment,SUP_00626,3492.28,7907.81,Active,2022-08-24
PROD_001734,Multi-layered homogeneous architecture,Software,SUP_00065,4071.45,9372.82,Discontinued,2025-03-02
PROD_001735,Reactive asymmetric frame,Software,SUP_00878,4524.57,7161.92,Active,2023-08-03
PROD_001736,Decentralized system-worthy focus group,Healthcare Equipment,SUP_00568,267.21,567.15,Active,2022-10-23
PROD_001737,Open-source multi-tasking database,Electronics,SUP_00459,992.55,2039.13,Active,2024-10-27
PROD_001738,Seamless analyzing benchmark,Automotive Parts,SUP_00805,997.87,1667.86,Active,2024-02-21
PROD_001739,Self-enabling multi-tasking array,Software,SUP_00325,674.46,887.88,Active,2023-08-29
PROD_001740,Team-oriented real-time toolset,Software,SUP_00560,405.07,826.68,Active,2026-06-02
PROD_001741,Horizontal interactive portal,Consumer Products,SUP_00257,4963.36,10123.75,Active,2025-08-28
PROD_001742,Fundamental multi-tasking orchestration,Consumer Products,SUP_00571,4410.97,8213.75,Inactive,2026-06-20
PROD_001743,Multi-channeled clear-thinking pricing structure,,SUP_00433,4641.99,11290.57,Active,2024-02-03
PROD_001744,Programmable upward-trending product,Healthcare Equipment,SUP_00069,4811.23,9088.41,Active,2023-09-26
PROD_001745,Enterprise-wide reciprocal emulation,Industrial Equipment,SUP_00672,2959.04,6981.32,Active,2024-11-22
PROD_001746,Ergonomic 24hour capability,Electronics,SUP_00413,4832.82,10787.75,Active,2021-02-18
PROD_001747,Self-enabling bottom-line support,Automotive Parts,SUP_00420,1899.02,3901.46,Active,2025-08-29
PROD_001748,Seamless intangible installation,Software,,3583.81,6443.78,Active,2021-04-02
PROD_001749,Monitored next generation workforce,Consumer Products,SUP_00046,2237.15,4900.33,Active,2024-07-02
PROD_001750,Advanced scalable customer loyalty,Healthcare Equipment,SUP_00230,3359.1,8273.62,Active,2024-10-16
PROD_001751,Function-based asymmetric function,Software,SUP_00065,1637.63,3801.46,Active,2022-08-26
PROD_001752,Reactive fresh-thinking throughput,Automotive Parts,,2043.22,2923.01,Inactive,2021-01-13
PROD_001753,Synergized full-range Graphical User Interface,Automotive Parts,SUP_00074,3324.88,4884.43,Active,2023-03-06
PROD_001754,Re-contextualized reciprocal algorithm,Industrial Equipment,SUP_00237,328.42,413.47,Discontinued,2025-07-28
PROD_001755,Ergonomic full-range Graphical User Interface,Healthcare Equipment,SUP_00987,1015.52,2484.74,Active,2026-01-25
PROD_001756,Polarized methodical website,Healthcare Equipment,SUP_00292,4156.99,6743.61,Active,2021-03-13
PROD_001757,Devolved mission-critical collaboration,Electronics,SUP_00926,658.46,1307.98,Active,2024-06-12
PROD_001758,Public-key full-range Local Area Network,Electronics,SUP_00795,1680.14,2027.88,Active,2025-04-22
PROD_001759,Open-source value-added approach,Consumer Products,SUP_00922,426.17,880.62,Active,2025-08-03
PROD_001760,Innovative non-volatile success,Software,SUP_00662,3544.65,5197.05,Active,2024-09-22
PROD_001761,Realigned national adapter,Healthcare Equipment,,1980.93,2798.34,Active,2022-02-22
PROD_001762,Synergized full-range website,Consumer Products,SUP_00957,4285.44,7905.8,Active,2026-01-12
PROD_001763,Multi-channeled asymmetric collaboration,Unknown Category,SUP_00002,2619.86,4067.01,Active,2022-07-17
PROD_001764,Assimilated global implementation,,,1351.98,1853.39,Active,2024-06-10
PROD_001765,Down-sized object-oriented portal,Consumer Products,SUP_00275,3433.0,7117.41,Active,2023-02-21
PROD_001766,Right-sized bifurcated toolset,Automotive Parts,,4214.63,8145.55,Active,2025-02-16
PROD_001767,Triple-buffered foreground strategy,Industrial Equipment,SUP_00462,4880.56,7498.73,Active,2021-03-05
PROD_001768,Open-source background methodology,Consumer Products,SUP_00688,4060.78,7611.45,Active,2025-10-26
PROD_001769,Multi-layered local framework,Electronics,,854.37,2014.86,Active,2022-03-10
PROD_001770,Innovative context-sensitive budgetary management,Industrial Equipment,,374.72,780.29,Active,2023-01-21
PROD_001771,Automated zero-defect customer loyalty,Automotive Parts,SUP_00766,1849.88,2668.82,Active,2026-01-07
PROD_001772,Organic motivating algorithm,Software,SUP_00216,919.79,1799.21,Active,2025-05-22
PROD_001773,Profit-focused coherent core,Consumer Products,SUP_00972,2604.87,4067.59,Active,2022-11-14
PROD_001774,Polarized upward-trending moderator,Electronics,SUP_00948,1529.37,2157.22,Active,2022-09-15
PROD_001775,Inverse client-server throughput,Consumer Products,SUP_00068,1982.36,3392.4,Active,2025-10-15
PROD_001776,Programmable systematic capacity,Healthcare Equipment,SUP_00591,548.07,859.38,Active,2022-02-16
PROD_001777,Automated logistical info-mediaries,Software,,2327.51,3284.47,Active,2024-12-02
PROD_001778,Programmable bifurcated ability,Healthcare Equipment,SUP_00513,4488.9,6439.12,Active,2022-09-16
PROD_001779,Balanced systemic policy,Industrial Equipment,SUP_00100,680.67,1370.19,Active,2025-10-15
PROD_001780,Managed maximized analyzer,Automotive Parts,SUP_00731,4780.42,10480.21,Inactive,2021-07-26
PROD_001781,Visionary stable synergy,Industrial Equipment,SUP_00663,882.64,2008.29,Active,2022-09-19
PROD_001782,Re-engineered well-modulated function,Software,SUP_00041,2320.32,4788.95,Active,2024-07-05
PROD_001783,Expanded fresh-thinking customer loyalty,Consumer Products,SUP_00759,3058.43,5188.18,Active,2022-01-22
PROD_001784,Grass-roots national functionalities,Electronics,SUP_00686,2423.3,3988.33,Discontinued,2025-03-31
PROD_001785,Synchronized bottom-line flexibility,Automotive Parts,SUP_00044,1898.55,3166.35,Inactive,2021-10-27
PROD_001786,Grass-roots bifurcated access,Electronics,SUP_00870,3505.96,5411.14,Active,2026-04-07
PROD_001787,Realigned multimedia benchmark,Industrial Equipment,SUP_00112,2021.34,3681.22,Active,2022-02-19
PROD_001788,Monitored neutral functionalities,Software,SUP_00553,4364.18,7650.84,Active,2022-06-28
PROD_001789,Triple-buffered executive orchestration,Software,SUP_00433,2225.35,4050.22,Active,2022-05-07
PROD_001790,Compatible fault-tolerant pricing structure,Industrial Equipment,SUP_00994,2133.44,5222.48,Active,2025-11-25
PROD_001791,Quality-focused leadingedge application,Healthcare Equipment,SUP_00327,591.31,997.15,Active,2021-09-18
PROD_001792,Phased systematic application,Automotive Parts,SUP_00956,4312.51,5415.46,Active,2021-08-01
PROD_001793,Business-focused background interface,,,1103.61,2265.51,Active,2023-02-26
PROD_001794,Triple-buffered radical parallelism,Software,SUP_00965,669.19,886.82,Active,2024-06-16
PROD_001795,Team-oriented tangible knowledge user,Software,SUP_00897,2104.24,3348.63,Active,2024-05-21
PROD_001796,Integrated full-range customer loyalty,Industrial Equipment,SUP_00200,4192.79,10456.41,Active,2024-12-01
PROD_001797,Synchronized national artificial intelligence,Software,SUP_00087,2467.13,3962.02,Active,2026-05-08
PROD_001798,Versatile well-modulated Local Area Network,Industrial Equipment,SUP_00746,3930.45,6242.43,Active,2024-02-13
PROD_001799,Cross-group tangible Local Area Network,Software,SUP_00691,4797.61,11547.71,Inactive,2021-07-15
PROD_001800,Integrated systemic project,Software,SUP_00481,1406.51,3223.8,Active,2024-11-25
PROD_001801,Persistent methodical emulation,Consumer Products,SUP_00659,4187.88,5656.38,Active,2026-03-16
PROD_001802,Digitized reciprocal firmware,Consumer Products,SUP_00167,1018.94,2309.02,Inactive,2026-01-06
PROD_001803,Object-based contextually-based standardization,Industrial Equipment,SUP_00473,4380.74,9602.17,Active,2026-01-15
PROD_001804,Managed zero tolerance Graphic Interface,Industrial Equipment,SUP_00490,4808.61,8509.36,Active,2023-06-29
PROD_001805,Assimilated asymmetric leverage,Healthcare Equipment,SUP_00350,3038.53,3926.11,Active,2021-08-15
PROD_001806,Polarized maximized concept,Healthcare Equipment,SUP_00960,2351.03,4705.1,Active,2022-07-21
PROD_001807,Monitored real-time orchestration,Industrial Equipment,SUP_00411,2564.09,4778.41,Inactive,2021-09-13
PROD_001808,Customer-focused impactful structure,Automotive Parts,SUP_00867,3172.71,5145.95,Active,2025-05-18
PROD_001809,Inverse next generation projection,Consumer Products,SUP_00268,1743.01,3962.77,Active,2021-05-23
PROD_001810,Innovative national Local Area Network,Healthcare Equipment,SUP_00342,515.6,1255.17,Active,2023-03-16
PROD_001811,Open-source disintermediate process improvement,Industrial Equipment,SUP_00010,1525.29,2602.65,Active,2022-05-04
PROD_001812,Diverse mission-critical info-mediaries,Healthcare Equipment,SUP_00637,2466.12,4934.96,Active,2021-05-13
PROD_001813,Expanded system-worthy parallelism,Unknown Category,SUP_00661,3614.5,7455.23,Active,2023-05-15
PROD_001814,Optional non-volatile toolset,Healthcare Equipment,SUP_00813,2116.37,4521.45,Active,2022-11-18
PROD_001815,Team-oriented disintermediate conglomeration,Industrial Equipment,SUP_00204,1000.48,2285.09,Active,2024-08-22
PROD_001816,Compatible user-facing structure,,SUP_00689,631.91,1571.43,Active,2024-02-26
PROD_001817,Pre-emptive bifurcated parallelism,Electronics,,3687.51,5756.85,Active,2024-04-10
PROD_001818,Inverse next generation attitude,Software,SUP_00885,1597.09,3808.26,Inactive,2025-07-07
PROD_001819,Enhanced fault-tolerant initiative,Automotive Parts,SUP_00425,1095.48,1722.97,Active,2021-05-20
PROD_001820,Customer-focused systemic policy,Industrial Equipment,SUP_00160,2016.08,2986.07,Active,2025-03-28
PROD_001821,Multi-tiered fresh-thinking methodology,Healthcare Equipment,SUP_00657,4635.09,11347.64,Active,2024-07-17
PROD_001822,Centralized background data-warehouse,Consumer Products,SUP_00268,828.32,1724.84,Active,2025-06-27
PROD_001823,Reduced web-enabled productivity,Software,SUP_00440,4453.95,7770.3,Discontinued,2025-06-13
PROD_001824,Versatile client-server protocol,Electronics,SUP_00612,252.71,470.52,Inactive,2021-10-27
PROD_001825,Public-key explicit info-mediaries,Consumer Products,SUP_00654,4419.77,10584.31,Active,2024-05-19
PROD_001826,Organized dedicated database,Unknown Category,SUP_00919,2807.18,6616.14,Discontinued,2024-09-29
PROD_001827,Intuitive exuding open system,Industrial Equipment,SUP_00610,1811.08,2603.26,Inactive,2025-05-13
PROD_001828,Synergistic exuding Internet solution,Industrial Equipment,SUP_00727,643.45,1159.98,Active,2024-12-10
PROD_001829,Monitored background paradigm,Software,SUP_00757,4457.82,8552.46,Inactive,2021-01-17
PROD_001830,Profound impactful capacity,Industrial Equipment,SUP_00465,989.77,1285.45,Active,2025-09-07
PROD_001831,Centralized holistic neural-net,Industrial Equipment,SUP_00891,4257.19,9069.33,Inactive,2026-04-26
PROD_001832,Adaptive tertiary open architecture,Consumer Products,SUP_00081,1617.16,3325.12,Active,2025-07-05
PROD_001833,Multi-channeled bifurcated forecast,Consumer Products,SUP_00834,4187.13,7161.96,Inactive,2025-10-03
PROD_001834,Front-line intermediate standardization,Consumer Products,SUP_00047,4420.04,8232.53,Active,2024-03-29
PROD_001835,Self-enabling foreground structure,Software,,3759.11,9218.59,Active,2023-02-07
PROD_001836,Multi-tiered intermediate moratorium,Electronics,SUP_00579,2672.88,5292.62,Active,2022-02-28
PROD_001837,Enhanced methodical challenge,Consumer Products,SUP_00542,3852.04,8315.6,Active,2022-01-13
PROD_001838,Networked high-level instruction set,Automotive Parts,SUP_00808,4197.31,5236.91,Inactive,2021-11-06
PROD_001839,Synchronized clear-thinking challenge,Electronics,,2985.27,7205.22,Active,2021-01-24
PROD_001840,Stand-alone 3rdgeneration circuit,Electronics,SUP_00365,3463.19,5590.88,Active,2024-12-18
PROD_001841,Pre-emptive stable Internet solution,Industrial Equipment,SUP_00517,3766.41,7609.55,Active,2026-05-10
PROD_001842,Devolved attitude-oriented challenge,Healthcare Equipment,SUP_00487,203.73,386.71,Inactive,2024-07-12
PROD_001843,Operative logistical toolset,Unknown Category,SUP_00607,4211.89,5033.74,Active,2024-10-26
PROD_001844,Optimized regional contingency,Healthcare Equipment,SUP_00814,2264.0,2824.81,Discontinued,2023-07-01
PROD_001845,Optimized neutral knowledge user,Electronics,SUP_00070,4615.42,7961.4,Discontinued,2023-02-11
PROD_001846,Face-to-face contextually-based interface,,SUP_00124,4657.62,5389.9,Active,2024-04-27
PROD_001847,Re-engineered modular superstructure,Unknown Category,SUP_00450,741.62,949.1,Active,2022-04-20
PROD_001848,Profit-focused encompassing installation,Electronics,SUP_00107,4042.15,5628.78,Discontinued,2026-02-02
PROD_001849,Re-engineered high-level alliance,Industrial Equipment,SUP_00858,1740.77,4057.24,Active,2026-05-17
PROD_001850,Re-contextualized mission-critical strategy,Software,SUP_00571,3648.54,7051.81,Active,2023-01-10
PROD_001851,Reduced mission-critical solution,Healthcare Equipment,SUP_00485,710.67,1590.41,Discontinued,2021-06-10
PROD_001852,Upgradable upward-trending moderator,Software,,2251.54,2730.41,Active,2026-05-28
PROD_001853,Versatile zero-defect focus group,Software,SUP_00961,686.69,1202.94,Inactive,2023-07-22
PROD_001854,Configurable multi-state pricing structure,Healthcare Equipment,SUP_00806,1273.67,2751.52,Active,2021-06-27
PROD_001855,Phased responsive support,Consumer Products,SUP_00018,4464.51,6318.16,Active,2024-08-24
PROD_001856,Synchronized asynchronous software,Consumer Products,SUP_00631,4684.39,10867.94,Discontinued,2024-06-25
PROD_001857,Reduced fault-tolerant pricing structure,Software,SUP_00288,3950.26,9024.53,Active,2021-04-16
PROD_001858,Mandatory national time-frame,Automotive Parts,SUP_00438,3558.39,5288.03,Active,2021-01-22
PROD_001859,Persevering multimedia leverage,,SUP_00675,177.42,285.72,Inactive,2024-02-26
PROD_001860,Managed intangible help-desk,Electronics,SUP_00685,2615.18,4615.6,Active,2026-04-11
PROD_001861,Implemented explicit concept,Industrial Equipment,SUP_00684,114.4,277.47,Active,2021-03-12
PROD_001862,Right-sized value-added framework,Electronics,SUP_00302,4624.88,5470.9,Active,2024-12-29
PROD_001863,Re-contextualized empowering approach,Electronics,SUP_00381,1135.64,1963.52,Active,2024-06-16
PROD_001864,Reduced composite orchestration,Healthcare Equipment,SUP_00739,777.13,1791.57,Active,2021-04-14
PROD_001865,Implemented user-facing process improvement,Automotive Parts,SUP_00481,237.21,312.2,Discontinued,2021-02-24
PROD_001866,Pre-emptive attitude-oriented capacity,Consumer Products,SUP_00175,620.74,803.51,Active,2023-10-12
PROD_001867,Grass-roots eco-centric capacity,Automotive Parts,SUP_00018,1321.91,1557.51,Active,2024-05-20
PROD_001868,Grass-roots eco-centric access,Industrial Equipment,,561.8,973.34,Active,2025-01-27
PROD_001869,Robust context-sensitive parallelism,Consumer Products,SUP_00059,1304.79,3157.23,Discontinued,2025-01-22
PROD_001870,Switchable local hub,Electronics,SUP_00191,1804.4,3003.51,Active,2025-06-09
PROD_001871,Fundamental zero tolerance standardization,Software,SUP_00566,2285.61,5271.95,Discontinued,2022-04-19
PROD_001872,Enterprise-wide multi-tasking alliance,Consumer Products,SUP_00812,2825.44,3611.83,Active,2022-11-19
PROD_001873,Configurable client-server policy,Software,SUP_00735,1070.7,2498.32,Active,2026-02-17
PROD_001874,Distributed modular system engine,Industrial Equipment,SUP_00899,3048.21,6352.52,Active,2026-06-17
PROD_001875,Visionary human-resource encoding,Automotive Parts,SUP_00617,2863.18,4991.48,Active,2024-08-18
PROD_001876,Up-sized scalable concept,Software,SUP_00952,4112.64,8141.51,Inactive,2022-02-27
PROD_001877,Upgradable grid-enabled application,Software,SUP_00391,4568.3,5983.51,Active,2024-07-12
PROD_001878,Versatile bifurcated application,Healthcare Equipment,SUP_00296,2585.89,3445.89,Active,2021-12-03
PROD_001879,Open-architected methodical framework,Consumer Products,SUP_00232,725.04,1026.32,Active,2023-08-14
PROD_001880,Versatile national emulation,Software,SUP_00381,2895.45,4902.2,Active,2023-02-01
PROD_001881,Triple-buffered human-resource leverage,Healthcare Equipment,SUP_00202,2178.77,5401.16,Active,2022-06-11
PROD_001882,Progressive intermediate access,,SUP_00264,3893.61,8415.5,Active,2022-08-03
PROD_001883,Organized homogeneous service-desk,Industrial Equipment,SUP_00706,4362.76,5108.16,Active,2022-09-26
PROD_001884,Progressive systemic analyzer,Automotive Parts,SUP_00004,1973.73,3378.21,Active,2021-07-15
PROD_001885,Public-key scalable help-desk,Software,SUP_00017,2587.29,4946.03,Active,2026-04-03
PROD_001886,Optional reciprocal projection,Electronics,SUP_00400,1949.77,4729.57,Active,2025-09-18
PROD_001887,Managed encompassing flexibility,Automotive Parts,SUP_00880,4136.38,6293.79,Active,2025-05-29
PROD_001888,Function-based solution-oriented paradigm,Consumer Products,SUP_00502,2440.91,5761.23,Discontinued,2023-02-24
PROD_001889,Visionary systematic synergy,Healthcare Equipment,SUP_00911,2106.42,3582.49,Active,2022-05-01
PROD_001890,Synergistic optimizing throughput,Electronics,SUP_00055,3807.03,6838.08,Active,2022-01-27
PROD_001891,Mandatory systematic solution,Consumer Products,SUP_00600,1496.9,3360.49,Active,2026-06-16
PROD_001892,Intuitive neutral access,Electronics,SUP_00696,2093.91,3927.37,Active,2024-09-11
PROD_001893,Cloned 24/7 installation,Industrial Equipment,SUP_00561,1261.76,2610.31,Active,2021-07-15
PROD_001894,Customer-focused systemic knowledge user,,,2084.26,4219.75,Active,2022-12-07
PROD_001895,Up-sized executive extranet,Automotive Parts,SUP_00916,1614.22,2540.86,Active,2022-01-23
PROD_001896,Assimilated regional array,Software,SUP_00667,3161.29,4041.09,Active,2021-04-25
PROD_001897,Right-sized stable data-warehouse,Healthcare Equipment,SUP_00709,1654.47,4085.75,Active,2026-03-22
PROD_001898,Sharable bottom-line strategy,Industrial Equipment,SUP_00439,610.02,990.89,Discontinued,2026-04-06
PROD_001899,Cross-group real-time capacity,Software,SUP_00694,4511.23,6186.22,Active,2023-01-25
PROD_001900,Virtual secondary open system,Healthcare Equipment,SUP_00685,3143.47,6708.09,Discontinued,2025-05-31
PROD_001901,Enterprise-wide bifurcated standardization,Unknown Category,,4753.55,5872.56,Active,2022-01-05
PROD_001902,Implemented maximized protocol,Automotive Parts,,4140.95,9870.3,Inactive,2026-02-21
PROD_001903,Sharable logistical focus group,Automotive Parts,SUP_00683,241.03,563.16,Active,2025-03-24
PROD_001904,Team-oriented static throughput,Healthcare Equipment,SUP_00423,2368.88,4637.59,Active,2025-03-25
PROD_001905,Function-based cohesive time-frame,Consumer Products,SUP_00510,212.36,364.72,Inactive,2021-05-29
PROD_001906,Vision-oriented analyzing implementation,Electronics,SUP_00734,3203.39,4382.91,Discontinued,2023-02-19
PROD_001907,Centralized empowering firmware,Electronics,SUP_00775,811.06,1941.95,Inactive,2021-12-23
PROD_001908,Cloned mobile customer loyalty,Software,SUP_00589,3560.44,5057.46,Active,2024-05-09
PROD_001909,Enhanced secondary matrix,Electronics,SUP_00411,1137.63,1981.99,Inactive,2021-08-06
PROD_001910,Quality-focused zero administration Internet solution,Consumer Products,SUP_00675,1523.48,3108.94,Active,2022-03-15
PROD_001911,Stand-alone bi-directional intranet,Automotive Parts,SUP_00470,4570.83,9011.79,Active,2024-12-06
PROD_001912,Customer-focused 5thgeneration archive,Software,SUP_00482,3155.61,4734.66,Active,2021-05-22
PROD_001913,Upgradable eco-centric time-frame,Software,SUP_00212,3690.41,5756.01,Active,2023-06-14
PROD_001914,Proactive coherent projection,Industrial Equipment,SUP_00154,554.67,940.87,Active,2024-07-08
PROD_001915,Automated static info-mediaries,Healthcare Equipment,SUP_00514,3482.87,4192.02,Inactive,2022-06-19
PROD_001916,Total full-range infrastructure,Healthcare Equipment,SUP_00241,3201.63,4638.11,Active,2024-02-27
PROD_001917,Profound tertiary throughput,Software,SUP_00902,3107.75,5488.41,Inactive,2023-09-12
PROD_001918,Optional impactful superstructure,Software,,4216.95,9411.5,Active,2025-04-16
PROD_001919,Cloned needs-based definition,Healthcare Equipment,SUP_00883,2060.11,4666.96,Active,2021-01-07
PROD_001920,Team-oriented zero-defect matrices,Automotive Parts,SUP_00907,1799.71,3629.98,Active,2021-09-01
PROD_001921,Public-key heuristic groupware,,SUP_00473,3982.2,5111.58,Active,2024-09-29
PROD_001922,Open-architected analyzing product,Automotive Parts,SUP_00522,2690.72,3285.96,Active,2026-06-24
PROD_001923,Stand-alone background hierarchy,Software,SUP_00114,4444.9,5725.28,Active,2023-12-09
PROD_001924,Mandatory attitude-oriented knowledgebase,Consumer Products,SUP_00815,1393.37,2489.49,Active,2025-03-06
PROD_001925,Implemented secondary customer loyalty,Automotive Parts,SUP_00761,608.34,1279.3,Discontinued,2021-12-21
PROD_001926,Balanced human-resource protocol,Consumer Products,SUP_00604,2018.29,3237.38,Active,2022-01-19
PROD_001927,Total human-resource benchmark,Industrial Equipment,SUP_00086,2781.55,5571.16,Active,2024-06-19
PROD_001928,Multi-channeled mobile artificial intelligence,Automotive Parts,SUP_00175,890.3,2184.47,Active,2025-11-11
PROD_001929,Organic user-facing core,Electronics,SUP_00775,1700.17,2986.04,Active,2021-10-08
PROD_001930,Ergonomic 4thgeneration success,Software,SUP_00075,2103.49,4499.74,Active,2026-06-22
PROD_001931,Front-line mobile info-mediaries,Industrial Equipment,SUP_00982,2798.04,5976.79,Active,2021-05-07
PROD_001932,Quality-focused secondary function,Software,SUP_00093,4759.64,7796.19,Inactive,2023-09-30
PROD_001933,Organized 3rdgeneration alliance,Software,SUP_00292,4470.17,7843.91,Active,2022-11-12
PROD_001934,Mandatory zero tolerance success,,SUP_00074,1187.03,1749.22,Active,2021-03-27
PROD_001935,Decentralized didactic workforce,Healthcare Equipment,SUP_00766,2826.98,3764.3,Active,2024-08-04
PROD_001936,Programmable logistical service-desk,Electronics,SUP_00820,2075.67,4483.69,Active,2025-10-12
PROD_001937,Public-key coherent support,,SUP_00747,4046.36,8821.23,Active,2024-03-08
PROD_001938,Compatible 5thgeneration support,Electronics,SUP_00836,4557.68,11162.24,Active,2021-10-12
PROD_001939,Streamlined 3rdgeneration leverage,Healthcare Equipment,SUP_00834,3151.96,6538.56,Active,2025-12-25
PROD_001940,Secured 6thgeneration encryption,Automotive Parts,SUP_00427,139.4,251.15,Active,2024-11-07
PROD_001941,De-engineered 24/7 conglomeration,Software,SUP_00167,1598.17,3621.76,Active,2024-06-23
PROD_001942,Integrated bandwidth-monitored knowledgebase,Software,SUP_00407,3163.08,4141.16,Active,2024-05-11
PROD_001943,Reverse-engineered asymmetric benchmark,Industrial Equipment,SUP_00959,51.2,67.65,Discontinued,2021-08-18
PROD_001944,Right-sized reciprocal definition,Consumer Products,SUP_00612,1206.36,2654.96,Active,2021-05-07
PROD_001945,Exclusive interactive Graphical User Interface,Consumer Products,SUP_00446,1899.35,3931.6,Active,2025-06-16
PROD_001946,User-centric systematic initiative,Healthcare Equipment,SUP_00253,4820.9,9051.84,Active,2022-10-13
PROD_001947,Synergized object-oriented moratorium,Software,SUP_00637,3532.47,7137.55,Active,2021-10-03
PROD_001948,Extended well-modulated analyzer,Industrial Equipment,SUP_00901,159.9,249.45,Discontinued,2024-04-04
PROD_001949,Managed asymmetric capability,Industrial Equipment,SUP_00187,2694.39,6095.07,Active,2022-07-04
PROD_001950,Versatile intangible concept,Electronics,SUP_00692,2522.77,5863.94,Active,2024-10-28
PROD_001951,Reactive composite intranet,Automotive Parts,SUP_00784,2881.67,5181.59,Active,2022-05-04
PROD_001952,Reduced 6thgeneration challenge,Industrial Equipment,SUP_00297,4691.82,5973.58,Active,2021-07-20
PROD_001953,Self-enabling reciprocal implementation,Electronics,SUP_00318,2209.26,3121.62,Inactive,2025-04-09
PROD_001954,Ameliorated mobile artificial intelligence,Software,SUP_00282,2457.64,3816.49,Active,2021-01-13
PROD_001955,Enhanced background strategy,,SUP_00641,1218.24,2602.4,Active,2024-07-31
PROD_001956,Horizontal intangible solution,Industrial Equipment,SUP_00687,83.6,113.4,Active,2025-06-08
PROD_001957,Visionary methodical solution,Consumer Products,SUP_00394,1479.61,1999.71,Active,2021-09-12
PROD_001958,Digitized scalable flexibility,Consumer Products,SUP_00957,2624.79,4311.23,Inactive,2023-11-16
PROD_001959,Open-source disintermediate conglomeration,Industrial Equipment,SUP_00306,1708.29,2442.57,Active,2024-05-09
PROD_001960,Automated radical contingency,Consumer Products,SUP_00925,3460.55,6628.57,Active,2024-12-09
PROD_001961,Seamless background product,Electronics,SUP_00547,4657.95,6054.13,Active,2025-07-16
PROD_001962,Innovative grid-enabled instruction set,Software,SUP_00366,2204.39,5352.78,Active,2021-01-10
PROD_001963,Front-line content-based capability,Software,SUP_00640,911.35,1984.03,Active,2026-06-03
PROD_001964,Cross-platform regional hierarchy,Healthcare Equipment,SUP_00012,1928.33,3536.25,Active,2025-09-27
PROD_001965,Quality-focused motivating definition,Software,SUP_00751,1510.79,3233.23,Inactive,2023-07-21
PROD_001966,Self-enabling stable database,,SUP_00546,533.21,1259.45,Active,2022-07-09
PROD_001967,Ergonomic bifurcated utilization,Electronics,SUP_00537,1829.74,2414.95,Active,2021-10-27
PROD_001968,Phased modular conglomeration,Automotive Parts,SUP_00180,1054.82,1856.51,Inactive,2021-11-17
PROD_001969,Balanced actuating project,Consumer Products,SUP_00256,529.74,1001.12,Active,2023-01-01
PROD_001970,Expanded intermediate extranet,Consumer Products,,3164.13,4290.84,Active,2022-11-02
PROD_001971,Virtual logistical analyzer,Software,SUP_00184,170.91,291.55,Active,2021-07-29
PROD_001972,Business-focused national conglomeration,Consumer Products,SUP_00899,1119.87,2181.15,Discontinued,2021-11-14
PROD_001973,Assimilated mobile migration,Healthcare Equipment,SUP_00983,4611.22,11394.25,Active,2021-08-21
PROD_001974,Front-line uniform intranet,Healthcare Equipment,SUP_00420,2093.56,4837.81,Active,2024-04-03
PROD_001975,Inverse intangible customer loyalty,Industrial Equipment,SUP_00520,3978.01,5034.41,Active,2025-02-07
PROD_001976,Inverse discrete time-frame,,SUP_00652,158.83,357.81,Active,2021-08-09
PROD_001977,Focused bandwidth-monitored encoding,,SUP_00916,2426.62,5462.68,Active,2025-01-19
PROD_001978,Exclusive homogeneous definition,Software,SUP_00334,2499.03,3325.15,Inactive,2021-05-28
PROD_001979,Reduced mobile application,Healthcare Equipment,SUP_00688,859.55,1027.53,Active,2025-11-22
PROD_001980,Digitized didactic pricing structure,Consumer Products,SUP_00353,937.52,1363.89,Active,2023-07-02
PROD_001981,Networked holistic challenge,Electronics,SUP_00743,4061.3,9039.42,Active,2023-07-08
PROD_001982,Ergonomic responsive help-desk,Consumer Products,SUP_00762,3377.78,7977.18,Active,2026-05-11
PROD_001983,Exclusive full-range capacity,Healthcare Equipment,SUP_00562,3933.46,5018.91,Active,2021-03-06
PROD_001984,Re-contextualized analyzing focus group,,SUP_00140,4159.45,10152.3,Active,2021-10-01
PROD_001985,Persistent logistical instruction set,Software,,150.39,270.28,Active,2021-12-10
PROD_001986,Mandatory directional frame,Automotive Parts,SUP_00559,667.25,1295.39,Inactive,2024-04-25
PROD_001987,Sharable reciprocal concept,Electronics,,3803.6,8449.33,Active,2024-03-05
PROD_001988,Reactive discrete array,Electronics,SUP_00594,3217.78,7437.39,Discontinued,2023-04-06
PROD_001989,Programmable mobile data-warehouse,Healthcare Equipment,SUP_00855,1938.01,2434.52,Active,2024-04-01
PROD_001990,Persistent even-keeled access,Electronics,SUP_00820,698.11,1458.98,Active,2025-01-04
PROD_001991,User-centric dynamic encryption,Automotive Parts,,371.75,841.7,Active,2022-10-19
PROD_001992,Reduced directional parallelism,,SUP_00917,4327.94,7691.56,Active,2026-03-14
PROD_001993,Re-engineered 24hour instruction set,Automotive Parts,SUP_00581,4025.22,6975.45,Inactive,2026-05-21
PROD_001994,Balanced methodical superstructure,Healthcare Equipment,SUP_00584,891.45,1428.73,Active,2025-03-22
PROD_001995,Automated interactive moderator,Software,SUP_00619,859.94,1133.95,Active,2023-03-03
PROD_001996,Total bandwidth-monitored knowledge user,Software,SUP_00373,4405.06,5333.95,Active,2023-09-21
PROD_001997,Configurable next generation system engine,Software,SUP_00620,2209.69,5411.77,Inactive,2021-01-25
PROD_001998,Upgradable incremental data-warehouse,Software,SUP_00256,3824.73,8701.49,Active,2021-09-24
PROD_001999,Implemented disintermediate project,Industrial Equipment,SUP_00181,2378.84,4430.68,Discontinued,2026-06-27
PROD_002000,Ameliorated mission-critical secured line,Industrial Equipment,SUP_00400,1205.31,2123.82,Active,2022-09-04
PROD_002001,Triple-buffered logistical orchestration,Software,SUP_00348,2264.3,5018.41,Active,2025-02-08
PROD_002002,Assimilated logistical Local Area Network,Automotive Parts,SUP_00435,823.84,1433.48,Active,2025-03-29
PROD_002003,Triple-buffered impactful contingency,Software,SUP_00099,2370.65,3666.4,Active,2025-05-04
PROD_002004,Multi-layered responsive Local Area Network,Electronics,SUP_00423,2146.02,3959.73,Active,2024-11-13
PROD_002005,Adaptive responsive archive,Electronics,SUP_00855,4270.07,6397.5,Active,2023-02-12
PROD_002006,Team-oriented full-range moderator,Healthcare Equipment,,1699.55,3319.75,Active,2021-03-07
PROD_002007,Optimized web-enabled flexibility,Consumer Products,SUP_00902,4849.31,10462.11,Active,2024-11-01
PROD_002008,Seamless needs-based orchestration,Electronics,SUP_00676,2969.16,5217.95,Inactive,2025-05-13
PROD_002009,Synergized attitude-oriented process improvement,Consumer Products,SUP_00437,1619.15,3719.97,Inactive,2025-11-02
PROD_002010,User-centric analyzing migration,Automotive Parts,SUP_00743,4170.87,9586.96,Active,2026-03-12
PROD_002011,Synergistic high-level application,Software,SUP_00983,57.84,107.38,Active,2021-08-11
PROD_002012,Multi-lateral maximized process improvement,Healthcare Equipment,SUP_00815,3873.43,8435.25,Discontinued,2021-03-23
PROD_002013,Multi-lateral context-sensitive project,Healthcare Equipment,SUP_00008,2874.88,6258.47,Active,2024-01-26
PROD_002014,Cloned next generation strategy,Consumer Products,SUP_00980,1305.53,1903.31,Active,2025-04-01
PROD_002015,Devolved full-range encoding,Electronics,SUP_00186,1580.88,2067.45,Discontinued,2023-12-19
PROD_002016,Streamlined mission-critical support,Industrial Equipment,SUP_00205,1035.46,2012.31,Active,2026-02-27
PROD_002017,Reduced tangible database,Healthcare Equipment,SUP_00718,999.59,1599.99,Active,2025-02-19
PROD_002018,Virtual directional Graphic Interface,Healthcare Equipment,SUP_00751,405.48,875.38,Active,2022-12-09
PROD_002019,Future-proofed motivating software,Healthcare Equipment,SUP_00793,1337.31,2598.9,Active,2023-04-29
PROD_002020,Business-focused asymmetric hub,Automotive Parts,SUP_00648,1583.15,2337.75,Active,2022-11-24
PROD_002021,Pre-emptive motivating moderator,Industrial Equipment,SUP_00383,3666.89,8761.35,Discontinued,2025-07-23
PROD_002022,Phased tertiary monitoring,,SUP_00826,1940.8,4738.85,Active,2024-09-22
PROD_002023,Public-key explicit knowledge user,Consumer Products,SUP_00735,3806.5,7114.83,Active,2024-05-30
PROD_002024,Synergistic system-worthy workforce,Consumer Products,SUP_00478,550.39,862.43,Active,2026-05-17
PROD_002025,Cloned content-based knowledgebase,Electronics,SUP_00390,523.09,617.48,Active,2021-06-25
PROD_002026,Object-based context-sensitive forecast,Healthcare Equipment,SUP_00813,4543.69,9649.43,Active,2026-04-07
PROD_002027,Compatible bi-directional concept,Automotive Parts,SUP_00353,3920.67,5332.6,Active,2022-07-08
PROD_002028,Total client-server methodology,Consumer Products,SUP_00077,596.53,1023.85,Active,2021-10-29
PROD_002029,Expanded multi-state product,Electronics,SUP_00172,726.84,1585.56,Active,2021-02-15
PROD_002030,Operative systemic moratorium,Software,,477.8,1065.0,Inactive,2026-02-13
PROD_002031,Phased grid-enabled instruction set,Consumer Products,SUP_00477,4344.01,6681.92,Active,2023-06-10
PROD_002032,Stand-alone 3rdgeneration frame,Consumer Products,SUP_00673,892.21,1406.78,Active,2022-01-15
PROD_002033,Ameliorated discrete model,Automotive Parts,SUP_00464,4862.54,6598.67,Active,2024-07-17
PROD_002034,Open-source optimal Graphical User Interface,Consumer Products,SUP_00785,3001.1,7162.19,Active,2024-08-08
PROD_002035,Inverse mobile parallelism,,SUP_00563,3275.81,6918.55,Active,2024-08-28
PROD_002036,Progressive neutral intranet,Consumer Products,SUP_00236,1298.4,3168.73,Discontinued,2023-07-08
PROD_002037,Re-contextualized clear-thinking utilization,Healthcare Equipment,SUP_00527,4238.66,7462.74,Active,2022-09-07
PROD_002038,Fundamental discrete matrices,Consumer Products,SUP_00549,2160.71,4052.44,Active,2023-01-17
PROD_002039,Horizontal zero administration application,Industrial Equipment,SUP_00987,3917.71,8102.07,Active,2021-10-25
PROD_002040,Horizontal logistical concept,Consumer Products,SUP_00931,2807.39,6212.53,Active,2024-05-25
PROD_002041,Diverse transitional monitoring,Healthcare Equipment,SUP_00317,1462.54,3569.22,Active,2022-07-27
PROD_002042,Enhanced tertiary solution,Industrial Equipment,SUP_00920,4093.94,5413.12,Inactive,2025-12-20
PROD_002043,Distributed cohesive encoding,Healthcare Equipment,SUP_00550,4088.48,9131.47,Inactive,2021-08-23
PROD_002044,Intuitive object-oriented capacity,Consumer Products,SUP_00428,4848.34,11856.59,Active,2023-06-04
PROD_002045,Multi-layered contextually-based database,Industrial Equipment,SUP_00277,876.93,2183.84,Active,2024-02-03
PROD_002046,Automated static functionalities,Software,SUP_00575,1476.6,2210.38,Active,2026-05-16
PROD_002047,Digitized holistic knowledge user,Healthcare Equipment,SUP_00319,4828.78,10010.97,Inactive,2023-12-19
PROD_002048,Diverse national framework,Electronics,,441.97,799.33,Active,2021-09-01
PROD_002049,Assimilated impactful methodology,Industrial Equipment,SUP_00732,1996.19,3340.59,Active,2025-03-22
PROD_002050,Persevering foreground collaboration,Software,SUP_00707,4996.62,7553.97,Active,2021-01-09
PROD_002051,User-centric needs-based middleware,Healthcare Equipment,SUP_00453,1505.11,2169.37,Active,2022-10-27
PROD_002052,Triple-buffered explicit leverage,Electronics,SUP_00329,574.28,674.88,Inactive,2025-12-03
PROD_002053,Versatile object-oriented secured line,Software,SUP_00105,3997.84,7500.71,Active,2021-10-23
PROD_002054,Re-contextualized upward-trending intranet,Healthcare Equipment,SUP_00259,3697.19,7253.42,Active,2022-11-11
PROD_002055,Customizable upward-trending matrices,Consumer Products,SUP_00763,4641.21,5752.74,Active,2025-12-11
PROD_002056,Devolved systematic neural-net,Industrial Equipment,SUP_00387,56.71,103.27,Inactive,2021-08-23
PROD_002057,Assimilated impactful process improvement,Automotive Parts,SUP_00266,4403.02,7962.51,Active,2025-08-14
PROD_002058,Organized heuristic array,Electronics,SUP_00105,2465.79,3351.01,Active,2022-10-17
PROD_002059,Robust secondary core,Consumer Products,SUP_00949,-100.0,6422.36,Active,2024-03-16
PROD_002060,Face-to-face zero tolerance throughput,Automotive Parts,,3807.19,7007.13,Active,2022-07-12
PROD_002061,Ameliorated attitude-oriented monitoring,Consumer Products,SUP_00385,4230.38,8190.79,Discontinued,2025-08-31
PROD_002062,Synergistic static array,Software,SUP_00564,4178.85,9317.5,Active,2026-05-12
PROD_002063,Object-based content-based matrix,Software,SUP_00231,2180.94,3883.77,Active,2022-09-30
PROD_002064,Robust multimedia approach,Consumer Products,SUP_00417,2735.61,6759.42,Inactive,2025-12-28
PROD_002065,Multi-lateral hybrid circuit,Electronics,SUP_00851,2312.27,4552.38,Active,2024-12-07
PROD_002066,Optimized holistic info-mediaries,Electronics,SUP_00280,2153.76,3277.71,Active,2023-01-18
PROD_002067,Horizontal grid-enabled hardware,Industrial Equipment,SUP_00098,1564.7,3757.98,Active,2022-09-11
PROD_002068,Organized next generation array,Software,SUP_00652,3273.33,7157.97,Discontinued,2022-03-09
PROD_002069,Organic user-facing instruction set,Healthcare Equipment,SUP_00078,604.89,1055.55,Active,2025-06-01
PROD_002070,Horizontal cohesive workforce,Healthcare Equipment,SUP_00887,2004.26,4884.36,Active,2024-12-31
PROD_002071,Optimized upward-trending instruction set,Electronics,SUP_00902,90.58,214.08,Discontinued,2021-10-07
PROD_002072,Reverse-engineered radical array,Automotive Parts,SUP_00522,114.73,158.53,Active,2021-10-16
PROD_002073,Innovative methodical moderator,,SUP_00046,364.86,528.48,Active,2026-06-03
PROD_002074,Cloned optimizing system engine,Software,SUP_00579,347.36,552.1,Active,2023-01-24
PROD_002075,Adaptive incremental productivity,Healthcare Equipment,SUP_00849,2691.94,3618.44,Active,2026-01-09
PROD_002076,Operative context-sensitive open architecture,Consumer Products,SUP_00555,922.16,1815.17,Active,2023-07-17
PROD_002077,Re-contextualized web-enabled challenge,Healthcare Equipment,SUP_00467,1612.49,2043.62,Active,2022-02-04
PROD_002078,Multi-tiered explicit neural-net,Software,SUP_00353,2168.7,44212.9,Active,2023-09-12
PROD_002079,Innovative optimal framework,Electronics,SUP_00156,2618.74,5153.09,Discontinued,2023-09-19
PROD_002080,User-centric maximized definition,Healthcare Equipment,SUP_00712,2382.3,4583.76,Discontinued,2021-02-23
PROD_002081,Adaptive coherent firmware,Software,SUP_00598,1648.74,2424.13,Active,2022-08-26
PROD_002082,Sharable scalable leverage,Consumer Products,SUP_00973,3733.04,6829.02,Active,2021-09-07
PROD_002083,Synchronized executive instruction set,Consumer Products,SUP_00738,2555.11,5412.35,Inactive,2021-12-26
PROD_002084,Team-oriented secondary encryption,,SUP_00874,4240.48,5242.16,Active,2021-02-27
PROD_002085,Virtual even-keeled methodology,Healthcare Equipment,SUP_00165,4508.3,10197.5,Active,2026-06-18
PROD_002086,Cloned radical synergy,Software,SUP_00799,3647.02,8834.96,Inactive,2022-12-27
PROD_002087,Polarized non-volatile Internet solution,Electronics,SUP_00121,3345.29,4812.36,Active,2025-10-08
PROD_002088,Self-enabling systemic leverage,Electronics,SUP_00013,807.16,1806.94,Active,2026-05-09
PROD_002089,Decentralized holistic migration,Healthcare Equipment,SUP_00840,1444.31,2598.18,Active,2025-01-10
PROD_002090,Ameliorated empowering complexity,,SUP_00520,2159.27,3321.38,Active,2024-03-12
PROD_002091,Digitized foreground Local Area Network,Automotive Parts,SUP_00766,1204.6,2579.05,Active,2025-10-28
PROD_002092,Devolved heuristic complexity,Industrial Equipment,SUP_00308,3815.27,6863.58,Discontinued,2021-04-17
PROD_002093,Multi-lateral intangible productivity,Electronics,SUP_00514,3752.22,5312.62,Inactive,2026-01-04
PROD_002094,Multi-channeled actuating frame,Healthcare Equipment,SUP_00475,1838.27,2643.51,Active,2022-08-09
PROD_002095,Sharable asynchronous migration,Industrial Equipment,SUP_00982,2484.79,2923.29,Active,2022-01-24
PROD_002096,Self-enabling contextually-based task-force,Healthcare Equipment,SUP_00159,4498.26,6171.3,Inactive,2021-07-09
PROD_002097,Versatile composite moratorium,Industrial Equipment,SUP_00677,679.55,1147.12,Active,2022-10-10
PROD_002098,Intuitive systemic website,Consumer Products,SUP_00479,1353.07,2572.08,Active,2022-08-27
PROD_002099,Synergized tangible solution,Automotive Parts,SUP_00821,1728.86,2247.41,Active,2022-12-29
PROD_002100,Public-key optimal help-desk,Automotive Parts,SUP_00940,1788.66,4017.64,Active,2025-07-10
PROD_002101,Advanced client-driven model,Consumer Products,SUP_00877,2207.45,3886.37,Active,2022-07-19
PROD_002102,Vision-oriented mobile installation,Software,SUP_00419,965.38,1258.22,Active,2022-11-14
PROD_002103,Diverse bi-directional data-warehouse,Industrial Equipment,SUP_00160,746.23,1580.11,Active,2021-11-07
PROD_002104,Face-to-face content-based utilization,Software,SUP_00468,2558.51,3379.37,Active,2025-12-05
PROD_002105,Seamless system-worthy moderator,Electronics,SUP_00940,1328.41,2389.89,Discontinued,2025-08-25
PROD_002106,Universal neutral standardization,Automotive Parts,SUP_00456,4214.72,7207.36,Inactive,2025-02-26
PROD_002107,Customizable intangible knowledgebase,Software,SUP_00892,3349.74,6589.66,Active,2026-01-12
PROD_002108,Customizable clear-thinking adapter,Automotive Parts,SUP_00078,3120.43,4828.23,Active,2023-08-20
PROD_002109,Integrated system-worthy hierarchy,Healthcare Equipment,SUP_00007,2906.41,4685.3,Active,2021-10-06
PROD_002110,Organic radical model,Automotive Parts,SUP_00070,679.55,847.85,Inactive,2025-03-12
PROD_002111,Mandatory context-sensitive strategy,Software,SUP_00848,3268.97,5211.25,Active,2022-09-04
PROD_002112,User-friendly bottom-line definition,Industrial Equipment,SUP_00309,1748.07,2979.49,Active,2021-09-16
PROD_002113,Team-oriented client-server solution,Automotive Parts,,4720.65,5695.65,Active,2022-03-31
PROD_002114,De-engineered demand-driven capacity,Consumer Products,SUP_00616,4604.98,5601.33,Active,2026-05-23
PROD_002115,Optimized system-worthy task-force,Software,SUP_00356,1247.54,2910.5,Active,2025-04-22
PROD_002116,Compatible 3rdgeneration time-frame,Software,SUP_00517,4668.91,9511.58,Active,2023-08-30
PROD_002117,Optional 6thgeneration customer loyalty,,SUP_00778,4604.56,8218.68,Active,2021-08-05
PROD_002118,Switchable multimedia parallelism,Industrial Equipment,SUP_00088,2435.09,3209.12,Active,2021-04-29
PROD_002119,Decentralized eco-centric analyzer,Electronics,SUP_00447,2892.75,5755.82,Active,2021-05-13
PROD_002120,Synchronized 24/7 system engine,Software,SUP_00794,4311.99,8542.45,Active,2021-07-13
PROD_002121,Decentralized real-time database,Automotive Parts,SUP_00597,2119.1,4054.9,Active,2024-03-24
PROD_002122,Exclusive contextually-based secured line,Software,SUP_00931,3595.95,5224.01,Active,2022-12-07
PROD_002123,Cross-group client-server synergy,Electronics,SUP_00250,606.9,775.68,Active,2026-03-05
PROD_002124,Reduced grid-enabled help-desk,Consumer Products,SUP_00334,2946.35,5150.03,Active,2021-11-19
PROD_002125,Profit-focused zero-defect superstructure,Automotive Parts,SUP_00847,4061.64,8452.67,Active,2024-05-14
PROD_002126,Profit-focused non-volatile architecture,Healthcare Equipment,SUP_00217,1589.32,2041.56,Active,2021-07-18
PROD_002127,Reduced well-modulated access,Software,SUP_00475,4903.33,8907.85,Active,2023-11-27
PROD_002128,Universal content-based forecast,Industrial Equipment,SUP_00703,1644.3,3175.29,Active,2021-12-11
PROD_002129,Versatile national ability,Healthcare Equipment,SUP_00953,832.73,1338.21,Active,2026-05-08
PROD_002130,Cross-platform didactic middleware,Software,SUP_00371,2680.86,6238.41,Active,2025-09-04
PROD_002131,Phased high-level standardization,Healthcare Equipment,SUP_00553,781.34,1350.13,Active,2024-03-28
PROD_002132,Organic systematic benchmark,Automotive Parts,SUP_00134,1117.42,1411.45,Active,2021-12-29
PROD_002133,Multi-channeled homogeneous interface,Industrial Equipment,SUP_00573,4154.45,7266.58,Active,2022-03-06
PROD_002134,Focused incremental budgetary management,Industrial Equipment,SUP_00095,4204.0,8540.59,Active,2025-03-08
PROD_002135,Intuitive bottom-line Local Area Network,Electronics,SUP_00762,2988.37,4099.0,Active,2021-08-10
PROD_002136,Devolved modular task-force,,,1998.91,2912.45,Active,2022-12-26
PROD_002137,Horizontal next generation success,Automotive Parts,SUP_00896,-100.0,1737.03,Active,2021-03-23
PROD_002138,Inverse modular budgetary management,Industrial Equipment,SUP_00546,3791.17,9295.64,Active,2023-02-11
PROD_002139,Persevering radical support,Automotive Parts,SUP_00022,4060.12,6128.0,Active,2022-09-18
PROD_002140,Organic directional neural-net,Consumer Products,SUP_00351,4936.06,9387.34,Active,2023-03-29
PROD_002141,Optimized content-based architecture,Automotive Parts,SUP_00861,892.15,1943.59,Inactive,2025-11-30
PROD_002142,Phased systematic hub,Consumer Products,SUP_00580,181.68,346.77,Active,2021-12-26
PROD_002143,Synergistic mobile service-desk,Software,SUP_00855,3935.53,5546.13,Active,2021-07-30
PROD_002144,Organic multi-state protocol,Electronics,SUP_00250,4772.76,10483.21,Inactive,2024-09-19
PROD_002145,Decentralized client-server infrastructure,Industrial Equipment,SUP_00759,974.56,1680.64,Active,2023-03-15
PROD_002146,Reverse-engineered bi-directional support,Healthcare Equipment,SUP_00733,3058.16,5143.43,Active,2026-01-31
PROD_002147,Down-sized asymmetric hierarchy,,SUP_00489,3484.53,7043.24,Active,2026-05-11
PROD_002148,Mandatory dedicated policy,Healthcare Equipment,SUP_00173,3786.62,7670.7,Active,2025-08-21
PROD_002149,Open-architected bottom-line emulation,Unknown Category,SUP_00799,106.38,222.36,Active,2025-08-09
PROD_002150,Up-sized modular focus group,Healthcare Equipment,SUP_00608,4099.02,7965.98,Active,2025-03-15
PROD_002151,Visionary optimal parallelism,Electronics,SUP_00576,1734.9,3111.31,Active,2022-07-02
PROD_002152,Stand-alone impactful help-desk,Healthcare Equipment,SUP_00949,868.58,2145.32,Active,2023-08-13
PROD_002153,Robust impactful matrix,Software,SUP_00480,4572.21,8500.82,Active,2023-10-23
PROD_002154,Digitized zero administration knowledgebase,Industrial Equipment,SUP_00719,3168.67,5100.85,Active,2021-08-05
PROD_002155,Function-based mobile methodology,Healthcare Equipment,SUP_00969,2515.74,4861.35,Active,2022-04-09
PROD_002156,Devolved 4thgeneration attitude,Automotive Parts,,465.29,567.92,Active,2025-01-20
PROD_002157,Cloned modular service-desk,Electronics,,563.68,1266.84,Active,2021-02-23
PROD_002158,Enhanced homogeneous portal,Software,SUP_00051,3984.25,5188.92,Active,2024-09-24
PROD_002159,Distributed exuding process improvement,,SUP_00042,4369.24,8018.91,Inactive,2024-06-04
PROD_002160,Virtual asynchronous protocol,Automotive Parts,SUP_00263,669.14,807.0,Active,2025-02-16
PROD_002161,Visionary modular utilization,Software,SUP_00758,2823.74,3330.17,Active,2023-07-24
PROD_002162,Implemented stable methodology,Software,SUP_00464,2906.76,6099.15,Active,2023-09-11
PROD_002163,Fundamental needs-based Graphical User Interface,,SUP_00736,734.41,1270.64,Active,2025-06-12
PROD_002164,Quality-focused needs-based adapter,Healthcare Equipment,SUP_00265,198.6,334.89,Active,2026-03-26
PROD_002165,Automated intermediate capability,Healthcare Equipment,SUP_00026,2607.84,5882.75,Active,2023-02-09
PROD_002166,Intuitive homogeneous intranet,Software,SUP_00566,1609.29,3101.09,Discontinued,2023-07-12
PROD_002167,Automated context-sensitive open architecture,Software,SUP_00864,1180.36,1708.16,Active,2024-08-15
PROD_002168,Vision-oriented exuding strategy,Consumer Products,SUP_00984,3885.67,6528.67,Active,2021-11-26
PROD_002169,Optional client-driven function,Automotive Parts,SUP_00706,1416.79,3408.79,Active,2024-12-06
PROD_002170,Pre-emptive well-modulated budgetary management,Unknown Category,SUP_00209,3770.81,6489.08,Active,2024-02-16
PROD_002171,Pre-emptive stable neural-net,,SUP_00432,2640.13,3196.95,Discontinued,2024-10-06
PROD_002172,Re-engineered methodical leverage,Consumer Products,SUP_00855,3742.03,8317.85,Active,2024-02-02
PROD_002173,Diverse motivating approach,Software,SUP_00389,3143.88,7240.11,Inactive,2023-02-25
PROD_002174,Proactive optimizing implementation,,SUP_00533,1925.49,2304.56,Active,2024-05-22
PROD_002175,Multi-channeled zero administration forecast,Software,SUP_00664,4375.42,5739.52,Active,2022-10-05
PROD_002176,Assimilated optimizing analyzer,Industrial Equipment,SUP_00251,4080.79,7555.79,Inactive,2021-09-15
PROD_002177,Multi-lateral grid-enabled workforce,Automotive Parts,SUP_00924,832.56,1097.64,Active,2025-01-28
PROD_002178,Assimilated well-modulated product,Software,SUP_00664,766.32,1720.51,Active,2022-11-16
PROD_002179,Cross-platform interactive hardware,Consumer Products,SUP_00828,4719.33,8789.72,Active,2026-06-13
PROD_002180,Open-source grid-enabled approach,Electronics,SUP_00624,1663.16,2980.61,Active,2024-08-19
PROD_002181,Fully-configurable disintermediate project,Electronics,SUP_00955,4691.93,10856.69,Inactive,2022-09-19
PROD_002182,Configurable system-worthy architecture,Automotive Parts,SUP_00478,3304.35,7792.78,Active,2025-10-10
PROD_002183,Customizable global concept,Consumer Products,,2108.14,4135.04,Active,2021-02-09
PROD_002184,Inverse 5thgeneration knowledgebase,Healthcare Equipment,SUP_00721,1260.85,2720.0,Active,2024-08-12
PROD_002185,Optimized non-volatile migration,Healthcare Equipment,SUP_00650,3894.2,7381.46,Active,2025-12-14
PROD_002186,Future-proofed 3rdgeneration standardization,Software,SUP_00304,2432.31,4824.31,Active,2023-08-01
PROD_002187,Ameliorated foreground implementation,Software,SUP_00874,4810.12,8852.94,Active,2024-02-19
PROD_002188,Inverse object-oriented attitude,Electronics,SUP_01000,1807.9,3072.84,Active,2025-06-10
PROD_002189,Cross-platform system-worthy service-desk,Software,SUP_00999,2740.18,4990.3,Active,2022-02-18
PROD_002190,Proactive motivating workforce,Industrial Equipment,SUP_00068,887.06,1171.17,Discontinued,2025-03-15
PROD_002191,Mandatory composite pricing structure,Consumer Products,SUP_00217,3314.48,5609.5,Discontinued,2022-08-24
PROD_002192,Optional dedicated methodology,Software,SUP_00462,-100.0,6355.28,Discontinued,2024-06-28
PROD_002193,Compatible national data-warehouse,Consumer Products,SUP_00042,4277.04,5912.85,Active,2022-07-31
PROD_002194,Business-focused exuding orchestration,Consumer Products,SUP_00484,1391.0,3205.98,Active,2023-03-18
PROD_002195,Face-to-face regional synergy,Electronics,,1405.88,1996.11,Active,2026-04-06
PROD_002196,Universal optimal attitude,Electronics,SUP_00432,2837.48,3285.21,Active,2024-04-02
PROD_002197,Future-proofed asymmetric open system,Industrial Equipment,SUP_00118,946.91,1947.91,Active,2025-05-27
PROD_002198,Phased interactive database,Electronics,SUP_00525,50.26,122.52,Inactive,2022-11-28
PROD_002199,Compatible solution-oriented framework,Healthcare Equipment,SUP_00740,2795.25,6396.34,Active,2023-10-10
PROD_002200,Innovative intermediate protocol,Automotive Parts,,4150.8,7786.87,Active,2023-12-20
PROD_002201,Exclusive intangible initiative,Automotive Parts,SUP_00993,2095.36,4890.02,Active,2022-05-20
PROD_002202,Profound logistical secured line,Automotive Parts,,2051.6,2807.93,Active,2025-03-12
PROD_002203,Enterprise-wide 3rdgeneration product,Automotive Parts,SUP_00787,1908.12,2816.65,Active,2024-11-11
PROD_002204,Enterprise-wide object-oriented methodology,Industrial Equipment,SUP_00397,68.65,137.46,Active,2022-03-04
PROD_002205,User-friendly maximized flexibility,Automotive Parts,SUP_00536,2284.54,3388.89,Inactive,2026-02-23
PROD_002206,Public-key reciprocal throughput,Healthcare Equipment,SUP_00702,2686.92,4513.78,Active,2025-12-25
PROD_002207,Re-contextualized upward-trending product,Healthcare Equipment,,2284.47,4173.62,Active,2021-05-01
PROD_002208,Exclusive high-level Local Area Network,Healthcare Equipment,SUP_00731,3697.24,6627.38,Active,2021-10-24
PROD_002209,Distributed value-added software,Healthcare Equipment,SUP_00663,2297.78,4920.83,Active,2025-03-16
PROD_002210,Optional incremental functionalities,Automotive Parts,SUP_00788,547.63,996.63,Active,2025-09-22
PROD_002211,Cloned scalable database,Software,SUP_00013,4213.17,7765.81,Active,2025-08-25
PROD_002212,Future-proofed executive project,Automotive Parts,SUP_00658,2267.48,3185.75,Active,2021-11-19
PROD_002213,Synergized radical encoding,Automotive Parts,SUP_00985,4171.41,7060.04,Active,2023-03-26
PROD_002214,Customizable coherent core,Healthcare Equipment,SUP_00925,-100.0,6152.95,Active,2021-02-25
PROD_002215,Integrated maximized matrix,Electronics,SUP_00539,3885.55,5148.76,Active,2024-01-29
PROD_002216,Optional interactive project,,SUP_00259,1687.44,2347.56,Inactive,2025-12-22
PROD_002217,Exclusive cohesive flexibility,Electronics,SUP_00523,2854.49,6971.73,Active,2021-10-01
PROD_002218,Fundamental even-keeled protocol,Software,SUP_00922,-100.0,7398.62,Active,2024-01-10
PROD_002219,Stand-alone 6thgeneration success,Automotive Parts,SUP_00869,4062.06,10026.29,Active,2023-09-02
PROD_002220,Ameliorated analyzing artificial intelligence,Industrial Equipment,SUP_00623,4983.53,11740.75,Active,2022-09-22
PROD_002221,Innovative asymmetric installation,Consumer Products,SUP_00752,4088.31,9860.92,Inactive,2025-12-04
PROD_002222,Synchronized stable array,Consumer Products,SUP_00462,3066.05,5460.43,Active,2023-03-08
PROD_002223,Up-sized client-driven encoding,Software,SUP_00749,4846.74,8631.26,Active,2021-08-13
PROD_002224,User-centric motivating capability,Automotive Parts,SUP_00441,3168.11,3719.6,Active,2023-11-14
PROD_002225,Reduced zero-defect moderator,Healthcare Equipment,SUP_00484,180.6,400.59,Active,2022-05-21
PROD_002226,Cross-group disintermediate policy,Electronics,SUP_00584,367.22,511.29,Inactive,2021-09-03
PROD_002227,Intuitive full-range paradigm,Software,,4409.31,7435.32,Active,2025-01-18
PROD_002228,User-friendly value-added encoding,Consumer Products,SUP_00294,3578.22,6795.96,Discontinued,2026-02-20
PROD_002229,Extended client-server benchmark,Consumer Products,SUP_00235,4034.84,6654.86,Active,2021-12-18
PROD_002230,Grass-roots leadingedge installation,,SUP_00820,1087.82,2550.19,Active,2022-05-26
PROD_002231,Reverse-engineered analyzing matrix,Software,SUP_00899,952.56,2307.2,Inactive,2023-12-07
PROD_002232,Total bifurcated functionalities,Software,SUP_00654,4527.8,7289.31,Active,2023-12-31
PROD_002233,Phased systemic encryption,Industrial Equipment,SUP_00555,2674.07,3572.5,Active,2026-04-17
PROD_002234,Digitized high-level leverage,Consumer Products,SUP_00864,912.21,1775.9,Active,2024-12-06
PROD_002235,Integrated 3rdgeneration project,Electronics,SUP_00644,3484.71,8167.04,Active,2026-04-24
PROD_002236,Robust 5thgeneration support,Electronics,SUP_00218,1293.23,2542.07,Inactive,2024-08-21
PROD_002237,Business-focused system-worthy toolset,Industrial Equipment,SUP_00181,2011.37,3417.21,Active,2024-09-09
PROD_002238,Function-based neutral info-mediaries,Industrial Equipment,SUP_00858,437.3,968.16,Inactive,2022-09-13
PROD_002239,Total high-level workforce,Healthcare Equipment,SUP_00662,4279.01,8888.09,Active,2024-10-06
PROD_002240,Public-key disintermediate intranet,Electronics,SUP_00025,2125.28,3000.67,Active,2023-02-19
PROD_002241,Object-based eco-centric framework,Electronics,SUP_00434,2680.09,5996.79,Inactive,2021-07-01
PROD_002242,Versatile disintermediate framework,Healthcare Equipment,SUP_00688,3181.85,7365.62,Active,2022-02-27
PROD_002243,Diverse leadingedge product,Healthcare Equipment,,2490.49,4760.75,Active,2022-09-29
PROD_002244,Visionary secondary installation,Electronics,SUP_00210,330.76,393.54,Active,2025-05-03
PROD_002245,Grass-roots attitude-oriented time-frame,Industrial Equipment,SUP_00503,3589.63,7106.63,Active,2026-03-02
PROD_002246,Phased user-facing installation,Electronics,SUP_00493,2337.6,4421.21,Discontinued,2026-02-02
PROD_002247,Managed transitional interface,Consumer Products,SUP_00863,1215.27,2590.25,Active,2025-10-25
PROD_002248,Cross-platform cohesive standardization,Industrial Equipment,SUP_00638,95.8,169.74,Active,2022-06-08
PROD_002249,Cloned heuristic instruction set,Electronics,SUP_00426,942.76,2155.19,Active,2024-04-22
PROD_002250,Reactive user-facing Graphic Interface,Software,SUP_00433,2065.51,3023.02,Active,2023-06-29
PROD_002251,Assimilated well-modulated application,Consumer Products,SUP_00855,2566.61,3496.91,Active,2024-07-10
PROD_002252,Enterprise-wide responsive intranet,Industrial Equipment,SUP_00561,596.45,1062.6,Active,2025-05-06
PROD_002253,Devolved 24hour initiative,Electronics,SUP_00770,1358.8,2530.48,Active,2022-02-06
PROD_002254,Integrated foreground orchestration,Consumer Products,SUP_00312,2767.96,5361.67,Active,2021-06-14
PROD_002255,Diverse dynamic model,,SUP_00025,3897.07,5983.16,Inactive,2024-12-02
PROD_002256,Visionary solution-oriented task-force,Software,SUP_00276,4151.9,9387.03,Active,2021-09-18
PROD_002257,Right-sized systemic installation,Industrial Equipment,SUP_00697,1488.68,2309.86,Active,2025-05-10
PROD_002258,Intuitive local matrices,Consumer Products,SUP_00852,1187.64,1367.24,Active,2025-10-19
PROD_002259,Devolved empowering conglomeration,Automotive Parts,SUP_00006,567.19,834.14,Active,2024-10-11
PROD_002260,Inverse executive customer loyalty,Healthcare Equipment,SUP_00013,270.62,665.8,Active,2021-06-19
PROD_002261,Multi-layered contextually-based infrastructure,Consumer Products,SUP_00526,1627.55,2857.22,Active,2025-10-25
PROD_002262,Re-engineered directional adapter,Automotive Parts,SUP_00016,985.2,2276.05,Active,2026-03-17
PROD_002263,Realigned secondary pricing structure,Industrial Equipment,SUP_00031,4362.8,8923.01,Active,2024-06-11
PROD_002264,Cross-group maximized customer loyalty,Software,SUP_00474,147.43,315.96,Active,2022-06-10
PROD_002265,Down-sized actuating initiative,Healthcare Equipment,SUP_00521,3592.04,7629.95,Active,2024-05-24
PROD_002266,Right-sized empowering collaboration,Consumer Products,SUP_00535,1618.38,3445.33,Active,2021-06-28
PROD_002267,Multi-layered composite open system,,SUP_00503,1613.19,3148.51,Active,2021-08-24
PROD_002268,Universal multi-tasking Internet solution,Electronics,SUP_00065,1435.69,1856.41,Active,2025-04-01
PROD_002269,Persevering systematic methodology,Healthcare Equipment,SUP_00266,88.53,191.8,Active,2021-08-26
PROD_002270,Universal demand-driven core,Industrial Equipment,SUP_00750,972.27,1249.01,Active,2026-03-13
PROD_002271,Future-proofed executive synergy,Healthcare Equipment,SUP_00984,3566.6,4916.91,Inactive,2023-09-19
PROD_002272,De-engineered intermediate database,Automotive Parts,SUP_00453,2940.25,4213.96,Active,2024-04-18
PROD_002273,Horizontal upward-trending service-desk,Automotive Parts,SUP_00405,3097.28,3959.29,Discontinued,2022-01-15
PROD_002274,Enterprise-wide incremental utilization,Automotive Parts,,2750.01,6689.66,Active,2021-10-20
PROD_002275,Implemented empowering encoding,Automotive Parts,SUP_00434,245.08,476.23,Active,2024-05-24
PROD_002276,Fully-configurable holistic paradigm,Electronics,SUP_00077,752.57,1175.04,Inactive,2024-10-04
PROD_002277,Persevering attitude-oriented access,Consumer Products,SUP_00971,1252.69,2526.82,Active,2023-07-30
PROD_002278,Inverse system-worthy infrastructure,Automotive Parts,SUP_00446,1308.18,2370.91,Discontinued,2024-10-09
PROD_002279,Universal human-resource strategy,Electronics,SUP_00053,1848.7,3285.31,Discontinued,2023-04-30
PROD_002280,Right-sized eco-centric archive,Software,SUP_00357,1819.54,3884.22,Discontinued,2021-07-11
PROD_002281,Centralized actuating groupware,Healthcare Equipment,SUP_00493,1175.53,1710.03,Active,2026-02-11
PROD_002282,Phased heuristic portal,Electronics,SUP_00329,3369.98,6616.65,Active,2026-02-28
PROD_002283,Right-sized tertiary synergy,Consumer Products,SUP_00979,1091.41,1682.84,Inactive,2025-06-13
PROD_002284,Adaptive eco-centric middleware,Automotive Parts,SUP_00722,268.26,451.18,Active,2024-05-28
PROD_002285,Innovative hybrid secured line,Software,SUP_00618,4143.17,5312.82,Active,2023-01-15
PROD_002286,Realigned 6thgeneration paradigm,Electronics,SUP_00146,1584.4,3816.71,Active,2021-12-26
PROD_002287,Down-sized motivating methodology,Industrial Equipment,SUP_00426,1411.88,2590.3,Inactive,2026-02-10
PROD_002288,Persistent clear-thinking array,Software,,4201.55,8133.97,Active,2022-09-29
PROD_002289,Progressive intermediate circuit,Automotive Parts,SUP_00958,3564.03,4150.08,Active,2022-06-07
PROD_002290,Intuitive 6thgeneration capacity,Healthcare Equipment,,2473.46,3884.21,Inactive,2023-09-29
PROD_002291,Grass-roots value-added hierarchy,Software,,304.11,505.8,Active,2026-02-02
PROD_002292,Horizontal empowering pricing structure,Software,SUP_00943,3726.97,4541.88,Active,2025-07-23
PROD_002293,Fundamental multi-state functionalities,Consumer Products,SUP_00464,2760.68,3713.38,Active,2023-05-25
PROD_002294,Down-sized foreground support,Software,,4030.8,5618.47,Active,2026-06-19
PROD_002295,Virtual coherent open architecture,Automotive Parts,SUP_00408,3965.47,7291.66,Active,2025-09-08
PROD_002296,Switchable scalable website,,SUP_00849,3553.92,4822.49,Discontinued,2023-06-02
PROD_002297,Ergonomic coherent application,Consumer Products,SUP_00830,322.44,452.36,Discontinued,2022-04-07
PROD_002298,Automated methodical firmware,Healthcare Equipment,SUP_00807,3950.31,5757.93,Active,2021-11-25
PROD_002299,Persistent intermediate budgetary management,Industrial Equipment,SUP_00389,4147.75,4896.49,Active,2026-06-20
PROD_002300,Proactive 6thgeneration intranet,Software,SUP_00008,3513.58,5208.76,Discontinued,2022-12-17
PROD_002301,Triple-buffered next generation matrix,Electronics,SUP_00027,4914.31,11358.61,Active,2023-07-08
PROD_002302,Customizable uniform circuit,Automotive Parts,SUP_00794,3625.44,5101.42,Active,2021-09-06
PROD_002303,Cross-group demand-driven forecast,Electronics,SUP_00688,4593.34,7682.55,Active,2021-12-29
PROD_002304,Down-sized value-added migration,Electronics,SUP_00910,2164.31,3171.32,Discontinued,2025-07-09
PROD_002305,Re-contextualized stable paradigm,Electronics,SUP_00064,-100.0,45142.1,Active,2022-03-03
PROD_002306,Adaptive multi-tasking throughput,Software,SUP_00579,4014.01,9592.07,Active,2024-02-20
PROD_002307,Operative asynchronous encryption,Software,SUP_00931,2443.79,4463.37,Active,2025-03-22
PROD_002308,Synergistic bandwidth-monitored groupware,Healthcare Equipment,SUP_00919,1913.12,3936.35,Inactive,2021-02-22
PROD_002309,Synergized systemic capability,Industrial Equipment,SUP_00029,2969.68,4219.42,Active,2023-03-02
PROD_002310,Reverse-engineered bi-directional Graphic Interface,Healthcare Equipment,,2418.99,5064.87,Discontinued,2021-11-05
PROD_002311,Configurable logistical strategy,Software,SUP_00949,1018.07,2052.7,Inactive,2024-08-16
PROD_002312,Persevering responsive flexibility,Consumer Products,SUP_00073,1312.27,1974.24,Active,2024-04-06
PROD_002313,Adaptive full-range analyzer,Automotive Parts,SUP_00497,3735.79,4535.81,Active,2024-08-09
PROD_002314,Organized fresh-thinking superstructure,Healthcare Equipment,SUP_00470,3924.13,6924.83,Active,2026-06-29
PROD_002315,Re-contextualized clear-thinking data-warehouse,Consumer Products,SUP_00507,841.57,1420.15,Active,2025-09-28
PROD_002316,Stand-alone executive Graphic Interface,Healthcare Equipment,SUP_00414,2956.54,5301.85,Active,2025-05-21
PROD_002317,User-friendly asynchronous neural-net,Consumer Products,SUP_00337,419.58,1000.49,Active,2026-03-25
PROD_002318,Multi-tiered background initiative,Electronics,SUP_00986,2338.66,3992.34,Active,2022-05-27
PROD_002319,Front-line zero administration initiative,Industrial Equipment,SUP_00602,1410.21,1830.02,Active,2021-06-28
PROD_002320,Expanded cohesive info-mediaries,,SUP_00334,2163.18,4099.71,Active,2025-04-13
PROD_002321,Horizontal secondary system engine,Healthcare Equipment,SUP_00819,2683.34,6016.58,Inactive,2026-03-30
PROD_002322,Distributed bottom-line framework,Consumer Products,,3592.4,8011.32,Active,2023-09-12
PROD_002323,Optional user-facing workforce,Automotive Parts,SUP_00464,63.03,110.85,Active,2026-01-23
PROD_002324,Synergized real-time capacity,Consumer Products,SUP_00530,-100.0,2284.75,Active,2022-12-22
PROD_002325,Cross-platform holistic migration,Software,SUP_00909,2421.02,2841.14,Active,2022-02-05
PROD_002326,Organized human-resource leverage,Healthcare Equipment,SUP_00793,3606.38,7896.6,Active,2022-06-23
PROD_002327,Right-sized interactive array,Software,SUP_00773,1340.14,1835.91,Active,2025-02-26
PROD_002328,Multi-layered reciprocal contingency,Industrial Equipment,SUP_00538,971.52,12820.599999999999,Active,2023-05-21
PROD_002329,Optimized background analyzer,Electronics,SUP_00575,2374.79,5241.07,Active,2023-10-27
PROD_002330,Persistent systematic definition,Software,SUP_00592,3447.51,4050.07,Active,2024-07-23
PROD_002331,Universal coherent methodology,,SUP_00767,96.26,114.98,Inactive,2023-11-24
PROD_002332,Stand-alone multi-tasking artificial intelligence,Industrial Equipment,SUP_00245,1363.58,2834.54,Inactive,2022-08-07
PROD_002333,Optional attitude-oriented website,Consumer Products,SUP_00873,4667.26,7542.26,Active,2023-08-17
PROD_002334,Distributed clear-thinking software,Electronics,SUP_00634,3853.92,5585.19,Active,2025-12-17
PROD_002335,Fully-configurable multi-state interface,Software,SUP_00830,4958.78,7024.09,Active,2022-08-16
PROD_002336,Business-focused neutral archive,Industrial Equipment,,777.14,1912.27,Discontinued,2026-01-15
PROD_002337,Profound bi-directional migration,Software,SUP_00331,1112.05,2230.74,Inactive,2023-05-03
PROD_002338,Cross-platform maximized protocol,Healthcare Equipment,SUP_00935,943.1,2059.86,Active,2024-12-15
PROD_002339,Function-based heuristic extranet,Industrial Equipment,SUP_00629,2135.82,4745.11,Active,2024-03-20
PROD_002340,Visionary motivating adapter,Automotive Parts,SUP_00103,222.66,379.38,Active,2021-08-17
PROD_002341,Switchable maximized conglomeration,Consumer Products,SUP_00428,254.19,440.44,Active,2025-04-27
PROD_002342,Object-based 6thgeneration artificial intelligence,Software,SUP_00916,3311.39,6700.93,Active,2023-04-16
PROD_002343,Triple-buffered exuding functionalities,Industrial Equipment,SUP_00273,440.15,959.55,Active,2024-03-23
PROD_002344,Persevering web-enabled secured line,Consumer Products,SUP_00265,2594.45,4991.08,Discontinued,2023-06-22
PROD_002345,Fundamental global workforce,Industrial Equipment,SUP_00261,2102.94,5059.62,Inactive,2022-01-11
PROD_002346,Enterprise-wide attitude-oriented synergy,Automotive Parts,,697.67,1438.84,Active,2026-05-25
PROD_002347,Fundamental systematic benchmark,Software,SUP_00995,3707.08,7392.05,Discontinued,2023-05-21
PROD_002348,Ameliorated 24hour infrastructure,Electronics,SUP_00057,609.87,1383.29,Active,2021-08-23
PROD_002349,Down-sized solution-oriented matrices,Electronics,SUP_00640,4787.68,10009.48,Active,2023-07-13
PROD_002350,Open-architected stable synergy,Electronics,SUP_00090,1853.83,3015.36,Active,2024-04-22
PROD_002351,Pre-emptive exuding process improvement,,SUP_00981,3408.66,4832.98,Active,2025-06-20
PROD_002352,Seamless high-level solution,Healthcare Equipment,SUP_00435,2404.74,4507.54,Inactive,2024-09-13
PROD_002353,Team-oriented systematic infrastructure,Software,SUP_00056,1283.41,2721.33,Active,2025-06-03
PROD_002354,Cross-group clear-thinking challenge,Automotive Parts,SUP_00885,297.61,404.64,Inactive,2021-01-28
PROD_002355,Customizable 3rdgeneration standardization,,SUP_00086,635.81,1586.48,Inactive,2026-05-01
PROD_002356,Assimilated demand-driven matrices,Automotive Parts,SUP_00948,-100.0,8535.04,Inactive,2024-07-25
PROD_002357,Streamlined disintermediate Internet solution,Consumer Products,SUP_00081,469.41,934.6,Active,2025-08-17
PROD_002358,Public-key content-based array,,SUP_00071,4524.7,8425.95,Active,2022-08-27
PROD_002359,Persistent client-server leverage,Automotive Parts,SUP_00047,4750.45,11038.27,Active,2023-04-27
PROD_002360,Customizable composite collaboration,Consumer Products,SUP_00631,816.96,1875.9,Active,2025-01-21
PROD_002361,Organic mobile leverage,Industrial Equipment,SUP_00774,4039.78,8425.01,Active,2021-02-09
PROD_002362,Organized optimal encryption,Automotive Parts,SUP_00549,1027.56,2445.16,Active,2022-02-08
PROD_002363,Re-contextualized hybrid application,,SUP_00954,2608.34,3926.96,Active,2022-11-01
PROD_002364,Customer-focused responsive structure,,SUP_00461,2506.7,4298.5,Inactive,2023-05-17
PROD_002365,Operative modular support,Software,SUP_00158,2143.24,4101.66,Active,2024-03-06
PROD_002366,Upgradable neutral frame,Consumer Products,SUP_00944,321.78,662.57,Inactive,2021-03-16
PROD_002367,Open-architected mobile migration,Healthcare Equipment,SUP_00935,961.0,1489.07,Active,2024-03-31
PROD_002368,Seamless systematic matrix,Automotive Parts,SUP_00952,4068.72,8627.82,Active,2022-04-11
PROD_002369,Centralized multi-tasking adapter,Consumer Products,SUP_00954,2887.72,4179.48,Inactive,2023-04-27
PROD_002370,Intuitive neutral architecture,Consumer Products,SUP_00164,-100.0,3759.05,Active,2022-06-22
PROD_002371,Stand-alone intangible leverage,Software,SUP_00185,1750.48,4289.91,Discontinued,2021-08-23
PROD_002372,Secured secondary hardware,Healthcare Equipment,SUP_00656,2920.12,4817.09,Active,2023-06-19
PROD_002373,Optional 3rdgeneration complexity,Automotive Parts,SUP_00456,3051.73,5369.58,Discontinued,2022-08-01
PROD_002374,Ergonomic methodical hardware,Automotive Parts,SUP_00108,1099.54,1308.32,Active,2023-05-29
PROD_002375,Profit-focused directional parallelism,Consumer Products,SUP_00981,151.36,280.7,Active,2025-12-29
PROD_002376,Mandatory real-time structure,Electronics,SUP_00227,2915.74,5900.51,Active,2024-08-10
PROD_002377,De-engineered explicit success,Healthcare Equipment,SUP_00620,-100.0,7080.11,Inactive,2024-11-28
PROD_002378,Operative systematic projection,Healthcare Equipment,SUP_00767,1961.38,4339.26,Active,2025-01-13
PROD_002379,Phased cohesive process improvement,Consumer Products,SUP_00590,4696.0,5742.09,Active,2022-02-20
PROD_002380,Team-oriented value-added array,Healthcare Equipment,SUP_00269,1482.29,2211.91,Active,2024-08-31
PROD_002381,De-engineered context-sensitive customer loyalty,Automotive Parts,SUP_00034,2581.61,4502.85,Active,2021-11-10
PROD_002382,Pre-emptive bandwidth-monitored utilization,,,1966.3,2928.34,Active,2023-04-15
PROD_002383,Proactive exuding encoding,Healthcare Equipment,SUP_00587,3721.94,8082.38,Active,2022-02-25
PROD_002384,Business-focused 3rdgeneration help-desk,Healthcare Equipment,SUP_00723,2961.03,5686.45,Active,2025-11-03
PROD_002385,Multi-channeled systematic complexity,Software,SUP_00792,2484.36,4753.49,Active,2021-12-17
PROD_002386,Profit-focused 5thgeneration workforce,Software,SUP_00317,1553.48,2492.82,Active,2021-05-08
PROD_002387,Optional bifurcated process improvement,Electronics,SUP_00386,4665.83,10090.44,Inactive,2022-03-31
PROD_002388,Realigned directional matrix,Software,SUP_00035,1979.39,3325.69,Active,2022-06-02
PROD_002389,Mandatory zero tolerance help-desk,Electronics,SUP_00964,2918.5,5976.88,Active,2025-03-24
PROD_002390,Visionary next generation flexibility,Industrial Equipment,SUP_00147,3060.66,4428.77,Active,2025-12-04
PROD_002391,Team-oriented multimedia portal,Automotive Parts,SUP_00103,2279.4,3621.81,Active,2024-09-04
PROD_002392,Triple-buffered actuating intranet,Consumer Products,SUP_00966,666.84,1538.96,Inactive,2025-05-22
PROD_002393,Versatile bifurcated benchmark,Software,SUP_00825,2017.57,2911.64,Active,2025-04-17
PROD_002394,Seamless zero tolerance benchmark,Healthcare Equipment,SUP_00882,921.96,1816.09,Active,2025-07-11
PROD_002395,Balanced motivating benchmark,,SUP_00329,4699.71,7742.77,Active,2021-12-02
PROD_002396,Decentralized demand-driven hierarchy,Industrial Equipment,SUP_00587,3532.37,6913.48,Active,2021-11-12
PROD_002397,Implemented tertiary intranet,Software,,3141.76,5380.98,Active,2025-03-09
PROD_002398,Proactive upward-trending attitude,Consumer Products,SUP_00021,4831.98,9497.48,Active,2021-11-06
PROD_002399,Multi-lateral full-range challenge,Healthcare Equipment,SUP_00328,109.71,131.25,Active,2021-09-04
PROD_002400,Exclusive leadingedge instruction set,Consumer Products,SUP_00599,2917.93,4152.43,Active,2025-03-24
PROD_002401,Adaptive dynamic workforce,Consumer Products,SUP_00753,4879.07,96701.5,Discontinued,2023-08-09
PROD_002402,Horizontal motivating concept,Software,SUP_00220,1080.14,1695.94,Inactive,2021-06-20
PROD_002403,Multi-layered transitional system engine,Consumer Products,SUP_00008,2620.17,6526.46,Active,2023-04-13
PROD_002404,Self-enabling static encryption,Automotive Parts,SUP_00346,3134.65,5590.78,Active,2021-11-01
PROD_002405,Versatile multi-tasking instruction set,Consumer Products,SUP_00419,175.96,355.04,Inactive,2025-04-29
PROD_002406,Devolved interactive installation,Consumer Products,SUP_00468,3512.75,6248.44,Active,2026-01-16
PROD_002407,Persevering multi-state utilization,Healthcare Equipment,SUP_00290,1738.03,2439.21,Inactive,2024-09-30
PROD_002408,Assimilated leadingedge circuit,Electronics,SUP_00913,2707.77,5774.27,Active,2025-03-25
PROD_002409,Universal multi-state architecture,Software,SUP_00072,3528.82,62150.9,Active,2021-06-20
PROD_002410,Intuitive impactful throughput,Healthcare Equipment,SUP_00269,3727.4,8814.58,Inactive,2021-11-26
PROD_002411,Centralized hybrid task-force,Consumer Products,SUP_00165,1001.26,1268.71,Active,2021-03-16
PROD_002412,Stand-alone coherent orchestration,Electronics,SUP_00439,2639.49,5291.09,Active,2021-04-26
PROD_002413,Self-enabling transitional website,Industrial Equipment,SUP_00258,2962.75,5634.81,Active,2024-08-17
PROD_002414,Programmable explicit instruction set,Unknown Category,SUP_00694,3080.94,6521.84,Active,2023-03-18
PROD_002415,Synergized tangible neural-net,Electronics,SUP_00958,1173.66,1700.31,Active,2025-10-19
PROD_002416,Up-sized value-added functionalities,Healthcare Equipment,SUP_00876,4242.71,9621.11,Active,2025-12-29
PROD_002417,Advanced even-keeled moderator,Software,SUP_00447,3618.04,5338.89,Active,2024-05-09
PROD_002418,Digitized tangible initiative,Healthcare Equipment,SUP_00535,3106.91,7689.33,Active,2023-06-15
PROD_002419,Expanded needs-based process improvement,Automotive Parts,SUP_00148,1151.89,1730.85,Active,2025-05-01
PROD_002420,Streamlined leadingedge standardization,Electronics,SUP_00802,879.73,1323.9,Active,2022-11-24
PROD_002421,Streamlined impactful time-frame,Electronics,SUP_00633,516.5,713.69,Active,2022-01-31
PROD_002422,Innovative attitude-oriented alliance,Automotive Parts,SUP_00443,516.34,1119.57,Active,2023-12-15
PROD_002423,Networked uniform success,Industrial Equipment,SUP_00464,4458.8,9452.73,Active,2025-01-24
PROD_002424,De-engineered multi-state moratorium,Consumer Products,,2490.52,5711.15,Active,2022-07-24
PROD_002425,Cross-group multimedia neural-net,Healthcare Equipment,SUP_00832,4967.83,7271.18,Active,2022-09-19
PROD_002426,Mandatory web-enabled productivity,Healthcare Equipment,,245.29,286.88,Active,2021-11-18
PROD_002427,Assimilated needs-based parallelism,Healthcare Equipment,SUP_00046,2857.46,5420.97,Active,2022-06-03
PROD_002428,Vision-oriented exuding success,Automotive Parts,SUP_00136,4626.88,7804.39,Active,2023-04-29
PROD_002429,Profit-focused bifurcated superstructure,Automotive Parts,SUP_00928,3930.43,7275.34,Inactive,2021-05-01
PROD_002430,Multi-layered empowering product,Healthcare Equipment,SUP_00277,4449.03,6559.23,Active,2023-10-16
PROD_002431,Decentralized actuating system engine,Healthcare Equipment,SUP_00728,3988.13,6831.76,Active,2024-07-29
PROD_002432,Decentralized local framework,Electronics,SUP_00401,699.05,1233.64,Inactive,2024-02-23
PROD_002433,Adaptive logistical Graphical User Interface,Software,SUP_00652,2087.24,3862.21,Active,2026-05-26
PROD_002434,User-friendly optimal open system,Industrial Equipment,SUP_00052,2052.8,3595.26,Inactive,2024-12-04
PROD_002435,Self-enabling static monitoring,Industrial Equipment,SUP_00450,154.9,225.71,Active,2025-08-22
PROD_002436,Focused grid-enabled framework,Automotive Parts,SUP_00719,4308.83,8108.73,Active,2022-07-25
PROD_002437,Universal object-oriented service-desk,Electronics,SUP_00104,2226.3,3901.56,Active,2021-10-08
PROD_002438,Multi-tiered multi-state support,Software,SUP_00364,1289.69,3034.54,Active,2022-05-12
PROD_002439,Inverse multi-state paradigm,Electronics,SUP_00819,527.92,616.67,Active,2022-01-22
PROD_002440,Vision-oriented high-level knowledgebase,Consumer Products,,157.16,291.06,Active,2021-07-16
PROD_002441,Universal interactive installation,Healthcare Equipment,SUP_00816,2331.56,5021.94,Discontinued,2021-06-14
PROD_002442,Centralized interactive capacity,Electronics,SUP_00787,1261.96,2672.01,Active,2023-08-14
PROD_002443,Organized asynchronous hub,Healthcare Equipment,SUP_00563,1641.24,2241.11,Active,2024-09-19
PROD_002444,Open-architected optimizing open architecture,Electronics,SUP_00848,877.62,1042.98,Active,2023-11-08
PROD_002445,Object-based empowering paradigm,Industrial Equipment,SUP_00422,3420.6,8076.99,Inactive,2023-09-28
PROD_002446,Optimized leadingedge solution,Automotive Parts,SUP_00471,3516.06,6427.74,Active,2026-02-11
PROD_002447,Pre-emptive upward-trending instruction set,Consumer Products,SUP_00626,1493.31,2287.72,Active,2025-07-11
PROD_002448,Digitized motivating capacity,Consumer Products,SUP_00685,4346.42,8700.71,Active,2023-08-31
PROD_002449,Persevering clear-thinking strategy,Unknown Category,SUP_00251,3055.79,5229.19,Active,2023-10-27
PROD_002450,Progressive bottom-line solution,Consumer Products,SUP_00293,2966.21,6004.66,Active,2022-03-03
PROD_002451,Phased 5thgeneration synergy,Healthcare Equipment,SUP_00813,465.04,752.67,Active,2021-11-11
PROD_002452,Realigned holistic capability,Industrial Equipment,SUP_00795,1856.54,2821.03,Active,2024-04-21
PROD_002453,Open-source bifurcated capability,Electronics,SUP_00548,3644.6,6700.26,Active,2023-01-12
PROD_002454,Implemented 6thgeneration model,Software,,541.18,1235.36,Discontinued,2021-11-04
PROD_002455,Multi-layered fault-tolerant hub,Consumer Products,SUP_00993,4634.41,10290.99,Discontinued,2022-09-01
PROD_002456,Pre-emptive 4thgeneration utilization,Industrial Equipment,SUP_00386,1216.44,2867.89,Active,2021-10-14
PROD_002457,Reverse-engineered intangible application,Electronics,SUP_00593,3423.55,7080.41,Active,2026-02-23
PROD_002458,Integrated executive data-warehouse,Industrial Equipment,SUP_00651,4124.28,4976.62,Active,2022-01-03
PROD_002459,User-centric mobile ability,Industrial Equipment,SUP_00474,1585.23,2788.9,Active,2021-09-03
PROD_002460,Monitored asymmetric analyzer,Software,SUP_00851,4897.35,6217.94,Discontinued,2023-04-18
PROD_002461,Re-engineered fault-tolerant open system,Software,SUP_00475,3137.52,7124.51,Active,2023-06-27
PROD_002462,Mandatory zero tolerance implementation,Healthcare Equipment,SUP_00240,2077.12,3439.48,Discontinued,2023-08-12
PROD_002463,Up-sized real-time capacity,Healthcare Equipment,SUP_00409,589.55,764.04,Active,2025-03-09
PROD_002464,Profit-focused scalable knowledgebase,Healthcare Equipment,SUP_00670,3355.5,4127.62,Active,2025-03-08
PROD_002465,Synchronized local collaboration,Electronics,SUP_00333,2906.36,4731.34,Inactive,2025-10-04
PROD_002466,Inverse background website,Healthcare Equipment,SUP_00401,1827.4,2213.72,Inactive,2024-06-07
PROD_002467,Secured incremental info-mediaries,Electronics,SUP_00792,1432.36,2358.78,Active,2022-04-13
PROD_002468,Object-based global moratorium,Consumer Products,SUP_00590,67.71,82.12,Active,2021-04-02
PROD_002469,Synchronized leadingedge support,Consumer Products,SUP_00858,2116.07,3283.48,Discontinued,2022-07-11
PROD_002470,Cross-group composite strategy,Industrial Equipment,SUP_00821,3560.9,6653.01,Active,2021-02-19
PROD_002471,Self-enabling zero administration strategy,Healthcare Equipment,SUP_00245,3542.7,4986.68,Active,2022-09-12
PROD_002472,Stand-alone bottom-line project,Industrial Equipment,SUP_00462,4780.33,5682.15,Active,2024-01-28
PROD_002473,Ergonomic regional moratorium,Software,SUP_00346,4071.66,6335.22,Active,2024-03-03
PROD_002474,Business-focused non-volatile model,Software,SUP_00478,3086.56,5023.79,Active,2022-01-15
PROD_002475,Phased motivating adapter,Electronics,SUP_00111,777.45,1856.59,Discontinued,2021-08-30
PROD_002476,Public-key contextually-based adapter,Healthcare Equipment,SUP_00596,1469.72,2488.68,Active,2022-07-06
PROD_002477,Expanded dynamic strategy,Industrial Equipment,SUP_00606,2304.58,5231.06,Discontinued,2025-08-10
PROD_002478,Reduced leadingedge artificial intelligence,Automotive Parts,SUP_00346,89.76,162.85,Active,2025-06-07
PROD_002479,Robust fresh-thinking initiative,Industrial Equipment,SUP_00055,1459.14,3185.24,Active,2024-03-27
PROD_002480,Pre-emptive 3rdgeneration Graphical User Interface,Industrial Equipment,SUP_00643,3132.0,6361.8,Inactive,2023-05-27
PROD_002481,Operative 4thgeneration moderator,Automotive Parts,SUP_00964,3720.51,7289.33,Active,2022-09-29
PROD_002482,Function-based background budgetary management,Electronics,SUP_00488,1946.25,3106.24,Active,2026-05-20
PROD_002483,Quality-focused composite forecast,Healthcare Equipment,SUP_00462,1724.51,3864.46,Active,2021-10-16
PROD_002484,Function-based zero administration array,Industrial Equipment,SUP_00006,2540.98,4516.49,Discontinued,2021-11-06
PROD_002485,Open-source systematic concept,Electronics,SUP_00526,312.48,461.86,Inactive,2021-04-29
PROD_002486,Inverse contextually-based algorithm,Software,SUP_00657,4282.69,8730.35,Active,2024-12-01
PROD_002487,Innovative human-resource attitude,Electronics,SUP_00533,145.28,328.92,Active,2022-10-05
PROD_002488,Open-source fresh-thinking firmware,,SUP_00700,-100.0,4249.27,Active,2023-01-24
PROD_002489,Decentralized actuating customer loyalty,Consumer Products,SUP_00402,2379.16,5784.02,Inactive,2022-04-26
PROD_002490,Right-sized optimizing encoding,Electronics,,2029.81,3494.3,Active,2023-09-16
PROD_002491,Versatile motivating info-mediaries,Industrial Equipment,SUP_00550,1429.63,1950.66,Active,2026-03-20
PROD_002492,Future-proofed analyzing functionalities,Software,SUP_00843,807.91,1222.78,Active,2023-07-22
PROD_002493,Open-source asymmetric matrices,Software,SUP_00040,812.17,1804.25,Inactive,2021-02-27
PROD_002494,Sharable discrete adapter,Consumer Products,SUP_00193,-100.0,3573.44,Inactive,2022-06-24
PROD_002495,Reverse-engineered systematic attitude,Software,SUP_00540,457.05,783.68,Active,2022-05-10
PROD_002496,Realigned solution-oriented toolset,Unknown Category,SUP_00359,2268.72,4449.83,Active,2021-09-09
PROD_002497,Re-contextualized incremental knowledge user,Industrial Equipment,SUP_00766,4210.23,6681.1,Inactive,2021-06-18
PROD_002498,Sharable motivating database,Software,SUP_00772,4196.76,5691.7,Active,2025-04-20
PROD_002499,Digitized holistic moratorium,Industrial Equipment,SUP_00974,2386.09,5668.52,Active,2026-05-31
PROD_002500,Fully-configurable national interface,Electronics,SUP_00423,2193.19,2948.93,Inactive,2026-04-13
PROD_002501,Realigned local analyzer,Software,SUP_00230,3136.02,5061.3,Active,2021-01-03
PROD_002502,Persistent regional frame,Automotive Parts,SUP_00795,1314.28,2599.99,Discontinued,2024-08-03
PROD_002503,Down-sized 24hour approach,Industrial Equipment,SUP_00854,3658.07,8910.56,Inactive,2026-02-16
PROD_002504,Polarized encompassing policy,Industrial Equipment,SUP_00266,4081.38,7223.49,Active,2022-05-19
PROD_002505,Synergized homogeneous hardware,Consumer Products,SUP_00614,150.17,278.92,Active,2025-08-17
PROD_002506,Extended optimal migration,Automotive Parts,SUP_00869,4871.45,11596.31,Active,2022-07-19
PROD_002507,Diverse user-facing monitoring,Industrial Equipment,SUP_00864,4002.56,7434.56,Active,2024-02-04
PROD_002508,Innovative background infrastructure,Automotive Parts,SUP_00696,3429.09,4908.01,Active,2024-11-02
PROD_002509,Devolved uniform open architecture,Software,SUP_00081,1667.37,3040.09,Discontinued,2026-06-27
PROD_002510,Optional demand-driven pricing structure,Industrial Equipment,SUP_00147,3751.31,5591.89,Active,2023-10-10
PROD_002511,Intuitive systemic Graphical User Interface,Consumer Products,SUP_00606,3052.3,3937.58,Inactive,2024-06-28
PROD_002512,Versatile tertiary knowledge user,Healthcare Equipment,SUP_00554,2691.35,3607.95,Active,2022-07-02
PROD_002513,Switchable fresh-thinking Graphical User Interface,Industrial Equipment,SUP_00724,3020.7,6372.94,Active,2022-02-27
PROD_002514,Right-sized full-range adapter,Software,,3748.51,6651.58,Active,2026-01-08
PROD_002515,Devolved secondary ability,,SUP_00113,1115.34,1381.91,Active,2024-05-06
PROD_002516,Adaptive 24/7 service-desk,Healthcare Equipment,SUP_00329,2187.08,3852.65,Active,2021-12-15
PROD_002517,Realigned tangible strategy,Industrial Equipment,SUP_00538,877.31,1836.16,Inactive,2023-09-08
PROD_002518,Object-based national artificial intelligence,Industrial Equipment,SUP_00577,1645.37,3131.19,Inactive,2025-04-29
PROD_002519,Streamlined solution-oriented archive,Consumer Products,SUP_00794,4709.23,9224.49,Discontinued,2023-12-17
PROD_002520,Synchronized leadingedge service-desk,Healthcare Equipment,SUP_00203,676.48,1532.88,Inactive,2021-09-05
PROD_002521,Multi-tiered radical help-desk,Automotive Parts,SUP_00012,3584.65,8320.7,Active,2023-02-15
PROD_002522,Visionary tangible access,Healthcare Equipment,SUP_00294,4274.73,7213.65,Active,2021-09-08
PROD_002523,Multi-layered content-based intranet,Automotive Parts,SUP_00444,1712.14,1976.3,Discontinued,2021-01-19
PROD_002524,User-friendly 3rdgeneration task-force,Consumer Products,SUP_00316,567.54,1121.95,Active,2022-07-18
PROD_002525,Triple-buffered heuristic core,Healthcare Equipment,SUP_00713,4531.6,7716.34,Discontinued,2021-06-30
PROD_002526,Seamless responsive framework,Industrial Equipment,,1095.76,1825.18,Active,2025-06-10
PROD_002527,Face-to-face discrete methodology,Electronics,SUP_00830,680.1,1378.45,Active,2026-04-25
PROD_002528,Automated even-keeled methodology,Electronics,SUP_00942,-100.0,6740.89,Discontinued,2025-12-20
PROD_002529,Triple-buffered real-time database,Healthcare Equipment,SUP_00424,4793.34,61012.799999999996,Active,2021-01-15
PROD_002530,Sharable hybrid budgetary management,Consumer Products,SUP_00041,3540.31,8135.29,Active,2025-10-12
PROD_002531,Re-contextualized motivating methodology,Automotive Parts,SUP_00784,1295.15,2089.88,Active,2021-12-08
PROD_002532,Ergonomic stable support,Software,SUP_00136,1163.13,1763.99,Active,2024-02-09
PROD_002533,Synergized real-time open system,Healthcare Equipment,,4287.92,6593.23,Active,2021-12-19
PROD_002534,Reverse-engineered clear-thinking synergy,Healthcare Equipment,SUP_00071,4477.2,5208.38,Active,2021-05-11
PROD_002535,Fundamental non-volatile emulation,Consumer Products,SUP_00938,847.18,1341.41,Active,2025-11-03
PROD_002536,Upgradable zero tolerance focus group,Automotive Parts,SUP_00262,2837.32,5536.97,Active,2022-01-20
PROD_002537,Synergistic 3rdgeneration solution,Industrial Equipment,SUP_00902,138.47,221.81,Active,2024-09-21
PROD_002538,Seamless eco-centric software,Healthcare Equipment,SUP_00258,330.69,631.99,Active,2024-01-29
PROD_002539,Persevering 24hour interface,Industrial Equipment,SUP_00894,1710.93,2718.75,Discontinued,2024-07-09
PROD_002540,Streamlined actuating Graphic Interface,Electronics,SUP_00893,4816.17,5695.75,Active,2023-05-18
PROD_002541,Open-source even-keeled capability,Consumer Products,SUP_00943,3771.79,5050.76,Active,2024-09-26
PROD_002542,Persistent modular hierarchy,Electronics,SUP_00092,2580.91,6205.16,Inactive,2023-11-04
PROD_002543,Balanced uniform definition,Software,SUP_00345,2513.0,2911.98,Active,2021-04-05
PROD_002544,Operative national knowledge user,Healthcare Equipment,SUP_00271,2014.71,3142.04,Active,2022-09-27
PROD_002545,Object-based content-based groupware,Automotive Parts,SUP_00576,2469.22,4770.05,Active,2021-06-14
PROD_002546,Re-engineered 4thgeneration support,Consumer Products,SUP_00016,1873.14,3074.64,Discontinued,2022-03-29
PROD_002547,Team-oriented interactive archive,Industrial Equipment,SUP_00694,3787.72,8195.09,Active,2026-01-14
PROD_002548,Exclusive composite groupware,Industrial Equipment,SUP_00818,4476.8,8020.26,Discontinued,2022-09-16
PROD_002549,Self-enabling responsive attitude,Healthcare Equipment,SUP_00854,417.09,981.61,Inactive,2021-02-25
PROD_002550,Optional 4thgeneration parallelism,Software,SUP_00827,-100.0,8240.79,Inactive,2025-05-19
PROD_002551,Managed eco-centric encryption,Industrial Equipment,SUP_00775,2508.78,4917.26,Active,2021-08-05
PROD_002552,Front-line global application,Software,SUP_00024,2258.27,4318.95,Active,2025-07-07
PROD_002553,Programmable disintermediate archive,Software,SUP_00017,4416.14,7727.94,Active,2025-04-06
PROD_002554,Secured leadingedge task-force,Industrial Equipment,SUP_00583,66.77,98.9,Active,2021-07-11
PROD_002555,Organized optimal capability,Industrial Equipment,SUP_00027,3652.16,4562.62,Active,2021-06-21
PROD_002556,Centralized 5thgeneration implementation,Healthcare Equipment,SUP_00851,3541.15,6785.22,Discontinued,2022-09-21
PROD_002557,Team-oriented asymmetric toolset,Automotive Parts,SUP_00281,123.6,201.02,Active,2021-09-13
PROD_002558,Organic analyzing framework,Industrial Equipment,SUP_00465,564.86,945.24,Active,2024-05-10
PROD_002559,Optional asymmetric benchmark,Consumer Products,SUP_00658,1577.4,3926.24,Active,2024-09-21
PROD_002560,Realigned actuating frame,Software,SUP_00706,1161.96,2608.59,Inactive,2025-09-01
PROD_002561,Open-architected bandwidth-monitored process improvement,Healthcare Equipment,SUP_00736,2415.56,5149.94,Active,2025-02-17
PROD_002562,Focused radical toolset,Software,SUP_00036,2243.23,3081.66,Discontinued,2024-08-16
PROD_002563,Advanced logistical info-mediaries,Automotive Parts,SUP_00069,4172.24,6636.08,Active,2023-07-21
PROD_002564,Optimized regional process improvement,Software,SUP_00431,1617.9,3498.17,Active,2021-07-23
PROD_002565,Streamlined systematic toolset,Industrial Equipment,SUP_00410,1250.76,2034.66,Discontinued,2021-02-22
PROD_002566,Programmable full-range parallelism,Healthcare Equipment,SUP_00751,1860.57,4524.84,Active,2022-01-22
PROD_002567,Customer-focused 24/7 policy,Software,SUP_00189,4984.4,7534.37,Inactive,2024-12-01
PROD_002568,Reverse-engineered content-based orchestration,Consumer Products,,3670.2,6819.26,Discontinued,2021-09-10
PROD_002569,Profound eco-centric help-desk,,SUP_00144,4269.21,9269.93,Active,2023-04-25
PROD_002570,Up-sized regional intranet,Industrial Equipment,SUP_00441,1089.16,2393.76,Active,2022-01-08
PROD_002571,Devolved 6thgeneration approach,Electronics,SUP_00529,1016.11,1395.41,Inactive,2021-09-14
PROD_002572,Reduced intermediate migration,Software,SUP_00864,2656.88,4675.01,Active,2026-04-10
PROD_002573,Versatile heuristic function,Healthcare Equipment,SUP_00444,4345.35,7643.27,Active,2024-03-16
PROD_002574,Quality-focused zero-defect circuit,Automotive Parts,SUP_00042,3050.66,5805.35,Active,2021-10-23
PROD_002575,Integrated real-time Graphical User Interface,Industrial Equipment,SUP_00913,3250.35,4539.37,Inactive,2022-08-07
PROD_002576,Advanced multi-state parallelism,Consumer Products,SUP_00597,3563.98,4328.88,Active,2024-08-12
PROD_002577,Digitized analyzing encoding,Consumer Products,,3986.67,7979.53,Active,2023-10-15
PROD_002578,Realigned actuating interface,Industrial Equipment,SUP_00838,2438.13,4770.01,Active,2022-11-21
PROD_002579,Exclusive scalable customer loyalty,Automotive Parts,SUP_00901,2196.8,3126.2,Active,2025-04-25
PROD_002580,Mandatory content-based secured line,Automotive Parts,SUP_00783,1539.74,3327.44,Inactive,2023-08-13
PROD_002581,Team-oriented maximized policy,Software,SUP_00046,4797.27,8770.58,Discontinued,2024-10-20
PROD_002582,Reduced non-volatile groupware,Electronics,SUP_00715,3626.05,4586.26,Active,2024-05-20
PROD_002583,Operative full-range complexity,Healthcare Equipment,SUP_00059,3594.83,5805.62,Inactive,2021-07-30
PROD_002584,Balanced modular definition,Consumer Products,SUP_00576,4105.7,5445.98,Active,2026-01-20
PROD_002585,Sharable directional solution,Industrial Equipment,,2072.01,3358.21,Inactive,2022-04-07
PROD_002586,Secured didactic encoding,Industrial Equipment,,1788.52,4078.32,Active,2023-08-23
PROD_002587,Visionary full-range workforce,Software,SUP_00495,4932.27,6261.85,Active,2025-01-24
PROD_002588,Expanded impactful contingency,Healthcare Equipment,SUP_00336,3893.14,7609.15,Active,2025-07-16
PROD_002589,Adaptive high-level access,Software,SUP_00281,634.0,1442.24,Active,2021-05-28
PROD_002590,Assimilated next generation budgetary management,Electronics,SUP_00608,4454.19,9333.37,Active,2021-10-13
PROD_002591,Organic content-based product,Healthcare Equipment,SUP_00618,2495.51,3055.86,Discontinued,2024-03-20
PROD_002592,Virtual high-level analyzer,Software,SUP_00649,3502.43,6421.4,Active,2026-05-11
PROD_002593,Exclusive dedicated forecast,Electronics,SUP_00301,4266.59,7926.25,Active,2021-12-16
PROD_002594,Fundamental uniform conglomeration,Consumer Products,SUP_00399,1848.79,2763.62,Active,2022-11-13
PROD_002595,Reactive dynamic conglomeration,Automotive Parts,SUP_00265,2896.02,6809.72,Active,2022-01-29
PROD_002596,Enhanced empowering attitude,Healthcare Equipment,SUP_00840,4280.31,7646.12,Inactive,2021-02-12
PROD_002597,Synergistic client-driven implementation,Electronics,SUP_00709,687.62,1584.74,Active,2024-08-06
PROD_002598,Customizable global database,Software,SUP_00754,4692.24,5735.79,Active,2022-09-04
PROD_002599,Front-line holistic workforce,Industrial Equipment,SUP_00526,3148.0,6992.8,Active,2023-01-17
PROD_002600,Down-sized multi-tasking website,Electronics,SUP_00773,3558.21,4737.69,Inactive,2026-06-25
PROD_002601,Optional transitional architecture,Automotive Parts,SUP_00674,2328.67,3042.69,Active,2021-08-26
PROD_002602,De-engineered content-based core,Software,SUP_00476,4093.0,5791.54,Active,2023-12-05
PROD_002603,Team-oriented holistic functionalities,Automotive Parts,SUP_00568,1874.67,2322.5,Active,2024-04-17
PROD_002604,Sharable dynamic analyzer,Industrial Equipment,SUP_00135,1440.37,3426.35,Active,2025-03-11
PROD_002605,Reverse-engineered content-based monitoring,Electronics,SUP_00621,2741.62,3523.84,Discontinued,2022-08-14
PROD_002606,Distributed fresh-thinking encryption,Electronics,SUP_00018,449.86,752.55,Active,2021-04-17
PROD_002607,Grass-roots clear-thinking migration,Electronics,SUP_00172,3791.79,7661.43,Active,2026-04-27
PROD_002608,Pre-emptive demand-driven superstructure,Consumer Products,SUP_00446,1321.64,1832.48,Active,2021-06-13
PROD_002609,Phased stable pricing structure,Electronics,SUP_00246,2433.62,4544.49,Active,2021-05-11
PROD_002610,Profound human-resource system engine,Software,SUP_00512,703.32,1716.36,Inactive,2025-11-06
PROD_002611,Versatile multimedia hub,Industrial Equipment,SUP_00810,3959.85,8061.95,Active,2023-09-28
PROD_002612,Persistent context-sensitive Graphic Interface,Consumer Products,SUP_00297,2395.35,4095.1,Inactive,2024-11-30
PROD_002613,Progressive system-worthy matrices,Electronics,SUP_00439,78.32,158.93,Active,2024-12-06
PROD_002614,Proactive methodical flexibility,Automotive Parts,SUP_00466,3118.83,5841.82,Active,2024-03-11
PROD_002615,Sharable optimal projection,Healthcare Equipment,SUP_00050,3232.91,5747.85,Discontinued,2021-03-15
PROD_002616,Face-to-face dedicated knowledge user,,SUP_00082,99.86,179.69,Active,2025-09-28
PROD_002617,Object-based didactic function,Software,SUP_00547,4619.88,10333.59,Active,2023-05-03
PROD_002618,Multi-tiered object-oriented complexity,Healthcare Equipment,SUP_00445,208.49,323.28,Active,2026-02-20
PROD_002619,Multi-layered eco-centric neural-net,Consumer Products,SUP_00519,327.6,638.31,Inactive,2021-06-20
PROD_002620,Versatile attitude-oriented frame,Healthcare Equipment,SUP_00416,64.67,95.57,Active,2023-06-11
PROD_002621,Multi-channeled discrete paradigm,Software,SUP_00331,1730.49,3579.02,Active,2021-03-24
PROD_002622,Profound regional Graphical User Interface,Electronics,SUP_00122,1151.48,2878.19,Active,2023-05-05
PROD_002623,Persistent intermediate installation,Healthcare Equipment,SUP_00224,1155.89,1455.43,Inactive,2023-01-08
PROD_002624,Proactive foreground flexibility,Healthcare Equipment,SUP_00641,2047.67,4296.49,Active,2023-02-07
PROD_002625,Enhanced leadingedge emulation,Healthcare Equipment,SUP_00194,1609.53,2988.83,Active,2022-06-17
PROD_002626,Compatible heuristic artificial intelligence,Electronics,SUP_00574,1925.31,2665.22,Discontinued,2022-08-14
PROD_002627,Profit-focused multimedia moratorium,Automotive Parts,SUP_00695,3622.36,4852.77,Active,2024-07-15
PROD_002628,Grass-roots discrete attitude,Electronics,SUP_00467,835.85,2002.38,Active,2021-08-26
PROD_002629,Multi-lateral 5thgeneration moratorium,Software,SUP_00891,3696.45,6536.06,Active,2022-02-06
PROD_002630,Exclusive systematic groupware,,SUP_00649,2827.54,4397.69,Active,2022-05-17
PROD_002631,User-friendly zero administration software,Healthcare Equipment,SUP_00799,262.92,611.18,Active,2025-08-23
PROD_002632,Ergonomic tertiary portal,Consumer Products,SUP_00627,3092.48,7101.71,Active,2026-06-25
PROD_002633,Versatile transitional support,Industrial Equipment,SUP_00775,1829.25,4392.13,Active,2023-12-26
PROD_002634,Fundamental 24/7 throughput,Electronics,SUP_00807,2842.22,5313.79,Active,2022-08-24
PROD_002635,Monitored zero tolerance initiative,Software,SUP_00403,1608.19,1963.07,Discontinued,2026-03-13
PROD_002636,Reduced web-enabled projection,Electronics,SUP_00087,4390.75,9056.69,Active,2021-01-24
PROD_002637,Streamlined multimedia task-force,Healthcare Equipment,SUP_00698,3394.95,8305.2,Active,2026-03-24
PROD_002638,Object-based discrete emulation,Software,SUP_00661,4624.19,9502.99,Discontinued,2024-12-22
PROD_002639,Expanded methodical emulation,Software,SUP_00013,4767.43,10005.68,Active,2023-11-01
PROD_002640,Reactive web-enabled Local Area Network,Healthcare Equipment,SUP_00113,2448.14,4336.74,Active,2024-12-20
PROD_002641,Persistent global utilization,Industrial Equipment,SUP_00591,2372.37,5390.08,Active,2021-06-22
PROD_002642,Ergonomic interactive throughput,Industrial Equipment,SUP_00295,127.58,218.71,Active,2026-03-05
PROD_002643,Operative demand-driven intranet,Consumer Products,SUP_00220,1373.28,2748.1,Active,2023-06-22
PROD_002644,Realigned 4thgeneration hub,Healthcare Equipment,SUP_00987,4843.73,11371.52,Active,2021-10-06
PROD_002645,De-engineered fault-tolerant support,Consumer Products,SUP_00120,4714.89,8357.34,Active,2021-01-20
PROD_002646,Switchable heuristic Graphical User Interface,Consumer Products,SUP_00321,3875.08,5337.23,Inactive,2022-03-29
PROD_002647,Optimized systemic system engine,Consumer Products,SUP_00477,2719.77,6306.84,Active,2023-03-21
PROD_002648,Vision-oriented system-worthy monitoring,Software,SUP_00842,2274.25,3911.92,Active,2022-08-25
PROD_002649,Reverse-engineered 3rdgeneration open system,Software,SUP_00792,585.35,871.97,Active,2025-04-25
PROD_002650,Devolved coherent groupware,Consumer Products,SUP_00790,290.32,589.09,Active,2024-02-14
PROD_002651,Robust real-time orchestration,Consumer Products,,1538.99,2236.21,Active,2025-10-06
PROD_002652,Multi-tiered demand-driven infrastructure,Consumer Products,SUP_00452,4831.67,11841.42,Active,2021-05-08
PROD_002653,Networked content-based leverage,Healthcare Equipment,,2070.7,3146.82,Active,2021-08-06
PROD_002654,Re-contextualized local productivity,Electronics,SUP_00959,4980.92,7943.98,Active,2025-11-30
PROD_002655,Cross-group composite benchmark,Industrial Equipment,SUP_00983,2227.87,3976.34,Inactive,2024-09-15
PROD_002656,Enhanced 5thgeneration solution,Electronics,SUP_00924,3856.3,8019.74,Active,2024-04-25
PROD_002657,Assimilated contextually-based customer loyalty,Healthcare Equipment,SUP_00253,2379.43,3415.41,Active,2021-05-20
PROD_002658,Networked executive database,Healthcare Equipment,SUP_00622,4140.03,8848.55,Discontinued,2022-04-13
PROD_002659,Switchable multi-tasking architecture,Automotive Parts,SUP_00912,4381.2,9572.66,Active,2023-07-02
PROD_002660,Multi-layered multi-state access,Automotive Parts,SUP_00483,565.18,1252.21,Active,2021-12-11
PROD_002661,Open-source hybrid complexity,Software,SUP_00370,3296.1,6645.55,Active,2026-06-09
PROD_002662,De-engineered national instruction set,Healthcare Equipment,SUP_00963,2196.43,4214.6,Inactive,2023-08-18
PROD_002663,Cloned human-resource database,Healthcare Equipment,SUP_00825,2667.59,5782.36,Active,2021-09-18
PROD_002664,Expanded fault-tolerant Internet solution,,SUP_00149,1063.77,1756.22,Active,2025-06-29
PROD_002665,Synchronized methodical complexity,Consumer Products,SUP_00875,3626.18,8260.34,Active,2024-04-26
PROD_002666,Integrated optimizing customer loyalty,Software,SUP_00590,4263.85,9368.25,Active,2023-10-05
PROD_002667,Synergized logistical focus group,Electronics,SUP_00426,3410.45,6515.04,Active,2022-02-09
PROD_002668,Digitized local architecture,Software,SUP_00730,4504.92,9365.89,Discontinued,2025-07-13
PROD_002669,Robust dynamic moderator,Software,SUP_00838,4712.77,6795.13,Inactive,2022-10-22
PROD_002670,Re-contextualized mobile knowledgebase,Consumer Products,SUP_00055,3370.26,6010.96,Active,2023-07-18
PROD_002671,Balanced user-facing array,Automotive Parts,SUP_00287,4278.63,5049.24,Active,2022-08-01
PROD_002672,Persevering grid-enabled standardization,Healthcare Equipment,SUP_00047,2107.52,4790.93,Active,2025-08-18
PROD_002673,Innovative hybrid pricing structure,Electronics,SUP_00975,939.19,1920.34,Active,2025-07-10
PROD_002674,Enhanced intangible encryption,Automotive Parts,SUP_00684,108.93,198.58,Active,2021-12-27
PROD_002675,Secured upward-trending Internet solution,Automotive Parts,SUP_00959,1166.01,1443.07,Active,2023-07-08
PROD_002676,Switchable contextually-based standardization,Software,SUP_00271,3131.3,4491.0,Active,2024-02-15
PROD_002677,Object-based tangible analyzer,Automotive Parts,SUP_00234,2985.91,4934.59,Active,2022-04-26
PROD_002678,Diverse even-keeled product,Consumer Products,SUP_00201,202.39,430.51,Discontinued,2023-12-15
PROD_002679,Synchronized asymmetric standardization,Consumer Products,SUP_00999,2939.97,6045.34,Discontinued,2024-12-28
PROD_002680,Extended modular installation,Automotive Parts,SUP_00570,1452.82,2926.16,Active,2026-06-14
PROD_002681,Reactive bottom-line hub,Healthcare Equipment,SUP_00304,361.24,719.03,Active,2021-06-03
PROD_002682,Customer-focused motivating throughput,Healthcare Equipment,,1669.1,3019.2,Discontinued,2025-04-13
PROD_002683,Open-source local concept,Healthcare Equipment,SUP_00412,1978.65,3895.4,Inactive,2022-05-23
PROD_002684,Profit-focused 6thgeneration Local Area Network,Automotive Parts,SUP_00581,4581.59,10072.46,Active,2021-02-23
PROD_002685,Sharable system-worthy service-desk,Healthcare Equipment,SUP_00528,4989.91,6954.96,Active,2025-02-12
PROD_002686,Multi-tiered global synergy,Consumer Products,SUP_00704,4191.14,6227.21,Active,2023-03-13
PROD_002687,Ergonomic hybrid alliance,Consumer Products,SUP_00178,2175.62,3798.06,Active,2021-01-22
PROD_002688,Customizable tertiary challenge,Software,SUP_00378,3836.0,9150.73,Active,2022-10-19
PROD_002689,User-friendly maximized matrix,Automotive Parts,SUP_00442,3528.0,8547.43,Active,2023-07-15
PROD_002690,Configurable neutral protocol,Software,SUP_00603,3067.98,3986.2,Active,2022-05-02
PROD_002691,Organic client-driven leverage,Electronics,SUP_00307,2575.57,4801.61,Inactive,2025-07-04
PROD_002692,Diverse composite adapter,Software,SUP_00640,1433.24,2095.12,Inactive,2024-05-02
PROD_002693,Enhanced explicit capability,Healthcare Equipment,SUP_00512,2158.05,3027.06,Inactive,2023-12-09
PROD_002694,Object-based composite archive,Electronics,SUP_00629,1788.16,2928.08,Inactive,2024-09-08
PROD_002695,Advanced systematic flexibility,Industrial Equipment,SUP_00715,3603.45,8507.75,Discontinued,2021-11-04
PROD_002696,Multi-channeled context-sensitive data-warehouse,Automotive Parts,SUP_00405,173.14,287.19,Inactive,2024-12-04
PROD_002697,Synergistic national data-warehouse,Consumer Products,SUP_00030,1401.75,2184.68,Active,2023-06-06
PROD_002698,Business-focused scalable workforce,Automotive Parts,SUP_00847,2989.3,4277.29,Active,2023-11-15
PROD_002699,Switchable transitional protocol,Consumer Products,SUP_00438,4413.65,8250.89,Inactive,2025-12-05
PROD_002700,Networked system-worthy function,Healthcare Equipment,SUP_00455,613.12,819.95,Active,2023-06-10
PROD_002701,Right-sized 24hour application,Electronics,SUP_00207,1260.83,2753.01,Active,2025-03-30
PROD_002702,Visionary dedicated encryption,Software,SUP_00819,3486.42,8210.56,Active,2023-01-22
PROD_002703,Front-line dedicated array,Unknown Category,SUP_00570,4739.06,7639.91,Active,2021-02-02
PROD_002704,Assimilated 24/7 Graphical User Interface,Automotive Parts,SUP_00883,2958.96,4672.84,Active,2025-07-04
PROD_002705,Synergized static architecture,Electronics,SUP_00850,259.56,302.42,Active,2022-03-19
PROD_002706,Cross-platform static concept,Industrial Equipment,SUP_00647,3338.5,4804.0,Active,2024-12-23
PROD_002707,Balanced intangible migration,Healthcare Equipment,SUP_00898,3636.48,7349.09,Active,2021-08-05
PROD_002708,Inverse fresh-thinking open architecture,Industrial Equipment,SUP_00561,754.32,1588.93,Active,2024-06-11
PROD_002709,Secured demand-driven moratorium,Consumer Products,SUP_00016,339.89,456.29,Inactive,2023-03-04
PROD_002710,Optimized bottom-line emulation,Electronics,SUP_00113,3338.46,4428.05,Active,2022-03-05
PROD_002711,Multi-channeled fresh-thinking conglomeration,Software,SUP_00369,2916.41,4266.9,Active,2021-01-31
PROD_002712,Streamlined foreground access,Industrial Equipment,SUP_00610,1602.99,2801.22,Active,2023-02-20
PROD_002713,Persevering directional architecture,Automotive Parts,SUP_00718,186.78,425.09,Active,2024-08-12
PROD_002714,Grass-roots solution-oriented process improvement,Consumer Products,,3662.37,5025.89,Active,2023-01-11
PROD_002715,Cloned didactic installation,Software,SUP_00827,2972.04,6398.96,Discontinued,2022-08-28
PROD_002716,Right-sized modular benchmark,Software,SUP_00360,2574.6,5459.89,Inactive,2024-11-30
PROD_002717,Re-contextualized composite extranet,Electronics,SUP_00641,621.37,1081.93,Inactive,2026-04-08
PROD_002718,Right-sized fresh-thinking product,Consumer Products,SUP_00310,3636.07,5090.9,Discontinued,2024-10-28
PROD_002719,Synergistic zero administration solution,Electronics,SUP_00091,4006.37,5328.77,Active,2021-09-24
PROD_002720,Enhanced scalable task-force,Automotive Parts,SUP_00314,3857.47,6669.39,Inactive,2025-11-09
PROD_002721,Intuitive static matrices,Automotive Parts,SUP_00387,1258.27,2685.36,Active,2021-05-16
PROD_002722,Ameliorated real-time paradigm,Industrial Equipment,SUP_00117,-100.0,1067.36,Active,2023-06-20
PROD_002723,Profound scalable support,Software,SUP_00298,2199.38,2930.8,Active,2022-04-12
PROD_002724,Reverse-engineered tertiary access,Automotive Parts,SUP_00046,4420.73,9309.24,Inactive,2022-04-12
PROD_002725,Seamless well-modulated capability,Software,,1601.4,2664.4,Active,2022-09-12
PROD_002726,User-centric interactive system engine,Software,SUP_00565,1781.37,2802.07,Active,2022-05-04
PROD_002727,Configurable analyzing challenge,Automotive Parts,SUP_00671,4905.17,8000.05,Active,2023-01-22
PROD_002728,Implemented dedicated collaboration,Software,SUP_00095,4953.45,8673.0,Active,2023-01-24
PROD_002729,Stand-alone 5thgeneration encoding,Software,SUP_00131,1382.59,2427.31,Inactive,2026-01-27
PROD_002730,Right-sized leadingedge support,Software,SUP_00169,2134.9,4874.86,Active,2025-10-26
PROD_002731,Devolved even-keeled functionalities,Consumer Products,SUP_00231,2926.48,5364.46,Active,2024-07-15
PROD_002732,Virtual 6thgeneration model,Automotive Parts,SUP_00922,2112.71,2637.15,Active,2025-05-08
PROD_002733,Operative secondary forecast,Industrial Equipment,SUP_00109,1561.64,3747.13,Active,2025-02-14
PROD_002734,Focused upward-trending groupware,Software,SUP_00780,2674.73,5618.31,Active,2022-11-19
PROD_002735,Expanded needs-based application,Automotive Parts,SUP_00571,2673.94,6075.96,Active,2025-12-24
PROD_002736,Synchronized dynamic website,Industrial Equipment,SUP_00701,3384.87,3928.06,Active,2024-10-10
PROD_002737,Up-sized directional portal,Healthcare Equipment,SUP_00636,3155.51,7801.1,Active,2025-10-17
PROD_002738,Programmable fresh-thinking contingency,Industrial Equipment,SUP_00833,2563.53,4664.05,Discontinued,2023-06-07
PROD_002739,Adaptive asymmetric matrix,Healthcare Equipment,SUP_00886,3939.71,6106.33,Active,2021-05-21
PROD_002740,Ergonomic actuating productivity,Software,SUP_00039,2247.39,4053.59,Inactive,2026-06-13
PROD_002741,Expanded clear-thinking array,Consumer Products,SUP_00199,2102.37,2467.97,Inactive,2021-12-15
PROD_002742,Reactive demand-driven encoding,Consumer Products,SUP_00842,3128.32,3703.03,Active,2023-10-15
PROD_002743,Optimized uniform Local Area Network,Automotive Parts,SUP_00580,1853.24,2708.03,Active,2022-09-17
PROD_002744,Up-sized dedicated encryption,Consumer Products,SUP_00735,755.87,1437.34,Active,2023-05-01
PROD_002745,Robust dynamic framework,Industrial Equipment,SUP_00156,3376.82,4029.77,Active,2022-07-27
PROD_002746,Organized scalable customer loyalty,Software,SUP_00080,4250.43,7192.58,Inactive,2022-06-30
PROD_002747,Polarized attitude-oriented hierarchy,Healthcare Equipment,SUP_00253,4122.77,7748.32,Active,2023-03-10
PROD_002748,Down-sized methodical intranet,Consumer Products,SUP_00977,3644.23,5738.0,Inactive,2023-04-28
PROD_002749,Seamless user-facing Internet solution,Healthcare Equipment,SUP_00220,1352.1,1684.52,Active,2025-03-06
PROD_002750,Polarized 3rdgeneration task-force,Healthcare Equipment,SUP_00995,3394.22,5047.44,Active,2023-02-05
PROD_002751,Configurable well-modulated framework,Healthcare Equipment,SUP_00797,3628.43,7550.0,Discontinued,2024-04-08
PROD_002752,Distributed neutral superstructure,Consumer Products,SUP_00112,726.29,1176.09,Discontinued,2021-12-19
PROD_002753,Multi-tiered maximized function,Electronics,,602.61,1066.09,Active,2023-06-29
PROD_002754,Multi-tiered next generation portal,Industrial Equipment,SUP_00363,1653.33,3048.77,Inactive,2023-08-23
PROD_002755,Managed client-driven structure,Automotive Parts,SUP_00032,590.84,1436.37,Active,2023-07-31
PROD_002756,Distributed content-based ability,Electronics,SUP_00935,3124.94,3608.6,Discontinued,2021-01-26
PROD_002757,Profit-focused upward-trending success,Electronics,SUP_00925,3713.18,7416.69,Active,2023-01-21
PROD_002758,Open-architected intangible infrastructure,Healthcare Equipment,SUP_00285,3561.15,8203.69,Active,2026-05-01
PROD_002759,Multi-layered human-resource matrix,Consumer Products,SUP_00528,1120.35,1393.49,Active,2022-09-10
PROD_002760,Reverse-engineered asynchronous installation,Software,SUP_00446,597.37,1363.05,Active,2025-11-11
PROD_002761,Decentralized human-resource open system,Industrial Equipment,SUP_00721,4858.44,6136.06,Discontinued,2021-11-22
PROD_002762,Virtual intermediate extranet,Software,SUP_00736,1160.62,1887.56,Active,2025-03-28
PROD_002763,Versatile uniform hardware,Healthcare Equipment,,3555.33,8085.62,Active,2023-10-20
PROD_002764,Pre-emptive scalable solution,Software,SUP_00186,2432.32,4276.85,Active,2023-01-09
PROD_002765,Centralized solution-oriented info-mediaries,Consumer Products,SUP_00339,652.74,1513.06,Active,2026-02-02
PROD_002766,User-centric dynamic encryption,Unknown Category,SUP_00557,2345.98,5108.21,Active,2023-08-17
PROD_002767,Multi-lateral responsive strategy,Consumer Products,SUP_00178,1721.4,3119.13,Active,2024-09-18
PROD_002768,Total static project,Consumer Products,SUP_00697,1720.09,2263.35,Active,2021-10-24
PROD_002769,Robust logistical software,Automotive Parts,SUP_00260,599.23,967.16,Active,2021-10-23
PROD_002770,Fully-configurable real-time paradigm,Consumer Products,SUP_00686,1416.57,2477.47,Active,2026-03-25
PROD_002771,Diverse 24/7 budgetary management,Healthcare Equipment,SUP_00643,4526.45,5986.33,Discontinued,2025-03-27
PROD_002772,Stand-alone transitional info-mediaries,Automotive Parts,SUP_00052,1562.54,2842.2,Active,2023-03-09
PROD_002773,Reverse-engineered attitude-oriented model,Software,,1809.53,3888.35,Active,2025-12-31
PROD_002774,Optimized composite interface,Healthcare Equipment,SUP_00654,270.56,597.67,Active,2022-05-23
PROD_002775,Innovative motivating monitoring,Consumer Products,SUP_00821,4503.81,7223.28,Active,2024-08-13
PROD_002776,Multi-tiered optimizing function,Healthcare Equipment,SUP_00704,-100.0,7371.83,Active,2025-01-12
PROD_002777,Versatile upward-trending array,Automotive Parts,SUP_00695,4617.25,6115.48,Active,2021-08-08
PROD_002778,Re-engineered zero-defect website,Electronics,SUP_00162,3531.36,8310.01,Active,2022-11-22
PROD_002779,Digitized encompassing synergy,Electronics,SUP_00598,686.09,870.26,Inactive,2022-02-25
PROD_002780,User-friendly hybrid standardization,Healthcare Equipment,SUP_00416,-100.0,9279.12,Active,2022-09-11
PROD_002781,Down-sized mobile ability,Automotive Parts,SUP_00216,4647.58,7270.91,Active,2021-07-14
PROD_002782,Vision-oriented tangible instruction set,Industrial Equipment,SUP_00703,396.67,879.85,Active,2023-11-20
PROD_002783,Streamlined executive superstructure,Automotive Parts,SUP_00973,2318.97,3534.14,Active,2023-05-15
PROD_002784,Enhanced holistic contingency,Healthcare Equipment,SUP_00400,2939.58,4497.93,Active,2024-11-13
PROD_002785,Exclusive mobile contingency,Electronics,SUP_00710,1632.26,2716.89,Active,2023-10-06
PROD_002786,Customizable local open system,Automotive Parts,SUP_00476,2434.41,4116.31,Discontinued,2025-06-22
PROD_002787,Enterprise-wide dedicated approach,Automotive Parts,SUP_00808,2203.15,4696.77,Active,2025-02-13
PROD_002788,Virtual content-based firmware,Software,SUP_00420,3407.88,5235.7,Active,2026-05-26
PROD_002789,Open-source leadingedge product,Electronics,SUP_00238,2529.65,6157.29,Inactive,2026-01-06
PROD_002790,Customer-focused scalable concept,Consumer Products,SUP_00562,319.11,439.57,Active,2021-06-10
PROD_002791,Configurable homogeneous capability,Industrial Equipment,SUP_00911,1934.44,3630.89,Inactive,2022-07-10
PROD_002792,Mandatory 4thgeneration paradigm,Software,SUP_00937,1118.09,1351.61,Active,2022-04-16
PROD_002793,Pre-emptive systematic task-force,Healthcare Equipment,SUP_00052,4758.01,5966.51,Active,2021-07-22
PROD_002794,Centralized encompassing system engine,Consumer Products,,1203.21,2854.51,Active,2026-04-01
PROD_002795,Synchronized optimal utilization,Automotive Parts,SUP_00246,1582.37,3137.51,Active,2026-06-05
PROD_002796,Cross-platform didactic model,Industrial Equipment,SUP_00637,862.99,1268.32,Active,2025-05-08
PROD_002797,Multi-tiered real-time model,Healthcare Equipment,SUP_00533,4740.63,8420.39,Active,2026-06-03
PROD_002798,Virtual encompassing matrix,Industrial Equipment,SUP_00393,1677.78,3409.6,Active,2023-08-08
PROD_002799,Mandatory real-time interface,Consumer Products,SUP_00332,4330.6,10154.87,Active,2022-11-07
PROD_002800,Synergized global functionalities,Consumer Products,SUP_00543,631.49,879.4,Discontinued,2025-06-27
PROD_002801,Multi-lateral static initiative,Consumer Products,SUP_00812,2367.16,5868.26,Active,2023-01-30
PROD_002802,Centralized heuristic groupware,Automotive Parts,SUP_00610,1941.47,3790.63,Active,2025-06-06
PROD_002803,Adaptive logistical standardization,Industrial Equipment,SUP_00098,1024.22,1199.83,Active,2023-03-18
PROD_002804,Devolved 4thgeneration portal,Software,,1950.5,2950.68,Active,2021-09-04
PROD_002805,Progressive even-keeled standardization,Software,SUP_00994,2617.14,5723.42,Active,2025-02-16
PROD_002806,Fully-configurable holistic knowledge user,Software,SUP_00189,3815.93,4697.03,Active,2024-05-25
PROD_002807,Switchable methodical migration,Consumer Products,SUP_00959,1007.24,2276.25,Active,2023-04-09
PROD_002808,Ergonomic 24hour productivity,Industrial Equipment,SUP_00262,693.35,1262.25,Active,2026-04-05
PROD_002809,Inverse 3rdgeneration productivity,Consumer Products,SUP_00469,4525.63,10124.22,Active,2022-12-24
PROD_002810,Balanced user-facing Graphic Interface,Healthcare Equipment,SUP_00413,4175.29,10038.79,Active,2024-09-21
PROD_002811,Focused real-time matrix,Healthcare Equipment,SUP_00723,2978.71,4674.13,Discontinued,2023-03-14
PROD_002812,Seamless attitude-oriented hardware,Industrial Equipment,SUP_00533,77.69,93.83,Active,2023-05-09
PROD_002813,Phased stable standardization,Industrial Equipment,SUP_00196,231.59,400.55,Inactive,2025-12-21
PROD_002814,Upgradable human-resource frame,Industrial Equipment,SUP_00455,4682.56,10869.72,Active,2024-05-02
PROD_002815,Universal client-server model,Automotive Parts,SUP_00066,2570.76,5365.87,Active,2025-10-24
PROD_002816,Universal motivating alliance,Unknown Category,SUP_00171,1281.02,2219.77,Active,2021-09-14
PROD_002817,Cross-group exuding service-desk,Industrial Equipment,SUP_00274,308.32,358.83,Active,2026-06-22
PROD_002818,Persistent composite knowledge user,Consumer Products,SUP_00848,-100.0,878.48,Active,2026-03-31
PROD_002819,Polarized stable moratorium,Software,SUP_00766,680.73,1284.2,Inactive,2022-04-29
PROD_002820,Extended composite system engine,Healthcare Equipment,SUP_00023,1515.61,2892.06,Active,2026-03-10
PROD_002821,Total background benchmark,Healthcare Equipment,SUP_00620,3349.37,7789.28,Inactive,2023-05-23
PROD_002822,Universal 4thgeneration complexity,Healthcare Equipment,SUP_00176,2177.79,4390.69,Inactive,2026-02-07
PROD_002823,Inverse human-resource throughput,Industrial Equipment,SUP_00356,4960.39,6929.2,Active,2022-07-17
PROD_002824,Up-sized eco-centric secured line,Healthcare Equipment,SUP_00928,1163.95,2087.75,Active,2023-08-14
PROD_002825,Synchronized bottom-line secured line,Healthcare Equipment,,926.82,1520.82,Active,2021-09-30
PROD_002826,Public-key scalable success,Consumer Products,SUP_00260,2910.85,5419.98,Active,2023-09-14
PROD_002827,Team-oriented full-range definition,Healthcare Equipment,SUP_00931,571.4,1401.88,Discontinued,2026-02-13
PROD_002828,Visionary radical architecture,Healthcare Equipment,SUP_00944,2814.44,6338.72,Active,2024-07-15
PROD_002829,Multi-tiered transitional synergy,Industrial Equipment,SUP_00213,3877.88,7445.99,Active,2025-01-16
PROD_002830,Multi-tiered solution-oriented project,Healthcare Equipment,SUP_00678,2953.83,7023.76,Active,2025-04-24
PROD_002831,Optional discrete definition,Consumer Products,SUP_00165,696.59,1028.88,Active,2022-06-04
PROD_002832,Implemented background budgetary management,Automotive Parts,SUP_00679,1035.14,2290.14,Active,2021-06-28
PROD_002833,User-centric optimizing core,Software,SUP_00842,2689.34,3456.04,Active,2025-02-02
PROD_002834,Customizable object-oriented hub,Industrial Equipment,SUP_00046,511.97,708.1,Active,2021-09-13
PROD_002835,Intuitive homogeneous orchestration,,SUP_00614,2160.88,4021.63,Active,2025-01-18
PROD_002836,Integrated analyzing parallelism,Electronics,SUP_00084,201.31,495.09,Discontinued,2023-12-11
PROD_002837,Networked interactive functionalities,Consumer Products,SUP_00378,4516.61,10012.56,Active,2025-03-28
PROD_002838,Synergistic clear-thinking model,Automotive Parts,SUP_00988,3974.92,6036.18,Active,2024-08-24
PROD_002839,Reverse-engineered directional benchmark,Industrial Equipment,SUP_00217,3551.9,6383.83,Active,2023-03-04
PROD_002840,Public-key logistical functionalities,Electronics,SUP_00260,3938.81,8393.27,Active,2021-10-18
PROD_002841,Implemented directional methodology,Software,SUP_00148,2299.33,4116.07,Active,2024-09-26
PROD_002842,Digitized radical forecast,Healthcare Equipment,SUP_00793,1243.27,1689.18,Inactive,2021-10-20
PROD_002843,Synchronized tangible alliance,Industrial Equipment,SUP_00482,4288.68,7772.47,Active,2024-04-16
PROD_002844,Integrated motivating solution,Consumer Products,SUP_00964,50.78,107.63,Active,2021-09-05
PROD_002845,Triple-buffered object-oriented matrices,Industrial Equipment,SUP_00340,1524.49,2906.46,Active,2024-06-19
PROD_002846,Extended modular frame,Consumer Products,SUP_00600,325.41,428.67,Active,2024-11-13
PROD_002847,Multi-tiered analyzing workforce,Industrial Equipment,,1514.28,1878.45,Inactive,2022-10-31
PROD_002848,Universal demand-driven superstructure,Healthcare Equipment,SUP_00263,652.01,807.07,Discontinued,2026-02-18
PROD_002849,Face-to-face tangible support,Consumer Products,SUP_00637,2116.41,4438.82,Inactive,2021-04-16
PROD_002850,Vision-oriented context-sensitive matrix,Healthcare Equipment,,2415.49,4179.62,Active,2024-12-30
PROD_002851,Innovative stable complexity,Healthcare Equipment,SUP_00989,3036.37,4324.57,Discontinued,2026-06-12
PROD_002852,Reactive hybrid Graphical User Interface,Software,SUP_00786,4946.46,11525.13,Discontinued,2023-04-28
PROD_002853,Phased grid-enabled system engine,Healthcare Equipment,SUP_00727,4219.14,9539.85,Active,2023-02-25
PROD_002854,Compatible multi-tasking superstructure,Industrial Equipment,SUP_00958,4898.13,7590.3,Inactive,2022-07-22
PROD_002855,Total content-based standardization,Industrial Equipment,SUP_00846,154.07,274.08,Active,2025-09-14
PROD_002856,Object-based bandwidth-monitored capacity,Electronics,SUP_00217,2849.54,3575.05,Active,2022-10-11
PROD_002857,Reduced actuating strategy,Automotive Parts,SUP_00475,968.74,2150.12,Active,2022-09-02
PROD_002858,Streamlined cohesive orchestration,Software,SUP_00366,4583.66,6989.7,Active,2021-10-03
PROD_002859,Total mission-critical frame,,SUP_00501,3769.29,6217.74,Active,2025-12-05
PROD_002860,Expanded didactic website,Electronics,SUP_00205,1670.2,2227.69,Active,2025-02-10
PROD_002861,User-centric solution-oriented access,Consumer Products,SUP_00427,294.0,613.69,Inactive,2022-12-28
PROD_002862,Re-engineered bi-directional service-desk,Healthcare Equipment,SUP_00246,3408.39,8309.39,Active,2025-04-25
PROD_002863,Digitized homogeneous interface,Software,SUP_00460,4840.67,11102.86,Active,2024-09-24
PROD_002864,Down-sized analyzing attitude,Healthcare Equipment,SUP_00187,2763.19,4867.55,Inactive,2022-12-15
PROD_002865,Phased context-sensitive application,Industrial Equipment,SUP_00565,3771.4,4820.72,Active,2021-08-24
PROD_002866,Profound solution-oriented Graphical User Interface,Industrial Equipment,SUP_00644,4215.62,7301.29,Active,2024-04-05
PROD_002867,Distributed responsive success,Industrial Equipment,SUP_00837,3491.63,7821.7,Active,2023-03-22
PROD_002868,Automated bottom-line encoding,Healthcare Equipment,SUP_00795,580.43,9744.400000000001,Active,2023-03-07
PROD_002869,Innovative system-worthy policy,Automotive Parts,,917.36,2014.41,Discontinued,2026-03-30
PROD_002870,Streamlined value-added implementation,Consumer Products,SUP_00907,820.17,2006.15,Active,2025-04-06
PROD_002871,Synchronized stable array,Automotive Parts,SUP_00952,4932.36,9330.26,Active,2025-04-10
PROD_002872,Streamlined homogeneous focus group,Healthcare Equipment,SUP_00630,4467.08,9237.83,Active,2024-06-22
PROD_002873,Organic holistic access,Software,SUP_00195,577.23,763.05,Discontinued,2021-08-29
PROD_002874,Configurable bottom-line matrix,Healthcare Equipment,SUP_00581,3968.3,5181.18,Discontinued,2024-07-10
PROD_002875,Profound directional adapter,Automotive Parts,SUP_00207,1162.58,2708.98,Active,2024-03-23
PROD_002876,Re-engineered mission-critical focus group,Industrial Equipment,SUP_00768,1358.01,3229.94,Discontinued,2024-10-23
PROD_002877,Cross-platform optimizing contingency,Automotive Parts,SUP_00552,3541.9,7304.3,Inactive,2023-02-10
PROD_002878,Stand-alone tangible Internet solution,Healthcare Equipment,SUP_00203,2575.19,5282.64,Active,2022-08-22
PROD_002879,De-engineered bandwidth-monitored Graphic Interface,Electronics,SUP_00342,1580.88,2890.22,Active,2021-05-08
PROD_002880,Public-key contextually-based initiative,Industrial Equipment,SUP_00940,2742.27,63997.600000000006,Active,2025-06-19
PROD_002881,Ameliorated hybrid open architecture,Healthcare Equipment,SUP_00012,4262.9,8109.08,Active,2025-06-28
PROD_002882,Progressive mobile architecture,Software,SUP_00544,1820.7,4169.31,Active,2023-11-07
PROD_002883,Reduced national structure,Electronics,SUP_00942,522.9,880.89,Discontinued,2025-07-01
PROD_002884,Streamlined bottom-line system engine,Industrial Equipment,SUP_00074,841.71,1283.59,Active,2025-02-19
PROD_002885,Switchable bottom-line contingency,Automotive Parts,SUP_00138,3646.71,6703.21,Active,2025-09-26
PROD_002886,Team-oriented contextually-based ability,Healthcare Equipment,SUP_00353,1170.21,1373.11,Active,2024-01-18
PROD_002887,Intuitive bottom-line analyzer,Automotive Parts,SUP_00453,1081.22,1426.42,Active,2021-09-16
PROD_002888,Expanded solution-oriented complexity,Industrial Equipment,SUP_00914,3387.45,5731.18,Active,2021-06-26
PROD_002889,Function-based web-enabled alliance,Industrial Equipment,,2345.71,4012.0,Active,2021-06-19
PROD_002890,Decentralized motivating framework,Electronics,SUP_00777,2051.35,4783.12,Active,2022-12-31
PROD_002891,Quality-focused composite interface,Software,SUP_00360,168.61,367.86,Active,2026-05-15
PROD_002892,Switchable 24hour encryption,Industrial Equipment,SUP_00119,1765.87,2511.14,Inactive,2022-08-27
PROD_002893,Programmable zero tolerance frame,Healthcare Equipment,SUP_00979,394.88,688.95,Active,2024-08-15
PROD_002894,Organic client-driven orchestration,Consumer Products,SUP_00777,3189.24,6993.75,Active,2023-09-11
PROD_002895,Intuitive multi-state help-desk,Electronics,SUP_00850,4318.4,6979.06,Active,2024-04-30
PROD_002896,Profound demand-driven solution,Industrial Equipment,SUP_00036,296.46,481.08,Active,2021-07-18
PROD_002897,Balanced disintermediate alliance,Software,SUP_00257,608.7,1054.38,Active,2022-01-13
PROD_002898,Innovative didactic challenge,Software,SUP_00292,4255.89,7408.57,Discontinued,2024-04-22
PROD_002899,Extended optimizing help-desk,Healthcare Equipment,SUP_00566,3627.67,5481.92,Inactive,2022-07-11
PROD_002900,Upgradable regional interface,Industrial Equipment,SUP_00690,429.27,767.79,Inactive,2021-05-30
PROD_002901,Function-based empowering implementation,Automotive Parts,SUP_00814,3811.99,6179.78,Active,2024-07-27
PROD_002902,Diverse impactful knowledgebase,Automotive Parts,SUP_00225,4871.01,7755.57,Discontinued,2021-06-17
PROD_002903,Function-based systematic interface,Automotive Parts,SUP_00363,4945.92,10163.15,Active,2026-03-02
PROD_002904,Digitized national database,Software,SUP_00022,1399.03,2126.71,Active,2021-05-22
PROD_002905,Upgradable encompassing productivity,Electronics,SUP_00038,1770.98,3860.48,Active,2024-10-29
PROD_002906,Ergonomic transitional hub,Industrial Equipment,SUP_00994,4268.57,8374.28,Discontinued,2024-02-05
PROD_002907,Stand-alone multimedia portal,Software,SUP_00570,917.12,1641.28,Active,2021-11-26
PROD_002908,Distributed foreground toolset,Software,SUP_00320,123.81,164.01,Active,2023-05-20
PROD_002909,Assimilated real-time encryption,Industrial Equipment,SUP_00744,2462.83,3291.17,Active,2021-06-05
PROD_002910,Decentralized national budgetary management,Electronics,SUP_00520,1507.6,1761.54,Active,2024-10-04
PROD_002911,Open-source asymmetric groupware,Software,SUP_00342,812.17,1347.15,Active,2024-07-08
PROD_002912,Multi-lateral full-range time-frame,Electronics,SUP_00270,1194.32,1927.82,Active,2022-07-03
PROD_002913,Face-to-face even-keeled access,Automotive Parts,SUP_00133,2260.67,3444.29,Active,2021-07-16
PROD_002914,Face-to-face homogeneous benchmark,Automotive Parts,SUP_00376,4940.51,10112.76,Active,2025-04-20
PROD_002915,Decentralized context-sensitive moderator,Electronics,SUP_00218,3047.37,5498.83,Active,2025-01-01
PROD_002916,Integrated optimizing workforce,Healthcare Equipment,SUP_00085,4457.06,8434.92,Active,2023-09-10
PROD_002917,Progressive grid-enabled standardization,Industrial Equipment,SUP_00067,3584.9,7524.16,Active,2024-02-22
PROD_002918,Horizontal neutral flexibility,Healthcare Equipment,SUP_00937,2197.23,4286.61,Active,2024-05-03
PROD_002919,Business-focused composite functionalities,Industrial Equipment,SUP_00534,2964.53,4654.64,Active,2026-03-14
PROD_002920,Networked contextually-based hardware,Consumer Products,SUP_00927,2423.68,5810.8,Discontinued,2025-06-06
PROD_002921,Synergistic zero tolerance monitoring,Industrial Equipment,SUP_00749,695.74,1516.45,Active,2024-01-12
PROD_002922,Open-architected mission-critical parallelism,Consumer Products,SUP_00649,2927.63,4757.3,Active,2021-09-13
PROD_002923,Advanced systemic migration,Automotive Parts,SUP_00954,4958.41,12283.68,Active,2024-12-01
PROD_002924,Switchable clear-thinking circuit,Consumer Products,SUP_00562,74.61,154.08,Active,2023-01-30
PROD_002925,User-centric encompassing application,Automotive Parts,SUP_00702,886.41,1577.87,Active,2026-01-17
PROD_002926,Sharable holistic strategy,Electronics,SUP_00017,2453.2,3932.22,Active,2025-04-09
PROD_002927,Synergistic real-time instruction set,Industrial Equipment,SUP_00345,1392.78,2757.93,Discontinued,2024-11-18
PROD_002928,Enterprise-wide leadingedge help-desk,Healthcare Equipment,SUP_00885,1100.02,1967.58,Discontinued,2025-05-21
PROD_002929,Profit-focused executive focus group,Automotive Parts,SUP_00302,4496.23,7196.28,Discontinued,2026-03-26
PROD_002930,Programmable transitional emulation,Software,SUP_00775,312.22,719.69,Discontinued,2022-09-05
PROD_002931,Cross-group fault-tolerant installation,Healthcare Equipment,SUP_00925,611.47,730.58,Active,2025-03-26
PROD_002932,Cross-group scalable artificial intelligence,,SUP_00883,4851.88,9954.17,Inactive,2021-06-03
PROD_002933,Front-line background concept,Consumer Products,SUP_00670,3997.57,7812.61,Active,2024-02-29
PROD_002934,Configurable value-added forecast,Automotive Parts,SUP_00516,2690.87,6085.84,Discontinued,2024-01-17
PROD_002935,Proactive 24/7 interface,Consumer Products,SUP_00463,3828.78,4918.76,Inactive,2024-09-20
PROD_002936,Upgradable client-driven matrices,Healthcare Equipment,SUP_00577,244.98,401.86,Active,2023-09-26
PROD_002937,Synergized systematic monitoring,Automotive Parts,SUP_00598,-100.0,2006.64,Discontinued,2024-10-31
PROD_002938,Open-architected 24/7 pricing structure,Electronics,SUP_00390,1984.21,4266.24,Active,2022-01-17
PROD_002939,User-friendly 24hour structure,Electronics,SUP_00376,1976.36,3574.34,Discontinued,2023-05-03
PROD_002940,Public-key value-added hardware,Healthcare Equipment,SUP_00500,2118.39,3270.71,Inactive,2022-05-05
PROD_002941,User-centric stable moderator,Software,SUP_00774,1497.61,1886.8,Active,2024-10-04
PROD_002942,Balanced real-time knowledge user,Electronics,SUP_00202,2081.17,5170.31,Active,2026-04-20
PROD_002943,Synergistic well-modulated moderator,Electronics,SUP_00888,4461.59,8088.6,Active,2025-12-19
PROD_002944,Enhanced asynchronous hierarchy,Electronics,SUP_00332,1945.44,4717.11,Active,2025-08-11
PROD_002945,Profound heuristic application,Electronics,SUP_00998,4556.53,6925.41,Active,2023-04-28
PROD_002946,Multi-tiered composite hub,Industrial Equipment,SUP_00864,903.36,1916.52,Active,2026-04-30
PROD_002947,Mandatory systematic encryption,Software,SUP_00519,1788.54,2814.69,Active,2025-07-27
PROD_002948,Visionary bottom-line frame,Consumer Products,SUP_00579,2027.01,3591.0,Discontinued,2022-08-24
PROD_002949,Implemented empowering data-warehouse,Software,SUP_00537,4832.18,11330.94,Active,2021-01-05
PROD_002950,Self-enabling non-volatile infrastructure,Healthcare Equipment,SUP_00320,3929.33,5116.06,Discontinued,2022-03-13
PROD_002951,Integrated secondary migration,Consumer Products,SUP_00733,3084.24,7650.78,Inactive,2025-07-15
PROD_002952,Automated maximized process improvement,Healthcare Equipment,SUP_00353,1745.86,2256.57,Active,2025-08-29
PROD_002953,Centralized heuristic ability,Software,SUP_00423,1040.08,2562.68,Active,2024-05-19
PROD_002954,Managed exuding help-desk,Electronics,SUP_00961,3326.49,5922.65,Inactive,2021-08-03
PROD_002955,Monitored uniform contingency,Electronics,SUP_00220,78.03,95.19,Discontinued,2023-03-18
PROD_002956,Advanced bandwidth-monitored Internet solution,Electronics,SUP_00097,1167.83,2205.49,Discontinued,2023-09-15
PROD_002957,Configurable multi-tasking migration,Healthcare Equipment,SUP_00002,4065.22,8920.76,Active,2025-12-08
PROD_002958,Open-source bottom-line matrix,Software,SUP_00222,2186.9,3258.94,Active,2021-01-14
PROD_002959,Visionary stable extranet,Industrial Equipment,SUP_00712,2512.04,3391.13,Inactive,2022-03-30
PROD_002960,Object-based holistic framework,Industrial Equipment,SUP_00493,3836.76,9356.02,Inactive,2023-01-02
PROD_002961,Enterprise-wide national workforce,Electronics,SUP_00341,2861.29,3929.09,Discontinued,2022-06-25
PROD_002962,Organic stable intranet,Software,SUP_00190,4328.84,9029.62,Active,2021-11-21
PROD_002963,Multi-channeled value-added Internet solution,Software,SUP_00121,-100.0,4579.31,Active,2021-01-12
PROD_002964,Triple-buffered dedicated budgetary management,Industrial Equipment,SUP_00604,3790.76,6669.1,Discontinued,2022-01-16
PROD_002965,Balanced client-driven infrastructure,Industrial Equipment,SUP_00218,4805.65,6304.73,Active,2023-04-25
PROD_002966,Managed 5thgeneration complexity,Industrial Equipment,SUP_00711,1940.13,3764.64,Active,2024-08-29
PROD_002967,Polarized static flexibility,Consumer Products,SUP_00383,1339.96,2514.53,Active,2021-08-27
PROD_002968,Pre-emptive neutral methodology,Industrial Equipment,SUP_00315,1380.55,3448.95,Active,2025-05-24
PROD_002969,Universal clear-thinking Graphic Interface,Electronics,SUP_00554,1125.42,2769.6,Discontinued,2025-02-15
PROD_002970,Vision-oriented impactful middleware,Healthcare Equipment,SUP_00339,4406.53,6340.33,Discontinued,2024-12-27
PROD_002971,User-centric human-resource capacity,Software,SUP_00819,56.51,130.07,Active,2021-08-09
PROD_002972,Customer-focused 3rdgeneration capacity,Software,SUP_00637,2755.2,5775.75,Discontinued,2021-11-09
PROD_002973,Profit-focused 24/7 throughput,Consumer Products,SUP_00960,3411.23,7755.45,Active,2024-10-04
PROD_002974,Business-focused systematic Graphical User Interface,Industrial Equipment,SUP_00727,1373.36,2776.92,Discontinued,2023-05-12
PROD_002975,Right-sized user-facing access,Software,SUP_00533,4438.33,8473.13,Active,2023-05-22
PROD_002976,Implemented executive matrix,Healthcare Equipment,SUP_00744,4897.78,7641.84,Active,2021-06-15
PROD_002977,Optimized dynamic process improvement,Healthcare Equipment,SUP_00378,2579.49,3501.56,Active,2021-11-02
PROD_002978,Profound contextually-based encryption,Industrial Equipment,SUP_00986,2904.53,6580.11,Active,2022-07-18
PROD_002979,Customizable empowering standardization,Software,SUP_00532,4390.45,9682.37,Active,2022-05-12
PROD_002980,Optimized dedicated leverage,Consumer Products,SUP_00178,1537.61,2078.94,Active,2024-11-18
PROD_002981,Customer-focused tangible superstructure,Automotive Parts,SUP_00242,4362.13,10729.04,Discontinued,2023-10-05
PROD_002982,Enterprise-wide content-based parallelism,Electronics,SUP_00440,3235.19,7133.5,Active,2024-06-15
PROD_002983,Distributed discrete capability,Software,SUP_00886,1776.06,2825.81,Inactive,2021-09-23
PROD_002984,Automated even-keeled core,Industrial Equipment,SUP_00862,3417.06,5278.16,Active,2026-02-07
PROD_002985,Optimized 3rdgeneration pricing structure,Electronics,SUP_00246,1779.77,2557.6,Active,2022-02-05
PROD_002986,Business-focused homogeneous installation,Software,SUP_00231,4272.9,6181.45,Active,2023-11-20
PROD_002987,Total scalable emulation,Electronics,SUP_00376,2873.23,5269.96,Inactive,2022-03-21
PROD_002988,Optimized mission-critical approach,Consumer Products,SUP_00197,1650.97,3049.2,Active,2023-10-20
PROD_002989,Stand-alone actuating framework,Software,SUP_00758,3124.32,7459.14,Active,2021-08-09
PROD_002990,Multi-lateral even-keeled hardware,Industrial Equipment,SUP_00565,4115.58,7576.53,Active,2024-11-28
PROD_002991,Fully-configurable foreground application,Automotive Parts,SUP_00487,1564.99,3210.17,Active,2021-12-31
PROD_002992,Adaptive actuating protocol,Automotive Parts,SUP_00939,4784.92,6803.93,Inactive,2025-02-02
PROD_002993,Extended executive leverage,Electronics,SUP_00670,1388.65,2153.72,Active,2022-07-16
PROD_002994,Robust bandwidth-monitored Internet solution,Electronics,SUP_00078,3925.64,4892.88,Inactive,2022-01-06
PROD_002995,Pre-emptive high-level groupware,Healthcare Equipment,SUP_00993,319.97,731.77,Active,2022-09-03
PROD_002996,Cross-platform static access,Consumer Products,SUP_00612,130.04,253.42,Active,2024-10-02
PROD_002997,Visionary clear-thinking groupware,Automotive Parts,SUP_00917,3099.69,4355.6,Active,2022-12-25
PROD_002998,Multi-lateral value-added time-frame,Industrial Equipment,SUP_00685,315.8,496.78,Active,2024-03-27
PROD_002999,Robust holistic encoding,Consumer Products,SUP_00685,3325.74,7062.32,Active,2024-07-28
PROD_003000,Expanded optimal info-mediaries,Healthcare Equipment,SUP_00685,439.48,758.24,Discontinued,2021-06-24
PROD_003001,Customer-focused clear-thinking product,Automotive Parts,SUP_00350,2104.97,4692.07,Active,2025-01-29
PROD_003002,Decentralized 6thgeneration parallelism,Consumer Products,SUP_00984,147.18,315.01,Active,2026-04-27
PROD_003003,Streamlined content-based core,Consumer Products,SUP_00115,617.71,1537.37,Active,2024-11-14
PROD_003004,Cross-platform asynchronous moratorium,Software,SUP_00395,2927.12,6468.57,Active,2024-05-26
PROD_003005,Innovative uniform leverage,Electronics,SUP_00802,1943.38,3313.59,Active,2026-06-09
PROD_003006,Exclusive national success,Electronics,SUP_00668,3350.99,7924.55,Active,2021-11-05
PROD_003007,De-engineered content-based instruction set,Industrial Equipment,SUP_00655,697.77,1423.71,Active,2024-01-10
PROD_003008,Function-based well-modulated open architecture,Electronics,SUP_00288,-100.0,4834.93,Active,2026-05-11
PROD_003009,Multi-lateral local product,Electronics,SUP_00504,1969.83,2534.09,Inactive,2024-12-09
PROD_003010,Optional asymmetric matrices,Industrial Equipment,SUP_00767,3795.14,8578.04,Active,2023-04-21
PROD_003011,Profit-focused 3rdgeneration concept,Consumer Products,SUP_00904,3437.71,6430.54,Active,2024-04-16
PROD_003012,Total clear-thinking frame,Consumer Products,SUP_00584,2473.74,4150.15,Active,2021-04-02
PROD_003013,Re-contextualized analyzing utilization,Software,SUP_00082,205.71,429.71,Active,2026-05-05
PROD_003014,Ergonomic user-facing infrastructure,Healthcare Equipment,SUP_00033,1423.01,2550.68,Active,2023-09-21
PROD_003015,Public-key multimedia archive,Healthcare Equipment,SUP_00772,4112.34,7233.9,Active,2021-11-29
PROD_003016,Versatile multimedia info-mediaries,,SUP_00788,4337.86,10202.95,Active,2024-02-03
PROD_003017,Networked impactful portal,Automotive Parts,SUP_00520,3704.0,7790.49,Discontinued,2022-06-29
PROD_003018,Enterprise-wide 24hour complexity,Automotive Parts,SUP_00449,720.12,979.48,Active,2024-02-22
PROD_003019,Reverse-engineered tangible access,Healthcare Equipment,SUP_00922,2847.36,6053.52,Active,2025-10-30
PROD_003020,Profound logistical middleware,Healthcare Equipment,SUP_00246,247.93,445.45,Active,2024-11-20
PROD_003021,Progressive empowering framework,Consumer Products,SUP_00230,1470.17,2329.84,Active,2025-09-07
PROD_003022,Implemented tertiary flexibility,Healthcare Equipment,SUP_00740,523.46,718.48,Active,2024-01-13
PROD_003023,Down-sized directional analyzer,Industrial Equipment,SUP_00733,1457.38,3082.12,Active,2023-12-07
PROD_003024,Implemented 6thgeneration productivity,Software,SUP_00770,1400.47,1909.97,Active,2021-10-25
PROD_003025,Grass-roots client-driven flexibility,Consumer Products,SUP_00277,869.82,1239.93,Active,2025-10-19
PROD_003026,Business-focused secondary encryption,Software,SUP_00160,394.13,478.62,Active,2026-06-09
PROD_003027,Expanded national budgetary management,Healthcare Equipment,SUP_00863,4256.86,9751.06,Discontinued,2021-01-03
PROD_003028,Monitored responsive portal,Software,SUP_00751,3979.15,6006.16,Active,2026-05-05
PROD_003029,Inverse attitude-oriented strategy,Consumer Products,SUP_00736,2700.14,6501.69,Active,2025-11-09
PROD_003030,Fundamental uniform challenge,Electronics,SUP_00945,838.57,1512.12,Active,2023-03-31
PROD_003031,Seamless explicit Graphic Interface,,SUP_00128,2814.94,4681.27,Inactive,2026-05-31
PROD_003032,Self-enabling 24/7 help-desk,Software,SUP_00524,3619.97,4899.23,Inactive,2022-03-16
PROD_003033,Grass-roots context-sensitive extranet,Consumer Products,SUP_00762,1152.79,1525.0,Active,2026-05-04
PROD_003034,Public-key stable time-frame,Consumer Products,SUP_00646,2630.29,6296.62,Active,2026-02-27
PROD_003035,Reduced bi-directional success,Automotive Parts,SUP_00667,3429.65,5922.06,Active,2025-02-05
PROD_003036,Multi-tiered solution-oriented extranet,Healthcare Equipment,SUP_00742,2821.44,5894.31,Active,2025-10-12
PROD_003037,Sharable real-time neural-net,Automotive Parts,SUP_00813,4187.95,10107.5,Active,2022-02-18
PROD_003038,Organic directional Graphic Interface,Industrial Equipment,SUP_00528,1331.5,2887.5,Active,2022-06-24
PROD_003039,Reduced responsive workforce,Software,SUP_00931,4391.28,6122.82,Inactive,2025-09-18
PROD_003040,Object-based coherent knowledge user,Electronics,SUP_00796,1674.95,2284.0,Active,2022-04-10
PROD_003041,Up-sized intermediate hub,Software,SUP_00207,2774.63,3648.13,Active,2021-10-25
PROD_003042,Polarized background methodology,Electronics,,3731.65,7877.67,Active,2021-12-31
PROD_003043,Enterprise-wide context-sensitive core,Industrial Equipment,SUP_00957,469.15,1111.91,Discontinued,2024-02-17
PROD_003044,Upgradable contextually-based project,Industrial Equipment,SUP_00031,4634.64,10406.91,Inactive,2022-07-20
PROD_003045,Integrated cohesive conglomeration,Healthcare Equipment,SUP_00714,1564.99,2259.89,Active,2025-06-28
PROD_003046,Synergized real-time core,Software,SUP_00105,1330.27,2370.38,Active,2021-05-20
PROD_003047,Compatible interactive encryption,Consumer Products,SUP_00931,463.19,536.19,Active,2023-07-02
PROD_003048,Stand-alone impactful attitude,Automotive Parts,SUP_00893,3826.03,6295.93,Active,2024-12-23
PROD_003049,Devolved upward-trending system engine,Automotive Parts,SUP_00200,519.12,822.36,Active,2025-06-09
PROD_003050,Robust bandwidth-monitored implementation,Industrial Equipment,SUP_00623,4155.6,9277.91,Active,2023-02-10
PROD_003051,Customizable 24/7 task-force,Healthcare Equipment,SUP_00145,3371.36,6925.7,Active,2025-07-25
PROD_003052,Balanced clear-thinking encryption,Software,SUP_00360,1848.57,3948.11,Active,2025-03-25
PROD_003053,Future-proofed client-server product,Consumer Products,,2195.11,3344.12,Discontinued,2024-04-17
PROD_003054,Advanced bi-directional moratorium,Healthcare Equipment,SUP_00129,1581.0,2163.03,Inactive,2025-01-16
PROD_003055,Mandatory tertiary artificial intelligence,Industrial Equipment,SUP_00187,3084.54,6964.14,Active,2022-02-10
PROD_003056,Polarized well-modulated open system,Consumer Products,SUP_00498,1032.11,2207.72,Active,2025-11-26
PROD_003057,Diverse fault-tolerant groupware,Consumer Products,SUP_00376,3416.3,8067.02,Active,2023-08-19
PROD_003058,Fully-configurable analyzing moratorium,Healthcare Equipment,SUP_00917,2736.37,6098.45,Active,2024-10-20
PROD_003059,Self-enabling needs-based capability,Automotive Parts,SUP_00827,2301.79,3763.34,Active,2021-02-12
PROD_003060,Balanced bi-directional moratorium,Industrial Equipment,SUP_00518,3968.29,9681.87,Active,2022-08-19
PROD_003061,Profound intangible circuit,Electronics,SUP_00886,4127.8,7427.64,Active,2021-01-03
PROD_003062,Face-to-face 4thgeneration emulation,Electronics,SUP_00826,2815.68,3458.68,Active,2023-05-07
PROD_003063,Digitized heuristic projection,Consumer Products,SUP_00186,4094.57,9268.79,Active,2022-07-30
PROD_003064,Synergized human-resource software,Automotive Parts,SUP_00123,2432.49,4756.72,Active,2025-11-09
PROD_003065,Customizable mobile concept,Software,SUP_00855,1524.05,1866.83,Active,2026-06-11
PROD_003066,Face-to-face bi-directional forecast,Healthcare Equipment,SUP_00887,3971.64,9722.31,Active,2022-12-18
PROD_003067,Seamless full-range capability,Electronics,SUP_00394,776.9,1471.36,Active,2022-12-25
PROD_003068,Configurable 6thgeneration portal,Healthcare Equipment,SUP_00812,4669.63,6603.76,Inactive,2021-10-31
PROD_003069,Optimized multi-tasking groupware,Software,SUP_00564,1908.71,2480.39,Active,2024-04-17
PROD_003070,Synergistic interactive collaboration,Consumer Products,SUP_00467,1897.86,3252.28,Active,2025-11-27
PROD_003071,Synergized exuding process improvement,Electronics,SUP_00156,4598.32,7774.86,Active,2025-06-29
PROD_003072,Monitored bi-directional flexibility,Healthcare Equipment,SUP_00074,1237.07,2912.09,Discontinued,2026-01-12
PROD_003073,Switchable holistic firmware,Electronics,SUP_00048,2736.73,6682.21,Active,2025-06-15
PROD_003074,Universal asynchronous toolset,Software,SUP_00780,2607.43,3790.76,Active,2021-01-05
PROD_003075,Distributed zero-defect projection,Healthcare Equipment,SUP_00113,2661.2,4261.09,Active,2021-10-22
PROD_003076,Digitized human-resource knowledge user,Electronics,SUP_00478,2366.92,3416.89,Active,2024-12-18
PROD_003077,Polarized asymmetric budgetary management,Consumer Products,SUP_00309,3916.53,5242.66,Inactive,2024-03-05
PROD_003078,Upgradable even-keeled circuit,Consumer Products,SUP_00989,934.6,1812.81,Active,2021-07-01
PROD_003079,De-engineered contextually-based throughput,Automotive Parts,SUP_00027,4415.84,7290.93,Active,2023-02-12
PROD_003080,Intuitive modular interface,Healthcare Equipment,SUP_00299,2203.31,4387.67,Active,2023-08-24
PROD_003081,Open-source real-time utilization,Software,SUP_00498,1515.67,2769.33,Inactive,2024-07-01
PROD_003082,Devolved solution-oriented encryption,Healthcare Equipment,SUP_00713,613.99,775.67,Active,2023-02-08
PROD_003083,Reactive modular monitoring,Software,SUP_00088,747.13,959.95,Active,2023-12-07
PROD_003084,Public-key national emulation,Software,SUP_00311,3589.75,6488.37,Active,2023-02-11
PROD_003085,Reduced transitional instruction set,Healthcare Equipment,SUP_00690,4365.79,7350.05,Active,2023-11-24
PROD_003086,Vision-oriented system-worthy workforce,Consumer Products,SUP_00805,1023.17,2365.5,Active,2025-02-10
PROD_003087,Total background encoding,Industrial Equipment,SUP_00812,1453.17,3435.62,Inactive,2022-12-27
PROD_003088,Expanded 3rdgeneration hierarchy,Software,SUP_00320,3363.88,5348.2,Active,2024-01-26
PROD_003089,Devolved bifurcated approach,Industrial Equipment,SUP_00650,2041.25,4454.61,Active,2026-01-03
PROD_003090,Multi-lateral zero-defect challenge,Electronics,SUP_00060,1910.62,3569.86,Discontinued,2022-08-15
PROD_003091,Digitized neutral instruction set,Consumer Products,SUP_00815,3245.74,6850.69,Discontinued,2022-05-02
PROD_003092,Face-to-face analyzing synergy,Automotive Parts,SUP_00023,3085.54,5216.2,Active,2021-10-04
PROD_003093,Total tertiary circuit,Electronics,SUP_00820,4013.43,7064.99,Inactive,2023-01-28
PROD_003094,Assimilated tangible interface,Healthcare Equipment,SUP_00178,415.66,638.44,Active,2023-01-16
PROD_003095,Total bi-directional protocol,Consumer Products,SUP_00438,371.37,692.89,Discontinued,2024-03-12
PROD_003096,Polarized radical complexity,Industrial Equipment,SUP_00559,3995.53,8271.79,Active,2021-03-02
PROD_003097,Multi-lateral client-server artificial intelligence,Healthcare Equipment,SUP_00873,4155.98,8681.56,Active,2022-05-07
PROD_003098,Advanced non-volatile instruction set,Electronics,SUP_00205,2249.69,5166.91,Active,2021-10-28
PROD_003099,Enterprise-wide methodical synergy,Healthcare Equipment,SUP_00241,2132.76,4487.41,Discontinued,2021-10-09
PROD_003100,Progressive tangible framework,Software,SUP_00407,1745.04,4358.35,Active,2023-08-02
PROD_003101,Up-sized global intranet,Consumer Products,SUP_00146,3255.16,4342.69,Active,2025-04-17
PROD_003102,Team-oriented 24/7 forecast,Electronics,SUP_00942,3140.46,4618.95,Active,2021-08-12
PROD_003103,Centralized secondary alliance,Automotive Parts,SUP_00477,4084.29,6478.93,Discontinued,2024-04-26
PROD_003104,Enhanced motivating complexity,Automotive Parts,SUP_00502,359.12,430.03,Active,2021-01-22
PROD_003105,Optimized systemic knowledgebase,Automotive Parts,SUP_00799,959.51,1765.99,Active,2024-01-17
PROD_003106,Fundamental object-oriented middleware,Automotive Parts,SUP_00409,429.53,700.12,Inactive,2022-09-06
PROD_003107,Focused interactive complexity,Industrial Equipment,SUP_00079,1587.81,3494.56,Active,2022-06-30
PROD_003108,Cross-group multi-state implementation,Automotive Parts,SUP_00014,595.87,993.75,Discontinued,2026-05-16
PROD_003109,De-engineered value-added data-warehouse,Software,SUP_00260,4949.71,8914.62,Active,2023-03-15
PROD_003110,Centralized directional infrastructure,Software,SUP_00579,4740.88,7811.62,Active,2022-01-04
PROD_003111,User-friendly next generation portal,Software,SUP_00278,4903.67,12031.62,Active,2025-08-16
PROD_003112,Team-oriented maximized matrices,Industrial Equipment,SUP_00143,1118.39,2564.43,Active,2022-09-21
PROD_003113,Stand-alone impactful implementation,Healthcare Equipment,,1641.04,3578.77,Discontinued,2021-11-27
PROD_003114,Multi-layered secondary interface,,SUP_00063,1270.26,2427.32,Inactive,2022-01-26
PROD_003115,Customer-focused bi-directional archive,Software,SUP_00107,2821.8,5650.3,Active,2022-12-29
PROD_003116,Vision-oriented full-range algorithm,Electronics,SUP_00556,1314.06,3080.11,Active,2022-04-26
PROD_003117,Diverse needs-based benchmark,Software,SUP_00885,1832.32,3147.42,Active,2021-05-12
PROD_003118,Right-sized 24/7 system engine,Industrial Equipment,SUP_00355,2709.81,4741.07,Active,2025-12-30
PROD_003119,Ergonomic neutral customer loyalty,Industrial Equipment,SUP_00260,2167.08,4367.77,Discontinued,2024-07-04
PROD_003120,Automated disintermediate flexibility,,SUP_00588,3241.35,4502.38,Active,2021-06-20
PROD_003121,Re-contextualized non-volatile analyzer,Software,SUP_00128,2615.66,6283.63,Active,2024-02-05
PROD_003122,Polarized 6thgeneration application,,SUP_00579,2917.14,3521.17,Active,2022-09-24
PROD_003123,Integrated 24/7 help-desk,Healthcare Equipment,,1268.17,2446.94,Active,2025-02-16
PROD_003124,Object-based motivating core,Software,SUP_00191,812.24,1709.83,Discontinued,2022-09-23
PROD_003125,Object-based uniform help-desk,Consumer Products,SUP_00658,3877.09,4917.19,Active,2026-05-08
PROD_003126,Total systematic attitude,Consumer Products,SUP_00405,2048.48,4740.62,Active,2022-10-27
PROD_003127,User-centric motivating attitude,Healthcare Equipment,SUP_00434,4755.22,9483.27,Inactive,2023-10-05
PROD_003128,Vision-oriented coherent algorithm,Software,SUP_00195,4204.89,10197.1,Active,2024-03-23
PROD_003129,Multi-tiered mission-critical parallelism,Electronics,SUP_00346,2445.75,5130.0,Active,2025-10-09
PROD_003130,Automated explicit complexity,Electronics,SUP_00398,1747.53,4295.36,Active,2021-10-31
PROD_003131,Persistent attitude-oriented product,Industrial Equipment,SUP_00407,1003.25,1636.02,Active,2021-07-07
PROD_003132,Universal discrete data-warehouse,,SUP_00355,4538.37,11331.53,Active,2025-06-08
PROD_003133,Streamlined client-server throughput,Consumer Products,SUP_00963,1793.09,3099.67,Inactive,2024-12-12
PROD_003134,Profit-focused multi-state superstructure,Consumer Products,SUP_00207,1906.21,3647.55,Inactive,2024-05-06
PROD_003135,Programmable zero administration Graphical User Interface,Automotive Parts,SUP_00035,4020.78,9763.7,Active,2023-06-17
PROD_003136,De-engineered global frame,Automotive Parts,SUP_00349,1755.34,2226.63,Active,2022-12-24
PROD_003137,Optional 6thgeneration structure,Software,SUP_00269,2856.15,4041.98,Active,2025-04-02
PROD_003138,Networked disintermediate database,Electronics,SUP_00823,3291.42,3977.96,Active,2026-06-24
PROD_003139,Robust asynchronous collaboration,Industrial Equipment,SUP_00559,569.45,672.05,Active,2024-02-12
PROD_003140,Proactive bandwidth-monitored workforce,Software,SUP_00152,3531.54,5026.6,Active,2021-01-30
PROD_003141,Visionary fault-tolerant neural-net,Software,SUP_00072,3086.61,5266.21,Active,2025-10-07
PROD_003142,Cross-group modular attitude,Automotive Parts,SUP_00580,4692.19,5423.14,Inactive,2023-07-02
PROD_003143,Down-sized explicit complexity,Consumer Products,SUP_00840,4767.58,7296.61,Active,2021-05-17
PROD_003144,Re-engineered high-level help-desk,Automotive Parts,SUP_00667,605.75,1290.91,Discontinued,2021-06-28
PROD_003145,Enhanced tertiary throughput,Industrial Equipment,SUP_00599,3380.23,8106.37,Inactive,2023-07-14
PROD_003146,Phased eco-centric task-force,Healthcare Equipment,SUP_00869,2198.09,2773.85,Active,2025-10-25
PROD_003147,Streamlined client-driven capability,Electronics,SUP_00234,2674.59,4029.1,Active,2026-05-04
PROD_003148,Pre-emptive 6thgeneration hierarchy,Industrial Equipment,SUP_00112,1530.62,3327.37,Active,2025-09-20
PROD_003149,Open-architected incremental process improvement,Industrial Equipment,SUP_00245,4031.19,7558.33,Discontinued,2026-01-14
PROD_003150,De-engineered leadingedge hierarchy,Software,SUP_00604,2962.15,5652.88,Active,2023-10-26
PROD_003151,Secured foreground hub,Consumer Products,SUP_00115,3642.97,8076.03,Active,2021-06-17
PROD_003152,Open-source motivating knowledge user,Automotive Parts,SUP_00133,3152.55,5980.93,Discontinued,2022-06-12
PROD_003153,Synergized 6thgeneration process improvement,Automotive Parts,,1788.83,3440.31,Inactive,2026-05-15
PROD_003154,Centralized user-facing utilization,Consumer Products,SUP_00893,1713.38,2125.61,Active,2022-05-07
PROD_003155,Realigned 24/7 collaboration,Healthcare Equipment,SUP_00038,4933.11,8543.81,Active,2025-09-08
PROD_003156,Implemented homogeneous complexity,Automotive Parts,SUP_00448,2014.79,4551.57,Active,2024-02-18
PROD_003157,Compatible directional info-mediaries,Healthcare Equipment,SUP_00527,2565.38,4145.72,Active,2025-10-20
PROD_003158,Synchronized background hardware,Consumer Products,SUP_00625,542.76,848.69,Active,2023-07-24
PROD_003159,Stand-alone national Local Area Network,Electronics,SUP_00052,1137.81,2307.06,Discontinued,2021-08-07
PROD_003160,Enterprise-wide upward-trending benchmark,,SUP_00602,1122.25,2569.92,Active,2026-01-15
PROD_003161,Object-based zero administration Internet solution,Software,SUP_00006,2457.43,3521.92,Active,2022-02-05
PROD_003162,Managed asymmetric functionalities,Automotive Parts,SUP_00898,3819.63,7982.69,Active,2022-11-18
PROD_003163,Robust mobile data-warehouse,Software,SUP_00138,4360.62,5049.33,Active,2024-11-09
PROD_003164,Phased bifurcated focus group,Industrial Equipment,SUP_00580,2873.36,4276.1,Active,2023-07-01
PROD_003165,Quality-focused coherent leverage,Healthcare Equipment,SUP_00134,3035.78,4088.2,Active,2021-10-19
PROD_003166,Extended foreground open system,Electronics,SUP_00170,2193.37,4437.01,Active,2021-03-04
PROD_003167,Right-sized zero-defect implementation,Healthcare Equipment,SUP_00818,3684.04,8901.3,Active,2021-05-06
PROD_003168,Multi-lateral intermediate leverage,Automotive Parts,SUP_00046,1725.4,2912.74,Active,2022-03-05
PROD_003169,Extended 3rdgeneration task-force,Automotive Parts,,890.4,1722.06,Active,2024-10-03
PROD_003170,Future-proofed eco-centric productivity,Healthcare Equipment,SUP_00392,2234.73,3591.58,Active,2021-12-20
PROD_003171,Digitized asymmetric focus group,Automotive Parts,SUP_00822,1365.44,1745.06,Active,2023-03-24
PROD_003172,Innovative transitional knowledge user,Healthcare Equipment,SUP_00265,3746.51,5954.64,Active,2025-10-14
PROD_003173,Progressive didactic secured line,Industrial Equipment,SUP_00964,2926.87,7153.98,Active,2025-11-27
PROD_003174,Enterprise-wide actuating array,Consumer Products,SUP_00266,4795.99,11098.24,Active,2025-12-01
PROD_003175,Optimized global system engine,Industrial Equipment,SUP_00815,3026.48,6390.27,Active,2022-08-19
PROD_003176,Exclusive grid-enabled instruction set,Software,SUP_00818,3470.06,5964.37,Inactive,2023-08-25
PROD_003177,Public-key system-worthy toolset,Electronics,SUP_00973,1908.76,3347.67,Inactive,2021-11-19
PROD_003178,Total intermediate help-desk,Consumer Products,SUP_00014,3612.29,4262.05,Active,2026-01-05
PROD_003179,Re-engineered human-resource access,Industrial Equipment,SUP_00982,2250.89,5459.9,Inactive,2024-01-31
PROD_003180,Right-sized dedicated archive,Software,SUP_00206,-100.0,2391.83,Discontinued,2024-12-20
PROD_003181,Reduced reciprocal circuit,Software,,2872.01,5816.89,Active,2022-10-12
PROD_003182,Upgradable value-added support,Industrial Equipment,SUP_00701,1211.38,1822.16,Active,2025-01-10
PROD_003183,Advanced coherent knowledgebase,Automotive Parts,SUP_00962,2348.14,2763.87,Active,2026-02-17
PROD_003184,Proactive foreground budgetary management,Healthcare Equipment,SUP_00640,3749.93,4896.21,Active,2025-05-08
PROD_003185,Synergistic incremental firmware,Software,SUP_00632,2195.39,2898.48,Active,2023-11-11
PROD_003186,Adaptive local capacity,Software,SUP_00880,3432.77,5247.41,Active,2024-06-26
PROD_003187,Sharable optimal attitude,Software,SUP_00954,3312.69,4035.77,Active,2021-03-15
PROD_003188,User-friendly content-based instruction set,Industrial Equipment,SUP_00099,1664.62,4073.72,Active,2024-10-29
PROD_003189,Vision-oriented composite policy,Electronics,SUP_00488,241.39,337.37,Inactive,2023-01-28
PROD_003190,Monitored demand-driven core,Consumer Products,SUP_00312,3913.18,9366.92,Active,2026-05-04
PROD_003191,Re-engineered 24/7 hub,Software,SUP_00459,1952.29,2390.99,Inactive,2025-06-21
PROD_003192,Ameliorated exuding function,Healthcare Equipment,SUP_00954,4128.94,7841.75,Active,2023-10-05
PROD_003193,Decentralized tangible methodology,Industrial Equipment,SUP_00464,1852.11,3797.58,Active,2024-07-25
PROD_003194,Persevering incremental installation,Electronics,SUP_00571,4278.39,5511.6,Active,2022-12-07
PROD_003195,Quality-focused interactive model,Automotive Parts,SUP_00404,1192.3,2644.39,Active,2026-05-08
PROD_003196,Managed bifurcated conglomeration,Software,SUP_00987,2419.5,4108.8,Inactive,2023-07-10
PROD_003197,Multi-layered context-sensitive neural-net,Healthcare Equipment,SUP_00580,4484.43,9104.79,Active,2024-04-08
PROD_003198,Quality-focused intermediate implementation,Software,SUP_01000,3159.79,6144.07,Active,2022-07-26
PROD_003199,Switchable system-worthy software,Software,SUP_00895,2801.56,6463.43,Active,2023-05-28
PROD_003200,Horizontal tangible process improvement,Industrial Equipment,SUP_00913,937.6,2107.45,Discontinued,2026-02-25
PROD_003201,Cross-platform background workforce,Industrial Equipment,SUP_00064,2672.94,5449.44,Active,2025-08-07
PROD_003202,Cross-group solution-oriented adapter,Electronics,SUP_00940,1834.9,4271.31,Inactive,2024-05-21
PROD_003203,Open-source bi-directional methodology,Software,SUP_00475,3295.84,7054.68,Active,2025-02-13
PROD_003204,Secured needs-based attitude,Automotive Parts,SUP_00960,4450.51,5448.26,Active,2024-06-24
PROD_003205,Profit-focused optimal workforce,Software,SUP_00401,2431.28,2946.47,Active,2021-03-07
PROD_003206,Implemented intangible data-warehouse,Healthcare Equipment,SUP_00388,3450.04,6106.73,Active,2022-03-24
PROD_003207,Persevering neutral implementation,Software,SUP_00815,3850.16,9082.61,Active,2021-08-18
PROD_003208,Phased bottom-line hardware,Healthcare Equipment,SUP_00469,3204.54,7092.92,Active,2026-04-26
PROD_003209,Persistent incremental project,Consumer Products,,403.62,859.91,Active,2024-11-12
PROD_003210,User-centric hybrid ability,Consumer Products,,2410.37,3787.94,Active,2026-02-28
PROD_003211,Face-to-face motivating forecast,Consumer Products,SUP_00066,1420.06,3003.16,Active,2022-06-21
PROD_003212,Switchable empowering function,Software,SUP_00653,756.91,1079.9,Active,2025-08-09
PROD_003213,Operative systematic encoding,Unknown Category,SUP_00406,1059.2,2509.05,Active,2021-01-09
PROD_003214,Operative 5thgeneration access,Consumer Products,SUP_00918,1051.33,1759.76,Active,2021-02-22
PROD_003215,Multi-layered multi-state support,Automotive Parts,SUP_00414,3857.01,6486.76,Active,2024-04-18
PROD_003216,Managed composite orchestration,Consumer Products,SUP_00283,1916.33,2224.63,Inactive,2026-06-15
PROD_003217,Front-line next generation infrastructure,Consumer Products,SUP_00658,2902.34,6595.39,Active,2022-01-22
PROD_003218,Stand-alone hybrid application,Healthcare Equipment,SUP_00423,2494.76,4952.67,Active,2025-05-27
PROD_003219,Re-engineered interactive capacity,Automotive Parts,SUP_00631,2740.5,5096.79,Active,2026-02-28
PROD_003220,Networked upward-trending conglomeration,Electronics,SUP_00547,953.53,1561.38,Inactive,2023-03-20
PROD_003221,Intuitive multi-state complexity,Industrial Equipment,SUP_00914,2673.0,6117.55,Active,2023-05-28
PROD_003222,Cross-platform tertiary website,Healthcare Equipment,SUP_00174,2354.88,5886.15,Active,2021-09-11
PROD_003223,Decentralized responsive orchestration,Software,SUP_00792,2542.73,3577.39,Inactive,2025-04-23
PROD_003224,Virtual responsive firmware,Software,SUP_00518,1000.93,2223.21,Active,2025-08-07
PROD_003225,Diverse fresh-thinking database,Electronics,SUP_00326,513.94,1132.86,Discontinued,2021-07-07
PROD_003226,Assimilated intermediate access,Automotive Parts,SUP_00403,1224.71,2131.92,Inactive,2024-06-15
PROD_003227,Reverse-engineered coherent algorithm,Consumer Products,SUP_00946,1364.4,2389.52,Active,2024-05-24
PROD_003228,Quality-focused attitude-oriented orchestration,Industrial Equipment,SUP_00177,4642.27,5930.58,Active,2023-02-07
PROD_003229,User-friendly upward-trending capacity,Electronics,SUP_00194,1263.51,2315.57,Active,2026-05-27
PROD_003230,Sharable responsive time-frame,Software,SUP_00622,4653.42,8817.6,Inactive,2022-12-20
PROD_003231,Front-line solution-oriented definition,Automotive Parts,SUP_00423,2983.66,5424.85,Discontinued,2022-08-19
PROD_003232,Public-key dynamic success,Consumer Products,SUP_00724,3666.19,4445.54,Active,2025-04-14
PROD_003233,Multi-tiered zero administration firmware,,SUP_00456,4642.82,6952.21,Active,2024-08-15
PROD_003234,Grass-roots attitude-oriented circuit,Electronics,SUP_00458,689.46,1590.94,Active,2024-06-12
PROD_003235,Sharable optimal benchmark,Healthcare Equipment,SUP_00890,4377.77,5386.9,Active,2021-08-11
PROD_003236,Right-sized bottom-line benchmark,Automotive Parts,SUP_00653,2140.52,2840.6,Discontinued,2021-10-12
PROD_003237,Fundamental contextually-based array,Consumer Products,SUP_00807,975.86,2261.54,Active,2021-06-05
PROD_003238,Multi-lateral demand-driven infrastructure,,SUP_00214,1350.35,1634.41,Active,2021-07-21
PROD_003239,Ameliorated incremental archive,Software,SUP_00371,4451.27,6436.09,Active,2023-09-03
PROD_003240,Self-enabling asynchronous database,Consumer Products,SUP_00048,2787.06,6438.49,Active,2024-10-10
PROD_003241,Multi-tiered foreground productivity,Consumer Products,SUP_00657,3535.57,7542.39,Inactive,2025-12-28
PROD_003242,Diverse contextually-based framework,Electronics,SUP_00311,-100.0,1471.03,Active,2021-01-21
PROD_003243,Enhanced stable open system,Healthcare Equipment,SUP_00888,2014.81,3905.95,Active,2024-06-20
PROD_003244,Automated bottom-line Graphical User Interface,Consumer Products,SUP_00666,2445.32,5499.46,Discontinued,2026-06-17
PROD_003245,Polarized reciprocal policy,Healthcare Equipment,SUP_00166,4259.74,5733.88,Active,2024-01-02
PROD_003246,Diverse multi-state support,Electronics,SUP_00563,2657.41,4985.52,Inactive,2022-05-26
PROD_003247,Decentralized content-based portal,Electronics,SUP_00808,2435.44,5985.57,Active,2021-03-01
PROD_003248,Ameliorated multi-state migration,Consumer Products,SUP_00495,2145.28,4708.46,Discontinued,2025-03-07
PROD_003249,Extended high-level budgetary management,Software,SUP_00321,2056.08,4878.11,Active,2025-12-08
PROD_003250,Assimilated fresh-thinking challenge,Electronics,SUP_00023,4549.0,10276.87,Discontinued,2022-03-17
PROD_003251,Upgradable system-worthy capacity,Industrial Equipment,SUP_00681,571.3,1184.08,Active,2022-06-21
PROD_003252,Polarized dedicated array,Consumer Products,SUP_00763,334.25,673.03,Active,2022-12-01
PROD_003253,Reactive solution-oriented frame,Industrial Equipment,SUP_00614,2483.49,2917.82,Active,2023-07-26
PROD_003254,Proactive intermediate migration,Consumer Products,SUP_00387,1271.9,1993.68,Inactive,2026-03-14
PROD_003255,Ergonomic eco-centric conglomeration,Consumer Products,SUP_00755,1664.05,2213.69,Active,2022-02-01
PROD_003256,Universal even-keeled infrastructure,Healthcare Equipment,SUP_00289,593.81,1023.33,Active,2021-07-26
PROD_003257,Visionary optimizing function,Automotive Parts,SUP_00423,2440.62,3789.22,Inactive,2021-11-29
PROD_003258,Expanded uniform matrix,Automotive Parts,SUP_00922,2296.97,3906.49,Active,2023-05-20
PROD_003259,Organized interactive policy,Healthcare Equipment,,2118.32,4036.91,Active,2025-02-07
PROD_003260,Intuitive regional benchmark,Healthcare Equipment,SUP_00724,2907.69,6111.31,Active,2024-05-03
PROD_003261,Optimized dedicated open system,Consumer Products,SUP_00133,3386.41,4371.75,Active,2022-12-09
PROD_003262,Self-enabling asymmetric knowledge user,Electronics,SUP_00212,3237.51,6401.7,Active,2021-12-02
PROD_003263,Automated multimedia extranet,Electronics,SUP_00994,3389.67,8328.82,Active,2024-03-23
PROD_003264,Implemented real-time project,Consumer Products,SUP_00458,1456.68,2838.13,Active,2026-03-22
PROD_003265,Progressive heuristic infrastructure,Consumer Products,SUP_00956,2000.96,2846.22,Active,2021-03-02
PROD_003266,Enterprise-wide fresh-thinking interface,Electronics,SUP_00519,1285.92,2535.86,Active,2025-05-06
PROD_003267,Multi-channeled dynamic archive,Software,SUP_00458,4387.94,7675.05,Active,2022-03-08
PROD_003268,Multi-layered holistic circuit,Consumer Products,SUP_00869,4314.74,5917.47,Active,2025-04-13
PROD_003269,Decentralized 24/7 functionalities,Electronics,SUP_00846,1468.41,3616.03,Active,2024-10-12
PROD_003270,Universal full-range data-warehouse,Software,SUP_00156,4449.14,7838.2,Active,2023-07-23
PROD_003271,Inverse discrete open architecture,,SUP_00081,4255.11,9739.74,Active,2021-05-13
PROD_003272,Horizontal real-time data-warehouse,Consumer Products,SUP_00562,937.8,1804.19,Discontinued,2023-11-24
PROD_003273,Customer-focused next generation focus group,Software,,2477.87,2982.71,Inactive,2024-12-07
PROD_003274,Synchronized asynchronous orchestration,Automotive Parts,SUP_00334,3175.79,4019.43,Discontinued,2025-11-26
PROD_003275,Operative systemic system engine,Industrial Equipment,SUP_00261,1171.0,1550.8,Discontinued,2023-05-24
PROD_003276,Intuitive dedicated customer loyalty,Consumer Products,SUP_00476,3721.22,6788.24,Active,2021-04-10
PROD_003277,Proactive modular analyzer,Software,SUP_00767,4457.06,11017.65,Active,2026-06-10
PROD_003278,Operative bottom-line capability,Automotive Parts,SUP_00272,55.59,131.04,Active,2023-06-28
PROD_003279,Right-sized fresh-thinking parallelism,Industrial Equipment,SUP_00321,-100.0,1860.49,Active,2023-02-08
PROD_003280,Re-engineered 3rdgeneration forecast,Healthcare Equipment,SUP_00146,4500.17,5796.15,Active,2021-02-05
PROD_003281,Re-engineered 24hour Local Area Network,Consumer Products,SUP_00560,2024.74,2791.14,Active,2022-07-25
PROD_003282,Open-architected 5thgeneration monitoring,Consumer Products,SUP_00912,3617.72,72435.5,Active,2026-01-16
PROD_003283,Balanced global project,Industrial Equipment,SUP_00573,2814.43,4187.24,Active,2021-02-02
PROD_003284,Phased bandwidth-monitored website,Software,SUP_00301,2151.96,2868.52,Active,2023-04-13
PROD_003285,Innovative even-keeled functionalities,Software,SUP_00427,1397.63,1759.86,Active,2025-02-20
PROD_003286,Open-architected attitude-oriented open architecture,Industrial Equipment,SUP_00711,519.91,821.69,Discontinued,2025-04-03
PROD_003287,Proactive reciprocal application,Consumer Products,SUP_00216,697.07,1108.16,Active,2023-03-01
PROD_003288,Total logistical methodology,Software,SUP_00499,3829.32,6048.71,Active,2025-08-30
PROD_003289,Decentralized holistic process improvement,Software,SUP_00766,428.14,547.74,Active,2021-07-26
PROD_003290,Face-to-face actuating access,Consumer Products,SUP_00673,2434.33,2982.98,Discontinued,2021-10-06
PROD_003291,Inverse system-worthy success,Software,SUP_00518,4311.31,7800.36,Active,2023-05-24
PROD_003292,Down-sized background core,Healthcare Equipment,SUP_00135,1974.06,3685.67,Inactive,2024-12-23
PROD_003293,Multi-layered national ability,Electronics,SUP_00652,1239.31,1865.55,Active,2026-02-17
PROD_003294,Business-focused empowering toolset,Healthcare Equipment,SUP_00435,1076.62,2584.21,Active,2021-03-28
PROD_003295,Business-focused exuding archive,Automotive Parts,SUP_00146,1441.09,2167.58,Active,2022-06-14
PROD_003296,Team-oriented reciprocal utilization,Industrial Equipment,SUP_00997,4650.98,10099.21,Active,2025-06-18
PROD_003297,Future-proofed tangible concept,Healthcare Equipment,SUP_00665,3162.86,6891.65,Inactive,2026-01-30
PROD_003298,Reduced logistical capability,Healthcare Equipment,SUP_00269,4826.17,9338.01,Discontinued,2021-09-11
PROD_003299,Digitized web-enabled paradigm,Software,SUP_00802,4478.6,5220.69,Discontinued,2025-11-16
PROD_003300,Open-source scalable knowledge user,Healthcare Equipment,SUP_00126,1975.47,4644.67,Active,2024-09-02
PROD_003301,Programmable multi-tasking encoding,Electronics,SUP_00678,660.12,1477.2,Active,2024-03-05
PROD_003302,Switchable mobile focus group,Electronics,SUP_00862,4256.28,6687.34,Inactive,2022-10-08
PROD_003303,Upgradable mission-critical definition,,SUP_00650,954.8,2323.64,Inactive,2021-07-04
PROD_003304,Visionary explicit structure,Healthcare Equipment,SUP_00009,3210.36,7778.73,Active,2021-06-16
PROD_003305,Realigned dynamic protocol,Software,SUP_00380,755.85,1060.37,Inactive,2024-07-22
PROD_003306,Expanded system-worthy archive,Healthcare Equipment,SUP_00254,4093.26,7563.87,Active,2021-05-31
PROD_003307,Proactive analyzing data-warehouse,Automotive Parts,SUP_00049,2185.65,2854.63,Active,2021-01-27
PROD_003308,Extended maximized info-mediaries,Electronics,SUP_00600,3700.57,4895.79,Active,2022-01-12
PROD_003309,Customer-focused global database,Industrial Equipment,SUP_00754,847.76,1462.79,Active,2025-06-21
PROD_003310,Virtual multi-tasking migration,Software,SUP_00424,2308.39,4309.87,Active,2025-09-19
PROD_003311,Virtual fault-tolerant strategy,Consumer Products,SUP_00727,1043.69,1780.07,Active,2023-06-30
PROD_003312,Distributed motivating benchmark,Industrial Equipment,SUP_00865,1092.48,1673.57,Active,2026-01-08
PROD_003313,Face-to-face high-level info-mediaries,Healthcare Equipment,SUP_00987,4080.76,8841.23,Discontinued,2026-05-10
PROD_003314,Secured multimedia customer loyalty,Software,SUP_00120,1306.69,2087.11,Active,2025-04-14
PROD_003315,Ergonomic asymmetric focus group,Software,SUP_00058,4524.31,5473.8,Active,2023-04-29
PROD_003316,Synergized fault-tolerant orchestration,Consumer Products,SUP_00641,3289.58,6125.7,Active,2024-07-24
PROD_003317,Digitized maximized benchmark,Healthcare Equipment,SUP_00001,4540.87,6840.16,Active,2025-02-03
PROD_003318,Front-line 3rdgeneration knowledgebase,,SUP_00956,740.22,1358.17,Active,2022-01-11
PROD_003319,Assimilated methodical protocol,Consumer Products,SUP_00362,4598.95,9448.19,Active,2023-12-01
PROD_003320,Multi-channeled empowering capability,Software,SUP_00212,3430.04,7484.14,Inactive,2026-02-03
PROD_003321,Configurable heuristic Internet solution,,SUP_00025,4658.59,8834.91,Active,2022-03-02
PROD_003322,Object-based motivating Internet solution,Electronics,,1401.47,2342.25,Active,2023-10-16
PROD_003323,Business-focused leadingedge flexibility,Consumer Products,SUP_00699,2628.87,5579.82,Active,2023-01-12
PROD_003324,Business-focused solution-oriented implementation,Software,SUP_00232,2635.28,4867.48,Active,2025-01-08
PROD_003325,Optimized content-based frame,Software,SUP_00979,3563.99,6899.78,Active,2022-01-16
PROD_003326,Enhanced radical focus group,Healthcare Equipment,SUP_00561,2394.02,5165.97,Inactive,2023-11-29
PROD_003327,Proactive multi-state Internet solution,Automotive Parts,SUP_00949,4630.38,8118.1,Active,2021-08-08
PROD_003328,Business-focused secondary encryption,Electronics,SUP_00418,1269.98,1705.99,Active,2026-04-08
PROD_003329,Face-to-face bifurcated application,Consumer Products,SUP_00816,3688.23,4549.48,Active,2025-12-01
PROD_003330,Re-engineered encompassing encoding,Automotive Parts,SUP_00634,3269.1,4688.39,Active,2021-05-13
PROD_003331,Cross-platform even-keeled definition,Industrial Equipment,SUP_00103,4371.38,7015.34,Active,2025-11-06
PROD_003332,Total transitional initiative,Healthcare Equipment,SUP_00144,4590.25,10118.49,Active,2023-02-26
PROD_003333,Cross-platform directional superstructure,Software,SUP_00395,1817.93,3690.43,Active,2025-07-12
PROD_003334,Team-oriented encompassing methodology,Consumer Products,SUP_00800,4796.89,7746.96,Active,2022-02-17
PROD_003335,Expanded grid-enabled productivity,Electronics,SUP_00287,3779.27,9299.15,Inactive,2022-08-01
PROD_003336,Right-sized executive superstructure,Consumer Products,SUP_00712,3550.99,4466.01,Active,2021-01-07
PROD_003337,Enterprise-wide motivating standardization,Consumer Products,SUP_00601,1786.06,2713.15,Active,2024-06-01
PROD_003338,User-centric fault-tolerant solution,Industrial Equipment,SUP_00090,223.16,488.38,Active,2022-04-24
PROD_003339,Intuitive systemic architecture,Healthcare Equipment,SUP_00399,4657.02,10147.71,Active,2021-12-01
PROD_003340,Managed logistical circuit,Healthcare Equipment,SUP_00419,2748.92,6001.51,Inactive,2026-04-15
PROD_003341,Synchronized methodical interface,Industrial Equipment,SUP_00371,1016.57,1992.05,Active,2022-11-02
PROD_003342,Enhanced empowering archive,Electronics,SUP_00590,1041.09,1356.38,Inactive,2021-12-09
PROD_003343,Virtual 24/7 policy,Software,SUP_00855,1926.48,2240.38,Active,2022-12-08
PROD_003344,Phased optimal ability,Automotive Parts,SUP_00385,558.9,701.2,Active,2023-09-07
PROD_003345,Fully-configurable methodical budgetary management,Electronics,SUP_00399,1838.15,4252.97,Active,2021-04-01
PROD_003346,Ameliorated non-volatile software,Consumer Products,SUP_00754,2514.79,4246.05,Inactive,2026-06-10
PROD_003347,Focused multi-tasking middleware,Automotive Parts,SUP_00762,492.92,1000.71,Active,2021-12-02
PROD_003348,Digitized zero-defect attitude,Software,SUP_00097,4585.54,7677.55,Active,2021-07-20
PROD_003349,User-centric full-range knowledge user,Industrial Equipment,SUP_00716,4908.97,11153.0,Discontinued,2023-09-12
PROD_003350,Monitored needs-based extranet,Industrial Equipment,SUP_00765,3874.01,5843.51,Active,2024-08-23
PROD_003351,Function-based high-level knowledgebase,,SUP_00523,145.56,357.1,Active,2021-01-28
PROD_003352,Multi-channeled exuding strategy,Automotive Parts,SUP_00614,1415.82,2298.51,Active,2022-11-01
PROD_003353,Programmable zero-defect protocol,Healthcare Equipment,SUP_00922,1773.07,3612.6,Active,2025-09-16
PROD_003354,Right-sized mission-critical budgetary management,Electronics,SUP_00988,543.32,932.14,Inactive,2022-06-26
PROD_003355,Programmable upward-trending productivity,,SUP_00830,1261.81,2429.49,Inactive,2021-02-11
PROD_003356,Open-source directional protocol,Healthcare Equipment,SUP_00837,2074.59,3853.27,Active,2026-06-18
PROD_003357,Multi-channeled modular algorithm,Unknown Category,SUP_00938,806.39,1609.76,Active,2022-05-06
PROD_003358,User-centric tangible Internet solution,Automotive Parts,SUP_00963,1722.38,2161.8,Active,2022-12-22
PROD_003359,User-friendly background core,Consumer Products,SUP_00446,3415.39,5151.17,Active,2026-01-21
PROD_003360,Multi-tiered scalable benchmark,Industrial Equipment,SUP_00033,1037.96,1222.11,Active,2026-04-21
PROD_003361,Self-enabling systematic moratorium,Consumer Products,SUP_00126,3300.82,4449.66,Inactive,2025-12-09
PROD_003362,Organized multi-tasking conglomeration,Software,SUP_00818,4462.15,7839.34,Active,2022-06-17
PROD_003363,Synergistic grid-enabled groupware,Consumer Products,SUP_00187,1534.57,2141.44,Active,2023-02-24
PROD_003364,Operative even-keeled function,Industrial Equipment,SUP_00694,2662.83,4051.76,Inactive,2022-01-18
PROD_003365,Reduced multi-state standardization,Consumer Products,SUP_00472,773.15,1549.19,Active,2022-11-20
PROD_003366,Seamless bottom-line Internet solution,Electronics,SUP_00916,1663.6,3177.52,Active,2025-05-15
PROD_003367,Re-contextualized grid-enabled forecast,,SUP_00222,3661.55,5447.58,Active,2021-08-10
PROD_003368,Advanced modular software,Consumer Products,SUP_00580,590.49,821.11,Active,2021-10-23
PROD_003369,Synergized coherent model,Industrial Equipment,SUP_00050,1617.91,2136.56,Active,2026-04-24
PROD_003370,Secured next generation secured line,Electronics,SUP_00268,3524.65,8668.58,Active,2021-11-23
PROD_003371,Pre-emptive executive architecture,Software,SUP_00590,1881.15,4263.34,Active,2025-05-24
PROD_003372,Advanced logistical analyzer,Software,SUP_00643,3638.61,4261.5,Active,2022-03-12
PROD_003373,Reverse-engineered bottom-line application,Software,SUP_00683,970.46,1512.62,Active,2023-09-07
PROD_003374,Adaptive intermediate help-desk,Consumer Products,SUP_00420,574.83,1389.14,Active,2024-08-17
PROD_003375,Adaptive actuating extranet,Consumer Products,SUP_00502,403.54,718.64,Active,2021-10-04
PROD_003376,Horizontal zero tolerance middleware,Industrial Equipment,SUP_00299,673.19,1185.66,Active,2024-08-27
PROD_003377,Visionary next generation collaboration,Healthcare Equipment,SUP_00023,4898.01,7337.14,Active,2026-03-29
PROD_003378,Universal encompassing circuit,Consumer Products,SUP_00749,1435.94,1707.16,Active,2026-06-21
PROD_003379,Exclusive intermediate paradigm,Automotive Parts,SUP_00913,2362.51,4964.84,Active,2026-01-17
PROD_003380,Implemented directional alliance,Automotive Parts,SUP_00592,1326.98,1799.55,Inactive,2023-08-08
PROD_003381,Multi-channeled dynamic workforce,Healthcare Equipment,SUP_00978,2826.59,4106.96,Active,2024-09-23
PROD_003382,Networked interactive initiative,Automotive Parts,SUP_00510,2972.5,3659.49,Discontinued,2026-04-24
PROD_003383,Cross-platform empowering framework,Industrial Equipment,SUP_00952,3214.98,7485.69,Active,2024-04-12
PROD_003384,Enhanced non-volatile Internet solution,Industrial Equipment,SUP_00215,3795.18,8629.71,Inactive,2024-09-23
PROD_003385,Inverse optimal challenge,,SUP_00354,4310.61,5046.91,Active,2024-10-02
PROD_003386,Exclusive eco-centric challenge,Consumer Products,SUP_00674,3430.0,8099.94,Active,2023-04-16
PROD_003387,Exclusive exuding function,Industrial Equipment,SUP_00043,117.23,190.06,Active,2021-06-21
PROD_003388,Re-contextualized responsive Local Area Network,Healthcare Equipment,SUP_00420,4595.92,10110.9,Discontinued,2023-12-31
PROD_003389,Multi-tiered zero tolerance Internet solution,Software,SUP_00527,746.96,1384.08,Inactive,2021-07-12
PROD_003390,Progressive leadingedge solution,Industrial Equipment,SUP_00055,516.4,813.59,Inactive,2022-09-21
PROD_003391,Synergized transitional help-desk,Automotive Parts,SUP_00138,2831.4,4912.66,Active,2023-07-29
PROD_003392,Optimized maximized instruction set,Healthcare Equipment,SUP_00877,4343.74,5102.06,Active,2026-04-13
PROD_003393,Persistent 4thgeneration open architecture,Software,SUP_00282,2331.73,4911.39,Active,2021-02-23
PROD_003394,Visionary intangible array,Healthcare Equipment,SUP_00289,3101.03,4544.21,Active,2025-02-25
PROD_003395,Seamless exuding toolset,Industrial Equipment,SUP_00140,3845.15,8636.68,Inactive,2022-05-02
PROD_003396,Profound holistic capacity,Healthcare Equipment,SUP_00114,2317.17,5369.61,Discontinued,2024-05-30
PROD_003397,Re-contextualized explicit application,Industrial Equipment,SUP_00823,4787.76,5805.05,Inactive,2025-02-24
PROD_003398,Object-based clear-thinking initiative,Electronics,SUP_00942,2646.22,3532.56,Active,2024-09-06
PROD_003399,Persistent well-modulated model,Healthcare Equipment,SUP_00025,4295.91,8135.2,Active,2023-07-13
PROD_003400,Business-focused attitude-oriented approach,Electronics,SUP_00497,4905.71,9913.9,Inactive,2022-06-26
PROD_003401,Streamlined bi-directional groupware,Electronics,SUP_00707,3464.45,7202.68,Active,2024-04-07
PROD_003402,Implemented non-volatile matrices,Electronics,SUP_00917,3539.24,5049.21,Inactive,2024-10-17
PROD_003403,Centralized bottom-line support,Industrial Equipment,SUP_00339,2934.48,3965.76,Inactive,2024-03-18
PROD_003404,Profound user-facing structure,Automotive Parts,SUP_00493,2357.4,3375.86,Discontinued,2021-04-17
PROD_003405,Expanded multi-state circuit,Automotive Parts,SUP_00764,1259.69,1611.21,Active,2024-02-02
PROD_003406,Proactive client-driven definition,Consumer Products,SUP_00531,918.17,1692.04,Active,2025-12-01
PROD_003407,Sharable coherent framework,Electronics,SUP_00639,2176.35,4071.08,Discontinued,2024-06-14
PROD_003408,Up-sized 24hour workforce,Healthcare Equipment,SUP_00500,4008.0,6110.91,Inactive,2023-08-31
PROD_003409,Team-oriented dedicated budgetary management,Industrial Equipment,SUP_00711,600.74,1421.82,Active,2021-05-15
PROD_003410,Distributed real-time capability,Industrial Equipment,SUP_00304,1165.18,1601.51,Inactive,2023-11-09
PROD_003411,Fully-configurable demand-driven benchmark,Consumer Products,SUP_00179,2302.41,2734.72,Active,2023-08-09
PROD_003412,Profit-focused leadingedge infrastructure,Consumer Products,SUP_00381,4115.31,8614.66,Active,2021-04-22
PROD_003413,Decentralized exuding initiative,Automotive Parts,SUP_00251,2714.73,5843.6,Active,2023-08-29
PROD_003414,Enterprise-wide disintermediate moratorium,Industrial Equipment,SUP_00964,4752.13,5642.59,Active,2022-06-07
PROD_003415,Seamless systemic intranet,Software,SUP_00610,3462.23,4307.38,Inactive,2025-09-20
PROD_003416,Seamless bottom-line Internet solution,Industrial Equipment,SUP_00959,3851.76,4495.26,Active,2021-10-21
PROD_003417,Ameliorated contextually-based circuit,Software,SUP_00769,3912.12,8490.98,Inactive,2025-07-01
PROD_003418,Switchable disintermediate concept,Consumer Products,SUP_00067,2531.1,5319.18,Active,2023-10-24
PROD_003419,Total needs-based customer loyalty,Automotive Parts,SUP_00569,466.34,650.45,Active,2023-08-14
PROD_003420,Implemented explicit secured line,Consumer Products,SUP_00080,772.05,1080.91,Active,2021-07-20
PROD_003421,Reverse-engineered modular hub,Industrial Equipment,SUP_00671,1171.44,1972.06,Active,2024-09-01
PROD_003422,Object-based human-resource standardization,Automotive Parts,SUP_00992,3891.07,8253.01,Active,2025-05-24
PROD_003423,Persistent intangible interface,Unknown Category,SUP_00116,4395.81,5528.93,Active,2021-10-25
PROD_003424,Horizontal logistical capability,Automotive Parts,SUP_00693,3160.27,6118.92,Discontinued,2024-02-06
PROD_003425,Advanced optimal framework,Automotive Parts,SUP_00657,2083.67,3441.47,Active,2021-03-10
PROD_003426,Streamlined stable process improvement,Software,SUP_00859,3332.12,7162.82,Active,2023-06-11
PROD_003427,Multi-channeled client-driven Local Area Network,Industrial Equipment,SUP_00463,4057.02,8967.31,Active,2025-11-06
PROD_003428,Persevering even-keeled access,Healthcare Equipment,SUP_00614,2486.67,5875.76,Active,2026-05-24
PROD_003429,Multi-channeled motivating middleware,Electronics,SUP_00467,3563.66,7355.99,Active,2022-02-27
PROD_003430,Triple-buffered multi-tasking info-mediaries,Software,SUP_00802,2138.43,4899.44,Active,2023-10-27
PROD_003431,Enhanced solution-oriented collaboration,Software,SUP_00071,3972.81,5062.53,Active,2022-12-07
PROD_003432,Up-sized non-volatile Graphical User Interface,Unknown Category,SUP_00419,4917.13,7837.53,Inactive,2023-07-11
PROD_003433,Devolved even-keeled toolset,Software,SUP_00851,4762.69,10557.21,Active,2025-03-10
PROD_003434,Innovative hybrid architecture,Healthcare Equipment,SUP_00746,424.44,753.31,Discontinued,2026-01-12
PROD_003435,Stand-alone mission-critical implementation,Electronics,,4812.27,10599.06,Inactive,2026-04-15
PROD_003436,Robust stable contingency,Electronics,SUP_00632,903.02,2038.38,Active,2024-03-01
PROD_003437,Profit-focused zero-defect protocol,Consumer Products,SUP_00066,3935.75,6941.43,Active,2023-11-21
PROD_003438,De-engineered tangible Graphic Interface,,SUP_00049,3321.43,6291.37,Active,2024-03-27
PROD_003439,Reduced grid-enabled paradigm,Software,SUP_00344,3004.55,7206.65,Discontinued,2024-05-23
PROD_003440,Open-architected asymmetric analyzer,Automotive Parts,SUP_00809,3691.32,8109.65,Inactive,2021-03-01
PROD_003441,Upgradable cohesive emulation,Unknown Category,SUP_00199,3820.3,4943.11,Active,2021-07-13
PROD_003442,Customer-focused modular service-desk,Consumer Products,SUP_00052,3878.29,4732.56,Active,2023-08-14
PROD_003443,Virtual discrete throughput,Industrial Equipment,SUP_00574,362.22,802.44,Active,2025-06-10
PROD_003444,Upgradable disintermediate benchmark,Consumer Products,SUP_00683,250.48,495.22,Inactive,2025-12-10
PROD_003445,Enhanced upward-trending info-mediaries,Healthcare Equipment,SUP_00553,3072.01,4464.94,Active,2025-02-25
PROD_003446,Operative asymmetric approach,Electronics,SUP_00112,3683.83,7324.12,Discontinued,2024-05-12
PROD_003447,Customizable 5thgeneration synergy,Software,SUP_00135,4757.9,8929.43,Active,2021-05-27
PROD_003448,Virtual holistic portal,Automotive Parts,SUP_00602,1933.85,4232.54,Active,2024-06-20
PROD_003449,Assimilated context-sensitive Graphic Interface,Electronics,SUP_00678,2755.64,3497.39,Discontinued,2021-08-04
PROD_003450,Organized homogeneous challenge,Automotive Parts,SUP_00423,154.35,356.42,Discontinued,2026-06-07
PROD_003451,Re-engineered next generation customer loyalty,Software,SUP_00747,3611.53,6308.77,Active,2022-01-28
PROD_003452,Pre-emptive leadingedge service-desk,Industrial Equipment,SUP_00708,1646.67,2837.19,Active,2022-07-28
PROD_003453,Exclusive user-facing complexity,Automotive Parts,SUP_00170,1776.05,3001.88,Inactive,2023-05-21
PROD_003454,Progressive content-based array,Electronics,SUP_00942,762.02,1394.16,Active,2024-03-13
PROD_003455,Self-enabling static attitude,Electronics,SUP_00663,4309.13,8050.4,Active,2022-02-13
PROD_003456,Devolved 24hour hierarchy,Consumer Products,SUP_00905,3193.02,3856.39,Discontinued,2025-04-03
PROD_003457,Re-contextualized needs-based archive,Software,SUP_00585,1254.59,1510.72,Discontinued,2022-11-15
PROD_003458,Synergized upward-trending superstructure,Consumer Products,SUP_00133,1594.26,3783.24,Active,2024-07-12
PROD_003459,Proactive content-based database,Automotive Parts,SUP_00974,4451.03,11087.68,Active,2024-02-19
PROD_003460,Phased motivating help-desk,Automotive Parts,SUP_00700,1983.05,3683.51,Discontinued,2022-12-17
PROD_003461,Realigned client-driven website,Consumer Products,SUP_00143,2122.39,4965.84,Active,2021-05-15
PROD_003462,Optimized responsive implementation,Software,SUP_00879,2088.9,2609.18,Active,2025-10-20
PROD_003463,Re-contextualized attitude-oriented capacity,Consumer Products,SUP_00825,4184.33,5996.76,Active,2025-04-19
PROD_003464,Innovative bandwidth-monitored capability,Automotive Parts,SUP_00188,3744.02,5412.74,Active,2023-09-28
PROD_003465,Business-focused radical moratorium,Industrial Equipment,,1983.98,4333.42,Active,2022-10-26
PROD_003466,Face-to-face explicit extranet,Software,SUP_00184,124.04,151.86,Active,2023-02-23
PROD_003467,Multi-channeled asymmetric complexity,Consumer Products,,4538.08,11092.78,Active,2026-04-27
PROD_003468,Compatible national orchestration,Industrial Equipment,SUP_00651,1646.36,3766.86,Active,2022-04-30
PROD_003469,Programmable reciprocal middleware,Automotive Parts,SUP_00114,1922.86,4440.94,Active,2022-09-19
PROD_003470,Secured analyzing moratorium,Electronics,,4553.53,11004.77,Active,2024-10-31
PROD_003471,Customizable optimal leverage,Automotive Parts,SUP_00165,1580.58,2617.2,Active,2026-02-23
PROD_003472,Fundamental solution-oriented algorithm,Consumer Products,SUP_00374,2599.12,5032.39,Active,2021-03-06
PROD_003473,Operative empowering customer loyalty,Electronics,SUP_00651,3607.08,6292.5,Active,2022-11-03
PROD_003474,Virtual analyzing challenge,Automotive Parts,SUP_00703,3876.14,7796.65,Active,2022-02-14
PROD_003475,Upgradable full-range system engine,Industrial Equipment,SUP_00077,3243.43,5196.16,Discontinued,2024-08-23
PROD_003476,Centralized disintermediate methodology,Automotive Parts,SUP_00135,958.64,1471.13,Active,2021-05-27
PROD_003477,Re-contextualized reciprocal standardization,Unknown Category,SUP_00613,3414.37,7404.45,Active,2025-08-03
PROD_003478,Automated grid-enabled archive,Electronics,,4565.39,11218.47,Active,2026-03-21
PROD_003479,Right-sized user-facing pricing structure,Healthcare Equipment,SUP_00266,2875.14,5024.36,Active,2026-02-08
PROD_003480,Reactive mission-critical capacity,Automotive Parts,SUP_00728,255.94,543.62,Active,2022-06-27
PROD_003481,Balanced bi-directional alliance,Software,SUP_00361,1769.02,2481.04,Active,2023-09-24
PROD_003482,Face-to-face solution-oriented hardware,Electronics,SUP_00583,1352.04,2334.02,Active,2023-05-16
PROD_003483,Innovative zero tolerance emulation,Healthcare Equipment,SUP_00624,2685.14,6177.65,Active,2021-02-13
PROD_003484,Centralized 4thgeneration time-frame,,SUP_00127,4928.43,9139.65,Active,2025-04-18
PROD_003485,Exclusive national portal,Software,SUP_00274,2435.62,2940.61,Active,2025-09-22
PROD_003486,Synergized systemic support,Software,SUP_00117,3907.71,6366.33,Discontinued,2021-02-06
PROD_003487,Polarized actuating info-mediaries,Software,SUP_00825,2975.38,3781.99,Active,2025-03-16
PROD_003488,Total clear-thinking Internet solution,Consumer Products,SUP_00232,4104.74,7799.83,Active,2024-11-07
PROD_003489,Reactive client-driven budgetary management,Healthcare Equipment,SUP_00882,627.93,1074.25,Active,2023-05-29
PROD_003490,Seamless holistic help-desk,Electronics,SUP_00225,1305.07,1657.66,Active,2022-01-24
PROD_003491,Optional analyzing encoding,Electronics,SUP_00799,4271.98,9404.79,Active,2022-04-11
PROD_003492,Reverse-engineered 24/7 emulation,Software,SUP_00971,3402.09,7117.3,Active,2023-04-09
PROD_003493,Versatile national open system,Consumer Products,SUP_00411,4885.79,6058.28,Inactive,2021-04-02
PROD_003494,Advanced uniform encryption,Unknown Category,SUP_00925,2958.4,6115.24,Active,2025-06-19
PROD_003495,Compatible analyzing capacity,Electronics,SUP_00317,1661.06,2037.15,Inactive,2023-05-30
PROD_003496,Horizontal 6thgeneration functionalities,Electronics,,3283.63,5168.45,Active,2022-12-03
PROD_003497,Streamlined dynamic frame,Consumer Products,SUP_00597,3033.03,4243.58,Active,2021-09-18
PROD_003498,Object-based mission-critical protocol,Software,SUP_00366,-100.0,7065.61,Active,2021-09-03
PROD_003499,Compatible asynchronous extranet,Software,SUP_00703,3801.79,7543.17,Inactive,2026-02-26
PROD_003500,Expanded modular strategy,Consumer Products,SUP_00421,-100.0,5012.98,Active,2025-01-14
PROD_003501,Multi-channeled directional intranet,Consumer Products,SUP_00416,4755.91,6210.16,Active,2024-12-01
PROD_003502,Multi-lateral zero-defect neural-net,Healthcare Equipment,SUP_00808,3629.55,4316.58,Active,2022-08-11
PROD_003503,Streamlined dynamic moderator,Healthcare Equipment,SUP_00527,4922.04,11253.07,Inactive,2025-11-27
PROD_003504,Intuitive tangible moratorium,Healthcare Equipment,SUP_00532,2701.38,3606.58,Active,2023-10-07
PROD_003505,Business-focused grid-enabled installation,Electronics,SUP_00929,2787.54,5646.93,Active,2024-11-16
PROD_003506,Secured mobile focus group,Software,SUP_00234,4384.48,5684.74,Inactive,2021-06-07
PROD_003507,Devolved multi-state emulation,Software,SUP_00882,231.7,324.5,Inactive,2022-09-04
PROD_003508,Reactive demand-driven capability,Healthcare Equipment,SUP_00385,4368.98,8119.12,Active,2023-01-18
PROD_003509,Digitized 5thgeneration encoding,Industrial Equipment,SUP_00075,595.65,1319.76,Active,2024-11-01
PROD_003510,Streamlined well-modulated knowledgebase,Electronics,SUP_00406,3818.29,9309.8,Active,2026-03-27
PROD_003511,Ameliorated modular alliance,Electronics,SUP_00878,994.42,2227.2,Active,2022-06-27
PROD_003512,Reverse-engineered human-resource framework,Consumer Products,SUP_00584,1383.37,2121.33,Active,2025-07-18
PROD_003513,Configurable analyzing focus group,Automotive Parts,SUP_00224,906.01,1742.62,Active,2025-09-11
PROD_003514,Networked modular adapter,Industrial Equipment,SUP_00102,1794.97,3684.35,Active,2025-09-27
PROD_003515,Networked leadingedge analyzer,Healthcare Equipment,SUP_00241,2025.7,4538.26,Discontinued,2022-03-27
PROD_003516,Multi-tiered contextually-based protocol,Electronics,SUP_00637,3921.4,7330.33,Active,2023-05-15
PROD_003517,Business-focused stable function,Automotive Parts,,377.96,922.96,Inactive,2021-03-04
PROD_003518,Virtual grid-enabled algorithm,Consumer Products,SUP_00191,4912.86,7941.51,Active,2025-12-31
PROD_003519,Versatile global firmware,Industrial Equipment,SUP_00485,1408.02,29470.9,Active,2025-06-14
PROD_003520,Reverse-engineered didactic system engine,Software,SUP_00963,4665.52,11470.63,Active,2021-02-24
PROD_003521,Up-sized regional Internet solution,Consumer Products,SUP_00521,3399.85,6394.9,Active,2025-10-03
PROD_003522,Upgradable user-facing system engine,,SUP_00274,559.1,968.11,Active,2021-04-25
PROD_003523,Customer-focused neutral info-mediaries,,SUP_00138,2165.78,2822.2,Active,2026-03-26
PROD_003524,Synergistic executive monitoring,Consumer Products,SUP_00126,2777.17,3589.59,Discontinued,2023-07-19
PROD_003525,Re-engineered uniform open system,Electronics,SUP_00137,1032.83,1922.29,Active,2025-03-23
PROD_003526,Fundamental cohesive implementation,Healthcare Equipment,SUP_00326,747.06,1693.17,Inactive,2023-07-27
PROD_003527,Front-line clear-thinking access,,SUP_00919,1410.61,2912.6,Active,2022-07-18
PROD_003528,Synergized even-keeled artificial intelligence,Electronics,SUP_00948,2022.2,4995.06,Active,2026-06-27
PROD_003529,Visionary needs-based frame,Automotive Parts,SUP_00607,1036.65,1283.47,Inactive,2022-11-09
PROD_003530,Object-based 5thgeneration pricing structure,Automotive Parts,SUP_00713,2386.79,4401.67,Inactive,2022-07-05
PROD_003531,Future-proofed stable extranet,Automotive Parts,SUP_00505,1362.49,1597.94,Active,2025-04-19
PROD_003532,Visionary real-time access,Healthcare Equipment,SUP_00077,4484.38,10945.95,Inactive,2021-09-07
PROD_003533,Re-contextualized stable Graphic Interface,Electronics,SUP_00514,3885.51,8349.03,Active,2025-08-05
PROD_003534,Enhanced leadingedge Local Area Network,Unknown Category,,4634.1,8179.48,Active,2021-02-04
PROD_003535,Advanced maximized alliance,Healthcare Equipment,SUP_00279,980.52,1843.53,Active,2026-04-22
PROD_003536,Polarized scalable open architecture,,SUP_00135,1982.18,4713.72,Active,2022-03-13
PROD_003537,Centralized optimal artificial intelligence,Consumer Products,SUP_00646,3103.66,6834.76,Active,2022-07-09
PROD_003538,Seamless neutral functionalities,Consumer Products,SUP_00481,1486.97,3372.26,Active,2026-03-28
PROD_003539,Organic contextually-based firmware,Healthcare Equipment,SUP_00118,2454.63,4483.81,Active,2025-03-17
PROD_003540,Grass-roots empowering methodology,Consumer Products,SUP_00167,4533.69,7010.63,Inactive,2021-09-13
PROD_003541,Self-enabling context-sensitive circuit,Healthcare Equipment,SUP_00324,1709.48,1968.95,Active,2025-10-14
PROD_003542,Streamlined actuating emulation,Automotive Parts,SUP_00561,1997.57,2652.77,Active,2021-08-18
PROD_003543,Automated contextually-based software,Software,SUP_00150,3169.42,7083.87,Active,2023-10-14
PROD_003544,Organic optimal functionalities,Software,SUP_00309,4061.49,7015.8,Active,2021-03-26
PROD_003545,Universal discrete approach,Automotive Parts,SUP_00414,2117.79,4608.9,Active,2026-03-25
PROD_003546,Fundamental eco-centric adapter,Electronics,SUP_00696,3344.5,6768.88,Active,2024-09-22
PROD_003547,Multi-channeled needs-based structure,Consumer Products,SUP_00994,3432.35,8079.47,Active,2021-03-31
PROD_003548,Front-line grid-enabled benchmark,Electronics,,2988.8,3708.25,Active,2021-06-05
PROD_003549,Organic bifurcated migration,Software,SUP_00469,1020.89,1819.47,Inactive,2021-06-05
PROD_003550,Expanded fresh-thinking orchestration,Industrial Equipment,SUP_00869,3433.09,6672.93,Inactive,2023-01-15
PROD_003551,Synergized intangible archive,Electronics,SUP_00680,2898.6,3815.62,Active,2024-07-11
PROD_003552,Horizontal client-server algorithm,Software,,262.04,540.41,Active,2022-10-18
PROD_003553,Multi-lateral full-range installation,Electronics,SUP_00055,2128.54,3005.95,Active,2025-12-06
PROD_003554,Multi-layered methodical frame,Industrial Equipment,SUP_00540,3705.04,8133.27,Active,2024-06-01
PROD_003555,Diverse holistic analyzer,Healthcare Equipment,SUP_00532,4658.56,9673.1,Active,2022-08-07
PROD_003556,Distributed optimizing algorithm,Industrial Equipment,SUP_00153,1443.65,1803.82,Discontinued,2021-08-02
PROD_003557,Extended foreground migration,Software,SUP_00847,473.35,1099.46,Active,2024-12-06
PROD_003558,User-centric multimedia toolset,Healthcare Equipment,SUP_00639,1440.64,2754.75,Active,2024-03-12
PROD_003559,Monitored didactic implementation,Healthcare Equipment,SUP_00993,4483.93,6295.58,Active,2025-07-25
PROD_003560,Automated stable success,Software,SUP_00530,2951.79,7057.71,Active,2021-10-29
PROD_003561,Virtual solution-oriented artificial intelligence,Healthcare Equipment,SUP_00477,1772.36,24930.300000000003,Active,2026-04-01
PROD_003562,Face-to-face non-volatile middleware,Software,SUP_00034,2290.04,4199.58,Active,2026-06-25
PROD_003563,Self-enabling neutral superstructure,Healthcare Equipment,SUP_00366,1324.96,2496.57,Active,2023-04-19
PROD_003564,Upgradable bottom-line moderator,Consumer Products,SUP_00919,1991.03,2607.73,Inactive,2025-05-21
PROD_003565,Robust methodical protocol,Healthcare Equipment,SUP_00317,2570.34,5294.0,Active,2023-11-19
PROD_003566,Organic foreground flexibility,Consumer Products,SUP_00391,2698.78,4967.2,Active,2022-01-27
PROD_003567,Re-engineered explicit encryption,,SUP_00202,2316.7,3063.25,Active,2022-10-22
PROD_003568,Visionary high-level emulation,Automotive Parts,SUP_00669,2537.53,4840.9,Active,2023-07-04
PROD_003569,User-friendly bifurcated solution,Consumer Products,SUP_00707,4720.34,10356.55,Inactive,2022-04-29
PROD_003570,Upgradable incremental hierarchy,,SUP_00400,3816.11,6889.05,Active,2021-06-09
PROD_003571,Realigned motivating archive,Industrial Equipment,SUP_00112,1758.0,2348.15,Discontinued,2026-01-09
PROD_003572,Streamlined mission-critical portal,Industrial Equipment,SUP_00197,2233.66,3931.97,Active,2022-04-08
PROD_003573,Operative discrete open system,Healthcare Equipment,SUP_00606,792.39,1749.82,Active,2025-07-19
PROD_003574,De-engineered national encryption,Consumer Products,SUP_00390,3592.41,8442.91,Inactive,2025-04-07
PROD_003575,Open-source systematic paradigm,Automotive Parts,,1972.55,3608.44,Inactive,2024-08-28
PROD_003576,Robust empowering utilization,Electronics,SUP_00988,3056.29,4168.25,Active,2022-07-30
PROD_003577,Intuitive bottom-line artificial intelligence,Electronics,SUP_00229,3373.91,7717.18,Active,2023-03-31
PROD_003578,Profit-focused client-server orchestration,Industrial Equipment,SUP_00221,3658.12,5918.22,Inactive,2023-09-19
PROD_003579,Visionary dedicated contingency,Software,SUP_00909,4266.61,6985.77,Active,2025-10-25
PROD_003580,Advanced composite capability,Automotive Parts,,2303.56,4307.89,Active,2023-04-20
PROD_003581,Virtual neutral structure,Healthcare Equipment,SUP_00481,4216.44,5817.16,Active,2026-02-09
PROD_003582,User-friendly bandwidth-monitored capacity,Industrial Equipment,SUP_00473,4699.13,9083.31,Active,2025-10-11
PROD_003583,Optional 4thgeneration solution,Automotive Parts,SUP_00001,3803.61,7716.36,Active,2021-12-01
PROD_003584,Compatible clear-thinking migration,Healthcare Equipment,SUP_00202,3430.66,5108.1,Active,2025-10-05
PROD_003585,Networked interactive help-desk,Consumer Products,SUP_00016,2835.2,3579.32,Active,2021-09-13
PROD_003586,Total next generation encoding,Automotive Parts,SUP_00928,1326.43,2537.85,Active,2024-11-29
PROD_003587,Decentralized global Graphical User Interface,Consumer Products,SUP_00433,384.4,531.02,Discontinued,2024-04-01
PROD_003588,Seamless bi-directional success,Healthcare Equipment,SUP_00143,4343.36,9971.55,Active,2021-04-01
PROD_003589,User-centric heuristic knowledge user,Electronics,SUP_00753,1004.12,2087.9,Active,2026-01-01
PROD_003590,Self-enabling local support,Consumer Products,SUP_00415,464.43,1018.84,Active,2025-08-02
PROD_003591,Implemented web-enabled matrices,,SUP_00239,1393.5,2817.49,Active,2024-11-05
PROD_003592,Upgradable contextually-based success,Consumer Products,SUP_00265,2059.92,4252.62,Active,2025-03-17
PROD_003593,Profound attitude-oriented collaboration,Software,SUP_00615,4521.83,6611.04,Active,2025-12-02
PROD_003594,Reverse-engineered optimizing hub,Industrial Equipment,SUP_00233,2103.5,3937.31,Active,2024-09-13
PROD_003595,Persevering homogeneous Graphic Interface,Industrial Equipment,SUP_00938,3226.35,6833.15,Active,2023-05-30
PROD_003596,Profound uniform parallelism,Software,SUP_00769,-100.0,7272.41,Active,2022-07-15
PROD_003597,Visionary bandwidth-monitored emulation,Healthcare Equipment,SUP_00755,2720.9,3321.17,Active,2022-08-20
PROD_003598,Mandatory actuating open system,Software,SUP_00068,743.19,1527.61,Active,2023-11-05
PROD_003599,Progressive optimal migration,Industrial Equipment,SUP_00442,133.47,180.81,Active,2025-08-21
PROD_003600,Optimized executive Graphic Interface,Consumer Products,SUP_00604,545.09,1136.01,Active,2023-02-10
PROD_003601,Versatile context-sensitive circuit,Software,SUP_00585,746.5,1810.99,Discontinued,2021-03-26
PROD_003602,User-centric upward-trending database,Consumer Products,SUP_00736,3427.41,5567.95,Active,2023-05-14
PROD_003603,Grass-roots object-oriented pricing structure,Healthcare Equipment,SUP_00034,1745.37,2188.25,Active,2022-09-23
PROD_003604,Monitored executive concept,Industrial Equipment,SUP_00126,4343.88,7775.49,Discontinued,2021-08-26
PROD_003605,Grass-roots mobile intranet,,SUP_00402,2795.72,3690.02,Active,2022-03-25
PROD_003606,Down-sized executive firmware,Software,SUP_00056,1859.37,2329.89,Active,2026-06-07
PROD_003607,Versatile bi-directional emulation,Consumer Products,SUP_00573,727.55,1755.89,Discontinued,2024-08-29
PROD_003608,Digitized bandwidth-monitored database,Consumer Products,SUP_00576,4227.15,5424.31,Discontinued,2024-01-13
PROD_003609,Profound web-enabled concept,Consumer Products,SUP_00547,2824.52,6551.06,Inactive,2021-02-24
PROD_003610,Balanced needs-based monitoring,Software,SUP_00320,2124.57,4115.42,Active,2025-05-22
PROD_003611,Adaptive mobile algorithm,Automotive Parts,SUP_00886,3733.96,8847.66,Active,2023-01-12
PROD_003612,Horizontal object-oriented interface,Automotive Parts,SUP_00285,4144.57,8518.26,Inactive,2025-01-08
PROD_003613,Programmable clear-thinking knowledgebase,Consumer Products,SUP_00265,3004.97,5764.17,Active,2022-08-15
PROD_003614,Customizable transitional strategy,Healthcare Equipment,SUP_00058,3067.13,4319.27,Active,2026-01-18
PROD_003615,Decentralized leadingedge Internet solution,Software,SUP_00874,2368.09,5466.31,Active,2023-09-17
PROD_003616,Cross-group client-driven focus group,Industrial Equipment,SUP_00136,4493.46,11029.77,Active,2025-01-07
PROD_003617,Customizable heuristic website,Unknown Category,SUP_00054,186.05,282.7,Active,2021-06-08
PROD_003618,Face-to-face upward-trending archive,Electronics,SUP_00770,3567.8,8830.92,Active,2022-10-19
PROD_003619,Profit-focused full-range focus group,Industrial Equipment,SUP_00304,3509.69,8771.66,Active,2023-06-29
PROD_003620,User-centric multimedia service-desk,Automotive Parts,SUP_00146,1898.93,2382.67,Active,2025-04-08
PROD_003621,Triple-buffered system-worthy functionalities,Software,SUP_00765,1094.3,2002.9,Active,2025-11-25
PROD_003622,Automated intermediate attitude,Industrial Equipment,SUP_00785,3022.34,4526.65,Active,2026-02-14
PROD_003623,Programmable foreground core,Automotive Parts,SUP_00136,3682.61,5876.93,Active,2025-08-15
PROD_003624,Switchable responsive alliance,Electronics,SUP_00941,3767.57,6253.57,Inactive,2026-03-20
PROD_003625,Self-enabling 24/7 encryption,Industrial Equipment,SUP_00166,1781.7,4450.03,Active,2021-10-02
PROD_003626,Multi-tiered directional service-desk,Software,SUP_00759,470.23,712.94,Inactive,2022-01-28
PROD_003627,Phased coherent matrix,Healthcare Equipment,,632.5,877.54,Inactive,2025-06-21
PROD_003628,Upgradable modular forecast,,SUP_00954,102.31,210.68,Active,2021-09-22
PROD_003629,Sharable background model,Consumer Products,SUP_00146,1109.88,2103.12,Discontinued,2025-09-16
PROD_003630,User-friendly didactic ability,Automotive Parts,SUP_00124,1455.39,2151.13,Active,2023-05-22
PROD_003631,Pre-emptive next generation pricing structure,Industrial Equipment,SUP_00899,4099.64,9766.82,Active,2022-02-23
PROD_003632,Enhanced 5thgeneration instruction set,Unknown Category,SUP_00328,3202.65,5939.21,Active,2024-10-12
PROD_003633,Seamless homogeneous product,Consumer Products,SUP_00443,828.82,1641.64,Discontinued,2024-03-17
PROD_003634,Sharable grid-enabled matrices,Electronics,SUP_00195,2754.79,3613.27,Discontinued,2023-12-01
PROD_003635,Enterprise-wide exuding emulation,Healthcare Equipment,SUP_00907,4397.78,6738.07,Inactive,2025-10-22
PROD_003636,Synchronized mobile matrix,Software,SUP_00031,1002.75,1510.89,Inactive,2025-05-18
PROD_003637,Object-based radical help-desk,Healthcare Equipment,SUP_00062,2059.1,5068.58,Active,2023-12-27
PROD_003638,Implemented bandwidth-monitored definition,Healthcare Equipment,SUP_00316,1023.11,2426.06,Active,2021-08-14
PROD_003639,Versatile well-modulated forecast,Electronics,SUP_00375,974.83,1936.55,Discontinued,2023-04-22
PROD_003640,Organized fresh-thinking encryption,Electronics,SUP_00232,562.54,994.6,Active,2024-08-21
PROD_003641,Customizable context-sensitive Local Area Network,Industrial Equipment,SUP_00070,2221.36,26065.8,Discontinued,2026-04-03
PROD_003642,Switchable bifurcated hardware,Software,SUP_00774,2394.47,5839.47,Active,2024-10-30
PROD_003643,Triple-buffered clear-thinking time-frame,Consumer Products,SUP_00500,4058.0,9886.11,Active,2025-11-05
PROD_003644,Pre-emptive radical installation,Healthcare Equipment,SUP_00016,1666.19,3226.64,Active,2024-10-10
PROD_003645,Assimilated explicit flexibility,Consumer Products,SUP_00181,4835.92,9940.19,Active,2023-10-16
PROD_003646,Open-source analyzing open architecture,Software,SUP_00905,2849.89,3771.27,Active,2025-03-29
PROD_003647,Fundamental systematic functionalities,Healthcare Equipment,SUP_00596,4199.36,10138.28,Active,2023-04-05
PROD_003648,Organic interactive initiative,Industrial Equipment,SUP_00926,415.45,891.88,Inactive,2022-06-07
PROD_003649,Business-focused encompassing matrix,Automotive Parts,SUP_00426,2009.83,4900.41,Discontinued,2024-12-31
PROD_003650,Mandatory scalable analyzer,Software,SUP_00889,3915.0,7793.38,Active,2022-09-11
PROD_003651,Open-source directional orchestration,Healthcare Equipment,SUP_00951,928.49,1437.73,Active,2025-10-23
PROD_003652,Public-key demand-driven time-frame,Consumer Products,SUP_00107,2000.59,3758.16,Active,2024-06-08
PROD_003653,Seamless reciprocal groupware,Automotive Parts,SUP_00641,2038.46,3666.24,Discontinued,2021-09-17
PROD_003654,Quality-focused 3rdgeneration success,Industrial Equipment,SUP_00277,4173.34,8729.82,Active,2021-02-12
PROD_003655,Multi-tiered background time-frame,Healthcare Equipment,SUP_00804,4506.86,6512.59,Active,2024-11-14
PROD_003656,Multi-channeled zero administration throughput,Electronics,SUP_00665,1626.24,3259.38,Discontinued,2024-01-15
PROD_003657,Streamlined actuating model,Consumer Products,SUP_00404,426.64,838.29,Discontinued,2022-02-27
PROD_003658,Public-key dedicated complexity,Software,SUP_00386,1713.0,3224.63,Active,2025-08-09
PROD_003659,Object-based transitional emulation,Automotive Parts,SUP_00875,1430.88,2203.74,Active,2022-08-06
PROD_003660,Diverse holistic groupware,Industrial Equipment,SUP_00673,1935.68,3290.99,Active,2023-04-10
PROD_003661,Reactive upward-trending encryption,Industrial Equipment,SUP_00036,1879.95,2702.87,Inactive,2026-03-01
PROD_003662,Automated 3rdgeneration system engine,Industrial Equipment,SUP_00134,149.07,281.4,Active,2026-03-02
PROD_003663,Customer-focused motivating infrastructure,Software,SUP_00511,1711.75,3444.87,Active,2025-05-07
PROD_003664,Balanced cohesive forecast,Industrial Equipment,SUP_00006,2649.62,6032.91,Active,2022-08-28
PROD_003665,Focused responsive throughput,,SUP_00216,2374.76,2976.56,Active,2024-10-12
PROD_003666,Automated encompassing synergy,Automotive Parts,SUP_00675,1399.71,1616.05,Active,2021-09-06
PROD_003667,Multi-tiered solution-oriented initiative,Software,SUP_00947,3159.87,5556.32,Active,2021-09-21
PROD_003668,User-centric encompassing artificial intelligence,Automotive Parts,SUP_00653,732.12,1505.31,Discontinued,2021-06-03
PROD_003669,Profit-focused uniform strategy,Automotive Parts,SUP_00097,1109.72,2212.93,Active,2025-03-10
PROD_003670,Operative 3rdgeneration access,Healthcare Equipment,SUP_00919,293.76,391.91,Active,2025-01-29
PROD_003671,Quality-focused real-time collaboration,Electronics,SUP_00782,1360.26,2897.04,Active,2021-07-11
PROD_003672,Reverse-engineered hybrid core,Electronics,SUP_00616,974.66,1942.44,Active,2025-07-26
PROD_003673,Integrated zero tolerance Graphic Interface,Consumer Products,SUP_00207,3238.55,5462.32,Active,2023-05-03
PROD_003674,User-friendly 3rdgeneration framework,Software,SUP_00835,1128.07,2353.2,Active,2022-07-04
PROD_003675,Exclusive bandwidth-monitored firmware,Industrial Equipment,SUP_00767,4224.79,10230.15,Active,2026-04-29
PROD_003676,Re-engineered methodical implementation,Electronics,SUP_00381,1296.14,2307.0,Inactive,2022-08-08
PROD_003677,Cross-group directional installation,Industrial Equipment,SUP_00465,4138.57,6386.88,Inactive,2024-01-31
PROD_003678,Polarized executive standardization,Healthcare Equipment,SUP_00269,1203.35,2031.97,Inactive,2023-12-06
PROD_003679,Fully-configurable homogeneous adapter,Electronics,SUP_00406,1121.64,1466.9,Active,2026-06-16
PROD_003680,Upgradable hybrid hub,Automotive Parts,SUP_00330,3281.45,4802.08,Active,2025-03-10
PROD_003681,Universal bi-directional knowledge user,Software,SUP_00907,1623.04,2545.74,Active,2022-03-26
PROD_003682,Assimilated hybrid throughput,Industrial Equipment,SUP_00202,4420.61,6918.05,Active,2022-04-11
PROD_003683,Multi-layered mission-critical open system,Electronics,SUP_00259,799.84,1352.37,Active,2021-08-07
PROD_003684,Integrated full-range circuit,Software,SUP_00112,1644.46,3415.0,Active,2025-06-13
PROD_003685,Configurable bandwidth-monitored open architecture,Consumer Products,SUP_00807,4678.47,8949.99,Active,2021-12-06
PROD_003686,Pre-emptive optimizing encryption,Healthcare Equipment,,4564.7,8087.74,Active,2021-06-18
PROD_003687,Open-architected reciprocal leverage,Automotive Parts,SUP_00983,381.52,885.56,Active,2023-11-16
PROD_003688,Re-contextualized well-modulated emulation,Electronics,SUP_00796,4787.57,11314.46,Active,2021-04-29
PROD_003689,Proactive eco-centric installation,Automotive Parts,SUP_00462,2923.12,6098.13,Inactive,2022-09-17
PROD_003690,Mandatory coherent alliance,Industrial Equipment,SUP_00866,2365.68,3715.09,Active,2022-10-07
PROD_003691,Re-contextualized radical installation,Software,SUP_00155,2852.71,4196.9,Discontinued,2025-10-15
PROD_003692,Future-proofed system-worthy database,Automotive Parts,SUP_00865,1011.1,1813.95,Inactive,2025-02-23
PROD_003693,Pre-emptive needs-based methodology,Industrial Equipment,SUP_00735,3413.79,6451.23,Active,2022-09-20
PROD_003694,Streamlined disintermediate Graphic Interface,Industrial Equipment,SUP_00104,1875.98,2901.45,Inactive,2023-07-15
PROD_003695,Polarized multimedia open architecture,Software,SUP_00695,1862.67,3678.43,Discontinued,2025-09-19
PROD_003696,Upgradable attitude-oriented benchmark,Consumer Products,SUP_00692,2838.73,3556.61,Active,2023-05-04
PROD_003697,Compatible homogeneous capacity,Software,SUP_00438,961.69,2251.36,Active,2025-02-27
PROD_003698,Diverse multi-state synergy,,SUP_00315,3378.39,6114.47,Active,2021-09-01
PROD_003699,Exclusive leadingedge budgetary management,Software,SUP_00249,517.61,728.54,Active,2021-03-20
PROD_003700,Optimized modular concept,Industrial Equipment,SUP_00700,432.5,697.8,Active,2024-06-10
PROD_003701,Progressive mobile challenge,Industrial Equipment,SUP_00781,993.85,1884.5,Active,2025-02-11
PROD_003702,Reactive intangible initiative,Consumer Products,SUP_00264,1009.16,1574.07,Active,2021-01-19
PROD_003703,Decentralized intermediate frame,Consumer Products,SUP_00831,4452.46,6531.91,Active,2024-12-15
PROD_003704,Synergistic encompassing model,Electronics,SUP_00046,4435.95,7285.59,Active,2022-10-09
PROD_003705,Multi-layered non-volatile projection,Healthcare Equipment,SUP_00561,2814.44,6226.02,Inactive,2021-11-29
PROD_003706,Implemented multi-state software,Industrial Equipment,SUP_00055,4475.19,9523.3,Active,2022-02-15
PROD_003707,Seamless transitional hub,Automotive Parts,SUP_00668,331.89,549.39,Active,2023-11-08
PROD_003708,Function-based methodical Local Area Network,Software,SUP_00107,82.12,204.16,Active,2022-02-27
PROD_003709,Managed value-added success,Software,,2698.09,3577.92,Inactive,2026-06-22
PROD_003710,Devolved composite moderator,Electronics,,2597.04,32933.0,Active,2024-12-05
PROD_003711,Phased 24/7 functionalities,Industrial Equipment,SUP_00276,511.56,770.28,Discontinued,2023-04-16
PROD_003712,Distributed methodical architecture,Healthcare Equipment,SUP_00389,3287.02,6153.32,Active,2026-06-16
PROD_003713,Adaptive fault-tolerant standardization,Automotive Parts,SUP_00168,1534.96,1865.77,Active,2022-01-12
PROD_003714,Team-oriented bandwidth-monitored monitoring,,SUP_00385,3370.09,6803.89,Active,2023-07-09
PROD_003715,Cross-platform analyzing process improvement,Software,SUP_00976,4053.14,7348.49,Active,2023-07-30
PROD_003716,Diverse asymmetric hardware,Electronics,SUP_00463,360.47,584.31,Inactive,2024-06-30
PROD_003717,Face-to-face grid-enabled product,Consumer Products,SUP_00017,4488.92,10737.5,Discontinued,2021-01-29
PROD_003718,Ergonomic even-keeled forecast,Consumer Products,SUP_00700,1136.11,2530.53,Active,2025-07-05
PROD_003719,Optimized optimal superstructure,Automotive Parts,SUP_00220,1204.61,2222.78,Active,2022-09-06
PROD_003720,Secured zero administration initiative,Electronics,SUP_00462,2293.21,5342.66,Active,2026-02-18
PROD_003721,Realigned needs-based project,Consumer Products,SUP_00003,1019.57,1402.33,Active,2024-08-15
PROD_003722,Compatible optimizing collaboration,Electronics,SUP_00777,295.58,539.25,Active,2021-07-26
PROD_003723,Extended even-keeled conglomeration,Industrial Equipment,SUP_00454,2022.54,4056.66,Inactive,2022-06-12
PROD_003724,Customer-focused clear-thinking website,Healthcare Equipment,SUP_00609,1079.05,1818.59,Active,2023-11-14
PROD_003725,Stand-alone zero administration info-mediaries,Healthcare Equipment,,374.05,622.24,Active,2022-10-25
PROD_003726,Visionary optimizing portal,Industrial Equipment,SUP_00642,2155.81,2848.86,Active,2022-07-11
PROD_003727,User-centric reciprocal secured line,Software,SUP_00539,1047.56,1687.38,Discontinued,2025-12-29
PROD_003728,Expanded composite ability,Software,SUP_00464,4015.72,6052.48,Active,2025-04-21
PROD_003729,Extended background website,Software,SUP_00607,3212.78,5763.34,Discontinued,2024-05-18
PROD_003730,Digitized composite leverage,Industrial Equipment,SUP_00498,2873.73,7174.11,Discontinued,2025-10-21
PROD_003731,Inverse asynchronous application,Healthcare Equipment,SUP_00419,2303.16,4085.47,Active,2021-10-02
PROD_003732,Organic interactive secured line,Industrial Equipment,,1404.24,3371.81,Active,2023-08-05
PROD_003733,Innovative motivating task-force,Electronics,SUP_00933,2402.75,5093.09,Active,2021-08-24
PROD_003734,Realigned hybrid implementation,Electronics,SUP_00348,2516.94,4141.89,Inactive,2025-04-02
PROD_003735,Triple-buffered methodical help-desk,Automotive Parts,SUP_00037,2460.27,3474.88,Inactive,2022-09-18
PROD_003736,Programmable foreground moderator,Healthcare Equipment,SUP_00228,3185.48,4375.29,Active,2021-06-06
PROD_003737,Robust didactic concept,Healthcare Equipment,SUP_00496,3332.82,4752.9,Active,2026-03-12
PROD_003738,Grass-roots transitional circuit,Industrial Equipment,SUP_00559,2907.67,5708.89,Active,2025-08-12
PROD_003739,Realigned leadingedge matrix,Consumer Products,SUP_00972,2036.77,2444.9,Inactive,2024-10-26
PROD_003740,Function-based systemic capability,Electronics,SUP_00850,1047.15,1263.65,Discontinued,2024-01-25
PROD_003741,Optional solution-oriented hardware,Healthcare Equipment,SUP_00861,1835.48,3304.92,Active,2021-12-24
PROD_003742,Multi-lateral maximized throughput,Automotive Parts,SUP_00968,3600.68,6315.4,Inactive,2024-09-06
PROD_003743,Upgradable interactive data-warehouse,Automotive Parts,SUP_00080,209.37,415.71,Active,2024-05-22
PROD_003744,Ergonomic homogeneous hub,Electronics,SUP_00244,3440.9,4875.71,Inactive,2021-12-26
PROD_003745,User-friendly 24/7 customer loyalty,Industrial Equipment,SUP_00613,4074.78,6364.39,Active,2023-06-06
PROD_003746,Progressive content-based ability,Software,SUP_00266,1637.29,3695.43,Active,2024-03-21
PROD_003747,Managed bandwidth-monitored hub,Electronics,SUP_00646,4929.73,8758.47,Active,2026-01-12
PROD_003748,Profit-focused 24/7 portal,Electronics,SUP_00952,1482.42,2934.81,Active,2022-07-02
PROD_003749,Stand-alone even-keeled project,Industrial Equipment,SUP_00963,1382.7,2810.04,Active,2023-08-19
PROD_003750,Balanced tangible strategy,Electronics,SUP_00816,4269.13,8987.27,Active,2022-05-23
PROD_003751,Self-enabling analyzing orchestration,Industrial Equipment,SUP_00277,1528.49,2003.82,Active,2025-07-10
PROD_003752,Universal methodical portal,Automotive Parts,SUP_00146,2190.79,3757.46,Active,2024-06-22
PROD_003753,Pre-emptive context-sensitive leverage,Electronics,SUP_00683,2770.94,3478.75,Discontinued,2025-02-13
PROD_003754,Stand-alone web-enabled moratorium,Consumer Products,SUP_00284,4281.43,4925.43,Inactive,2025-06-08
PROD_003755,Automated holistic algorithm,Consumer Products,SUP_00529,3801.17,6227.39,Active,2024-05-14
PROD_003756,Universal coherent strategy,Software,SUP_00094,400.99,876.62,Active,2025-01-16
PROD_003757,De-engineered attitude-oriented instruction set,,SUP_00617,1391.19,3018.71,Active,2025-08-01
PROD_003758,Decentralized analyzing intranet,Automotive Parts,SUP_00232,2056.44,2875.48,Active,2024-07-02
PROD_003759,Centralized foreground attitude,Electronics,SUP_00906,2555.95,4192.33,Active,2025-09-17
PROD_003760,Grass-roots content-based projection,Software,SUP_00832,1731.28,2991.65,Active,2024-05-16
PROD_003761,Ameliorated full-range service-desk,Software,SUP_00734,4593.09,9416.39,Active,2025-08-29
PROD_003762,Intuitive tertiary concept,Consumer Products,SUP_00539,3222.81,3969.93,Active,2025-12-22
PROD_003763,Reverse-engineered uniform hierarchy,Industrial Equipment,SUP_00569,2112.76,4192.27,Active,2023-11-02
PROD_003764,Synchronized impactful instruction set,Electronics,SUP_00494,808.08,2004.68,Active,2025-08-08
PROD_003765,Synchronized analyzing architecture,Electronics,SUP_00563,4446.56,9282.41,Active,2022-01-23
PROD_003766,Virtual motivating circuit,Software,SUP_00280,3349.75,7012.47,Inactive,2025-01-02
PROD_003767,Configurable context-sensitive intranet,Automotive Parts,SUP_00011,3301.68,7116.21,Active,2021-03-31
PROD_003768,Robust dedicated solution,Automotive Parts,SUP_00823,3868.63,4698.65,Active,2023-10-11
PROD_003769,Enhanced scalable synergy,Automotive Parts,SUP_00024,1767.5,2276.16,Active,2025-08-17
PROD_003770,Adaptive fault-tolerant focus group,Automotive Parts,SUP_00526,4983.97,6397.35,Active,2024-01-30
PROD_003771,Decentralized global Local Area Network,Software,,1990.31,4024.43,Active,2024-02-14
PROD_003772,Total background open system,,SUP_00336,1740.66,4256.07,Inactive,2026-02-10
PROD_003773,Cross-group bifurcated array,Industrial Equipment,SUP_00692,4678.68,9744.05,Active,2022-01-02
PROD_003774,Cross-group contextually-based functionalities,Electronics,SUP_00514,4407.72,5853.06,Active,2024-03-31
PROD_003775,Ameliorated zero administration concept,Consumer Products,SUP_00657,1418.23,2719.86,Active,2025-05-02
PROD_003776,Extended scalable hub,Software,SUP_00031,604.27,809.97,Inactive,2023-07-13
PROD_003777,Up-sized dynamic function,Industrial Equipment,SUP_00918,1211.68,1579.03,Active,2025-08-07
PROD_003778,Stand-alone content-based synergy,Healthcare Equipment,SUP_00652,1895.41,3918.88,Active,2025-02-25
PROD_003779,De-engineered fault-tolerant application,Industrial Equipment,SUP_00795,1422.75,2030.45,Active,2023-01-31
PROD_003780,Horizontal context-sensitive focus group,Automotive Parts,SUP_00444,2894.48,3655.57,Active,2021-10-09
PROD_003781,Intuitive incremental definition,Automotive Parts,SUP_00216,2825.68,4233.88,Active,2025-08-03
PROD_003782,Future-proofed dedicated conglomeration,Consumer Products,SUP_00644,1530.45,2694.67,Active,2026-05-19
PROD_003783,Fundamental tangible intranet,Consumer Products,SUP_00579,2849.38,6744.88,Active,2022-06-15
PROD_003784,Pre-emptive heuristic paradigm,Unknown Category,SUP_00815,4464.75,8609.02,Discontinued,2022-12-31
PROD_003785,Visionary secondary model,Healthcare Equipment,SUP_00408,1728.87,2684.64,Active,2023-06-22
PROD_003786,Self-enabling systemic concept,Electronics,SUP_00650,1429.54,2667.78,Active,2021-03-15
PROD_003787,Reduced human-resource collaboration,Industrial Equipment,SUP_00386,2078.91,3098.81,Active,2023-12-16
PROD_003788,Expanded tangible Internet solution,Software,SUP_00723,620.53,964.88,Discontinued,2022-11-27
PROD_003789,Synergized executive database,Automotive Parts,SUP_00083,4685.46,7869.48,Active,2022-11-18
PROD_003790,Profit-focused neutral synergy,Industrial Equipment,SUP_00340,952.45,2347.49,Active,2025-05-13
PROD_003791,Cross-group multimedia throughput,Consumer Products,SUP_00618,284.53,675.69,Inactive,2022-02-27
PROD_003792,Extended maximized firmware,Automotive Parts,SUP_00140,857.95,1948.31,Active,2021-03-05
PROD_003793,Customizable multi-state protocol,Software,SUP_00144,3428.26,5578.08,Active,2024-06-20
PROD_003794,Phased client-driven Local Area Network,Healthcare Equipment,SUP_00721,3997.0,6655.7,Active,2024-03-23
PROD_003795,Multi-layered non-volatile implementation,Healthcare Equipment,SUP_00669,1775.53,3224.8,Active,2024-08-13
PROD_003796,Automated fresh-thinking standardization,Automotive Parts,SUP_00545,4672.64,5609.15,Active,2021-07-29
PROD_003797,Multi-channeled 24/7 complexity,Automotive Parts,SUP_00239,2960.47,4511.09,Active,2023-04-26
PROD_003798,Managed global project,,SUP_00607,4459.52,5375.68,Active,2025-12-17
PROD_003799,Enterprise-wide heuristic function,Healthcare Equipment,SUP_00874,1202.26,1812.6,Active,2021-11-23
PROD_003800,Quality-focused contextually-based system engine,,SUP_00253,696.59,1679.37,Active,2021-02-13
PROD_003801,Seamless logistical parallelism,Industrial Equipment,SUP_00988,1269.02,3057.79,Inactive,2024-03-01
PROD_003802,Optional upward-trending initiative,Healthcare Equipment,SUP_00676,568.55,1295.74,Active,2023-08-08
PROD_003803,Fully-configurable eco-centric success,Consumer Products,SUP_00535,2899.96,6553.76,Inactive,2023-01-19
PROD_003804,Mandatory mission-critical service-desk,Consumer Products,SUP_00557,1488.8,2543.58,Active,2023-03-16
PROD_003805,Balanced discrete task-force,Consumer Products,SUP_00357,1474.35,3652.07,Active,2026-02-19
PROD_003806,Profit-focused bi-directional instruction set,Industrial Equipment,SUP_00219,286.37,440.8,Active,2023-05-05
PROD_003807,Future-proofed object-oriented initiative,Software,SUP_00579,717.49,1073.38,Discontinued,2024-04-04
PROD_003808,Diverse multimedia concept,Consumer Products,SUP_00340,2851.67,5990.77,Active,2026-01-25
PROD_003809,Right-sized tangible moderator,Electronics,SUP_00016,1717.79,2234.56,Active,2022-02-03
PROD_003810,Re-contextualized web-enabled challenge,Software,SUP_00038,724.57,857.22,Discontinued,2021-09-18
PROD_003811,Managed zero tolerance application,Consumer Products,SUP_00878,299.56,414.49,Active,2026-05-01
PROD_003812,Integrated zero administration circuit,Electronics,SUP_00929,1060.14,2572.86,Active,2025-05-27
PROD_003813,Persevering hybrid concept,,SUP_00068,2711.97,3336.77,Active,2023-07-13
PROD_003814,Switchable client-server customer loyalty,Software,SUP_00298,991.38,1436.52,Active,2025-11-07
PROD_003815,Innovative fault-tolerant artificial intelligence,Healthcare Equipment,SUP_00215,1360.41,2135.26,Active,2022-01-06
PROD_003816,Expanded intermediate array,,SUP_00098,2941.88,4920.67,Active,2024-12-23
PROD_003817,Distributed systemic open architecture,,SUP_00535,4601.65,7112.78,Active,2025-08-24
PROD_003818,Multi-layered 24hour matrices,Automotive Parts,SUP_00518,3094.48,7106.4,Active,2021-11-16
PROD_003819,Cross-platform methodical neural-net,Industrial Equipment,SUP_00957,3236.52,6018.02,Active,2024-10-09
PROD_003820,Total didactic leverage,Automotive Parts,SUP_00085,3733.72,6975.24,Active,2024-09-02
PROD_003821,Persistent tertiary encryption,Consumer Products,SUP_00498,4122.58,10010.36,Active,2025-03-11
PROD_003822,Cross-platform human-resource capacity,Electronics,SUP_00129,3600.08,7761.26,Discontinued,2022-10-01
PROD_003823,Devolved impactful throughput,Industrial Equipment,SUP_00323,51.63,92.29,Active,2022-10-19
PROD_003824,Horizontal systematic superstructure,Consumer Products,SUP_00191,2389.69,2945.38,Active,2025-10-17
PROD_003825,Right-sized hybrid monitoring,Healthcare Equipment,SUP_00862,271.07,434.37,Active,2021-05-24
PROD_003826,Pre-emptive static support,Consumer Products,,1079.04,2034.48,Discontinued,2026-05-01
PROD_003827,Assimilated directional portal,Industrial Equipment,SUP_00526,4967.17,12205.34,Active,2021-12-24
PROD_003828,Front-line holistic hierarchy,Software,SUP_00104,2233.69,5008.32,Active,2022-11-13
PROD_003829,Adaptive reciprocal policy,Automotive Parts,SUP_00759,3741.47,5582.96,Inactive,2025-02-16
PROD_003830,Compatible secondary emulation,Automotive Parts,SUP_00802,1090.42,2527.93,Active,2021-10-04
PROD_003831,Ergonomic 6thgeneration data-warehouse,Healthcare Equipment,SUP_00304,2762.76,4601.45,Inactive,2022-08-29
PROD_003832,Cross-group global info-mediaries,Automotive Parts,,1983.28,2574.21,Inactive,2024-08-05
PROD_003833,Optimized coherent forecast,Healthcare Equipment,SUP_00142,3694.71,4434.63,Active,2022-09-17
PROD_003834,Synergistic mission-critical alliance,Electronics,SUP_00699,1314.74,2805.43,Discontinued,2022-06-08
PROD_003835,Operative context-sensitive complexity,Software,SUP_00038,1742.09,4121.43,Active,2023-03-10
PROD_003836,Programmable bi-directional Local Area Network,Industrial Equipment,SUP_00755,165.45,229.26,Discontinued,2025-06-06
PROD_003837,Monitored systemic superstructure,Software,SUP_00396,4111.47,6815.65,Inactive,2021-07-23
PROD_003838,Open-architected 24/7 complexity,Software,SUP_00554,2205.9,4202.51,Active,2022-10-02
PROD_003839,Re-engineered motivating info-mediaries,Software,SUP_00198,1320.88,2608.98,Active,2024-10-08
PROD_003840,Advanced mobile projection,Electronics,SUP_00716,4825.19,11252.35,Inactive,2026-04-10
PROD_003841,Open-architected interactive throughput,Electronics,SUP_00896,1361.29,1705.87,Inactive,2021-04-20
PROD_003842,Optimized empowering support,Software,SUP_00420,2805.64,4165.34,Active,2024-06-26
PROD_003843,Robust local middleware,Industrial Equipment,SUP_00069,3796.06,8654.52,Active,2023-01-18
PROD_003844,Phased transitional groupware,Consumer Products,SUP_00390,3245.18,7877.14,Active,2025-08-21
PROD_003845,Multi-lateral bifurcated toolset,Automotive Parts,SUP_00696,2731.25,4347.66,Active,2021-12-25
PROD_003846,Optimized national task-force,Industrial Equipment,SUP_00365,1474.38,1998.62,Active,2023-02-09
PROD_003847,Synergistic attitude-oriented collaboration,Healthcare Equipment,SUP_00093,271.62,511.17,Active,2021-01-14
PROD_003848,Triple-buffered optimizing firmware,Consumer Products,SUP_00511,2175.45,4994.54,Inactive,2022-02-01
PROD_003849,Seamless upward-trending knowledgebase,Electronics,SUP_00392,3518.65,6708.87,Active,2023-05-23
PROD_003850,Persistent executive analyzer,,SUP_00089,2374.3,3945.33,Discontinued,2021-09-01
PROD_003851,Pre-emptive logistical hierarchy,Industrial Equipment,SUP_00087,1617.14,3962.16,Inactive,2021-04-11
PROD_003852,Right-sized systemic hub,Automotive Parts,SUP_00739,1916.12,3514.28,Active,2022-05-22
PROD_003853,Mandatory systematic frame,Healthcare Equipment,SUP_00233,1933.8,4595.69,Active,2025-03-19
PROD_003854,Assimilated needs-based flexibility,Software,SUP_00663,4654.76,11056.11,Active,2021-12-25
PROD_003855,Multi-channeled intangible adapter,Automotive Parts,SUP_00859,2410.68,4176.74,Active,2023-06-16
PROD_003856,Innovative scalable alliance,Industrial Equipment,SUP_00526,4822.9,8225.12,Active,2024-04-10
PROD_003857,Multi-channeled upward-trending alliance,Electronics,SUP_00570,109.97,146.23,Inactive,2023-12-02
PROD_003858,Object-based dynamic conglomeration,Automotive Parts,SUP_00777,831.81,1557.94,Discontinued,2021-06-18
PROD_003859,Cross-platform clear-thinking superstructure,Software,SUP_00659,972.23,2334.52,Active,2021-10-18
PROD_003860,Proactive intermediate focus group,Electronics,,1545.85,1917.94,Active,2022-11-24
PROD_003861,Persevering system-worthy process improvement,Industrial Equipment,SUP_00878,3254.84,5179.12,Active,2022-05-05
PROD_003862,Upgradable multi-tasking open system,Software,,4115.5,8270.03,Active,2023-07-09
PROD_003863,Compatible fresh-thinking hub,Automotive Parts,SUP_00314,4017.14,7541.16,Active,2021-03-18
PROD_003864,Robust uniform productivity,Industrial Equipment,SUP_00358,4715.17,11770.87,Active,2025-06-18
PROD_003865,Cross-platform homogeneous migration,Healthcare Equipment,SUP_00954,1284.94,1791.49,Active,2026-05-21
PROD_003866,Configurable global productivity,Software,SUP_00716,3969.0,9299.67,Active,2025-02-12
PROD_003867,Optimized impactful adapter,Consumer Products,SUP_00259,659.62,1098.86,Inactive,2022-01-04
PROD_003868,User-friendly eco-centric success,Software,SUP_00555,219.56,333.79,Discontinued,2024-08-02
PROD_003869,Configurable intermediate budgetary management,Healthcare Equipment,SUP_00002,2709.91,5714.25,Active,2025-05-12
PROD_003870,Re-engineered empowering framework,,SUP_00942,3835.02,8440.86,Inactive,2024-05-19
PROD_003871,Quality-focused dynamic solution,Automotive Parts,SUP_00628,4976.15,6230.41,Discontinued,2025-05-22
PROD_003872,Multi-layered object-oriented leverage,,SUP_00035,3461.96,5561.46,Discontinued,2022-03-08
PROD_003873,Optional even-keeled synergy,Industrial Equipment,SUP_00806,2513.85,4343.59,Active,2024-10-13
PROD_003874,Enterprise-wide even-keeled middleware,Healthcare Equipment,SUP_00176,3597.48,8899.44,Inactive,2024-09-08
PROD_003875,Robust impactful contingency,Consumer Products,SUP_00632,1830.2,2907.45,Active,2024-09-22
PROD_003876,Future-proofed 24hour installation,Automotive Parts,SUP_00717,4729.52,6357.0,Discontinued,2022-02-20
PROD_003877,Operative stable capacity,Healthcare Equipment,SUP_00003,4121.99,5585.91,Active,2022-07-06
PROD_003878,Persistent radical utilization,Industrial Equipment,SUP_00550,1437.31,3039.29,Active,2026-05-12
PROD_003879,Intuitive bandwidth-monitored definition,Automotive Parts,SUP_00922,3212.83,7507.04,Discontinued,2022-03-27
PROD_003880,Triple-buffered fresh-thinking definition,Software,SUP_00783,347.11,710.57,Inactive,2021-05-08
PROD_003881,Horizontal upward-trending structure,,SUP_00214,1904.57,2627.05,Inactive,2024-05-07
PROD_003882,Persevering optimizing instruction set,Consumer Products,,3011.1,5047.68,Active,2024-06-27
PROD_003883,Managed needs-based info-mediaries,Industrial Equipment,SUP_00965,1839.3,3836.14,Active,2023-08-13
PROD_003884,Realigned 24/7 Graphical User Interface,Consumer Products,SUP_00552,1629.27,3520.73,Active,2022-11-15
PROD_003885,Monitored leadingedge collaboration,Healthcare Equipment,SUP_00927,3016.54,4230.99,Inactive,2023-07-16
PROD_003886,User-friendly modular database,Automotive Parts,SUP_00192,2922.14,6050.87,Active,2023-12-04
PROD_003887,Down-sized systematic info-mediaries,Automotive Parts,SUP_00802,3686.54,8856.88,Active,2022-05-28
PROD_003888,Automated stable orchestration,,SUP_00102,899.59,1291.94,Active,2026-04-26
PROD_003889,Self-enabling mobile open architecture,Automotive Parts,,3100.45,7364.54,Active,2026-05-30
PROD_003890,Configurable demand-driven synergy,Consumer Products,SUP_00870,945.01,1911.89,Discontinued,2026-05-30
PROD_003891,Multi-layered exuding frame,Software,SUP_00331,227.08,266.44,Active,2025-02-15
PROD_003892,Organized systematic Local Area Network,Software,SUP_00111,4074.6,9332.82,Active,2021-03-01
PROD_003893,Secured optimal concept,Industrial Equipment,SUP_00644,1219.42,2897.73,Active,2024-06-06
PROD_003894,Re-contextualized intermediate instruction set,Software,SUP_00487,2106.64,4217.22,Active,2026-06-21
PROD_003895,Ameliorated web-enabled forecast,Industrial Equipment,SUP_00300,4418.96,6410.31,Active,2024-01-22
PROD_003896,Pre-emptive disintermediate implementation,Software,SUP_00101,3993.13,9235.91,Inactive,2026-01-22
PROD_003897,De-engineered homogeneous portal,Electronics,SUP_00369,2552.45,5175.58,Active,2026-03-19
PROD_003898,Decentralized bandwidth-monitored infrastructure,Software,,2503.54,2922.39,Discontinued,2022-03-14
PROD_003899,Customizable object-oriented frame,Software,SUP_00289,1000.45,1538.91,Discontinued,2021-12-25
PROD_003900,Diverse zero administration time-frame,Consumer Products,SUP_00791,3929.43,6889.08,Inactive,2026-05-29
PROD_003901,Open-architected neutral installation,Consumer Products,SUP_00406,163.4,252.85,Active,2022-12-08
PROD_003902,Extended intangible policy,Healthcare Equipment,SUP_00108,555.05,1088.77,Active,2022-07-14
PROD_003903,Visionary high-level product,Software,SUP_00656,3837.59,6328.56,Active,2021-07-31
PROD_003904,Synergized scalable task-force,Electronics,SUP_00321,3124.62,5306.44,Active,2024-06-30
PROD_003905,Profit-focused national monitoring,Software,SUP_00849,2357.4,5097.37,Active,2023-02-26
PROD_003906,Open-architected modular system engine,Software,SUP_00895,2116.93,4336.84,Active,2023-07-20
PROD_003907,Organized cohesive conglomeration,Electronics,SUP_00977,2198.2,3450.85,Discontinued,2023-03-14
PROD_003908,Adaptive national groupware,Software,SUP_00327,1384.76,1775.04,Inactive,2025-03-11
PROD_003909,Streamlined context-sensitive software,Healthcare Equipment,SUP_00113,214.82,351.05,Active,2025-12-26
PROD_003910,Networked optimal projection,Electronics,SUP_00130,1920.2,4468.83,Active,2023-04-19
PROD_003911,Operative incremental core,Electronics,SUP_00564,67.06,107.01,Active,2024-06-30
PROD_003912,Secured directional challenge,Industrial Equipment,SUP_00446,1070.05,1782.72,Active,2024-05-08
PROD_003913,Profit-focused attitude-oriented policy,Electronics,SUP_00949,4579.95,6737.37,Active,2024-02-19
PROD_003914,Open-source 3rdgeneration Graphic Interface,Unknown Category,SUP_00665,2311.34,3074.11,Active,2024-05-08
PROD_003915,Down-sized non-volatile product,Healthcare Equipment,SUP_00834,2789.05,4130.71,Active,2023-08-05
PROD_003916,Cross-group holistic adapter,Software,SUP_00475,2969.29,3962.95,Inactive,2025-01-30
PROD_003917,Streamlined human-resource neural-net,Automotive Parts,SUP_00289,853.73,1123.35,Discontinued,2023-10-23
PROD_003918,Ergonomic cohesive knowledgebase,Automotive Parts,SUP_00661,4547.54,7750.33,Active,2023-01-11
PROD_003919,Front-line context-sensitive leverage,Automotive Parts,SUP_00980,98.92,158.91,Active,2026-02-23
PROD_003920,Exclusive fresh-thinking capacity,Electronics,SUP_00744,1854.62,2799.01,Active,2022-08-11
PROD_003921,Assimilated demand-driven orchestration,Industrial Equipment,SUP_00288,1268.71,1961.9,Active,2023-07-15
PROD_003922,Fully-configurable systemic portal,Consumer Products,SUP_00609,2553.63,5179.0,Discontinued,2023-06-09
PROD_003923,Front-line context-sensitive Local Area Network,Healthcare Equipment,SUP_00160,1757.67,3611.01,Active,2023-10-01
PROD_003924,Customizable real-time groupware,Industrial Equipment,SUP_00948,3587.87,6651.49,Active,2025-10-16
PROD_003925,Diverse dynamic Local Area Network,Electronics,SUP_00865,3013.68,5271.86,Active,2024-12-19
PROD_003926,Cloned 24hour synergy,Industrial Equipment,SUP_00005,3591.48,8037.75,Active,2021-03-06
PROD_003927,Synergistic incremental model,Consumer Products,SUP_00970,3493.15,7337.48,Active,2026-06-21
PROD_003928,Networked asynchronous toolset,Consumer Products,SUP_00372,401.02,731.81,Inactive,2023-04-17
PROD_003929,Fundamental transitional monitoring,Consumer Products,SUP_00120,685.0,851.05,Active,2021-08-31
PROD_003930,Vision-oriented real-time project,Healthcare Equipment,SUP_00652,1763.21,3979.52,Active,2026-06-08
PROD_003931,Universal 4thgeneration intranet,Healthcare Equipment,SUP_00069,420.24,1044.09,Active,2023-08-23
PROD_003932,Up-sized analyzing frame,Software,SUP_00116,660.11,892.55,Inactive,2025-06-17
PROD_003933,Up-sized zero administration analyzer,Consumer Products,,3501.92,5088.46,Active,2022-12-30
PROD_003934,Universal multimedia product,Consumer Products,SUP_00712,887.97,1895.59,Active,2024-07-27
PROD_003935,Optimized zero tolerance capability,Healthcare Equipment,SUP_00519,2858.82,4387.45,Active,2021-07-27
PROD_003936,Fundamental well-modulated paradigm,Software,SUP_00755,937.09,1181.64,Active,2025-02-20
PROD_003937,Customizable uniform concept,Electronics,SUP_00751,2736.16,4522.25,Inactive,2023-01-06
PROD_003938,Switchable global circuit,Electronics,SUP_00948,2187.25,3644.06,Active,2026-01-06
PROD_003939,Polarized demand-driven firmware,Software,SUP_00014,2576.36,6395.26,Active,2021-07-14
PROD_003940,Stand-alone system-worthy archive,Consumer Products,SUP_00328,870.03,1464.62,Active,2023-07-09
PROD_003941,Triple-buffered mobile system engine,Industrial Equipment,SUP_00426,2191.67,3520.82,Active,2022-05-06
PROD_003942,Fundamental global frame,,SUP_00762,4437.86,6913.15,Active,2024-10-14
PROD_003943,Managed zero tolerance knowledge user,Healthcare Equipment,SUP_00629,2164.55,3187.7,Active,2024-11-04
PROD_003944,Re-contextualized even-keeled policy,Healthcare Equipment,SUP_00395,1786.23,2572.37,Active,2021-03-13
PROD_003945,Devolved client-server model,Industrial Equipment,SUP_00118,2229.55,4445.79,Active,2022-08-02
PROD_003946,Face-to-face holistic open system,Electronics,SUP_00935,2757.33,4960.59,Discontinued,2022-12-29
PROD_003947,Implemented fault-tolerant structure,Automotive Parts,SUP_00193,602.17,836.96,Inactive,2021-11-14
PROD_003948,Sharable fault-tolerant leverage,Electronics,SUP_00388,2748.69,5218.43,Active,2024-12-01
PROD_003949,Synergistic explicit collaboration,Healthcare Equipment,SUP_00272,3416.99,4429.96,Discontinued,2025-01-31
PROD_003950,Team-oriented clear-thinking circuit,Healthcare Equipment,SUP_00485,3189.77,7148.06,Inactive,2024-05-03
PROD_003951,Networked eco-centric productivity,Electronics,SUP_00670,3186.86,5311.11,Active,2022-04-03
PROD_003952,Extended optimal framework,Healthcare Equipment,SUP_00342,2149.55,3174.76,Active,2021-10-25
PROD_003953,Advanced empowering hierarchy,,SUP_00798,1872.43,3484.74,Inactive,2024-12-17
PROD_003954,User-friendly multi-state initiative,,SUP_00306,502.51,686.28,Active,2023-08-15
PROD_003955,Down-sized grid-enabled project,Industrial Equipment,SUP_00933,4591.43,9778.21,Active,2021-11-09
PROD_003956,Profit-focused foreground model,Industrial Equipment,SUP_00523,4087.16,8162.27,Active,2023-01-21
PROD_003957,Pre-emptive secondary concept,Electronics,SUP_00956,3746.9,6887.27,Discontinued,2025-10-13
PROD_003958,Polarized context-sensitive matrices,Automotive Parts,SUP_00242,2643.36,5209.49,Discontinued,2025-12-05
PROD_003959,Advanced static architecture,Software,SUP_00061,1656.86,2314.21,Inactive,2022-11-18
PROD_003960,Integrated demand-driven definition,Automotive Parts,SUP_00041,572.93,1418.22,Active,2021-10-29
PROD_003961,Robust zero-defect superstructure,Industrial Equipment,SUP_00455,288.35,528.17,Active,2025-05-03
PROD_003962,Streamlined dedicated help-desk,Software,SUP_00981,4098.48,6784.44,Inactive,2023-09-28
PROD_003963,Re-contextualized scalable access,Healthcare Equipment,SUP_00027,1390.89,1680.91,Active,2025-08-12
PROD_003964,Progressive discrete support,Electronics,SUP_00444,4036.09,8200.23,Active,2022-02-11
PROD_003965,Synchronized 5thgeneration initiative,Electronics,SUP_00420,1943.1,4824.85,Active,2024-06-10
PROD_003966,Managed motivating architecture,Consumer Products,SUP_00122,335.94,406.61,Active,2022-06-29
PROD_003967,Public-key user-facing monitoring,Automotive Parts,SUP_00707,2104.48,3030.54,Active,2025-10-17
PROD_003968,Centralized local open system,Consumer Products,SUP_00348,1045.86,1941.48,Active,2023-11-16
PROD_003969,Fully-configurable eco-centric website,Industrial Equipment,SUP_00465,1199.04,1455.97,Active,2025-01-23
PROD_003970,Team-oriented solution-oriented encryption,Healthcare Equipment,SUP_00080,950.61,1508.92,Active,2022-04-04
PROD_003971,Universal logistical conglomeration,Healthcare Equipment,SUP_00409,2926.68,6584.85,Active,2021-03-22
PROD_003972,Robust encompassing neural-net,Healthcare Equipment,SUP_00243,2442.43,4701.25,Active,2022-07-11
PROD_003973,User-friendly content-based superstructure,Industrial Equipment,SUP_00550,2854.95,4329.98,Active,2025-07-25
PROD_003974,Cloned clear-thinking model,Industrial Equipment,SUP_00542,2471.44,3162.37,Active,2022-08-31
PROD_003975,Expanded discrete encryption,,SUP_00054,4143.12,5190.24,Active,2024-03-20
PROD_003976,Reduced mission-critical Local Area Network,Electronics,SUP_00089,4520.88,6219.45,Active,2021-07-17
PROD_003977,Business-focused foreground utilization,Industrial Equipment,SUP_00337,3001.16,6939.9,Active,2024-06-25
PROD_003978,Exclusive mission-critical budgetary management,Consumer Products,,1662.05,1979.75,Active,2023-06-06
PROD_003979,Phased dedicated attitude,Consumer Products,SUP_00296,4708.05,10952.49,Active,2023-12-24
PROD_003980,Extended radical matrix,Software,SUP_00953,79.37,114.37,Active,2022-08-25
PROD_003981,Advanced optimal Internet solution,Electronics,SUP_00963,770.95,1791.08,Active,2025-09-24
PROD_003982,Customizable uniform intranet,Electronics,,830.72,1659.19,Discontinued,2025-04-09
PROD_003983,Ergonomic optimizing workforce,Automotive Parts,SUP_00716,2957.55,4641.96,Discontinued,2024-06-27
PROD_003984,Versatile logistical ability,Healthcare Equipment,SUP_00379,4074.68,7421.2,Discontinued,2022-05-21
PROD_003985,Open-source radical flexibility,Software,SUP_00104,2005.69,4825.99,Active,2023-09-16
PROD_003986,Enhanced full-range middleware,Healthcare Equipment,SUP_00583,4430.72,6703.6,Active,2023-08-28
PROD_003987,Horizontal secondary framework,,SUP_00107,2907.15,5480.93,Active,2022-06-14
PROD_003988,Public-key dynamic Graphical User Interface,Software,SUP_00754,1616.86,3566.45,Active,2022-07-07
PROD_003989,Realigned motivating function,Electronics,SUP_00406,793.16,974.45,Inactive,2024-06-09
PROD_003990,Customizable web-enabled contingency,Industrial Equipment,SUP_00893,4265.18,5224.8,Active,2023-09-06
PROD_003991,Intuitive multimedia leverage,Consumer Products,SUP_00321,3710.09,4648.52,Discontinued,2023-09-22
PROD_003992,Enhanced asymmetric task-force,Healthcare Equipment,SUP_00394,3049.45,5488.03,Active,2023-05-17
PROD_003993,Innovative bandwidth-monitored intranet,,SUP_00546,4584.95,11187.9,Discontinued,2022-11-18
PROD_003994,Synergized national contingency,Healthcare Equipment,SUP_00838,2070.76,4316.09,Inactive,2022-01-24
PROD_003995,Customer-focused well-modulated emulation,Healthcare Equipment,SUP_00242,1201.49,2397.89,Discontinued,2022-03-04
PROD_003996,Profit-focused fault-tolerant functionalities,Consumer Products,SUP_00005,4024.95,7218.42,Inactive,2025-03-18
PROD_003997,Phased bi-directional software,Healthcare Equipment,SUP_00662,1917.77,4009.29,Discontinued,2022-08-25
PROD_003998,Seamless demand-driven orchestration,Consumer Products,SUP_00027,2330.7,3402.1,Active,2024-09-09
PROD_003999,Inverse cohesive core,Consumer Products,SUP_00781,1043.29,2317.13,Active,2025-03-18
PROD_004000,Down-sized cohesive pricing structure,Electronics,SUP_00909,3960.17,9414.31,Active,2024-08-22
PROD_004001,Inverse multi-state leverage,Electronics,SUP_00946,-100.0,5486.52,Inactive,2024-08-03
PROD_004002,Operative zero-defect success,Consumer Products,,4050.19,8003.99,Active,2022-06-25
PROD_004003,Fundamental methodical framework,Software,SUP_00791,3425.43,6870.39,Active,2023-01-14
PROD_004004,Integrated full-range superstructure,Consumer Products,,2554.04,3151.78,Discontinued,2022-12-11
PROD_004005,User-friendly foreground knowledge user,Automotive Parts,SUP_00709,2665.31,5956.48,Active,2022-09-10
PROD_004006,Re-contextualized hybrid task-force,Healthcare Equipment,SUP_00077,1241.39,2700.75,Active,2023-04-17
PROD_004007,Virtual impactful approach,Software,SUP_00571,4478.06,9071.61,Active,2026-04-28
PROD_004008,Multi-channeled secondary workforce,Software,,1952.92,3954.58,Discontinued,2021-10-08
PROD_004009,Persevering zero administration focus group,Healthcare Equipment,SUP_00622,1606.33,2689.62,Active,2021-02-09
PROD_004010,Triple-buffered dedicated database,Software,SUP_00619,1848.45,2852.65,Active,2024-08-21
PROD_004011,Function-based explicit hub,Consumer Products,SUP_00649,2766.07,6383.23,Active,2021-02-17
PROD_004012,Optimized homogeneous Graphic Interface,Healthcare Equipment,SUP_00436,422.48,741.94,Active,2024-01-25
PROD_004013,User-centric dedicated website,,SUP_00157,1441.22,2216.32,Active,2022-03-08
PROD_004014,Profit-focused leadingedge focus group,Software,SUP_00937,2558.05,4960.8,Active,2021-08-03
PROD_004015,Fully-configurable cohesive Graphic Interface,Healthcare Equipment,SUP_00612,2469.94,4630.71,Inactive,2024-12-21
PROD_004016,Up-sized optimizing leverage,Industrial Equipment,SUP_00259,3630.29,4521.17,Active,2026-03-25
PROD_004017,Balanced zero-defect protocol,Consumer Products,SUP_00570,4534.01,7496.8,Active,2023-02-22
PROD_004018,Triple-buffered mobile encryption,Industrial Equipment,SUP_00339,1693.77,2090.16,Active,2022-07-16
PROD_004019,Robust optimizing implementation,Automotive Parts,SUP_00305,1071.89,1995.91,Active,2021-04-29
PROD_004020,Centralized scalable Graphical User Interface,Automotive Parts,SUP_00610,2579.43,3241.96,Active,2022-07-08
PROD_004021,Multi-layered leadingedge forecast,Software,SUP_00052,385.4,915.54,Active,2021-08-11
PROD_004022,Devolved value-added archive,Automotive Parts,SUP_00875,4200.59,8926.79,Active,2022-10-14
PROD_004023,Vision-oriented upward-trending installation,,SUP_00357,1051.29,1648.81,Active,2025-07-12
PROD_004024,Distributed optimizing framework,Consumer Products,SUP_00364,4520.43,5630.58,Active,2024-02-26
PROD_004025,Realigned background intranet,Automotive Parts,SUP_00983,3856.39,5170.55,Inactive,2022-05-07
PROD_004026,Re-engineered needs-based task-force,Industrial Equipment,SUP_00158,4744.94,7316.64,Active,2024-08-18
PROD_004027,Realigned multi-tasking frame,Industrial Equipment,SUP_00345,3545.83,8835.43,Active,2024-10-15
PROD_004028,Devolved zero administration throughput,Industrial Equipment,SUP_00145,4143.7,6357.47,Active,2021-05-17
PROD_004029,Total transitional support,Automotive Parts,SUP_00933,1379.34,2389.57,Active,2022-09-22
PROD_004030,Multi-lateral zero administration knowledge user,Industrial Equipment,SUP_00568,4075.1,6320.76,Active,2025-02-08
PROD_004031,Extended contextually-based Graphic Interface,Electronics,SUP_00487,3368.08,7970.65,Active,2023-07-29
PROD_004032,Persevering high-level groupware,Electronics,SUP_00450,2628.96,5228.36,Active,2022-02-04
PROD_004033,Triple-buffered empowering extranet,Software,SUP_00143,1175.15,1754.74,Active,2024-04-25
PROD_004034,Ameliorated client-driven capability,Electronics,SUP_00340,2890.16,6275.76,Active,2024-07-12
PROD_004035,Optimized hybrid workforce,Healthcare Equipment,SUP_00322,3289.03,7653.5,Discontinued,2023-09-03
PROD_004036,Business-focused multi-tasking approach,Software,SUP_00453,3992.94,9182.03,Active,2026-01-06
PROD_004037,Profound holistic adapter,Industrial Equipment,SUP_00212,3114.49,6039.01,Active,2024-02-09
PROD_004038,Automated motivating website,Automotive Parts,SUP_00565,4319.82,6633.01,Active,2022-10-19
PROD_004039,Public-key mobile forecast,Consumer Products,SUP_00786,4891.86,7363.49,Active,2024-02-28
PROD_004040,Sharable asymmetric support,Electronics,SUP_00127,446.32,1007.76,Active,2021-06-01
PROD_004041,Cross-group next generation time-frame,Healthcare Equipment,SUP_00152,4519.42,5436.48,Active,2021-08-14
PROD_004042,Diverse multimedia array,Software,SUP_00075,402.44,944.82,Inactive,2024-02-26
PROD_004043,Persistent reciprocal projection,Electronics,SUP_00246,3121.32,6938.12,Inactive,2026-06-15
PROD_004044,Versatile asynchronous throughput,Software,SUP_00240,4492.62,8246.64,Active,2024-10-04
PROD_004045,Grass-roots maximized knowledge user,Software,SUP_00003,1217.96,1677.74,Active,2025-11-20
PROD_004046,User-centric coherent projection,Electronics,SUP_00401,1456.61,3136.13,Active,2022-10-25
PROD_004047,Enterprise-wide secondary orchestration,Healthcare Equipment,SUP_00585,1273.53,1909.82,Inactive,2022-11-13
PROD_004048,Progressive zero-defect solution,Electronics,SUP_00677,3659.8,4385.21,Active,2025-01-23
PROD_004049,Optional 3rdgeneration initiative,Healthcare Equipment,SUP_00490,972.76,1276.51,Inactive,2024-02-27
PROD_004050,Adaptive regional info-mediaries,Automotive Parts,SUP_00233,4816.04,9614.54,Inactive,2021-02-07
PROD_004051,Face-to-face fresh-thinking interface,Healthcare Equipment,SUP_00597,3587.19,6663.99,Active,2021-10-29
PROD_004052,Face-to-face optimal service-desk,Software,SUP_00236,2428.86,4828.47,Active,2025-03-21
PROD_004053,Public-key logistical projection,Consumer Products,SUP_00030,3505.88,6796.14,Active,2024-08-27
PROD_004054,Visionary object-oriented help-desk,Software,SUP_00055,1582.87,3317.45,Active,2025-11-27
PROD_004055,Universal object-oriented collaboration,Healthcare Equipment,SUP_00032,2969.2,7304.42,Active,2022-01-14
PROD_004056,Digitized demand-driven function,Automotive Parts,,2555.11,4756.59,Active,2021-12-31
PROD_004057,Assimilated national portal,Industrial Equipment,SUP_00589,2498.88,4043.11,Active,2026-03-10
PROD_004058,Balanced zero-defect capacity,Software,SUP_00468,1806.84,4405.23,Inactive,2023-12-20
PROD_004059,Cloned fresh-thinking functionalities,Automotive Parts,SUP_00565,87.33,135.4,Active,2026-02-06
PROD_004060,Switchable demand-driven customer loyalty,Software,SUP_00241,1267.87,2959.62,Active,2022-08-31
PROD_004061,Optimized encompassing emulation,Consumer Products,SUP_00241,1918.61,3027.68,Active,2026-02-22
PROD_004062,Extended zero administration help-desk,Healthcare Equipment,SUP_00754,726.94,1633.78,Active,2021-02-24
PROD_004063,Organic bottom-line implementation,Industrial Equipment,SUP_00062,79.19,94.81,Active,2021-02-21
PROD_004064,User-friendly user-facing database,Software,SUP_00949,4114.01,6399.56,Inactive,2023-02-03
PROD_004065,Organized leadingedge initiative,Automotive Parts,SUP_00515,528.66,1305.89,Active,2022-02-03
PROD_004066,Visionary homogeneous parallelism,Automotive Parts,SUP_00586,3370.45,5525.03,Active,2025-06-22
PROD_004067,Cross-group context-sensitive middleware,Healthcare Equipment,SUP_00923,1463.02,2270.4,Active,2026-01-07
PROD_004068,Up-sized multi-state capability,Healthcare Equipment,SUP_00070,3957.15,6244.66,Inactive,2021-11-23
PROD_004069,Expanded bottom-line matrix,Healthcare Equipment,SUP_00005,3323.94,5280.35,Active,2025-01-25
PROD_004070,Multi-channeled value-added functionalities,Healthcare Equipment,SUP_00862,1727.47,3964.52,Active,2023-04-13
PROD_004071,Expanded background website,Automotive Parts,SUP_00310,570.83,765.13,Discontinued,2023-10-14
PROD_004072,Polarized eco-centric migration,,SUP_00361,2573.36,4776.83,Active,2021-08-13
PROD_004073,Persevering 3rdgeneration ability,Consumer Products,SUP_00758,469.66,903.62,Active,2023-02-02
PROD_004074,Operative impactful attitude,Automotive Parts,SUP_00686,2654.6,3543.98,Active,2022-12-13
PROD_004075,Integrated asymmetric Internet solution,Automotive Parts,SUP_00302,2794.09,5065.01,Active,2026-03-13
PROD_004076,Streamlined exuding emulation,Consumer Products,SUP_00737,161.11,400.62,Active,2026-06-29
PROD_004077,Configurable solution-oriented project,Consumer Products,SUP_00120,2970.39,5168.65,Active,2025-06-14
PROD_004078,Phased 3rdgeneration focus group,Software,SUP_00059,102.31,197.47,Discontinued,2025-01-03
PROD_004079,Inverse 6thgeneration circuit,Automotive Parts,SUP_00310,4258.09,6931.72,Active,2025-08-27
PROD_004080,Enhanced non-volatile access,Industrial Equipment,SUP_00574,1641.84,3152.06,Active,2021-09-14
PROD_004081,Distributed client-driven solution,Consumer Products,SUP_00844,1901.15,4083.75,Discontinued,2023-08-01
PROD_004082,Automated analyzing policy,Automotive Parts,SUP_00969,4727.3,9387.51,Active,2025-05-29
PROD_004083,User-centric stable frame,Healthcare Equipment,SUP_00861,3355.36,3936.85,Active,2023-01-16
PROD_004084,Operative cohesive instruction set,Consumer Products,SUP_00077,270.37,659.93,Active,2021-12-12
PROD_004085,Programmable coherent support,Electronics,SUP_00785,2682.52,5986.42,Active,2025-06-12
PROD_004086,Synchronized contextually-based hierarchy,Industrial Equipment,SUP_00285,2524.58,5054.76,Active,2025-10-30
PROD_004087,Customizable zero tolerance complexity,Industrial Equipment,SUP_00632,727.66,1117.6,Active,2021-03-02
PROD_004088,Expanded fault-tolerant initiative,Healthcare Equipment,SUP_00862,3646.3,8685.54,Active,2024-06-08
PROD_004089,Fundamental regional Graphic Interface,Automotive Parts,SUP_00730,3742.48,7490.3,Active,2021-02-27
PROD_004090,Assimilated full-range algorithm,Electronics,SUP_00073,3618.08,5386.65,Active,2025-11-18
PROD_004091,Automated user-facing circuit,Software,SUP_00255,58.73,77.05,Inactive,2026-01-07
PROD_004092,Balanced needs-based implementation,,SUP_00134,4971.78,6844.02,Inactive,2025-03-10
PROD_004093,Up-sized multi-tasking concept,Electronics,SUP_00252,1644.55,2625.52,Active,2021-11-14
PROD_004094,Advanced grid-enabled definition,Consumer Products,SUP_00344,352.84,584.11,Active,2021-07-04
PROD_004095,Cloned bifurcated leverage,Consumer Products,SUP_00993,3501.51,4267.02,Active,2023-07-21
PROD_004096,Operative national intranet,Consumer Products,SUP_00549,4158.58,9870.39,Active,2021-09-27
PROD_004097,Robust scalable ability,Healthcare Equipment,SUP_00838,4662.82,6276.32,Active,2022-09-17
PROD_004098,Phased eco-centric capacity,Electronics,SUP_00689,198.79,238.34,Discontinued,2022-10-10
PROD_004099,Quality-focused high-level pricing structure,Electronics,SUP_00287,1567.91,2604.63,Active,2024-09-02
PROD_004100,Cross-platform mission-critical methodology,Electronics,SUP_00072,1177.41,1515.89,Active,2025-02-10
PROD_004101,Re-engineered dedicated capacity,Automotive Parts,SUP_00199,394.76,681.51,Active,2022-03-16
PROD_004102,De-engineered client-server definition,Software,SUP_00670,3155.1,4278.76,Active,2024-08-15
PROD_004103,User-friendly bandwidth-monitored structure,Automotive Parts,SUP_00352,1815.0,3984.4,Active,2023-03-22
PROD_004104,Seamless bi-directional encryption,Software,SUP_00353,4816.75,8080.02,Active,2022-03-30
PROD_004105,Enterprise-wide upward-trending protocol,Consumer Products,SUP_00258,2156.39,3389.79,Inactive,2022-08-28
PROD_004106,Triple-buffered maximized secured line,Automotive Parts,SUP_00770,1025.32,2120.7,Active,2024-03-31
PROD_004107,Programmable object-oriented flexibility,Automotive Parts,SUP_00220,1103.98,1879.42,Discontinued,2025-03-05
PROD_004108,De-engineered fresh-thinking interface,Industrial Equipment,SUP_00115,1026.17,1441.08,Active,2023-01-22
PROD_004109,Digitized optimal support,,SUP_00804,2313.44,3124.63,Active,2026-02-18
PROD_004110,Automated value-added website,Automotive Parts,SUP_00590,2688.56,3447.32,Inactive,2023-02-12
PROD_004111,Business-focused dedicated contingency,Software,SUP_00973,3633.64,6231.68,Active,2021-01-29
PROD_004112,Sharable 5thgeneration utilization,Electronics,SUP_00598,2643.09,4875.39,Active,2022-04-23
PROD_004113,Object-based fresh-thinking access,Healthcare Equipment,SUP_00992,4170.9,9024.02,Active,2024-02-22
PROD_004114,Polarized grid-enabled core,Healthcare Equipment,SUP_00519,3770.19,5549.24,Active,2024-06-15
PROD_004115,Re-engineered impactful knowledge user,Healthcare Equipment,SUP_00318,3089.34,5032.16,Active,2026-06-15
PROD_004116,Persevering regional firmware,Industrial Equipment,SUP_00678,4619.97,9032.56,Discontinued,2024-01-01
PROD_004117,Decentralized value-added focus group,Electronics,SUP_00618,2863.11,6377.49,Active,2024-08-07
PROD_004118,Profound global Graphical User Interface,,SUP_00363,2935.29,5799.68,Active,2026-06-23
PROD_004119,Enterprise-wide eco-centric Graphical User Interface,Industrial Equipment,SUP_00784,3334.05,4805.52,Active,2025-06-07
PROD_004120,Pre-emptive zero administration neural-net,Electronics,,4769.46,5993.2,Active,2023-07-05
PROD_004121,Cross-platform static Graphical User Interface,Industrial Equipment,SUP_00542,2031.37,4365.81,Active,2025-03-12
PROD_004122,Fundamental asymmetric toolset,Consumer Products,SUP_00899,4432.93,6491.74,Active,2023-01-04
PROD_004123,Stand-alone 4thgeneration moratorium,Automotive Parts,SUP_00526,1709.01,3134.82,Active,2021-09-11
PROD_004124,Focused logistical budgetary management,Consumer Products,SUP_00387,1129.56,2262.09,Active,2021-08-30
PROD_004125,Universal explicit capacity,Industrial Equipment,,1975.85,4277.1,Active,2025-10-18
PROD_004126,Integrated local Internet solution,Consumer Products,SUP_00559,3208.79,3970.86,Active,2024-01-15
PROD_004127,Configurable motivating contingency,Electronics,SUP_00912,2487.49,5736.34,Active,2023-03-09
PROD_004128,Profound content-based circuit,Software,SUP_00642,1276.29,2171.88,Active,2025-08-13
PROD_004129,Face-to-face zero-defect adapter,Consumer Products,SUP_00953,1146.97,1906.88,Active,2022-02-03
PROD_004130,User-friendly heuristic moderator,Healthcare Equipment,SUP_00030,3977.93,6315.4,Active,2024-04-20
PROD_004131,Distributed non-volatile moderator,Electronics,SUP_00852,1199.28,2542.76,Active,2023-11-20
PROD_004132,Public-key high-level moratorium,Software,SUP_00910,4058.43,6001.28,Inactive,2022-04-08
PROD_004133,Progressive composite hub,Consumer Products,SUP_00948,3065.42,7146.5,Inactive,2021-11-15
PROD_004134,Synergized composite productivity,Industrial Equipment,SUP_00958,3778.28,6555.25,Active,2024-06-26
PROD_004135,Secured directional system engine,,SUP_00428,3004.04,4652.51,Active,2024-12-07
PROD_004136,Quality-focused reciprocal interface,,SUP_00128,1795.01,4220.3,Active,2025-09-18
PROD_004137,Grass-roots actuating initiative,Consumer Products,SUP_00007,4700.85,9538.29,Active,2022-08-18
PROD_004138,Programmable intangible leverage,Industrial Equipment,,2740.05,5314.35,Active,2023-07-28
PROD_004139,Devolved uniform framework,Automotive Parts,SUP_00579,767.96,898.31,Active,2021-01-01
PROD_004140,Function-based tertiary open architecture,,SUP_00447,3863.54,8959.76,Discontinued,2024-09-02
PROD_004141,Expanded upward-trending pricing structure,Industrial Equipment,SUP_00056,2435.97,3959.86,Active,2024-04-06
PROD_004142,Cloned analyzing system engine,Healthcare Equipment,SUP_00500,1774.69,3760.93,Active,2023-04-04
PROD_004143,Digitized mission-critical complexity,,SUP_00542,86.19,129.78,Active,2025-03-14
PROD_004144,Fully-configurable hybrid toolset,Automotive Parts,SUP_00633,3108.62,6489.0,Active,2021-11-16
PROD_004145,Operative hybrid parallelism,Software,SUP_00780,3002.06,4936.19,Active,2022-01-23
PROD_004146,Monitored asynchronous definition,Electronics,SUP_00193,2491.8,5024.63,Active,2026-04-17
PROD_004147,Grass-roots client-driven initiative,Software,SUP_00805,2278.88,4039.04,Active,2021-09-05
PROD_004148,User-centric optimal service-desk,Automotive Parts,SUP_00954,4102.21,8204.09,Active,2021-11-01
PROD_004149,Organic client-server service-desk,Consumer Products,SUP_00006,3732.76,6742.57,Active,2022-07-07
PROD_004150,Inverse 24/7 productivity,Industrial Equipment,SUP_00923,422.28,511.21,Active,2021-08-24
PROD_004151,Integrated multi-tasking benchmark,Healthcare Equipment,SUP_00290,3676.58,5462.03,Active,2025-03-28
PROD_004152,Right-sized methodical emulation,Electronics,SUP_00506,617.55,1406.81,Active,2024-08-17
PROD_004153,Innovative bottom-line moratorium,Industrial Equipment,SUP_00309,633.15,806.33,Active,2025-01-30
PROD_004154,Persevering coherent archive,Healthcare Equipment,SUP_00988,1375.17,1679.76,Active,2025-11-01
PROD_004155,Versatile uniform Graphical User Interface,Software,SUP_00327,3795.82,5483.2,Inactive,2025-10-22
PROD_004156,Balanced homogeneous extranet,Industrial Equipment,SUP_00979,1698.72,3290.78,Active,2021-08-15
PROD_004157,Persistent interactive paradigm,Healthcare Equipment,,786.01,1419.95,Active,2021-12-04
PROD_004158,Triple-buffered system-worthy utilization,Industrial Equipment,SUP_00083,597.57,864.64,Active,2023-09-05
PROD_004159,Implemented directional model,Automotive Parts,SUP_00471,2273.46,4723.53,Active,2021-07-26
PROD_004160,Upgradable real-time policy,Software,SUP_00063,370.29,497.97,Inactive,2025-10-02
PROD_004161,Front-line static methodology,Healthcare Equipment,SUP_00538,3090.95,5758.79,Active,2025-08-06
PROD_004162,Optional intangible approach,Electronics,SUP_00987,2799.55,3752.91,Active,2024-07-03
PROD_004163,Visionary even-keeled success,Consumer Products,SUP_00439,4926.37,8002.71,Active,2025-01-09
PROD_004164,Function-based scalable migration,Software,SUP_00586,374.13,870.44,Active,2022-10-22
PROD_004165,Synchronized eco-centric help-desk,Automotive Parts,SUP_00439,2547.66,3396.68,Active,2021-06-16
PROD_004166,Cross-platform transitional workforce,Consumer Products,SUP_00098,3797.31,7170.19,Active,2023-09-02
PROD_004167,Reduced modular definition,Software,SUP_00430,4931.06,7363.9,Inactive,2024-03-31
PROD_004168,Synchronized encompassing benchmark,Electronics,SUP_00544,2222.3,5357.97,Active,2026-06-24
PROD_004169,Triple-buffered mobile open architecture,Software,SUP_00652,777.02,1134.56,Active,2024-05-01
PROD_004170,Re-contextualized homogeneous portal,Healthcare Equipment,SUP_00919,1639.84,2822.63,Discontinued,2023-11-08
PROD_004171,Synchronized homogeneous analyzer,Consumer Products,SUP_00084,2727.02,3500.06,Active,2024-04-21
PROD_004172,Reverse-engineered secondary attitude,Software,SUP_00897,4735.83,7947.47,Active,2024-02-29
PROD_004173,Decentralized well-modulated encoding,Automotive Parts,SUP_00458,771.42,1126.65,Active,2022-12-25
PROD_004174,Synergistic tertiary portal,Healthcare Equipment,SUP_00432,2350.38,4636.77,Active,2023-04-27
PROD_004175,Object-based transitional synergy,Automotive Parts,SUP_00751,4928.32,8110.07,Inactive,2021-03-21
PROD_004176,Stand-alone zero tolerance intranet,Software,SUP_00512,2401.33,4020.85,Active,2025-09-06
PROD_004177,Re-engineered multi-state alliance,Healthcare Equipment,SUP_00259,1590.74,3096.73,Active,2026-03-02
PROD_004178,Self-enabling value-added time-frame,Automotive Parts,SUP_00815,3100.65,7223.47,Active,2023-05-17
PROD_004179,Assimilated didactic open system,Software,SUP_00289,4981.54,8120.43,Active,2021-12-29
PROD_004180,Self-enabling full-range attitude,Industrial Equipment,SUP_00265,488.75,817.07,Active,2022-08-10
PROD_004181,Open-source 4thgeneration superstructure,Healthcare Equipment,SUP_00510,97.24,161.75,Inactive,2023-07-05
PROD_004182,Function-based heuristic software,Industrial Equipment,SUP_00722,3192.82,5909.87,Inactive,2022-11-22
PROD_004183,Fully-configurable even-keeled knowledge user,Industrial Equipment,SUP_00882,4256.22,9561.08,Active,2025-04-22
PROD_004184,Inverse logistical standardization,Automotive Parts,SUP_00442,2552.43,5327.47,Active,2026-06-11
PROD_004185,Fundamental zero administration utilization,Industrial Equipment,SUP_00674,743.13,1256.7,Active,2021-11-19
PROD_004186,Realigned zero administration neural-net,Consumer Products,SUP_00756,3365.24,8146.07,Active,2024-07-24
PROD_004187,User-centric impactful system engine,Consumer Products,SUP_00483,4666.45,8380.43,Active,2022-12-01
PROD_004188,Enhanced modular array,Software,SUP_00082,2079.4,4745.09,Active,2022-11-01
PROD_004189,Seamless national support,Software,SUP_00463,3625.05,8592.7,Inactive,2025-06-04
PROD_004190,Focused foreground function,Software,SUP_00249,3233.65,5439.71,Active,2021-07-23
PROD_004191,Up-sized background productivity,Industrial Equipment,SUP_00702,4656.98,10984.93,Active,2023-03-26
PROD_004192,Secured modular productivity,Industrial Equipment,SUP_00275,4744.4,7769.84,Active,2022-01-09
PROD_004193,Multi-tiered dedicated firmware,Consumer Products,SUP_00240,2832.29,7055.81,Active,2025-09-14
PROD_004194,Pre-emptive grid-enabled Graphical User Interface,Software,SUP_00500,3973.33,7219.68,Inactive,2025-06-05
PROD_004195,Multi-lateral web-enabled complexity,Consumer Products,SUP_00997,2087.67,2704.71,Active,2026-04-09
PROD_004196,Inverse 3rdgeneration budgetary management,Consumer Products,SUP_00298,114.23,250.19,Active,2022-01-16
PROD_004197,Integrated motivating standardization,Automotive Parts,SUP_00179,2662.7,5594.82,Inactive,2024-07-12
PROD_004198,Implemented web-enabled open architecture,Automotive Parts,SUP_00280,2739.68,3707.85,Inactive,2023-12-16
PROD_004199,Object-based regional standardization,Healthcare Equipment,SUP_00969,4046.32,8370.09,Discontinued,2021-06-02
PROD_004200,Cross-group background structure,Healthcare Equipment,SUP_00393,2927.35,3796.74,Active,2024-04-14
PROD_004201,Switchable impactful firmware,Healthcare Equipment,SUP_00658,187.24,229.71,Active,2021-10-20
PROD_004202,Mandatory national help-desk,Automotive Parts,SUP_00079,2530.77,4170.74,Active,2023-03-07
PROD_004203,Networked bi-directional support,Consumer Products,,1639.05,2471.99,Active,2025-06-23
PROD_004204,Implemented reciprocal open system,Electronics,SUP_00985,3225.36,4890.13,Inactive,2026-05-02
PROD_004205,Inverse directional intranet,Consumer Products,SUP_00986,836.25,1845.01,Active,2025-07-16
PROD_004206,Fully-configurable neutral collaboration,Software,SUP_00580,625.42,1427.11,Inactive,2024-09-01
PROD_004207,Grass-roots 4thgeneration methodology,Electronics,SUP_00025,3544.14,4776.72,Inactive,2022-03-27
PROD_004208,Team-oriented directional encryption,Industrial Equipment,SUP_00332,3702.2,6531.61,Discontinued,2025-10-22
PROD_004209,Organic secondary workforce,Electronics,SUP_00909,3181.27,5239.62,Active,2022-03-10
PROD_004210,Advanced explicit encryption,Industrial Equipment,SUP_00045,139.43,274.9,Inactive,2026-04-19
PROD_004211,Seamless mission-critical intranet,Automotive Parts,SUP_00974,1144.27,2256.5,Inactive,2023-04-12
PROD_004212,Reactive non-volatile core,Consumer Products,,4664.7,11204.48,Active,2023-04-08
PROD_004213,Programmable optimal initiative,Electronics,SUP_00624,3517.96,8565.67,Active,2024-06-12
PROD_004214,Networked value-added firmware,Software,SUP_00293,886.56,1571.31,Active,2024-11-18
PROD_004215,Multi-lateral empowering Internet solution,Industrial Equipment,SUP_00165,2575.78,3414.94,Active,2023-01-13
PROD_004216,Front-line foreground moratorium,Software,SUP_00954,292.99,676.01,Active,2022-12-18
PROD_004217,Team-oriented client-driven Graphic Interface,Consumer Products,SUP_00475,787.46,1184.66,Active,2025-09-22
PROD_004218,Total dynamic utilization,Software,SUP_00044,277.51,647.75,Active,2023-12-16
PROD_004219,De-engineered bandwidth-monitored toolset,Automotive Parts,SUP_00519,4035.11,6176.59,Active,2026-05-31
PROD_004220,Triple-buffered methodical monitoring,Automotive Parts,SUP_00018,1224.54,2355.09,Discontinued,2022-09-21
PROD_004221,Robust discrete success,Automotive Parts,SUP_00678,2032.75,2455.89,Active,2022-11-30
PROD_004222,Total secondary neural-net,Electronics,SUP_00360,527.48,1216.77,Active,2025-07-06
PROD_004223,Face-to-face maximized flexibility,Industrial Equipment,SUP_00992,2713.21,6336.92,Active,2024-02-26
PROD_004224,Business-focused logistical process improvement,Industrial Equipment,SUP_00916,3419.46,6438.71,Inactive,2023-05-29
PROD_004225,Reverse-engineered intermediate architecture,Consumer Products,SUP_00321,4391.38,7309.16,Active,2026-03-28
PROD_004226,Down-sized 3rdgeneration open architecture,Electronics,SUP_00899,1113.33,2010.4,Discontinued,2023-06-19
PROD_004227,Streamlined analyzing hardware,,SUP_00075,1301.51,2113.59,Inactive,2023-08-15
PROD_004228,Triple-buffered client-server architecture,Healthcare Equipment,SUP_00308,826.01,1901.0,Active,2024-09-30
PROD_004229,Cloned uniform focus group,Healthcare Equipment,SUP_00397,1445.69,2224.41,Discontinued,2024-02-17
PROD_004230,Upgradable 4thgeneration structure,Automotive Parts,SUP_00724,2860.72,7146.87,Discontinued,2024-04-14
PROD_004231,Optional tertiary task-force,Industrial Equipment,SUP_00693,2349.64,3184.77,Active,2026-03-07
PROD_004232,Object-based didactic protocol,Healthcare Equipment,SUP_00266,2022.33,4899.25,Active,2023-06-26
PROD_004233,Public-key tangible service-desk,,SUP_00104,2932.86,5757.77,Active,2022-09-04
PROD_004234,Focused non-volatile website,Software,SUP_00207,4948.27,7315.67,Inactive,2025-10-24
PROD_004235,Open-source client-server throughput,Software,SUP_00462,2203.2,3410.99,Inactive,2023-12-19
PROD_004236,Synergized optimizing functionalities,Electronics,SUP_00968,3063.89,7247.78,Active,2025-09-27
PROD_004237,Seamless actuating structure,Software,SUP_00562,4200.96,9037.98,Discontinued,2025-02-22
PROD_004238,Reverse-engineered bottom-line time-frame,Healthcare Equipment,SUP_00806,764.04,1437.11,Active,2026-05-15
PROD_004239,Seamless asymmetric moderator,Industrial Equipment,SUP_00053,3014.88,4201.27,Active,2023-04-10
PROD_004240,Diverse upward-trending core,,SUP_00407,2570.09,5415.42,Active,2022-05-15
PROD_004241,Right-sized zero-defect task-force,Healthcare Equipment,SUP_00896,3165.34,7007.3,Active,2026-06-09
PROD_004242,Enterprise-wide 4thgeneration projection,Automotive Parts,SUP_00491,1805.4,2188.41,Discontinued,2026-02-07
PROD_004243,Upgradable bottom-line groupware,Healthcare Equipment,SUP_00401,676.77,1116.11,Active,2021-06-28
PROD_004244,Open-architected object-oriented standardization,Healthcare Equipment,SUP_00517,2894.78,4952.99,Active,2026-03-19
PROD_004245,Networked incremental implementation,,SUP_00827,3638.11,7189.65,Active,2024-10-29
PROD_004246,Devolved global contingency,Healthcare Equipment,SUP_00482,3713.26,8432.59,Inactive,2021-07-12
PROD_004247,Multi-channeled context-sensitive strategy,Healthcare Equipment,SUP_00248,1591.31,1873.55,Inactive,2023-05-14
PROD_004248,Function-based modular array,Automotive Parts,SUP_00795,1329.73,1713.59,Active,2022-01-06
PROD_004249,Open-architected dedicated emulation,,SUP_00303,1193.4,2267.85,Inactive,2022-12-06
PROD_004250,Stand-alone scalable artificial intelligence,Automotive Parts,SUP_00377,2922.6,4699.75,Active,2022-11-13
PROD_004251,Versatile bandwidth-monitored moderator,Electronics,SUP_00129,1784.59,4448.18,Active,2022-06-02
PROD_004252,Robust analyzing open architecture,Healthcare Equipment,SUP_00182,3639.42,8375.35,Active,2021-04-29
PROD_004253,Multi-layered bandwidth-monitored concept,Industrial Equipment,SUP_00605,2462.69,5665.77,Active,2021-01-04
PROD_004254,Progressive 24/7 ability,Healthcare Equipment,SUP_00214,681.63,944.98,Active,2022-10-18
PROD_004255,Integrated 4thgeneration website,Consumer Products,SUP_00693,4591.83,6862.03,Active,2025-12-21
PROD_004256,Re-contextualized holistic architecture,Electronics,SUP_00170,3174.13,4178.37,Active,2026-04-02
PROD_004257,Ergonomic scalable process improvement,Industrial Equipment,SUP_00296,2916.68,3905.44,Active,2023-09-27
PROD_004258,Public-key didactic hardware,Software,SUP_00062,4054.1,9632.14,Inactive,2021-07-14
PROD_004259,Synergized coherent policy,Automotive Parts,SUP_00773,2070.85,3307.3,Active,2023-01-21
PROD_004260,Enhanced leadingedge strategy,Industrial Equipment,SUP_00572,3274.29,7369.78,Active,2025-08-25
PROD_004261,Visionary context-sensitive middleware,Electronics,SUP_00269,3326.95,6303.45,Active,2021-10-26
PROD_004262,Organic 4thgeneration process improvement,Industrial Equipment,SUP_00097,908.14,2153.86,Discontinued,2021-03-19
PROD_004263,Public-key bottom-line workforce,Healthcare Equipment,SUP_00901,1912.1,4117.57,Active,2026-02-18
PROD_004264,Implemented bi-directional hardware,Consumer Products,SUP_00538,4603.39,7970.83,Active,2024-10-02
PROD_004265,Reverse-engineered multi-state concept,Industrial Equipment,SUP_00662,1133.59,1618.91,Active,2025-12-11
PROD_004266,Proactive content-based portal,,SUP_00722,2886.32,7203.43,Inactive,2021-11-08
PROD_004267,Seamless global knowledgebase,,SUP_00972,3069.89,6125.8,Inactive,2026-02-06
PROD_004268,Reactive human-resource toolset,Industrial Equipment,SUP_00756,2369.16,5311.97,Discontinued,2023-06-18
PROD_004269,Customizable static neural-net,Automotive Parts,SUP_00462,3517.36,5976.35,Active,2021-05-12
PROD_004270,Fully-configurable high-level circuit,Software,SUP_00499,4991.56,6971.21,Active,2022-04-26
PROD_004271,Pre-emptive content-based utilization,Software,SUP_00992,2900.89,5841.2,Active,2023-03-22
PROD_004272,Multi-channeled analyzing matrices,Healthcare Equipment,SUP_00253,2008.11,3601.42,Active,2025-06-15
PROD_004273,Switchable tertiary system engine,Healthcare Equipment,SUP_00838,323.0,455.4,Active,2025-08-11
PROD_004274,Cross-platform multi-state array,Healthcare Equipment,SUP_00741,821.89,1812.23,Inactive,2024-08-24
PROD_004275,Inverse multi-tasking open system,Automotive Parts,SUP_00863,4611.63,6044.67,Active,2024-02-28
PROD_004276,Public-key multi-state infrastructure,Healthcare Equipment,SUP_00198,-100.0,10061.67,Active,2025-02-27
PROD_004277,Stand-alone dedicated forecast,Industrial Equipment,SUP_00220,3101.08,4641.4,Active,2022-10-05
PROD_004278,Organized well-modulated customer loyalty,,SUP_00161,2884.46,6914.56,Active,2022-08-11
PROD_004279,Self-enabling interactive initiative,,SUP_00180,4474.76,8697.96,Active,2023-05-23
PROD_004280,Configurable mobile algorithm,Consumer Products,,4416.43,5604.64,Active,2023-09-13
PROD_004281,Inverse next generation matrices,Consumer Products,SUP_00182,4553.06,11112.25,Active,2024-05-07
PROD_004282,Integrated modular toolset,Consumer Products,SUP_00757,4677.57,7246.92,Active,2025-03-27
PROD_004283,Visionary systemic standardization,Consumer Products,SUP_00518,1414.2,2950.39,Active,2021-04-21
PROD_004284,Balanced content-based array,Electronics,SUP_00628,4590.61,5989.97,Active,2022-09-09
PROD_004285,Reverse-engineered value-added orchestration,Electronics,SUP_00721,3885.54,5851.78,Active,2023-12-25
PROD_004286,Stand-alone foreground support,,SUP_00503,3256.65,4014.26,Active,2021-04-07
PROD_004287,Assimilated actuating framework,Software,SUP_00650,4107.71,6834.8,Active,2023-02-12
PROD_004288,Multi-channeled national application,Automotive Parts,SUP_00840,338.41,697.57,Inactive,2025-07-11
PROD_004289,Synergized intermediate support,Healthcare Equipment,SUP_00376,3698.24,4775.3,Active,2023-10-17
PROD_004290,Enhanced multimedia hub,Software,SUP_00325,535.18,1162.5,Inactive,2024-09-28
PROD_004291,Balanced didactic attitude,Automotive Parts,,2890.86,4995.35,Active,2023-07-07
PROD_004292,Enterprise-wide directional structure,Healthcare Equipment,,2680.76,3327.79,Active,2022-10-05
PROD_004293,Universal demand-driven methodology,Industrial Equipment,SUP_00969,3788.42,6009.89,Discontinued,2022-02-19
PROD_004294,Sharable reciprocal access,Software,SUP_00451,4808.11,7124.19,Active,2021-04-01
PROD_004295,Multi-tiered demand-driven solution,Healthcare Equipment,SUP_00929,1826.9,3430.5,Inactive,2021-08-22
PROD_004296,Implemented 24hour encoding,Industrial Equipment,SUP_00745,2036.09,3523.03,Active,2024-08-16
PROD_004297,Managed context-sensitive info-mediaries,Electronics,SUP_00819,3224.01,3988.07,Active,2025-07-17
PROD_004298,Multi-layered impactful analyzer,Consumer Products,SUP_00592,1032.99,1940.32,Active,2021-11-09
PROD_004299,Right-sized dynamic process improvement,Industrial Equipment,SUP_01000,4007.82,7108.23,Active,2024-09-03
PROD_004300,Optimized systemic orchestration,Consumer Products,,2494.9,3383.25,Active,2024-11-25
PROD_004301,Self-enabling fault-tolerant database,Electronics,SUP_00453,3557.59,4249.29,Active,2026-03-02
PROD_004302,Streamlined user-facing flexibility,Electronics,,3540.15,7614.72,Active,2023-04-01
PROD_004303,Advanced intangible installation,Industrial Equipment,SUP_00349,3642.17,7591.16,Inactive,2023-01-27
PROD_004304,Ergonomic zero-defect matrix,Consumer Products,SUP_00639,2385.95,5052.44,Inactive,2022-05-24
PROD_004305,Advanced responsive solution,Software,SUP_00077,1815.95,2431.2,Active,2023-03-05
PROD_004306,Total zero administration knowledge user,Automotive Parts,SUP_00075,4954.27,11204.89,Active,2021-09-16
PROD_004307,Team-oriented directional archive,Healthcare Equipment,SUP_00094,4386.89,8158.8,Inactive,2024-07-03
PROD_004308,Customizable cohesive utilization,Automotive Parts,SUP_00267,357.15,640.22,Active,2023-09-08
PROD_004309,Enterprise-wide national Graphic Interface,Electronics,SUP_00186,4787.68,9971.85,Inactive,2021-12-02
PROD_004310,User-centric eco-centric software,Consumer Products,SUP_00858,2914.06,6008.13,Active,2024-12-05
PROD_004311,Team-oriented hybrid forecast,Healthcare Equipment,SUP_00764,1360.63,2314.39,Active,2023-12-12
PROD_004312,Horizontal non-volatile firmware,Healthcare Equipment,SUP_00022,2440.03,5638.01,Active,2021-08-06
PROD_004313,Decentralized hybrid customer loyalty,Automotive Parts,SUP_00570,1049.43,2332.21,Active,2026-03-22
PROD_004314,Realigned modular customer loyalty,Electronics,SUP_00384,4968.89,11858.76,Active,2021-09-12
PROD_004315,Automated methodical matrices,Healthcare Equipment,SUP_00079,4728.43,10573.34,Discontinued,2021-08-08
PROD_004316,Focused 5thgeneration info-mediaries,Consumer Products,SUP_00010,2427.97,3141.23,Inactive,2022-01-06
PROD_004317,Virtual system-worthy workforce,Healthcare Equipment,SUP_00744,341.44,489.18,Active,2021-05-16
PROD_004318,Optional reciprocal hub,Software,SUP_00965,457.25,1076.47,Inactive,2023-05-29
PROD_004319,Digitized leadingedge policy,Automotive Parts,SUP_00908,3768.4,5364.72,Active,2025-03-23
PROD_004320,Switchable motivating throughput,,SUP_00484,4510.98,10247.01,Discontinued,2026-05-09
PROD_004321,Visionary demand-driven success,Healthcare Equipment,SUP_00707,4350.03,5376.75,Inactive,2022-09-30
PROD_004322,Re-contextualized 24/7 collaboration,Industrial Equipment,SUP_00811,1933.2,2370.67,Active,2022-11-16
PROD_004323,Function-based context-sensitive hardware,Software,SUP_00885,2365.49,4897.35,Discontinued,2023-07-16
PROD_004324,Stand-alone analyzing infrastructure,Healthcare Equipment,SUP_00351,2280.46,3816.37,Active,2023-02-02
PROD_004325,Implemented motivating architecture,Consumer Products,SUP_00917,599.68,1475.81,Active,2022-03-28
PROD_004326,Self-enabling content-based groupware,Healthcare Equipment,SUP_00653,4942.66,12248.76,Active,2024-08-12
PROD_004327,Organic 4thgeneration intranet,Consumer Products,SUP_00357,1551.84,2442.48,Active,2021-05-20
PROD_004328,Fully-configurable real-time moderator,Electronics,SUP_00306,732.04,883.08,Active,2022-08-01
PROD_004329,Diverse client-server neural-net,Healthcare Equipment,SUP_00901,603.61,949.47,Active,2026-04-19
PROD_004330,Centralized bifurcated software,Software,SUP_00497,2555.07,3232.26,Active,2021-05-11
PROD_004331,Programmable national adapter,Automotive Parts,SUP_00274,2330.47,5218.28,Active,2024-05-25
PROD_004332,Down-sized uniform Graphic Interface,Electronics,SUP_00262,4132.18,5190.02,Active,2023-01-13
PROD_004333,Digitized bi-directional software,Consumer Products,SUP_00169,54.24,134.13,Active,2022-04-14
PROD_004334,Multi-tiered 24hour open system,Healthcare Equipment,SUP_00281,1014.28,2002.94,Inactive,2021-04-28
PROD_004335,Networked zero administration open system,Software,SUP_00232,-100.0,8442.78,Active,2021-08-29
PROD_004336,Face-to-face well-modulated product,Consumer Products,SUP_00328,3756.43,8753.49,Inactive,2021-03-12
PROD_004337,Quality-focused asynchronous adapter,Automotive Parts,SUP_00294,520.14,833.53,Active,2024-07-25
PROD_004338,Phased object-oriented project,Consumer Products,SUP_00085,2506.67,4985.02,Active,2023-02-14
PROD_004339,Synergized reciprocal info-mediaries,Healthcare Equipment,SUP_00066,730.59,857.56,Active,2023-06-22
PROD_004340,User-friendly disintermediate software,Consumer Products,SUP_00023,1561.07,2208.2,Discontinued,2023-09-12
PROD_004341,Function-based grid-enabled productivity,Industrial Equipment,SUP_00896,306.42,716.17,Active,2023-07-02
PROD_004342,Distributed logistical monitoring,Automotive Parts,SUP_00150,3774.1,8117.88,Active,2025-10-31
PROD_004343,Face-to-face client-server forecast,Automotive Parts,SUP_00594,3222.32,7898.23,Discontinued,2024-07-02
PROD_004344,Enhanced human-resource extranet,Consumer Products,SUP_00708,2969.72,3981.9,Active,2025-11-05
PROD_004345,Multi-layered user-facing adapter,,SUP_00902,457.62,1070.86,Discontinued,2023-05-17
PROD_004346,Innovative client-server analyzer,Healthcare Equipment,SUP_00329,1917.56,3914.23,Active,2023-07-12
PROD_004347,Triple-buffered needs-based emulation,Software,SUP_00524,582.51,699.76,Active,2026-06-04
PROD_004348,De-engineered responsive help-desk,Electronics,SUP_00464,2592.21,3602.01,Active,2022-02-22
PROD_004349,Open-architected intangible instruction set,Healthcare Equipment,SUP_00551,680.84,1209.75,Active,2023-07-13
PROD_004350,Organized leadingedge info-mediaries,Industrial Equipment,SUP_00768,4869.56,8686.95,Active,2023-07-19
PROD_004351,Mandatory fresh-thinking secured line,Consumer Products,SUP_00563,3369.9,5918.64,Inactive,2023-03-12
PROD_004352,Up-sized multi-tasking database,Healthcare Equipment,,4951.48,11171.28,Active,2022-05-09
PROD_004353,Universal content-based open system,Electronics,SUP_00349,2880.78,6118.73,Active,2022-01-26
PROD_004354,Upgradable stable toolset,Consumer Products,SUP_00588,1449.15,2026.32,Active,2024-05-26
PROD_004355,Persistent neutral task-force,Automotive Parts,SUP_00328,3458.57,5500.17,Active,2025-05-08
PROD_004356,Multi-layered secondary function,Automotive Parts,SUP_00327,541.5,11357.3,Active,2022-03-05
PROD_004357,Digitized methodical benchmark,,SUP_00704,4167.02,9588.48,Active,2023-12-25
PROD_004358,Organized exuding time-frame,Electronics,SUP_00589,3682.94,8083.59,Inactive,2025-10-12
PROD_004359,Open-source actuating customer loyalty,Consumer Products,SUP_00989,1003.05,1952.45,Active,2022-03-12
PROD_004360,Reactive cohesive protocol,Industrial Equipment,SUP_00260,1356.59,1681.7,Active,2023-02-10
PROD_004361,Programmable intermediate contingency,Healthcare Equipment,SUP_00397,1800.35,4487.61,Active,2026-03-08
PROD_004362,Assimilated system-worthy database,Consumer Products,,4636.14,10436.36,Active,2023-02-14
PROD_004363,Synchronized context-sensitive flexibility,Healthcare Equipment,SUP_00811,1046.43,1834.59,Discontinued,2026-05-28
PROD_004364,Synergized non-volatile throughput,,SUP_00907,2343.85,5325.04,Active,2021-11-09
PROD_004365,Open-architected object-oriented toolset,Consumer Products,SUP_00666,1566.97,3422.14,Active,2025-05-26
PROD_004366,Distributed incremental functionalities,,SUP_00033,2154.26,2989.09,Active,2023-07-29
PROD_004367,User-centric clear-thinking task-force,Consumer Products,SUP_00907,2828.21,3732.74,Discontinued,2026-02-12
PROD_004368,Intuitive reciprocal task-force,Software,SUP_00904,820.05,1133.91,Active,2024-05-13
PROD_004369,User-centric responsive alliance,Automotive Parts,SUP_00246,1134.44,1397.98,Active,2024-09-18
PROD_004370,Cloned attitude-oriented adapter,Electronics,SUP_00339,1259.61,2706.51,Discontinued,2021-01-18
PROD_004371,Business-focused full-range array,Healthcare Equipment,,2579.59,3164.48,Active,2022-09-21
PROD_004372,Multi-channeled dedicated synergy,Industrial Equipment,SUP_00579,2049.83,4628.77,Active,2021-10-30
PROD_004373,Extended fault-tolerant architecture,Electronics,SUP_00580,248.55,471.52,Active,2022-12-30
PROD_004374,Intuitive optimal knowledge user,Consumer Products,SUP_00286,455.03,934.0,Active,2023-08-12
PROD_004375,Triple-buffered context-sensitive frame,Electronics,SUP_00937,3198.88,4488.55,Active,2022-09-01
PROD_004376,Realigned cohesive collaboration,Automotive Parts,SUP_00970,2127.49,4326.63,Active,2021-11-24
PROD_004377,Decentralized national process improvement,Software,SUP_00901,2422.25,3725.33,Active,2023-04-02
PROD_004378,Realigned neutral product,Industrial Equipment,SUP_00523,2366.77,3403.79,Discontinued,2023-07-31
PROD_004379,Grass-roots system-worthy encryption,Industrial Equipment,SUP_00756,3268.39,7105.91,Active,2026-05-13
PROD_004380,Switchable client-server intranet,Consumer Products,SUP_00358,1727.68,2584.17,Active,2021-07-14
PROD_004381,Balanced client-driven implementation,Consumer Products,SUP_00497,3698.76,8685.2,Active,2023-08-07
PROD_004382,Polarized composite throughput,Software,SUP_00676,1603.15,3267.37,Active,2021-02-10
PROD_004383,Team-oriented high-level intranet,Electronics,SUP_00294,2188.61,3664.5,Discontinued,2024-03-19
PROD_004384,Enterprise-wide local adapter,Software,SUP_00115,599.11,1296.25,Active,2026-05-01
PROD_004385,Synchronized non-volatile hardware,Industrial Equipment,SUP_00265,2550.53,5875.09,Inactive,2025-11-12
PROD_004386,Configurable holistic architecture,Industrial Equipment,SUP_00171,4784.18,7222.82,Active,2021-12-22
PROD_004387,Secured exuding service-desk,Software,SUP_00083,3872.52,9297.29,Active,2023-03-01
PROD_004388,Distributed bifurcated utilization,Automotive Parts,SUP_00796,765.91,1401.82,Active,2026-04-11
PROD_004389,Exclusive scalable Graphic Interface,Consumer Products,SUP_00897,110.23,220.55,Active,2022-08-10
PROD_004390,Configurable heuristic portal,Industrial Equipment,SUP_00877,1648.05,2271.14,Discontinued,2026-05-28
PROD_004391,Proactive 3rdgeneration process improvement,Industrial Equipment,SUP_00223,1703.07,3889.49,Active,2025-11-23
PROD_004392,Operative composite hierarchy,Healthcare Equipment,SUP_00938,3198.21,7763.22,Active,2025-09-04
PROD_004393,Ergonomic multimedia focus group,Healthcare Equipment,SUP_00858,1135.04,2428.87,Active,2026-05-24
PROD_004394,Assimilated mobile functionalities,Healthcare Equipment,SUP_00244,1129.18,2764.22,Active,2025-12-23
PROD_004395,Business-focused solution-oriented encoding,Consumer Products,SUP_00986,3822.09,7101.83,Active,2024-11-06
PROD_004396,Fundamental local Internet solution,Consumer Products,SUP_00375,3674.48,5044.88,Discontinued,2022-11-09
PROD_004397,Future-proofed value-added task-force,Healthcare Equipment,SUP_00368,2315.86,3021.95,Active,2024-08-10
PROD_004398,Switchable attitude-oriented groupware,Industrial Equipment,SUP_00223,1798.21,4075.5,Active,2024-01-11
PROD_004399,De-engineered regional access,Automotive Parts,SUP_00604,2878.67,7142.65,Active,2025-01-13
PROD_004400,Ameliorated exuding implementation,Electronics,SUP_00536,300.69,704.29,Inactive,2022-02-05
PROD_004401,Phased homogeneous info-mediaries,Healthcare Equipment,SUP_00123,3109.26,5630.71,Discontinued,2021-03-14
PROD_004402,Synergistic encompassing standardization,Healthcare Equipment,SUP_00729,4920.0,11412.95,Discontinued,2023-01-23
PROD_004403,Multi-lateral multimedia toolset,Automotive Parts,SUP_00005,4163.48,8772.27,Discontinued,2023-05-02
PROD_004404,Triple-buffered global capacity,Industrial Equipment,SUP_00186,471.58,922.64,Active,2026-03-07
PROD_004405,Up-sized empowering neural-net,Electronics,SUP_00285,2199.59,2809.8,Active,2022-01-22
PROD_004406,Horizontal encompassing artificial intelligence,Consumer Products,SUP_00754,3984.9,5463.23,Active,2026-01-07
PROD_004407,Synchronized attitude-oriented workforce,Consumer Products,SUP_00114,546.56,896.63,Active,2024-08-29
PROD_004408,Intuitive multimedia budgetary management,Industrial Equipment,,4222.38,6395.96,Inactive,2021-02-16
PROD_004409,De-engineered well-modulated benchmark,Industrial Equipment,SUP_00990,3384.99,8076.5,Active,2022-05-03
PROD_004410,Enhanced holistic architecture,Electronics,SUP_00023,2238.04,3154.55,Active,2021-11-05
PROD_004411,Front-line zero-defect array,Automotive Parts,SUP_00582,2817.08,5763.78,Active,2025-09-29
PROD_004412,Advanced uniform access,Automotive Parts,SUP_00277,966.45,1405.45,Active,2025-01-17
PROD_004413,Mandatory regional archive,,SUP_00050,2522.01,3336.64,Inactive,2021-11-10
PROD_004414,Self-enabling logistical product,Healthcare Equipment,SUP_00861,720.14,1191.76,Inactive,2025-10-19
PROD_004415,Synchronized bi-directional pricing structure,Software,SUP_00777,587.81,971.8,Active,2021-09-02
PROD_004416,Triple-buffered client-driven customer loyalty,Software,SUP_00768,4224.64,7346.48,Active,2026-01-16
PROD_004417,Configurable contextually-based array,Software,SUP_00263,2902.12,5555.7,Active,2024-12-11
PROD_004418,Cross-group 24hour Internet solution,Automotive Parts,SUP_00052,2900.76,4889.95,Discontinued,2025-05-07
PROD_004419,Focused demand-driven application,Electronics,SUP_00378,3760.45,7052.41,Active,2024-12-09
PROD_004420,Networked fresh-thinking product,Software,SUP_00037,1563.4,3431.42,Active,2023-11-28
PROD_004421,Phased dedicated strategy,,SUP_00301,782.16,1436.26,Active,2026-06-05
PROD_004422,Robust tertiary contingency,Automotive Parts,SUP_00970,4451.67,11066.45,Active,2023-07-31
PROD_004423,Upgradable systematic parallelism,Software,SUP_00796,695.1,1438.57,Active,2025-10-02
PROD_004424,Centralized leadingedge contingency,Healthcare Equipment,SUP_00061,2057.08,4108.54,Inactive,2023-10-16
PROD_004425,Configurable context-sensitive customer loyalty,,SUP_00078,832.31,1711.61,Active,2022-06-13
PROD_004426,Quality-focused object-oriented core,Consumer Products,SUP_00017,4012.52,7261.02,Inactive,2024-11-05
PROD_004427,Total well-modulated archive,Healthcare Equipment,SUP_00203,4996.8,8686.28,Active,2022-01-13
PROD_004428,Inverse web-enabled emulation,Consumer Products,SUP_00937,3725.84,8549.74,Active,2021-11-22
PROD_004429,Sharable optimizing frame,Electronics,SUP_00340,4232.21,9515.22,Active,2024-04-21
PROD_004430,Profit-focused scalable forecast,Consumer Products,SUP_00618,2900.76,3354.08,Active,2022-03-14
PROD_004431,Function-based grid-enabled support,Software,SUP_00470,767.71,1302.11,Discontinued,2022-04-28
PROD_004432,Adaptive solution-oriented software,Automotive Parts,SUP_00844,4100.42,10175.38,Active,2022-05-20
PROD_004433,Versatile cohesive architecture,Software,SUP_00896,4519.25,6625.25,Active,2021-05-04
PROD_004434,Proactive grid-enabled superstructure,Industrial Equipment,SUP_00994,1395.83,3373.52,Active,2021-05-02
PROD_004435,Versatile intermediate artificial intelligence,Automotive Parts,SUP_00904,721.9,1016.11,Active,2024-09-14
PROD_004436,Universal local access,Software,SUP_00003,490.23,795.79,Discontinued,2026-05-15
PROD_004437,Synergistic background functionalities,Electronics,SUP_00996,1364.21,3331.44,Active,2024-03-25
PROD_004438,Multi-lateral tangible software,Healthcare Equipment,SUP_00653,3642.56,7830.42,Inactive,2024-04-29
PROD_004439,Cloned non-volatile firmware,Healthcare Equipment,SUP_00041,4082.16,9302.67,Active,2024-12-29
PROD_004440,Intuitive local help-desk,Consumer Products,SUP_00104,4449.35,8268.6,Inactive,2025-01-28
PROD_004441,Polarized holistic methodology,Automotive Parts,SUP_00476,2988.16,3561.36,Active,2022-08-26
PROD_004442,Pre-emptive foreground moratorium,Industrial Equipment,SUP_00553,2957.22,5917.65,Active,2026-06-28
PROD_004443,Ergonomic discrete parallelism,Software,,4250.45,6583.46,Active,2021-12-09
PROD_004444,Team-oriented heuristic installation,Healthcare Equipment,SUP_00950,2426.94,3669.16,Active,2023-07-22
PROD_004445,Persistent fresh-thinking utilization,Healthcare Equipment,,349.13,621.44,Discontinued,2025-08-26
PROD_004446,Open-architected maximized Local Area Network,Consumer Products,SUP_00199,2761.55,4388.25,Active,2023-06-27
PROD_004447,Digitized user-facing system engine,Consumer Products,SUP_00556,3920.18,5984.85,Active,2023-02-13
PROD_004448,Assimilated client-driven toolset,Software,SUP_00951,2941.01,6175.17,Active,2022-09-28
PROD_004449,Self-enabling coherent initiative,,SUP_00920,4178.33,5770.27,Discontinued,2023-01-04
PROD_004450,Optional stable conglomeration,Healthcare Equipment,SUP_00395,4618.49,6606.45,Active,2021-10-30
PROD_004451,Enterprise-wide didactic attitude,Software,SUP_00285,3882.4,7640.47,Active,2021-02-02
PROD_004452,Phased coherent flexibility,Electronics,SUP_00618,2738.61,4282.23,Active,2022-11-08
PROD_004453,Ameliorated modular infrastructure,Automotive Parts,SUP_00955,2458.72,6012.55,Active,2021-11-14
PROD_004454,Reactive even-keeled emulation,Industrial Equipment,SUP_00288,1100.04,2713.83,Active,2022-01-17
PROD_004455,Robust uniform methodology,Electronics,SUP_00377,1650.43,2876.83,Active,2023-05-19
PROD_004456,Diverse mobile secured line,Electronics,SUP_00109,3749.15,8095.22,Active,2021-04-30
PROD_004457,Customer-focused asymmetric Graphic Interface,,SUP_00296,191.52,237.31,Active,2024-11-17
PROD_004458,Robust explicit circuit,Software,SUP_00868,4570.47,5439.34,Active,2022-04-17
PROD_004459,Proactive didactic instruction set,Software,SUP_00263,4085.27,9363.67,Active,2023-09-11
PROD_004460,Integrated responsive complexity,Consumer Products,SUP_00477,3672.19,5100.77,Active,2022-11-11
PROD_004461,Integrated systemic process improvement,Electronics,SUP_00924,179.03,303.67,Active,2023-05-11
PROD_004462,Decentralized radical capacity,Electronics,SUP_00350,2647.53,3173.27,Active,2023-11-29
PROD_004463,Mandatory uniform hub,Industrial Equipment,SUP_00816,1673.51,3218.33,Active,2025-06-08
PROD_004464,De-engineered holistic open system,Software,SUP_00019,4310.56,10131.78,Active,2026-05-01
PROD_004465,Cloned 3rdgeneration knowledge user,Electronics,SUP_00255,1431.26,3119.75,Active,2023-01-13
PROD_004466,Fully-configurable demand-driven Graphic Interface,Automotive Parts,SUP_00587,3434.49,7648.78,Active,2024-10-12
PROD_004467,Intuitive scalable leverage,Automotive Parts,SUP_00019,3109.35,3960.05,Active,2025-04-28
PROD_004468,Realigned global orchestration,Electronics,SUP_00501,3635.57,4876.45,Active,2025-05-12
PROD_004469,Total content-based capacity,Electronics,SUP_00191,50.05,74.87,Inactive,2026-04-21
PROD_004470,Self-enabling object-oriented emulation,Industrial Equipment,SUP_00127,4316.45,6891.86,Active,2024-11-21
PROD_004471,Seamless disintermediate encryption,Software,SUP_00529,1830.83,4198.91,Active,2023-09-08
PROD_004472,Phased 3rdgeneration functionalities,Consumer Products,SUP_00481,273.29,456.53,Active,2023-10-22
PROD_004473,Cross-platform human-resource system engine,Industrial Equipment,SUP_00957,4836.92,8571.94,Inactive,2021-10-25
PROD_004474,Inverse attitude-oriented moderator,Software,SUP_00546,4838.56,10862.55,Active,2023-09-12
PROD_004475,Robust upward-trending flexibility,Electronics,SUP_00124,2700.72,3165.75,Active,2021-05-15
PROD_004476,Networked zero-defect core,Consumer Products,SUP_00959,2247.8,4951.55,Active,2025-05-07
PROD_004477,Grass-roots transitional circuit,Electronics,SUP_00459,4175.88,5905.21,Active,2022-12-31
PROD_004478,Vision-oriented analyzing leverage,Consumer Products,SUP_00937,1261.75,1455.77,Discontinued,2022-05-10
PROD_004479,Sharable 24hour Graphic Interface,Electronics,,2252.44,4797.12,Active,2022-12-16
PROD_004480,Secured mission-critical open architecture,Automotive Parts,SUP_00763,389.67,785.29,Inactive,2021-10-21
PROD_004481,Future-proofed foreground matrix,Software,SUP_00866,3787.09,9094.05,Active,2026-05-31
PROD_004482,Robust national customer loyalty,Healthcare Equipment,SUP_00597,2831.14,6740.0,Active,2025-07-12
PROD_004483,Stand-alone content-based policy,Software,SUP_00198,2354.3,3093.11,Active,2024-04-28
PROD_004484,Implemented upward-trending approach,Software,SUP_00883,3082.08,3976.35,Inactive,2025-01-15
PROD_004485,Ergonomic multi-tasking website,Healthcare Equipment,SUP_00850,3871.06,5114.14,Discontinued,2023-10-09
PROD_004486,Fully-configurable homogeneous interface,Consumer Products,SUP_00816,205.33,323.53,Active,2024-11-06
PROD_004487,Advanced exuding firmware,Automotive Parts,SUP_00901,967.43,2035.98,Active,2022-02-14
PROD_004488,Implemented 4thgeneration algorithm,Industrial Equipment,SUP_00315,1726.06,3836.31,Inactive,2024-07-31
PROD_004489,Virtual intangible artificial intelligence,Healthcare Equipment,SUP_00619,1595.31,3440.77,Active,2023-01-10
PROD_004490,Vision-oriented client-server knowledge user,Consumer Products,SUP_00447,491.97,1112.22,Active,2024-06-09
PROD_004491,Realigned cohesive policy,Industrial Equipment,SUP_00105,192.8,253.92,Active,2023-06-10
PROD_004492,Intuitive bi-directional focus group,Electronics,SUP_00128,3879.67,5694.01,Active,2023-07-04
PROD_004493,Exclusive tertiary portal,Healthcare Equipment,SUP_00066,4422.18,5631.31,Active,2023-06-29
PROD_004494,Diverse optimizing capacity,,SUP_00618,2377.55,3141.14,Active,2022-10-10
PROD_004495,Ameliorated bottom-line application,Consumer Products,SUP_00514,1313.52,2000.44,Active,2025-10-07
PROD_004496,Reactive mission-critical hub,Electronics,SUP_00398,450.0,632.14,Inactive,2021-10-12
PROD_004497,Up-sized homogeneous neural-net,Healthcare Equipment,SUP_00231,3665.33,6047.75,Active,2021-02-21
PROD_004498,Optional secondary Graphic Interface,Software,SUP_00386,2468.25,4752.07,Inactive,2023-03-05
PROD_004499,Inverse reciprocal task-force,Automotive Parts,SUP_00555,2152.19,3705.71,Active,2021-03-11
PROD_004500,Horizontal fresh-thinking open system,Consumer Products,SUP_00508,4632.03,6208.77,Discontinued,2025-02-26
PROD_004501,Balanced multimedia approach,Industrial Equipment,SUP_00448,2310.2,3201.39,Active,2024-12-20
PROD_004502,Universal clear-thinking methodology,Automotive Parts,SUP_00521,1884.78,2840.55,Active,2021-05-09
PROD_004503,Cloned client-driven collaboration,Industrial Equipment,SUP_00068,1598.9,3366.67,Active,2021-07-25
PROD_004504,Diverse transitional encoding,Consumer Products,SUP_00652,3362.15,5040.57,Active,2021-07-04
PROD_004505,Multi-lateral heuristic Graphical User Interface,Software,SUP_00399,1262.79,2769.88,Active,2021-06-12
PROD_004506,Mandatory web-enabled architecture,Consumer Products,SUP_00539,3252.35,7558.41,Inactive,2023-09-15
PROD_004507,Quality-focused analyzing moderator,Healthcare Equipment,SUP_00157,4912.18,10196.03,Discontinued,2023-04-16
PROD_004508,Object-based system-worthy collaboration,Electronics,SUP_00935,737.85,1298.22,Active,2024-01-05
PROD_004509,Cross-group demand-driven knowledge user,Electronics,SUP_00862,845.04,2085.33,Active,2021-11-16
PROD_004510,Virtual empowering emulation,Healthcare Equipment,SUP_00237,1409.99,2724.3,Active,2022-04-25
PROD_004511,Stand-alone systemic open architecture,Unknown Category,SUP_00361,3741.7,5245.02,Active,2021-02-18
PROD_004512,Stand-alone tangible definition,Electronics,SUP_00529,935.23,1772.17,Active,2023-08-19
PROD_004513,Balanced directional task-force,Industrial Equipment,SUP_00582,496.01,1165.25,Discontinued,2022-04-12
PROD_004514,Distributed client-driven middleware,Electronics,SUP_00930,4954.13,7687.15,Active,2022-10-03
PROD_004515,Networked web-enabled productivity,Automotive Parts,SUP_00189,1694.29,3862.25,Active,2024-09-06
PROD_004516,Ameliorated multimedia task-force,Software,SUP_00261,3684.83,8916.03,Active,2022-08-05
PROD_004517,Assimilated static structure,Software,SUP_00602,2343.46,4270.46,Active,2024-10-30
PROD_004518,Reactive asymmetric analyzer,Industrial Equipment,SUP_00334,3352.94,6775.84,Active,2022-02-06
PROD_004519,Automated demand-driven emulation,Automotive Parts,SUP_00343,3375.65,6121.08,Inactive,2024-03-14
PROD_004520,Adaptive grid-enabled standardization,Consumer Products,,601.97,7868.099999999999,Discontinued,2021-06-11
PROD_004521,Multi-layered multimedia concept,Healthcare Equipment,SUP_00463,2591.28,3853.72,Active,2023-03-08
PROD_004522,Distributed national ability,Automotive Parts,SUP_00193,4999.36,10096.91,Active,2026-01-10
PROD_004523,User-friendly regional forecast,Software,SUP_00691,1804.72,4056.08,Active,2022-06-17
PROD_004524,Multi-layered multimedia info-mediaries,Electronics,SUP_00243,2312.75,2871.97,Active,2021-11-17
PROD_004525,Exclusive web-enabled portal,Automotive Parts,SUP_00806,1289.98,2099.5,Active,2022-05-30
PROD_004526,Exclusive fresh-thinking firmware,Software,SUP_00759,4093.69,7777.11,Active,2023-02-27
PROD_004527,Streamlined executive knowledge user,Consumer Products,SUP_00208,2008.57,3113.69,Inactive,2021-02-27
PROD_004528,Robust solution-oriented secured line,Automotive Parts,SUP_00902,4525.2,5410.6,Active,2023-10-24
PROD_004529,Open-architected demand-driven contingency,Automotive Parts,SUP_00246,521.06,888.05,Discontinued,2021-08-15
PROD_004530,Networked bi-directional synergy,Healthcare Equipment,SUP_00032,4927.75,6045.03,Active,2026-02-15
PROD_004531,Expanded dedicated task-force,Automotive Parts,SUP_00382,2527.67,6219.7,Active,2024-02-18
PROD_004532,User-friendly exuding solution,Consumer Products,SUP_00605,3471.64,5206.23,Discontinued,2024-09-14
PROD_004533,Reverse-engineered exuding hierarchy,Software,SUP_00562,4413.6,7120.85,Inactive,2023-07-20
PROD_004534,Stand-alone responsive emulation,Consumer Products,SUP_00104,1607.0,2342.13,Active,2024-02-12
PROD_004535,Function-based didactic migration,Automotive Parts,,4597.84,7689.75,Discontinued,2021-02-17
PROD_004536,Advanced didactic contingency,,,3317.93,5028.76,Active,2025-09-22
PROD_004537,Expanded modular success,Automotive Parts,SUP_00136,4584.57,8366.72,Active,2023-02-19
PROD_004538,Inverse logistical infrastructure,Healthcare Equipment,SUP_00412,2638.62,4281.52,Active,2024-04-22
PROD_004539,Down-sized mobile matrices,Consumer Products,SUP_00124,2074.58,4234.3,Active,2024-01-31
PROD_004540,Horizontal static encryption,Consumer Products,SUP_00263,531.26,890.37,Active,2021-06-05
PROD_004541,Customer-focused 24hour algorithm,Consumer Products,SUP_00738,-100.0,8476.59,Inactive,2024-05-27
PROD_004542,Advanced even-keeled ability,Healthcare Equipment,SUP_00773,1964.12,4387.59,Active,2022-09-01
PROD_004543,Multi-tiered upward-trending open system,Software,SUP_00898,371.7,467.34,Inactive,2026-04-13
PROD_004544,Cross-platform actuating hub,Healthcare Equipment,SUP_00840,3644.6,7548.29,Active,2022-03-08
PROD_004545,Ergonomic interactive support,Electronics,SUP_00037,913.83,1828.18,Active,2025-10-25
PROD_004546,Compatible even-keeled instruction set,Automotive Parts,SUP_00773,4929.02,6095.35,Active,2024-08-04
PROD_004547,Innovative zero administration alliance,Consumer Products,SUP_00651,1265.15,1734.26,Active,2025-12-08
PROD_004548,Innovative client-server firmware,Healthcare Equipment,SUP_00289,582.35,822.2,Discontinued,2023-07-06
PROD_004549,Expanded bottom-line productivity,Electronics,SUP_00125,2565.85,4738.49,Active,2025-02-01
PROD_004550,Synergized 4thgeneration leverage,Automotive Parts,SUP_00570,4727.46,8309.88,Active,2021-12-17
PROD_004551,Customizable background success,Consumer Products,SUP_00919,296.57,638.03,Active,2022-04-17
PROD_004552,Reduced system-worthy open architecture,Industrial Equipment,SUP_00893,4743.93,10409.27,Discontinued,2022-07-02
PROD_004553,Ameliorated tangible open system,Healthcare Equipment,SUP_00416,4187.18,8250.52,Discontinued,2023-08-21
PROD_004554,Upgradable system-worthy collaboration,Healthcare Equipment,SUP_00685,4866.19,11848.62,Active,2022-03-09
PROD_004555,Object-based systematic implementation,Consumer Products,SUP_00575,1396.08,2934.26,Discontinued,2021-03-01
PROD_004556,Proactive intermediate Local Area Network,Consumer Products,SUP_00564,2856.59,6119.35,Active,2023-04-08
PROD_004557,Advanced object-oriented analyzer,Electronics,SUP_00412,3168.76,7251.07,Inactive,2024-08-10
PROD_004558,Visionary even-keeled strategy,Automotive Parts,SUP_00220,981.99,1217.54,Active,2022-07-19
PROD_004559,Polarized dedicated website,Automotive Parts,SUP_00804,635.07,873.28,Active,2022-06-21
PROD_004560,Synchronized encompassing core,Electronics,SUP_00848,2174.4,4392.39,Discontinued,2022-04-17
PROD_004561,Organized 24hour projection,Healthcare Equipment,SUP_00977,541.34,1245.78,Active,2021-03-30
PROD_004562,Re-contextualized intermediate open architecture,,SUP_00986,2344.84,3946.26,Discontinued,2026-03-26
PROD_004563,Pre-emptive discrete structure,Healthcare Equipment,SUP_00829,3540.13,8115.51,Active,2025-08-30
PROD_004564,Business-focused executive hierarchy,Industrial Equipment,SUP_00205,389.11,918.74,Active,2021-06-27
PROD_004565,Multi-layered logistical leverage,Consumer Products,SUP_00141,1361.65,2781.61,Active,2023-12-29
PROD_004566,Multi-layered stable hub,Healthcare Equipment,SUP_00592,2067.85,4530.76,Active,2024-12-27
PROD_004567,Quality-focused client-server Graphic Interface,Industrial Equipment,SUP_00316,2540.93,4114.89,Discontinued,2025-01-14
PROD_004568,Monitored incremental conglomeration,Consumer Products,SUP_00678,4908.68,9785.35,Active,2024-03-09
PROD_004569,Multi-layered maximized hardware,Consumer Products,SUP_00427,2719.9,4523.58,Active,2025-03-20
PROD_004570,Digitized systematic system engine,Software,SUP_00090,1416.12,1972.75,Active,2025-11-20
PROD_004571,Synergistic needs-based installation,Automotive Parts,SUP_00740,806.5,963.12,Active,2022-12-24
PROD_004572,Optional background portal,Industrial Equipment,SUP_00690,4152.35,8115.43,Discontinued,2022-05-23
PROD_004573,Devolved full-range help-desk,Software,SUP_00839,4917.24,7621.76,Active,2024-07-18
PROD_004574,Organized web-enabled moratorium,Consumer Products,SUP_00754,3150.51,4920.29,Active,2025-09-25
PROD_004575,Down-sized 6thgeneration Graphical User Interface,Electronics,SUP_00229,302.31,719.92,Inactive,2023-10-13
PROD_004576,Self-enabling client-server policy,Software,SUP_00593,3596.81,7451.42,Active,2022-11-17
PROD_004577,Self-enabling value-added complexity,Software,SUP_00183,986.71,1520.31,Inactive,2025-09-04
PROD_004578,Re-engineered client-driven utilization,Electronics,SUP_00676,4618.22,8570.31,Active,2022-02-17
PROD_004579,Team-oriented hybrid artificial intelligence,Industrial Equipment,SUP_00343,4794.67,7236.61,Active,2025-07-10
PROD_004580,Customizable motivating moratorium,Consumer Products,SUP_00203,555.47,1144.66,Active,2021-03-26
PROD_004581,Customer-focused object-oriented ability,Electronics,SUP_00337,1139.06,1777.52,Active,2022-05-26
PROD_004582,Reactive static concept,Industrial Equipment,SUP_00644,4115.39,8282.16,Discontinued,2025-01-23
PROD_004583,Synergized tertiary toolset,Industrial Equipment,SUP_00174,3972.44,8317.31,Active,2022-11-03
PROD_004584,Customizable fresh-thinking superstructure,Automotive Parts,SUP_00253,3596.92,6366.97,Active,2025-08-05
PROD_004585,Multi-layered neutral infrastructure,Consumer Products,SUP_00864,1710.95,3045.09,Inactive,2023-11-16
PROD_004586,Object-based directional orchestration,Industrial Equipment,SUP_00342,2048.26,4037.83,Inactive,2022-12-06
PROD_004587,Open-source system-worthy system engine,Electronics,SUP_00738,148.0,307.55,Active,2026-06-05
PROD_004588,Face-to-face scalable project,Electronics,SUP_00773,2830.23,6050.53,Inactive,2023-06-30
PROD_004589,Team-oriented web-enabled core,Automotive Parts,,4897.91,6804.37,Active,2024-12-07
PROD_004590,Profit-focused bi-directional methodology,Automotive Parts,SUP_00994,892.56,1053.22,Active,2021-10-17
PROD_004591,Compatible system-worthy function,,SUP_00126,265.17,458.49,Inactive,2022-05-01
PROD_004592,Open-architected exuding database,Consumer Products,SUP_00108,4928.1,8474.65,Discontinued,2023-12-24
PROD_004593,Cross-platform content-based algorithm,Automotive Parts,SUP_00998,3742.29,7550.85,Active,2021-02-02
PROD_004594,Implemented bottom-line database,Electronics,SUP_00227,691.29,1608.39,Active,2022-01-08
PROD_004595,Vision-oriented systemic archive,Industrial Equipment,SUP_00018,2058.48,2478.06,Active,2021-05-15
PROD_004596,Organized bottom-line interface,Automotive Parts,SUP_00464,3816.89,5527.75,Active,2026-03-11
PROD_004597,Switchable impactful access,Industrial Equipment,SUP_00132,4773.37,9343.68,Inactive,2024-10-31
PROD_004598,Innovative global info-mediaries,Industrial Equipment,SUP_00442,4374.76,10637.63,Active,2023-01-23
PROD_004599,Innovative interactive process improvement,Healthcare Equipment,SUP_00492,4193.49,8992.32,Inactive,2024-03-28
PROD_004600,Polarized scalable pricing structure,Industrial Equipment,SUP_00510,3260.39,3863.56,Inactive,2024-04-05
PROD_004601,Synergistic mobile alliance,Automotive Parts,SUP_00634,3327.51,6129.62,Active,2023-09-30
PROD_004602,Monitored 4thgeneration extranet,Consumer Products,SUP_00535,3150.62,6681.25,Active,2024-11-06
PROD_004603,Networked web-enabled monitoring,Healthcare Equipment,SUP_00778,3594.88,6229.59,Inactive,2025-03-25
PROD_004604,Optimized system-worthy parallelism,Consumer Products,SUP_00919,260.03,527.17,Active,2024-05-29
PROD_004605,Monitored systemic matrix,Industrial Equipment,SUP_00893,908.12,1222.69,Discontinued,2026-06-19
PROD_004606,Multi-tiered 5thgeneration matrix,Healthcare Equipment,SUP_00593,209.59,453.72,Active,2025-03-03
PROD_004607,Cross-group methodical extranet,Electronics,SUP_00619,4867.0,7479.79,Active,2023-12-27
PROD_004608,Configurable dynamic success,Automotive Parts,SUP_00848,2276.4,5449.35,Active,2025-07-25
PROD_004609,Self-enabling bandwidth-monitored knowledgebase,Software,SUP_00287,1467.38,3434.62,Active,2023-02-01
PROD_004610,Mandatory disintermediate portal,Industrial Equipment,SUP_00864,2880.01,4648.16,Active,2026-05-28
PROD_004611,Automated fresh-thinking function,Healthcare Equipment,SUP_00207,4522.97,10028.54,Active,2024-01-14
PROD_004612,Triple-buffered local data-warehouse,Industrial Equipment,SUP_00944,1847.72,2546.6,Active,2024-05-16
PROD_004613,Cross-platform 24/7 software,Electronics,SUP_00981,462.19,927.29,Inactive,2021-09-15
PROD_004614,Synergistic zero-defect algorithm,Industrial Equipment,SUP_00801,3480.96,5882.39,Active,2026-02-20
PROD_004615,Organic asymmetric middleware,Software,SUP_00327,3140.75,5142.5,Inactive,2021-12-30
PROD_004616,Grass-roots tangible open system,,SUP_00146,4678.68,6410.84,Active,2023-02-18
PROD_004617,Public-key solution-oriented success,Automotive Parts,SUP_00661,3657.97,9033.59,Inactive,2021-04-08
PROD_004618,Reduced bottom-line standardization,Electronics,SUP_00408,180.45,408.63,Active,2023-11-03
PROD_004619,Enhanced local frame,Software,SUP_00544,2409.11,5905.07,Active,2025-09-09
PROD_004620,Balanced explicit policy,Consumer Products,SUP_00290,3208.15,4912.57,Inactive,2022-10-27
PROD_004621,Customizable systemic collaboration,Industrial Equipment,SUP_00045,2498.44,3087.46,Active,2026-04-27
PROD_004622,Compatible dedicated matrices,Healthcare Equipment,SUP_00798,1251.97,2291.3,Inactive,2023-09-03
PROD_004623,Adaptive human-resource time-frame,Industrial Equipment,SUP_00360,712.17,1234.21,Active,2025-02-02
PROD_004624,Streamlined context-sensitive throughput,Electronics,SUP_00365,1775.41,3497.63,Discontinued,2023-01-26
PROD_004625,Innovative contextually-based definition,,SUP_00527,856.71,1603.07,Active,2022-11-14
PROD_004626,Synergized optimal methodology,Software,SUP_00064,2972.5,7093.7,Inactive,2022-04-04
PROD_004627,Organic tangible budgetary management,Industrial Equipment,SUP_00341,3841.1,5609.25,Active,2021-07-23
PROD_004628,Devolved clear-thinking support,Industrial Equipment,SUP_00293,1648.16,2091.53,Active,2026-05-18
PROD_004629,Robust non-volatile algorithm,Consumer Products,SUP_00265,3508.15,5643.08,Active,2023-05-29
PROD_004630,Multi-lateral tangible Internet solution,Industrial Equipment,SUP_00672,365.83,802.83,Active,2021-02-11
PROD_004631,Progressive system-worthy hub,Healthcare Equipment,SUP_00579,3725.72,5948.97,Active,2024-06-27
PROD_004632,Customer-focused intangible leverage,Electronics,SUP_00008,2697.2,5932.37,Active,2021-03-09
PROD_004633,Optional next generation standardization,Industrial Equipment,SUP_00877,3683.87,7166.38,Active,2023-04-28
PROD_004634,Cloned background firmware,Automotive Parts,SUP_00196,3758.48,4583.64,Discontinued,2025-10-27
PROD_004635,Synchronized heuristic leverage,Software,SUP_00373,1634.85,2586.0,Inactive,2023-03-17
PROD_004636,Fully-configurable client-driven capability,Industrial Equipment,SUP_00392,676.3,1334.96,Discontinued,2021-02-18
PROD_004637,Cross-group object-oriented contingency,Healthcare Equipment,,3940.06,8621.77,Active,2024-08-26
PROD_004638,Organized stable moratorium,Electronics,SUP_00046,3634.18,6632.3,Active,2023-01-19
PROD_004639,Fundamental mission-critical architecture,Healthcare Equipment,SUP_00961,3899.0,5913.02,Active,2026-05-02
PROD_004640,Switchable contextually-based paradigm,Electronics,SUP_00379,2562.31,4130.16,Active,2023-04-09
PROD_004641,Realigned 6thgeneration emulation,Consumer Products,SUP_00302,2573.26,4237.59,Active,2022-02-11
PROD_004642,Innovative client-driven synergy,Software,SUP_00418,1456.92,3453.7,Active,2024-11-08
PROD_004643,Advanced holistic approach,Industrial Equipment,SUP_00012,2673.62,3546.88,Active,2023-10-21
PROD_004644,Advanced bifurcated moderator,Healthcare Equipment,SUP_00206,4285.86,9469.03,Inactive,2024-08-28
PROD_004645,Reduced multi-tasking access,Software,,3365.5,8133.56,Active,2022-09-01
PROD_004646,Devolved foreground encryption,Electronics,SUP_00412,3885.31,6793.79,Active,2025-09-23
PROD_004647,Extended content-based protocol,Software,SUP_00381,4429.91,8167.74,Active,2023-08-11
PROD_004648,Polarized didactic attitude,Automotive Parts,,1142.2,1676.16,Active,2021-12-12
PROD_004649,Reactive scalable product,Healthcare Equipment,SUP_00936,4472.74,8120.94,Active,2023-12-23
PROD_004650,Compatible client-server secured line,Automotive Parts,SUP_00631,3381.82,4075.7,Active,2021-09-12
PROD_004651,Profound client-server task-force,Healthcare Equipment,,440.57,521.18,Active,2021-05-17
PROD_004652,Profound asynchronous open system,Software,SUP_00912,1714.82,3551.07,Active,2021-11-27
PROD_004653,Self-enabling web-enabled installation,Healthcare Equipment,SUP_00746,1446.23,3391.15,Active,2025-08-12
PROD_004654,Multi-lateral directional firmware,Software,SUP_00685,2056.49,2637.3,Discontinued,2023-03-27
PROD_004655,Versatile intermediate analyzer,Electronics,SUP_00412,1737.38,2746.89,Active,2025-10-13
PROD_004656,Vision-oriented hybrid algorithm,Software,SUP_00487,4825.08,10647.13,Active,2022-01-22
PROD_004657,Up-sized holistic infrastructure,Industrial Equipment,SUP_00131,3377.59,8434.95,Active,2023-06-22
PROD_004658,Face-to-face value-added capacity,Software,,4860.64,6762.84,Active,2023-08-20
PROD_004659,Profound incremental project,Electronics,SUP_00720,4665.14,11546.47,Inactive,2025-10-15
PROD_004660,Sharable cohesive encoding,Healthcare Equipment,SUP_00149,1082.6,1746.57,Active,2024-04-16
PROD_004661,Horizontal modular throughput,Software,SUP_00925,3081.97,7701.79,Active,2021-05-31
PROD_004662,Right-sized 4thgeneration instruction set,Electronics,SUP_00250,1692.15,4074.13,Inactive,2021-05-14
PROD_004663,Configurable tertiary time-frame,Software,SUP_00302,1799.4,3795.16,Active,2021-10-20
PROD_004664,Stand-alone 6thgeneration hub,Software,SUP_00808,1585.25,2752.47,Active,2022-07-11
PROD_004665,Grass-roots maximized projection,Software,SUP_00263,80.39,160.91,Active,2025-06-07
PROD_004666,Mandatory exuding monitoring,,SUP_00637,4721.07,8039.61,Active,2024-04-29
PROD_004667,Integrated methodical migration,Healthcare Equipment,SUP_00419,1839.7,3948.42,Active,2023-09-06
PROD_004668,Versatile system-worthy parallelism,Consumer Products,SUP_00589,1492.76,3581.07,Active,2024-10-26
PROD_004669,Synergized real-time policy,,SUP_00032,243.0,603.3,Active,2024-08-18
PROD_004670,Re-engineered client-driven leverage,Electronics,SUP_00958,2434.44,5268.52,Active,2022-11-08
PROD_004671,Team-oriented mobile Graphical User Interface,Electronics,SUP_00394,4634.36,8906.35,Active,2023-12-05
PROD_004672,Seamless responsive architecture,Electronics,,4994.19,7062.14,Active,2022-05-20
PROD_004673,Future-proofed encompassing forecast,Software,SUP_00530,4433.72,9618.86,Active,2024-04-07
PROD_004674,Focused foreground Graphic Interface,Automotive Parts,SUP_00583,4404.99,7710.06,Discontinued,2025-12-25
PROD_004675,Re-contextualized content-based hardware,Consumer Products,SUP_00524,3486.41,4335.51,Active,2026-05-05
PROD_004676,Ergonomic full-range model,,SUP_00527,3098.86,7290.38,Inactive,2024-09-18
PROD_004677,Grass-roots empowering policy,Industrial Equipment,SUP_00563,4465.25,7354.94,Active,2023-05-01
PROD_004678,Switchable content-based throughput,Software,SUP_00056,4315.98,6153.4,Active,2024-05-14
PROD_004679,Devolved zero administration solution,Software,SUP_00340,3433.19,7034.05,Active,2022-08-15
PROD_004680,Synergized systemic hierarchy,Software,SUP_00594,1773.04,2579.62,Active,2024-11-30
PROD_004681,Reactive fresh-thinking database,Consumer Products,SUP_00435,3767.8,6954.04,Active,2025-05-20
PROD_004682,Reduced multi-state conglomeration,Electronics,SUP_00671,4174.48,9892.55,Active,2021-08-24
PROD_004683,Up-sized explicit productivity,Automotive Parts,SUP_00501,3772.62,5131.75,Active,2022-05-11
PROD_004684,Right-sized scalable Graphical User Interface,Electronics,SUP_00063,1360.52,3098.42,Active,2022-01-03
PROD_004685,Stand-alone modular hub,Consumer Products,SUP_00194,1071.18,1909.0,Inactive,2022-05-08
PROD_004686,Polarized transitional flexibility,Healthcare Equipment,SUP_00301,3334.32,6112.79,Active,2026-02-14
PROD_004687,Persevering national Graphical User Interface,Industrial Equipment,SUP_00461,4912.09,8806.89,Active,2021-10-21
PROD_004688,Robust asynchronous extranet,Electronics,SUP_00184,1382.82,2653.28,Discontinued,2021-09-07
PROD_004689,Multi-tiered neutral infrastructure,Automotive Parts,SUP_00344,1561.69,2810.41,Discontinued,2021-01-07
PROD_004690,Ergonomic eco-centric methodology,Consumer Products,SUP_00362,1154.99,1582.6,Active,2023-07-02
PROD_004691,Reactive optimal focus group,Automotive Parts,SUP_00312,1492.19,2748.47,Active,2023-10-23
PROD_004692,Operative dedicated flexibility,Electronics,SUP_00632,998.87,2391.65,Active,2021-04-13
PROD_004693,Optimized responsive matrix,Healthcare Equipment,SUP_00903,3198.41,7987.6,Active,2024-04-09
PROD_004694,Phased intermediate info-mediaries,Healthcare Equipment,SUP_00117,1832.69,3002.31,Active,2022-09-21
PROD_004695,Devolved contextually-based capability,Software,SUP_00033,4360.37,6878.52,Active,2022-12-26
PROD_004696,Business-focused 6thgeneration architecture,Consumer Products,SUP_00034,2443.17,5083.74,Discontinued,2022-07-11
PROD_004697,Reactive national flexibility,Healthcare Equipment,SUP_00370,4044.0,6999.7,Active,2021-09-13
PROD_004698,Cross-platform value-added software,Electronics,SUP_00762,1250.9,2341.79,Active,2023-04-30
PROD_004699,Balanced stable open system,,SUP_00243,3547.5,5861.93,Inactive,2021-05-01
PROD_004700,Customizable global process improvement,Consumer Products,SUP_00894,1897.98,4179.15,Active,2024-12-14
PROD_004701,Horizontal intermediate encoding,Automotive Parts,SUP_00761,2971.17,4382.09,Active,2022-04-08
PROD_004702,Secured real-time orchestration,Automotive Parts,SUP_00718,1596.37,2283.98,Active,2025-02-16
PROD_004703,Reactive heuristic encoding,Consumer Products,SUP_00550,1485.98,2373.51,Active,2021-11-01
PROD_004704,Reactive optimal functionalities,Automotive Parts,SUP_00374,1590.07,2305.89,Active,2025-03-10
PROD_004705,Down-sized human-resource database,Industrial Equipment,SUP_00001,3101.47,7432.28,Active,2023-12-23
PROD_004706,Ameliorated cohesive array,Software,,2308.4,3933.0,Inactive,2024-02-20
PROD_004707,Seamless encompassing workforce,Electronics,SUP_00548,365.13,452.35,Active,2023-09-03
PROD_004708,Cross-platform dynamic installation,Industrial Equipment,SUP_00351,3606.11,5138.8,Active,2022-03-20
PROD_004709,Persevering reciprocal concept,Consumer Products,SUP_00728,1313.25,2574.96,Active,2025-11-25
PROD_004710,Face-to-face even-keeled benchmark,Electronics,SUP_00342,1716.75,3409.22,Discontinued,2021-01-07
PROD_004711,Synchronized fault-tolerant Internet solution,Software,SUP_00441,1989.09,3534.14,Active,2024-03-08
PROD_004712,Right-sized human-resource knowledge user,Consumer Products,SUP_00790,2583.59,4325.25,Active,2022-03-05
PROD_004713,Cross-platform attitude-oriented installation,Consumer Products,SUP_00468,3760.86,6511.01,Active,2024-11-30
PROD_004714,Organic coherent support,Software,SUP_00629,2356.49,4892.88,Active,2025-11-17
PROD_004715,Seamless web-enabled implementation,Electronics,SUP_00502,1381.8,2895.61,Active,2021-02-16
PROD_004716,Virtual encompassing database,Automotive Parts,SUP_00856,3346.35,6100.43,Active,2025-11-04
PROD_004717,Pre-emptive intermediate utilization,Industrial Equipment,SUP_00854,2897.55,4486.78,Active,2025-10-22
PROD_004718,Mandatory fresh-thinking adapter,Industrial Equipment,SUP_00668,2991.52,4454.13,Active,2023-09-29
PROD_004719,Seamless human-resource intranet,,SUP_00559,456.03,848.73,Inactive,2024-05-01
PROD_004720,Multi-layered client-server strategy,Healthcare Equipment,SUP_00098,4498.35,9479.53,Discontinued,2021-06-05
PROD_004721,Total systemic implementation,Industrial Equipment,SUP_00749,4819.57,6571.63,Active,2021-12-04
PROD_004722,Open-architected demand-driven data-warehouse,Consumer Products,SUP_00512,2950.12,5359.3,Active,2022-09-23
PROD_004723,Open-architected even-keeled encryption,Automotive Parts,SUP_00675,1636.49,2823.43,Active,2024-12-05
PROD_004724,Focused homogeneous policy,,SUP_00021,1514.14,2458.41,Active,2025-10-27
PROD_004725,Assimilated systemic open system,Automotive Parts,SUP_00951,546.58,1190.81,Active,2022-05-05
PROD_004726,Total asymmetric knowledge user,Software,SUP_00343,4145.35,5700.54,Inactive,2024-12-01
PROD_004727,Ameliorated human-resource orchestration,Software,SUP_00215,2965.74,6155.89,Discontinued,2022-11-24
PROD_004728,Multi-tiered 3rdgeneration matrix,Electronics,SUP_00561,2293.5,4409.4,Active,2023-05-26
PROD_004729,Organized interactive array,Electronics,SUP_00017,975.06,1854.84,Active,2023-05-28
PROD_004730,Monitored discrete flexibility,Unknown Category,SUP_00679,3887.9,5350.4,Active,2023-01-06
PROD_004731,Fundamental mission-critical complexity,Automotive Parts,SUP_00816,3001.89,6014.77,Active,2021-12-05
PROD_004732,Reduced secondary model,Consumer Products,SUP_00419,3131.91,4397.16,Active,2024-04-16
PROD_004733,Exclusive 5thgeneration implementation,Healthcare Equipment,SUP_00793,3747.65,6874.84,Active,2023-01-02
PROD_004734,Virtual discrete array,Consumer Products,SUP_00004,1803.49,4112.38,Active,2024-11-19
PROD_004735,Diverse background pricing structure,Consumer Products,SUP_00100,4926.22,6159.27,Active,2024-10-26
PROD_004736,Business-focused eco-centric artificial intelligence,Consumer Products,SUP_00223,1284.12,2649.42,Active,2023-11-20
PROD_004737,Function-based local collaboration,Automotive Parts,SUP_00882,1826.2,4086.19,Active,2022-08-12
PROD_004738,Optional even-keeled contingency,,SUP_00857,2576.5,4588.76,Active,2022-04-05
PROD_004739,Integrated composite model,Electronics,SUP_00898,1657.72,3992.22,Active,2021-05-14
PROD_004740,Cross-group regional application,Automotive Parts,SUP_00835,1392.0,2622.69,Discontinued,2024-02-23
PROD_004741,User-centric context-sensitive forecast,Consumer Products,SUP_00654,844.36,1553.37,Active,2024-01-05
PROD_004742,Optimized composite encoding,Electronics,SUP_00323,2864.48,6289.86,Inactive,2021-02-04
PROD_004743,Exclusive real-time structure,Consumer Products,SUP_00315,830.29,1034.4,Active,2021-06-04
PROD_004744,Visionary bandwidth-monitored flexibility,Automotive Parts,SUP_00109,1992.16,2939.21,Active,2025-06-28
PROD_004745,Enhanced national capability,Electronics,SUP_00339,758.61,1209.72,Active,2025-04-12
PROD_004746,Reactive well-modulated hub,Healthcare Equipment,SUP_00170,632.16,1239.23,Active,2024-12-21
PROD_004747,Distributed national contingency,Automotive Parts,,-100.0,9982.33,Active,2022-05-08
PROD_004748,Advanced fresh-thinking concept,Industrial Equipment,SUP_00709,469.24,1072.27,Active,2025-03-18
PROD_004749,Profound 3rdgeneration middleware,Consumer Products,SUP_00665,3126.08,4352.13,Active,2023-10-10
PROD_004750,Centralized hybrid challenge,,SUP_00420,1863.6,3384.57,Active,2021-12-02
PROD_004751,Phased coherent capacity,Industrial Equipment,SUP_00639,3837.95,8200.36,Active,2022-05-01
PROD_004752,Robust holistic orchestration,Software,SUP_00243,2672.14,6617.11,Active,2025-04-21
PROD_004753,Persistent dynamic knowledgebase,Electronics,SUP_00210,4261.52,5793.01,Active,2021-12-18
PROD_004754,Customizable transitional encryption,Healthcare Equipment,SUP_00786,536.64,700.76,Active,2021-11-22
PROD_004755,Robust web-enabled analyzer,Healthcare Equipment,SUP_00104,3161.72,7551.77,Active,2021-05-15
PROD_004756,Multi-tiered client-driven ability,Automotive Parts,SUP_00321,577.49,765.82,Active,2022-07-31
PROD_004757,Progressive mobile service-desk,Software,SUP_00306,1638.28,3446.71,Inactive,2025-02-22
PROD_004758,Reactive needs-based success,Automotive Parts,,4909.99,6258.02,Active,2023-03-22
PROD_004759,Progressive maximized project,Electronics,SUP_00832,1404.48,1790.35,Active,2026-03-08
PROD_004760,Multi-channeled zero tolerance portal,Electronics,SUP_00994,4515.56,7259.26,Active,2024-03-04
PROD_004761,User-friendly impactful system engine,Software,SUP_00651,3680.54,4546.39,Active,2022-05-20
PROD_004762,Open-source composite middleware,Healthcare Equipment,SUP_00900,1347.36,3202.56,Discontinued,2025-09-18
PROD_004763,De-engineered 5thgeneration database,Electronics,SUP_00517,3783.3,5570.33,Active,2021-05-28
PROD_004764,Multi-layered exuding budgetary management,Software,SUP_00518,1273.67,2695.63,Inactive,2024-04-27
PROD_004765,Open-source homogeneous implementation,Automotive Parts,SUP_00614,880.13,1121.42,Active,2022-08-24
PROD_004766,Assimilated foreground matrix,Electronics,SUP_00675,4123.6,7168.4,Active,2022-02-03
PROD_004767,Ameliorated didactic Internet solution,Healthcare Equipment,SUP_00365,857.18,1543.62,Active,2025-04-04
PROD_004768,Versatile client-server knowledge user,Electronics,SUP_00481,719.78,1408.67,Inactive,2025-10-02
PROD_004769,Virtual value-added challenge,Industrial Equipment,SUP_00652,2581.75,5890.79,Discontinued,2024-07-26
PROD_004770,Innovative hybrid encryption,Consumer Products,SUP_00742,1010.77,2103.22,Discontinued,2021-10-13
PROD_004771,Focused leadingedge extranet,Consumer Products,SUP_00778,477.28,1024.53,Active,2023-09-04
PROD_004772,Persistent transitional Local Area Network,Consumer Products,,3494.0,5536.52,Inactive,2023-01-16
PROD_004773,Expanded maximized capacity,Consumer Products,SUP_00219,2136.48,5134.2,Discontinued,2023-04-15
PROD_004774,Business-focused dynamic circuit,Consumer Products,SUP_00684,1379.64,1874.42,Active,2025-12-05
PROD_004775,Cross-platform explicit hub,Software,SUP_00863,1512.94,3288.06,Active,2021-04-17
PROD_004776,Persistent human-resource projection,Automotive Parts,SUP_00548,4743.81,8174.66,Active,2025-10-16
PROD_004777,Compatible radical frame,Industrial Equipment,SUP_00141,3808.65,4840.21,Active,2022-12-13
PROD_004778,Profound neutral matrices,Consumer Products,SUP_00337,4391.34,5327.57,Active,2021-03-23
PROD_004779,Polarized asymmetric help-desk,Healthcare Equipment,SUP_00911,902.71,1927.74,Active,2022-10-27
PROD_004780,Integrated motivating concept,Consumer Products,SUP_00311,3333.24,6002.57,Active,2021-01-23
PROD_004781,Cross-platform client-server synergy,Industrial Equipment,SUP_00966,626.91,1321.47,Active,2024-11-27
PROD_004782,Future-proofed analyzing algorithm,Software,SUP_00994,212.67,2835.8999999999996,Active,2023-10-20
PROD_004783,Self-enabling multi-state hub,Industrial Equipment,SUP_00727,3721.97,9165.15,Active,2021-02-18
PROD_004784,Open-architected full-range website,Electronics,SUP_00985,1671.89,2644.56,Active,2024-05-14
PROD_004785,Monitored regional Graphic Interface,Software,,2677.5,4472.29,Active,2022-07-26
PROD_004786,Business-focused multi-state paradigm,Software,SUP_00169,1205.49,2469.59,Active,2021-09-05
PROD_004787,Organic well-modulated matrix,Automotive Parts,SUP_00386,2845.6,3753.41,Inactive,2023-05-20
PROD_004788,Profound 5thgeneration secured line,Healthcare Equipment,SUP_00864,1121.69,2208.19,Active,2025-04-13
PROD_004789,Upgradable value-added open system,Healthcare Equipment,SUP_00824,1426.86,3566.15,Active,2023-10-12
PROD_004790,Distributed homogeneous groupware,Industrial Equipment,SUP_00975,4297.49,6762.07,Active,2024-08-18
PROD_004791,Organic upward-trending success,Industrial Equipment,SUP_00459,4555.62,5506.78,Inactive,2024-06-28
PROD_004792,Digitized client-server task-force,Software,SUP_00347,2155.97,4645.06,Discontinued,2026-01-10
PROD_004793,Cross-group reciprocal info-mediaries,Electronics,SUP_00713,4867.17,10699.15,Active,2022-07-08
PROD_004794,Face-to-face 6thgeneration analyzer,Electronics,,3740.79,8205.77,Discontinued,2022-08-31
PROD_004795,Devolved content-based instruction set,Consumer Products,SUP_00232,3216.34,5503.91,Active,2024-02-17
PROD_004796,Operative coherent interface,Automotive Parts,,807.33,1440.06,Active,2024-01-03
PROD_004797,Function-based demand-driven ability,Consumer Products,SUP_00387,2491.97,3421.65,Active,2026-06-11
PROD_004798,Diverse 5thgeneration firmware,Consumer Products,SUP_00461,2093.65,4376.39,Active,2024-12-29
PROD_004799,Cloned directional Local Area Network,Consumer Products,SUP_00199,3990.95,5043.32,Active,2026-01-10
PROD_004800,Down-sized systematic methodology,Automotive Parts,SUP_00541,381.97,698.61,Active,2021-08-18
PROD_004801,Synchronized logistical workforce,Healthcare Equipment,SUP_00524,3736.52,7968.2,Active,2025-12-10
PROD_004802,Seamless upward-trending hub,Automotive Parts,SUP_00910,2905.88,4995.52,Active,2025-09-03
PROD_004803,Fundamental object-oriented open architecture,Industrial Equipment,SUP_00193,1004.82,2384.23,Active,2024-01-05
PROD_004804,User-centric full-range product,Software,SUP_00794,3033.04,6265.16,Inactive,2024-08-26
PROD_004805,Progressive coherent secured line,Industrial Equipment,SUP_00511,2898.12,6559.12,Discontinued,2024-09-30
PROD_004806,Universal optimizing model,Electronics,SUP_00613,636.18,1359.81,Discontinued,2024-10-01
PROD_004807,Right-sized zero-defect encryption,Healthcare Equipment,SUP_00509,2186.95,2698.83,Inactive,2022-03-30
PROD_004808,Ameliorated intermediate matrices,Electronics,SUP_00170,3494.35,8515.18,Discontinued,2022-07-01
PROD_004809,Profound exuding methodology,Automotive Parts,SUP_00645,3052.78,4276.1,Active,2026-05-06
PROD_004810,Open-architected actuating parallelism,Electronics,SUP_00945,1459.19,2994.68,Active,2022-08-26
PROD_004811,Function-based bi-directional circuit,Industrial Equipment,SUP_00394,1700.91,3076.2,Discontinued,2024-01-19
PROD_004812,Face-to-face dynamic Local Area Network,Automotive Parts,SUP_00952,4888.31,12114.14,Active,2025-12-21
PROD_004813,Cross-platform tangible moratorium,,SUP_00756,4996.15,11476.74,Active,2023-10-12
PROD_004814,Open-source value-added initiative,Electronics,SUP_00884,459.14,921.5,Active,2023-04-22
PROD_004815,Managed exuding artificial intelligence,Software,SUP_00417,4469.71,8999.85,Active,2022-05-02
PROD_004816,Secured mission-critical protocol,Electronics,SUP_00725,4867.72,11263.64,Active,2021-05-14
PROD_004817,Intuitive analyzing Internet solution,Healthcare Equipment,SUP_00395,1874.22,3914.9,Active,2023-03-26
PROD_004818,Optional coherent instruction set,Automotive Parts,SUP_00478,1444.56,2916.24,Active,2023-08-08
PROD_004819,Assimilated full-range hub,Consumer Products,SUP_00572,2795.66,4710.87,Active,2021-08-26
PROD_004820,Front-line mobile matrix,Consumer Products,SUP_00799,3057.85,6649.59,Active,2026-02-05
PROD_004821,Object-based optimizing data-warehouse,Automotive Parts,SUP_00970,1952.63,2590.96,Inactive,2023-03-25
PROD_004822,Front-line executive encryption,Automotive Parts,SUP_00584,1613.17,2257.37,Discontinued,2024-05-09
PROD_004823,Down-sized global complexity,Healthcare Equipment,SUP_00389,4564.55,11240.86,Active,2024-04-14
PROD_004824,Reverse-engineered homogeneous artificial intelligence,Software,SUP_00771,1008.96,1463.94,Active,2021-07-21
PROD_004825,Configurable user-facing access,Consumer Products,SUP_00357,304.24,599.65,Active,2021-10-28
PROD_004826,Optimized modular array,Automotive Parts,SUP_00709,1890.81,4231.68,Active,2026-02-18
PROD_004827,Total secondary collaboration,Software,SUP_00042,3995.64,9735.94,Active,2026-06-13
PROD_004828,Adaptive methodical conglomeration,Electronics,SUP_00486,4511.27,9062.22,Active,2021-03-07
PROD_004829,Implemented high-level service-desk,Industrial Equipment,SUP_00881,1213.73,2835.04,Active,2024-10-07
PROD_004830,Total heuristic secured line,Electronics,SUP_00699,495.22,776.42,Active,2024-02-22
PROD_004831,Balanced composite function,Software,SUP_00684,3902.51,5975.27,Active,2022-10-25
PROD_004832,Automated optimal artificial intelligence,Automotive Parts,,3094.32,4066.36,Active,2026-06-06
PROD_004833,Seamless 24hour core,Electronics,SUP_00258,444.2,1049.25,Active,2025-05-03
PROD_004834,Object-based mobile benchmark,Healthcare Equipment,SUP_00465,396.67,742.94,Discontinued,2022-06-21
PROD_004835,Implemented reciprocal moderator,Consumer Products,SUP_00735,4195.65,9686.72,Active,2021-05-24
PROD_004836,Seamless executive challenge,Software,SUP_00986,3879.15,9061.66,Active,2021-05-11
PROD_004837,Robust empowering complexity,Healthcare Equipment,SUP_00303,1946.07,2637.02,Active,2024-07-14
PROD_004838,Total multimedia attitude,Software,SUP_00096,823.76,1272.3,Active,2023-09-23
PROD_004839,Face-to-face system-worthy forecast,Automotive Parts,SUP_00917,1965.46,4472.39,Active,2021-03-06
PROD_004840,Mandatory static complexity,Healthcare Equipment,SUP_00228,4274.34,8563.97,Active,2024-10-25
PROD_004841,Organized heuristic migration,Automotive Parts,SUP_00691,2576.61,4289.04,Active,2022-09-07
PROD_004842,Streamlined tertiary initiative,,SUP_00090,2989.46,7151.78,Active,2023-04-19
PROD_004843,Front-line fault-tolerant secured line,Software,,3004.1,4890.64,Active,2022-10-18
PROD_004844,Front-line maximized collaboration,Automotive Parts,SUP_00407,2053.39,4641.84,Active,2024-11-11
PROD_004845,Automated attitude-oriented approach,Software,SUP_00830,3945.05,5994.3,Active,2024-03-24
PROD_004846,Decentralized client-server benchmark,Electronics,SUP_00469,4224.13,5013.36,Active,2026-06-26
PROD_004847,De-engineered coherent success,Consumer Products,SUP_00378,3217.49,4685.45,Active,2021-05-28
PROD_004848,Visionary full-range solution,Healthcare Equipment,SUP_00731,762.24,978.55,Inactive,2022-10-04
PROD_004849,Front-line transitional matrices,Healthcare Equipment,SUP_00604,3422.53,6735.45,Active,2023-05-24
PROD_004850,Decentralized secondary secured line,Industrial Equipment,SUP_00549,4569.52,7950.72,Active,2026-03-06
PROD_004851,Reactive upward-trending parallelism,Automotive Parts,SUP_00607,167.34,309.99,Discontinued,2022-08-30
PROD_004852,Triple-buffered demand-driven leverage,Healthcare Equipment,SUP_00328,4492.5,8933.66,Active,2024-08-09
PROD_004853,Multi-lateral cohesive infrastructure,Software,SUP_00860,2711.27,6167.62,Active,2022-01-20
PROD_004854,Cloned actuating alliance,Consumer Products,SUP_00751,1430.73,3478.57,Active,2025-08-15
PROD_004855,Function-based human-resource contingency,Automotive Parts,SUP_00630,3775.55,5756.71,Active,2025-06-18
PROD_004856,Persistent stable infrastructure,Automotive Parts,SUP_00087,2109.89,3859.22,Active,2025-04-22
PROD_004857,Inverse local challenge,Healthcare Equipment,SUP_00019,995.3,1844.07,Active,2025-06-25
PROD_004858,User-friendly tertiary interface,Automotive Parts,SUP_00750,1674.14,2917.45,Inactive,2024-08-13
PROD_004859,Versatile non-volatile standardization,Electronics,SUP_00447,3356.02,5994.53,Active,2022-01-05
PROD_004860,Down-sized eco-centric instruction set,Consumer Products,SUP_00189,4075.3,6822.18,Active,2021-07-06
PROD_004861,Managed client-server analyzer,Automotive Parts,SUP_00146,4583.5,10983.35,Active,2025-11-09
PROD_004862,Front-line multimedia portal,Software,SUP_00345,934.34,1258.28,Active,2023-09-21
PROD_004863,Grass-roots dedicated success,Automotive Parts,SUP_00746,4154.8,5212.58,Active,2021-12-29
PROD_004864,Automated zero administration access,Consumer Products,SUP_00968,1356.88,3161.71,Active,2024-06-20
PROD_004865,Universal global website,Healthcare Equipment,SUP_00006,-100.0,2866.13,Active,2024-05-18
PROD_004866,Mandatory 24hour benchmark,Consumer Products,SUP_00834,3918.97,5205.77,Inactive,2023-08-27
PROD_004867,Profit-focused dedicated data-warehouse,Software,SUP_00206,1420.97,2273.72,Active,2021-10-24
PROD_004868,Synergized stable support,,SUP_00131,2110.13,4677.18,Active,2025-02-01
PROD_004869,Grass-roots multi-tasking infrastructure,Software,SUP_00663,2806.11,5430.61,Inactive,2025-11-20
PROD_004870,Reverse-engineered reciprocal pricing structure,Industrial Equipment,SUP_00466,4117.27,7880.5,Active,2022-01-30
PROD_004871,Visionary upward-trending website,Healthcare Equipment,SUP_00240,1837.63,3658.05,Active,2021-03-21
PROD_004872,Up-sized optimizing neural-net,Automotive Parts,SUP_00167,2895.82,6926.86,Active,2022-08-06
PROD_004873,Versatile logistical analyzer,Electronics,SUP_00278,2022.51,2506.98,Active,2022-07-25
PROD_004874,Ameliorated incremental parallelism,Healthcare Equipment,SUP_00528,4131.18,5233.46,Active,2024-06-11
PROD_004875,Cloned methodical instruction set,Electronics,SUP_00325,2455.2,5342.41,Active,2026-02-07
PROD_004876,Robust object-oriented emulation,Automotive Parts,SUP_00010,2814.32,3666.16,Active,2026-01-26
PROD_004877,Reverse-engineered directional knowledge user,Software,SUP_00515,1684.13,3429.94,Active,2022-06-15
PROD_004878,Streamlined 5thgeneration emulation,Healthcare Equipment,SUP_00452,1829.97,4057.32,Active,2024-09-02
PROD_004879,Reduced eco-centric infrastructure,Automotive Parts,SUP_00750,-100.0,7065.89,Active,2022-06-17
PROD_004880,Progressive discrete analyzer,Software,SUP_00189,1006.13,2201.11,Active,2022-03-21
PROD_004881,Organized disintermediate infrastructure,Electronics,SUP_00033,257.99,320.87,Active,2021-01-05
PROD_004882,Business-focused asynchronous website,Industrial Equipment,SUP_00741,2071.51,3692.59,Inactive,2025-05-31
PROD_004883,Public-key needs-based instruction set,Industrial Equipment,SUP_00448,3067.03,4754.88,Inactive,2021-02-02
PROD_004884,Upgradable zero administration productivity,Software,SUP_00371,313.09,441.04,Active,2025-04-30
PROD_004885,Visionary radical protocol,Software,SUP_00875,4008.59,5766.81,Active,2021-04-13
PROD_004886,Reduced didactic monitoring,Automotive Parts,SUP_00878,4428.62,9721.16,Active,2024-08-19
PROD_004887,Horizontal zero-defect budgetary management,Software,SUP_00452,232.42,346.73,Discontinued,2025-09-12
PROD_004888,Networked next generation success,Industrial Equipment,SUP_00906,3918.1,6925.98,Active,2022-10-22
PROD_004889,Quality-focused solution-oriented customer loyalty,Software,SUP_00624,3302.52,5115.4,Active,2021-01-29
PROD_004890,Optimized attitude-oriented groupware,Consumer Products,,4522.1,9225.35,Active,2024-07-21
PROD_004891,Polarized 3rdgeneration attitude,Industrial Equipment,SUP_00496,3042.77,6329.39,Active,2021-09-18
PROD_004892,User-friendly upward-trending firmware,Automotive Parts,SUP_00582,4645.01,6833.8,Inactive,2021-12-06
PROD_004893,Implemented static extranet,Consumer Products,SUP_00110,2924.44,6691.76,Active,2023-04-14
PROD_004894,Optimized demand-driven superstructure,Electronics,SUP_00330,1606.88,3556.13,Active,2021-11-25
PROD_004895,Cross-platform well-modulated forecast,Healthcare Equipment,SUP_00822,1624.13,2610.69,Inactive,2022-09-13
PROD_004896,Quality-focused system-worthy neural-net,Healthcare Equipment,SUP_00572,1186.74,2923.39,Active,2024-07-05
PROD_004897,Compatible coherent capability,Consumer Products,,3627.57,8877.38,Active,2025-09-08
PROD_004898,Adaptive disintermediate architecture,Consumer Products,SUP_00337,3034.34,4676.19,Active,2025-04-12
PROD_004899,Virtual encompassing conglomeration,Healthcare Equipment,SUP_00481,369.34,667.06,Active,2021-08-16
PROD_004900,Organized global capability,Software,SUP_00114,3267.35,7639.31,Active,2023-10-01
PROD_004901,Vision-oriented national Local Area Network,Automotive Parts,SUP_00549,2630.37,4697.84,Active,2023-10-22
PROD_004902,Polarized static pricing structure,Automotive Parts,SUP_00848,3759.14,8677.81,Active,2022-07-13
PROD_004903,Configurable heuristic toolset,Industrial Equipment,SUP_00115,2509.04,3868.36,Inactive,2021-07-04
PROD_004904,Enhanced human-resource workforce,Industrial Equipment,SUP_00831,4208.29,5688.08,Active,2022-01-15
PROD_004905,Function-based uniform adapter,Unknown Category,SUP_00456,4686.76,8528.25,Active,2026-01-02
PROD_004906,Secured zero administration array,Consumer Products,SUP_00256,2128.67,3039.81,Active,2026-06-14
PROD_004907,Diverse client-server Graphical User Interface,Automotive Parts,SUP_00075,401.02,641.68,Active,2021-11-18
PROD_004908,Team-oriented national core,Consumer Products,SUP_00971,1480.32,2758.75,Active,2023-08-19
PROD_004909,Versatile responsive hardware,Software,SUP_00762,3950.09,4725.43,Discontinued,2021-03-01
PROD_004910,Networked web-enabled Internet solution,Automotive Parts,SUP_00910,2058.97,4206.82,Discontinued,2021-07-27
PROD_004911,Profound zero-defect workforce,Software,SUP_00349,1267.34,1776.07,Active,2023-03-19
PROD_004912,Down-sized content-based process improvement,Industrial Equipment,SUP_00590,4944.03,10455.52,Active,2024-07-02
PROD_004913,Vision-oriented optimizing synergy,Healthcare Equipment,SUP_00056,3980.14,7857.02,Active,2024-10-30
PROD_004914,User-friendly discrete protocol,Unknown Category,SUP_00940,1731.24,2836.88,Active,2026-02-17
PROD_004915,Vision-oriented modular open architecture,Industrial Equipment,SUP_00624,850.12,992.59,Active,2025-03-27
PROD_004916,Networked fresh-thinking project,Consumer Products,SUP_00095,270.06,478.18,Active,2023-01-10
PROD_004917,Balanced 5thgeneration knowledge user,Healthcare Equipment,SUP_00632,4129.32,6001.5,Active,2022-01-13
PROD_004918,Re-engineered heuristic adapter,Automotive Parts,SUP_00864,3823.85,5209.83,Inactive,2026-06-05
PROD_004919,Multi-layered solution-oriented Graphical User Interface,Consumer Products,SUP_00737,2442.38,5255.5,Active,2023-04-14
PROD_004920,Adaptive foreground Local Area Network,Electronics,SUP_00276,875.72,1951.96,Active,2021-06-20
PROD_004921,Cross-platform radical model,Electronics,SUP_00601,2499.45,6133.0,Discontinued,2024-02-01
PROD_004922,Customizable optimizing challenge,Industrial Equipment,,3175.81,7610.49,Active,2023-08-08
PROD_004923,Reactive neutral success,Electronics,SUP_00216,131.79,177.56,Inactive,2025-03-08
PROD_004924,Decentralized regional workforce,Automotive Parts,SUP_00741,1852.76,3382.95,Discontinued,2021-03-07
PROD_004925,Sharable foreground encryption,,SUP_00096,2020.84,2652.23,Active,2022-09-18
PROD_004926,Optimized explicit alliance,Consumer Products,SUP_00186,2214.95,3958.08,Active,2025-09-19
PROD_004927,Centralized exuding secured line,Electronics,SUP_00010,3039.45,6341.7,Active,2026-04-18
PROD_004928,Devolved tangible firmware,Consumer Products,SUP_00017,4658.32,11325.88,Discontinued,2025-06-25
PROD_004929,Distributed even-keeled Graphical User Interface,Industrial Equipment,SUP_00719,4085.45,8474.06,Inactive,2025-09-01
PROD_004930,Compatible multi-tasking hierarchy,Electronics,SUP_00498,715.13,1200.09,Discontinued,2021-05-31
PROD_004931,Integrated user-facing framework,Software,SUP_00092,4345.75,5544.46,Active,2023-03-28
PROD_004932,Assimilated executive Graphic Interface,Consumer Products,SUP_00797,520.79,890.93,Inactive,2022-01-06
PROD_004933,Cross-group client-driven moderator,Consumer Products,SUP_00551,1528.57,1778.85,Active,2024-04-24
PROD_004934,Cross-platform high-level budgetary management,Automotive Parts,SUP_00624,3242.66,5367.95,Active,2021-07-10
PROD_004935,Fundamental zero administration groupware,Industrial Equipment,SUP_00035,4065.03,5435.4,Active,2022-10-01
PROD_004936,Decentralized contextually-based orchestration,Industrial Equipment,SUP_00521,882.13,1888.94,Active,2022-03-02
PROD_004937,Configurable discrete application,Software,SUP_00934,1584.5,3889.92,Inactive,2022-07-09
PROD_004938,Virtual neutral system engine,Industrial Equipment,SUP_00577,2637.31,5430.3,Active,2023-12-22
PROD_004939,Configurable transitional neural-net,Electronics,SUP_00462,2990.2,4597.87,Inactive,2026-02-20
PROD_004940,Team-oriented needs-based framework,Healthcare Equipment,SUP_00129,1867.29,2462.25,Active,2025-12-24
PROD_004941,Switchable exuding attitude,Industrial Equipment,SUP_00072,2033.64,3651.45,Active,2025-12-02
PROD_004942,Versatile 6thgeneration function,Electronics,,2639.05,4848.35,Active,2026-01-18
PROD_004943,Operative background protocol,Industrial Equipment,SUP_00306,2750.92,4397.52,Discontinued,2022-10-31
PROD_004944,User-centric actuating challenge,Automotive Parts,SUP_00740,4913.81,10242.91,Active,2021-05-18
PROD_004945,Reverse-engineered 24hour benchmark,Healthcare Equipment,SUP_00653,3333.42,8247.22,Active,2025-11-24
PROD_004946,Balanced methodical workforce,,SUP_00331,2064.42,4899.84,Inactive,2022-12-26
PROD_004947,Quality-focused bi-directional firmware,Consumer Products,SUP_00461,3885.08,6820.24,Active,2021-11-15
PROD_004948,Realigned dynamic artificial intelligence,Industrial Equipment,SUP_00675,2780.65,4156.48,Active,2022-11-02
PROD_004949,Enterprise-wide solution-oriented open system,Consumer Products,SUP_00634,528.76,1138.99,Active,2024-11-06
PROD_004950,Customer-focused responsive workforce,Consumer Products,SUP_00359,4032.88,7183.45,Inactive,2021-02-03
PROD_004951,Extended upward-trending strategy,Healthcare Equipment,SUP_00542,-100.0,6863.46,Active,2021-09-12
PROD_004952,User-centric systemic migration,Healthcare Equipment,SUP_00406,3773.4,5521.16,Discontinued,2022-04-24
PROD_004953,Open-source 24hour software,Healthcare Equipment,SUP_00375,4757.77,8715.23,Active,2023-11-16
PROD_004954,Future-proofed object-oriented utilization,Automotive Parts,,3643.39,6065.03,Active,2025-01-04
PROD_004955,Ergonomic modular neural-net,Software,SUP_00846,125.07,267.06,Active,2022-04-23
PROD_004956,Optional didactic pricing structure,Electronics,,4511.27,8576.83,Active,2024-08-30
PROD_004957,Ergonomic multi-tasking frame,Software,SUP_00073,2380.46,5614.88,Active,2022-11-22
PROD_004958,Open-architected optimizing installation,Industrial Equipment,SUP_00065,3726.04,6829.36,Active,2026-01-01
PROD_004959,Horizontal encompassing encryption,Automotive Parts,SUP_00575,4561.4,10434.39,Active,2024-05-21
PROD_004960,Decentralized tertiary instruction set,Automotive Parts,SUP_00632,480.54,857.3,Inactive,2022-05-27
PROD_004961,Robust modular ability,Electronics,SUP_00130,1215.46,2926.05,Inactive,2026-05-16
PROD_004962,Open-architected optimizing core,Electronics,SUP_00524,727.08,978.38,Active,2025-02-07
PROD_004963,Team-oriented clear-thinking orchestration,Automotive Parts,SUP_00652,622.04,1422.95,Discontinued,2022-01-05
PROD_004964,Stand-alone optimal capability,Industrial Equipment,SUP_00348,2295.67,4845.59,Discontinued,2026-04-25
PROD_004965,Fully-configurable clear-thinking structure,Software,SUP_00655,2060.54,2948.31,Active,2021-03-22
PROD_004966,Fully-configurable value-added analyzer,Consumer Products,SUP_00317,146.13,267.78,Inactive,2025-01-06
PROD_004967,Synergized hybrid challenge,Automotive Parts,SUP_00463,312.21,688.72,Active,2026-04-21
PROD_004968,Grass-roots bifurcated orchestration,Electronics,SUP_00272,3414.52,6185.87,Active,2021-01-06
PROD_004969,Expanded transitional budgetary management,Automotive Parts,SUP_00760,3382.37,6382.84,Active,2025-07-23
PROD_004970,Advanced incremental benchmark,Automotive Parts,SUP_00699,3552.22,7986.94,Active,2022-11-16
PROD_004971,Organized client-server circuit,,SUP_00240,2449.99,3974.82,Inactive,2024-12-23
PROD_004972,Decentralized holistic Graphic Interface,Electronics,SUP_00774,1064.85,1226.88,Active,2026-05-15
PROD_004973,Multi-tiered stable model,Automotive Parts,SUP_00322,3463.96,6223.65,Active,2024-09-26
PROD_004974,Organic stable customer loyalty,Consumer Products,SUP_00867,1087.67,2609.18,Active,2025-09-17
PROD_004975,Digitized demand-driven info-mediaries,Industrial Equipment,SUP_00918,2581.23,5125.23,Active,2022-12-10
PROD_004976,Synchronized stable encryption,Software,SUP_00560,1445.16,2810.81,Discontinued,2023-09-10
PROD_004977,Grass-roots intermediate application,Industrial Equipment,SUP_00874,2704.83,6726.93,Active,2022-05-21
PROD_004978,Optional maximized complexity,Industrial Equipment,,4258.01,6748.68,Active,2021-05-04
PROD_004979,Centralized value-added knowledgebase,Software,SUP_00329,3283.26,4675.11,Discontinued,2023-11-18
PROD_004980,Expanded incremental budgetary management,Healthcare Equipment,SUP_00134,3144.55,7454.67,Discontinued,2025-11-03
PROD_004981,Digitized executive focus group,Industrial Equipment,SUP_00415,768.12,1673.45,Discontinued,2021-12-22
PROD_004982,Visionary 24/7 leverage,Healthcare Equipment,SUP_00449,2086.02,4323.67,Active,2025-04-26
PROD_004983,Progressive asymmetric parallelism,Software,SUP_00991,2183.87,5258.27,Active,2023-07-01
PROD_004984,Innovative secondary definition,Healthcare Equipment,SUP_00626,1711.64,3725.78,Discontinued,2023-06-21
PROD_004985,Team-oriented even-keeled matrices,Industrial Equipment,SUP_00546,917.79,1166.45,Inactive,2026-04-17
PROD_004986,Future-proofed cohesive matrices,Industrial Equipment,SUP_00083,4365.11,8031.01,Active,2022-03-19
PROD_004987,Devolved 3rdgeneration time-frame,Healthcare Equipment,SUP_00306,393.77,769.58,Active,2022-04-16
PROD_004988,Pre-emptive human-resource definition,Electronics,SUP_00549,4664.85,7279.32,Discontinued,2026-06-02
PROD_004989,Reactive multimedia project,Healthcare Equipment,SUP_00681,1185.22,2051.26,Inactive,2026-02-17
PROD_004990,Customizable encompassing success,Industrial Equipment,SUP_00372,1873.37,4588.18,Active,2023-01-14
PROD_004991,Function-based system-worthy attitude,Electronics,SUP_00046,988.12,1156.32,Active,2022-06-30
PROD_004992,Switchable multi-state website,Healthcare Equipment,SUP_00612,175.78,281.85,Active,2022-09-15
PROD_004993,Open-architected 3rdgeneration architecture,Healthcare Equipment,SUP_00614,4103.59,9635.54,Active,2024-02-12
PROD_004994,Customer-focused disintermediate forecast,Consumer Products,SUP_00089,713.39,1102.74,Inactive,2022-05-21
PROD_004995,Fully-configurable web-enabled secured line,Automotive Parts,SUP_00345,3109.77,5185.13,Active,2026-02-12
PROD_004996,Seamless object-oriented website,Electronics,SUP_00558,2316.48,4251.17,Active,2026-01-29
PROD_004997,Enterprise-wide responsive methodology,,SUP_00199,3763.02,7043.82,Active,2026-05-15
PROD_004998,Adaptive coherent adapter,Automotive Parts,SUP_00459,4790.63,7998.6,Active,2022-10-19
PROD_004999,Team-oriented zero administration neural-net,Automotive Parts,SUP_00108,3257.84,3799.79,Active,2023-04-22
PROD_005000,Mandatory 24hour matrices,Healthcare Equipment,SUP_00327,2345.39,3652.41,Active,2022-01-23
PROD_001502,Configurable solution-oriented info-mediaries,Electronics,SUP_00480,3822.83,8079.05,Active,2022-09-13
PROD_002587,Visionary full-range workforce,Software,SUP_00495,4932.27,6261.85,Active,2025-01-24
PROD_002654,Re-contextualized local productivity,Electronics,SUP_00959,4980.92,7943.98,Active,2025-11-30
PROD_001056,Re-engineered neutral matrix,Electronics,SUP_00056,2083.4,3773.08,Active,2021-11-05
PROD_000706,Function-based demand-driven groupware,Industrial Equipment,,2569.01,4235.09,Discontinued,2024-07-21
PROD_000107,Balanced heuristic database,Consumer Products,SUP_00132,1783.58,3756.3,Active,2024-09-30
PROD_000590,Balanced 6thgeneration alliance,Electronics,SUP_00764,1537.42,2444.28,Inactive,2021-10-02
PROD_002469,Synchronized leadingedge support,Consumer Products,SUP_00858,2116.07,3283.48,Discontinued,2022-07-11
PROD_002414,Programmable explicit instruction set,Automotive Parts,SUP_00694,3080.94,6521.84,Active,2023-03-18
PROD_001601,Organized local infrastructure,Software,SUP_00371,1826.4,3604.51,Active,2021-01-01
PROD_002465,Synchronized local collaboration,Electronics,SUP_00333,2906.36,4731.34,Inactive,2025-10-04
PROD_000229,Re-contextualized exuding artificial intelligence,Automotive Parts,,1801.66,4403.52,Active,2026-06-17
PROD_000916,Advanced high-level functionalities,Industrial Equipment,SUP_00529,2808.69,3821.64,Inactive,2021-09-22
PROD_000795,Visionary neutral algorithm,Automotive Parts,SUP_00256,2445.75,2830.16,Inactive,2026-03-27
PROD_003022,Implemented tertiary flexibility,Healthcare Equipment,SUP_00740,523.46,718.48,Active,2024-01-13
PROD_003544,Organic optimal functionalities,Software,SUP_00309,4061.49,7015.8,Active,2021-03-26
PROD_001074,Programmable object-oriented service-desk,Software,SUP_00432,2841.27,4269.21,Active,2026-05-26
PROD_003352,Multi-channeled exuding strategy,Automotive Parts,SUP_00614,1415.82,2298.51,Active,2022-11-01
PROD_001745,Enterprise-wide reciprocal emulation,Industrial Equipment,SUP_00672,2959.04,6981.32,Active,2024-11-22
PROD_001085,Virtual bandwidth-monitored benchmark,Software,SUP_00345,2797.91,5438.55,Active,2024-02-03
PROD_000927,Sharable well-modulated projection,,SUP_00836,2803.82,3334.75,Discontinued,2024-09-28
PROD_003050,Robust bandwidth-monitored implementation,Industrial Equipment,SUP_00623,4155.6,9277.91,Active,2023-02-10
PROD_001118,Optimized homogeneous hardware,Industrial Equipment,SUP_00892,3640.59,4740.04,Active,2023-07-10
PROD_000643,Stand-alone eco-centric structure,Consumer Products,SUP_00586,122.73,203.95,Active,2022-01-09
PROD_004768,Versatile client-server knowledge user,Electronics,SUP_00481,719.78,1408.67,Inactive,2025-10-02
PROD_000502,Cloned transitional time-frame,Software,SUP_00008,1471.33,3266.87,Active,2026-03-08
PROD_004067,Cross-group context-sensitive middleware,Healthcare Equipment,SUP_00923,1463.02,2270.4,Active,2026-01-07
PROD_000334,Persistent tangible framework,Software,SUP_00707,2238.02,3573.45,Active,2024-07-26
PROD_004685,Stand-alone modular hub,Consumer Products,SUP_00194,1071.18,1909.0,Inactive,2022-05-08
PROD_000487,Proactive radical monitoring,Consumer Products,SUP_00984,1724.4,2701.69,Discontinued,2021-02-02
PROD_001963,Front-line content-based capability,Software,SUP_00640,911.35,1984.03,Active,2026-06-03
PROD_000394,Multi-layered fault-tolerant success,Healthcare Equipment,SUP_00966,1322.38,2927.31,Inactive,2022-10-13
PROD_004843,Front-line fault-tolerant secured line,Software,,3004.1,4890.64,Active,2022-10-18
PROD_004867,Profit-focused dedicated data-warehouse,Software,SUP_00206,1420.97,2273.72,Active,2021-10-24
PROD_001756,Polarized methodical website,Healthcare Equipment,SUP_00292,4156.99,6743.61,Active,2021-03-13
PROD_002516,Adaptive 24/7 service-desk,Healthcare Equipment,SUP_00329,2187.08,3852.65,Active,2021-12-15
PROD_003586,Total next generation encoding,Automotive Parts,SUP_00928,1326.43,2537.85,Active,2024-11-29
PROD_004316,Focused 5thgeneration info-mediaries,Consumer Products,SUP_00010,2427.97,3141.23,Inactive,2022-01-06
PROD_004967,Synergized hybrid challenge,Automotive Parts,SUP_00463,312.21,688.72,Active,2026-04-21
PROD_002100,Public-key optimal help-desk,Automotive Parts,SUP_00940,1788.66,4017.64,Active,2025-07-10
PROD_003600,Optimized executive Graphic Interface,Consumer Products,SUP_00604,545.09,1136.01,Active,2023-02-10
PROD_004122,Fundamental asymmetric toolset,Consumer Products,SUP_00899,4432.93,6491.74,Active,2023-01-04
PROD_000030,Reduced impactful hierarchy,Industrial Equipment,SUP_00385,1178.28,2034.41,Inactive,2022-03-16
PROD_000066,Public-key local challenge,Industrial Equipment,SUP_00036,4001.56,8112.97,Active,2023-04-27
PROD_000839,Networked intangible policy,Consumer Products,,4436.16,6279.31,Active,2021-10-04
PROD_003907,Organized cohesive conglomeration,Electronics,SUP_00977,2198.2,3450.85,Discontinued,2023-03-14
PROD_003774,Cross-group contextually-based functionalities,Electronics,SUP_00514,4407.72,5853.06,Active,2024-03-31
PROD_004636,Fully-configurable client-driven capability,Industrial Equipment,SUP_00392,676.3,1334.96,Discontinued,2021-02-18
PROD_003162,Managed asymmetric functionalities,Automotive Parts,SUP_00898,3819.63,7982.69,Active,2022-11-18
PROD_002660,Multi-layered multi-state access,Automotive Parts,SUP_00483,565.18,1252.21,Active,2021-12-11
PROD_004616,Grass-roots tangible open system,,SUP_00146,4678.68,6410.84,Active,2023-02-18
PROD_004629,Robust non-volatile algorithm,Consumer Products,SUP_00265,3508.15,5643.08,Active,2023-05-29
PROD_002452,Realigned holistic capability,Industrial Equipment,SUP_00795,1856.54,2821.03,Active,2024-04-21
PROD_002847,Multi-tiered analyzing workforce,Unknown Category,,1514.28,1878.45,Inactive,2022-10-31
PROD_001145,Innovative incremental application,Automotive Parts,SUP_00989,4385.73,10403.63,Active,2025-10-13
PROD_003079,De-engineered contextually-based throughput,Automotive Parts,SUP_00027,4415.84,7290.93,Active,2023-02-12
PROD_001104,Business-focused high-level strategy,Automotive Parts,SUP_00232,4071.33,5134.96,Active,2022-02-04
PROD_000169,Optional mobile algorithm,Software,SUP_00172,1048.57,2174.91,Active,2023-02-20
PROD_001671,Triple-buffered multi-tasking challenge,Industrial Equipment,SUP_00343,4393.17,5291.05,Inactive,2023-05-13
PROD_002571,Devolved 6thgeneration approach,Electronics,SUP_00529,1016.11,1395.41,Inactive,2021-09-14
PROD_002378,Operative systematic projection,Healthcare Equipment,SUP_00767,1961.38,4339.26,Active,2025-01-13
PROD_004396,Fundamental local Internet solution,Consumer Products,SUP_00375,3674.48,5044.88,Discontinued,2022-11-09
PROD_004258,Public-key didactic hardware,Software,SUP_00062,4054.1,9632.14,Inactive,2021-07-14
PROD_003863,Compatible fresh-thinking hub,Automotive Parts,SUP_00314,4017.14,7541.16,Active,2021-03-18
PROD_000024,Vision-oriented analyzing emulation,Healthcare Equipment,SUP_00461,1048.51,2473.73,Active,2025-07-07
PROD_002634,Fundamental 24/7 throughput,Electronics,SUP_00807,2842.22,5313.79,Active,2022-08-24
PROD_003341,Synchronized methodical interface,Industrial Equipment,SUP_00371,1016.57,1992.05,Active,2022-11-02
PROD_002216,Optional interactive project,,SUP_00259,1687.44,2347.56,Inactive,2025-12-22
PROD_003683,Multi-layered mission-critical open system,Electronics,SUP_00259,799.84,1352.37,Active,2021-08-07
PROD_004725,Assimilated systemic open system,Automotive Parts,SUP_00951,546.58,1190.81,Active,2022-05-05
PROD_001908,Cloned mobile customer loyalty,Software,SUP_00589,3560.44,5057.46,Active,2024-05-09
PROD_000085,Expanded static structure,Software,SUP_00497,4342.63,8724.97,Inactive,2022-09-23
PROD_000228,Synergized actuating collaboration,Software,SUP_00685,4198.63,7120.52,Inactive,2021-10-27
PROD_000297,Cross-platform leadingedge concept,Healthcare Equipment,SUP_00430,1058.32,1347.32,Active,2024-10-24
PROD_001002,Multi-channeled mission-critical moratorium,Electronics,SUP_00709,2913.54,6077.99,Active,2025-04-17
PROD_002139,Persevering radical support,Automotive Parts,SUP_00022,4060.12,6128.0,Active,2022-09-18
PROD_000712,Managed exuding access,Healthcare Equipment,SUP_00544,1966.82,4668.98,Active,2022-03-01
PROD_002802,Centralized heuristic groupware,Automotive Parts,SUP_00610,1941.47,3790.63,Active,2025-06-06
PROD_002528,Automated even-keeled methodology,Electronics,SUP_00942,4298.54,6740.89,Discontinued,2025-12-20
PROD_003753,Pre-emptive context-sensitive leverage,Electronics,SUP_00683,2770.94,3478.75,Discontinued,2025-02-13
PROD_003322,Object-based motivating Internet solution,Electronics,,1401.47,2342.25,Active,2023-10-16
PROD_003182,Upgradable value-added support,Industrial Equipment,SUP_00701,1211.38,1822.16,Active,2025-01-10
PROD_004184,Inverse logistical standardization,Automotive Parts,SUP_00442,2552.43,5327.47,Active,2026-06-11
PROD_001616,Optional intangible capability,Industrial Equipment,SUP_00060,362.78,710.16,Active,2025-10-11
PROD_003025,Grass-roots client-driven flexibility,Consumer Products,SUP_00277,869.82,1239.93,Active,2025-10-19
PROD_001414,Open-architected zero tolerance Graphical User Interface,,SUP_00186,2123.67,3925.22,Active,2025-05-26
PROD_000764,Sharable encompassing toolset,Industrial Equipment,SUP_00277,3725.53,4669.8,Inactive,2026-06-15
PROD_000656,Implemented holistic pricing structure,Healthcare Equipment,SUP_00434,3240.73,6182.49,Inactive,2022-03-20
PROD_004798,Diverse 5thgeneration firmware,Consumer Products,SUP_00461,2093.65,4376.39,Active,2024-12-29
PROD_003850,Persistent executive analyzer,,SUP_00089,2374.3,3945.33,Discontinued,2021-09-01
PROD_004154,Persevering coherent archive,Healthcare Equipment,SUP_00988,1375.17,1679.76,Active,2025-11-01
PROD_000469,Function-based actuating project,Healthcare Equipment,SUP_00118,3230.7,5552.56,Active,2023-08-23
PROD_000158,Compatible transitional forecast,Electronics,SUP_00877,1685.22,4062.2,Active,2022-04-16
PROD_001296,Multi-layered multimedia website,Software,SUP_00810,1581.87,3901.08,Active,2023-10-18
PROD_000498,Versatile full-range challenge,Industrial Equipment,SUP_00680,4925.7,10798.2,Active,2021-03-30
PROD_004741,User-centric context-sensitive forecast,Consumer Products,SUP_00654,844.36,1553.37,Active,2024-01-05
PROD_002941,User-centric stable moderator,Software,SUP_00774,1497.61,1886.8,Active,2024-10-04
PROD_003457,Re-contextualized needs-based archive,Software,SUP_00585,1254.59,1510.72,Discontinued,2022-11-15
PROD_000374,Multi-layered coherent software,Consumer Products,SUP_00682,4505.11,7330.35,Active,2026-01-26
PROD_000080,Profound attitude-oriented contingency,Industrial Equipment,SUP_00094,4284.53,8997.25,Active,2021-05-18
