transaction_id,transaction_date,account_id,department,transaction_type,amount,currency,vendor,payment_status
FIN_0095220,2024-03-10,ACC_00254,Sales,Revenue,40440.51,INR,UNKNOWN,Completed
FIN_0104242,2024-02-16,ACC_00029,Sales,Operating Expense,21622.15,EUR,Henry LLC,Completed
FIN_0199677,2024-11-24,ACC_00198,Supply Chain,Revenue,43356.22,SEK,Curry and Sons,Completed
FIN_0140200,2021-10-24,ACC_00313,Marketing,Revenue,19297.09,EUR,Archer Group,Completed
FIN_0132815,2021-12-16,ACC_00282,Information Technology,Purchase,32235.41,SEK,"Johnson, Duffy and Smith",Completed
FIN_0408698,2024-08-03,ACC_00115,Human Resources,Operating Expense,10783.08,SEK,"Coleman, Wilson and Hogan",Completed
FIN_0163281,2021-10-11,ACC_00072,Human Resources,Payroll,49227.82,SEK,Medina LLC,Completed
FIN_0215759,2024-06-07,ACC_00400,Supply Chain,Purchase,33167.19,USD,Alexander-Bryant,Completed
FIN_0442317,2026-01-15,ACC_00039,Finance,Payroll,5020.86,INR,Wood Inc,Completed
FIN_0006941,2021-04-26,ACC_00315,Engineering,Payroll,19817.45,INR,Phillips-Riddle,Completed
FIN_0382311,2021-08-23,ACC_00375,Marketing,Purchase,27056.25,SEK,Kelly-Anderson,Completed
FIN_0472237,2026-05-20,ACC_00085,Sales,Payroll,26624.41,EUR,"Maldonado, Page and White",Completed
FIN_0309087,2021-05-06,ACC_00174,Operations,Revenue,21263.86,SEK,Gibson-Jenkins,Completed
FIN_0230673,2025-08-25,ACC_00066,Information Technology,Revenue,97931.09,INR,UNKNOWN,Completed
FIN_0209237,2024-07-08,ACC_00131,Marketing,Purchase,37183.09,SEK,Davis-Bishop,Completed
FIN_0102954,2022-07-09,ACC_00231,Supply Chain,Revenue,86653.58,SEK,"Johnson, Williams and Shaw",Completed
FIN_0419700,2021-05-08,ACC_00170,Supply Chain,Payroll,48981.45,SEK,"Saunders, Rice and Williams",Completed
FIN_0081781,2024-04-23,ACC_00344,Engineering,Operating Expense,44253.92,SEK,"Carter, Williams and Ramirez",Completed
FIN_0274642,2024-01-23,ACC_00058,Supply Chain,Revenue,95371.75,EUR,Richard-Martin,Completed
FIN_0133795,2022-10-12,ACC_00460,Supply Chain,Revenue,22732.44,INR,UNKNOWN,Completed
FIN_0230533,2026-04-21,ACC_00376,Sales,Operating Expense,40453.08,USD,"Brown, Young and Davis",Completed
FIN_0305857,2022-01-18,ACC_00146,Supply Chain,Investment,10981.54,SEK,"Mcneil, Estrada and Martin",Completed
FIN_0194412,2022-08-31,ACC_00222,Human Resources,Purchase,37483.0,USD,"Jefferson, Jones and Bradley",Completed
FIN_0173648,2026-04-01,ACC_00077,Manufacturing,Purchase,42403.15,USD,"Jones, Padilla and Boyd",Completed
FIN_0076147,2022-09-23,ACC_00391,Finance,Operating Expense,39043.01,EUR,Ford and Sons,Completed
FIN_0452805,2025-07-28,ACC_00362,Sales,Purchase,4225.24,INR,Bradley-Thomas,Failed
FIN_0119496,2022-09-28,ACC_00053,Information Technology,Payroll,41381.92,EUR,Li-Buchanan,Completed
FIN_0003750,2021-10-08,ACC_00453,Information Technology,Revenue,76703.67,USD,Hale Inc,Completed
FIN_0158068,2023-08-07,ACC_00402,Information Technology,Payroll,41867.74,INR,"Young, Cole and Gonzalez",Completed
FIN_0423414,2026-06-29,ACC_00153,Operations,Purchase,41454.64,EUR,"Taylor, Harvey and Davis",Completed
FIN_0255716,2021-06-25,ACC_00240,Engineering,Revenue,84827.89,SEK,"Lewis, Fowler and Hicks",Completed
FIN_0081048,2024-12-30,ACC_00182,Supply Chain,Revenue,90861.79,EUR,"Anderson, Hammond and Giles",Completed
FIN_0259442,2023-09-26,ACC_00145,Engineering,Purchase,34410.67,INR,Richards-Alvarez,Completed
FIN_0226643,2026-03-16,ACC_00093,Marketing,Purchase,17327.28,EUR,Johnson-Daniels,Completed
FIN_0080409,2021-10-24,ACC_00312,Human Resources,Operating Expense,12724.19,USD,"Humphrey, Walters and Gonzalez",Completed
FIN_0179266,2026-01-13,ACC_00425,Engineering,Operating Expense,14957.25,INR,Johnson Group,Completed
FIN_0429382,2023-05-28,ACC_00420,Operations,Operating Expense,4565.92,EUR,Johns PLC,Completed
FIN_0443376,2021-08-03,ACC_00122,Finance,Payroll,5969.11,INR,Murphy LLC,Completed
FIN_0136653,2021-12-19,ACC_00309,Finance,Operating Expense,38773.97,SEK,"Lopez, Johnson and Turner",Completed
FIN_0447626,2024-08-31,ACC_00410,Supply Chain,Revenue,63858.13,USD,Wilson LLC,Completed
FIN_0263902,2022-10-24,ACC_00147,Finance,Revenue,55160.75,INR,"Ford, Cole and Ray",Completed
FIN_0340120,2024-10-22,ACC_00238,Manufacturing,Payroll,7220.69,USD,Shannon-Goodman,Completed
FIN_0043172,2026-01-14,ACC_00301,Information Technology,Operating Expense,10407.24,USD,"Edwards, Collins and Williams",Completed
FIN_0246412,2023-11-09,ACC_00226,Engineering,Payroll,23806.92,INR,Allen LLC,Completed
FIN_0314882,2025-10-22,ACC_00487,Operations,Purchase,40395.17,SEK,"Hoover, Rowland and Nolan",Completed
FIN_0302088,2025-07-29,ACC_00319,Supply Chain,Purchase,8501.45,SEK,UNKNOWN,Completed
FIN_0186083,2022-09-06,ACC_00186,Manufacturing,Purchase,31526.33,EUR,Vasquez-Mccall,Completed
FIN_0148767,2023-11-22,ACC_00415,Human Resources,Revenue,7558.33,USD,Stewart-Kane,Completed
FIN_0319416,2026-02-10,ACC_00388,Operations,Payroll,24009.6,EUR,Mcdonald LLC,Completed
FIN_0086173,2024-08-31,ACC_00303,Human Resources,Purchase,11105.76,USD,Jones-Ramirez,Completed
FIN_0133648,2022-03-26,ACC_00004,Supply Chain,Purchase,40046.91,EUR,"Morris, Smith and Morrison",Completed
FIN_0259271,2026-01-30,ACC_00458,Marketing,Investment,34843.9,SEK,Wilson PLC,Completed
FIN_0232596,2026-03-02,ACC_00412,Supply Chain,Revenue,2439.62,SEK,"Gaines, Chavez and Rios",Completed
FIN_0214740,2024-11-14,ACC_00431,Information Technology,Purchase,8777.6,SEK,Meyer-Church,Completed
FIN_0397925,2021-08-25,ACC_00442,Sales,Payroll,11260.62,USD,Lynch Group,Completed
FIN_0099407,2023-06-18,ACC_00157,Supply Chain,Purchase,7470.32,INR,"Baker, Sharp and Mills",Completed
FIN_0230884,2022-01-16,ACC_00195,Engineering,Purchase,24745.93,SEK,"Green, Gray and Carter",Completed
FIN_0261174,2024-08-04,ACC_00446,Operations,Operating Expense,8005.74,SEK,"Jackson, Beck and Jackson",Completed
FIN_0479492,2026-02-26,ACC_00017,Human Resources,Operating Expense,49719.27,SEK,Hernandez-Elliott,Completed
FIN_0462672,2023-11-03,ACC_00320,Supply Chain,Revenue,80840.61,SEK,Foster-Davis,Completed
FIN_0224949,2022-07-23,ACC_00380,Supply Chain,Payroll,35976.55,USD,Watkins Ltd,Completed
FIN_0421374,2024-10-03,ACC_00045,Marketing,Purchase,16122.19,INR,Charles-Rios,Completed
FIN_0378075,2021-05-06,ACC_00187,Finance,Purchase,31091.03,INR,"Powers, Hughes and Cook",Pending
FIN_0284121,2024-12-30,ACC_00162,Manufacturing,Revenue,35621.29,EUR,Smith-Ford,Completed
FIN_0107866,2022-05-14,ACC_00473,Supply Chain,Payroll,394.07,INR,Jones Inc,Completed
FIN_0137413,2021-05-30,ACC_00312,Engineering,Purchase,25329.08,USD,"Norris, Lynch and Rodriguez",Completed
FIN_0100204,2022-08-22,ACC_00321,Human Resources,Payroll,47765.54,EUR,Vaughn-Ware,Completed
FIN_0285815,2023-02-09,ACC_00214,Operations,Revenue,18465.86,USD,Eaton Group,Completed
FIN_0168012,2026-01-23,ACC_00451,Supply Chain,Payroll,48024.04,EUR,"Garcia, Murphy and Smith",Failed
FIN_0159581,2022-10-23,ACC_00142,Operations,Payroll,33879.04,SEK,"Shaw, Lam and Barnes",Completed
FIN_0490936,2025-03-01,ACC_00053,Finance,Operating Expense,17793.15,EUR,Murillo Ltd,Completed
FIN_0059417,2024-03-20,ACC_00331,Supply Chain,Revenue,32147.62,INR,Webb Inc,Completed
FIN_0251204,2021-11-23,ACC_00477,Human Resources,Revenue,62267.7,EUR,Baker-Jones,Completed
FIN_0483961,2023-04-09,ACC_00162,Manufacturing,Operating Expense,25390.32,USD,"Patterson, Evans and Miranda",Completed
FIN_0128701,2023-11-29,ACC_00150,Sales,Operating Expense,37896.47,INR,Mcmillan Inc,Completed
FIN_0425411,2023-09-25,ACC_00014,Engineering,Revenue,84275.44,USD,Nelson PLC,Completed
FIN_0292871,2025-01-25,ACC_00296,Human Resources,Purchase,34245.42,SEK,Lynch-Thompson,Completed
FIN_0024188,2021-03-19,ACC_00445,Supply Chain,Revenue,15205.5,SEK,"Leon, Miranda and Mccarthy",Completed
FIN_0314266,2023-04-17,ACC_00274,Supply Chain,Investment,15697.58,EUR,Johnson Group,Pending
FIN_0232499,2025-12-27,ACC_00453,Supply Chain,Revenue,30432.46,USD,Reyes-Jones,Completed
FIN_0451683,2021-03-11,ACC_00424,Information Technology,Revenue,36591.38,SEK,Kelley LLC,Completed
FIN_0291520,2025-11-01,ACC_00325,Finance,Purchase,32647.52,USD,"Edwards, Smith and Brown",Completed
FIN_0020766,2024-07-19,ACC_00494,Information Technology,Purchase,13974.81,SEK,"Fry, Daniels and Cunningham",Completed
FIN_0109210,2024-03-16,ACC_00002,Information Technology,Purchase,8817.81,USD,Fox LLC,Completed
FIN_0279506,2023-12-04,ACC_00278,Marketing,Revenue,27104.29,USD,Gomez LLC,Completed
FIN_0417937,2025-12-23,ACC_00366,Information Technology,Payroll,13978.1,INR,"Stevens, Gonzalez and Henry",Completed
FIN_0052934,2023-02-11,ACC_00113,Human Resources,Purchase,37720.88,SEK,Nelson-Adams,Completed
FIN_0233367,2021-09-30,ACC_00062,Sales,Purchase,18209.53,INR,Jones-Lin,Completed
FIN_0005970,2022-03-19,ACC_00030,Information Technology,Revenue,63532.15,USD,Miller-Mitchell,Completed
FIN_0206188,2021-04-25,ACC_00075,Finance,Revenue,1098.61,EUR,Taylor-Wagner,Completed
FIN_0172888,2025-11-29,ACC_00254,Finance,Payroll,14771.55,SEK,Harris-Williams,Completed
FIN_0393805,2022-12-26,ACC_00116,Operations,Purchase,42133.81,SEK,"Martinez, Powell and Robinson",Completed
FIN_0378514,2022-09-10,ACC_00339,Manufacturing,Purchase,30871.88,INR,"Cole, Ray and Elliott",Completed
FIN_0038385,2023-12-27,ACC_00460,Engineering,Operating Expense,534.6,EUR,Dean-Wilson,Completed
FIN_0127577,2022-03-14,ACC_00299,Manufacturing,Operating Expense,7557.26,EUR,"Lee, Reyes and Moran",Completed
FIN_0428203,2024-06-28,ACC_00448,Operations,Revenue,26228.49,SEK,Mcgee LLC,Completed
FIN_0018637,2022-02-04,ACC_00220,Information Technology,Revenue,72772.81,USD,Erickson and Sons,Completed
FIN_0297828,2025-10-06,ACC_00393,Supply Chain,Purchase,42932.8,USD,Ali Ltd,Completed
FIN_0204337,2024-01-29,ACC_00385,Information Technology,Payroll,41954.39,INR,"Kelly, Ruiz and Kelley",Completed
FIN_0334902,2025-01-07,ACC_00344,Supply Chain,Revenue,75324.29,EUR,Sparks-Edwards,Completed
FIN_0196565,2024-09-24,ACC_00493,Marketing,Purchase,37938.82,SEK,Wright Ltd,Completed
FIN_0208706,2025-04-12,ACC_00316,Manufacturing,Operating Expense,27989.14,USD,Thomas and Sons,Completed
FIN_0409743,2023-01-29,ACC_00208,Engineering,Purchase,32591.79,USD,UNKNOWN,Completed
FIN_0135579,2025-03-01,ACC_00199,Human Resources,Revenue,16540.37,EUR,Nolan-Freeman,Completed
FIN_0213421,2024-02-09,ACC_00064,Marketing,Revenue,49328.68,EUR,"Cline, Smith and Hall",Completed
FIN_0371803,2023-08-08,ACC_00440,Engineering,Revenue,73566.47,EUR,Zhang-Riggs,Completed
FIN_0057332,2024-06-13,ACC_00290,Human Resources,Operating Expense,8988.18,USD,"Frederick, Myers and Chase",Completed
FIN_0453047,2021-03-12,ACC_00427,Sales,Purchase,21969.23,INR,"Foster, Mckenzie and Gallegos",Completed
FIN_0438355,2025-05-25,ACC_00376,Finance,Operating Expense,8179.37,SEK,"Scott, Lee and Anderson",Completed
FIN_0017720,2021-09-05,ACC_00175,Operations,Payroll,40241.99,SEK,"Young, Perez and Wang",Completed
FIN_0073915,2021-06-27,ACC_00255,Manufacturing,Operating Expense,31080.05,EUR,"Sanchez, Wolf and King",Completed
FIN_0324344,2023-06-23,ACC_00113,Operations,Revenue,5657.84,INR,Yu-Parks,Completed
FIN_0118933,2023-07-23,ACC_00272,Engineering,Operating Expense,32746.82,SEK,Caldwell-Edwards,Completed
FIN_0433005,2026-05-19,ACC_00407,Marketing,Revenue,24539.73,INR,"West, Henry and Chen",Pending
FIN_0466758,2021-01-09,ACC_00171,Finance,Payroll,32753.76,INR,Olson LLC,Completed
FIN_0306896,2024-04-29,ACC_00435,Engineering,Purchase,33925.79,USD,Berry-Thompson,Completed
FIN_0286330,2022-06-18,ACC_00421,Marketing,Payroll,2235.38,SEK,Ritter Inc,Completed
FIN_0034473,2021-12-01,ACC_00123,Operations,Operating Expense,45171.2,USD,Ferrell Ltd,Completed
FIN_0318162,2022-02-09,ACC_00422,Sales,Operating Expense,31001.05,INR,Miller and Sons,Completed
FIN_0174547,2024-10-17,ACC_00197,Sales,Purchase,43401.18,SEK,Kline and Sons,Completed
FIN_0135081,2021-06-26,ACC_00039,Human Resources,Payroll,34478.99,USD,Castillo Ltd,Completed
FIN_0433438,2025-03-28,ACC_00195,Engineering,Revenue,71504.55,EUR,"Daugherty, Chapman and Phillips",Completed
FIN_0082606,2025-11-27,ACC_00458,Manufacturing,Revenue,95689.07,INR,Padilla Inc,Pending
FIN_0389671,2023-07-25,ACC_00025,Operations,Revenue,64928.3,INR,Johnson-Gibson,Completed
FIN_0432423,2021-11-10,ACC_00308,Manufacturing,Operating Expense,23763.51,EUR,"Bowers, West and Conner",Completed
FIN_0194801,2023-05-01,ACC_00420,Marketing,Revenue,41000.08,SEK,Cantrell-Morgan,Failed
FIN_0208453,2024-04-21,ACC_00401,Engineering,Purchase,30633.85,USD,Novak-Hunt,Completed
FIN_0274369,2024-03-24,ACC_00101,Sales,Revenue,12841.32,USD,Hoffman LLC,Completed
FIN_0467216,2022-05-12,ACC_00254,Marketing,Revenue,26320.36,USD,Garcia and Sons,Completed
FIN_0113810,2023-09-05,ACC_00477,Marketing,Purchase,49739.81,EUR,"Cantrell, Brown and Hill",Completed
FIN_0336381,2021-02-26,ACC_00107,Sales,Revenue,7466.46,INR,Simmons LLC,Completed
FIN_0213765,2024-04-19,ACC_00015,Human Resources,Purchase,45064.82,EUR,Pennington-Michael,Completed
FIN_0016486,2023-11-16,ACC_00420,Information Technology,Revenue,59303.71,EUR,"Cox, Mcdonald and Lewis",Completed
FIN_0144635,2023-06-03,ACC_00035,Operations,Revenue,71846.54,USD,"Horton, Hess and Martin",Pending
FIN_0165516,2022-01-27,ACC_00463,Operations,Revenue,35065.67,EUR,Mendez-Baker,Completed
FIN_0406003,2022-01-15,ACC_00371,Information Technology,Investment,30240.48,EUR,"Murray, Chapman and Aguilar",Completed
FIN_0260630,2022-12-19,ACC_00327,Human Resources,Revenue,71563.51,SEK,"Vasquez, Robinson and Frank",Completed
FIN_0240691,2022-03-09,ACC_00054,Operations,Revenue,51654.85,SEK,Walker Group,Completed
FIN_0268176,2024-08-10,ACC_00230,Engineering,Operating Expense,18717.0,SEK,Marshall LLC,Completed
FIN_0162557,2022-11-30,ACC_00044,Human Resources,Revenue,18511.31,SEK,Mitchell-Miller,Pending
FIN_0117376,2026-05-07,ACC_00325,Sales,Operating Expense,10315.31,USD,Bradford Inc,Completed
FIN_0128649,2024-08-06,ACC_00036,Manufacturing,Revenue,16251.55,SEK,Hampton-Diaz,Completed
FIN_0496938,2021-11-29,ACC_00223,Human Resources,Operating Expense,33419.75,INR,Humphrey-Ramirez,Completed
FIN_0133706,2021-12-17,ACC_00387,Finance,Purchase,16223.14,USD,Phillips-Evans,Completed
FIN_0332366,2024-08-07,ACC_00179,Finance,Revenue,76333.0,INR,Johnson PLC,Completed
FIN_0136954,2021-11-12,ACC_00440,Finance,Payroll,49617.7,SEK,Smith Inc,Completed
FIN_0179040,2026-03-22,ACC_00072,Marketing,Investment,22200.25,SEK,"King, Sanchez and Hoffman",Completed
FIN_0360606,2024-09-18,ACC_00258,Sales,Payroll,298.97,INR,Baker LLC,Completed
FIN_0087091,2023-02-22,ACC_00110,Engineering,Purchase,21335.59,EUR,Peterson Inc,Completed
FIN_0334754,2024-12-21,ACC_00167,Human Resources,Payroll,40997.81,USD,Boone and Sons,Completed
FIN_0419797,2025-12-06,ACC_00080,Marketing,Payroll,18671.23,EUR,"Reed, Dunn and Morgan",Completed
FIN_0072867,2024-03-03,ACC_00142,Operations,Purchase,27851.43,USD,Murray PLC,Completed
FIN_0102399,2024-07-22,ACC_00108,Operations,Operating Expense,7944.91,INR,Mayer-Huber,Completed
FIN_0322451,2024-05-25,ACC_00039,Sales,Revenue,94515.9,SEK,Fleming LLC,Completed
FIN_0262574,2023-07-03,ACC_00314,Information Technology,Purchase,7157.45,EUR,Parker LLC,Completed
FIN_0162329,2025-06-22,ACC_00206,Manufacturing,Purchase,28435.96,INR,Lindsey-Delgado,Completed
FIN_0224654,2022-05-17,ACC_00190,Human Resources,Operating Expense,45409.43,USD,"Alexander, Moss and Martinez",Completed
FIN_0205553,2023-07-14,ACC_00471,Operations,Operating Expense,44370.91,SEK,Fleming Ltd,Pending
FIN_0388154,2021-03-06,ACC_00494,Operations,Revenue,10350.87,EUR,Stephens-Donovan,Pending
FIN_0458571,2024-07-12,ACC_00119,Operations,Operating Expense,13166.73,USD,UNKNOWN,Completed
FIN_0375363,2025-04-16,ACC_00355,Sales,Purchase,283.23,USD,Alvarez LLC,Completed
FIN_0235479,2024-10-01,ACC_00407,Information Technology,Purchase,10433.29,SEK,"Newton, Thompson and Dunn",Completed
FIN_0349148,2026-05-12,ACC_00129,Operations,Revenue,48729.34,SEK,Chandler-Schneider,Completed
FIN_0248072,2026-01-20,ACC_00104,Manufacturing,Purchase,3389.33,INR,Li-Clements,Completed
FIN_0457196,2023-09-28,ACC_00206,Engineering,Revenue,63896.03,INR,Chavez Inc,Completed
FIN_0464562,2024-12-07,ACC_00253,Human Resources,Purchase,31060.66,EUR,Cox Inc,Completed
FIN_0457671,2024-04-29,ACC_00120,Operations,Revenue,84333.62,INR,Johnson-Parker,Completed
FIN_0451860,2026-04-17,ACC_00490,Supply Chain,Revenue,93860.59,EUR,"Vaughn, Torres and White",Completed
FIN_0087924,2022-09-11,ACC_00135,Sales,Revenue,48469.63,INR,Mann-White,Completed
FIN_0409504,2024-09-11,ACC_00347,Information Technology,Payroll,26150.94,USD,Thompson-Glover,Completed
FIN_0348970,2021-08-19,ACC_00137,Supply Chain,Revenue,41356.58,USD,Cruz-Dunn,Completed
FIN_0120951,2022-07-26,ACC_00422,Engineering,Operating Expense,38597.4,SEK,Butler-Skinner,Completed
FIN_0260204,2024-12-25,ACC_00383,Engineering,Revenue,23649.17,SEK,"Oconnor, Hamilton and Higgins",Completed
FIN_0004089,2024-06-03,ACC_00337,Supply Chain,Revenue,71729.02,EUR,Ramos-Rhodes,Completed
FIN_0342985,2024-06-16,ACC_00296,Sales,Revenue,92796.38,EUR,Hamilton Inc,Completed
FIN_0252230,2024-10-29,ACC_00369,Marketing,Revenue,6569.84,USD,Cox PLC,Completed
FIN_0011987,2021-10-04,ACC_00141,Operations,Purchase,12024.17,USD,Richardson-Johnson,Completed
FIN_0464897,2023-03-19,ACC_00228,Engineering,Revenue,48292.08,EUR,"Miles, Wilson and Francis",Completed
FIN_0476521,2024-07-09,ACC_00036,Supply Chain,Revenue,74174.66,SEK,Klein-Rodriguez,Completed
FIN_0079249,2024-03-29,ACC_00199,Information Technology,Revenue,39236.0,EUR,Miller Group,Pending
FIN_0156300,2021-03-15,ACC_00484,Manufacturing,Operating Expense,43276.72,SEK,Brennan-Garcia,Pending
FIN_0385105,2025-10-06,ACC_00384,Operations,Revenue,36286.7,SEK,Burnett PLC,Completed
FIN_0369213,2025-07-01,ACC_00351,Marketing,Operating Expense,43501.73,SEK,Reyes-Stanley,Completed
FIN_0041150,2024-06-11,ACC_00354,Sales,Payroll,1720.87,USD,"Young, Williams and Bates",Completed
FIN_0210080,2021-11-10,ACC_00037,Operations,Operating Expense,10639.55,SEK,Moyer-Schroeder,Pending
FIN_0360352,2024-01-02,ACC_00256,Finance,Payroll,33267.63,SEK,Moreno-Mckenzie,Completed
FIN_0189762,2024-08-05,ACC_00368,Supply Chain,Purchase,36265.83,EUR,Smith-Cortez,Completed
FIN_0030966,2022-03-10,ACC_00077,Human Resources,Operating Expense,5204.94,INR,Small Inc,Completed
FIN_0368890,2022-12-26,ACC_00460,Information Technology,Purchase,20656.83,INR,"Walker, Leonard and Barrett",Completed
FIN_0174978,2021-12-05,ACC_00305,Engineering,Investment,49924.45,EUR,"Terry, Cabrera and Compton",Completed
FIN_0171716,2022-07-13,ACC_00193,Human Resources,Revenue,50780.52,USD,"Berger, Welch and Fletcher",Completed
FIN_0170581,2021-01-29,ACC_00028,Operations,Operating Expense,13422.28,EUR,"Livingston, Rojas and Rivera",Completed
FIN_0299092,2022-04-03,ACC_00233,Marketing,Operating Expense,10607.03,EUR,Walton Ltd,Completed
FIN_0034457,2025-12-12,ACC_00208,Marketing,Purchase,35991.1,SEK,Day-Burton,Completed
FIN_0086100,2025-11-09,ACC_00342,Engineering,Investment,21661.85,USD,Moran-Romero,Completed
FIN_0495667,2024-02-15,ACC_00265,Finance,Purchase,40830.78,EUR,Wood Inc,Completed
FIN_0365258,2025-08-23,ACC_00140,Supply Chain,Investment,24339.81,EUR,"Lawson, White and Costa",Completed
FIN_0382058,2025-05-30,ACC_00066,Supply Chain,Revenue,68663.29,INR,UNKNOWN,Completed
FIN_0266182,2021-08-21,ACC_00407,Engineering,Revenue,97557.8,EUR,"Ballard, Williams and Smith",Pending
FIN_0454387,2021-01-03,ACC_00022,Human Resources,Revenue,19378.99,USD,Richards Inc,Completed
FIN_0432159,2025-02-20,ACC_00270,Human Resources,Operating Expense,2563.56,EUR,"Taylor, Moore and Rodgers",Completed
FIN_0191931,2024-10-08,ACC_00169,Marketing,Purchase,1886.12,USD,Ramsey Ltd,Completed
FIN_0111610,2021-07-26,ACC_00107,Marketing,Purchase,1952.5,INR,Gardner-Edwards,Completed
FIN_0102647,2021-04-10,ACC_00226,Operations,Investment,20307.71,EUR,"Jones, Rice and Smith",Completed
FIN_0233411,2023-06-18,ACC_00078,Human Resources,Revenue,45515.5,USD,Webster-Clark,Completed
FIN_0282251,2026-02-08,ACC_00353,Sales,Operating Expense,9734.81,EUR,Young-Brady,Completed
FIN_0034251,2023-08-19,ACC_00102,Finance,Purchase,26799.65,INR,"Robertson, Pierce and Gonzales",Completed
FIN_0104929,2022-12-18,ACC_00137,Information Technology,Purchase,15757.37,INR,Hernandez Inc,Completed
FIN_0276060,2024-05-15,ACC_00164,Sales,Purchase,13256.53,SEK,UNKNOWN,Completed
FIN_0243712,2023-11-19,ACC_00059,Marketing,Operating Expense,12375.46,INR,Gutierrez-Arellano,Completed
FIN_0152560,2022-07-01,ACC_00435,Operations,Revenue,82289.61,SEK,Richards and Sons,Completed
FIN_0036253,2022-12-17,ACC_00039,Supply Chain,Investment,39046.39,SEK,Norton Group,Completed
FIN_0030129,2025-05-03,ACC_00014,Supply Chain,Operating Expense,46164.25,SEK,Stevens and Sons,Completed
FIN_0003162,2022-07-31,ACC_00079,Marketing,Revenue,5465.44,INR,"Hale, Rose and Williams",Completed
FIN_0267226,2025-06-21,ACC_00070,Sales,Operating Expense,49118.8,INR,Howard-Lynch,Completed
FIN_0116031,2024-03-12,ACC_00281,Finance,Purchase,31662.58,USD,Gray PLC,Failed
FIN_0420650,2021-05-21,ACC_00484,Operations,Purchase,1661.22,USD,White-Graham,Completed
FIN_0472317,2023-09-07,ACC_00010,Operations,Purchase,38376.93,USD,"Roberts, Harris and Stokes",Completed
FIN_0121214,2025-11-19,ACC_00255,Manufacturing,Payroll,23091.7,SEK,Armstrong-Lopez,Completed
FIN_0490457,2024-03-28,ACC_00442,Marketing,Payroll,20731.05,SEK,"Moore, Craig and Archer",Completed
FIN_0246951,2021-06-11,ACC_00241,Human Resources,Payroll,15379.24,INR,Johnson Group,Completed
FIN_0295868,2024-05-27,ACC_00447,Operations,Purchase,18824.58,EUR,Haynes-Yoder,Completed
FIN_0139121,2026-03-16,ACC_00172,Information Technology,Operating Expense,11179.32,INR,Bowers-Randall,Pending
FIN_0347674,2026-03-04,ACC_00366,Supply Chain,Revenue,83616.53,USD,Turner-Johnson,Completed
FIN_0277695,2022-06-06,ACC_00476,Finance,Investment,47481.78,EUR,Briggs PLC,Completed
FIN_0004725,2024-05-07,ACC_00466,Marketing,Revenue,63226.39,SEK,"Ramirez, Vazquez and Davis",Completed
FIN_0183050,2023-06-05,ACC_00386,Manufacturing,Revenue,3994.9,SEK,Terrell Group,Completed
FIN_0419803,2023-01-01,ACC_00346,Operations,Purchase,41831.56,SEK,Rojas LLC,Pending
FIN_0371136,2025-12-28,ACC_00281,Marketing,Purchase,9057.0,SEK,Sherman-Sims,Completed
FIN_0234333,2024-02-09,ACC_00349,Sales,Revenue,60098.82,INR,Collins Group,Completed
FIN_0023833,2024-02-25,ACC_00047,Manufacturing,Purchase,2527.48,SEK,Marsh-Collins,Failed
FIN_0139418,2022-12-03,ACC_00489,Marketing,Purchase,44670.16,USD,"Jones, Le and Johnson",Completed
FIN_0299538,2021-07-20,ACC_00112,Information Technology,Revenue,85899.35,EUR,Wright-Morgan,Completed
FIN_0385149,2023-05-14,ACC_00041,Manufacturing,Payroll,21867.01,INR,"Paul, Daniels and Little",Failed
FIN_0288612,2022-09-30,ACC_00092,Manufacturing,Revenue,59522.74,EUR,Sandoval-Jones,Completed
FIN_0383211,2023-08-07,ACC_00365,Human Resources,Purchase,46739.19,SEK,Rivera-Jones,Completed
FIN_0195239,2023-05-10,ACC_00305,Human Resources,Revenue,99537.7,USD,UNKNOWN,Completed
FIN_0447180,2024-10-31,ACC_00128,Engineering,Operating Expense,46164.79,SEK,"Smith, Thompson and Boyd",Completed
FIN_0371780,2022-06-14,ACC_00067,Operations,Payroll,1499.63,INR,Sutton-Davis,Completed
FIN_0385990,2023-07-04,ACC_00155,Operations,Revenue,68332.96,SEK,"Fernandez, Chavez and Austin",Pending
FIN_0350782,2026-02-05,ACC_00452,Supply Chain,Purchase,20922.26,SEK,Ramirez Group,Completed
FIN_0380398,2022-08-25,ACC_00198,Human Resources,Operating Expense,23384.28,EUR,Mcdonald-Hood,Pending
FIN_0464543,2022-04-27,ACC_00011,Marketing,Purchase,27010.66,INR,Cook Inc,Completed
FIN_0047194,2024-11-19,ACC_00440,Operations,Purchase,11819.09,EUR,Reilly-Harmon,Completed
FIN_0032596,2021-12-18,ACC_00388,Engineering,Operating Expense,17783.65,SEK,Peters LLC,Completed
FIN_0285860,2024-06-05,ACC_00053,Finance,Operating Expense,25480.63,INR,"Hanson, Johnson and Long",Completed
FIN_0355926,2025-10-29,ACC_00144,Engineering,Revenue,74075.18,INR,"Adams, Wilson and Reed",Completed
FIN_0316593,2025-06-18,ACC_00457,Marketing,Purchase,39049.33,USD,Willis Inc,Completed
FIN_0301554,2021-11-23,ACC_00027,Marketing,Revenue,3185.9,SEK,Owens PLC,Completed
FIN_0176589,2025-04-19,ACC_00169,Supply Chain,Operating Expense,32535.44,SEK,"Cooper, Ross and Mcdowell",Completed
FIN_0490213,2024-07-13,ACC_00225,Engineering,Purchase,46897.71,SEK,Vasquez-Williams,Completed
FIN_0441606,2024-11-24,ACC_00240,Marketing,Payroll,22710.02,USD,Williams LLC,Completed
FIN_0225403,2023-02-28,ACC_00006,Marketing,Purchase,978.43,USD,UNKNOWN,Completed
FIN_0158632,2025-01-05,ACC_00294,Marketing,Investment,18574.37,SEK,"Perkins, Matthews and Baker",Completed
FIN_0168222,2021-06-02,ACC_00148,Sales,Revenue,84195.24,INR,Norman-Morris,Completed
FIN_0111755,2025-04-16,ACC_00079,Marketing,Revenue,81118.14,USD,Moore Group,Completed
FIN_0387079,2022-03-26,ACC_00251,Finance,Revenue,69039.5,SEK,Maynard Ltd,Completed
FIN_0201114,2025-08-12,ACC_00459,Engineering,Purchase,41560.86,INR,"Murphy, Walker and Riggs",Completed
FIN_0171123,2022-11-17,ACC_00099,Marketing,Purchase,32423.2,USD,Gomez and Sons,Completed
FIN_0366188,2026-05-22,ACC_00094,Operations,Operating Expense,10787.2,SEK,"Rice, Williams and Warner",Completed
FIN_0257110,2021-05-13,ACC_00213,Marketing,Revenue,50579.07,INR,Thomas LLC,Completed
FIN_0497763,2021-11-09,ACC_00052,Information Technology,Revenue,39183.5,SEK,"Webb, Robertson and Kelly",Completed
FIN_0105552,2024-07-19,ACC_00146,Supply Chain,Revenue,13539.94,USD,Hall-Nguyen,Pending
FIN_0052338,2026-05-04,ACC_00493,Operations,Revenue,69447.26,EUR,Jensen PLC,Pending
FIN_0054956,2024-10-12,ACC_00308,Finance,Revenue,11775.14,INR,"Mccormick, Hill and Wells",Failed
FIN_0219180,2025-01-01,ACC_00368,Operations,Operating Expense,28778.49,SEK,Dickerson-Miller,Completed
FIN_0048699,2022-04-13,ACC_00164,Manufacturing,Purchase,49750.29,SEK,Orr-Gray,Completed
FIN_0360625,2022-07-03,ACC_00047,Marketing,Revenue,37776.95,USD,"Ponce, Hernandez and Hardy",Completed
FIN_0111813,2024-03-29,ACC_00301,Manufacturing,Purchase,1819.32,USD,"Spencer, Walter and Howard",Completed
FIN_0212505,2021-11-03,ACC_00369,Sales,Revenue,82029.62,USD,Sanders-Rice,Completed
FIN_0026294,2022-01-10,ACC_00073,Supply Chain,Revenue,5097.91,EUR,UNKNOWN,Completed
FIN_0385022,2024-08-12,ACC_00061,Sales,Operating Expense,411.55,SEK,Wilkins Ltd,Completed
FIN_0326091,2021-04-19,ACC_00479,Finance,Operating Expense,17003.96,INR,"Webb, Jones and Brown",Completed
FIN_0323009,2022-01-14,ACC_00218,Sales,Investment,11648.43,EUR,Baldwin-Scott,Completed
FIN_0201483,2024-08-10,ACC_00341,Information Technology,Revenue,77047.92,EUR,Stewart LLC,Completed
FIN_0332906,2021-02-02,ACC_00240,Operations,Revenue,70490.55,SEK,"Hernandez, Mendoza and Thompson",Completed
FIN_0438827,2023-05-08,ACC_00410,Engineering,Operating Expense,7683.18,SEK,Schneider-Wright,Completed
FIN_0476820,2022-02-21,ACC_00290,Operations,Investment,39914.19,EUR,"Nichols, Moore and Landry",Completed
FIN_0344583,2025-01-08,ACC_00061,Information Technology,Purchase,7280.18,INR,"Sheppard, Garcia and Flynn",Completed
FIN_0309818,2023-08-07,ACC_00211,Marketing,Revenue,73127.45,SEK,"Pierce, Carey and Ferguson",Completed
FIN_0107907,2025-06-20,ACC_00389,Operations,Revenue,58073.32,SEK,Davis LLC,Completed
FIN_0338605,2025-02-24,ACC_00274,Human Resources,Purchase,4880.96,EUR,"Rose, Bryant and Wright",Completed
FIN_0086830,2021-12-10,ACC_00344,Information Technology,Purchase,33470.68,SEK,Garrett-Mccall,Completed
FIN_0194873,2025-02-02,ACC_00281,Human Resources,Operating Expense,17407.26,USD,Leblanc and Sons,Completed
FIN_0109515,2023-08-14,ACC_00072,Information Technology,Revenue,60271.35,EUR,Houston-Harris,Completed
FIN_0122679,2021-06-14,ACC_00333,Engineering,Operating Expense,13564.18,SEK,"Curtis, Mckay and Meyer",Completed
FIN_0321037,2024-07-04,ACC_00349,Information Technology,Payroll,32453.37,SEK,"Smith, Sanchez and Heath",Completed
FIN_0134290,2023-09-26,ACC_00441,Human Resources,Operating Expense,14457.32,INR,Brown-Peterson,Completed
FIN_0386421,2024-08-15,ACC_00164,Information Technology,Investment,30444.75,EUR,"Boyd, Goodwin and Mitchell",Completed
FIN_0252556,2025-10-22,ACC_00001,Sales,Revenue,63676.72,SEK,Meadows-Davis,Completed
FIN_0003951,2025-12-10,ACC_00009,Information Technology,Revenue,36028.08,USD,Osborne LLC,Completed
FIN_0340252,2025-04-20,ACC_00325,Manufacturing,Purchase,17720.24,SEK,Grant-Hall,Completed
FIN_0199438,2022-01-14,ACC_00100,Sales,Operating Expense,47150.52,EUR,Burns-Ball,Pending
FIN_0168944,2022-04-24,ACC_00262,Human Resources,Purchase,18960.17,SEK,Meyer PLC,Completed
FIN_0045696,2024-08-04,ACC_00162,Marketing,Operating Expense,3758.13,INR,Gilbert-Diaz,Completed
FIN_0499770,2026-02-13,ACC_00267,Finance,Purchase,281.34,SEK,Hamilton and Sons,Completed
FIN_0346054,2026-06-25,ACC_00080,Finance,Purchase,29517.91,SEK,Smith-Pearson,Pending
FIN_0306554,2021-07-09,ACC_00162,Finance,Purchase,17688.17,SEK,"Hanson, Carter and Stevens",Completed
FIN_0159022,2021-11-01,ACC_00356,Operations,Operating Expense,6074.6,USD,Gilbert-Marshall,Completed
FIN_0325051,2021-06-23,ACC_00164,Supply Chain,Purchase,41611.62,EUR,Cannon and Sons,Completed
FIN_0104288,2024-07-26,ACC_00059,Operations,Revenue,12436.89,SEK,Galvan PLC,Completed
FIN_0082894,2023-01-06,ACC_00219,Human Resources,Operating Expense,49933.71,SEK,UNKNOWN,Completed
FIN_0449563,2022-06-08,ACC_00269,Finance,Revenue,82121.27,SEK,UNKNOWN,Completed
FIN_0000124,2026-03-13,ACC_00249,Manufacturing,Payroll,2061.68,EUR,Gates PLC,Completed
FIN_0323105,2024-07-07,ACC_00404,Human Resources,Purchase,1067.04,INR,Cooke-Lynch,Completed
FIN_0338592,2024-02-22,ACC_00305,Supply Chain,Purchase,17968.77,SEK,UNKNOWN,Completed
FIN_0147929,2022-05-16,ACC_00239,Manufacturing,Purchase,9455.49,SEK,Wells-Arroyo,Completed
FIN_0290035,2025-11-07,ACC_00108,Finance,Payroll,19601.91,SEK,Baker-Cole,Completed
FIN_0307415,2024-05-18,ACC_00358,Operations,Operating Expense,23056.39,INR,Walker-Schmidt,Completed
FIN_0243588,2022-06-14,ACC_00310,Finance,Operating Expense,28301.88,SEK,Lewis-Adams,Completed
FIN_0334143,2025-07-27,ACC_00271,Human Resources,Payroll,40817.57,INR,"Russell, Johnson and Nguyen",Pending
FIN_0449105,2025-11-22,ACC_00134,Supply Chain,Operating Expense,12330.64,EUR,"Taylor, Leon and Harrington",Completed
FIN_0150563,2021-12-17,ACC_00053,Supply Chain,Payroll,9960.96,SEK,Goodman Group,Completed
FIN_0465019,2021-06-13,ACC_00065,Finance,Purchase,25585.37,EUR,Huang PLC,Completed
FIN_0247342,2023-07-15,ACC_00466,Human Resources,Operating Expense,39395.26,INR,Lee Inc,Failed
FIN_0350321,2025-02-21,ACC_00354,Information Technology,Operating Expense,33651.5,SEK,Medina Inc,Completed
FIN_0275239,2022-11-14,ACC_00457,Finance,Revenue,57129.69,INR,Nelson PLC,Completed
FIN_0457205,2024-06-01,ACC_00377,Engineering,Purchase,2670.32,SEK,"Le, Alvarez and Bailey",Completed
FIN_0322687,2023-05-08,ACC_00052,Engineering,Revenue,39659.73,USD,"George, Pruitt and Wilson",Completed
FIN_0118721,2022-02-14,ACC_00364,Finance,Operating Expense,10181.4,INR,Salazar LLC,Completed
FIN_0288128,2025-07-18,ACC_00244,Marketing,Purchase,14934.8,SEK,Aguilar-Cook,Completed
FIN_0469721,2022-03-16,ACC_00261,Supply Chain,Revenue,14506.22,SEK,"Hale, Whitaker and Wiggins",Pending
FIN_0357548,2025-02-14,ACC_00318,Sales,Operating Expense,28657.78,EUR,"Campbell, Williams and Waters",Completed
FIN_0401353,2025-02-09,ACC_00041,Finance,Operating Expense,19583.56,EUR,Smith-Miller,Completed
FIN_0107953,2024-05-25,ACC_00337,Sales,Payroll,13275.75,USD,Berry Group,Completed
FIN_0101835,2024-02-05,ACC_00255,Operations,Purchase,36332.95,USD,Williams PLC,Completed
FIN_0459983,2022-05-19,ACC_00073,Operations,Purchase,43195.58,USD,Castillo-Morales,Completed
FIN_0383429,2022-06-19,ACC_00111,Supply Chain,Purchase,47946.04,EUR,Sanders Inc,Completed
FIN_0492727,2023-11-02,ACC_00127,Supply Chain,Revenue,91552.01,EUR,"Blair, Robinson and Campbell",Completed
FIN_0070274,2023-06-21,ACC_00321,Manufacturing,Revenue,68427.17,EUR,Perez-Mckay,Completed
FIN_0450598,2023-05-27,ACC_00483,Manufacturing,Purchase,43282.22,SEK,UNKNOWN,Completed
FIN_0411860,2022-10-09,ACC_00327,Engineering,Revenue,3945.52,EUR,Richardson and Sons,Completed
FIN_0084397,2025-11-14,ACC_00303,Sales,Investment,47128.42,SEK,UNKNOWN,Completed
FIN_0307668,2026-06-28,ACC_00457,Operations,Purchase,24060.58,USD,Patterson PLC,Completed
FIN_0087835,2024-06-18,ACC_00382,Marketing,Payroll,36056.79,INR,Melton Group,Completed
FIN_0453754,2025-05-29,ACC_00103,Engineering,Revenue,30493.56,USD,"Martin, Campbell and Carson",Completed
FIN_0005312,2023-03-23,ACC_00183,Information Technology,Purchase,31565.96,SEK,"Moody, Conway and Kelley",Completed
FIN_0259034,2025-10-09,ACC_00352,Sales,Operating Expense,15070.81,EUR,"Perry, Riddle and Rasmussen",Completed
FIN_0111003,2024-05-02,ACC_00153,Human Resources,Payroll,49343.27,SEK,Jones PLC,Completed
FIN_0196506,2024-10-20,ACC_00487,Engineering,Purchase,1395.8,SEK,Richmond-Clark,Completed
FIN_0189420,2024-02-09,ACC_00212,Finance,Purchase,21357.46,EUR,Riley-Martinez,Pending
FIN_0381320,2022-12-18,ACC_00456,Human Resources,Purchase,24966.55,USD,Willis-Martin,Completed
FIN_0120439,2023-08-03,ACC_00276,Finance,Revenue,93370.33,INR,Jones and Sons,Completed
FIN_0358496,2024-09-15,ACC_00049,Engineering,Operating Expense,23805.75,EUR,Alvarez and Sons,Completed
FIN_0136811,2024-10-29,ACC_00175,Finance,Payroll,9212.7,USD,Hunter Ltd,Completed
FIN_0151324,2023-06-29,ACC_00042,Engineering,Revenue,56863.25,SEK,Riley-Henderson,Completed
FIN_0314332,2021-04-14,ACC_00206,Human Resources,Payroll,10851.07,EUR,Bridges Group,Completed
FIN_0173245,2022-02-16,ACC_00422,Marketing,Operating Expense,27854.06,INR,Davis PLC,Completed
FIN_0037899,2021-01-15,ACC_00328,Operations,Payroll,13301.54,EUR,Bridges Group,Completed
FIN_0189273,2025-06-01,ACC_00162,Manufacturing,Revenue,52058.5,SEK,Martin-Chan,Completed
FIN_0032462,2023-04-20,ACC_00375,Engineering,Operating Expense,27346.56,INR,"Mitchell, Richardson and Wright",Completed
FIN_0065572,2022-04-02,ACC_00122,Manufacturing,Operating Expense,29494.42,EUR,Chavez and Sons,Completed
FIN_0086836,2023-10-17,ACC_00089,Human Resources,Revenue,18225.85,EUR,Nielsen-Marshall,Completed
FIN_0349285,2021-05-27,ACC_00284,Engineering,Payroll,29697.18,SEK,Lloyd LLC,Completed
FIN_0472377,2023-09-16,ACC_00381,Human Resources,Purchase,23814.39,USD,Marquez and Sons,Completed
FIN_0189738,2024-07-11,ACC_00239,Sales,Operating Expense,9182.96,EUR,"Rowe, Hernandez and Haynes",Completed
FIN_0176890,2022-07-12,ACC_00395,Engineering,Payroll,8488.16,USD,Wise-Riley,Failed
FIN_0413647,2024-02-03,ACC_00350,Engineering,Payroll,40676.23,USD,Fox LLC,Completed
FIN_0242297,2023-01-27,ACC_00305,Human Resources,Payroll,5996.76,EUR,"Brown, Lynch and Olson",Completed
FIN_0392568,2023-09-01,ACC_00064,Operations,Revenue,41014.88,SEK,UNKNOWN,Completed
FIN_0031134,2024-05-11,ACC_00036,Operations,Revenue,72885.03,SEK,Gonzalez Ltd,Completed
FIN_0276835,2023-08-26,ACC_00177,Marketing,Purchase,25045.21,SEK,Vang Ltd,Completed
FIN_0119666,2025-05-30,ACC_00323,Engineering,Revenue,27704.88,INR,"Burke, Baird and Santiago",Completed
FIN_0116066,2023-02-05,ACC_00437,Operations,Operating Expense,7840.7,EUR,"Olsen, Thomas and Young",Completed
FIN_0037411,2025-01-01,ACC_00084,Sales,Purchase,4994.72,SEK,"Gardner, Johnson and Montes",Completed
FIN_0463828,2023-04-08,ACC_00351,Engineering,Operating Expense,7535.29,INR,Haley-Russell,Pending
FIN_0422413,2023-06-18,ACC_00156,Manufacturing,Operating Expense,30609.13,EUR,Dixon-Gilmore,Completed
FIN_0135493,2021-03-25,ACC_00278,Engineering,Revenue,12486.05,EUR,"Graves, Baker and Frey",Completed
FIN_0121203,2021-09-28,ACC_00284,Manufacturing,Purchase,33315.46,INR,Smith-Stevenson,Completed
FIN_0171270,2024-08-20,ACC_00142,Information Technology,Revenue,79569.43,USD,Anderson Group,Completed
FIN_0447239,2022-08-13,ACC_00358,Finance,Purchase,32668.13,EUR,"Robinson, Martin and Matthews",Completed
FIN_0179025,2023-12-20,ACC_00301,Supply Chain,Purchase,38329.75,INR,Sandoval Inc,Completed
FIN_0470900,2023-07-28,ACC_00251,Marketing,Purchase,9846.34,INR,Carter PLC,Completed
FIN_0479046,2025-10-16,ACC_00326,Information Technology,Revenue,8202.37,INR,Meyer Inc,Completed
FIN_0198942,2021-08-15,ACC_00084,Engineering,Revenue,32889.8,USD,Rowe-Robinson,Completed
FIN_0264406,2021-07-15,ACC_00155,Sales,Payroll,34954.72,EUR,"Miller, Berg and Newman",Pending
FIN_0498639,2022-09-07,ACC_00088,Human Resources,Revenue,95530.06,SEK,"Smith, Garza and Chavez",Completed
FIN_0269767,2024-01-25,ACC_00101,Marketing,Operating Expense,8278.84,INR,UNKNOWN,Pending
FIN_0182702,2022-12-18,ACC_00281,Manufacturing,Operating Expense,44692.13,SEK,Torres-Gomez,Completed
FIN_0476040,2025-10-28,ACC_00088,Operations,Payroll,3946.93,USD,"Lawrence, Nelson and Weaver",Completed
FIN_0221238,2024-04-25,ACC_00413,Human Resources,Purchase,47594.36,INR,UNKNOWN,Completed
FIN_0373166,2026-03-26,ACC_00363,Human Resources,Revenue,85571.72,SEK,Gross Group,Pending
FIN_0489449,2022-06-02,ACC_00357,Human Resources,Revenue,53852.71,USD,Willis-Williams,Completed
FIN_0465376,2021-01-12,ACC_00258,Supply Chain,Operating Expense,22660.61,EUR,Burch-Robinson,Completed
FIN_0344807,2024-12-02,ACC_00499,Engineering,Operating Expense,47527.78,INR,Smith and Sons,Completed
FIN_0127902,2023-05-04,ACC_00158,Finance,Investment,12845.96,USD,Torres-Sawyer,Completed
FIN_0399736,2024-07-06,ACC_00162,Manufacturing,Revenue,28594.63,USD,Lynn and Sons,Completed
FIN_0239923,2023-10-08,ACC_00182,Marketing,Purchase,41981.55,USD,Holloway Inc,Completed
FIN_0191939,2022-02-14,ACC_00397,Information Technology,Payroll,16061.79,INR,"Carter, Williams and Hanson",Completed
FIN_0434005,2023-11-07,ACC_00315,Manufacturing,Purchase,19611.71,INR,Mclaughlin Inc,Completed
FIN_0249518,2024-12-18,ACC_00376,Marketing,Purchase,39280.86,SEK,Collins PLC,Completed
FIN_0123099,2025-10-10,ACC_00024,Human Resources,Revenue,83238.94,INR,"Simmons, Benton and Montgomery",Completed
FIN_0137365,2023-01-10,ACC_00279,Human Resources,Purchase,19924.41,EUR,"Cobb, Reese and Young",Completed
FIN_0064665,2023-03-28,ACC_00020,Sales,Investment,5387.69,SEK,Cameron-Vargas,Completed
FIN_0144729,2026-02-01,ACC_00499,Supply Chain,Purchase,9045.87,USD,"Evans, Barnett and Morrow",Completed
FIN_0130361,2022-06-19,ACC_00202,Manufacturing,Payroll,19781.19,SEK,"Sparks, Dixon and Allen",Completed
FIN_0489324,2021-07-18,ACC_00229,Information Technology,Purchase,29839.13,SEK,Huff and Sons,Completed
FIN_0144496,2022-12-17,ACC_00355,Information Technology,Revenue,63866.73,EUR,Perry-Butler,Completed
FIN_0398369,2023-09-09,ACC_00060,Engineering,Operating Expense,3330.61,EUR,"Sandoval, Williams and Bishop",Completed
FIN_0009238,2023-10-21,ACC_00113,Engineering,Revenue,48407.8,EUR,Nelson-Olson,Completed
FIN_0191295,2025-01-21,ACC_00337,Supply Chain,Purchase,9626.26,INR,Crawford-Aguirre,Completed
FIN_0067319,2021-10-02,ACC_00128,Supply Chain,Operating Expense,40806.43,USD,Thompson Inc,Completed
FIN_0044001,2026-01-18,ACC_00392,Engineering,Revenue,6696.74,SEK,Harrison PLC,Completed
FIN_0296919,2023-02-08,ACC_00063,Finance,Payroll,37186.43,SEK,Irwin-Madden,Completed
FIN_0355688,2025-11-28,ACC_00405,Supply Chain,Purchase,36039.18,USD,Mitchell Inc,Completed
FIN_0030769,2021-10-30,ACC_00352,Supply Chain,Operating Expense,35423.67,SEK,Ruiz LLC,Completed
FIN_0174518,2026-03-06,ACC_00296,Information Technology,Purchase,43692.31,INR,Adams and Sons,Pending
FIN_0430067,2021-08-26,ACC_00281,Operations,Revenue,90507.31,USD,Brooks Ltd,Pending
FIN_0137275,2022-01-13,ACC_00424,Supply Chain,Purchase,18131.78,EUR,Price Inc,Completed
FIN_0028915,2025-09-21,ACC_00483,Marketing,Payroll,11831.26,EUR,Salas and Sons,Pending
FIN_0302462,2023-03-31,ACC_00225,Sales,Revenue,19693.95,USD,Stewart Ltd,Completed
FIN_0387638,2024-09-23,ACC_00009,Supply Chain,Payroll,47471.49,SEK,Green Ltd,Failed
FIN_0078952,2023-08-25,ACC_00037,Finance,Revenue,73423.74,INR,"Ayers, Shah and Strickland",Completed
FIN_0335866,2024-11-16,ACC_00211,Engineering,Investment,30239.18,SEK,"Trevino, Diaz and Vance",Completed
FIN_0097172,2022-08-08,ACC_00077,Human Resources,Revenue,52201.58,INR,Kim PLC,Completed
FIN_0007034,2025-11-02,ACC_00091,Marketing,Purchase,46423.01,INR,Price LLC,Completed
FIN_0315560,2021-05-07,ACC_00162,Human Resources,Operating Expense,49923.78,SEK,Pennington-Herman,Completed
FIN_0054012,2022-10-12,ACC_00151,Manufacturing,Revenue,72252.38,EUR,Ward Ltd,Completed
FIN_0059122,2023-11-25,ACC_00278,Manufacturing,Revenue,11230.79,INR,Sanders-Holloway,Completed
FIN_0396488,2021-02-27,ACC_00482,Sales,Revenue,73220.27,USD,"Craig, Sparks and Taylor",Completed
FIN_0226888,2023-12-04,ACC_00420,Information Technology,Revenue,12434.1,USD,"Rodriguez, Green and Sullivan",Pending
FIN_0423514,2023-02-15,ACC_00478,Operations,Revenue,52589.07,EUR,"Glover, Mason and Simmons",Completed
FIN_0293167,2022-07-29,ACC_00365,Information Technology,Purchase,15793.73,EUR,"Rios, Williams and Saunders",Completed
FIN_0064291,2023-12-22,ACC_00357,Information Technology,Revenue,72834.82,INR,Mason-Gonzalez,Completed
FIN_0466144,2022-05-12,ACC_00414,Human Resources,Revenue,99902.35,EUR,Mueller LLC,Completed
FIN_0171417,2021-08-30,ACC_00410,Engineering,Operating Expense,37347.32,EUR,Morrison and Sons,Completed
FIN_0322162,2024-08-18,ACC_00398,Operations,Revenue,54809.72,USD,"Gross, Moody and Parks",Completed
FIN_0023670,2021-07-15,ACC_00185,Finance,Revenue,72164.75,INR,Romero PLC,Completed
FIN_0233364,2023-08-08,ACC_00003,Sales,Revenue,25147.93,EUR,UNKNOWN,Completed
FIN_0336562,2024-12-25,ACC_00106,Sales,Operating Expense,17590.15,USD,Winters Ltd,Completed
FIN_0440975,2022-09-26,ACC_00428,Manufacturing,Revenue,35159.62,EUR,Gilbert-Montes,Completed
FIN_0352322,2026-02-01,ACC_00433,Information Technology,Payroll,18431.67,USD,Chavez and Sons,Completed
FIN_0212961,2023-03-06,ACC_00334,Operations,Revenue,88454.51,INR,Mills-Williams,Completed
FIN_0081102,2023-12-18,ACC_00414,Manufacturing,Purchase,4852.49,EUR,"Nichols, Graham and Alvarez",Completed
FIN_0009509,2023-06-19,ACC_00121,Manufacturing,Investment,49741.15,INR,Reed Group,Completed
FIN_0396046,2023-02-19,ACC_00418,Information Technology,Revenue,69366.47,SEK,Perez-Johnson,Completed
FIN_0263478,2021-07-11,ACC_00436,Manufacturing,Payroll,37750.39,INR,Finley-Stevens,Completed
FIN_0299892,2025-06-10,ACC_00158,Supply Chain,Operating Expense,43590.58,SEK,Hobbs and Sons,Completed
FIN_0025556,2022-12-18,ACC_00312,Marketing,Revenue,20066.96,USD,Howard Inc,Completed
FIN_0136240,2024-07-08,ACC_00446,Engineering,Payroll,35650.99,INR,"Allen, Lopez and Daniels",Completed
FIN_0069081,2022-05-12,ACC_00130,Operations,Purchase,37161.81,SEK,Combs-Wolf,Completed
FIN_0134194,2022-04-08,ACC_00212,Engineering,Revenue,10415.76,USD,"Griffith, Weber and Jackson",Completed
FIN_0136838,2024-10-29,ACC_00040,Finance,Payroll,33801.92,USD,Archer Group,Completed
FIN_0039375,2021-08-03,ACC_00145,Human Resources,Operating Expense,37784.71,SEK,Ramirez PLC,Pending
FIN_0210833,2024-02-18,ACC_00336,Finance,Payroll,7309.03,INR,Day Inc,Pending
FIN_0462980,2024-03-10,ACC_00121,Marketing,Operating Expense,7313.61,INR,Larson Ltd,Completed
FIN_0451892,2024-09-03,ACC_00401,Manufacturing,Purchase,49925.51,INR,Hardy-Bates,Completed
FIN_0373908,2026-03-21,ACC_00327,Engineering,Operating Expense,16431.6,USD,Byrd and Sons,Completed
FIN_0236561,2025-12-27,ACC_00257,Human Resources,Revenue,71385.52,SEK,Miranda PLC,Completed
FIN_0078422,2023-01-20,ACC_00338,Finance,Payroll,18001.44,SEK,"Richardson, Brown and Brown",Completed
FIN_0093183,2023-08-29,ACC_00103,Sales,Operating Expense,9317.08,USD,Madden-Hall,Completed
FIN_0154542,2021-04-19,ACC_00367,Information Technology,Operating Expense,40507.99,USD,"Lopez, Patterson and Kline",Completed
FIN_0242340,2022-05-31,ACC_00404,Operations,Payroll,28127.61,INR,Flores Inc,Completed
FIN_0302458,2025-07-18,ACC_00019,Human Resources,Revenue,3391.73,SEK,"Pennington, Johnson and Neal",Completed
FIN_0189112,2022-08-18,ACC_00305,Manufacturing,Purchase,32473.88,EUR,"Francis, Smith and Scott",Completed
FIN_0012045,2025-03-18,ACC_00258,Human Resources,Revenue,92754.15,SEK,Bell-Brown,Completed
FIN_0264302,2022-01-10,ACC_00050,Marketing,Purchase,29052.44,INR,"Jackson, Davis and Ochoa",Pending
FIN_0332392,2024-04-22,ACC_00442,Supply Chain,Purchase,26718.6,USD,"Valdez, Kelly and Martinez",Completed
FIN_0166682,2023-01-23,ACC_00006,Manufacturing,Payroll,5546.1,USD,"Schultz, Malone and Martinez",Completed
FIN_0155425,2025-02-01,ACC_00448,Human Resources,Purchase,34198.6,EUR,Andrews-Atkins,Completed
FIN_0239413,2022-11-06,ACC_00373,Manufacturing,Investment,29919.85,INR,UNKNOWN,Completed
FIN_0459062,2025-01-03,ACC_00477,Manufacturing,Purchase,20851.42,SEK,UNKNOWN,Completed
FIN_0129050,2025-04-02,ACC_00358,Sales,Revenue,75936.52,SEK,Mccormick-Young,Completed
FIN_0099381,2022-06-29,ACC_00299,Engineering,Investment,29736.94,SEK,Byrd-Melton,Completed
FIN_0320065,2023-02-15,ACC_00077,Sales,Payroll,38664.7,EUR,"Chavez, Kelley and Taylor",Completed
FIN_0118919,2026-02-26,ACC_00097,Marketing,Payroll,4694.2,SEK,Weaver-Garza,Completed
FIN_0379757,2023-09-10,ACC_00441,Human Resources,Payroll,14000.93,INR,Miller-Wyatt,Completed
FIN_0257338,2024-08-12,ACC_00143,Information Technology,Operating Expense,49659.91,USD,Clarke-Campbell,Completed
FIN_0287819,2026-01-18,ACC_00123,Operations,Operating Expense,22010.61,SEK,Andrews-Lee,Completed
FIN_0318968,2022-12-12,ACC_00040,Human Resources,Purchase,20647.49,EUR,Collins-Vaughn,Completed
FIN_0035132,2022-12-15,ACC_00226,Human Resources,Revenue,77475.13,SEK,Diaz Ltd,Completed
FIN_0268344,2023-11-12,ACC_00481,Human Resources,Purchase,7178.53,USD,Woods and Sons,Completed
FIN_0314611,2024-01-30,ACC_00072,Human Resources,Payroll,12600.88,USD,Smith-Cuevas,Pending
FIN_0090774,2025-10-04,ACC_00223,Sales,Payroll,19062.82,USD,Warren-Wells,Completed
FIN_0125600,2021-05-17,ACC_00099,Operations,Operating Expense,27470.86,USD,Simmons-Young,Completed
FIN_0173476,2025-04-22,ACC_00168,Human Resources,Revenue,66336.86,EUR,"Young, Meyers and Frye",Pending
FIN_0070742,2026-02-28,ACC_00476,Engineering,Revenue,1812.92,SEK,Holloway and Sons,Completed
FIN_0175528,2021-12-04,ACC_00379,Engineering,Investment,5162.58,INR,Perez-Wilson,Completed
FIN_0177522,2023-11-04,ACC_00233,Information Technology,Investment,44635.79,SEK,"Lane, Williams and Garcia",Completed
FIN_0440957,2021-10-22,ACC_00377,Sales,Investment,517.01,USD,Phillips Ltd,Completed
FIN_0298052,2022-05-29,ACC_00445,Human Resources,Investment,43215.69,USD,"Harrington, Herrera and Washington",Completed
FIN_0227751,2024-09-03,ACC_00273,Sales,Operating Expense,4436.68,EUR,Little Inc,Completed
FIN_0378129,2021-03-10,ACC_00209,Marketing,Investment,35797.81,EUR,Kim PLC,Completed
FIN_0096755,2025-06-05,ACC_00135,Human Resources,Payroll,25320.83,SEK,"Wood, Aguilar and Patton",Completed
FIN_0138292,2023-08-15,ACC_00055,Marketing,Revenue,69595.79,USD,UNKNOWN,Completed
FIN_0304494,2025-01-23,ACC_00358,Finance,Operating Expense,38716.51,EUR,Cruz LLC,Completed
FIN_0251505,2022-12-16,ACC_00269,Engineering,Payroll,28438.39,EUR,Anderson-Miller,Completed
FIN_0274161,2023-12-11,ACC_00036,Supply Chain,Revenue,61903.76,EUR,UNKNOWN,Completed
FIN_0065153,2025-04-24,ACC_00173,Information Technology,Revenue,77240.38,EUR,"Wilson, Drake and Hunt",Completed
FIN_0111069,2025-11-23,ACC_00276,Finance,Revenue,45966.4,SEK,Matthews Ltd,Completed
FIN_0189480,2021-09-11,ACC_00139,Information Technology,Payroll,36503.65,EUR,"Greene, Walker and Jones",Pending
FIN_0088566,2022-12-15,ACC_00489,Operations,Operating Expense,28763.38,USD,Cook Ltd,Completed
FIN_0191856,2025-02-20,ACC_00499,Finance,Operating Expense,26912.07,SEK,Dennis PLC,Completed
FIN_0382504,2021-01-21,ACC_00214,Finance,Investment,4608.78,INR,Sanchez LLC,Completed
FIN_0467911,2025-11-11,ACC_00041,Operations,Operating Expense,19637.02,USD,Smith-Moore,Pending
FIN_0059539,2024-10-24,ACC_00056,Manufacturing,Purchase,14143.46,SEK,Williamson-White,Completed
FIN_0170399,2023-09-06,ACC_00008,Supply Chain,Operating Expense,47164.35,INR,Lopez-Baxter,Completed
FIN_0261946,2021-08-03,ACC_00485,Marketing,Revenue,46162.47,SEK,Huerta-Malone,Completed
FIN_0254518,2021-10-08,ACC_00029,Information Technology,Purchase,8776.81,EUR,Harris-Simon,Completed
FIN_0180204,2024-09-23,ACC_00060,Sales,Revenue,29751.25,EUR,"Johnson, Contreras and Smith",Completed
FIN_0023855,2022-05-30,ACC_00087,Information Technology,Revenue,88686.87,EUR,UNKNOWN,Completed
FIN_0052520,2024-05-13,ACC_00139,Engineering,Revenue,90463.06,EUR,Barrera-Hall,Completed
FIN_0439654,2023-09-24,ACC_00071,Finance,Revenue,13902.26,EUR,"Dennis, Cook and Sanford",Completed
FIN_0400735,2021-09-01,ACC_00033,Marketing,Revenue,33747.13,USD,Johnson-Shaw,Completed
FIN_0403541,2021-04-20,ACC_00365,Information Technology,Payroll,2962.4,SEK,Medina-Murphy,Completed
FIN_0090964,2023-03-27,ACC_00281,Manufacturing,Revenue,18539.71,INR,Carlson-Orozco,Pending
FIN_0309874,2021-03-06,ACC_00455,Human Resources,Operating Expense,45609.51,USD,"Smith, Miller and Williams",Completed
FIN_0427529,2025-02-18,ACC_00218,Human Resources,Purchase,17511.46,INR,"Castro, Yang and Mcdonald",Completed
FIN_0231585,2024-12-11,ACC_00365,Manufacturing,Purchase,19437.2,INR,Marshall-Harding,Completed
FIN_0437771,2026-06-21,ACC_00087,Sales,Operating Expense,18238.86,SEK,"Perkins, Ward and Evans",Completed
FIN_0364399,2023-07-06,ACC_00092,Marketing,Payroll,26757.48,INR,Guzman-Vazquez,Completed
FIN_0360240,2022-01-03,ACC_00078,Finance,Purchase,33972.13,USD,"Munoz, Oconnor and Hunter",Completed
FIN_0312524,2023-09-07,ACC_00403,Supply Chain,Operating Expense,19860.85,EUR,UNKNOWN,Completed
FIN_0449439,2023-03-26,ACC_00460,Operations,Payroll,3207.86,EUR,Page and Sons,Completed
FIN_0384531,2023-02-11,ACC_00120,Finance,Operating Expense,44102.49,INR,Marquez Inc,Completed
FIN_0467932,2023-12-20,ACC_00174,Sales,Purchase,33521.82,USD,Haley-Richardson,Completed
FIN_0482311,2022-11-25,ACC_00019,Finance,Revenue,21514.39,INR,Martin LLC,Completed
FIN_0015803,2023-03-31,ACC_00350,Finance,Revenue,91969.54,INR,Estrada-Smith,Completed
FIN_0124500,2026-03-21,ACC_00287,Human Resources,Operating Expense,2345.16,USD,"Smith, Wilson and Williams",Completed
FIN_0453602,2025-12-13,ACC_00025,Marketing,Payroll,47159.78,SEK,Alexander-Garcia,Completed
FIN_0363408,2025-12-23,ACC_00079,Marketing,Payroll,43954.69,INR,Hicks-Gray,Completed
FIN_0267191,2023-02-21,ACC_00494,Manufacturing,Revenue,67097.02,USD,Nichols-Johnson,Failed
FIN_0152699,2023-12-18,ACC_00314,Human Resources,Operating Expense,41724.58,INR,"Jenkins, Callahan and Rivera",Completed
FIN_0013578,2024-09-03,ACC_00097,Supply Chain,Purchase,40369.83,EUR,Osborne-Thompson,Completed
FIN_0207400,2024-06-09,ACC_00330,Human Resources,Revenue,98993.58,USD,Johnson-Saunders,Completed
FIN_0284188,2024-03-31,ACC_00312,Human Resources,Operating Expense,7783.15,EUR,"Reed, Mccoy and Carlson",Completed
FIN_0085751,2026-02-19,ACC_00379,Marketing,Revenue,10194.1,SEK,"Mcknight, Orozco and Wright",Completed
FIN_0196406,2025-08-04,ACC_00440,Sales,Revenue,59362.94,SEK,Wagner Group,Completed
FIN_0220418,2025-04-20,ACC_00161,Information Technology,Revenue,92613.6,EUR,"Gonzales, Graves and Johnson",Completed
FIN_0016934,2025-10-27,ACC_00145,Finance,Payroll,15735.9,INR,Smith and Sons,Completed
FIN_0465175,2026-03-15,ACC_00286,Finance,Operating Expense,7481.34,USD,"Fields, Jones and Coleman",Completed
FIN_0180680,2023-05-22,ACC_00124,Sales,Revenue,49954.43,EUR,Sweeney LLC,Completed
FIN_0298348,2024-07-01,ACC_00332,Human Resources,Revenue,36191.53,INR,"Bauer, Bradley and Chavez",Completed
FIN_0492380,2025-01-03,ACC_00158,Information Technology,Revenue,72602.98,SEK,"Payne, Wiggins and Howard",Completed
FIN_0214891,2021-03-15,ACC_00184,Information Technology,Payroll,31129.75,EUR,"Kelley, Davis and Griffith",Completed
FIN_0421285,2026-04-24,ACC_00014,Supply Chain,Investment,29073.98,USD,Dunn-Carter,Completed
FIN_0155297,2021-10-12,ACC_00343,Finance,Purchase,20593.8,USD,Gates Ltd,Completed
FIN_0301683,2023-11-07,ACC_00035,Engineering,Operating Expense,24005.53,INR,"Wade, Hall and Chan",Completed
FIN_0175843,2024-05-25,ACC_00011,Manufacturing,Payroll,39557.08,INR,Logan-Gilmore,Completed
FIN_0203434,2024-08-07,ACC_00395,Manufacturing,Revenue,51494.91,SEK,Ayers PLC,Completed
FIN_0483836,2021-03-31,ACC_00415,Finance,Purchase,42051.65,USD,"Bowman, Ramsey and Harris",Pending
FIN_0199041,2022-06-07,ACC_00043,Manufacturing,Purchase,43834.94,INR,"Tucker, Powell and Walker",Failed
FIN_0411134,2023-08-02,ACC_00215,Information Technology,Operating Expense,37768.94,SEK,"Harris, Flores and Rhodes",Completed
FIN_0387035,2022-11-04,ACC_00298,Finance,Revenue,3321.15,USD,Green Ltd,Completed
FIN_0198107,2025-10-20,ACC_00127,Finance,Purchase,7194.07,SEK,"Carrillo, Berry and Collins",Completed
FIN_0273037,2025-03-09,ACC_00076,Operations,Purchase,14001.58,INR,Rodriguez PLC,Completed
FIN_0010338,2025-07-23,ACC_00326,Supply Chain,Revenue,87110.52,SEK,Diaz PLC,Pending
FIN_0144899,2025-06-24,ACC_00321,Supply Chain,Operating Expense,42450.74,INR,Horton-Jones,Completed
FIN_0449591,2023-07-28,ACC_00085,Marketing,Investment,35414.73,SEK,Wong and Sons,Completed
FIN_0063007,2021-01-14,ACC_00367,Marketing,Purchase,34827.62,INR,Peterson LLC,Completed
FIN_0496418,2023-09-01,ACC_00062,Manufacturing,Purchase,29227.61,SEK,Higgins and Sons,Completed
FIN_0032723,2022-01-15,ACC_00307,Engineering,Operating Expense,40658.88,SEK,Cole-Cross,Pending
FIN_0010895,2023-03-16,ACC_00437,Information Technology,Revenue,2941.78,INR,Bentley-Wilson,Completed
FIN_0198229,2022-01-16,ACC_00107,Sales,Payroll,33624.93,SEK,Moore Group,Completed
FIN_0104840,2023-04-14,ACC_00414,Sales,Payroll,18397.69,INR,Bradford-Drake,Completed
FIN_0132125,2021-11-21,ACC_00432,Sales,Operating Expense,46932.24,USD,Torres-Hudson,Completed
FIN_0031095,2023-11-22,ACC_00499,Operations,Purchase,36155.22,SEK,Fletcher-Simpson,Completed
FIN_0068670,2024-02-06,ACC_00192,Human Resources,Payroll,5815.04,SEK,"Dominguez, Lang and Cooley",Completed
FIN_0090997,2021-08-27,ACC_00417,Manufacturing,Operating Expense,21096.05,SEK,Manning-Rich,Completed
FIN_0304783,2024-09-30,ACC_00402,Marketing,Purchase,20371.06,INR,Cummings-Paul,Completed
FIN_0488246,2021-03-14,ACC_00483,Supply Chain,Revenue,64988.89,SEK,Mckay-Day,Completed
FIN_0140063,2026-04-18,ACC_00202,Finance,Investment,14819.23,USD,"Martin, Alvarez and Taylor",Completed
FIN_0474776,2023-01-10,ACC_00288,Marketing,Operating Expense,20772.38,EUR,Johnson-Gibson,Completed
FIN_0234381,2025-05-28,ACC_00309,Sales,Revenue,69542.11,SEK,Ruiz-Davis,Completed
FIN_0472552,2022-02-26,ACC_00391,Engineering,Revenue,64278.71,INR,Mendez PLC,Completed
FIN_0390192,2022-06-12,ACC_00110,Manufacturing,Operating Expense,27926.92,EUR,Little-Perez,Completed
FIN_0412695,2022-11-02,ACC_00456,Sales,Payroll,41091.13,USD,Gray-Bradley,Completed
FIN_0130575,2022-11-04,ACC_00493,Human Resources,Revenue,913.7,EUR,"Taylor, Zamora and May",Completed
FIN_0166086,2024-10-12,ACC_00023,Marketing,Purchase,47956.56,INR,"Bowers, Perkins and Miller",Completed
FIN_0274804,2021-05-19,ACC_00401,Marketing,Revenue,93203.78,USD,"Williams, Perez and Wood",Completed
FIN_0369239,2021-05-22,ACC_00437,Sales,Purchase,23608.32,SEK,Jacobson-Best,Completed
FIN_0243500,2025-12-07,ACC_00366,Finance,Revenue,68980.91,INR,"Williams, Rodriguez and Foley",Pending
FIN_0335330,2025-09-17,ACC_00156,Sales,Operating Expense,7741.8,SEK,Jones Inc,Completed
FIN_0429977,2023-01-31,ACC_00491,Manufacturing,Revenue,29854.12,INR,Phillips LLC,Completed
FIN_0203443,2025-01-22,ACC_00119,Supply Chain,Revenue,51660.24,EUR,Reed PLC,Completed
FIN_0276655,2022-04-05,ACC_00001,Manufacturing,Purchase,9342.7,USD,Turner PLC,Completed
FIN_0347388,2024-01-14,ACC_00172,Finance,Purchase,42719.36,EUR,Herring PLC,Completed
FIN_0009378,2023-06-13,ACC_00315,Marketing,Purchase,16438.58,INR,"Terry, Lambert and Ballard",Completed
FIN_0201189,2026-02-20,ACC_00262,Sales,Purchase,27683.74,USD,Hall LLC,Completed
FIN_0058377,2024-05-11,ACC_00069,Operations,Payroll,7344.32,USD,Lutz Group,Completed
FIN_0429254,2025-08-30,ACC_00147,Engineering,Purchase,7120.37,SEK,UNKNOWN,Completed
FIN_0466866,2022-09-30,ACC_00217,Finance,Payroll,21666.87,INR,Dillon and Sons,Completed
FIN_0124857,2024-06-25,ACC_00341,Operations,Operating Expense,44235.84,EUR,"Wright, Meyer and Barr",Completed
FIN_0319977,2021-07-20,ACC_00285,Sales,Revenue,27923.44,EUR,"Sims, Martinez and Lewis",Completed
FIN_0172274,2024-06-18,ACC_00394,Finance,Revenue,88233.28,INR,Miranda-Gallegos,Completed
FIN_0256893,2026-04-16,ACC_00132,Information Technology,Purchase,37007.0,EUR,Roy-Palmer,Failed
FIN_0282374,2022-05-17,ACC_00484,Manufacturing,Revenue,89929.03,SEK,"Anderson, Johnson and Dunn",Pending
FIN_0236744,2024-10-17,ACC_00294,Finance,Revenue,71129.31,USD,Hughes-Jackson,Completed
FIN_0169975,2022-05-26,ACC_00413,Information Technology,Purchase,564.71,INR,Esparza PLC,Completed
FIN_0487017,2026-01-11,ACC_00220,Sales,Purchase,43231.09,USD,Stanley-Christian,Completed
FIN_0215314,2023-09-28,ACC_00166,Supply Chain,Operating Expense,11120.5,USD,"Schroeder, Proctor and Lamb",Completed
FIN_0288727,2022-01-10,ACC_00080,Sales,Operating Expense,33383.02,SEK,"Brown, Marshall and Gilmore",Completed
FIN_0161383,2025-08-06,ACC_00336,Sales,Operating Expense,35702.49,EUR,"Anderson, Stewart and Estrada",Completed
FIN_0110016,2023-04-05,ACC_00440,Supply Chain,Operating Expense,16854.39,EUR,"Gibson, Greene and Underwood",Completed
FIN_0468900,2024-07-22,ACC_00225,Manufacturing,Revenue,23020.65,SEK,Curtis and Sons,Completed
FIN_0427834,2023-01-26,ACC_00283,Marketing,Purchase,26402.34,INR,Roberts Inc,Completed
FIN_0412421,2025-06-09,ACC_00252,Operations,Revenue,18541.11,INR,Maldonado-Hoover,Completed
FIN_0273096,2023-12-07,ACC_00249,Engineering,Payroll,14217.14,INR,Hernandez LLC,Completed
FIN_0249811,2026-06-12,ACC_00272,Supply Chain,Operating Expense,35946.41,EUR,"Kelly, Alvarez and Gonzalez",Pending
FIN_0031121,2024-02-11,ACC_00264,Engineering,Revenue,13443.71,EUR,Matthews PLC,Completed
FIN_0142879,2025-08-29,ACC_00237,Manufacturing,Revenue,75616.18,SEK,Taylor and Sons,Completed
FIN_0063680,2025-06-21,ACC_00242,Finance,Investment,46888.86,EUR,"Turner, White and Fuller",Completed
FIN_0152910,2022-02-27,ACC_00356,Supply Chain,Payroll,22082.32,SEK,Johnson-Stewart,Completed
FIN_0009099,2023-05-19,ACC_00030,Engineering,Payroll,4572.78,EUR,King Ltd,Completed
FIN_0372604,2023-08-10,ACC_00207,Human Resources,Purchase,32337.3,SEK,Perez-Hudson,Completed
FIN_0278538,2024-10-02,ACC_00090,Operations,Operating Expense,6865.48,USD,"Dominguez, Horne and Davis",Completed
FIN_0094070,2026-06-21,ACC_00227,Human Resources,Revenue,15555.74,INR,Caldwell Group,Completed
FIN_0323888,2024-07-09,ACC_00407,Sales,Revenue,1866.93,EUR,Houston Group,Completed
FIN_0165538,2024-05-22,ACC_00077,Human Resources,Payroll,28670.42,INR,"Sanchez, Coleman and Chavez",Completed
FIN_0384220,2024-07-04,ACC_00246,Sales,Revenue,81308.38,USD,Atkinson-Little,Completed
FIN_0347110,2021-02-13,ACC_00208,Manufacturing,Payroll,2245.78,EUR,"Hinton, Porter and Wilson",Completed
FIN_0373438,2023-04-12,ACC_00313,Manufacturing,Purchase,14869.87,INR,"Cabrera, Miller and Huff",Completed
FIN_0089839,2025-09-07,ACC_00013,Supply Chain,Purchase,29106.76,USD,Bennett-Watson,Completed
FIN_0070050,2021-09-04,ACC_00376,Information Technology,Operating Expense,11519.29,SEK,"Johnson, Woods and Rasmussen",Completed
FIN_0384648,2024-12-06,ACC_00108,Marketing,Revenue,5267.86,SEK,Phillips Group,Completed
FIN_0116047,2026-02-19,ACC_00134,Human Resources,Revenue,46990.41,EUR,"Short, Davis and Williams",Completed
FIN_0209061,2024-04-30,ACC_00468,Human Resources,Purchase,24622.54,EUR,King-Hodges,Completed
FIN_0318564,2024-04-02,ACC_00064,Human Resources,Payroll,27839.07,SEK,Walker-Wood,Completed
FIN_0082021,2024-11-03,ACC_00416,Sales,Operating Expense,47068.55,USD,Russell PLC,Completed
FIN_0050155,2023-01-01,ACC_00331,Supply Chain,Purchase,7336.19,SEK,Smith PLC,Completed
FIN_0146829,2023-07-31,ACC_00270,Finance,Operating Expense,47844.3,INR,Nichols-Phillips,Pending
FIN_0384810,2024-05-01,ACC_00290,Human Resources,Payroll,35482.37,EUR,"Best, Mueller and Fields",Completed
FIN_0434757,2025-02-19,ACC_00321,Human Resources,Revenue,96853.74,EUR,"Sandoval, Jackson and Williams",Completed
FIN_0425640,2025-06-23,ACC_00288,Operations,Purchase,37404.35,INR,Perry and Sons,Completed
FIN_0109908,2025-01-02,ACC_00104,Finance,Investment,29769.41,SEK,"Arroyo, Russell and Myers",Completed
FIN_0185884,2024-08-27,ACC_00149,Operations,Revenue,94417.43,USD,"Gomez, Freeman and Harrell",Completed
FIN_0431806,2021-02-09,ACC_00351,Operations,Operating Expense,19954.97,USD,Smith-Perkins,Completed
FIN_0152620,2024-06-04,ACC_00059,Marketing,Purchase,17445.58,USD,Bailey-Murphy,Completed
FIN_0132297,2023-10-05,ACC_00184,Engineering,Purchase,5732.85,EUR,"Wilson, Matthews and Pope",Completed
FIN_0203202,2025-01-06,ACC_00448,Marketing,Operating Expense,38265.61,EUR,Stevenson-Henry,Completed
FIN_0200142,2021-07-27,ACC_00071,Supply Chain,Purchase,31590.32,USD,"Rodriguez, Quinn and Foster",Completed
FIN_0491196,2025-05-27,ACC_00289,Supply Chain,Revenue,58298.13,SEK,Carpenter PLC,Completed
FIN_0496856,2024-12-15,ACC_00231,Information Technology,Purchase,2651.1,EUR,UNKNOWN,Completed
FIN_0426970,2024-01-01,ACC_00453,Human Resources,Operating Expense,44988.73,SEK,"Duarte, Taylor and Rasmussen",Completed
FIN_0377523,2023-10-16,ACC_00399,Sales,Payroll,49334.54,INR,Russell and Sons,Completed
FIN_0281127,2023-08-18,ACC_00437,Marketing,Payroll,1995.56,EUR,UNKNOWN,Completed
FIN_0021161,2025-10-12,ACC_00416,Sales,Purchase,18532.31,USD,Cook LLC,Completed
FIN_0064534,2026-04-05,ACC_00210,Sales,Investment,47389.73,USD,Cruz-Rios,Completed
FIN_0195540,2023-07-03,ACC_00394,Finance,Revenue,67298.27,SEK,"Anderson, Kelley and Beck",Failed
FIN_0073259,2021-07-02,ACC_00194,Sales,Revenue,40707.6,EUR,"Brown, Swanson and Henderson",Completed
FIN_0231454,2023-11-02,ACC_00189,Information Technology,Revenue,3786.97,USD,Hernandez Group,Completed
FIN_0117469,2023-07-29,ACC_00491,Information Technology,Payroll,44553.45,INR,Woods LLC,Completed
FIN_0059814,2025-08-12,ACC_00278,Supply Chain,Purchase,25252.67,USD,Schwartz Ltd,Completed
FIN_0080301,2024-12-26,ACC_00024,Information Technology,Operating Expense,9749.02,EUR,Warner-Nguyen,Completed
FIN_0425799,2023-10-14,ACC_00326,Supply Chain,Revenue,70676.16,USD,UNKNOWN,Completed
FIN_0009053,2022-05-16,ACC_00108,Engineering,Purchase,36910.91,INR,Stephens LLC,Completed
FIN_0258538,2025-05-24,ACC_00387,Marketing,Purchase,23251.09,EUR,"Taylor, Fox and Christensen",Completed
FIN_0336688,2022-08-01,ACC_00170,Operations,Investment,9578.02,USD,UNKNOWN,Completed
FIN_0096462,2024-09-03,ACC_00027,Sales,Investment,29746.88,INR,Mckinney Inc,Completed
FIN_0078404,2021-12-15,ACC_00307,Finance,Purchase,21054.02,INR,"Hansen, Brown and Higgins",Completed
FIN_0300039,2022-02-03,ACC_00404,Operations,Purchase,6387.81,EUR,UNKNOWN,Completed
FIN_0180902,2025-06-18,ACC_00368,Supply Chain,Operating Expense,4019.47,USD,Rogers-Morris,Completed
FIN_0332027,2026-03-09,ACC_00073,Information Technology,Purchase,19813.58,EUR,"Love, Foley and Hawkins",Completed
FIN_0066112,2025-10-18,ACC_00297,Finance,Revenue,57327.62,INR,Jensen Group,Completed
FIN_0438295,2024-08-03,ACC_00256,Information Technology,Revenue,33757.34,USD,Parker-Herrera,Completed
FIN_0429742,2022-08-11,ACC_00008,Human Resources,Revenue,25442.74,EUR,"Mack, Rosario and Chung",Pending
FIN_0228474,2024-06-02,ACC_00397,Operations,Operating Expense,18945.93,INR,Hughes PLC,Completed
FIN_0248837,2022-07-06,ACC_00292,Sales,Payroll,19114.86,SEK,Brooks-Davidson,Completed
FIN_0287620,2024-10-17,ACC_00185,Human Resources,Purchase,16986.71,SEK,Molina LLC,Completed
FIN_0348989,2022-12-27,ACC_00295,Finance,Purchase,8268.15,INR,"Scott, Cunningham and Vaughn",Completed
FIN_0065441,2023-07-22,ACC_00060,Marketing,Revenue,49006.32,INR,Ware LLC,Completed
FIN_0140616,2024-12-10,ACC_00051,Engineering,Payroll,25147.98,INR,"Frederick, Sanders and Curtis",Completed
FIN_0032342,2024-06-24,ACC_00446,Operations,Operating Expense,12693.26,INR,Roberts-Farmer,Completed
FIN_0132018,2025-06-04,ACC_00068,Supply Chain,Revenue,39320.8,EUR,"Heath, Burns and Moore",Completed
FIN_0331463,2024-08-10,ACC_00342,Human Resources,Revenue,85033.78,USD,Reyes LLC,Pending
FIN_0391999,2023-07-08,ACC_00399,Human Resources,Investment,14535.22,INR,"Edwards, Dawson and Wilson",Completed
FIN_0428366,2022-09-03,ACC_00030,Manufacturing,Revenue,52625.3,INR,Smith PLC,Completed
FIN_0363869,2026-01-09,ACC_00216,Marketing,Operating Expense,37833.96,INR,"Gomez, Hunter and Chapman",Completed
FIN_0339823,2024-03-25,ACC_00040,Sales,Revenue,7478.53,EUR,Jimenez-Hancock,Completed
FIN_0054061,2022-06-21,ACC_00170,Sales,Operating Expense,39688.94,EUR,"Orr, Bailey and Webb",Completed
FIN_0282206,2021-09-30,ACC_00435,Manufacturing,Revenue,58706.86,EUR,Dickerson LLC,Completed
FIN_0075216,2022-07-09,ACC_00262,Supply Chain,Payroll,21406.25,USD,UNKNOWN,Completed
FIN_0235918,2022-05-14,ACC_00417,Supply Chain,Purchase,19613.12,USD,Garrett Ltd,Pending
FIN_0040947,2024-01-09,ACC_00500,Marketing,Operating Expense,8283.37,INR,"King, Case and Martin",Completed
FIN_0382438,2026-04-08,ACC_00397,Marketing,Investment,18184.69,USD,Le-Brown,Completed
FIN_0096943,2026-03-05,ACC_00192,Supply Chain,Revenue,21344.97,USD,Martin Ltd,Completed
FIN_0260781,2024-08-03,ACC_00084,Human Resources,Payroll,38727.1,SEK,"Walsh, Barnes and Boyd",Completed
FIN_0040599,2021-03-26,ACC_00317,Information Technology,Payroll,3521.02,SEK,Hill Group,Completed
FIN_0361719,2024-08-17,ACC_00475,Operations,Revenue,96982.75,EUR,"Vega, Cook and Elliott",Completed
FIN_0024095,2025-04-11,ACC_00201,Marketing,Operating Expense,603.45,EUR,"Yu, Watts and Bryant",Completed
FIN_0444682,2024-10-24,ACC_00123,Operations,Revenue,5752.99,SEK,"Webb, Jackson and Green",Completed
FIN_0312306,2021-01-14,ACC_00386,Marketing,Revenue,27076.12,EUR,"Torres, Fischer and Robinson",Completed
FIN_0483015,2021-07-07,ACC_00277,Supply Chain,Payroll,42119.24,EUR,"Murphy, Thomas and Espinoza",Completed
FIN_0030686,2024-10-20,ACC_00254,Information Technology,Purchase,24918.78,USD,Townsend Ltd,Completed
FIN_0229861,2024-07-25,ACC_00479,Sales,Investment,18413.81,SEK,Harrell-Kirk,Completed
FIN_0229822,2024-11-15,ACC_00356,Supply Chain,Purchase,18518.81,EUR,UNKNOWN,Completed
FIN_0025541,2022-02-13,ACC_00236,Human Resources,Purchase,27322.66,SEK,Gould and Sons,Completed
FIN_0410955,2021-05-26,ACC_00037,Information Technology,Operating Expense,44115.74,USD,Taylor Group,Completed
FIN_0090786,2022-10-17,ACC_00179,Information Technology,Purchase,17920.45,SEK,Long PLC,Completed
FIN_0101191,2023-03-09,ACC_00336,Finance,Operating Expense,9031.63,USD,"Stone, White and Burnett",Completed
FIN_0258989,2024-02-02,ACC_00202,Engineering,Purchase,11822.68,EUR,Clark Group,Completed
FIN_0012335,2026-06-05,ACC_00436,Operations,Purchase,11181.49,SEK,Henderson-Lynn,Completed
FIN_0062758,2024-05-16,ACC_00093,Marketing,Payroll,35123.51,INR,"Campbell, Rivas and Phillips",Completed
FIN_0430665,2023-07-22,ACC_00044,Operations,Revenue,15556.45,INR,Nguyen LLC,Completed
FIN_0271180,2025-06-24,ACC_00320,Engineering,Purchase,10890.25,EUR,Henry Inc,Completed
FIN_0384250,2024-05-14,ACC_00296,Human Resources,Revenue,42997.12,EUR,Thomas-Marquez,Completed
FIN_0389660,2021-06-08,ACC_00444,Supply Chain,Operating Expense,4069.35,EUR,Oconnell Group,Completed
FIN_0020185,2021-04-03,ACC_00083,Finance,Operating Expense,20781.18,SEK,Carpenter Group,Completed
FIN_0032080,2025-04-20,ACC_00263,Engineering,Revenue,51960.07,USD,"Moore, Velazquez and Ortega",Completed
FIN_0388771,2023-01-04,ACC_00461,Human Resources,Purchase,15768.6,INR,Montgomery Group,Pending
FIN_0127451,2021-11-07,ACC_00499,Human Resources,Purchase,26201.17,INR,Morgan-Miller,Completed
FIN_0212953,2025-10-11,ACC_00111,Marketing,Purchase,37897.55,USD,Oconnell-Malone,Completed
FIN_0390850,2024-01-14,ACC_00499,Marketing,Operating Expense,39107.35,INR,UNKNOWN,Completed
FIN_0218276,2023-06-26,ACC_00370,Supply Chain,Operating Expense,46971.34,USD,Jones Inc,Completed
FIN_0397754,2021-07-25,ACC_00399,Supply Chain,Operating Expense,29603.23,USD,"Long, Henry and Ortega",Pending
FIN_0100539,2024-08-15,ACC_00309,Marketing,Purchase,19895.77,INR,Kelly-Jones,Completed
FIN_0492760,2024-08-10,ACC_00387,Engineering,Operating Expense,24293.7,SEK,Davis Ltd,Failed
FIN_0108562,2025-10-02,ACC_00369,Operations,Purchase,38147.07,SEK,"Bradley, Santos and Lowery",Completed
FIN_0274388,2024-12-26,ACC_00076,Finance,Revenue,31924.48,SEK,Thompson Inc,Completed
FIN_0097329,2025-11-21,ACC_00210,Finance,Revenue,69036.18,USD,"Harris, West and Mullins",Completed
FIN_0417196,2021-11-22,ACC_00467,Sales,Purchase,31658.25,SEK,"Ramirez, Torres and Tate",Completed
FIN_0484550,2025-06-25,ACC_00024,Supply Chain,Payroll,35354.21,SEK,Hutchinson LLC,Completed
FIN_0188209,2025-01-15,ACC_00022,Marketing,Revenue,46045.49,USD,"Newton, Howell and Santos",Completed
FIN_0057396,2025-12-31,ACC_00495,Finance,Investment,11775.7,EUR,Johnson-Elliott,Completed
FIN_0244293,2025-06-25,ACC_00499,Engineering,Payroll,26136.13,USD,"Thompson, Rios and Becker",Completed
FIN_0174031,2025-09-12,ACC_00105,Sales,Revenue,81621.69,SEK,Jones Ltd,Completed
FIN_0433718,2022-12-17,ACC_00133,Marketing,Revenue,3383.07,USD,"Walker, Mitchell and Bates",Completed
FIN_0483801,2021-01-15,ACC_00002,Finance,Purchase,29780.36,EUR,Fitzgerald-Moore,Completed
FIN_0463417,2024-04-04,ACC_00247,Sales,Revenue,54171.54,INR,Davidson Ltd,Completed
FIN_0343599,2022-11-03,ACC_00103,Operations,Revenue,28204.88,EUR,Powers-Ramos,Pending
FIN_0114410,2025-05-18,ACC_00492,Operations,Revenue,82195.73,EUR,Blackburn Ltd,Pending
FIN_0448479,2021-08-22,ACC_00031,Finance,Revenue,35733.86,INR,Maddox-Johnson,Completed
FIN_0474157,2023-02-10,ACC_00163,Engineering,Operating Expense,26460.84,EUR,Smith and Sons,Completed
FIN_0337247,2026-03-05,ACC_00298,Operations,Revenue,62476.97,USD,Parker Inc,Completed
FIN_0401887,2024-06-22,ACC_00058,Sales,Purchase,43616.76,USD,"Taylor, Howell and Carroll",Pending
FIN_0110853,2024-10-01,ACC_00001,Information Technology,Operating Expense,22189.18,SEK,"Lewis, Taylor and Hall",Completed
FIN_0084518,2021-12-01,ACC_00269,Sales,Payroll,33016.93,INR,UNKNOWN,Completed
FIN_0211891,2022-08-20,ACC_00451,Information Technology,Investment,40094.8,INR,Murphy-Austin,Completed
FIN_0302636,2026-01-15,ACC_00130,Marketing,Purchase,49190.9,INR,Andrade and Sons,Completed
FIN_0295297,2023-07-28,ACC_00018,Supply Chain,Operating Expense,13693.11,INR,Adams Ltd,Completed
FIN_0380303,2021-09-08,ACC_00425,Operations,Purchase,31708.41,USD,"Griffin, Contreras and Cook",Completed
FIN_0426396,2025-07-12,ACC_00480,Marketing,Purchase,7465.53,INR,Campos-Ruiz,Completed
FIN_0241725,2024-11-17,ACC_00341,Human Resources,Purchase,29202.74,EUR,"Grant, Reyes and Hill",Completed
FIN_0467225,2022-03-20,ACC_00001,Information Technology,Operating Expense,17011.03,SEK,Scott Ltd,Completed
FIN_0012076,2025-05-07,ACC_00434,Supply Chain,Operating Expense,15417.01,USD,Perez-White,Completed
FIN_0143041,2021-07-16,ACC_00329,Human Resources,Revenue,42420.26,USD,Nicholson Ltd,Completed
FIN_0183009,2021-08-06,ACC_00205,Operations,Operating Expense,33657.17,USD,Norman-Duke,Pending
FIN_0443006,2024-10-12,ACC_00221,Finance,Operating Expense,33174.82,SEK,"Johnson, Kelley and Grant",Completed
FIN_0335881,2025-10-07,ACC_00008,Operations,Investment,32444.63,SEK,Allen-Swanson,Completed
FIN_0032826,2025-12-28,ACC_00413,Sales,Investment,31233.03,EUR,Andrade Group,Completed
FIN_0033196,2024-12-15,ACC_00177,Manufacturing,Operating Expense,32744.93,USD,Riley-Kennedy,Completed
FIN_0004662,2023-02-14,ACC_00279,Sales,Revenue,63587.81,USD,"Weaver, Herrera and Knapp",Completed
FIN_0491473,2022-02-27,ACC_00213,Marketing,Payroll,1604.56,INR,Casey PLC,Completed
FIN_0411259,2025-10-08,ACC_00437,Marketing,Payroll,46355.6,USD,Simmons-Glenn,Completed
FIN_0460469,2025-06-14,ACC_00087,Human Resources,Operating Expense,42379.77,SEK,Wells Ltd,Completed
FIN_0127176,2026-04-02,ACC_00144,Human Resources,Payroll,44169.04,EUR,Peterson Inc,Completed
FIN_0467937,2023-04-03,ACC_00493,Manufacturing,Revenue,21732.08,USD,"Berg, Peck and Burton",Pending
FIN_0209119,2023-02-04,ACC_00144,Information Technology,Purchase,49411.61,USD,Stewart-Oneal,Completed
FIN_0353504,2023-11-01,ACC_00295,Operations,Operating Expense,8119.95,INR,Yang-Stevenson,Pending
FIN_0184121,2021-01-29,ACC_00161,Human Resources,Revenue,19754.43,EUR,"Reynolds, Bradford and Hill",Completed
FIN_0004302,2021-09-11,ACC_00126,Sales,Revenue,72898.53,USD,Anderson Ltd,Completed
FIN_0246364,2022-07-26,ACC_00408,Operations,Payroll,34805.7,SEK,UNKNOWN,Completed
FIN_0436101,2023-07-12,ACC_00374,Human Resources,Operating Expense,23150.04,EUR,Jennings Ltd,Completed
FIN_0425216,2025-08-14,ACC_00076,Human Resources,Operating Expense,4983.4,USD,Nunez PLC,Completed
FIN_0436571,2024-09-18,ACC_00467,Engineering,Payroll,28670.13,EUR,Hayes Group,Completed
FIN_0401130,2024-03-29,ACC_00100,Sales,Purchase,21211.09,USD,Valdez Group,Completed
FIN_0331676,2021-05-29,ACC_00141,Finance,Operating Expense,10797.02,INR,Perez-Phillips,Completed
FIN_0154079,2025-09-14,ACC_00308,Manufacturing,Revenue,91782.27,EUR,Gray Inc,Completed
FIN_0001041,2025-06-02,ACC_00460,Manufacturing,Operating Expense,22895.21,INR,Ruiz PLC,Completed
FIN_0240582,2025-10-11,ACC_00493,Finance,Purchase,376.5,EUR,"Harris, Kemp and Johnson",Completed
FIN_0360165,2024-08-02,ACC_00303,Marketing,Revenue,70755.5,EUR,"Douglas, Sanchez and Thomas",Completed
FIN_0342839,2024-03-23,ACC_00352,Supply Chain,Operating Expense,8541.61,INR,Johnson Group,Completed
FIN_0155653,2022-05-23,ACC_00123,Engineering,Purchase,10000.76,SEK,Brown-Moore,Completed
FIN_0355161,2026-01-01,ACC_00059,Sales,Revenue,41998.47,EUR,Burke Ltd,Completed
FIN_0130506,2024-04-05,ACC_00228,Sales,Operating Expense,19962.86,EUR,Joseph PLC,Completed
FIN_0069951,2021-05-05,ACC_00044,Supply Chain,Revenue,14760.12,INR,"Armstrong, Miller and Mason",Completed
FIN_0430548,2023-10-27,ACC_00168,Finance,Revenue,26511.02,INR,Macdonald-Ramirez,Completed
FIN_0029455,2021-10-09,ACC_00052,Manufacturing,Revenue,39234.19,USD,Vega-Barnes,Completed
FIN_0045409,2025-07-16,ACC_00377,Manufacturing,Operating Expense,9437.99,SEK,"Carroll, Payne and Contreras",Completed
FIN_0407336,2025-08-06,ACC_00468,Finance,Payroll,7442.74,USD,Chapman-Harrison,Completed
FIN_0125008,2023-02-03,ACC_00042,Information Technology,Revenue,61938.9,SEK,"Williams, Williams and Sullivan",Completed
FIN_0276226,2022-07-23,ACC_00230,Sales,Purchase,14239.36,SEK,"Ruiz, Butler and Cook",Completed
FIN_0049853,2023-11-30,ACC_00070,Information Technology,Revenue,61440.3,SEK,"Lutz, Cabrera and Hall",Completed
FIN_0298829,2022-03-02,ACC_00265,Engineering,Revenue,72743.88,INR,"Graham, May and Macdonald",Completed
FIN_0449434,2025-03-19,ACC_00438,Finance,Operating Expense,36601.84,USD,"Martinez, Medina and Jimenez",Completed
FIN_0181279,2025-01-02,ACC_00269,Manufacturing,Operating Expense,14723.32,USD,Anderson-Powers,Completed
FIN_0319737,2023-03-12,ACC_00027,Human Resources,Revenue,62906.1,SEK,"Nelson, Harris and Jones",Completed
FIN_0388734,2022-03-16,ACC_00264,Operations,Payroll,7515.49,SEK,Koch-Torres,Completed
FIN_0132705,2021-06-30,ACC_00031,Operations,Purchase,43818.85,SEK,"White, Morales and Moore",Completed
FIN_0474163,2026-05-18,ACC_00251,Marketing,Revenue,53126.78,SEK,Gill PLC,Completed
FIN_0457180,2024-05-09,ACC_00112,Information Technology,Purchase,39379.66,INR,Simpson-Duke,Completed
FIN_0167513,2024-06-18,ACC_00099,Manufacturing,Revenue,54243.7,SEK,"Sandoval, Smith and French",Completed
FIN_0301119,2026-05-22,ACC_00280,Engineering,Operating Expense,29812.69,SEK,"Horton, Johnson and Bates",Completed
FIN_0388553,2021-10-19,ACC_00012,Manufacturing,Revenue,61587.81,INR,"Mullins, Smith and Moore",Completed
FIN_0155724,2024-01-05,ACC_00154,Human Resources,Revenue,98454.17,EUR,Brown LLC,Completed
FIN_0367269,2024-03-31,ACC_00472,Sales,Revenue,39613.59,USD,Randall PLC,Completed
FIN_0077693,2024-05-14,ACC_00036,Supply Chain,Investment,1658.32,EUR,Curtis-Schneider,Completed
FIN_0082721,2021-04-07,ACC_00234,Human Resources,Operating Expense,491.19,EUR,Oconnor PLC,Completed
FIN_0336691,2022-09-20,ACC_00330,Supply Chain,Payroll,34828.16,SEK,Hayes-Gomez,Pending
FIN_0262306,2023-01-12,ACC_00319,Engineering,Purchase,47051.57,USD,Madden-Franklin,Completed
FIN_0270950,2024-12-19,ACC_00440,Manufacturing,Revenue,37714.07,SEK,Atkinson and Sons,Completed
FIN_0059663,2025-06-16,ACC_00008,Marketing,Payroll,45216.73,INR,"Sanchez, Brewer and Thomas",Completed
FIN_0420585,2025-02-06,ACC_00207,Marketing,Payroll,8635.93,USD,Hall LLC,Completed
FIN_0058388,2025-03-23,ACC_00086,Sales,Operating Expense,30543.86,USD,UNKNOWN,Completed
FIN_0425703,2021-02-17,ACC_00474,Finance,Purchase,35768.49,SEK,Neal and Sons,Completed
FIN_0236367,2025-02-04,ACC_00264,Supply Chain,Revenue,45260.23,INR,Stewart Inc,Completed
FIN_0332897,2023-03-03,ACC_00199,Marketing,Purchase,8774.49,USD,"Spencer, Leonard and Davis",Completed
FIN_0132441,2022-08-17,ACC_00498,Information Technology,Revenue,79072.0,INR,"Crawford, Velasquez and Sherman",Completed
FIN_0192353,2023-03-12,ACC_00499,Human Resources,Operating Expense,11809.9,USD,Baker-Herring,Completed
FIN_0255032,2026-03-17,ACC_00245,Human Resources,Revenue,71472.96,USD,"Watts, Miller and Martinez",Completed
FIN_0428628,2025-05-30,ACC_00249,Engineering,Payroll,47149.95,EUR,"Lambert, Villegas and Escobar",Completed
FIN_0348921,2023-08-22,ACC_00364,Engineering,Operating Expense,30963.06,SEK,Johnson LLC,Completed
FIN_0034205,2021-07-24,ACC_00490,Operations,Revenue,33978.56,INR,"Acosta, Wilson and Beltran",Completed
FIN_0017841,2023-03-30,ACC_00281,Supply Chain,Revenue,24039.32,EUR,Jones-Ford,Completed
FIN_0453767,2022-07-18,ACC_00415,Operations,Payroll,34232.36,INR,"Huynh, Briggs and Sullivan",Completed
FIN_0138563,2022-06-19,ACC_00082,Supply Chain,Revenue,60189.89,INR,"Elliott, Tucker and Herrera",Completed
FIN_0435663,2026-01-23,ACC_00248,Finance,Revenue,5588.98,INR,Baldwin PLC,Completed
FIN_0464310,2023-08-09,ACC_00337,Finance,Purchase,18730.26,EUR,Peterson-Mckinney,Pending
FIN_0042327,2023-10-26,ACC_00015,Sales,Revenue,88660.08,USD,Nichols-Lee,Completed
FIN_0191012,2023-07-02,ACC_00125,Engineering,Payroll,40003.22,SEK,UNKNOWN,Completed
FIN_0362430,2023-08-03,ACC_00328,Supply Chain,Purchase,11913.51,EUR,White-Crawford,Completed
FIN_0075283,2021-01-16,ACC_00130,Supply Chain,Operating Expense,10774.33,INR,"Thomas, Martinez and Calhoun",Completed
FIN_0433521,2026-06-13,ACC_00376,Engineering,Purchase,40272.98,SEK,Thompson LLC,Completed
FIN_0454046,2025-01-27,ACC_00147,Finance,Purchase,39217.88,INR,"Blackwell, Thomas and Martinez",Completed
FIN_0495784,2024-04-15,ACC_00083,Marketing,Revenue,56675.45,EUR,Baker-Fitzpatrick,Completed
FIN_0090442,2022-08-11,ACC_00120,Sales,Purchase,46858.4,INR,Calderon and Sons,Completed
FIN_0411571,2021-02-15,ACC_00310,Sales,Purchase,41473.08,USD,UNKNOWN,Completed
FIN_0192613,2021-09-14,ACC_00428,Information Technology,Investment,36327.25,USD,"Coleman, Miller and Cox",Completed
FIN_0298475,2025-01-01,ACC_00234,Manufacturing,Payroll,45150.23,EUR,Vega-Love,Completed
FIN_0041738,2022-05-18,ACC_00174,Human Resources,Purchase,11905.43,SEK,Campbell-Morris,Completed
FIN_0271276,2021-06-01,ACC_00261,Marketing,Operating Expense,35182.4,SEK,Garcia-King,Pending
FIN_0281185,2025-09-21,ACC_00135,Finance,Payroll,25706.56,INR,Hardy LLC,Completed
FIN_0082777,2023-07-18,ACC_00342,Sales,Operating Expense,23065.81,USD,Vega-Martinez,Completed
FIN_0435552,2022-10-01,ACC_00304,Manufacturing,Purchase,18644.68,INR,Mcneil and Sons,Completed
FIN_0086192,2023-07-12,ACC_00133,Supply Chain,Purchase,9950.87,SEK,"Miller, Carter and Taylor",Completed
FIN_0287188,2024-09-25,ACC_00297,Finance,Purchase,31495.11,INR,Harrison PLC,Completed
FIN_0435198,2023-05-31,ACC_00290,Sales,Purchase,17910.13,INR,Fisher-Bryan,Completed
FIN_0380857,2023-02-13,ACC_00194,Operations,Payroll,6061.4,SEK,UNKNOWN,Completed
FIN_0080527,2024-09-22,ACC_00300,Human Resources,Payroll,39966.6,EUR,Gutierrez-Bonilla,Completed
FIN_0240261,2024-11-01,ACC_00223,Human Resources,Payroll,4655.79,USD,"Downs, Kim and Hudson",Failed
FIN_0044086,2023-02-24,ACC_00033,Marketing,Revenue,55947.31,SEK,"Peterson, Wong and Vance",Completed
FIN_0282187,2025-06-10,ACC_00414,Sales,Purchase,32748.51,USD,"Cook, Clark and Sanchez",Completed
FIN_0050034,2021-02-03,ACC_00150,Sales,Purchase,34676.85,USD,Sims Group,Pending
FIN_0116302,2025-10-30,ACC_00317,Sales,Purchase,44208.27,INR,Sawyer-Hood,Completed
FIN_0335264,2025-01-18,ACC_00378,Marketing,Purchase,28091.8,EUR,Elliott-Brennan,Completed
FIN_0432050,2025-08-03,ACC_00392,Operations,Operating Expense,35574.57,USD,"Page, Jones and Herrera",Completed
FIN_0193152,2025-04-20,ACC_00161,Finance,Purchase,25509.67,EUR,Crawford-Higgins,Completed
FIN_0441682,2023-09-15,ACC_00214,Marketing,Payroll,35066.71,INR,Morton-Watkins,Completed
FIN_0437643,2021-02-18,ACC_00493,Human Resources,Operating Expense,26997.66,INR,UNKNOWN,Completed
FIN_0046891,2023-03-14,ACC_00173,Marketing,Operating Expense,43102.62,EUR,UNKNOWN,Completed
FIN_0092570,2025-09-03,ACC_00020,Finance,Revenue,7175.78,EUR,Love-Miller,Completed
FIN_0421735,2024-11-18,ACC_00119,Operations,Payroll,3491.25,INR,"Tyler, Smith and Smith",Completed
FIN_0034109,2023-02-18,ACC_00093,Manufacturing,Revenue,57841.94,EUR,"Young, Walker and Chen",Completed
FIN_0160899,2024-12-01,ACC_00409,Finance,Operating Expense,9587.08,USD,Morales-Buckley,Completed
FIN_0030094,2022-06-03,ACC_00115,Engineering,Purchase,31432.0,INR,Phillips-Green,Completed
FIN_0303981,2025-08-10,ACC_00455,Operations,Revenue,34238.11,INR,Burns-Andrade,Completed
FIN_0419536,2021-04-25,ACC_00099,Marketing,Purchase,39680.43,SEK,Mata-Avila,Completed
FIN_0169234,2024-01-15,ACC_00159,Human Resources,Payroll,19395.42,EUR,Hart-Cole,Completed
FIN_0232153,2021-05-02,ACC_00182,Information Technology,Revenue,87081.93,EUR,Jones-Smith,Completed
FIN_0117835,2026-05-06,ACC_00399,Sales,Purchase,20786.66,SEK,Nelson Inc,Pending
FIN_0142363,2023-10-03,ACC_00410,Sales,Purchase,7120.85,SEK,Morrow-Dennis,Completed
FIN_0198881,2022-02-02,ACC_00041,Finance,Operating Expense,3997.16,INR,Vasquez Ltd,Completed
FIN_0497398,2021-03-25,ACC_00225,Human Resources,Purchase,4359.23,EUR,Reyes LLC,Completed
FIN_0112815,2024-08-26,ACC_00368,Human Resources,Revenue,25070.25,USD,"Mcdonald, Hall and Evans",Completed
FIN_0087538,2026-01-26,ACC_00326,Supply Chain,Operating Expense,9415.76,INR,Stokes-Bryant,Pending
FIN_0412594,2021-07-13,ACC_00361,Sales,Operating Expense,23724.65,SEK,Blackburn LLC,Completed
FIN_0179978,2024-04-11,ACC_00434,Information Technology,Operating Expense,37102.15,INR,"Myers, Vance and White",Completed
FIN_0431243,2021-01-24,ACC_00224,Operations,Purchase,8115.9,USD,Lawrence-Gomez,Completed
FIN_0171777,2021-09-26,ACC_00282,Engineering,Revenue,10334.72,INR,Wilson-Jones,Completed
FIN_0074686,2023-06-18,ACC_00399,Manufacturing,Revenue,63020.54,USD,Wallace Inc,Completed
FIN_0236099,2024-06-22,ACC_00023,Manufacturing,Purchase,16865.11,USD,Stephens-Jordan,Completed
FIN_0145072,2024-10-28,ACC_00354,Finance,Revenue,93500.63,INR,"Gomez, Davenport and Davis",Completed
FIN_0470476,2024-08-05,ACC_00048,Finance,Purchase,49412.49,USD,Powell-Wilson,Completed
FIN_0295821,2021-07-14,ACC_00237,Finance,Payroll,19321.74,USD,Wright-May,Completed
FIN_0357279,2024-08-29,ACC_00013,Marketing,Purchase,11635.18,SEK,"Murphy, Woods and Barnes",Completed
FIN_0302630,2024-10-31,ACC_00145,Operations,Revenue,45676.33,SEK,Werner and Sons,Completed
FIN_0226413,2021-06-12,ACC_00115,Operations,Purchase,31567.19,INR,"Jackson, Mccormick and Thomas",Completed
FIN_0343420,2025-02-23,ACC_00444,Operations,Revenue,14775.44,EUR,Taylor Inc,Completed
FIN_0413757,2022-04-13,ACC_00190,Finance,Payroll,3712.04,INR,"Moore, Stafford and Hammond",Completed
FIN_0127666,2024-08-16,ACC_00180,Sales,Operating Expense,16353.96,USD,Nelson Group,Completed
FIN_0377348,2022-10-27,ACC_00086,Manufacturing,Purchase,24345.81,SEK,Carey Group,Completed
FIN_0313065,2024-06-23,ACC_00343,Finance,Payroll,45694.04,INR,"Larson, Blackwell and Obrien",Completed
FIN_0485187,2025-06-27,ACC_00069,Finance,Payroll,8783.38,EUR,"Oconnor, Bryan and Ballard",Completed
FIN_0459032,2022-03-27,ACC_00072,Finance,Payroll,28788.64,EUR,Jones-Cannon,Completed
FIN_0264885,2023-07-13,ACC_00038,Sales,Revenue,5301.0,INR,Wilkinson Ltd,Completed
FIN_0438724,2025-10-06,ACC_00226,Human Resources,Operating Expense,15194.81,EUR,"Jimenez, Sullivan and Harper",Completed
FIN_0013890,2021-07-23,ACC_00408,Information Technology,Revenue,24514.72,USD,"Wright, Boyle and Gutierrez",Completed
FIN_0119740,2021-03-16,ACC_00428,Operations,Revenue,64196.68,EUR,Ramirez-Simmons,Completed
FIN_0159737,2023-05-17,ACC_00019,Marketing,Operating Expense,26391.24,INR,Franco-Diaz,Completed
FIN_0143968,2022-10-20,ACC_00073,Sales,Revenue,12347.38,INR,Ayers and Sons,Pending
FIN_0075188,2026-01-06,ACC_00424,Finance,Payroll,12543.08,INR,Hall-Hines,Completed
FIN_0434403,2022-03-29,ACC_00289,Manufacturing,Revenue,82241.0,USD,Smith-Irwin,Completed
FIN_0188637,2024-08-02,ACC_00016,Supply Chain,Purchase,10739.98,INR,Wong-Hampton,Completed
FIN_0315297,2025-05-31,ACC_00248,Engineering,Purchase,1002.0,USD,UNKNOWN,Completed
FIN_0197254,2024-09-23,ACC_00294,Supply Chain,Purchase,13218.62,INR,Miller PLC,Completed
FIN_0101185,2022-07-24,ACC_00467,Manufacturing,Revenue,48706.98,INR,Pacheco-Stewart,Completed
FIN_0226430,2023-12-05,ACC_00317,Sales,Purchase,309.44,USD,"Walker, Anderson and Roy",Completed
FIN_0188796,2024-10-01,ACC_00423,Marketing,Purchase,31121.16,SEK,"Thompson, Hernandez and Ferguson",Completed
FIN_0481145,2025-11-29,ACC_00348,Engineering,Revenue,97136.63,USD,Johnson LLC,Completed
FIN_0443235,2025-07-12,ACC_00334,Information Technology,Operating Expense,18546.39,SEK,Harris Inc,Completed
FIN_0300863,2026-03-06,ACC_00344,Marketing,Operating Expense,34451.68,USD,"Richards, Jordan and Fox",Pending
FIN_0496301,2021-09-05,ACC_00368,Information Technology,Operating Expense,47862.92,USD,"French, Rodriguez and Clark",Completed
FIN_0296290,2021-07-03,ACC_00300,Finance,Operating Expense,46928.18,USD,"Mullins, Jones and Stephens",Completed
FIN_0088832,2023-04-02,ACC_00240,Manufacturing,Revenue,72358.52,USD,"Wu, Long and Turner",Completed
FIN_0043939,2026-06-09,ACC_00293,Sales,Revenue,3846.3,SEK,Taylor-Hicks,Completed
FIN_0450975,2024-01-05,ACC_00350,Engineering,Investment,13657.66,SEK,"Vargas, Coleman and Lucas",Completed
FIN_0192525,2021-10-22,ACC_00029,Human Resources,Revenue,96914.07,SEK,Briggs-Smith,Completed
FIN_0009208,2021-03-14,ACC_00448,Supply Chain,Purchase,16102.19,INR,Wood-Williams,Completed
FIN_0240170,2023-10-09,ACC_00152,Human Resources,Operating Expense,40895.83,SEK,"Poole, Stevens and Jackson",Completed
FIN_0144167,2024-12-12,ACC_00420,Engineering,Operating Expense,39211.96,EUR,"Juarez, Smith and Gonzalez",Pending
FIN_0161707,2023-01-14,ACC_00252,Sales,Revenue,79536.32,INR,Aguilar PLC,Completed
FIN_0485084,2022-03-20,ACC_00469,Engineering,Operating Expense,5135.46,SEK,Zuniga-Sellers,Completed
FIN_0384088,2024-09-02,ACC_00416,Engineering,Payroll,32128.32,INR,Wilkinson LLC,Completed
FIN_0302815,2023-10-15,ACC_00424,Finance,Operating Expense,7510.23,SEK,"Bryant, Ross and Serrano",Completed
FIN_0493506,2025-12-12,ACC_00262,Engineering,Payroll,9954.15,EUR,Perez Group,Pending
FIN_0402292,2023-10-21,ACC_00335,Finance,Purchase,3753.43,USD,Mueller Group,Completed
FIN_0191329,2025-02-14,ACC_00138,Information Technology,Investment,33829.45,SEK,Solis Group,Completed
FIN_0262831,2025-11-15,ACC_00160,Human Resources,Purchase,41044.28,EUR,"Vasquez, Harris and Banks",Completed
FIN_0245448,2025-12-28,ACC_00128,Information Technology,Revenue,83625.56,SEK,Tucker Inc,Pending
FIN_0147089,2023-01-22,ACC_00372,Sales,Operating Expense,25883.15,EUR,Pitts LLC,Completed
FIN_0166314,2025-11-09,ACC_00171,Human Resources,Revenue,60748.36,EUR,Murphy Inc,Completed
FIN_0094341,2025-01-02,ACC_00087,Finance,Operating Expense,48964.81,EUR,Smith PLC,Completed
FIN_0326345,2022-04-25,ACC_00387,Supply Chain,Purchase,2158.95,SEK,Hernandez-Perez,Completed
FIN_0283509,2023-09-21,ACC_00028,Operations,Revenue,63468.55,INR,Chambers Inc,Completed
FIN_0091094,2023-10-14,ACC_00110,Engineering,Operating Expense,10865.98,INR,Watkins-Burch,Completed
FIN_0315128,2021-04-19,ACC_00020,Marketing,Payroll,2503.85,INR,Zamora and Sons,Completed
FIN_0436404,2024-12-11,ACC_00365,Marketing,Payroll,3887.86,USD,"Soto, Cannon and Williams",Completed
FIN_0186120,2021-03-07,ACC_00158,Operations,Purchase,30242.63,SEK,Owens Inc,Pending
FIN_0474624,2024-07-29,ACC_00441,Operations,Revenue,98066.14,INR,Johnson-Mckee,Completed
FIN_0300847,2021-12-18,ACC_00466,Human Resources,Operating Expense,16899.21,INR,Mcdaniel LLC,Completed
FIN_0218743,2022-03-28,ACC_00382,Manufacturing,Revenue,92892.6,INR,Mahoney-Robinson,Completed
FIN_0076802,2025-01-28,ACC_00296,Finance,Purchase,18572.91,INR,Green Group,Completed
FIN_0293981,2025-06-09,ACC_00230,Information Technology,Payroll,21417.91,INR,"Patterson, Lane and Gray",Completed
FIN_0013886,2023-01-15,ACC_00147,Manufacturing,Revenue,64696.99,USD,Archer-Sanders,Completed
FIN_0360538,2026-02-19,ACC_00323,Information Technology,Operating Expense,6570.22,USD,"Simpson, Allen and Hoffman",Completed
FIN_0485545,2025-03-08,ACC_00339,Sales,Revenue,31432.68,USD,Fry LLC,Completed
FIN_0267773,2024-06-14,ACC_00100,Manufacturing,Purchase,46190.83,EUR,Baxter-Smith,Completed
FIN_0042140,2026-05-24,ACC_00233,Manufacturing,Payroll,28010.22,USD,Morris-Bentley,Completed
FIN_0204308,2021-03-22,ACC_00282,Manufacturing,Revenue,67779.37,SEK,UNKNOWN,Completed
FIN_0143101,2024-09-17,ACC_00358,Finance,Operating Expense,25235.41,EUR,Gray-Baxter,Completed
FIN_0158191,2025-03-23,ACC_00254,Engineering,Investment,32927.11,INR,Ford Group,Pending
FIN_0308116,2021-11-23,ACC_00364,Supply Chain,Revenue,57412.72,EUR,"Williams, Gillespie and Bennett",Completed
FIN_0061835,2024-09-21,ACC_00395,Marketing,Operating Expense,27585.19,INR,Johnson and Sons,Completed
FIN_0387471,2026-05-02,ACC_00125,Marketing,Revenue,16000.85,EUR,Wallace-Harmon,Completed
FIN_0289551,2025-12-28,ACC_00487,Human Resources,Revenue,15660.69,SEK,Andrade-Evans,Completed
FIN_0208024,2023-06-25,ACC_00054,Engineering,Revenue,82325.45,INR,Morton-Joyce,Completed
FIN_0055745,2025-02-26,ACC_00368,Supply Chain,Revenue,77592.28,USD,Brown and Sons,Completed
FIN_0187364,2026-02-13,ACC_00251,Human Resources,Revenue,74238.82,EUR,"Jackson, Farrell and Price",Completed
FIN_0334075,2021-07-19,ACC_00202,Supply Chain,Revenue,76951.57,INR,Bender-Ibarra,Completed
FIN_0168537,2021-04-29,ACC_00389,Engineering,Operating Expense,20763.03,EUR,Burns-Mitchell,Completed
FIN_0181796,2022-06-23,ACC_00109,Supply Chain,Purchase,25016.99,SEK,Anderson-Price,Completed
FIN_0380036,2024-06-04,ACC_00197,Engineering,Revenue,55773.83,EUR,Banks Group,Completed
FIN_0274659,2023-07-09,ACC_00214,Human Resources,Revenue,29798.0,SEK,Bailey-Harris,Completed
FIN_0414862,2023-07-29,ACC_00218,Supply Chain,Revenue,44298.18,USD,Stokes LLC,Completed
FIN_0091826,2021-07-11,ACC_00178,Supply Chain,Operating Expense,37505.16,SEK,"Pope, Christensen and Ramos",Completed
FIN_0182843,2023-04-28,ACC_00386,Operations,Purchase,24194.24,INR,UNKNOWN,Completed
FIN_0495105,2026-05-12,ACC_00047,Finance,Operating Expense,45206.68,EUR,Dunn PLC,Completed
FIN_0325339,2024-02-29,ACC_00036,Sales,Purchase,1340.02,INR,Levine and Sons,Completed
FIN_0001492,2022-12-10,ACC_00056,Engineering,Operating Expense,47496.48,INR,Huber-Montgomery,Completed
FIN_0381023,2023-09-04,ACC_00306,Finance,Revenue,79643.42,SEK,West and Sons,Completed
FIN_0132734,2025-03-10,ACC_00088,Information Technology,Revenue,57265.46,EUR,Melendez-Lopez,Completed
FIN_0371340,2022-05-28,ACC_00008,Operations,Payroll,20205.87,EUR,Romero Inc,Completed
FIN_0490901,2021-05-26,ACC_00265,Manufacturing,Operating Expense,1141.16,USD,Villegas Ltd,Completed
FIN_0369274,2025-03-28,ACC_00027,Human Resources,Revenue,71143.69,SEK,"Simpson, Lewis and Ortiz",Completed
FIN_0183538,2024-06-17,ACC_00026,Information Technology,Operating Expense,16191.53,USD,Martinez Ltd,Completed
FIN_0054366,2022-12-09,ACC_00439,Marketing,Revenue,7005.89,SEK,Brown Group,Completed
FIN_0202761,2025-11-30,ACC_00442,Supply Chain,Operating Expense,2808.28,INR,"Murphy, Cruz and Delacruz",Completed
FIN_0115693,2022-08-25,ACC_00213,Supply Chain,Revenue,36043.54,USD,"Ward, Martin and Petty",Completed
FIN_0449656,2022-03-27,ACC_00119,Marketing,Revenue,38419.48,SEK,"Johnson, Ramos and Wang",Completed
FIN_0013260,2022-06-26,ACC_00117,Information Technology,Revenue,2607.7,EUR,"Reeves, Ferguson and Wheeler",Completed
FIN_0212411,2023-12-27,ACC_00163,Engineering,Revenue,5361.77,USD,"Reed, Lucas and Frost",Completed
FIN_0250594,2025-08-17,ACC_00128,Information Technology,Operating Expense,18100.83,EUR,"Myers, Porter and Nash",Completed
FIN_0126563,2024-03-25,ACC_00336,Information Technology,Payroll,41874.85,USD,"Booth, Morris and Wright",Completed
FIN_0278385,2025-10-24,ACC_00241,Engineering,Operating Expense,12493.85,USD,"Wilson, Marshall and Miller",Completed
FIN_0192371,2025-10-01,ACC_00406,Manufacturing,Payroll,25701.67,EUR,Maxwell Ltd,Completed
FIN_0177951,2026-02-15,ACC_00472,Manufacturing,Revenue,7303.74,SEK,UNKNOWN,Completed
FIN_0150672,2021-03-31,ACC_00080,Operations,Revenue,26183.58,USD,Carter Group,Completed
FIN_0493610,2021-03-17,ACC_00198,Information Technology,Revenue,26918.46,USD,"Cox, Barker and Chan",Completed
FIN_0033157,2021-11-25,ACC_00449,Engineering,Purchase,46811.26,SEK,"Joseph, Taylor and Jones",Pending
FIN_0326737,2024-05-04,ACC_00094,Finance,Revenue,9658.37,USD,"Andersen, Lopez and Cooper",Completed
FIN_0080823,2024-04-10,ACC_00024,Information Technology,Revenue,79604.44,EUR,Williams LLC,Completed
FIN_0484342,2025-11-29,ACC_00425,Supply Chain,Revenue,43853.29,EUR,"Howard, Powell and Pierce",Pending
FIN_0293308,2026-02-13,ACC_00253,Supply Chain,Revenue,59558.9,INR,Meyer Group,Completed
FIN_0413087,2025-02-20,ACC_00001,Sales,Revenue,30955.65,USD,Ortiz-Murphy,Completed
FIN_0420207,2026-01-02,ACC_00262,Sales,Payroll,17327.92,EUR,Kelley Group,Completed
FIN_0136526,2023-06-22,ACC_00083,Operations,Revenue,67210.7,INR,Casey Ltd,Completed
FIN_0320882,2025-12-23,ACC_00005,Information Technology,Revenue,20646.95,USD,UNKNOWN,Completed
FIN_0236916,2022-09-08,ACC_00061,Sales,Operating Expense,23541.14,EUR,Mitchell-Simpson,Failed
FIN_0476626,2023-04-10,ACC_00429,Finance,Revenue,58770.89,SEK,Lam Inc,Pending
FIN_0459711,2024-12-22,ACC_00383,Information Technology,Operating Expense,42990.61,SEK,Logan PLC,Completed
FIN_0339208,2023-07-24,ACC_00067,Human Resources,Investment,24362.84,EUR,Taylor Ltd,Completed
FIN_0479313,2025-02-12,ACC_00424,Operations,Operating Expense,33392.58,USD,Fischer-Bernard,Completed
FIN_0139138,2021-06-12,ACC_00096,Operations,Purchase,27419.42,EUR,Baldwin PLC,Completed
FIN_0090792,2021-09-14,ACC_00450,Human Resources,Revenue,9749.89,USD,"Rivera, Mcmillan and Cobb",Completed
FIN_0365782,2021-12-17,ACC_00410,Operations,Payroll,30430.89,SEK,"Short, Stone and Campbell",Completed
FIN_0101356,2021-06-02,ACC_00231,Information Technology,Payroll,31095.86,SEK,"Jackson, Davis and Warren",Completed
FIN_0061647,2025-01-04,ACC_00004,Sales,Payroll,20193.82,EUR,Herrera-Warner,Completed
FIN_0463110,2021-08-22,ACC_00489,Human Resources,Revenue,16886.86,INR,Torres Inc,Completed
FIN_0461788,2022-01-28,ACC_00381,Supply Chain,Revenue,41651.86,EUR,Osborn-Brown,Completed
FIN_0428586,2023-12-03,ACC_00446,Operations,Revenue,49623.05,EUR,"Brown, Villa and Holmes",Pending
FIN_0319700,2025-06-21,ACC_00026,Engineering,Revenue,62492.09,EUR,Porter Ltd,Completed
FIN_0453187,2022-11-08,ACC_00073,Manufacturing,Purchase,41100.85,USD,"Jones, Clark and Phillips",Pending
FIN_0163612,2021-06-15,ACC_00376,Human Resources,Operating Expense,15308.98,SEK,"Garcia, Nicholson and Russell",Completed
FIN_0121833,2023-08-09,ACC_00031,Human Resources,Purchase,2663.65,INR,Mitchell-Cameron,Completed
FIN_0189040,2025-05-18,ACC_00273,Marketing,Revenue,79223.79,SEK,"Thompson, Graham and Rivera",Completed
FIN_0461801,2026-03-24,ACC_00305,Marketing,Purchase,46657.47,EUR,Pruitt Group,Completed
FIN_0124885,2024-12-05,ACC_00159,Human Resources,Revenue,45807.61,EUR,Hawkins-Rodgers,Completed
FIN_0196422,2024-10-31,ACC_00293,Supply Chain,Purchase,20177.86,EUR,Moore and Sons,Completed
FIN_0091278,2022-09-19,ACC_00254,Engineering,Operating Expense,21062.28,INR,Cohen Ltd,Completed
FIN_0103444,2026-01-30,ACC_00436,Manufacturing,Payroll,48177.98,EUR,Davis-Sullivan,Completed
FIN_0072564,2025-04-18,ACC_00413,Marketing,Payroll,40722.38,SEK,Ramos Group,Completed
FIN_0335142,2025-04-25,ACC_00150,Finance,Purchase,48282.5,SEK,"Castillo, Owen and Daugherty",Completed
FIN_0219322,2023-10-20,ACC_00344,Operations,Investment,40965.4,SEK,Smith PLC,Completed
FIN_0373106,2023-12-08,ACC_00390,Sales,Revenue,99371.3,SEK,Hernandez-Bailey,Completed
FIN_0180489,2026-04-01,ACC_00421,Marketing,Operating Expense,46256.43,INR,Woods-Howard,Completed
FIN_0406700,2024-09-18,ACC_00218,Finance,Operating Expense,16903.3,USD,UNKNOWN,Completed
FIN_0076344,2023-06-03,ACC_00349,Operations,Operating Expense,38373.82,SEK,Hampton-Baker,Completed
FIN_0003186,2025-03-07,ACC_00275,Supply Chain,Operating Expense,35520.37,EUR,Carson-Henson,Completed
FIN_0035090,2023-10-16,ACC_00268,Manufacturing,Operating Expense,32124.21,USD,Wood-Burton,Completed
FIN_0294867,2021-10-02,ACC_00260,Human Resources,Operating Expense,45820.76,INR,White Ltd,Pending
FIN_0064754,2023-09-26,ACC_00366,Finance,Operating Expense,30678.53,USD,Marshall Inc,Completed
FIN_0048109,2022-03-05,ACC_00030,Operations,Payroll,41687.02,INR,"Davis, Scott and Thompson",Completed
FIN_0278075,2026-01-12,ACC_00169,Sales,Operating Expense,8799.33,INR,Watkins PLC,Completed
FIN_0243973,2022-08-29,ACC_00212,Operations,Payroll,10740.67,USD,Gonzalez-Bennett,Completed
FIN_0461112,2026-01-21,ACC_00337,Finance,Purchase,5358.38,SEK,"Gonzalez, Richardson and Espinoza",Completed
FIN_0301681,2025-08-11,ACC_00199,Engineering,Revenue,42739.15,INR,Vance Group,Completed
FIN_0137461,2024-12-15,ACC_00313,Operations,Operating Expense,447.65,SEK,Simon-Kelley,Completed
FIN_0415484,2022-11-14,ACC_00113,Human Resources,Purchase,44560.71,INR,"Nunez, Young and James",Completed
FIN_0112269,2021-08-02,ACC_00440,Engineering,Purchase,27401.74,USD,"Curry, Holder and Smith",Completed
FIN_0054397,2021-12-28,ACC_00357,Manufacturing,Revenue,56924.39,SEK,UNKNOWN,Completed
FIN_0214669,2022-01-10,ACC_00425,Information Technology,Payroll,41636.45,SEK,"Henderson, Morton and Moreno",Completed
FIN_0407258,2021-12-17,ACC_00038,Finance,Revenue,9912.02,EUR,"Hernandez, Lawson and Mccall",Completed
FIN_0006209,2021-03-04,ACC_00165,Manufacturing,Revenue,47957.56,SEK,Taylor-Lopez,Completed
FIN_0202342,2023-10-28,ACC_00273,Marketing,Revenue,16239.54,INR,Martinez LLC,Completed
FIN_0266508,2024-01-18,ACC_00211,Supply Chain,Revenue,92910.79,INR,"Ayala, Garza and Johnson",Completed
FIN_0328293,2022-08-04,ACC_00444,Supply Chain,Operating Expense,32040.42,SEK,"Taylor, Wallace and Mack",Completed
FIN_0399342,2025-02-17,ACC_00037,Supply Chain,Revenue,71677.71,INR,Jackson PLC,Completed
FIN_0190722,2021-04-28,ACC_00115,Finance,Payroll,45065.46,INR,"Davis, Herrera and Kirby",Completed
FIN_0475321,2021-04-26,ACC_00312,Information Technology,Operating Expense,115.12,USD,UNKNOWN,Completed
FIN_0472451,2023-12-13,ACC_00227,Information Technology,Payroll,16287.53,USD,"Mcneil, Morgan and Bradley",Completed
FIN_0214490,2022-11-10,ACC_00224,Supply Chain,Revenue,2197.92,SEK,Woods Group,Completed
FIN_0392501,2023-04-23,ACC_00114,Information Technology,Investment,43921.68,SEK,Palmer-Gonzalez,Completed
FIN_0392613,2022-01-06,ACC_00258,Supply Chain,Operating Expense,7635.58,SEK,Kennedy PLC,Completed
FIN_0053329,2021-01-17,ACC_00494,Human Resources,Purchase,48738.56,INR,Chapman PLC,Completed
FIN_0029446,2023-03-22,ACC_00273,Engineering,Payroll,4793.43,SEK,Nixon Inc,Completed
FIN_0011405,2021-08-26,ACC_00361,Supply Chain,Revenue,98042.91,SEK,Clark-Allen,Completed
FIN_0261019,2025-01-05,ACC_00374,Engineering,Revenue,7018.78,EUR,Shaw PLC,Completed
FIN_0224652,2021-05-18,ACC_00436,Operations,Revenue,19107.74,SEK,"Raymond, Lin and Williams",Completed
FIN_0115008,2021-11-15,ACC_00382,Information Technology,Payroll,11413.58,SEK,"Banks, Moore and Warren",Completed
FIN_0427869,2023-10-27,ACC_00465,Supply Chain,Purchase,30187.67,USD,Wilson-Hale,Completed
FIN_0238967,2022-08-20,ACC_00369,Sales,Operating Expense,27007.53,INR,Collins Ltd,Pending
FIN_0451000,2024-09-10,ACC_00035,Engineering,Revenue,22602.76,USD,"Jones, Hill and Cooley",Completed
FIN_0190465,2023-02-03,ACC_00206,Engineering,Payroll,14458.96,INR,Ferguson-Cook,Completed
FIN_0374132,2022-11-11,ACC_00105,Information Technology,Payroll,6165.38,EUR,"Estrada, Davis and Smith",Failed
FIN_0071986,2022-10-06,ACC_00474,Engineering,Purchase,44607.33,INR,Thompson-Reed,Completed
FIN_0288790,2022-12-07,ACC_00485,Sales,Operating Expense,18096.95,EUR,"Allen, Hernandez and Odonnell",Completed
FIN_0068128,2024-05-08,ACC_00182,Finance,Payroll,26517.87,INR,"Chan, Rocha and Thompson",Pending
FIN_0048218,2022-01-23,ACC_00136,Information Technology,Purchase,10485.37,INR,Johnson-Jones,Completed
FIN_0243593,2021-07-27,ACC_00372,Supply Chain,Investment,2247.59,INR,UNKNOWN,Completed
FIN_0212035,2022-12-31,ACC_00261,Manufacturing,Operating Expense,28275.29,EUR,"Gonzales, Garrett and Anderson",Completed
FIN_0235598,2023-03-31,ACC_00050,Information Technology,Purchase,35990.76,USD,"Simmons, Hines and Moore",Completed
FIN_0396941,2022-06-03,ACC_00330,Finance,Purchase,44226.45,INR,"Thomas, Watson and Chung",Completed
FIN_0280167,2024-01-24,ACC_00242,Sales,Purchase,42537.32,INR,UNKNOWN,Completed
FIN_0251167,2023-04-25,ACC_00032,Information Technology,Revenue,66409.69,SEK,Perry-Morales,Completed
FIN_0234272,2023-05-10,ACC_00164,Finance,Purchase,5498.54,INR,Vasquez and Sons,Failed
FIN_0005248,2021-07-01,ACC_00392,Operations,Operating Expense,1579.02,USD,Mcguire and Sons,Completed
FIN_0479784,2025-06-25,ACC_00385,Finance,Revenue,43712.92,EUR,Johnson PLC,Completed
FIN_0061820,2023-02-07,ACC_00326,Operations,Revenue,19900.21,USD,"Edwards, Willis and Stanley",Completed
FIN_0375394,2023-04-30,ACC_00215,Supply Chain,Purchase,37209.38,USD,UNKNOWN,Pending
FIN_0314146,2023-12-23,ACC_00298,Marketing,Revenue,530.49,INR,Richard and Sons,Completed
FIN_0319415,2023-09-17,ACC_00138,Operations,Purchase,42432.25,INR,"Hughes, Bradley and Bradley",Completed
FIN_0368252,2021-03-29,ACC_00025,Manufacturing,Revenue,28208.96,USD,Wallace-Weber,Completed
FIN_0398591,2022-09-22,ACC_00318,Human Resources,Revenue,29413.36,INR,Trujillo-Nichols,Completed
FIN_0080512,2022-08-27,ACC_00231,Information Technology,Revenue,81645.29,USD,Garcia Inc,Completed
FIN_0294548,2021-11-17,ACC_00173,Finance,Purchase,9474.82,INR,UNKNOWN,Completed
FIN_0094586,2021-09-13,ACC_00380,Manufacturing,Purchase,9929.3,EUR,"Hurley, Bennett and Carpenter",Pending
FIN_0287084,2022-11-11,ACC_00178,Engineering,Revenue,1661.36,EUR,Rowe-Clark,Completed
FIN_0479639,2021-11-14,ACC_00218,Sales,Investment,39226.49,EUR,Smith-Cole,Completed
FIN_0253789,2023-08-18,ACC_00232,Operations,Revenue,8979.43,SEK,Ortiz-Contreras,Failed
FIN_0286584,2021-03-01,ACC_00097,Operations,Payroll,19399.81,USD,Ramirez Ltd,Completed
FIN_0030196,2024-08-29,ACC_00143,Operations,Revenue,64340.73,USD,Fuentes-Lang,Completed
FIN_0306134,2024-09-28,ACC_00102,Information Technology,Payroll,34973.77,SEK,UNKNOWN,Completed
FIN_0288650,2023-06-10,ACC_00345,Finance,Payroll,30947.55,SEK,"Rodriguez, Watson and Duncan",Completed
FIN_0188562,2026-05-11,ACC_00200,Marketing,Purchase,33035.82,INR,Perez-Farley,Completed
FIN_0191571,2025-06-11,ACC_00303,Supply Chain,Purchase,41862.67,INR,"Alvarado, Joseph and Schmidt",Completed
FIN_0085923,2026-06-08,ACC_00218,Human Resources,Revenue,71638.61,EUR,Moody-Munoz,Completed
FIN_0412393,2025-11-04,ACC_00147,Finance,Purchase,2522.23,USD,Ho LLC,Completed
FIN_0288586,2024-10-24,ACC_00332,Sales,Revenue,16211.87,EUR,Murray Ltd,Completed
FIN_0273431,2026-03-25,ACC_00197,Marketing,Purchase,29317.52,USD,"English, Rodriguez and Collins",Completed
FIN_0404292,2023-09-02,ACC_00393,Information Technology,Revenue,1240.63,USD,"Pena, Pena and Cohen",Pending
FIN_0042391,2022-03-05,ACC_00487,Finance,Revenue,56259.14,USD,Griffith LLC,Completed
FIN_0215181,2022-06-28,ACC_00292,Finance,Operating Expense,30835.69,EUR,Carpenter Group,Pending
FIN_0319840,2026-04-11,ACC_00481,Information Technology,Purchase,14571.31,USD,Schroeder and Sons,Completed
FIN_0303275,2026-02-16,ACC_00238,Sales,Revenue,31693.26,INR,"Brooks, Long and Wallace",Completed
FIN_0293613,2024-05-12,ACC_00101,Marketing,Revenue,65449.9,INR,"Sutton, Pennington and Morrison",Failed
FIN_0001225,2025-03-25,ACC_00165,Finance,Purchase,32292.99,INR,"Fitzpatrick, Stark and Stewart",Completed
FIN_0436055,2021-05-05,ACC_00230,Finance,Revenue,87723.57,INR,"Fisher, Ramsey and Dalton",Pending
FIN_0446184,2025-12-11,ACC_00292,Information Technology,Revenue,69885.32,SEK,"Morris, Bradford and Scott",Completed
FIN_0178721,2023-07-09,ACC_00454,Finance,Revenue,2462.44,INR,"Dyer, Brown and Clark",Completed
FIN_0442166,2023-07-16,ACC_00451,Supply Chain,Revenue,5412.22,USD,Brown Ltd,Completed
FIN_0429770,2024-08-20,ACC_00218,Finance,Operating Expense,1849.73,USD,Wilkins-Bailey,Completed
FIN_0492309,2023-04-07,ACC_00086,Operations,Revenue,25605.13,INR,Scott-Holmes,Completed
FIN_0230478,2023-12-29,ACC_00490,Sales,Payroll,33538.86,EUR,"Kennedy, Ortega and Thomas",Completed
FIN_0204583,2026-03-25,ACC_00365,Marketing,Operating Expense,5998.48,INR,Williams Group,Completed
FIN_0354063,2023-01-26,ACC_00333,Supply Chain,Revenue,1218.99,SEK,"Bernard, Alexander and Sutton",Pending
FIN_0144603,2025-02-24,ACC_00094,Human Resources,Revenue,29198.06,EUR,"Mcmillan, Robertson and Peterson",Completed
FIN_0155138,2025-11-08,ACC_00258,Marketing,Revenue,62164.89,USD,"Fox, Hess and Holt",Completed
FIN_0403057,2024-10-19,ACC_00306,Sales,Revenue,96224.09,USD,UNKNOWN,Completed
FIN_0392567,2024-11-25,ACC_00166,Information Technology,Purchase,28249.05,INR,"Estrada, Thompson and Rice",Completed
FIN_0067381,2021-04-18,ACC_00108,Marketing,Operating Expense,8370.53,INR,Grant-Hanson,Completed
FIN_0024512,2025-06-17,ACC_00284,Finance,Purchase,24871.36,SEK,Sutton Ltd,Completed
FIN_0269037,2022-11-05,ACC_00234,Finance,Operating Expense,12269.08,EUR,Benjamin-Taylor,Completed
FIN_0337380,2024-08-05,ACC_00218,Supply Chain,Revenue,95842.47,USD,Mendez Ltd,Completed
FIN_0226721,2022-09-04,ACC_00235,Manufacturing,Purchase,44881.05,USD,Rogers-Espinoza,Failed
FIN_0363143,2024-03-26,ACC_00353,Marketing,Operating Expense,21125.67,USD,Swanson Group,Completed
FIN_0311239,2021-05-26,ACC_00226,Finance,Purchase,44295.1,SEK,"Dixon, Wilkinson and Clarke",Completed
FIN_0357441,2025-02-12,ACC_00229,Information Technology,Revenue,41805.51,SEK,Gray and Sons,Completed
FIN_0277525,2024-06-09,ACC_00488,Manufacturing,Purchase,49288.04,SEK,Mcdonald-Mendoza,Completed
FIN_0250354,2021-02-17,ACC_00145,Operations,Purchase,19122.29,EUR,"Powell, Green and Walker",Pending
FIN_0376392,2022-05-11,ACC_00081,Sales,Revenue,60767.51,INR,Booth-Booth,Completed
FIN_0000404,2021-09-15,ACC_00069,Operations,Operating Expense,11354.51,INR,"Bowman, White and Burch",Completed
FIN_0047003,2024-08-21,ACC_00203,Engineering,Payroll,19068.22,INR,Sandoval-Fischer,Completed
FIN_0166098,2022-09-28,ACC_00373,Engineering,Revenue,38012.43,USD,Rodriguez Ltd,Completed
FIN_0429287,2023-08-12,ACC_00114,Finance,Revenue,59030.86,SEK,Stephens LLC,Completed
FIN_0303269,2024-03-05,ACC_00287,Information Technology,Operating Expense,6306.86,SEK,Fuller PLC,Completed
FIN_0130717,2025-03-10,ACC_00203,Information Technology,Operating Expense,15176.13,EUR,Davies-Stephens,Completed
FIN_0090002,2023-06-06,ACC_00047,Marketing,Revenue,44751.79,SEK,Horn-Lawrence,Completed
FIN_0258039,2025-05-05,ACC_00392,Engineering,Revenue,45590.01,INR,Cook-Morales,Completed
FIN_0172770,2024-03-03,ACC_00115,Information Technology,Purchase,27283.68,USD,Spears Inc,Completed
FIN_0183332,2026-01-12,ACC_00095,Manufacturing,Purchase,42528.3,EUR,Hensley Inc,Completed
FIN_0315201,2024-01-23,ACC_00274,Sales,Operating Expense,41066.44,INR,Duncan-Pace,Completed
FIN_0193632,2024-09-23,ACC_00448,Sales,Revenue,64713.89,SEK,"Bush, Reese and Perez",Completed
FIN_0455271,2022-12-24,ACC_00402,Operations,Operating Expense,45476.38,USD,Foley LLC,Completed
FIN_0083802,2026-02-15,ACC_00179,Finance,Purchase,20743.94,USD,"Brown, Morgan and Henderson",Completed
FIN_0258995,2025-08-21,ACC_00312,Supply Chain,Payroll,829.54,USD,Holland-Young,Completed
FIN_0427481,2023-10-10,ACC_00136,Sales,Revenue,88910.32,EUR,Hughes-Taylor,Pending
FIN_0036787,2021-07-11,ACC_00467,Manufacturing,Payroll,42506.51,SEK,"Myers, Dawson and Burnett",Completed
FIN_0236628,2021-04-29,ACC_00158,Manufacturing,Operating Expense,18816.91,INR,Bartlett LLC,Completed
FIN_0149245,2023-06-08,ACC_00070,Finance,Investment,4165.62,EUR,"Hanna, Spears and Morgan",Completed
FIN_0380440,2021-08-07,ACC_00182,Marketing,Purchase,5606.37,SEK,Harvey and Sons,Completed
FIN_0443707,2025-04-26,ACC_00253,Supply Chain,Operating Expense,45822.45,USD,UNKNOWN,Completed
FIN_0185852,2022-04-19,ACC_00253,Manufacturing,Operating Expense,29245.17,USD,"Adams, Martinez and Crosby",Completed
FIN_0131689,2024-12-10,ACC_00127,Finance,Revenue,65465.25,SEK,"Dean, Beard and Baird",Pending
FIN_0252110,2022-05-18,ACC_00408,Finance,Purchase,6527.6,USD,Vang-Mcclain,Completed
FIN_0375800,2021-11-12,ACC_00488,Marketing,Operating Expense,31106.19,INR,"Barker, Alexander and Flores",Completed
FIN_0069311,2023-05-27,ACC_00066,Manufacturing,Purchase,18350.63,SEK,Carter-Hill,Completed
FIN_0416491,2021-09-29,ACC_00059,Human Resources,Payroll,45571.86,USD,Hill-Heath,Completed
FIN_0290556,2025-02-01,ACC_00182,Human Resources,Purchase,49426.84,USD,"Campbell, Pittman and Jones",Completed
FIN_0167864,2023-05-26,ACC_00146,Marketing,Purchase,20079.93,INR,Coleman-Harris,Failed
FIN_0156719,2025-01-29,ACC_00107,Finance,Purchase,42613.58,SEK,Mitchell Group,Pending
FIN_0210069,2021-10-18,ACC_00120,Finance,Revenue,84800.07,USD,Wells and Sons,Completed
FIN_0456048,2021-01-05,ACC_00334,Information Technology,Purchase,12697.02,SEK,Hunter-Campbell,Completed
FIN_0216573,2022-09-25,ACC_00078,Information Technology,Investment,14833.26,EUR,Phillips-Gomez,Completed
FIN_0193595,2024-09-25,ACC_00083,Supply Chain,Revenue,79303.27,EUR,Rios-Valenzuela,Completed
FIN_0047269,2022-09-05,ACC_00479,Marketing,Revenue,8865.07,EUR,"Cook, Harris and Avila",Pending
FIN_0493162,2022-11-29,ACC_00175,Sales,Revenue,37936.26,INR,Morgan Inc,Completed
FIN_0320626,2023-09-11,ACC_00375,Supply Chain,Payroll,32599.08,SEK,"Turner, Moore and Faulkner",Completed
FIN_0465182,2022-01-30,ACC_00324,Finance,Purchase,2341.85,SEK,Mcdonald-Johnson,Completed
FIN_0147609,2025-12-13,ACC_00221,Sales,Revenue,14142.5,EUR,Miller-Luna,Pending
FIN_0254858,2023-10-18,ACC_00115,Engineering,Operating Expense,39124.11,EUR,Dunlap-Jacobson,Completed
FIN_0439123,2025-03-30,ACC_00212,Manufacturing,Revenue,21266.34,USD,Moore-Hernandez,Completed
FIN_0216130,2025-06-26,ACC_00024,Marketing,Revenue,84048.9,USD,"Mills, Curry and Adams",Completed
FIN_0333373,2024-07-31,ACC_00135,Manufacturing,Operating Expense,11989.11,EUR,Norris Inc,Completed
FIN_0394136,2026-03-27,ACC_00193,Information Technology,Operating Expense,24751.59,EUR,Jones PLC,Completed
FIN_0187951,2021-01-05,ACC_00086,Finance,Purchase,49553.49,USD,Johnson Group,Completed
FIN_0379672,2026-03-18,ACC_00353,Information Technology,Payroll,6642.43,INR,"Cisneros, Johnson and Acevedo",Completed
FIN_0187702,2023-12-29,ACC_00131,Operations,Revenue,43691.89,SEK,Abbott-Russell,Completed
FIN_0386150,2025-04-19,ACC_00040,Human Resources,Operating Expense,19550.52,INR,Smith Ltd,Completed
FIN_0239432,2023-01-20,ACC_00189,Human Resources,Purchase,11806.1,EUR,Ross-Mendez,Completed
FIN_0219738,2022-04-22,ACC_00334,Human Resources,Operating Expense,41968.72,INR,Moody-Kelly,Completed
FIN_0292750,2026-06-15,ACC_00406,Engineering,Revenue,42003.15,EUR,"Carpenter, Vincent and Mendoza",Pending
FIN_0322967,2025-08-21,ACC_00208,Manufacturing,Purchase,25879.15,SEK,"Burton, Hudson and Graves",Completed
FIN_0374439,2023-05-20,ACC_00222,Manufacturing,Purchase,31613.32,INR,Watson-Schultz,Completed
FIN_0096289,2024-08-29,ACC_00217,Information Technology,Operating Expense,36358.45,SEK,"Martin, Eaton and Graves",Completed
FIN_0489353,2022-05-05,ACC_00278,Operations,Payroll,28208.92,INR,UNKNOWN,Completed
FIN_0405233,2024-06-08,ACC_00288,Information Technology,Purchase,39520.47,USD,"Phelps, James and Mitchell",Completed
FIN_0046598,2021-05-26,ACC_00395,Operations,Operating Expense,35167.44,INR,"Clayton, Durham and Banks",Completed
FIN_0077883,2022-04-25,ACC_00030,Supply Chain,Purchase,28731.87,SEK,"King, Marshall and Anderson",Completed
FIN_0069243,2023-11-22,ACC_00476,Human Resources,Purchase,24897.43,USD,"Garcia, Jackson and Lozano",Completed
FIN_0108672,2025-09-28,ACC_00197,Marketing,Operating Expense,46954.9,INR,Jimenez PLC,Completed
FIN_0490463,2022-12-23,ACC_00026,Marketing,Operating Expense,29338.95,INR,Flores-Norris,Completed
FIN_0132506,2021-02-23,ACC_00026,Operations,Revenue,32622.14,INR,Sanders Inc,Failed
FIN_0183114,2022-08-13,ACC_00017,Information Technology,Payroll,12334.53,SEK,Guzman-Taylor,Completed
FIN_0188252,2024-08-24,ACC_00123,Marketing,Operating Expense,35912.32,USD,Jackson and Sons,Completed
FIN_0037505,2023-07-05,ACC_00127,Sales,Purchase,3968.51,INR,Welch-Davis,Completed
FIN_0008542,2024-11-30,ACC_00268,Finance,Operating Expense,903.49,INR,Douglas LLC,Pending
FIN_0086355,2023-05-26,ACC_00017,Supply Chain,Revenue,27326.17,INR,Russo PLC,Completed
FIN_0151485,2023-04-19,ACC_00034,Engineering,Purchase,41720.71,SEK,Romero-Jones,Completed
FIN_0162916,2022-08-29,ACC_00449,Finance,Revenue,76970.11,EUR,UNKNOWN,Completed
FIN_0265846,2025-04-17,ACC_00287,Sales,Purchase,21057.44,SEK,"Roberts, Cain and Williams",Completed
FIN_0385802,2023-10-06,ACC_00182,Human Resources,Purchase,36452.73,USD,"Patterson, Madden and Schroeder",Completed
FIN_0379800,2023-05-12,ACC_00322,Sales,Investment,18908.98,USD,Woods-Martinez,Pending
FIN_0192501,2022-04-28,ACC_00281,Information Technology,Revenue,9471.26,INR,"Lewis, Roberson and Spencer",Completed
FIN_0317354,2022-05-02,ACC_00436,Sales,Investment,28548.42,SEK,Manning Ltd,Completed
FIN_0102491,2021-01-10,ACC_00074,Manufacturing,Operating Expense,14524.9,USD,Olsen-Burns,Completed
FIN_0181568,2022-08-31,ACC_00199,Operations,Revenue,87903.74,USD,Keller Ltd,Completed
FIN_0418461,2021-03-25,ACC_00379,Supply Chain,Purchase,6513.74,EUR,Oliver Inc,Completed
FIN_0300717,2023-05-06,ACC_00362,Human Resources,Purchase,3969.23,INR,Wilkinson Inc,Completed
FIN_0390086,2023-11-10,ACC_00347,Manufacturing,Purchase,23980.52,INR,Williams Group,Pending
FIN_0039688,2022-07-20,ACC_00028,Operations,Operating Expense,31993.08,USD,Cooper-Craig,Completed
FIN_0480583,2022-11-04,ACC_00419,Supply Chain,Purchase,42096.16,INR,Smith Ltd,Completed
FIN_0000853,2022-10-09,ACC_00111,Engineering,Operating Expense,16414.36,USD,"Lee, Rhodes and Sims",Completed
FIN_0374784,2023-10-18,ACC_00460,Marketing,Revenue,2384.69,INR,White Group,Completed
FIN_0234986,2022-05-23,ACC_00323,Supply Chain,Purchase,19127.04,INR,"Williams, Davis and Perry",Pending
FIN_0291207,2023-11-01,ACC_00225,Supply Chain,Purchase,30227.79,EUR,"Herrera, Boyd and Farrell",Completed
FIN_0323585,2021-10-02,ACC_00387,Supply Chain,Purchase,43390.15,USD,"Martin, Moore and Cruz",Completed
FIN_0119074,2022-05-20,ACC_00136,Engineering,Purchase,21843.98,INR,Wheeler PLC,Completed
FIN_0273328,2025-04-25,ACC_00175,Operations,Revenue,15085.58,INR,Gallagher-Clark,Completed
FIN_0440271,2022-01-21,ACC_00040,Sales,Revenue,87745.69,USD,Gonzalez Inc,Completed
FIN_0194506,2024-08-01,ACC_00326,Finance,Revenue,36405.75,SEK,Estrada Ltd,Completed
FIN_0254993,2024-03-04,ACC_00488,Engineering,Revenue,85139.41,SEK,Harris-Santana,Completed
FIN_0442282,2024-03-05,ACC_00231,Manufacturing,Operating Expense,1660.14,SEK,Robinson PLC,Completed
FIN_0069046,2022-12-25,ACC_00137,Finance,Revenue,2981.01,INR,Mosley Group,Completed
FIN_0003619,2023-12-10,ACC_00311,Human Resources,Payroll,47591.48,EUR,"Case, Smith and Oneill",Completed
FIN_0324477,2021-12-12,ACC_00284,Operations,Revenue,36204.0,EUR,"Gardner, Williams and Ibarra",Completed
FIN_0028293,2023-09-30,ACC_00175,Supply Chain,Payroll,9820.87,USD,Anderson PLC,Completed
FIN_0180044,2021-08-02,ACC_00460,Marketing,Investment,15743.9,EUR,Nelson-Cunningham,Completed
FIN_0046470,2025-05-31,ACC_00230,Finance,Revenue,81721.05,INR,Gray-Chapman,Completed
FIN_0348862,2026-03-23,ACC_00288,Manufacturing,Revenue,34953.08,SEK,May-Smith,Completed
FIN_0234698,2025-04-22,ACC_00203,Supply Chain,Operating Expense,32787.53,INR,"Hill, Porter and Perkins",Completed
FIN_0407850,2021-12-17,ACC_00350,Engineering,Payroll,5913.35,USD,Mendez-Stephens,Pending
FIN_0252985,2023-04-26,ACC_00493,Finance,Revenue,12417.36,USD,"Browning, Scott and Rodgers",Completed
FIN_0206612,2021-12-21,ACC_00388,Finance,Payroll,10463.88,EUR,Salazar-Hoffman,Completed
FIN_0294570,2021-02-02,ACC_00401,Information Technology,Payroll,39680.54,USD,Hodge-Hayes,Completed
FIN_0459221,2026-01-01,ACC_00446,Manufacturing,Revenue,82666.12,EUR,Gonzalez Group,Completed
FIN_0134008,2026-05-09,ACC_00280,Operations,Payroll,35428.62,SEK,Keller-Martin,Completed
FIN_0348476,2025-12-16,ACC_00361,Engineering,Purchase,29871.63,INR,Moreno-Whitaker,Completed
FIN_0326797,2024-06-22,ACC_00212,Finance,Revenue,3064.93,SEK,"Powell, Reed and Ford",Completed
FIN_0458130,2024-11-13,ACC_00095,Information Technology,Operating Expense,3462.71,SEK,UNKNOWN,Pending
FIN_0072927,2021-12-30,ACC_00260,Sales,Operating Expense,34325.11,INR,Chambers-Allison,Completed
FIN_0337708,2026-05-22,ACC_00469,Marketing,Revenue,56428.36,INR,Johnson-White,Completed
FIN_0452233,2021-02-21,ACC_00254,Manufacturing,Revenue,90283.32,SEK,Hess Group,Completed
FIN_0487316,2026-04-28,ACC_00463,Operations,Revenue,78055.97,SEK,"Guzman, Graham and Johnson",Completed
FIN_0249563,2025-07-23,ACC_00194,Engineering,Operating Expense,20728.98,INR,White and Sons,Completed
FIN_0133680,2024-02-20,ACC_00357,Marketing,Operating Expense,20544.89,SEK,George-Henderson,Completed
FIN_0141931,2021-12-07,ACC_00186,Engineering,Revenue,20499.07,SEK,"Patrick, Cunningham and Gonzales",Completed
FIN_0482491,2022-05-09,ACC_00185,Sales,Payroll,18994.89,USD,Jordan-Mullins,Pending
FIN_0003126,2023-12-17,ACC_00070,Operations,Investment,48956.34,USD,"Torres, Hall and Lindsey",Failed
FIN_0403363,2022-11-13,ACC_00463,Operations,Purchase,24597.04,SEK,Freeman and Sons,Completed
FIN_0147042,2025-03-26,ACC_00302,Manufacturing,Revenue,31833.65,INR,Ross-Newman,Completed
FIN_0250693,2021-01-08,ACC_00024,Engineering,Revenue,89285.12,EUR,"Torres, Cantrell and Matthews",Completed
FIN_0283469,2023-03-11,ACC_00392,Operations,Purchase,32948.19,SEK,Ryan-Spence,Completed
FIN_0165957,2025-04-30,ACC_00155,Information Technology,Purchase,3842.29,SEK,UNKNOWN,Completed
FIN_0278674,2022-04-27,ACC_00184,Operations,Purchase,30179.0,SEK,"Mcknight, Robinson and Patel",Completed
FIN_0235962,2023-01-26,ACC_00153,Sales,Investment,23982.54,EUR,Spencer-Lee,Failed
FIN_0382733,2022-07-22,ACC_00444,Sales,Payroll,22697.91,INR,UNKNOWN,Completed
FIN_0019612,2025-08-31,ACC_00120,Marketing,Operating Expense,19703.75,EUR,Smith Group,Completed
FIN_0168790,2021-03-31,ACC_00359,Marketing,Investment,4872.84,USD,Webb Inc,Completed
FIN_0448844,2022-03-15,ACC_00470,Sales,Payroll,42092.04,INR,Nolan Ltd,Completed
FIN_0180580,2024-04-25,ACC_00081,Human Resources,Revenue,14806.39,SEK,"Harris, Vargas and Hernandez",Completed
FIN_0091751,2024-03-18,ACC_00422,Supply Chain,Revenue,81352.07,INR,UNKNOWN,Completed
FIN_0131368,2025-01-20,ACC_00075,Operations,Purchase,1236.76,INR,Martin-Richmond,Completed
FIN_0121012,2025-09-21,ACC_00252,Operations,Revenue,71594.4,SEK,Graham-Singh,Completed
FIN_0236266,2025-03-29,ACC_00053,Finance,Purchase,23241.2,SEK,Mathews-Carr,Completed
FIN_0336169,2023-03-16,ACC_00228,Sales,Revenue,58229.99,USD,"Mack, Bailey and Aguilar",Completed
FIN_0293936,2021-10-26,ACC_00052,Operations,Revenue,46175.76,USD,Sims LLC,Completed
FIN_0421823,2021-07-28,ACC_00127,Engineering,Revenue,72561.21,USD,Freeman-Burnett,Completed
FIN_0314599,2026-05-23,ACC_00249,Information Technology,Operating Expense,36319.72,SEK,Smith Ltd,Completed
FIN_0349861,2023-03-03,ACC_00298,Engineering,Purchase,4766.0,INR,"Ramirez, Palmer and Payne",Completed
FIN_0255733,2026-04-17,ACC_00337,Manufacturing,Operating Expense,31249.31,EUR,"Perez, Lee and Lewis",Completed
FIN_0338496,2021-12-18,ACC_00254,Operations,Purchase,31219.23,USD,"Johnson, Clark and Welch",Pending
FIN_0370846,2022-02-20,ACC_00442,Information Technology,Revenue,59605.42,EUR,"Fox, Hernandez and Conway",Completed
FIN_0376273,2023-02-12,ACC_00438,Supply Chain,Payroll,35291.27,USD,"Pollard, Cook and Mclaughlin",Completed
FIN_0155353,2021-09-11,ACC_00476,Information Technology,Payroll,33344.44,USD,Barry Ltd,Completed
FIN_0303238,2023-02-13,ACC_00236,Operations,Investment,46862.15,INR,Coleman LLC,Completed
FIN_0324956,2023-07-03,ACC_00212,Marketing,Investment,41369.17,INR,UNKNOWN,Completed
FIN_0255994,2021-02-26,ACC_00395,Operations,Purchase,12173.55,USD,"Espinoza, Edwards and Ford",Completed
FIN_0009925,2021-04-24,ACC_00076,Human Resources,Revenue,45116.65,INR,Morrison-Sanders,Completed
FIN_0287419,2021-10-26,ACC_00499,Operations,Revenue,1414.0,EUR,Simpson Ltd,Completed
FIN_0214468,2023-08-26,ACC_00264,Sales,Revenue,12372.75,SEK,"Hernandez, Nguyen and Gill",Completed
FIN_0252570,2022-09-26,ACC_00063,Information Technology,Purchase,40232.56,INR,Leonard LLC,Completed
FIN_0109722,2026-03-12,ACC_00084,Supply Chain,Payroll,47555.0,USD,Lambert-Ramirez,Completed
FIN_0382591,2022-03-22,ACC_00241,Finance,Operating Expense,14819.76,SEK,Wallace Inc,Completed
FIN_0020281,2023-07-31,ACC_00173,Engineering,Investment,12507.74,SEK,Jones-Smith,Completed
FIN_0326079,2025-03-30,ACC_00356,Engineering,Purchase,4829.72,INR,Walker-Parker,Completed
FIN_0469398,2021-11-02,ACC_00070,Supply Chain,Revenue,66925.6,SEK,Lane LLC,Completed
FIN_0027234,2024-06-04,ACC_00289,Marketing,Purchase,46283.71,USD,"Garcia, Robertson and Harvey",Failed
FIN_0331990,2021-11-18,ACC_00158,Supply Chain,Payroll,46063.7,EUR,Jackson Inc,Completed
FIN_0176204,2026-01-28,ACC_00016,Engineering,Revenue,9843.63,INR,"Fisher, Carroll and Myers",Completed
FIN_0042471,2025-03-11,ACC_00403,Operations,Revenue,74259.8,EUR,"Wright, Miranda and Day",Completed
FIN_0029386,2022-03-26,ACC_00085,Manufacturing,Revenue,21347.45,SEK,Alvarez LLC,Pending
FIN_0472226,2022-07-20,ACC_00161,Marketing,Revenue,62286.64,SEK,Fox-Kelley,Completed
FIN_0445500,2023-08-16,ACC_00131,Finance,Purchase,35690.34,EUR,Velasquez-Gonzalez,Completed
FIN_0239977,2023-12-27,ACC_00353,Manufacturing,Payroll,26270.29,EUR,Merritt-Brown,Completed
FIN_0409477,2024-11-23,ACC_00042,Human Resources,Purchase,42696.2,INR,Wolf Inc,Pending
FIN_0192729,2024-11-20,ACC_00234,Sales,Revenue,26019.64,USD,Hughes-Campbell,Completed
FIN_0292109,2025-07-16,ACC_00151,Engineering,Payroll,30196.42,INR,Gonzalez Ltd,Completed
FIN_0407127,2024-08-17,ACC_00198,Information Technology,Purchase,19370.36,SEK,White-Chapman,Failed
FIN_0004184,2021-10-19,ACC_00017,Marketing,Payroll,17520.3,INR,Miller-Nelson,Completed
FIN_0193863,2022-10-15,ACC_00218,Engineering,Purchase,49299.81,SEK,Ramirez-Reyes,Completed
FIN_0403746,2021-04-22,ACC_00358,Finance,Revenue,99783.46,SEK,"Castaneda, Turner and Frazier",Completed
FIN_0374880,2021-12-18,ACC_00411,Manufacturing,Purchase,29704.1,INR,Taylor-Johnson,Completed
FIN_0401996,2023-02-27,ACC_00057,Marketing,Purchase,6259.3,USD,Ray Ltd,Completed
FIN_0406829,2021-02-26,ACC_00023,Marketing,Revenue,50045.89,EUR,"Pugh, Peterson and Tran",Pending
FIN_0257561,2023-06-12,ACC_00126,Finance,Purchase,12017.41,USD,"Ryan, Guerrero and Gray",Completed
FIN_0155848,2024-01-24,ACC_00450,Sales,Revenue,74278.71,EUR,Glover PLC,Completed
FIN_0108921,2024-01-28,ACC_00231,Human Resources,Investment,30747.07,INR,Goodman-Dillon,Completed
FIN_0431680,2021-07-25,ACC_00144,Information Technology,Operating Expense,16012.58,SEK,UNKNOWN,Completed
FIN_0460029,2024-04-16,ACC_00430,Finance,Payroll,34714.43,EUR,Fuller-Johnson,Completed
FIN_0422525,2023-12-19,ACC_00036,Supply Chain,Operating Expense,25723.17,EUR,"Howard, Murphy and Garcia",Completed
FIN_0236607,2026-06-25,ACC_00421,Manufacturing,Payroll,4848.64,USD,Mora-Shields,Completed
FIN_0291394,2022-03-28,ACC_00032,Finance,Revenue,92267.38,EUR,Bauer Inc,Completed
FIN_0173082,2025-06-13,ACC_00390,Finance,Revenue,27624.36,SEK,Goodwin and Sons,Completed
FIN_0009106,2022-12-08,ACC_00077,Manufacturing,Revenue,98506.21,INR,Schultz PLC,Completed
FIN_0469160,2025-01-23,ACC_00487,Information Technology,Revenue,63731.18,SEK,Hernandez-Ruiz,Completed
FIN_0323016,2021-02-18,ACC_00115,Sales,Payroll,43639.5,SEK,"Silva, Blake and Mora",Completed
FIN_0187862,2025-06-26,ACC_00335,Manufacturing,Revenue,82004.81,EUR,"Foster, Willis and Blair",Completed
FIN_0184122,2024-10-14,ACC_00362,Sales,Revenue,86492.97,INR,Monroe-White,Completed
FIN_0042644,2021-11-07,ACC_00033,Marketing,Revenue,99831.68,EUR,Elliott Group,Completed
FIN_0104059,2023-07-20,ACC_00249,Sales,Operating Expense,19222.7,SEK,Gardner-Andrews,Completed
FIN_0092252,2022-04-01,ACC_00239,Finance,Investment,48614.56,SEK,Hernandez Inc,Completed
FIN_0443532,2022-12-12,ACC_00375,Marketing,Purchase,45903.07,USD,Gentry PLC,Completed
FIN_0129069,2025-04-06,ACC_00492,Supply Chain,Purchase,29886.97,EUR,"Barry, Williams and Mitchell",Completed
FIN_0373943,2022-08-12,ACC_00341,Sales,Purchase,27910.14,USD,Gutierrez PLC,Completed
FIN_0288381,2025-01-03,ACC_00419,Information Technology,Payroll,21552.24,EUR,Russo-Acosta,Completed
FIN_0489036,2026-02-21,ACC_00184,Finance,Revenue,62547.09,INR,"Snyder, Matthews and Christian",Completed
FIN_0206811,2026-04-17,ACC_00443,Information Technology,Purchase,46741.55,SEK,"Stout, Dorsey and Taylor",Completed
FIN_0252417,2021-06-22,ACC_00255,Information Technology,Revenue,99642.0,SEK,Carter-Stone,Completed
FIN_0111854,2021-02-04,ACC_00067,Information Technology,Purchase,5182.16,INR,Parker-Molina,Pending
FIN_0169206,2024-02-16,ACC_00176,Finance,Operating Expense,22432.98,EUR,Bartlett-Hernandez,Completed
FIN_0058627,2024-03-26,ACC_00044,Human Resources,Operating Expense,16300.11,USD,Hernandez Group,Completed
FIN_0488303,2024-06-21,ACC_00434,Marketing,Revenue,15142.24,USD,"Moore, Brock and Hernandez",Completed
FIN_0419505,2024-12-23,ACC_00176,Information Technology,Purchase,3996.19,USD,Brooks-Davis,Completed
FIN_0096626,2025-12-16,ACC_00302,Operations,Revenue,98538.87,SEK,Lee-Tyler,Completed
FIN_0073983,2021-09-15,ACC_00308,Manufacturing,Payroll,13481.18,INR,Miller Group,Completed
FIN_0082209,2021-02-28,ACC_00234,Human Resources,Payroll,27004.02,INR,Esparza Ltd,Completed
FIN_0366580,2024-02-12,ACC_00049,Finance,Operating Expense,27257.56,SEK,"Garza, Humphrey and Gomez",Completed
FIN_0081304,2022-07-30,ACC_00405,Information Technology,Purchase,29933.72,USD,"Snyder, Pearson and Schneider",Completed
FIN_0264682,2023-11-12,ACC_00451,Supply Chain,Operating Expense,11641.41,USD,"Smith, Petersen and Rodriguez",Completed
FIN_0354397,2023-10-19,ACC_00102,Human Resources,Payroll,16367.32,SEK,Simmons-Kelly,Completed
FIN_0167476,2022-11-21,ACC_00274,Marketing,Payroll,47451.92,EUR,Campbell Group,Completed
FIN_0413586,2022-11-12,ACC_00050,Information Technology,Payroll,41305.56,SEK,Bailey-Humphrey,Completed
FIN_0280226,2023-10-05,ACC_00284,Manufacturing,Revenue,88404.83,EUR,"Lewis, Harris and Perez",Completed
FIN_0208875,2024-12-31,ACC_00179,Finance,Revenue,32690.77,SEK,"Donovan, Harrison and Mason",Completed
FIN_0123534,2021-10-19,ACC_00272,Sales,Payroll,173.44,EUR,Wilson-Griffin,Completed
FIN_0192628,2023-06-12,ACC_00256,Finance,Revenue,61822.78,EUR,Carney-Levy,Completed
FIN_0130656,2023-07-01,ACC_00487,Marketing,Revenue,37635.92,USD,"Jackson, Gibbs and Smith",Completed
FIN_0004940,2024-01-01,ACC_00121,Finance,Purchase,41081.2,EUR,Benson-Jackson,Completed
FIN_0353913,2026-01-28,ACC_00322,Sales,Revenue,91597.47,SEK,Foster-Young,Completed
FIN_0438423,2024-12-27,ACC_00155,Engineering,Purchase,37370.2,INR,Pena-Johnston,Completed
FIN_0309875,2021-02-01,ACC_00166,Supply Chain,Revenue,98572.06,SEK,Walters Ltd,Completed
FIN_0444074,2021-02-21,ACC_00497,Human Resources,Purchase,3684.2,EUR,Diaz Group,Completed
FIN_0404371,2021-08-27,ACC_00303,Human Resources,Purchase,38305.03,SEK,Rogers-Mills,Pending
FIN_0360331,2024-12-21,ACC_00085,Sales,Revenue,27750.64,SEK,Winters-Chen,Completed
FIN_0390117,2025-12-17,ACC_00109,Information Technology,Revenue,66024.08,SEK,Colon PLC,Completed
FIN_0413567,2022-01-14,ACC_00146,Information Technology,Purchase,727.08,INR,Greer-Wilson,Completed
FIN_0009239,2022-11-04,ACC_00166,Sales,Revenue,94290.38,EUR,Mckenzie Group,Completed
FIN_0369177,2025-06-18,ACC_00390,Sales,Purchase,18762.44,EUR,Bautista-Dominguez,Completed
FIN_0414011,2021-03-12,ACC_00155,Operations,Operating Expense,34885.8,INR,Wong and Sons,Completed
FIN_0046292,2024-11-04,ACC_00046,Information Technology,Investment,31438.37,INR,Hardy LLC,Completed
FIN_0040962,2026-03-29,ACC_00186,Finance,Purchase,3057.17,INR,"Johnson, Paul and Turner",Completed
FIN_0445794,2023-03-05,ACC_00355,Supply Chain,Payroll,15440.15,USD,"Mitchell, Bates and Hernandez",Completed
FIN_0458808,2021-08-12,ACC_00382,Engineering,Revenue,84095.46,SEK,"Dominguez, Carter and Woods",Completed
FIN_0138886,2021-05-22,ACC_00358,Marketing,Purchase,23258.48,EUR,"Solis, Alexander and Hooper",Completed
FIN_0395865,2023-08-03,ACC_00160,Supply Chain,Payroll,43467.65,EUR,"Martin, Foster and Mcintosh",Completed
FIN_0288925,2022-01-24,ACC_00418,Information Technology,Revenue,50177.43,EUR,"Lam, Murphy and Martinez",Completed
FIN_0047797,2023-04-27,ACC_00385,Engineering,Revenue,31403.03,EUR,Ray Group,Completed
FIN_0405762,2021-03-12,ACC_00229,Marketing,Revenue,75365.93,EUR,Wood Inc,Completed
FIN_0351922,2024-03-14,ACC_00364,Information Technology,Operating Expense,10742.25,INR,Davis and Sons,Completed
FIN_0083410,2026-06-19,ACC_00179,Finance,Purchase,21326.89,INR,Perez PLC,Completed
FIN_0278311,2024-04-22,ACC_00131,Manufacturing,Revenue,47247.34,INR,Long-Fisher,Pending
FIN_0210765,2025-10-25,ACC_00229,Human Resources,Purchase,11750.42,INR,"Sanchez, Cruz and Hayes",Completed
FIN_0427709,2024-12-11,ACC_00474,Information Technology,Operating Expense,27715.04,USD,Walters-Moore,Completed
FIN_0385095,2023-09-07,ACC_00427,Marketing,Operating Expense,9886.27,SEK,Mcpherson Group,Completed
FIN_0435363,2024-03-28,ACC_00287,Operations,Revenue,89235.3,SEK,Pierce-Taylor,Failed
FIN_0333495,2025-02-15,ACC_00037,Operations,Purchase,30922.32,EUR,Franco Ltd,Completed
FIN_0375510,2026-01-04,ACC_00073,Sales,Revenue,93632.42,SEK,"Mccarthy, Allen and Clark",Completed
FIN_0253140,2024-12-30,ACC_00448,Information Technology,Payroll,28487.15,SEK,"Moore, Walker and Richards",Completed
FIN_0130620,2024-01-01,ACC_00049,Finance,Purchase,35101.22,USD,Allen-Singh,Completed
FIN_0293505,2024-12-25,ACC_00393,Sales,Purchase,39423.94,INR,Reynolds-Hamilton,Completed
FIN_0269730,2026-02-15,ACC_00213,Operations,Payroll,46575.9,INR,"Mack, Smith and Miller",Completed
FIN_0487474,2021-02-03,ACC_00225,Operations,Operating Expense,22312.04,INR,Lowe-Horne,Pending
FIN_0464023,2026-05-25,ACC_00435,Manufacturing,Purchase,44532.59,INR,Graham Group,Completed
FIN_0102745,2022-01-07,ACC_00199,Operations,Payroll,44014.64,EUR,Delgado-Frank,Completed
FIN_0225599,2021-08-04,ACC_00008,Supply Chain,Payroll,48019.8,INR,Lee Ltd,Completed
FIN_0334609,2021-01-15,ACC_00381,Supply Chain,Revenue,12602.74,USD,Young-Allison,Completed
FIN_0155689,2023-09-16,ACC_00226,Human Resources,Payroll,7015.66,USD,"Malone, Patel and Houston",Completed
FIN_0258365,2024-04-04,ACC_00445,Engineering,Revenue,13268.19,EUR,Reeves and Sons,Completed
FIN_0046133,2021-06-30,ACC_00461,Operations,Payroll,21382.62,SEK,Taylor-Anderson,Completed
FIN_0199334,2023-07-31,ACC_00474,Human Resources,Revenue,40914.37,USD,"Silva, Larson and Young",Completed
FIN_0487389,2021-07-19,ACC_00108,Operations,Payroll,46146.21,EUR,Garcia-Pollard,Completed
FIN_0444520,2025-07-04,ACC_00238,Supply Chain,Purchase,49659.58,EUR,Davis-Bush,Completed
FIN_0475000,2025-07-04,ACC_00207,Engineering,Payroll,24837.38,SEK,Quinn Inc,Completed
FIN_0140102,2021-03-25,ACC_00135,Marketing,Revenue,805.78,INR,"Thompson, Mueller and Watts",Failed
FIN_0357800,2021-05-02,ACC_00477,Information Technology,Operating Expense,32216.13,INR,"Hernandez, Williams and Lewis",Completed
FIN_0112251,2023-06-07,ACC_00420,Finance,Revenue,46702.28,SEK,Huynh-Cooper,Completed
FIN_0212441,2025-05-23,ACC_00463,Manufacturing,Purchase,6150.61,EUR,UNKNOWN,Completed
FIN_0014619,2021-09-26,ACC_00427,Marketing,Revenue,18979.82,EUR,Wilson PLC,Completed
FIN_0240482,2024-12-15,ACC_00302,Information Technology,Revenue,60734.81,USD,"Turner, Graham and Hernandez",Completed
FIN_0078274,2025-10-27,ACC_00034,Marketing,Revenue,57727.58,EUR,"Ruiz, Davis and Farmer",Completed
FIN_0063951,2025-12-31,ACC_00041,Manufacturing,Purchase,35415.52,SEK,Cooper-Kelly,Completed
FIN_0393839,2024-03-03,ACC_00363,Finance,Revenue,883.97,INR,"Woods, Williams and Vaughn",Completed
FIN_0059585,2021-08-20,ACC_00436,Information Technology,Payroll,6907.9,SEK,"Santiago, Cordova and Lee",Failed
FIN_0144811,2022-07-05,ACC_00349,Sales,Investment,7019.84,INR,Brown PLC,Completed
FIN_0369340,2024-01-25,ACC_00055,Engineering,Revenue,76578.72,USD,Richardson Inc,Completed
FIN_0343541,2021-05-16,ACC_00046,Engineering,Purchase,38883.53,USD,Torres-Hansen,Pending
FIN_0207128,2022-09-19,ACC_00487,Information Technology,Payroll,18310.32,INR,"Jones, Johnson and Ibarra",Completed
FIN_0211556,2021-09-16,ACC_00433,Marketing,Purchase,37477.92,EUR,"Austin, Little and Becker",Completed
FIN_0335533,2022-01-19,ACC_00058,Manufacturing,Revenue,63680.77,USD,Schroeder-Anderson,Completed
FIN_0362569,2023-10-04,ACC_00309,Engineering,Revenue,83424.45,INR,Savage and Sons,Completed
FIN_0226343,2025-05-19,ACC_00286,Supply Chain,Payroll,8637.1,SEK,Patterson-Nichols,Completed
FIN_0384151,2023-10-20,ACC_00028,Finance,Operating Expense,37362.83,USD,"Grimes, Gomez and Tucker",Completed
FIN_0281640,2026-06-10,ACC_00205,Marketing,Revenue,79216.25,USD,"Walter, Le and Watts",Completed
FIN_0002939,2022-09-12,ACC_00222,Engineering,Purchase,42075.58,INR,Rodriguez-Sherman,Completed
FIN_0232024,2025-11-01,ACC_00102,Manufacturing,Operating Expense,24193.19,EUR,Chan-Sullivan,Completed
FIN_0472495,2021-09-17,ACC_00123,Finance,Purchase,12282.52,INR,"Smith, Clark and Jordan",Completed
FIN_0292863,2025-08-28,ACC_00435,Sales,Revenue,48612.07,SEK,Allen-Martin,Completed
FIN_0041358,2023-12-06,ACC_00446,Supply Chain,Revenue,43040.67,USD,"Smith, Frederick and Rodriguez",Completed
FIN_0122598,2022-10-23,ACC_00257,Operations,Payroll,23924.04,USD,Smith-Crawford,Completed
FIN_0123950,2024-03-25,ACC_00089,Engineering,Purchase,5312.79,INR,"Sanchez, Gallegos and Holden",Completed
FIN_0374556,2021-03-02,ACC_00397,Engineering,Payroll,24515.8,EUR,Stewart-Armstrong,Completed
FIN_0046508,2022-06-25,ACC_00472,Finance,Revenue,13101.6,EUR,Lam-Nguyen,Completed
FIN_0411563,2025-04-08,ACC_00183,Finance,Revenue,42668.58,INR,Flores Group,Completed
FIN_0142970,2021-07-25,ACC_00011,Sales,Purchase,24444.4,USD,Rivera-Lozano,Completed
FIN_0435665,2021-01-10,ACC_00433,Marketing,Investment,32481.68,USD,"Leach, Clark and Jones",Completed
FIN_0159537,2021-12-16,ACC_00382,Information Technology,Revenue,23755.75,USD,"Stewart, Davis and Harris",Completed
FIN_0023733,2022-07-20,ACC_00001,Information Technology,Revenue,42807.12,EUR,UNKNOWN,Completed
FIN_0302532,2022-08-04,ACC_00172,Human Resources,Revenue,57593.8,EUR,Smith-Hayes,Completed
FIN_0256862,2024-03-03,ACC_00222,Information Technology,Revenue,72766.2,EUR,"Chavez, Craig and Wells",Completed
FIN_0155096,2021-12-04,ACC_00374,Operations,Purchase,18193.6,SEK,Arnold PLC,Pending
FIN_0095345,2023-06-04,ACC_00074,Human Resources,Payroll,48515.72,SEK,"Sullivan, Atkinson and Shields",Completed
FIN_0204393,2022-10-05,ACC_00269,Supply Chain,Operating Expense,2041.14,INR,"Meyer, Pierce and Jackson",Completed
FIN_0267174,2022-01-25,ACC_00050,Engineering,Operating Expense,46412.81,USD,Sherman LLC,Completed
FIN_0361630,2023-10-26,ACC_00268,Manufacturing,Payroll,38347.13,INR,Leonard-Scott,Completed
FIN_0333451,2023-12-02,ACC_00199,Supply Chain,Payroll,11482.4,EUR,Olson-Thompson,Completed
FIN_0356574,2026-02-13,ACC_00111,Human Resources,Revenue,89150.17,USD,Jacobs LLC,Completed
FIN_0368303,2023-06-30,ACC_00217,Engineering,Operating Expense,47589.63,USD,Burke Group,Completed
FIN_0222162,2023-11-19,ACC_00257,Human Resources,Revenue,46313.06,SEK,Moore-Smith,Completed
FIN_0120200,2022-02-07,ACC_00271,Operations,Operating Expense,27576.51,EUR,Padilla-Jones,Completed
FIN_0391270,2024-06-01,ACC_00382,Finance,Revenue,67820.62,USD,Hahn-Thompson,Failed
FIN_0217894,2025-02-17,ACC_00365,Finance,Purchase,44273.57,INR,Williams Ltd,Completed
FIN_0294441,2022-06-20,ACC_00340,Sales,Purchase,7924.56,USD,Davis-Gross,Completed
FIN_0319797,2026-03-31,ACC_00001,Marketing,Revenue,43381.49,SEK,Gonzalez PLC,Completed
FIN_0085476,2023-08-31,ACC_00244,Information Technology,Revenue,80334.84,INR,"Williams, Frey and Perez",Pending
FIN_0283641,2021-04-10,ACC_00327,Human Resources,Payroll,23664.03,INR,"Parsons, Washington and Rodriguez",Completed
FIN_0081991,2026-02-18,ACC_00287,Human Resources,Payroll,40991.66,EUR,"Serrano, Collier and Moore",Completed
FIN_0365165,2023-09-11,ACC_00205,Human Resources,Operating Expense,7350.96,INR,Pace Inc,Failed
FIN_0055168,2024-10-20,ACC_00499,Engineering,Operating Expense,12000.63,SEK,"Guerrero, Bates and Thompson",Completed
FIN_0457672,2023-04-04,ACC_00135,Manufacturing,Revenue,55786.94,EUR,"Torres, Edwards and Lewis",Completed
FIN_0491720,2021-05-01,ACC_00371,Information Technology,Revenue,32025.44,INR,"Grimes, Hancock and Wood",Completed
FIN_0189696,2023-01-30,ACC_00330,Marketing,Payroll,23874.98,EUR,Anthony-Gibson,Completed
FIN_0057153,2022-09-27,ACC_00431,Engineering,Investment,28581.43,INR,Molina-White,Completed
FIN_0017556,2025-10-20,ACC_00307,Operations,Payroll,17815.65,USD,Alvarado Ltd,Completed
FIN_0302960,2022-10-11,ACC_00398,Operations,Payroll,17216.74,SEK,Oliver PLC,Completed
FIN_0289439,2021-06-24,ACC_00168,Information Technology,Payroll,37811.07,USD,"Krueger, Dean and Baker",Completed
FIN_0339218,2025-05-18,ACC_00109,Finance,Payroll,47221.99,USD,Turner-Green,Completed
FIN_0246793,2021-03-22,ACC_00381,Human Resources,Purchase,21003.87,SEK,"Strong, Roberts and Lin",Completed
FIN_0070568,2021-09-29,ACC_00010,Engineering,Purchase,47256.45,INR,Mendez Ltd,Completed
FIN_0217920,2022-01-29,ACC_00246,Manufacturing,Revenue,69011.71,USD,"Graves, Rich and Stanley",Completed
FIN_0037058,2026-01-15,ACC_00488,Manufacturing,Investment,39380.48,INR,Thomas Ltd,Completed
FIN_0364213,2023-06-14,ACC_00411,Marketing,Operating Expense,26340.31,INR,Wilkins PLC,Completed
FIN_0421223,2024-08-22,ACC_00246,Human Resources,Revenue,63358.3,EUR,"Fisher, Spence and Rodriguez",Completed
FIN_0222179,2022-10-10,ACC_00318,Marketing,Revenue,35767.12,EUR,Hoffman-Durham,Completed
FIN_0385033,2021-09-24,ACC_00397,Supply Chain,Operating Expense,36497.86,USD,Wells Inc,Completed
FIN_0262857,2023-12-27,ACC_00122,Manufacturing,Investment,15941.71,INR,Farmer-Patterson,Completed
FIN_0194742,2021-05-19,ACC_00276,Supply Chain,Revenue,24497.0,EUR,"Humphrey, Fuller and Alexander",Completed
FIN_0409893,2022-08-22,ACC_00128,Operations,Revenue,46663.49,SEK,"Ross, Harris and Reid",Completed
FIN_0451628,2021-02-03,ACC_00220,Human Resources,Revenue,92165.66,EUR,Love-Martin,Completed
FIN_0345053,2025-09-21,ACC_00153,Sales,Revenue,10385.43,SEK,Smith and Sons,Completed
FIN_0177844,2025-05-29,ACC_00001,Supply Chain,Operating Expense,24289.95,USD,"Williams, Flores and Davis",Completed
FIN_0225209,2023-08-12,ACC_00314,Engineering,Payroll,1735.15,INR,Dennis LLC,Completed
FIN_0272699,2025-07-27,ACC_00058,Human Resources,Payroll,4692.61,EUR,Hernandez Ltd,Completed
FIN_0051128,2022-11-23,ACC_00005,Engineering,Revenue,88308.91,USD,Scott-Hahn,Completed
FIN_0217371,2022-06-22,ACC_00342,Operations,Revenue,10728.92,EUR,"Warren, Jackson and Burke",Completed
FIN_0349076,2023-03-17,ACC_00158,Operations,Purchase,47169.94,EUR,"Jones, Munoz and Turner",Completed
FIN_0265167,2022-09-14,ACC_00381,Supply Chain,Operating Expense,14170.6,INR,Ramirez LLC,Completed
FIN_0316467,2026-02-21,ACC_00147,Finance,Operating Expense,21560.0,EUR,Prince-Costa,Pending
FIN_0469082,2025-06-16,ACC_00144,Supply Chain,Payroll,9564.17,INR,"Thornton, Anderson and Smith",Completed
FIN_0417786,2025-01-19,ACC_00470,Human Resources,Revenue,20120.32,SEK,"Parker, Wood and Ho",Completed
FIN_0467529,2024-02-07,ACC_00328,Information Technology,Revenue,89741.11,USD,Henson and Sons,Completed
FIN_0306245,2025-03-15,ACC_00107,Engineering,Payroll,3223.05,SEK,Cooper Ltd,Completed
FIN_0427620,2024-08-19,ACC_00347,Finance,Operating Expense,45322.48,EUR,Avila-Cruz,Completed
FIN_0397032,2022-07-28,ACC_00012,Supply Chain,Purchase,2738.38,SEK,Rose and Sons,Completed
FIN_0005574,2024-02-03,ACC_00243,Supply Chain,Investment,6629.12,EUR,Perez-Smith,Completed
FIN_0166069,2024-04-16,ACC_00207,Marketing,Payroll,11251.8,INR,Flores-Vargas,Completed
FIN_0060669,2024-04-17,ACC_00273,Finance,Payroll,32654.33,USD,"Lee, Smith and Lopez",Pending
FIN_0402517,2021-04-01,ACC_00422,Finance,Purchase,30252.41,INR,"Figueroa, Scott and Aguilar",Completed
FIN_0229766,2024-11-28,ACC_00006,Operations,Operating Expense,28440.86,EUR,"Bailey, Klein and Jackson",Completed
FIN_0034798,2023-02-03,ACC_00245,Operations,Revenue,99769.17,USD,"Lee, Caldwell and Kennedy",Completed
FIN_0451885,2024-11-27,ACC_00200,Human Resources,Operating Expense,1867.93,SEK,UNKNOWN,Completed
FIN_0181336,2023-07-06,ACC_00293,Sales,Revenue,53290.99,SEK,UNKNOWN,Completed
FIN_0358620,2024-08-26,ACC_00285,Information Technology,Operating Expense,744.26,SEK,UNKNOWN,Completed
FIN_0196557,2022-02-15,ACC_00109,Supply Chain,Payroll,39686.23,USD,UNKNOWN,Completed
FIN_0093424,2025-10-03,ACC_00276,Sales,Revenue,94691.73,USD,"Johnson, Garcia and Camacho",Completed
FIN_0011523,2022-02-26,ACC_00144,Information Technology,Revenue,36528.73,EUR,UNKNOWN,Completed
FIN_0355477,2025-03-07,ACC_00352,Engineering,Operating Expense,14902.66,EUR,Rogers LLC,Pending
FIN_0203168,2021-02-03,ACC_00119,Information Technology,Revenue,29369.14,INR,"Dillon, Curtis and Brewer",Completed
FIN_0400915,2021-03-03,ACC_00125,Finance,Operating Expense,24759.78,EUR,Wilson Inc,Completed
FIN_0318956,2025-09-21,ACC_00397,Sales,Revenue,21027.36,INR,"Taylor, Ortiz and Henry",Completed
FIN_0224937,2021-03-20,ACC_00200,Human Resources,Revenue,31444.02,INR,Cervantes-Hall,Completed
FIN_0231460,2023-05-30,ACC_00296,Sales,Purchase,21045.3,EUR,Shannon Ltd,Completed
FIN_0476431,2021-04-25,ACC_00306,Operations,Operating Expense,37486.54,INR,"Hernandez, Ferguson and Martinez",Completed
FIN_0064082,2023-08-31,ACC_00001,Finance,Purchase,37297.45,SEK,Green PLC,Completed
FIN_0346232,2022-11-30,ACC_00410,Manufacturing,Payroll,34710.0,USD,Sanchez-Smith,Completed
FIN_0124357,2021-06-21,ACC_00270,Sales,Purchase,45670.91,INR,Butler-Glover,Completed
FIN_0340678,2025-08-09,ACC_00383,Information Technology,Revenue,49659.95,SEK,Sexton-Anderson,Completed
FIN_0357047,2026-01-23,ACC_00283,Manufacturing,Purchase,16056.65,EUR,Chapman Ltd,Completed
FIN_0169517,2025-12-04,ACC_00161,Sales,Payroll,35255.9,USD,"Austin, Riley and Jimenez",Completed
FIN_0334996,2024-02-15,ACC_00116,Operations,Payroll,36433.27,SEK,Robinson LLC,Completed
FIN_0411793,2021-05-07,ACC_00379,Supply Chain,Operating Expense,37662.39,SEK,Figueroa Group,Completed
FIN_0356234,2025-07-02,ACC_00343,Supply Chain,Revenue,41226.23,USD,"Graham, Powell and Garcia",Completed
FIN_0314293,2023-11-21,ACC_00471,Human Resources,Purchase,15735.72,EUR,Hawkins-Alexander,Completed
FIN_0352806,2022-12-19,ACC_00003,Finance,Payroll,31094.85,USD,Ramsey-Brown,Completed
FIN_0293395,2023-01-13,ACC_00050,Marketing,Revenue,18220.34,INR,"Mills, Adams and Wallace",Completed
FIN_0499685,2025-07-20,ACC_00347,Operations,Purchase,1633.78,INR,Sparks-Williams,Completed
FIN_0445925,2022-04-27,ACC_00279,Information Technology,Operating Expense,2443.56,SEK,Bryant LLC,Completed
FIN_0402409,2021-03-12,ACC_00332,Operations,Revenue,23561.03,EUR,"Weaver, Cooper and Reyes",Completed
FIN_0389544,2021-08-27,ACC_00370,Sales,Operating Expense,46963.1,INR,Hamilton Inc,Completed
FIN_0117104,2022-09-25,ACC_00407,Engineering,Revenue,63180.96,SEK,Carter-Francis,Completed
FIN_0210728,2022-04-03,ACC_00198,Engineering,Revenue,31849.63,USD,"Owens, Keller and Neal",Completed
FIN_0421881,2023-08-20,ACC_00258,Sales,Revenue,8833.05,INR,"Sullivan, Lindsey and Brennan",Completed
FIN_0312912,2022-03-18,ACC_00105,Manufacturing,Revenue,2553.96,EUR,Ortiz and Sons,Completed
FIN_0145859,2023-08-16,ACC_00103,Finance,Investment,23336.85,INR,UNKNOWN,Completed
FIN_0497460,2024-11-20,ACC_00307,Human Resources,Investment,9433.87,SEK,"Hudson, Thomas and Gould",Completed
FIN_0482844,2026-04-22,ACC_00257,Human Resources,Operating Expense,9852.13,EUR,Brooks-Gordon,Completed
FIN_0406464,2026-03-03,ACC_00486,Human Resources,Investment,12217.78,USD,"Andrews, Reid and Glass",Completed
FIN_0324572,2023-05-03,ACC_00489,Sales,Revenue,71543.24,SEK,UNKNOWN,Completed
FIN_0409920,2024-03-17,ACC_00186,Finance,Payroll,40264.32,USD,Sanders-Smith,Completed
FIN_0301524,2021-02-08,ACC_00331,Supply Chain,Revenue,11090.69,SEK,Davis-Waters,Completed
FIN_0167843,2023-04-23,ACC_00061,Supply Chain,Payroll,16464.07,USD,"Dennis, Sharp and Hughes",Completed
FIN_0424077,2021-04-25,ACC_00223,Human Resources,Revenue,56942.42,EUR,Krueger and Sons,Completed
FIN_0243359,2024-11-24,ACC_00471,Sales,Revenue,22066.95,EUR,"Reynolds, Jones and Frey",Completed
FIN_0082039,2026-06-24,ACC_00468,Operations,Revenue,14166.77,INR,UNKNOWN,Completed
FIN_0300873,2023-05-09,ACC_00341,Finance,Payroll,23237.72,EUR,Anderson-Evans,Completed
FIN_0010764,2022-04-03,ACC_00147,Operations,Purchase,3586.75,INR,"Patton, Nelson and Flowers",Completed
FIN_0294101,2025-12-25,ACC_00298,Operations,Purchase,49480.86,EUR,Davis-Young,Completed
FIN_0278189,2021-03-03,ACC_00392,Engineering,Revenue,9147.69,EUR,Wilson and Sons,Completed
FIN_0056183,2024-05-19,ACC_00390,Sales,Operating Expense,47776.44,SEK,"Hall, Mason and Smith",Completed
FIN_0426406,2025-08-31,ACC_00342,Information Technology,Payroll,30523.55,EUR,"Finley, Mclean and Sharp",Completed
FIN_0208362,2022-11-27,ACC_00380,Information Technology,Purchase,4134.66,USD,"Wade, Huynh and Green",Completed
FIN_0452539,2023-06-28,ACC_00287,Supply Chain,Purchase,47033.69,INR,Moore Ltd,Completed
FIN_0211768,2023-04-10,ACC_00081,Information Technology,Investment,913.96,SEK,"Mills, Smith and Baldwin",Pending
FIN_0195422,2023-10-28,ACC_00457,Manufacturing,Operating Expense,41606.28,INR,"Carrillo, Bryant and Phillips",Completed
FIN_0339011,2023-05-04,ACC_00114,Information Technology,Revenue,86445.0,EUR,Curtis Ltd,Completed
FIN_0459310,2021-07-11,ACC_00293,Finance,Payroll,46671.01,EUR,"Edwards, Jackson and Berg",Completed
FIN_0483789,2025-10-07,ACC_00336,Operations,Purchase,17023.6,EUR,Gonzales Group,Completed
FIN_0162231,2024-09-22,ACC_00334,Information Technology,Revenue,8504.55,SEK,Murphy-Hernandez,Completed
FIN_0405518,2022-12-07,ACC_00460,Human Resources,Revenue,90514.31,SEK,Hernandez-Blevins,Completed
FIN_0390302,2022-09-07,ACC_00263,Operations,Payroll,31924.89,SEK,Garcia Inc,Completed
FIN_0452597,2022-11-09,ACC_00462,Human Resources,Purchase,7948.22,INR,Winters LLC,Completed
FIN_0058801,2022-11-06,ACC_00007,Finance,Revenue,36228.21,SEK,Barnes PLC,Pending
FIN_0186726,2021-10-29,ACC_00245,Supply Chain,Revenue,12994.2,USD,Davis PLC,Completed
FIN_0202025,2026-03-22,ACC_00424,Operations,Payroll,40674.42,INR,"Delacruz, Bennett and Harvey",Completed
FIN_0379052,2024-02-02,ACC_00204,Operations,Purchase,44355.0,USD,Fox-Bradley,Completed
FIN_0184788,2023-12-18,ACC_00045,Information Technology,Operating Expense,35423.18,EUR,Davis PLC,Completed
FIN_0109698,2024-11-30,ACC_00206,Human Resources,Operating Expense,34475.87,USD,"Johnson, Jones and Snyder",Completed
FIN_0054541,2023-03-10,ACC_00453,Operations,Operating Expense,13242.32,USD,"Fowler, Cain and Schmidt",Completed
FIN_0311495,2025-08-17,ACC_00384,Supply Chain,Revenue,36182.05,EUR,Smith Inc,Pending
FIN_0046457,2022-08-16,ACC_00144,Sales,Operating Expense,23806.51,USD,Thomas-Barker,Completed
FIN_0195157,2022-05-29,ACC_00420,Supply Chain,Purchase,49713.07,INR,Scott LLC,Completed
FIN_0458572,2024-03-10,ACC_00375,Finance,Revenue,28575.29,INR,Lam-Warner,Pending
FIN_0441821,2022-06-28,ACC_00252,Manufacturing,Operating Expense,21286.6,USD,Lucas Inc,Pending
FIN_0258436,2021-05-20,ACC_00345,Sales,Revenue,43956.41,SEK,Meyers-Sandoval,Completed
FIN_0283666,2022-09-23,ACC_00154,Finance,Revenue,30448.87,SEK,Rodriguez-Thompson,Completed
FIN_0240896,2021-12-20,ACC_00242,Human Resources,Revenue,8625.26,INR,Mitchell Group,Completed
FIN_0068222,2022-08-15,ACC_00455,Sales,Operating Expense,12013.3,EUR,"Spencer, Holmes and Patel",Completed
FIN_0203838,2025-06-28,ACC_00339,Finance,Revenue,35887.74,EUR,Copeland-White,Completed
FIN_0217593,2021-01-19,ACC_00494,Sales,Revenue,78370.5,INR,Benson and Sons,Completed
FIN_0236048,2025-10-03,ACC_00399,Sales,Operating Expense,4555.96,SEK,Beasley-Smith,Completed
FIN_0037472,2021-05-25,ACC_00416,Manufacturing,Revenue,91398.91,EUR,"Alexander, Hernandez and Dyer",Completed
FIN_0482791,2025-06-04,ACC_00469,Human Resources,Revenue,6893.35,EUR,"Blake, Elliott and Anderson",Completed
FIN_0417784,2022-02-21,ACC_00281,Finance,Revenue,86769.43,INR,"Fuentes, Fox and Reynolds",Completed
FIN_0119501,2022-10-30,ACC_00068,Manufacturing,Revenue,59555.65,INR,Smith LLC,Completed
FIN_0443053,2021-12-20,ACC_00115,Sales,Revenue,88467.23,INR,Smith and Sons,Completed
FIN_0007257,2025-10-03,ACC_00376,Supply Chain,Revenue,87128.88,EUR,Brewer Group,Completed
FIN_0406125,2025-10-30,ACC_00230,Engineering,Operating Expense,43044.16,SEK,"Arias, Wilson and Morris",Completed
FIN_0047175,2024-02-18,ACC_00090,Supply Chain,Purchase,18528.34,EUR,Thomas-Miller,Completed
FIN_0007710,2025-02-22,ACC_00344,Sales,Revenue,36027.16,USD,Sparks Inc,Completed
FIN_0128987,2022-08-06,ACC_00463,Supply Chain,Operating Expense,3083.54,USD,"Ortiz, Nelson and Ellis",Completed
FIN_0054901,2025-06-11,ACC_00370,Sales,Payroll,46360.37,EUR,Austin Ltd,Completed
FIN_0138039,2022-06-21,ACC_00329,Operations,Purchase,41703.6,EUR,"Coleman, Wilson and Johnson",Completed
FIN_0068837,2024-05-21,ACC_00193,Operations,Payroll,34001.85,EUR,Ford PLC,Completed
FIN_0255135,2021-09-07,ACC_00243,Engineering,Payroll,24924.73,INR,Stevenson-Johnson,Completed
FIN_0296985,2021-07-28,ACC_00059,Supply Chain,Revenue,3768.86,SEK,"Park, Smith and Williams",Completed
FIN_0038028,2021-04-27,ACC_00391,Supply Chain,Revenue,38494.76,USD,"Johnson, Roberts and Ward",Completed
FIN_0325639,2024-04-14,ACC_00012,Finance,Purchase,23976.78,SEK,Lyons-Anderson,Completed
FIN_0259853,2023-07-20,ACC_00444,Supply Chain,Revenue,65246.61,EUR,"Young, Larson and Clarke",Completed
FIN_0448488,2026-03-22,ACC_00245,Human Resources,Payroll,6154.34,INR,Mills Inc,Completed
FIN_0114241,2023-11-04,ACC_00235,Sales,Revenue,40420.31,USD,Pope-Mann,Completed
FIN_0165431,2022-12-28,ACC_00407,Manufacturing,Purchase,23093.51,USD,Clark Ltd,Completed
FIN_0088319,2023-03-30,ACC_00064,Engineering,Purchase,45587.55,EUR,Vincent-Green,Completed
FIN_0238598,2023-09-14,ACC_00119,Manufacturing,Revenue,91340.58,INR,Baker Group,Completed
FIN_0117941,2024-11-22,ACC_00328,Sales,Payroll,30337.8,SEK,Jones LLC,Completed
FIN_0279200,2021-02-26,ACC_00414,Engineering,Purchase,563.54,USD,Perez LLC,Completed
FIN_0385698,2024-04-20,ACC_00259,Engineering,Operating Expense,14957.95,INR,Hardin and Sons,Completed
FIN_0479228,2025-11-30,ACC_00284,Marketing,Revenue,1977.16,INR,"Gonzales, Chung and Meyers",Failed
FIN_0317134,2026-04-02,ACC_00270,Supply Chain,Revenue,13741.83,EUR,Christian-Sanders,Completed
FIN_0281996,2021-12-20,ACC_00081,Information Technology,Revenue,17332.63,INR,"Knight, Prince and Le",Completed
FIN_0078924,2021-09-21,ACC_00422,Marketing,Investment,30548.48,SEK,Guzman-Fisher,Completed
FIN_0363625,2022-03-23,ACC_00162,Sales,Operating Expense,22312.13,SEK,Snyder-Garcia,Completed
FIN_0016511,2021-09-01,ACC_00306,Marketing,Operating Expense,49338.85,USD,UNKNOWN,Completed
FIN_0245456,2023-09-30,ACC_00446,Marketing,Operating Expense,31904.73,USD,Foster-Smith,Completed
FIN_0175890,2021-02-22,ACC_00416,Human Resources,Purchase,32762.15,EUR,Nguyen-Irwin,Completed
FIN_0372930,2024-12-06,ACC_00176,Human Resources,Purchase,46834.95,USD,"Jones, Wiggins and Graham",Completed
FIN_0344789,2023-04-16,ACC_00459,Marketing,Payroll,14218.85,USD,Rogers LLC,Completed
FIN_0396399,2022-10-10,ACC_00088,Supply Chain,Operating Expense,42652.93,EUR,"Harris, Stewart and Ward",Completed
FIN_0454781,2024-12-22,ACC_00338,Finance,Purchase,22928.2,USD,"Mccarty, Rocha and Allen",Completed
FIN_0226652,2024-01-15,ACC_00139,Supply Chain,Revenue,69506.9,EUR,Jackson Ltd,Completed
FIN_0043696,2021-04-27,ACC_00219,Marketing,Operating Expense,10782.37,INR,"Washington, Stephens and Lewis",Completed
FIN_0200255,2025-08-05,ACC_00094,Operations,Revenue,47009.76,EUR,Tran Ltd,Completed
FIN_0371458,2021-05-26,ACC_00036,Manufacturing,Operating Expense,22719.5,USD,Escobar-Rocha,Completed
FIN_0486129,2025-05-20,ACC_00097,Engineering,Purchase,17478.73,EUR,Leblanc Ltd,Completed
FIN_0233054,2024-01-02,ACC_00284,Manufacturing,Purchase,26111.94,USD,Lang-Hodge,Completed
FIN_0189894,2023-03-12,ACC_00224,Marketing,Purchase,2466.37,SEK,"Houston, Clark and Graves",Completed
FIN_0268317,2026-06-21,ACC_00108,Manufacturing,Payroll,10715.18,EUR,UNKNOWN,Completed
FIN_0424012,2023-03-30,ACC_00100,Marketing,Operating Expense,38460.58,USD,"Gonzalez, Duncan and Rhodes",Completed
FIN_0257648,2021-05-29,ACC_00036,Human Resources,Revenue,77121.21,EUR,Lawrence PLC,Completed
FIN_0021753,2022-11-10,ACC_00263,Marketing,Revenue,54803.86,EUR,Reese-Lopez,Completed
FIN_0206826,2024-11-03,ACC_00090,Supply Chain,Purchase,18194.4,SEK,"Levy, Williams and Eaton",Completed
FIN_0313645,2025-06-19,ACC_00330,Marketing,Revenue,93945.34,EUR,Fox-Ramirez,Completed
FIN_0231028,2021-12-01,ACC_00049,Manufacturing,Revenue,61984.04,INR,UNKNOWN,Completed
FIN_0368736,2021-12-04,ACC_00363,Human Resources,Purchase,14592.02,USD,Walters-Pope,Pending
FIN_0425177,2024-04-30,ACC_00094,Operations,Payroll,24736.2,USD,Hurst-Moss,Completed
FIN_0029003,2022-08-03,ACC_00012,Supply Chain,Purchase,34142.6,EUR,Roberts PLC,Completed
FIN_0228326,2024-08-27,ACC_00491,Engineering,Payroll,8709.54,SEK,Nichols-Cooper,Completed
FIN_0146599,2021-07-07,ACC_00288,Information Technology,Revenue,45978.93,EUR,"Ochoa, Mathis and Hicks",Pending
FIN_0431662,2021-05-12,ACC_00012,Finance,Revenue,65946.42,EUR,"Bryant, Jimenez and Hawkins",Completed
FIN_0390794,2021-07-10,ACC_00374,Manufacturing,Investment,21446.37,EUR,Peterson Ltd,Completed
FIN_0335486,2022-05-07,ACC_00227,Marketing,Purchase,11768.51,INR,Bell-Pena,Completed
FIN_0202310,2024-08-06,ACC_00451,Human Resources,Revenue,56512.83,USD,"Schultz, Hall and Hopkins",Completed
FIN_0359059,2021-12-24,ACC_00075,Sales,Revenue,46175.73,EUR,Short-Garrett,Completed
FIN_0344905,2026-04-06,ACC_00310,Human Resources,Revenue,5232.96,USD,Gallegos Inc,Completed
FIN_0475119,2025-01-31,ACC_00158,Finance,Revenue,78923.7,USD,Boyd Group,Failed
FIN_0225195,2022-02-17,ACC_00280,Finance,Operating Expense,2653.39,SEK,Walsh-Briggs,Completed
FIN_0201141,2024-04-27,ACC_00428,Marketing,Purchase,10088.57,INR,"Spencer, Chen and Mclaughlin",Completed
FIN_0283931,2025-04-11,ACC_00469,Sales,Revenue,24064.34,INR,Schultz-Figueroa,Pending
FIN_0093534,2022-09-04,ACC_00195,Operations,Operating Expense,49173.82,USD,UNKNOWN,Completed
FIN_0016573,2022-07-05,ACC_00007,Sales,Payroll,26917.99,EUR,Alvarez LLC,Completed
FIN_0217840,2021-06-09,ACC_00172,Operations,Operating Expense,29022.96,USD,Bradshaw Inc,Completed
FIN_0163907,2024-03-09,ACC_00403,Supply Chain,Revenue,50678.85,INR,Barker Ltd,Completed
FIN_0184268,2021-06-05,ACC_00005,Human Resources,Revenue,78351.32,INR,Jones-Brown,Completed
FIN_0152034,2024-11-16,ACC_00280,Sales,Operating Expense,29477.55,EUR,Matthews-Miller,Completed
FIN_0129822,2024-07-27,ACC_00245,Manufacturing,Revenue,73036.65,SEK,Hines-Romero,Completed
FIN_0104511,2026-05-29,ACC_00260,Manufacturing,Purchase,26440.96,EUR,Swanson and Sons,Completed
FIN_0444233,2021-06-04,ACC_00454,Finance,Operating Expense,30625.04,USD,Baldwin-Webster,Completed
FIN_0214283,2022-02-17,ACC_00296,Operations,Revenue,88613.24,SEK,"Thomas, Collins and Roach",Completed
FIN_0309257,2024-06-11,ACC_00097,Supply Chain,Revenue,37149.61,SEK,"Hughes, Fox and Davis",Pending
FIN_0185646,2021-01-12,ACC_00270,Manufacturing,Operating Expense,897.42,EUR,"Odonnell, Johnson and Gonzales",Completed
FIN_0348627,2024-11-12,ACC_00130,Engineering,Purchase,32100.11,SEK,Jordan Ltd,Completed
FIN_0256546,2025-11-30,ACC_00307,Engineering,Purchase,35825.63,EUR,Davis LLC,Completed
FIN_0407748,2021-09-21,ACC_00138,Supply Chain,Revenue,15864.23,INR,Thomas Group,Completed
FIN_0305432,2025-05-26,ACC_00092,Finance,Operating Expense,16261.96,SEK,Winters-Terry,Completed
FIN_0417192,2024-04-24,ACC_00387,Engineering,Revenue,57714.23,USD,Camacho-Phillips,Completed
FIN_0346819,2021-11-12,ACC_00355,Human Resources,Purchase,11908.17,SEK,"Marshall, Jones and Bailey",Completed
FIN_0434804,2024-03-01,ACC_00328,Supply Chain,Revenue,24823.88,USD,Morgan-Smith,Completed
FIN_0233992,2022-10-12,ACC_00079,Operations,Investment,1970.87,EUR,Perry LLC,Completed
FIN_0207580,2023-11-22,ACC_00463,Supply Chain,Payroll,12703.19,SEK,"Davis, Miller and Rios",Completed
FIN_0328709,2025-08-01,ACC_00463,Finance,Operating Expense,34721.33,USD,"Hawkins, Wright and Gomez",Completed
FIN_0273067,2024-09-24,ACC_00405,Manufacturing,Revenue,74943.5,SEK,Kramer Ltd,Completed
FIN_0028387,2023-11-23,ACC_00380,Supply Chain,Operating Expense,12448.52,SEK,"Hartman, Hayes and Elliott",Completed
FIN_0477872,2025-06-11,ACC_00487,Manufacturing,Payroll,32108.28,EUR,"Sanchez, Taylor and Melton",Pending
FIN_0344063,2026-04-03,ACC_00041,Finance,Purchase,34912.62,SEK,"Alexander, Wilson and Zimmerman",Completed
FIN_0016832,2021-03-17,ACC_00337,Operations,Investment,17307.07,USD,Turner-Anderson,Completed
FIN_0159363,2024-12-18,ACC_00429,Sales,Revenue,16506.88,SEK,Golden-Medina,Completed
FIN_0141038,2023-11-13,ACC_00325,Engineering,Payroll,30801.44,SEK,Williams-Fields,Completed
FIN_0020003,2022-06-07,ACC_00432,Sales,Purchase,4868.71,SEK,"Carpenter, Odom and Olsen",Completed
FIN_0464900,2024-02-29,ACC_00041,Engineering,Operating Expense,29524.61,SEK,Perez-Armstrong,Completed
FIN_0164572,2021-11-09,ACC_00292,Human Resources,Operating Expense,20766.47,USD,Schmidt-Morris,Completed
FIN_0341020,2022-01-05,ACC_00113,Information Technology,Revenue,90120.61,USD,"Patterson, Martinez and Ryan",Completed
FIN_0120333,2021-02-05,ACC_00303,Supply Chain,Revenue,8696.13,EUR,Gonzalez-Poole,Completed
FIN_0236885,2024-02-13,ACC_00397,Engineering,Revenue,5833.42,EUR,"Wright, Smith and Marshall",Completed
FIN_0029663,2022-01-18,ACC_00227,Engineering,Purchase,28125.6,EUR,Dunn-Morris,Completed
FIN_0193257,2025-12-01,ACC_00408,Human Resources,Purchase,13592.78,EUR,"Morris, Young and Dawson",Completed
FIN_0479407,2022-02-09,ACC_00038,Operations,Payroll,22342.6,USD,Roach-Thompson,Failed
FIN_0254373,2022-12-01,ACC_00361,Engineering,Payroll,12301.11,USD,Austin PLC,Completed
FIN_0168866,2022-04-09,ACC_00170,Manufacturing,Operating Expense,988.73,EUR,Johnson Group,Completed
FIN_0471817,2021-08-19,ACC_00390,Manufacturing,Purchase,9868.64,USD,"Mitchell, Middleton and Gonzalez",Completed
FIN_0393809,2023-12-30,ACC_00078,Supply Chain,Revenue,36793.26,USD,Blackwell-Stephens,Completed
FIN_0115617,2022-06-19,ACC_00358,Finance,Purchase,44010.57,SEK,"Reyes, Zhang and Hodges",Completed
FIN_0329247,2024-01-03,ACC_00115,Operations,Purchase,11379.16,USD,Hurley-Jones,Completed
FIN_0322265,2024-11-13,ACC_00020,Supply Chain,Revenue,92819.76,SEK,Gonzalez Group,Completed
FIN_0484485,2022-05-09,ACC_00391,Sales,Revenue,89713.02,USD,Underwood Ltd,Completed
FIN_0348943,2021-11-25,ACC_00082,Sales,Revenue,83856.09,INR,Clark Group,Pending
FIN_0493499,2022-03-08,ACC_00005,Engineering,Revenue,79680.49,INR,"Terry, Woods and Johnson",Completed
FIN_0434124,2021-05-07,ACC_00136,Supply Chain,Revenue,32778.84,EUR,"Ward, Jacobs and Knight",Completed
FIN_0173992,2023-03-18,ACC_00471,Sales,Payroll,34445.98,EUR,"Allen, Guzman and Smith",Completed
FIN_0469860,2022-01-11,ACC_00183,Manufacturing,Payroll,12822.94,EUR,"Ellis, Morgan and Casey",Completed
FIN_0207623,2021-03-13,ACC_00220,Finance,Revenue,66596.23,INR,Harrison-Bell,Completed
FIN_0067058,2024-01-05,ACC_00057,Sales,Revenue,6400.87,USD,"Mitchell, Sanders and Cook",Completed
FIN_0346582,2021-02-09,ACC_00104,Supply Chain,Purchase,29939.76,INR,Scott-Fisher,Completed
FIN_0017505,2023-12-12,ACC_00087,Engineering,Operating Expense,13982.92,SEK,Wagner-Flores,Completed
FIN_0157893,2024-01-17,ACC_00300,Operations,Revenue,6617.27,EUR,"Compton, Anderson and Becker",Pending
FIN_0299923,2025-12-23,ACC_00437,Information Technology,Purchase,1988.4,EUR,Stein-Clements,Completed
FIN_0436285,2023-07-01,ACC_00224,Information Technology,Purchase,2816.76,USD,Williams and Sons,Completed
FIN_0343676,2022-07-03,ACC_00259,Human Resources,Revenue,6909.14,EUR,Cantrell-Chavez,Completed
FIN_0122138,2021-07-03,ACC_00184,Operations,Operating Expense,40073.45,SEK,Hughes-Dean,Completed
FIN_0101625,2023-04-24,ACC_00432,Manufacturing,Payroll,10315.05,USD,"Willis, Smith and Ramirez",Completed
FIN_0311782,2025-02-16,ACC_00068,Finance,Operating Expense,19730.8,SEK,"Harper, Padilla and Mccullough",Pending
FIN_0286417,2024-07-27,ACC_00049,Operations,Purchase,19350.53,SEK,Vargas Ltd,Completed
FIN_0035254,2024-07-06,ACC_00298,Manufacturing,Revenue,52728.43,INR,Dixon-Thompson,Completed
FIN_0240468,2021-11-13,ACC_00100,Engineering,Payroll,9951.45,SEK,Elliott-Morris,Completed
FIN_0415653,2022-02-03,ACC_00371,Sales,Purchase,43510.74,USD,Miller-Johnson,Completed
FIN_0014593,2024-09-24,ACC_00182,Marketing,Purchase,34785.16,SEK,Marshall Inc,Completed
FIN_0113085,2023-11-16,ACC_00163,Supply Chain,Operating Expense,31547.43,SEK,Lee PLC,Completed
FIN_0017121,2024-08-06,ACC_00016,Finance,Purchase,34590.91,EUR,Olsen-Rubio,Completed
FIN_0009330,2021-02-23,ACC_00252,Marketing,Payroll,9222.4,EUR,Elliott LLC,Completed
FIN_0224179,2026-01-03,ACC_00409,Supply Chain,Payroll,20967.98,EUR,Johnson-Baker,Completed
FIN_0368775,2021-05-28,ACC_00208,Sales,Operating Expense,334.49,EUR,Guzman LLC,Completed
FIN_0194514,2021-03-06,ACC_00039,Marketing,Purchase,2631.9,USD,Munoz PLC,Completed
FIN_0120956,2021-01-01,ACC_00308,Finance,Purchase,40846.55,INR,Thomas PLC,Completed
FIN_0213222,2021-12-10,ACC_00154,Finance,Revenue,11681.92,INR,Brown LLC,Completed
FIN_0293541,2026-02-02,ACC_00098,Engineering,Revenue,97195.76,USD,Davis LLC,Completed
FIN_0167716,2023-01-05,ACC_00082,Operations,Operating Expense,43758.92,EUR,UNKNOWN,Completed
FIN_0260191,2025-02-06,ACC_00052,Engineering,Operating Expense,34496.4,USD,UNKNOWN,Completed
FIN_0396237,2025-03-07,ACC_00314,Engineering,Operating Expense,39294.08,SEK,Rowe and Sons,Completed
FIN_0184175,2024-09-03,ACC_00156,Operations,Revenue,11845.31,USD,Anderson LLC,Completed
FIN_0194197,2025-10-05,ACC_00263,Manufacturing,Purchase,25435.47,USD,"Small, Aguirre and Richards",Completed
FIN_0276776,2024-11-24,ACC_00124,Supply Chain,Revenue,68880.67,SEK,"Hogan, Rodriguez and Gray",Completed
FIN_0316551,2025-06-15,ACC_00138,Information Technology,Investment,19453.79,USD,Scott Ltd,Completed
FIN_0446124,2022-09-26,ACC_00050,Sales,Payroll,5276.29,SEK,Holmes PLC,Completed
FIN_0485983,2023-01-21,ACC_00232,Information Technology,Purchase,44780.32,SEK,Little-Ford,Completed
FIN_0161355,2021-05-06,ACC_00032,Supply Chain,Payroll,15936.82,SEK,Walls-Watts,Completed
FIN_0243945,2025-04-18,ACC_00162,Supply Chain,Revenue,91076.44,SEK,Wood-Mckinney,Completed
FIN_0317794,2024-10-14,ACC_00306,Supply Chain,Purchase,10654.48,SEK,Simmons-Martin,Completed
FIN_0293156,2026-04-28,ACC_00484,Finance,Operating Expense,49926.85,EUR,Perez and Sons,Completed
FIN_0366610,2023-11-11,ACC_00098,Supply Chain,Operating Expense,20732.66,USD,Mills-Brown,Completed
FIN_0124745,2023-11-28,ACC_00464,Information Technology,Revenue,89874.34,EUR,Mills-Schmidt,Completed
FIN_0029469,2025-07-05,ACC_00098,Human Resources,Operating Expense,34926.17,EUR,Thompson and Sons,Completed
FIN_0210349,2022-12-05,ACC_00232,Sales,Revenue,79499.34,INR,Taylor-Jones,Completed
FIN_0231203,2023-12-09,ACC_00319,Human Resources,Revenue,23867.65,INR,"Rose, Ware and Cline",Pending
FIN_0480180,2022-03-19,ACC_00234,Marketing,Revenue,96220.2,USD,Ferguson and Sons,Completed
FIN_0407674,2022-03-06,ACC_00447,Engineering,Operating Expense,5098.87,SEK,Bell-Nelson,Completed
FIN_0087997,2024-07-30,ACC_00391,Engineering,Payroll,31571.23,USD,"Mata, Ferrell and Mullen",Completed
FIN_0435535,2026-04-23,ACC_00166,Sales,Purchase,32303.91,INR,Jackson-Mason,Completed
FIN_0122720,2022-10-25,ACC_00125,Human Resources,Revenue,57565.94,SEK,Berry LLC,Completed
FIN_0180358,2026-06-11,ACC_00150,Manufacturing,Operating Expense,10007.85,USD,"Jenkins, Clark and Smith",Completed
FIN_0144810,2023-04-08,ACC_00290,Finance,Revenue,13902.89,INR,Andrews-Hernandez,Completed
FIN_0469277,2022-12-14,ACC_00288,Marketing,Operating Expense,36834.82,SEK,Nichols-Brooks,Completed
FIN_0479245,2025-07-23,ACC_00279,Marketing,Operating Expense,12687.08,SEK,Garrett-Smith,Completed
FIN_0214079,2024-12-03,ACC_00384,Operations,Operating Expense,6837.08,USD,Bowers PLC,Pending
FIN_0206313,2023-02-15,ACC_00431,Operations,Operating Expense,30674.28,SEK,"Burke, Munoz and Montoya",Completed
FIN_0315130,2021-09-13,ACC_00059,Marketing,Investment,6869.14,EUR,"Carter, Lopez and Smith",Completed
FIN_0279235,2021-02-07,ACC_00012,Supply Chain,Operating Expense,30366.32,EUR,Johnson and Sons,Completed
FIN_0206510,2025-01-10,ACC_00310,Engineering,Operating Expense,23162.34,INR,Jordan Ltd,Pending
FIN_0073234,2023-12-19,ACC_00284,Manufacturing,Purchase,41256.64,EUR,Martinez PLC,Completed
FIN_0394127,2024-10-10,ACC_00438,Engineering,Revenue,23993.15,USD,Mcintyre LLC,Completed
FIN_0056278,2021-10-18,ACC_00087,Sales,Purchase,13002.06,EUR,"Mccoy, Taylor and Rodriguez",Completed
FIN_0082931,2023-06-21,ACC_00028,Sales,Investment,14227.3,USD,"Hendrix, Keller and Guzman",Completed
FIN_0316472,2023-12-31,ACC_00066,Supply Chain,Purchase,31461.54,EUR,"Cook, Perez and Dunn",Completed
FIN_0069809,2025-05-25,ACC_00405,Engineering,Purchase,4861.64,USD,Shepherd-Owens,Completed
FIN_0108741,2024-10-24,ACC_00245,Finance,Operating Expense,45988.49,EUR,"Stewart, Glenn and Thomas",Completed
FIN_0272761,2025-11-06,ACC_00468,Operations,Revenue,45973.27,INR,Terry LLC,Completed
FIN_0419171,2023-05-04,ACC_00133,Operations,Operating Expense,33759.91,USD,"Duncan, Knight and Lee",Completed
FIN_0397385,2023-11-24,ACC_00314,Engineering,Operating Expense,47544.69,SEK,"Proctor, Archer and Graves",Completed
FIN_0328189,2023-03-29,ACC_00353,Information Technology,Operating Expense,22210.31,INR,Moss-Miller,Pending
FIN_0211659,2023-12-15,ACC_00115,Operations,Operating Expense,37375.28,INR,"Long, Becker and Chavez",Completed
FIN_0126111,2022-12-18,ACC_00248,Marketing,Revenue,89987.04,USD,"Sutton, Garcia and Collier",Completed
FIN_0084284,2025-03-24,ACC_00090,Manufacturing,Purchase,27897.37,EUR,"Friedman, Lozano and Palmer",Completed
FIN_0352543,2022-10-17,ACC_00333,Engineering,Operating Expense,4495.76,USD,Maxwell-Dennis,Completed
FIN_0057234,2021-01-08,ACC_00375,Marketing,Revenue,35342.37,EUR,"Wilkins, Rodriguez and Allen",Completed
FIN_0249364,2024-05-11,ACC_00355,Human Resources,Operating Expense,13919.37,EUR,"Walker, Hardin and Nelson",Completed
FIN_0290839,2021-03-10,ACC_00016,Operations,Revenue,51718.67,USD,"Smith, Keith and Young",Completed
FIN_0280240,2025-12-06,ACC_00219,Human Resources,Operating Expense,6897.59,SEK,Li PLC,Completed
FIN_0113391,2021-12-31,ACC_00115,Supply Chain,Purchase,8335.56,INR,Fletcher LLC,Completed
FIN_0480374,2026-04-15,ACC_00350,Finance,Investment,33040.97,INR,Jefferson-Walsh,Completed
FIN_0250874,2026-03-25,ACC_00455,Human Resources,Purchase,18476.81,USD,"Stevenson, Boyd and Hudson",Completed
FIN_0000118,2025-03-17,ACC_00330,Engineering,Revenue,92695.47,INR,"Washington, Allen and Gonzales",Completed
FIN_0089353,2021-05-30,ACC_00326,Human Resources,Payroll,20438.7,SEK,Lee-Andersen,Completed
FIN_0304488,2024-06-29,ACC_00365,Manufacturing,Purchase,43724.42,INR,Prince-Mendoza,Completed
FIN_0417642,2026-04-08,ACC_00217,Information Technology,Revenue,8156.33,EUR,Wang and Sons,Completed
FIN_0052637,2025-12-31,ACC_00155,Marketing,Purchase,27418.67,INR,Holland-Bailey,Completed
FIN_0217590,2024-11-19,ACC_00100,Information Technology,Operating Expense,28973.63,INR,Rice and Sons,Completed
FIN_0344680,2023-01-24,ACC_00083,Operations,Revenue,8155.76,SEK,"Pierce, Chavez and Smith",Completed
FIN_0090489,2025-09-12,ACC_00055,Human Resources,Payroll,47083.34,INR,Cook LLC,Completed
FIN_0464958,2021-03-25,ACC_00428,Manufacturing,Revenue,64201.7,USD,Smith-Fisher,Completed
FIN_0091517,2023-07-26,ACC_00022,Information Technology,Revenue,84129.7,SEK,Robinson Group,Completed
FIN_0156504,2025-11-16,ACC_00002,Operations,Payroll,47207.02,INR,"Munoz, Palmer and Bryant",Completed
FIN_0348834,2022-04-10,ACC_00248,Finance,Purchase,3514.27,EUR,Perry PLC,Failed
FIN_0169670,2023-01-30,ACC_00364,Human Resources,Revenue,54624.84,EUR,"Clark, Gilbert and Fernandez",Completed
FIN_0038429,2024-03-17,ACC_00010,Marketing,Operating Expense,49494.65,SEK,"Patel, Bean and David",Completed
FIN_0098218,2026-06-09,ACC_00434,Manufacturing,Revenue,68652.43,USD,Perez-Jackson,Completed
FIN_0143304,2021-06-21,ACC_00297,Human Resources,Revenue,96551.56,USD,Fleming-Smith,Completed
FIN_0356811,2022-07-01,ACC_00430,Engineering,Revenue,96509.36,EUR,"Flores, Ward and Welch",Completed
FIN_0480834,2021-10-30,ACC_00323,Operations,Operating Expense,21896.96,EUR,Clark-Martinez,Completed
FIN_0098656,2023-08-26,ACC_00370,Sales,Revenue,74165.78,SEK,Parker-Alvarez,Completed
FIN_0037260,2025-07-10,ACC_00088,Supply Chain,Revenue,19604.96,SEK,UNKNOWN,Completed
FIN_0175571,2021-07-09,ACC_00116,Supply Chain,Purchase,45817.38,SEK,Sanchez-Thompson,Completed
FIN_0452577,2024-05-07,ACC_00062,Sales,Operating Expense,11995.7,SEK,Lee LLC,Completed
FIN_0132990,2021-01-14,ACC_00476,Manufacturing,Operating Expense,37530.61,EUR,"Sanders, Mcintyre and Wright",Completed
FIN_0173969,2022-01-01,ACC_00303,Operations,Revenue,46936.05,SEK,UNKNOWN,Completed
FIN_0019130,2026-05-12,ACC_00313,Sales,Revenue,45255.55,SEK,Sanders PLC,Completed
FIN_0102142,2022-08-06,ACC_00052,Engineering,Payroll,42010.45,SEK,"Brooks, Mcconnell and Carrillo",Completed
FIN_0241321,2022-12-18,ACC_00048,Finance,Purchase,21337.42,EUR,"Freeman, Thomas and Graham",Completed
FIN_0013035,2026-01-29,ACC_00282,Operations,Revenue,24595.91,EUR,"Jacobs, Mendez and Smith",Pending
FIN_0154315,2023-03-10,ACC_00290,Sales,Revenue,59093.44,INR,"Martin, Stephens and Rivera",Completed
FIN_0020388,2025-02-12,ACC_00459,Information Technology,Revenue,32926.24,INR,Huber LLC,Completed
FIN_0340866,2023-07-06,ACC_00067,Supply Chain,Purchase,553.11,SEK,Martin-Cummings,Completed
FIN_0483405,2026-04-12,ACC_00112,Manufacturing,Revenue,29158.14,USD,"Norris, Li and Brown",Completed
FIN_0031834,2023-10-03,ACC_00337,Manufacturing,Purchase,6811.03,EUR,UNKNOWN,Completed
FIN_0467740,2021-07-25,ACC_00149,Engineering,Revenue,95689.44,INR,Oliver PLC,Completed
FIN_0464630,2021-01-25,ACC_00072,Human Resources,Payroll,2028.48,INR,Marshall Group,Completed
FIN_0085994,2024-05-24,ACC_00253,Information Technology,Revenue,33169.97,USD,Silva-Harmon,Completed
FIN_0037892,2026-04-06,ACC_00482,Finance,Revenue,44505.07,USD,Gomez-Leonard,Completed
FIN_0061755,2023-05-15,ACC_00289,Human Resources,Payroll,1288.7,USD,"Villa, Larson and Sparks",Completed
FIN_0432108,2023-01-06,ACC_00308,Manufacturing,Purchase,37056.34,USD,"Lopez, Hamilton and Barrera",Completed
FIN_0438288,2026-05-01,ACC_00269,Human Resources,Purchase,37948.72,SEK,Rodriguez LLC,Completed
FIN_0184771,2025-12-02,ACC_00341,Marketing,Payroll,3238.04,EUR,"Kelley, Paul and Mcgee",Completed
FIN_0151023,2025-09-07,ACC_00497,Marketing,Revenue,33338.18,SEK,"Washington, Anderson and Peterson",Completed
FIN_0344157,2023-04-05,ACC_00060,Supply Chain,Revenue,87758.5,INR,Lopez-Cline,Completed
FIN_0240438,2024-08-09,ACC_00375,Human Resources,Purchase,49861.19,INR,Edwards-Thomas,Completed
FIN_0017984,2024-12-14,ACC_00213,Engineering,Operating Expense,2987.14,SEK,Long PLC,Completed
FIN_0384150,2023-12-25,ACC_00010,Marketing,Revenue,68882.65,INR,"Collier, Wright and Moore",Completed
FIN_0446450,2022-03-23,ACC_00117,Information Technology,Operating Expense,12107.19,INR,Hart-Hubbard,Pending
FIN_0195141,2025-11-01,ACC_00177,Marketing,Investment,49786.67,USD,"Bradley, Wall and Cabrera",Completed
FIN_0319551,2023-03-01,ACC_00238,Operations,Revenue,33958.35,USD,Crosby and Sons,Completed
FIN_0258582,2024-03-14,ACC_00284,Operations,Revenue,56347.45,EUR,Stephens-Martinez,Completed
FIN_0423428,2025-02-26,ACC_00054,Supply Chain,Revenue,10240.59,SEK,Rodriguez-Ortiz,Completed
FIN_0368657,2023-01-24,ACC_00305,Human Resources,Purchase,43934.34,EUR,Mueller-Vaughn,Completed
FIN_0462767,2022-10-15,ACC_00207,Supply Chain,Revenue,10393.14,USD,"Henry, Garcia and Maddox",Completed
FIN_0050755,2026-05-29,ACC_00317,Human Resources,Purchase,16544.43,EUR,Salas-Benson,Completed
FIN_0028894,2024-01-07,ACC_00079,Sales,Operating Expense,27584.65,EUR,"Miller, Garcia and Richards",Completed
FIN_0095171,2024-03-27,ACC_00404,Finance,Revenue,5155.71,INR,Mitchell-Rodriguez,Completed
FIN_0385870,2021-05-30,ACC_00197,Engineering,Payroll,25480.04,INR,Baker-Peterson,Completed
FIN_0284852,2022-01-12,ACC_00166,Human Resources,Revenue,53419.3,SEK,Thompson-Carter,Completed
FIN_0346651,2023-09-07,ACC_00201,Supply Chain,Revenue,46629.85,SEK,"Carter, Harris and Pena",Completed
FIN_0256653,2024-07-11,ACC_00260,Sales,Payroll,35608.39,SEK,Watson Ltd,Completed
FIN_0067213,2021-03-02,ACC_00083,Human Resources,Revenue,52193.82,USD,Rich PLC,Completed
FIN_0122499,2023-10-22,ACC_00163,Manufacturing,Purchase,21558.46,USD,"Arellano, Johnson and Wagner",Completed
FIN_0115728,2025-07-12,ACC_00443,Supply Chain,Revenue,86241.36,SEK,"Cobb, Barton and Mays",Completed
FIN_0018387,2023-08-05,ACC_00032,Marketing,Payroll,17238.81,USD,Richardson LLC,Completed
FIN_0353001,2022-04-14,ACC_00084,Engineering,Payroll,21649.96,INR,"Pratt, Silva and Fernandez",Completed
FIN_0327344,2025-08-08,ACC_00453,Information Technology,Revenue,30161.96,INR,Thomas and Sons,Completed
FIN_0243880,2021-01-23,ACC_00313,Information Technology,Purchase,36069.9,SEK,Wiley LLC,Completed
FIN_0435766,2025-05-04,ACC_00278,Human Resources,Revenue,63285.56,INR,White and Sons,Completed
FIN_0358329,2024-04-23,ACC_00457,Human Resources,Operating Expense,37975.4,USD,Cruz-Acosta,Completed
FIN_0061269,2023-10-25,ACC_00291,Human Resources,Revenue,70315.67,EUR,"Moon, Keller and Burgess",Completed
FIN_0142165,2025-07-17,ACC_00328,Human Resources,Purchase,25242.48,EUR,Zuniga PLC,Completed
FIN_0440519,2022-10-20,ACC_00351,Operations,Purchase,13816.82,USD,Miller LLC,Completed
FIN_0199948,2024-12-29,ACC_00438,Manufacturing,Operating Expense,232.66,USD,Shaw-Wiggins,Completed
FIN_0346161,2025-04-08,ACC_00074,Sales,Operating Expense,36906.01,SEK,Weiss-Rivera,Completed
FIN_0318636,2025-08-18,ACC_00082,Supply Chain,Operating Expense,19055.17,INR,"Hudson, Fisher and Andrade",Completed
FIN_0499811,2021-04-11,ACC_00096,Sales,Payroll,2289.15,EUR,Dunn Group,Completed
FIN_0412815,2025-02-09,ACC_00077,Finance,Operating Expense,32355.67,EUR,Collins-Morris,Completed
FIN_0149589,2024-10-05,ACC_00470,Information Technology,Operating Expense,26248.72,SEK,"Franklin, Williams and West",Completed
FIN_0283652,2024-06-11,ACC_00371,Operations,Payroll,8949.84,SEK,Stevens-Johnson,Completed
FIN_0329767,2022-10-29,ACC_00119,Sales,Operating Expense,12082.64,SEK,Sims Inc,Completed
FIN_0105053,2023-08-29,ACC_00365,Supply Chain,Purchase,45863.82,EUR,"Ortiz, Smith and Price",Completed
FIN_0158768,2022-08-07,ACC_00021,Operations,Payroll,40300.93,EUR,UNKNOWN,Completed
FIN_0095316,2023-06-13,ACC_00490,Marketing,Operating Expense,13304.86,SEK,Reyes and Sons,Pending
FIN_0356591,2021-10-23,ACC_00185,Operations,Purchase,15718.47,INR,Petersen-Wright,Completed
FIN_0321277,2024-09-29,ACC_00453,Supply Chain,Operating Expense,28975.53,EUR,Morrow-Estrada,Completed
FIN_0225082,2022-05-07,ACC_00386,Information Technology,Purchase,23992.25,SEK,Hayes and Sons,Completed
FIN_0172936,2025-04-12,ACC_00157,Manufacturing,Revenue,54007.82,USD,Jones-Wilson,Completed
FIN_0062591,2023-04-28,ACC_00224,Engineering,Revenue,38023.03,SEK,Bryant Inc,Completed
FIN_0236560,2024-02-12,ACC_00390,Human Resources,Purchase,8920.6,USD,Francis LLC,Completed
FIN_0149435,2023-05-30,ACC_00124,Human Resources,Revenue,48558.7,USD,Morrison Ltd,Completed
FIN_0283243,2021-01-07,ACC_00038,Supply Chain,Purchase,32350.43,USD,"Moreno, Ochoa and Duncan",Completed
FIN_0397452,2025-10-22,ACC_00005,Sales,Purchase,5066.05,USD,Hampton-Brewer,Completed
FIN_0315489,2024-06-28,ACC_00020,Human Resources,Operating Expense,27916.13,INR,Huerta-Green,Completed
FIN_0288532,2025-05-01,ACC_00247,Manufacturing,Revenue,35770.11,SEK,Contreras-Ortiz,Completed
FIN_0410020,2025-12-08,ACC_00112,Marketing,Payroll,25603.36,SEK,"Hamilton, Martin and Wiley",Completed
FIN_0365184,2024-01-19,ACC_00497,Human Resources,Revenue,69952.36,EUR,Cox PLC,Completed
FIN_0227421,2021-05-20,ACC_00485,Engineering,Revenue,56214.73,EUR,Berger and Sons,Completed
FIN_0442513,2024-12-07,ACC_00358,Marketing,Purchase,10083.24,INR,Holloway-Reeves,Completed
FIN_0032875,2021-08-15,ACC_00010,Human Resources,Revenue,60498.01,SEK,"Dawson, Brown and Hodges",Completed
FIN_0223427,2025-05-18,ACC_00382,Finance,Payroll,45407.96,EUR,UNKNOWN,Completed
FIN_0005061,2021-05-10,ACC_00111,Operations,Purchase,40459.18,INR,"Ramirez, Solis and Herrera",Completed
FIN_0367137,2022-08-28,ACC_00246,Supply Chain,Payroll,30220.77,SEK,Clements and Sons,Completed
FIN_0198002,2024-03-30,ACC_00463,Human Resources,Payroll,18011.18,INR,Johnson LLC,Completed
FIN_0133029,2026-02-19,ACC_00354,Marketing,Purchase,9727.95,USD,"Moore, Williams and Stephens",Completed
FIN_0011596,2023-02-02,ACC_00078,Human Resources,Revenue,71837.79,INR,Hernandez PLC,Pending
FIN_0460536,2023-10-30,ACC_00408,Manufacturing,Payroll,16639.83,USD,"Clark, Gilmore and Cruz",Completed
FIN_0120967,2022-10-16,ACC_00201,Marketing,Revenue,78567.3,EUR,Shannon-Smith,Completed
FIN_0010622,2023-04-16,ACC_00016,Supply Chain,Purchase,35492.86,INR,Escobar PLC,Completed
FIN_0408956,2022-08-16,ACC_00325,Engineering,Purchase,29201.51,EUR,Hicks and Sons,Completed
FIN_0424738,2022-06-27,ACC_00127,Finance,Revenue,58233.7,INR,"Gray, Lopez and Roy",Completed
FIN_0142777,2023-09-22,ACC_00341,Operations,Payroll,18425.99,USD,Neal Inc,Pending
FIN_0331068,2024-06-13,ACC_00432,Finance,Payroll,10775.6,SEK,Holmes Ltd,Completed
FIN_0401196,2023-09-26,ACC_00035,Marketing,Purchase,4261.25,INR,Fisher LLC,Completed
FIN_0099541,2025-02-05,ACC_00350,Operations,Revenue,36212.63,USD,Holloway Group,Completed
FIN_0129576,2022-02-23,ACC_00151,Supply Chain,Operating Expense,40479.06,USD,Moran and Sons,Completed
FIN_0001375,2026-03-18,ACC_00299,Information Technology,Payroll,41204.85,USD,UNKNOWN,Completed
FIN_0244038,2025-05-01,ACC_00422,Manufacturing,Operating Expense,31266.72,INR,Collier Ltd,Pending
FIN_0090120,2025-03-01,ACC_00322,Human Resources,Operating Expense,5934.52,INR,Parker Group,Completed
FIN_0006072,2025-12-18,ACC_00172,Manufacturing,Operating Expense,45480.47,EUR,UNKNOWN,Completed
FIN_0335305,2023-12-23,ACC_00076,Engineering,Payroll,1129.54,USD,Williams Ltd,Completed
FIN_0025685,2021-08-25,ACC_00454,Manufacturing,Revenue,12157.55,EUR,Pierce Ltd,Completed
FIN_0171108,2025-05-02,ACC_00280,Information Technology,Purchase,29410.0,INR,Johnson-Mccall,Completed
FIN_0047643,2021-06-30,ACC_00158,Supply Chain,Operating Expense,43845.19,INR,Sawyer Inc,Completed
FIN_0217258,2023-04-17,ACC_00491,Manufacturing,Purchase,36139.17,USD,Santana-Clay,Completed
FIN_0306250,2024-05-20,ACC_00338,Engineering,Purchase,41133.63,EUR,"Dalton, Frye and Simpson",Completed
FIN_0135280,2021-05-17,ACC_00491,Supply Chain,Revenue,16401.17,EUR,Thomas-Rhodes,Completed
FIN_0351796,2026-04-16,ACC_00074,Engineering,Purchase,27663.06,EUR,"White, Mueller and Hess",Completed
FIN_0085711,2023-04-18,ACC_00346,Sales,Payroll,11707.98,SEK,Miller-Murphy,Completed
FIN_0311903,2025-01-20,ACC_00209,Human Resources,Operating Expense,35196.16,INR,Rogers LLC,Completed
FIN_0204157,2025-09-04,ACC_00252,Finance,Revenue,46399.76,EUR,Mendoza-Conner,Completed
FIN_0068299,2024-05-14,ACC_00341,Human Resources,Purchase,20987.45,INR,Smith PLC,Completed
FIN_0379452,2024-01-23,ACC_00104,Finance,Revenue,60782.22,SEK,"Serrano, Dillon and Brown",Pending
FIN_0172795,2024-09-29,ACC_00056,Sales,Payroll,33437.15,EUR,Sawyer-Whitaker,Completed
FIN_0416887,2023-04-30,ACC_00107,Engineering,Purchase,9318.55,EUR,"Mitchell, Taylor and Howard",Completed
FIN_0003390,2026-02-18,ACC_00423,Supply Chain,Purchase,23026.13,SEK,"Dunlap, Singh and Sutton",Completed
FIN_0164012,2022-05-17,ACC_00277,Human Resources,Operating Expense,10205.99,SEK,Huber LLC,Completed
FIN_0455427,2025-09-22,ACC_00063,Manufacturing,Revenue,80219.68,SEK,"Welch, Moran and Flynn",Completed
FIN_0048895,2023-04-29,ACC_00470,Marketing,Revenue,18612.18,INR,Mcdonald-Jones,Completed
FIN_0165349,2024-10-24,ACC_00121,Engineering,Purchase,21764.34,INR,"Ingram, Osborne and Dodson",Completed
FIN_0420457,2022-11-04,ACC_00376,Human Resources,Payroll,45742.99,INR,"Hart, Floyd and Taylor",Completed
FIN_0251089,2022-12-05,ACC_00110,Engineering,Purchase,48083.29,SEK,"Mckinney, Powell and Abbott",Completed
FIN_0368965,2021-01-04,ACC_00018,Manufacturing,Revenue,57892.59,INR,"Mitchell, Norman and Moreno",Completed
FIN_0339565,2021-07-28,ACC_00022,Sales,Purchase,6214.62,EUR,"Copeland, Wood and Jones",Completed
FIN_0202364,2025-11-26,ACC_00142,Operations,Revenue,38325.57,USD,"Kirk, Tyler and White",Completed
FIN_0050425,2023-12-22,ACC_00111,Engineering,Purchase,37140.73,EUR,Peterson-Park,Completed
FIN_0279705,2025-06-23,ACC_00496,Manufacturing,Operating Expense,2826.92,EUR,Donovan Inc,Completed
FIN_0388048,2024-06-15,ACC_00066,Finance,Operating Expense,14941.27,SEK,Smith-Price,Completed
FIN_0139476,2022-05-31,ACC_00150,Finance,Purchase,43238.6,EUR,Thompson Group,Completed
FIN_0346164,2022-08-12,ACC_00403,Finance,Operating Expense,38291.13,INR,Allen Inc,Completed
FIN_0490180,2024-12-13,ACC_00172,Supply Chain,Revenue,61925.01,SEK,Payne and Sons,Completed
FIN_0170814,2024-05-14,ACC_00258,Engineering,Revenue,84026.04,SEK,Morgan LLC,Failed
FIN_0062368,2026-05-31,ACC_00201,Operations,Payroll,8164.18,INR,"Ayala, Torres and Brandt",Completed
FIN_0053062,2025-02-01,ACC_00430,Manufacturing,Payroll,18118.39,INR,Reynolds LLC,Pending
FIN_0289577,2023-08-27,ACC_00459,Engineering,Operating Expense,32882.27,EUR,Francis-Eaton,Failed
FIN_0210483,2024-02-15,ACC_00120,Manufacturing,Investment,49212.88,INR,"Davidson, Murray and Sullivan",Completed
FIN_0062845,2022-10-08,ACC_00413,Information Technology,Revenue,19123.27,EUR,Fisher LLC,Failed
FIN_0228521,2025-11-22,ACC_00270,Engineering,Purchase,48170.32,SEK,Le Ltd,Completed
FIN_0141527,2021-10-20,ACC_00276,Information Technology,Operating Expense,35517.36,INR,UNKNOWN,Completed
FIN_0331519,2022-05-24,ACC_00470,Supply Chain,Revenue,9304.61,USD,"Black, Johnson and Wright",Completed
FIN_0414350,2023-08-21,ACC_00279,Human Resources,Purchase,37168.34,INR,Smith and Sons,Failed
FIN_0264724,2024-08-19,ACC_00300,Information Technology,Revenue,9795.41,USD,"Brown, Browning and Brown",Completed
FIN_0019145,2023-07-28,ACC_00092,Human Resources,Operating Expense,36333.83,SEK,Vega LLC,Completed
FIN_0056380,2024-08-23,ACC_00018,Information Technology,Payroll,41226.79,EUR,Morrison PLC,Completed
FIN_0201063,2024-03-10,ACC_00226,Manufacturing,Purchase,16641.24,EUR,"Higgins, Jimenez and Wu",Completed
FIN_0352802,2026-04-16,ACC_00007,Sales,Purchase,46758.27,EUR,Henson-Norton,Completed
FIN_0170512,2021-11-07,ACC_00416,Supply Chain,Purchase,15075.1,INR,Lloyd and Sons,Completed
FIN_0457808,2026-05-22,ACC_00163,Operations,Operating Expense,45864.96,EUR,"Robinson, Irwin and Tucker",Completed
FIN_0267401,2022-05-12,ACC_00175,Human Resources,Purchase,9375.11,EUR,Mcbride Inc,Completed
FIN_0077313,2024-03-22,ACC_00082,Finance,Operating Expense,22779.13,INR,UNKNOWN,Completed
FIN_0104289,2025-06-09,ACC_00326,Information Technology,Purchase,45617.92,USD,Palmer Group,Completed
FIN_0407064,2023-05-30,ACC_00452,Marketing,Operating Expense,26955.67,SEK,"Walters, Jones and Henry",Completed
FIN_0226582,2023-09-26,ACC_00310,Engineering,Revenue,74749.45,EUR,Brown-Diaz,Completed
FIN_0251358,2022-02-24,ACC_00453,Sales,Revenue,79321.75,INR,Gibson-Hudson,Completed
FIN_0387750,2023-09-11,ACC_00300,Human Resources,Purchase,24831.33,INR,"Mendoza, Olson and Stevens",Completed
FIN_0102185,2026-05-01,ACC_00417,Sales,Purchase,18414.6,USD,White Inc,Completed
FIN_0393218,2024-01-13,ACC_00337,Engineering,Payroll,6823.22,SEK,"James, Morris and Phillips",Completed
FIN_0275137,2024-05-27,ACC_00438,Sales,Payroll,33365.78,SEK,"Petersen, Koch and Ward",Completed
FIN_0436293,2023-04-02,ACC_00155,Information Technology,Revenue,18302.72,SEK,Harris Ltd,Completed
FIN_0301280,2023-02-10,ACC_00409,Human Resources,Purchase,15835.6,EUR,UNKNOWN,Completed
FIN_0120895,2026-04-16,ACC_00132,Engineering,Operating Expense,6515.52,SEK,"Patterson, Hutchinson and Gutierrez",Completed
FIN_0481413,2025-01-29,ACC_00375,Information Technology,Purchase,44605.3,INR,"Cooley, Smith and Mclaughlin",Completed
FIN_0247686,2021-01-24,ACC_00262,Supply Chain,Payroll,30387.94,USD,"Fuller, Rogers and Mccoy",Completed
FIN_0418590,2025-08-18,ACC_00239,Human Resources,Revenue,24647.73,EUR,Anderson and Sons,Completed
FIN_0320388,2025-03-26,ACC_00088,Information Technology,Revenue,70504.37,SEK,Figueroa-Barrett,Completed
FIN_0322845,2023-09-18,ACC_00124,Operations,Operating Expense,21035.67,INR,Castaneda-Crane,Pending
FIN_0178434,2023-09-15,ACC_00402,Marketing,Investment,48056.57,EUR,Wang-Black,Completed
FIN_0229448,2021-09-02,ACC_00418,Information Technology,Revenue,1753.16,EUR,Parker PLC,Completed
FIN_0394445,2024-10-14,ACC_00215,Operations,Payroll,34515.76,USD,Marquez-Flores,Completed
FIN_0290782,2024-08-10,ACC_00327,Supply Chain,Purchase,25853.38,EUR,"Lewis, Taylor and Hughes",Completed
FIN_0213217,2025-07-08,ACC_00399,Marketing,Operating Expense,16062.28,SEK,Jones-Whitehead,Completed
FIN_0173496,2026-05-19,ACC_00156,Information Technology,Purchase,13590.78,SEK,"Jackson, Sandoval and Obrien",Pending
FIN_0052963,2025-08-02,ACC_00346,Finance,Revenue,56840.23,SEK,Williams Inc,Completed
FIN_0096183,2022-10-13,ACC_00158,Finance,Revenue,39125.88,USD,Colon Ltd,Completed
FIN_0341891,2023-01-11,ACC_00314,Marketing,Payroll,47572.15,EUR,Neal Inc,Completed
FIN_0159276,2023-07-22,ACC_00062,Manufacturing,Payroll,46365.29,EUR,Gray-Patton,Completed
FIN_0246092,2022-10-22,ACC_00316,Human Resources,Operating Expense,811.31,INR,Wilson LLC,Completed
FIN_0245305,2021-07-19,ACC_00465,Human Resources,Investment,40142.12,EUR,Morris-Ho,Completed
FIN_0064361,2025-09-09,ACC_00485,Marketing,Operating Expense,49649.7,SEK,Allison Inc,Completed
FIN_0093513,2026-01-21,ACC_00431,Operations,Purchase,42008.13,EUR,Harris-Best,Completed
FIN_0499983,2023-10-12,ACC_00089,Marketing,Investment,40290.2,USD,Bell LLC,Completed
FIN_0005498,2021-10-02,ACC_00027,Engineering,Payroll,7468.56,EUR,Mitchell-Hawkins,Completed
FIN_0419398,2026-02-02,ACC_00207,Sales,Revenue,23574.99,INR,Shaw and Sons,Completed
FIN_0140991,2025-09-21,ACC_00020,Finance,Purchase,8429.88,INR,Morgan Ltd,Completed
FIN_0176934,2021-03-24,ACC_00295,Marketing,Purchase,21568.06,EUR,Gross Ltd,Completed
FIN_0053644,2025-07-30,ACC_00260,Sales,Investment,8333.53,INR,Rice LLC,Completed
FIN_0085169,2023-02-24,ACC_00023,Human Resources,Operating Expense,26813.36,EUR,Gordon Inc,Completed
FIN_0368800,2023-04-19,ACC_00292,Engineering,Operating Expense,39529.72,USD,"Mitchell, Jennings and Torres",Completed
FIN_0137459,2024-04-22,ACC_00340,Human Resources,Revenue,78327.21,SEK,Hoffman PLC,Completed
FIN_0414765,2023-01-16,ACC_00224,Manufacturing,Revenue,46673.04,EUR,Davidson Ltd,Pending
FIN_0023975,2021-08-05,ACC_00249,Supply Chain,Payroll,46318.94,EUR,"Burgess, White and Parker",Completed
FIN_0024039,2024-05-05,ACC_00210,Marketing,Payroll,33883.24,SEK,"Garcia, French and Erickson",Completed
FIN_0028403,2022-01-25,ACC_00486,Engineering,Operating Expense,30748.41,USD,"Ali, Meyer and Adams",Completed
FIN_0022256,2023-10-10,ACC_00328,Sales,Payroll,26583.75,SEK,Wall-Smith,Completed
FIN_0259456,2022-04-27,ACC_00136,Operations,Investment,14001.1,USD,Shelton Ltd,Completed
FIN_0328414,2024-05-10,ACC_00167,Manufacturing,Payroll,27504.71,SEK,"Gray, Alvarado and Moon",Completed
FIN_0100103,2025-08-05,ACC_00214,Supply Chain,Purchase,40007.4,EUR,Valenzuela Ltd,Completed
FIN_0436050,2025-02-16,ACC_00335,Operations,Payroll,1302.14,INR,UNKNOWN,Completed
FIN_0122225,2023-11-21,ACC_00496,Human Resources,Payroll,37307.74,SEK,Martin Inc,Pending
FIN_0462073,2023-10-03,ACC_00174,Human Resources,Revenue,40968.63,INR,"Mcintyre, Byrd and Stewart",Completed
FIN_0102136,2023-07-13,ACC_00394,Manufacturing,Operating Expense,28505.29,INR,Howard Group,Pending
FIN_0462273,2025-04-14,ACC_00027,Information Technology,Purchase,6994.66,SEK,"Romero, Garcia and Wilkinson",Completed
FIN_0310717,2024-09-20,ACC_00052,Sales,Revenue,33535.09,SEK,Reilly Ltd,Failed
FIN_0355936,2021-02-25,ACC_00189,Marketing,Revenue,54538.57,SEK,Perry PLC,Completed
FIN_0093235,2021-04-05,ACC_00026,Supply Chain,Operating Expense,47346.88,INR,"Jefferson, Sanchez and Wood",Completed
FIN_0315496,2022-02-22,ACC_00211,Operations,Revenue,42338.67,SEK,Rojas PLC,Completed
FIN_0460892,2025-07-17,ACC_00074,Marketing,Revenue,7232.81,USD,Garcia PLC,Completed
FIN_0205535,2022-10-20,ACC_00269,Human Resources,Revenue,33516.6,USD,Morris and Sons,Completed
FIN_0222769,2025-10-17,ACC_00411,Manufacturing,Revenue,21434.99,USD,UNKNOWN,Pending
FIN_0033036,2021-03-20,ACC_00337,Finance,Revenue,80786.94,USD,Conrad Group,Completed
FIN_0317203,2022-06-11,ACC_00292,Engineering,Purchase,48905.81,EUR,Cook-Lee,Completed
FIN_0438500,2024-03-24,ACC_00295,Marketing,Investment,30906.32,USD,"Green, Garcia and Harris",Completed
FIN_0073995,2021-01-28,ACC_00026,Human Resources,Operating Expense,783.78,EUR,Gibson-Daniels,Completed
FIN_0333555,2025-04-20,ACC_00043,Engineering,Payroll,20132.69,SEK,"Carroll, Rogers and Becker",Completed
FIN_0089893,2022-10-04,ACC_00483,Finance,Payroll,669.47,INR,David Inc,Completed
FIN_0109836,2024-07-22,ACC_00404,Supply Chain,Payroll,15577.36,EUR,Mills Group,Completed
FIN_0451810,2026-06-25,ACC_00199,Marketing,Revenue,34678.54,SEK,Hanson and Sons,Completed
FIN_0001286,2021-11-08,ACC_00258,Engineering,Purchase,46425.79,EUR,Mcclain-Herrera,Completed
FIN_0108372,2023-07-13,ACC_00310,Finance,Purchase,39899.48,USD,Jefferson-Long,Completed
FIN_0134744,2024-05-14,ACC_00014,Supply Chain,Revenue,72193.41,USD,Edwards-Byrd,Completed
FIN_0091305,2022-06-15,ACC_00363,Information Technology,Operating Expense,11026.85,SEK,"Church, Nixon and Mckee",Completed
FIN_0093155,2022-10-11,ACC_00365,Marketing,Purchase,9824.11,USD,"Thomas, Hughes and Walton",Completed
FIN_0107491,2024-02-07,ACC_00097,Information Technology,Revenue,47380.65,INR,Preston-Parker,Completed
FIN_0124750,2021-07-16,ACC_00015,Manufacturing,Revenue,4611.61,EUR,Brooks-Young,Completed
FIN_0170332,2025-05-22,ACC_00355,Manufacturing,Revenue,68442.01,INR,"Walker, Douglas and Zhang",Completed
FIN_0391388,2025-03-10,ACC_00043,Human Resources,Purchase,10360.11,SEK,Day-Freeman,Completed
FIN_0137436,2026-04-10,ACC_00121,Supply Chain,Operating Expense,48471.01,INR,Smith-Williams,Completed
FIN_0390064,2023-06-27,ACC_00342,Manufacturing,Revenue,94215.34,EUR,"Simmons, Rogers and Carson",Completed
FIN_0072979,2022-06-28,ACC_00219,Supply Chain,Operating Expense,27491.75,SEK,Webb-Thompson,Completed
FIN_0392698,2025-06-28,ACC_00351,Manufacturing,Purchase,37530.52,USD,Duffy LLC,Failed
FIN_0114984,2024-04-02,ACC_00355,Sales,Payroll,2780.35,EUR,Williams-Gibbs,Completed
FIN_0206570,2025-10-18,ACC_00473,Operations,Payroll,11627.44,EUR,"Brown, Flores and Murillo",Completed
FIN_0262779,2024-02-13,ACC_00210,Manufacturing,Investment,48525.51,USD,Kaufman-Reynolds,Completed
FIN_0332413,2022-04-19,ACC_00448,Information Technology,Revenue,12066.49,USD,Decker-Porter,Completed
FIN_0212674,2022-09-17,ACC_00296,Engineering,Revenue,62804.5,SEK,"Sanders, Townsend and Kirk",Completed
FIN_0151391,2025-10-06,ACC_00139,Sales,Revenue,20498.6,USD,Garcia-Tanner,Completed
FIN_0020956,2023-01-31,ACC_00190,Supply Chain,Operating Expense,46450.58,USD,"Baker, Koch and Salazar",Completed
FIN_0249204,2025-10-11,ACC_00455,Marketing,Revenue,30652.46,INR,UNKNOWN,Completed
FIN_0094547,2022-01-23,ACC_00138,Engineering,Revenue,74946.91,SEK,UNKNOWN,Completed
FIN_0218226,2025-05-08,ACC_00307,Information Technology,Revenue,88906.35,USD,"Gould, Delgado and Gibson",Pending
FIN_0177305,2024-12-25,ACC_00122,Sales,Revenue,21602.59,SEK,Jones-Gray,Completed
FIN_0145533,2024-08-19,ACC_00365,Engineering,Purchase,48661.55,USD,Walker-Irwin,Completed
FIN_0288834,2023-05-07,ACC_00140,Marketing,Revenue,53236.64,USD,Mullins-Harrison,Completed
FIN_0147967,2025-11-10,ACC_00379,Operations,Payroll,29276.6,USD,Flores and Sons,Completed
FIN_0121718,2021-03-14,ACC_00123,Supply Chain,Operating Expense,1103.12,INR,"Collins, Carpenter and Chandler",Completed
FIN_0212142,2022-12-21,ACC_00173,Manufacturing,Payroll,21604.7,EUR,"Myers, Williams and Lyons",Pending
FIN_0483920,2025-03-04,ACC_00252,Information Technology,Operating Expense,42806.97,INR,Beck-Pugh,Pending
FIN_0445077,2022-05-10,ACC_00457,Sales,Operating Expense,44615.39,INR,"Allen, Lloyd and Cole",Completed
FIN_0447271,2021-06-25,ACC_00362,Information Technology,Revenue,80337.84,INR,"Cowan, Nichols and White",Completed
FIN_0484566,2025-05-04,ACC_00107,Information Technology,Payroll,22099.77,EUR,Santiago and Sons,Completed
FIN_0058675,2023-05-20,ACC_00323,Supply Chain,Purchase,25671.51,SEK,Cantu Ltd,Completed
FIN_0391187,2022-05-09,ACC_00477,Manufacturing,Operating Expense,48535.29,INR,Aguirre Inc,Completed
FIN_0135766,2022-06-09,ACC_00100,Sales,Revenue,10080.41,INR,"Martinez, Davis and Garcia",Completed
FIN_0026104,2021-07-26,ACC_00073,Finance,Payroll,6985.79,USD,Bates LLC,Completed
FIN_0086943,2025-10-17,ACC_00347,Sales,Purchase,48731.05,INR,"Miller, Wilson and Lynn",Completed
FIN_0486408,2023-03-15,ACC_00348,Finance,Revenue,77424.33,INR,Gibson-Brewer,Failed
FIN_0371852,2022-11-01,ACC_00273,Manufacturing,Revenue,37776.0,INR,Morris PLC,Completed
FIN_0331428,2024-05-04,ACC_00310,Operations,Operating Expense,21555.87,SEK,Salinas-Turner,Completed
FIN_0455690,2024-04-23,ACC_00200,Sales,Operating Expense,14438.63,EUR,Lozano Ltd,Completed
FIN_0353621,2022-01-05,ACC_00108,Sales,Revenue,80050.56,SEK,Pratt-Wood,Completed
FIN_0246093,2022-02-08,ACC_00118,Sales,Purchase,35640.99,INR,Gibson Ltd,Completed
FIN_0018532,2024-05-18,ACC_00377,Human Resources,Investment,4427.69,EUR,"Garcia, Norton and Jones",Completed
FIN_0403257,2024-08-18,ACC_00148,Information Technology,Revenue,27106.18,USD,"Campos, Nash and Nelson",Completed
FIN_0033833,2025-02-14,ACC_00267,Operations,Revenue,72710.03,USD,"Wallace, Flores and Padilla",Completed
FIN_0327906,2022-08-09,ACC_00064,Finance,Purchase,22631.81,SEK,"Ford, Smith and Kelly",Completed
FIN_0348728,2025-09-12,ACC_00245,Information Technology,Revenue,56244.63,USD,Adams-Jackson,Completed
FIN_0397973,2025-02-23,ACC_00063,Finance,Operating Expense,45358.31,EUR,Wade and Sons,Completed
FIN_0174697,2021-10-04,ACC_00340,Manufacturing,Purchase,40558.99,USD,Morris-Edwards,Completed
FIN_0396134,2024-01-26,ACC_00016,Finance,Revenue,74863.24,USD,Moore Inc,Completed
FIN_0310387,2024-10-02,ACC_00096,Supply Chain,Purchase,26519.27,INR,UNKNOWN,Completed
FIN_0479436,2023-03-13,ACC_00378,Finance,Revenue,68307.75,USD,Michael and Sons,Completed
FIN_0401497,2024-06-16,ACC_00411,Human Resources,Investment,8251.67,INR,Richardson-Garcia,Completed
FIN_0442311,2026-01-09,ACC_00280,Human Resources,Purchase,18751.86,SEK,Miranda Ltd,Completed
FIN_0263427,2022-11-10,ACC_00426,Marketing,Operating Expense,39615.8,USD,Foster-Swanson,Completed
FIN_0410128,2021-04-06,ACC_00256,Human Resources,Purchase,13835.82,SEK,Hancock-Tucker,Completed
FIN_0484361,2021-11-23,ACC_00380,Engineering,Revenue,88322.02,INR,"Jones, Fernandez and Tran",Completed
FIN_0366599,2022-11-05,ACC_00204,Human Resources,Purchase,33675.17,INR,Bradford-Salazar,Completed
FIN_0471265,2022-05-09,ACC_00245,Marketing,Purchase,20727.09,INR,Cook-Wright,Completed
FIN_0448716,2021-07-28,ACC_00014,Engineering,Operating Expense,14578.74,INR,Shaw Group,Completed
FIN_0200729,2025-01-19,ACC_00088,Engineering,Payroll,45739.65,USD,Johnson Ltd,Completed
FIN_0037616,2025-03-29,ACC_00024,Manufacturing,Revenue,55550.29,INR,Wise-Tran,Completed
FIN_0290814,2024-09-17,ACC_00311,Engineering,Purchase,16014.72,USD,Phillips Group,Failed
FIN_0491467,2023-09-08,ACC_00350,Human Resources,Purchase,37625.13,INR,"Robertson, Davidson and Ruiz",Completed
FIN_0176326,2022-12-06,ACC_00387,Engineering,Revenue,6084.62,INR,"Aguilar, Padilla and Cunningham",Completed
FIN_0389874,2026-04-19,ACC_00169,Operations,Operating Expense,10101.61,INR,Obrien-Johnson,Completed
FIN_0380690,2022-05-05,ACC_00374,Finance,Payroll,27335.17,EUR,Williams-Hale,Completed
FIN_0148297,2021-07-04,ACC_00208,Operations,Payroll,41619.17,EUR,"Hall, Cantrell and Wade",Completed
FIN_0141375,2024-10-27,ACC_00175,Manufacturing,Payroll,31575.08,SEK,Murray and Sons,Completed
FIN_0009117,2021-11-03,ACC_00486,Supply Chain,Payroll,49779.08,USD,Schroeder PLC,Completed
FIN_0356997,2024-12-09,ACC_00005,Supply Chain,Purchase,1186.3,SEK,Mccullough Ltd,Completed
FIN_0356148,2021-07-25,ACC_00395,Supply Chain,Revenue,38676.01,SEK,Martinez-Whitaker,Completed
FIN_0099869,2024-04-05,ACC_00111,Finance,Revenue,14187.3,SEK,"Wheeler, Silva and Smith",Completed
FIN_0227290,2023-11-02,ACC_00047,Marketing,Operating Expense,36560.15,EUR,"Dixon, Jones and Hester",Completed
FIN_0157223,2024-04-07,ACC_00475,Marketing,Purchase,49945.8,USD,Martinez Ltd,Completed
FIN_0366335,2022-06-13,ACC_00072,Sales,Purchase,19442.33,USD,"Cortez, Reid and Webb",Completed
FIN_0163590,2023-11-12,ACC_00049,Marketing,Investment,6434.06,USD,Brewer-Smith,Completed
FIN_0447044,2024-09-14,ACC_00457,Finance,Revenue,82078.84,SEK,"Anderson, Harvey and Martinez",Completed
FIN_0360265,2023-06-15,ACC_00266,Marketing,Revenue,93144.54,USD,"Mccoy, Walker and Smith",Completed
FIN_0126863,2023-12-07,ACC_00021,Engineering,Revenue,38929.0,SEK,Heath-Rodriguez,Completed
FIN_0372614,2022-05-13,ACC_00192,Manufacturing,Purchase,16849.32,INR,Watson-White,Completed
FIN_0490150,2023-01-18,ACC_00194,Human Resources,Purchase,25123.81,USD,Mckinney PLC,Completed
FIN_0197731,2025-01-27,ACC_00144,Information Technology,Operating Expense,10142.68,USD,Wade LLC,Completed
FIN_0463706,2024-02-04,ACC_00036,Supply Chain,Revenue,89201.7,EUR,"Scott, Matthews and Wilkins",Completed
FIN_0180348,2026-04-27,ACC_00236,Human Resources,Revenue,3157.75,EUR,"Guzman, Smith and Flores",Completed
FIN_0339033,2023-08-28,ACC_00441,Finance,Payroll,42058.47,SEK,"Wright, Allen and Brown",Completed
FIN_0310982,2022-07-30,ACC_00395,Marketing,Purchase,25977.89,SEK,Adams Ltd,Completed
FIN_0402336,2022-12-07,ACC_00065,Engineering,Purchase,29079.92,SEK,Smith PLC,Completed
FIN_0490344,2025-04-15,ACC_00127,Information Technology,Payroll,31565.63,INR,Robinson LLC,Completed
FIN_0000602,2025-06-14,ACC_00104,Information Technology,Operating Expense,41392.57,SEK,Johnson LLC,Completed
FIN_0116624,2026-06-20,ACC_00107,Finance,Operating Expense,6129.2,INR,Hansen LLC,Completed
FIN_0226354,2021-08-24,ACC_00114,Marketing,Purchase,15542.62,EUR,"Williams, Jordan and White",Completed
FIN_0120657,2026-06-28,ACC_00304,Manufacturing,Revenue,99032.31,EUR,Villanueva LLC,Completed
FIN_0298524,2024-12-13,ACC_00334,Supply Chain,Purchase,22358.99,SEK,"Arnold, Brown and Bartlett",Completed
FIN_0390276,2022-04-20,ACC_00102,Operations,Revenue,55607.79,SEK,Fields-Johnson,Completed
FIN_0419418,2024-03-23,ACC_00373,Marketing,Operating Expense,6847.25,USD,Wilson-Mcgrath,Completed
FIN_0219431,2022-08-14,ACC_00453,Finance,Revenue,74407.69,INR,Vasquez-Macias,Completed
FIN_0006239,2022-03-05,ACC_00231,Human Resources,Purchase,15223.46,USD,Hicks Group,Completed
FIN_0237048,2025-10-14,ACC_00394,Operations,Payroll,24129.11,USD,Hill LLC,Completed
FIN_0158971,2023-09-01,ACC_00043,Marketing,Investment,17406.5,EUR,"Griffin, Lopez and Williams",Completed
FIN_0395336,2025-10-30,ACC_00356,Human Resources,Revenue,74849.94,EUR,Harrison LLC,Completed
FIN_0267943,2023-01-20,ACC_00074,Marketing,Purchase,14560.67,INR,Waters-Robinson,Completed
FIN_0332209,2021-12-02,ACC_00122,Supply Chain,Revenue,76538.12,INR,"Thomas, Ferrell and Smith",Completed
FIN_0440781,2025-10-07,ACC_00093,Marketing,Payroll,19851.7,INR,"Cobb, Smith and Powell",Completed
FIN_0478398,2023-04-13,ACC_00312,Operations,Payroll,45726.42,INR,Thomas-Owens,Completed
FIN_0089241,2022-01-08,ACC_00270,Operations,Operating Expense,19077.93,SEK,Lynch-Hebert,Completed
FIN_0499412,2026-06-20,ACC_00059,Sales,Payroll,38005.44,EUR,Woodward Inc,Completed
FIN_0469933,2024-10-10,ACC_00482,Marketing,Purchase,48034.28,SEK,"Harvey, Anderson and Brown",Completed
FIN_0045816,2024-09-11,ACC_00441,Sales,Operating Expense,36235.68,USD,"Berry, Moore and Brown",Completed
FIN_0258419,2023-09-14,ACC_00192,Engineering,Purchase,20810.22,INR,UNKNOWN,Pending
FIN_0477079,2026-06-25,ACC_00463,Information Technology,Purchase,49647.38,INR,"Thomas, Vance and Howard",Completed
FIN_0222077,2023-02-10,ACC_00408,Engineering,Revenue,25740.85,INR,Lang-Lee,Completed
FIN_0121348,2025-06-25,ACC_00328,Information Technology,Revenue,74098.89,USD,Hines-Curry,Completed
FIN_0074986,2026-05-10,ACC_00005,Marketing,Operating Expense,45975.52,SEK,"Austin, Sanders and Cannon",Completed
FIN_0250535,2024-07-19,ACC_00275,Marketing,Revenue,40643.3,INR,Johnson Group,Pending
FIN_0256322,2025-02-05,ACC_00094,Supply Chain,Operating Expense,15205.78,EUR,"Malone, Montgomery and Clay",Completed
FIN_0384464,2023-06-12,ACC_00362,Finance,Purchase,4263.21,EUR,"Young, Brown and Carter",Completed
FIN_0290890,2022-10-19,ACC_00331,Human Resources,Revenue,99329.38,INR,Williams Group,Pending
FIN_0358450,2024-04-10,ACC_00115,Engineering,Revenue,24894.08,USD,Peterson Inc,Completed
FIN_0121485,2023-06-18,ACC_00157,Information Technology,Revenue,15125.68,USD,Smith-Boyer,Completed
FIN_0111655,2024-10-07,ACC_00031,Information Technology,Operating Expense,19137.96,EUR,Christensen-Lynch,Completed
FIN_0067138,2025-02-16,ACC_00432,Supply Chain,Revenue,96522.6,EUR,Williams and Sons,Completed
FIN_0250243,2025-03-08,ACC_00136,Operations,Purchase,38262.82,SEK,"Parks, Whitaker and Ramsey",Completed
FIN_0396693,2022-09-02,ACC_00358,Manufacturing,Revenue,22818.42,INR,Powell Ltd,Completed
FIN_0311451,2022-07-09,ACC_00085,Manufacturing,Revenue,23295.12,SEK,Smith Ltd,Completed
FIN_0396753,2025-01-02,ACC_00220,Human Resources,Purchase,12178.3,EUR,"Sutton, Meyer and Chandler",Completed
FIN_0243637,2021-07-28,ACC_00478,Sales,Revenue,66306.96,INR,Williams-Hardy,Completed
FIN_0173853,2024-01-05,ACC_00421,Information Technology,Revenue,79933.6,EUR,"Wilkerson, Rocha and Griffin",Completed
FIN_0197036,2022-10-11,ACC_00425,Manufacturing,Payroll,27826.44,INR,Cooper and Sons,Completed
FIN_0140164,2023-10-29,ACC_00432,Human Resources,Operating Expense,28797.95,EUR,"Gardner, Rhodes and Woodward",Completed
FIN_0348344,2022-09-08,ACC_00449,Engineering,Operating Expense,6830.61,INR,"Wilson, Farmer and Oliver",Completed
FIN_0370568,2026-03-13,ACC_00136,Sales,Revenue,13656.3,USD,"Wallace, Hernandez and Thomas",Completed
FIN_0174894,2023-08-08,ACC_00284,Human Resources,Payroll,49828.8,INR,"Miller, Hammond and Perry",Completed
FIN_0178247,2022-01-29,ACC_00194,Human Resources,Purchase,34088.37,SEK,"Allen, Kennedy and Hawkins",Completed
FIN_0416739,2021-02-08,ACC_00421,Manufacturing,Purchase,34867.89,USD,"Solis, Mora and Walker",Completed
FIN_0223720,2024-06-09,ACC_00099,Manufacturing,Operating Expense,4936.41,USD,Hardy-Clarke,Completed
FIN_0167838,2025-03-11,ACC_00181,Manufacturing,Revenue,33293.96,USD,Williamson-Chang,Completed
FIN_0198603,2021-04-28,ACC_00110,Supply Chain,Operating Expense,6836.22,INR,Pittman-Davila,Completed
FIN_0428946,2022-04-15,ACC_00443,Manufacturing,Operating Expense,29251.24,INR,Kennedy-Santiago,Pending
FIN_0244428,2021-08-12,ACC_00182,Supply Chain,Revenue,93110.35,USD,"Solomon, Gibson and Wright",Completed
FIN_0280818,2022-05-23,ACC_00052,Human Resources,Investment,31391.19,SEK,Jones-Martin,Failed
FIN_0321780,2025-08-11,ACC_00285,Manufacturing,Operating Expense,46156.76,INR,Butler-Ward,Completed
FIN_0085160,2023-06-03,ACC_00306,Marketing,Purchase,26764.63,USD,Callahan LLC,Completed
FIN_0382356,2023-07-19,ACC_00443,Finance,Payroll,14818.63,SEK,Pacheco-Johnston,Completed
FIN_0324414,2023-09-25,ACC_00289,Marketing,Purchase,8454.54,SEK,Frye Group,Pending
FIN_0047394,2021-04-26,ACC_00405,Finance,Purchase,17107.92,SEK,Bradley-Terry,Completed
FIN_0004663,2021-11-06,ACC_00491,Supply Chain,Operating Expense,26915.22,INR,"Harrison, Hernandez and Wagner",Completed
FIN_0125724,2023-08-12,ACC_00327,Engineering,Operating Expense,43234.93,EUR,Black-Atkins,Completed
FIN_0172916,2025-07-18,ACC_00053,Engineering,Purchase,20274.82,USD,Ochoa-Ray,Completed
FIN_0335462,2022-12-03,ACC_00244,Engineering,Purchase,13781.15,INR,"Morton, Edwards and Taylor",Completed
FIN_0270053,2023-08-03,ACC_00491,Engineering,Purchase,33465.02,INR,Armstrong PLC,Completed
FIN_0416010,2025-08-15,ACC_00141,Human Resources,Operating Expense,4628.45,USD,Camacho-Burton,Completed
FIN_0339352,2023-04-29,ACC_00169,Engineering,Revenue,95628.61,INR,Briggs Inc,Completed
FIN_0035676,2021-07-25,ACC_00106,Operations,Purchase,38069.93,EUR,Mckenzie-Robertson,Completed
FIN_0101780,2025-09-17,ACC_00411,Human Resources,Purchase,20278.59,USD,Osborne-Hansen,Completed
FIN_0462117,2023-10-22,ACC_00465,Finance,Revenue,48591.59,SEK,"Riley, Davis and James",Pending
FIN_0047557,2025-02-11,ACC_00121,Marketing,Revenue,87179.7,INR,"Chen, Walls and Brown",Completed
FIN_0130301,2026-02-05,ACC_00452,Sales,Operating Expense,39987.49,SEK,"Reeves, Stone and Murphy",Completed
FIN_0158600,2024-03-23,ACC_00209,Marketing,Operating Expense,104.17,EUR,Green-Garcia,Completed
FIN_0466720,2026-02-03,ACC_00140,Human Resources,Revenue,66485.81,EUR,Allen-Lowery,Completed
FIN_0350009,2024-11-20,ACC_00490,Information Technology,Revenue,13673.87,EUR,"Brown, Sanders and Sanders",Completed
FIN_0435488,2021-02-15,ACC_00461,Finance,Purchase,11086.33,USD,"Baldwin, Gomez and Carter",Completed
FIN_0099377,2025-03-21,ACC_00065,Finance,Purchase,26289.15,SEK,"Jones, Berry and Moon",Pending
FIN_0359775,2024-03-15,ACC_00396,Engineering,Payroll,11135.47,SEK,Duarte Group,Completed
FIN_0368910,2025-01-16,ACC_00180,Manufacturing,Revenue,70661.57,SEK,Mills-Lawrence,Completed
FIN_0153632,2025-12-04,ACC_00030,Manufacturing,Revenue,49647.36,INR,Thompson Ltd,Completed
FIN_0187485,2024-05-29,ACC_00175,Manufacturing,Revenue,41551.51,EUR,"Parker, Foster and Merritt",Completed
FIN_0464042,2023-02-10,ACC_00215,Information Technology,Operating Expense,8244.4,EUR,"Perez, Hardy and Lowe",Completed
FIN_0230506,2025-02-09,ACC_00021,Operations,Revenue,98717.27,INR,Mills-Gallegos,Completed
FIN_0113195,2024-06-30,ACC_00339,Engineering,Purchase,16959.67,SEK,Jenkins and Sons,Completed
FIN_0489443,2024-11-22,ACC_00053,Human Resources,Revenue,7713.44,EUR,UNKNOWN,Pending
FIN_0134340,2025-01-13,ACC_00154,Marketing,Purchase,444.85,INR,UNKNOWN,Completed
FIN_0298325,2021-12-25,ACC_00136,Operations,Purchase,20781.57,EUR,"Hayes, Salinas and Baker",Completed
FIN_0292474,2021-06-07,ACC_00002,Finance,Purchase,32412.67,INR,Hall Ltd,Pending
FIN_0038912,2025-02-05,ACC_00424,Supply Chain,Revenue,27456.24,SEK,"Taylor, Sanchez and Marsh",Completed
FIN_0261154,2024-07-09,ACC_00389,Manufacturing,Revenue,32157.69,EUR,"Welch, Carr and Bennett",Completed
FIN_0044359,2022-05-28,ACC_00231,Human Resources,Operating Expense,43815.56,INR,"Mcgee, Medina and Williams",Pending
FIN_0077857,2022-10-04,ACC_00352,Human Resources,Revenue,60842.16,SEK,Clarke and Sons,Completed
FIN_0196255,2022-07-22,ACC_00198,Operations,Operating Expense,17538.74,SEK,Christian LLC,Pending
FIN_0396763,2022-09-30,ACC_00110,Human Resources,Operating Expense,27938.13,INR,Terry-Powell,Completed
FIN_0465051,2026-01-02,ACC_00142,Marketing,Payroll,39015.18,EUR,Baker-Quinn,Completed
FIN_0341336,2021-12-24,ACC_00228,Finance,Revenue,12529.28,USD,Hubbard-Brown,Completed
FIN_0319473,2026-06-16,ACC_00402,Marketing,Investment,47109.94,USD,"Gonzalez, Newman and Brown",Completed
FIN_0023404,2023-07-16,ACC_00264,Engineering,Purchase,13672.42,INR,Stevenson Ltd,Completed
FIN_0383940,2022-06-06,ACC_00157,Marketing,Operating Expense,27727.18,USD,White Ltd,Completed
FIN_0084482,2021-02-10,ACC_00061,Manufacturing,Investment,20507.25,EUR,"Tran, Valdez and Wright",Pending
FIN_0436374,2021-12-30,ACC_00035,Engineering,Purchase,2771.49,EUR,Obrien Ltd,Completed
FIN_0033878,2023-08-05,ACC_00003,Information Technology,Revenue,15550.17,USD,Novak-Conner,Completed
FIN_0025607,2024-06-05,ACC_00062,Sales,Revenue,98725.73,EUR,Carpenter-Simpson,Completed
FIN_0385495,2023-04-11,ACC_00043,Finance,Purchase,33148.21,INR,Dawson-Rodriguez,Completed
FIN_0079654,2024-02-21,ACC_00179,Sales,Payroll,8233.1,SEK,UNKNOWN,Completed
FIN_0484026,2024-02-17,ACC_00184,Marketing,Purchase,18024.69,USD,"Anderson, Holland and Maldonado",Completed
FIN_0497764,2021-01-10,ACC_00472,Engineering,Investment,49169.04,SEK,Gray-Rogers,Completed
FIN_0026996,2024-11-06,ACC_00178,Operations,Purchase,28690.61,SEK,Long Group,Completed
FIN_0101066,2021-07-22,ACC_00253,Finance,Revenue,59991.04,INR,Terry and Sons,Completed
FIN_0048465,2022-05-18,ACC_00035,Sales,Operating Expense,6255.52,USD,Peters Inc,Completed
FIN_0176185,2022-11-23,ACC_00197,Human Resources,Investment,8684.51,EUR,"Woods, Oconnell and Huffman",Completed
FIN_0270212,2023-08-13,ACC_00370,Manufacturing,Purchase,25349.39,SEK,"Edwards, Bennett and Wise",Completed
FIN_0373469,2023-09-25,ACC_00345,Engineering,Revenue,62556.81,INR,Hines Inc,Completed
FIN_0026367,2022-09-05,ACC_00255,Manufacturing,Revenue,88456.49,INR,Meyer-Sanders,Completed
FIN_0374448,2021-09-15,ACC_00141,Supply Chain,Payroll,6034.95,INR,Jones-Hatfield,Completed
FIN_0035557,2026-01-14,ACC_00362,Manufacturing,Revenue,38208.47,INR,Norris LLC,Completed
FIN_0488878,2021-03-04,ACC_00415,Marketing,Operating Expense,10328.81,USD,Henderson Group,Completed
FIN_0110300,2022-09-04,ACC_00261,Operations,Revenue,5078.61,EUR,"West, Rodriguez and Bowen",Completed
FIN_0129164,2025-03-21,ACC_00051,Operations,Revenue,72319.35,SEK,"Mcdowell, Maldonado and Jones",Completed
FIN_0235148,2025-03-18,ACC_00081,Marketing,Operating Expense,12471.57,SEK,Williams-Black,Completed
FIN_0341965,2021-01-16,ACC_00179,Engineering,Revenue,12800.5,USD,Love-Rodriguez,Completed
FIN_0089150,2026-02-19,ACC_00417,Engineering,Revenue,74435.48,USD,Chen PLC,Completed
FIN_0389288,2025-12-09,ACC_00316,Human Resources,Payroll,6265.18,SEK,Simmons PLC,Completed
FIN_0115822,2025-08-21,ACC_00428,Human Resources,Revenue,52221.64,INR,Morris-Garcia,Completed
FIN_0117378,2025-07-11,ACC_00163,Engineering,Purchase,16360.82,USD,Carey Group,Completed
FIN_0006653,2022-11-29,ACC_00382,Finance,Payroll,21212.5,INR,"Johnson, Mathis and Chang",Pending
FIN_0125449,2023-02-23,ACC_00358,Engineering,Revenue,2068.79,EUR,Mcfarland PLC,Completed
FIN_0256472,2023-09-28,ACC_00067,Supply Chain,Revenue,29031.15,USD,Harvey PLC,Completed
FIN_0304456,2024-01-20,ACC_00099,Supply Chain,Revenue,76587.81,EUR,UNKNOWN,Completed
FIN_0217113,2025-11-20,ACC_00044,Information Technology,Revenue,33230.62,USD,UNKNOWN,Completed
FIN_0178196,2023-01-10,ACC_00276,Supply Chain,Revenue,96318.98,EUR,"Kelly, Gonzalez and Sanchez",Completed
FIN_0394204,2024-08-27,ACC_00258,Human Resources,Revenue,12129.12,INR,Molina Group,Completed
FIN_0223220,2022-08-04,ACC_00284,Information Technology,Operating Expense,30265.85,INR,Ware-Martin,Completed
FIN_0443000,2024-12-09,ACC_00044,Sales,Purchase,17747.87,EUR,UNKNOWN,Completed
FIN_0316158,2022-02-01,ACC_00261,Manufacturing,Purchase,17237.41,USD,"Knapp, Fitzgerald and Poole",Completed
FIN_0212477,2026-06-16,ACC_00065,Operations,Payroll,25182.11,INR,Rodriguez-Bishop,Completed
FIN_0219754,2022-02-25,ACC_00483,Marketing,Revenue,38016.19,INR,Johnson PLC,Pending
FIN_0244401,2025-05-26,ACC_00245,Marketing,Purchase,46566.13,SEK,Wells and Sons,Completed
FIN_0213456,2026-04-03,ACC_00486,Engineering,Purchase,3079.38,USD,Sullivan-Green,Completed
FIN_0264927,2022-08-31,ACC_00218,Human Resources,Revenue,7477.24,USD,Walker-Hernandez,Pending
FIN_0010482,2026-04-28,ACC_00046,Sales,Operating Expense,35614.5,EUR,Ellison Ltd,Completed
FIN_0115840,2023-11-18,ACC_00438,Human Resources,Operating Expense,13975.32,EUR,Harris-Bates,Completed
FIN_0290487,2023-01-10,ACC_00291,Manufacturing,Purchase,44828.52,USD,Gonzalez-Buchanan,Completed
FIN_0336021,2023-01-07,ACC_00474,Operations,Payroll,44959.14,EUR,"Hansen, Brown and Murphy",Completed
FIN_0090219,2025-07-17,ACC_00492,Sales,Payroll,41551.22,INR,Herrera-Baker,Completed
FIN_0287479,2025-01-28,ACC_00152,Information Technology,Revenue,96788.18,SEK,"Hale, Boyer and Lawrence",Completed
FIN_0157961,2022-04-24,ACC_00254,Sales,Operating Expense,29894.15,INR,Wilson Group,Completed
FIN_0298555,2025-08-12,ACC_00362,Information Technology,Revenue,72265.8,USD,Williams PLC,Pending
FIN_0269387,2024-08-04,ACC_00250,Information Technology,Revenue,67384.34,INR,Carey-Parker,Pending
FIN_0162399,2025-05-18,ACC_00328,Sales,Purchase,43337.36,SEK,"Wilson, Watkins and Allen",Completed
FIN_0294277,2023-06-24,ACC_00313,Finance,Purchase,9758.78,INR,"Villegas, Moore and Newman",Completed
FIN_0470872,2023-10-02,ACC_00389,Supply Chain,Investment,22314.95,USD,Moreno LLC,Pending
FIN_0406550,2023-11-15,ACC_00230,Operations,Operating Expense,48195.4,SEK,"Cook, Baird and Hernandez",Completed
FIN_0204730,2022-12-27,ACC_00028,Supply Chain,Purchase,9446.78,EUR,"Everett, Baker and Johnson",Completed
FIN_0377879,2021-12-09,ACC_00459,Manufacturing,Revenue,8714.19,SEK,Johnson-Clements,Completed
FIN_0423750,2024-05-03,ACC_00482,Manufacturing,Revenue,62012.88,SEK,Brown-Young,Completed
FIN_0265700,2022-05-22,ACC_00010,Operations,Revenue,13173.71,INR,"Butler, Williams and Gilmore",Completed
FIN_0147419,2026-06-05,ACC_00369,Engineering,Payroll,4439.28,SEK,Owens-Ramirez,Completed
FIN_0022183,2021-06-08,ACC_00236,Operations,Operating Expense,20160.32,EUR,Marshall-Lane,Pending
FIN_0230837,2023-04-07,ACC_00336,Supply Chain,Operating Expense,25003.86,EUR,Smith PLC,Completed
FIN_0351738,2022-12-05,ACC_00386,Marketing,Revenue,43180.84,SEK,"Jones, Rhodes and Bartlett",Completed
FIN_0047523,2023-12-12,ACC_00142,Human Resources,Operating Expense,41689.94,USD,"Costa, Roberts and Walker",Pending
FIN_0085548,2024-12-16,ACC_00380,Finance,Payroll,25893.67,USD,Smith Ltd,Completed
FIN_0366702,2023-11-01,ACC_00412,Manufacturing,Revenue,34721.53,EUR,Thompson-Perez,Completed
FIN_0345519,2024-08-26,ACC_00344,Finance,Purchase,11380.56,INR,"Jones, Greer and Henderson",Completed
FIN_0435183,2024-04-06,ACC_00415,Human Resources,Purchase,11343.76,USD,Hill-Mcdonald,Completed
FIN_0436481,2021-04-16,ACC_00213,Supply Chain,Purchase,16252.45,EUR,Cruz-Simpson,Completed
FIN_0104774,2025-05-12,ACC_00213,Manufacturing,Payroll,39529.94,EUR,Zimmerman and Sons,Completed
FIN_0134779,2025-11-04,ACC_00151,Engineering,Revenue,60621.41,INR,Pace Inc,Completed
FIN_0027861,2026-02-27,ACC_00316,Human Resources,Revenue,71324.07,EUR,UNKNOWN,Completed
FIN_0254126,2025-07-24,ACC_00220,Engineering,Purchase,39361.38,EUR,Stein Group,Completed
FIN_0258953,2024-03-05,ACC_00170,Operations,Revenue,95143.66,USD,"Wilkerson, Estrada and Freeman",Completed
FIN_0315210,2025-10-25,ACC_00244,Manufacturing,Operating Expense,45355.99,EUR,"Moore, Camacho and Pierce",Pending
FIN_0296882,2024-06-15,ACC_00194,Engineering,Revenue,86902.07,EUR,Weaver Inc,Completed
FIN_0227565,2025-11-21,ACC_00470,Marketing,Revenue,26375.77,EUR,"Schroeder, Wilkinson and Daniels",Completed
FIN_0290483,2023-10-13,ACC_00207,Finance,Revenue,44642.04,EUR,Burnett Group,Completed
FIN_0447901,2024-11-10,ACC_00336,Operations,Revenue,86047.4,USD,"Schroeder, Ford and Jarvis",Completed
FIN_0442963,2021-05-28,ACC_00059,Operations,Payroll,18068.88,SEK,Smith-Ball,Completed
FIN_0431447,2024-02-14,ACC_00468,Finance,Operating Expense,21822.89,USD,"Lewis, Kennedy and Rose",Pending
FIN_0432287,2022-03-03,ACC_00215,Marketing,Operating Expense,151.36,EUR,Jones LLC,Completed
FIN_0368960,2025-03-28,ACC_00116,Engineering,Revenue,37786.05,INR,Harris PLC,Completed
FIN_0150674,2025-04-05,ACC_00096,Marketing,Purchase,48333.47,USD,Flores PLC,Completed
FIN_0179515,2022-11-02,ACC_00200,Supply Chain,Purchase,22998.37,SEK,UNKNOWN,Completed
FIN_0008078,2022-02-11,ACC_00348,Operations,Revenue,58669.2,EUR,Bonilla LLC,Completed
FIN_0378173,2022-04-03,ACC_00332,Manufacturing,Operating Expense,5936.12,USD,"Bailey, Reed and Hunt",Completed
FIN_0137229,2025-07-21,ACC_00494,Information Technology,Purchase,3773.34,EUR,Hood Ltd,Completed
FIN_0282952,2022-01-14,ACC_00433,Engineering,Revenue,67730.15,EUR,"Brown, Arnold and Davis",Completed
FIN_0498707,2022-07-26,ACC_00399,Engineering,Purchase,22794.23,SEK,Mcmahon Ltd,Completed
FIN_0178252,2022-11-22,ACC_00407,Operations,Operating Expense,15603.11,USD,"Myers, Ellison and Flores",Completed
FIN_0383213,2021-09-30,ACC_00210,Human Resources,Payroll,9490.01,SEK,Price-Ray,Completed
FIN_0325061,2021-03-31,ACC_00255,Operations,Purchase,44292.76,EUR,Richardson PLC,Completed
FIN_0448868,2021-06-09,ACC_00272,Engineering,Operating Expense,22470.83,USD,Morse-West,Completed
FIN_0048047,2025-07-01,ACC_00495,Manufacturing,Revenue,21544.42,USD,"Brown, Davenport and Hodges",Completed
FIN_0301854,2026-06-02,ACC_00489,Finance,Revenue,62638.24,USD,"Wilson, Patterson and Skinner",Completed
FIN_0474538,2025-12-12,ACC_00169,Operations,Payroll,27621.92,USD,Harris Ltd,Completed
FIN_0392115,2023-10-08,ACC_00191,Engineering,Purchase,47723.67,EUR,Davis-Montgomery,Completed
FIN_0420272,2022-02-19,ACC_00230,Marketing,Purchase,4444.51,SEK,Miller-Santiago,Completed
FIN_0051635,2022-11-18,ACC_00184,Supply Chain,Purchase,6983.29,INR,Compton-Miller,Failed
FIN_0330624,2023-06-13,ACC_00208,Information Technology,Revenue,73849.7,SEK,Brown-Hernandez,Completed
FIN_0150133,2026-03-24,ACC_00330,Manufacturing,Revenue,17175.58,EUR,Ewing-Lawrence,Completed
FIN_0133164,2026-01-05,ACC_00341,Sales,Purchase,39610.75,USD,Saunders-Payne,Failed
FIN_0306628,2022-10-04,ACC_00323,Supply Chain,Revenue,93986.97,INR,"Higgins, White and Wallace",Completed
FIN_0472878,2025-01-16,ACC_00316,Engineering,Payroll,20424.52,SEK,Green-Peterson,Completed
FIN_0130742,2026-06-27,ACC_00297,Sales,Revenue,42491.49,EUR,Martin-Ortiz,Completed
FIN_0381412,2024-08-04,ACC_00442,Information Technology,Revenue,23483.36,INR,Douglas Group,Completed
FIN_0062418,2022-09-12,ACC_00116,Operations,Operating Expense,37966.57,SEK,"Green, Murray and Smith",Completed
FIN_0091615,2025-09-11,ACC_00137,Supply Chain,Operating Expense,29184.3,USD,Nelson PLC,Completed
FIN_0353182,2021-02-19,ACC_00218,Finance,Purchase,26881.71,INR,Cruz-Galvan,Completed
FIN_0119326,2021-02-23,ACC_00049,Operations,Revenue,30568.18,SEK,Smith PLC,Completed
FIN_0430901,2024-12-07,ACC_00194,Information Technology,Purchase,14944.82,SEK,Johnson-Johnson,Completed
FIN_0090039,2021-11-23,ACC_00331,Operations,Revenue,97318.47,INR,"Reid, Kemp and Gonzales",Completed
FIN_0468371,2023-09-20,ACC_00476,Operations,Revenue,25475.99,SEK,Gill-Johnson,Pending
FIN_0365381,2024-10-05,ACC_00139,Finance,Revenue,3370.02,INR,"Bowman, Nelson and Lawrence",Completed
FIN_0229559,2023-09-10,ACC_00309,Operations,Revenue,74404.03,INR,Black and Sons,Completed
FIN_0147412,2025-01-03,ACC_00319,Engineering,Purchase,13754.81,USD,Williams LLC,Completed
FIN_0238313,2026-02-20,ACC_00380,Human Resources,Revenue,43866.75,USD,Barrera-Gardner,Completed
FIN_0301131,2022-03-23,ACC_00320,Manufacturing,Operating Expense,14845.01,SEK,Baker Group,Completed
FIN_0277354,2023-05-02,ACC_00341,Supply Chain,Revenue,40890.59,EUR,"Buckley, Brooks and Russell",Completed
FIN_0409908,2026-05-23,ACC_00356,Human Resources,Purchase,5708.74,SEK,Jordan-Logan,Completed
FIN_0069295,2026-05-02,ACC_00001,Supply Chain,Payroll,7036.75,EUR,"Silva, Brown and Rogers",Pending
FIN_0376014,2021-03-08,ACC_00403,Manufacturing,Revenue,79601.14,USD,Huffman-Parker,Completed
FIN_0336386,2025-04-13,ACC_00126,Manufacturing,Revenue,59802.65,INR,Wright-Horton,Completed
FIN_0467525,2021-08-17,ACC_00280,Supply Chain,Revenue,64663.14,INR,"Peterson, Wiley and Williams",Completed
FIN_0087150,2024-02-06,ACC_00314,Manufacturing,Payroll,26695.22,SEK,"Hoffman, Carpenter and Travis",Completed
FIN_0271079,2022-03-11,ACC_00171,Engineering,Purchase,25624.02,EUR,Cook PLC,Pending
FIN_0150262,2021-10-25,ACC_00420,Engineering,Payroll,46331.35,INR,Carney-Trujillo,Completed
FIN_0396286,2025-06-29,ACC_00137,Finance,Operating Expense,3987.38,SEK,"Bennett, Gallagher and Nguyen",Completed
FIN_0331429,2022-12-06,ACC_00076,Supply Chain,Revenue,12775.1,USD,"Ballard, Jones and Costa",Completed
FIN_0038957,2024-09-29,ACC_00261,Human Resources,Purchase,14160.99,SEK,Villanueva Group,Completed
FIN_0015774,2021-05-27,ACC_00279,Engineering,Revenue,16629.03,INR,UNKNOWN,Completed
FIN_0354977,2025-01-31,ACC_00113,Operations,Revenue,56513.17,INR,"Douglas, Brown and Mcbride",Completed
FIN_0372505,2023-05-29,ACC_00301,Manufacturing,Operating Expense,35503.7,USD,Barrett Group,Completed
FIN_0292596,2026-05-28,ACC_00004,Manufacturing,Payroll,39364.9,SEK,"Figueroa, Thomas and Burch",Completed
FIN_0139416,2026-05-14,ACC_00368,Operations,Purchase,2303.88,EUR,Carney-Gill,Completed
FIN_0008342,2025-06-16,ACC_00426,Sales,Revenue,92464.65,SEK,"Brown, Lewis and Parsons",Completed
FIN_0169708,2024-02-14,ACC_00121,Human Resources,Operating Expense,3974.87,SEK,"Patton, Jordan and Keller",Completed
FIN_0433389,2025-09-05,ACC_00135,Engineering,Revenue,63066.47,EUR,"Cooper, Sosa and Willis",Completed
FIN_0227076,2023-09-17,ACC_00277,Marketing,Revenue,95132.78,EUR,Fuentes Group,Completed
FIN_0442622,2026-02-03,ACC_00442,Operations,Investment,37070.14,INR,"Mann, Santiago and Logan",Completed
FIN_0068490,2024-01-24,ACC_00364,Marketing,Payroll,44860.53,EUR,Sanchez Group,Completed
FIN_0424433,2023-12-30,ACC_00427,Operations,Revenue,78445.18,INR,Thomas PLC,Completed
FIN_0415931,2021-11-15,ACC_00278,Engineering,Revenue,49062.2,SEK,Larsen-Pratt,Completed
FIN_0375955,2024-03-28,ACC_00017,Information Technology,Operating Expense,23948.22,INR,Rich Group,Completed
FIN_0357485,2025-12-17,ACC_00454,Marketing,Operating Expense,30117.72,EUR,"Proctor, Madden and Smith",Completed
FIN_0424686,2022-10-30,ACC_00012,Information Technology,Purchase,12794.31,USD,"Torres, Glover and Palmer",Completed
FIN_0008650,2022-10-19,ACC_00460,Human Resources,Operating Expense,27154.68,EUR,"Briggs, Freeman and Chen",Completed
FIN_0074548,2024-01-15,ACC_00210,Sales,Payroll,31919.41,SEK,Anderson Inc,Completed
FIN_0354799,2024-03-20,ACC_00230,Human Resources,Revenue,94492.74,EUR,Barajas LLC,Completed
FIN_0405040,2022-10-06,ACC_00031,Engineering,Purchase,7914.88,EUR,Henderson Inc,Completed
FIN_0230413,2025-10-04,ACC_00252,Sales,Revenue,93370.31,SEK,"Riley, Lyons and Holmes",Completed
FIN_0250088,2022-02-28,ACC_00122,Marketing,Revenue,48902.26,SEK,King-Huber,Completed
FIN_0283531,2024-03-04,ACC_00094,Sales,Revenue,55792.44,USD,Brooks-Johnson,Completed
FIN_0339001,2024-09-11,ACC_00074,Engineering,Revenue,58530.01,EUR,"Jenkins, Hatfield and Sanders",Completed
FIN_0470141,2023-08-31,ACC_00061,Marketing,Revenue,20366.23,SEK,Thornton Ltd,Completed
FIN_0173732,2021-11-13,ACC_00090,Engineering,Purchase,20903.05,INR,Simpson PLC,Pending
FIN_0351655,2021-07-31,ACC_00036,Information Technology,Revenue,67878.64,USD,Guzman-Lynn,Failed
FIN_0056320,2025-11-20,ACC_00178,Engineering,Purchase,18540.19,INR,"Hernandez, Williams and Montgomery",Pending
FIN_0142485,2025-04-28,ACC_00056,Supply Chain,Revenue,47084.17,INR,Stein-Cruz,Completed
FIN_0194068,2024-10-13,ACC_00374,Manufacturing,Investment,23255.14,INR,Mills Group,Completed
FIN_0410319,2021-01-30,ACC_00205,Operations,Purchase,29969.14,INR,Johnson LLC,Completed
FIN_0140329,2022-06-14,ACC_00159,Marketing,Investment,7100.8,USD,Wallace Ltd,Completed
FIN_0042494,2021-12-21,ACC_00216,Operations,Payroll,22516.75,INR,Smith Inc,Completed
FIN_0355136,2021-10-17,ACC_00245,Information Technology,Purchase,19171.37,USD,Cox-Kirby,Completed
FIN_0440963,2023-06-24,ACC_00428,Operations,Purchase,20309.41,USD,Gardner and Sons,Failed
FIN_0037419,2024-02-06,ACC_00260,Marketing,Payroll,9216.51,EUR,"Gamble, Hart and Martinez",Completed
FIN_0325366,2026-04-23,ACC_00490,Sales,Operating Expense,1578.77,SEK,Smith-Bell,Completed
FIN_0151104,2022-10-14,ACC_00063,Operations,Revenue,74808.39,SEK,Bowen and Sons,Completed
FIN_0074346,2024-12-29,ACC_00266,Engineering,Purchase,42359.61,USD,Miller-Baker,Completed
FIN_0062341,2023-02-12,ACC_00379,Sales,Payroll,14645.2,USD,"Valdez, Marshall and Kelley",Completed
FIN_0396686,2025-05-15,ACC_00458,Sales,Revenue,16562.83,EUR,"Stanley, Sellers and Stewart",Completed
FIN_0029360,2025-10-01,ACC_00234,Finance,Revenue,2641.61,USD,Copeland LLC,Completed
FIN_0285046,2024-02-10,ACC_00086,Information Technology,Purchase,13502.81,EUR,Patterson PLC,Completed
FIN_0070664,2025-03-17,ACC_00124,Operations,Revenue,1286.48,SEK,Hart LLC,Completed
FIN_0226088,2021-09-28,ACC_00136,Marketing,Operating Expense,7666.57,SEK,Santana-Perez,Completed
FIN_0280743,2024-04-05,ACC_00459,Manufacturing,Revenue,8938.38,INR,Herrera Group,Pending
FIN_0155850,2024-04-15,ACC_00091,Sales,Purchase,44424.59,EUR,White PLC,Pending
FIN_0168801,2025-10-31,ACC_00255,Marketing,Purchase,39065.54,INR,Johnson Group,Completed
FIN_0047483,2022-05-28,ACC_00132,Human Resources,Revenue,99345.16,SEK,UNKNOWN,Completed
FIN_0093130,2024-06-23,ACC_00446,Engineering,Payroll,17847.43,SEK,Sandoval-Kemp,Completed
FIN_0466799,2022-08-13,ACC_00044,Sales,Purchase,10667.93,INR,"Phillips, Cox and Harrington",Pending
FIN_0440355,2023-11-27,ACC_00369,Operations,Revenue,16676.25,EUR,Oliver Ltd,Completed
FIN_0145098,2026-03-06,ACC_00470,Human Resources,Purchase,14134.2,INR,Richardson LLC,Completed
FIN_0123838,2025-08-20,ACC_00415,Sales,Revenue,67119.16,USD,"Rogers, Mendoza and Smith",Completed
FIN_0310261,2025-11-01,ACC_00454,Supply Chain,Payroll,37369.67,INR,Johnson Group,Completed
FIN_0044799,2021-03-12,ACC_00431,Operations,Revenue,58859.03,USD,UNKNOWN,Completed
FIN_0365198,2021-02-14,ACC_00219,Human Resources,Purchase,30178.54,EUR,Weber Inc,Completed
FIN_0218882,2025-10-13,ACC_00341,Operations,Revenue,74823.25,USD,"Sullivan, Case and Phillips",Completed
FIN_0295655,2023-09-05,ACC_00171,Supply Chain,Purchase,17033.34,EUR,"Ferguson, Watts and Brown",Pending
FIN_0464700,2021-08-05,ACC_00454,Manufacturing,Purchase,49474.08,USD,"Lee, Wilson and Barker",Completed
FIN_0465150,2025-01-20,ACC_00424,Sales,Purchase,35489.26,USD,"Roberts, Perkins and Martin",Completed
FIN_0116647,2023-12-16,ACC_00054,Manufacturing,Investment,14882.25,USD,Kelley-Peterson,Completed
FIN_0419808,2024-04-29,ACC_00070,Sales,Revenue,95797.6,USD,Gallagher LLC,Pending
FIN_0086667,2024-10-09,ACC_00164,Engineering,Purchase,46010.87,EUR,Foley LLC,Completed
FIN_0346801,2026-03-11,ACC_00164,Information Technology,Purchase,26040.79,SEK,Costa Inc,Completed
FIN_0308170,2025-07-27,ACC_00404,Finance,Operating Expense,11095.86,EUR,Miller-Adams,Completed
FIN_0490754,2024-12-13,ACC_00085,Finance,Purchase,32334.12,USD,"Pittman, Taylor and Diaz",Completed
FIN_0004823,2025-07-30,ACC_00406,Marketing,Revenue,64144.0,EUR,Wilson-Carpenter,Completed
FIN_0489942,2023-05-05,ACC_00224,Engineering,Purchase,33391.9,INR,Taylor-Quinn,Pending
FIN_0340213,2024-08-09,ACC_00297,Manufacturing,Purchase,26207.17,USD,Chen-Pearson,Completed
FIN_0451729,2021-12-12,ACC_00381,Supply Chain,Revenue,80166.69,EUR,Mcclain PLC,Completed
FIN_0244899,2025-06-17,ACC_00288,Supply Chain,Purchase,17780.68,EUR,Lambert-Blake,Completed
FIN_0033915,2023-04-11,ACC_00238,Finance,Revenue,71594.13,INR,Cooley Group,Completed
FIN_0201049,2024-01-04,ACC_00003,Finance,Revenue,41952.17,SEK,"Juarez, Benton and Bowman",Completed
FIN_0427597,2024-02-11,ACC_00334,Human Resources,Payroll,37550.86,USD,Walker LLC,Completed
FIN_0224526,2025-02-12,ACC_00103,Marketing,Operating Expense,42402.2,USD,Moore-Nelson,Completed
FIN_0192578,2023-03-27,ACC_00162,Finance,Revenue,85419.73,INR,UNKNOWN,Completed
FIN_0420637,2023-12-28,ACC_00343,Marketing,Operating Expense,17696.73,INR,Lang Inc,Completed
FIN_0439982,2021-03-15,ACC_00408,Information Technology,Revenue,29314.19,USD,Poole-Hayes,Completed
FIN_0035450,2021-05-12,ACC_00246,Manufacturing,Payroll,27077.19,EUR,Steele-Davis,Completed
FIN_0240069,2021-04-22,ACC_00061,Manufacturing,Revenue,37044.18,SEK,"Wolfe, Spencer and Rhodes",Completed
FIN_0442640,2025-04-22,ACC_00458,Marketing,Revenue,56292.59,EUR,"Garcia, Anderson and Brown",Completed
FIN_0088477,2021-04-27,ACC_00048,Supply Chain,Operating Expense,16215.4,INR,Wilcox-Olson,Completed
FIN_0461841,2022-02-25,ACC_00357,Finance,Investment,49933.2,USD,"Medina, Shepard and Blackwell",Completed
FIN_0432026,2023-03-12,ACC_00081,Finance,Purchase,48261.3,INR,"Marshall, Gibson and Ellison",Completed
FIN_0036016,2025-01-10,ACC_00369,Information Technology,Payroll,17069.69,USD,Kemp-Hamilton,Completed
FIN_0421582,2024-03-16,ACC_00101,Marketing,Revenue,72991.13,USD,Lee-Boone,Completed
FIN_0243024,2024-11-12,ACC_00323,Information Technology,Purchase,9231.27,INR,Green-Gonzalez,Completed
FIN_0225577,2025-12-27,ACC_00145,Sales,Payroll,40271.66,USD,Delacruz-Ellis,Completed
FIN_0285735,2023-08-22,ACC_00210,Human Resources,Purchase,13767.0,EUR,"Wilson, Parker and Hughes",Completed
FIN_0187533,2024-05-15,ACC_00076,Engineering,Purchase,37851.1,SEK,Baker and Sons,Completed
FIN_0134160,2023-08-31,ACC_00201,Operations,Purchase,26509.65,SEK,"Escobar, Meyer and Peters",Pending
FIN_0440340,2022-01-07,ACC_00131,Finance,Revenue,74467.45,USD,"Lowe, Vega and Pittman",Pending
FIN_0205753,2024-08-16,ACC_00021,Operations,Revenue,64468.92,USD,UNKNOWN,Completed
FIN_0491702,2024-02-15,ACC_00378,Operations,Payroll,26083.05,SEK,Hines Ltd,Completed
FIN_0446144,2026-01-22,ACC_00394,Finance,Purchase,27920.63,SEK,Meyer LLC,Completed
FIN_0130892,2022-10-20,ACC_00282,Operations,Revenue,4555.01,EUR,"Jacobs, Morgan and Duffy",Completed
FIN_0279066,2023-06-04,ACC_00129,Sales,Revenue,12005.5,EUR,"Reid, Bradley and Daniels",Completed
FIN_0447466,2024-01-14,ACC_00212,Finance,Payroll,4718.09,EUR,Mcdonald PLC,Completed
FIN_0044520,2021-07-25,ACC_00273,Supply Chain,Revenue,9918.47,EUR,Newton-Harris,Completed
FIN_0305475,2021-03-03,ACC_00051,Finance,Operating Expense,26844.55,SEK,Hines LLC,Completed
FIN_0368669,2025-07-20,ACC_00274,Human Resources,Purchase,8774.6,INR,Keith Group,Completed
FIN_0406201,2026-01-28,ACC_00057,Human Resources,Purchase,42989.95,SEK,Conrad and Sons,Completed
FIN_0239083,2026-04-01,ACC_00011,Sales,Payroll,6418.0,SEK,"Glover, Miller and Carroll",Completed
FIN_0015898,2022-01-03,ACC_00200,Engineering,Operating Expense,19285.84,EUR,Mckenzie-Fleming,Completed
FIN_0078539,2023-09-29,ACC_00038,Manufacturing,Revenue,86043.03,SEK,Hess Inc,Completed
FIN_0355081,2021-02-14,ACC_00402,Finance,Payroll,29542.06,INR,"Marks, Cox and Warren",Completed
FIN_0219193,2025-07-29,ACC_00002,Sales,Payroll,49394.28,SEK,Wagner-Randolph,Completed
FIN_0230323,2021-11-30,ACC_00273,Engineering,Payroll,25536.75,EUR,"Flores, Alexander and Good",Completed
FIN_0370567,2021-01-24,ACC_00448,Manufacturing,Payroll,21560.04,INR,Mckinney Group,Completed
FIN_0303937,2025-10-22,ACC_00445,Sales,Revenue,87254.27,EUR,Herrera-Booker,Completed
FIN_0182888,2021-03-15,ACC_00164,Sales,Operating Expense,2822.66,INR,Jackson-Thompson,Completed
FIN_0041382,2026-05-06,ACC_00261,Information Technology,Operating Expense,35504.85,INR,Martin and Sons,Completed
FIN_0297338,2021-03-30,ACC_00062,Marketing,Operating Expense,46113.3,SEK,Lewis-Wright,Completed
FIN_0143688,2026-01-26,ACC_00167,Marketing,Purchase,18773.52,EUR,"Parker, Cox and Oliver",Completed
FIN_0381911,2022-05-07,ACC_00362,Manufacturing,Operating Expense,29807.0,EUR,Mendoza PLC,Completed
FIN_0030973,2024-03-13,ACC_00051,Marketing,Revenue,51302.18,INR,Allen-Martin,Completed
FIN_0321786,2024-12-28,ACC_00468,Sales,Purchase,48260.02,INR,Hall-Campbell,Completed
FIN_0152585,2025-05-11,ACC_00196,Operations,Payroll,5282.94,EUR,"Wilson, Gillespie and White",Completed
FIN_0114006,2023-04-18,ACC_00407,Engineering,Revenue,60042.38,SEK,Archer-English,Completed
FIN_0211019,2023-07-23,ACC_00126,Marketing,Revenue,86071.41,USD,Stanley and Sons,Pending
FIN_0232511,2026-04-30,ACC_00239,Marketing,Purchase,25160.51,SEK,Peterson-Hill,Completed
FIN_0074664,2026-05-18,ACC_00182,Operations,Investment,12767.58,EUR,Ball Inc,Completed
FIN_0295976,2025-09-16,ACC_00107,Human Resources,Revenue,28462.92,EUR,Sanders Ltd,Completed
FIN_0491224,2025-03-19,ACC_00025,Operations,Purchase,3237.78,EUR,Johnson Inc,Completed
FIN_0467907,2021-10-11,ACC_00192,Engineering,Revenue,29678.22,USD,Burke and Sons,Completed
FIN_0336974,2023-08-23,ACC_00107,Sales,Revenue,42537.07,EUR,Burns LLC,Completed
FIN_0331946,2023-12-30,ACC_00343,Operations,Revenue,16907.26,INR,Jacobs-Robinson,Completed
FIN_0335107,2023-04-14,ACC_00177,Supply Chain,Operating Expense,32048.76,USD,Carr and Sons,Completed
FIN_0063931,2025-12-08,ACC_00226,Sales,Revenue,99553.97,EUR,Bryant-Cruz,Completed
FIN_0423118,2023-09-14,ACC_00418,Sales,Revenue,96122.9,INR,Johnson Inc,Completed
FIN_0280705,2022-11-06,ACC_00301,Information Technology,Revenue,37767.54,SEK,"Flores, Chang and Ware",Completed
FIN_0479363,2022-08-02,ACC_00177,Engineering,Payroll,8520.96,SEK,Owen-Stone,Completed
FIN_0333631,2023-06-24,ACC_00497,Human Resources,Purchase,32174.12,USD,Moore and Sons,Pending
FIN_0496937,2025-12-21,ACC_00104,Supply Chain,Purchase,44373.23,INR,Randolph-Barron,Pending
FIN_0428065,2021-04-18,ACC_00229,Information Technology,Operating Expense,10212.77,SEK,"King, Romero and Walton",Pending
FIN_0372755,2021-03-27,ACC_00437,Finance,Purchase,17043.49,USD,Gardner LLC,Completed
FIN_0200785,2024-03-03,ACC_00034,Manufacturing,Purchase,2130.12,INR,Quinn-Lewis,Completed
FIN_0422008,2025-10-27,ACC_00054,Sales,Revenue,35484.91,USD,Dunlap-Smith,Completed
FIN_0316732,2026-02-03,ACC_00163,Human Resources,Payroll,3967.13,INR,Trujillo-Villegas,Completed
FIN_0056506,2023-09-17,ACC_00208,Marketing,Payroll,18373.91,INR,Walter-Davis,Completed
FIN_0474109,2023-01-14,ACC_00126,Human Resources,Investment,39633.4,EUR,Cox LLC,Completed
FIN_0108901,2024-05-18,ACC_00030,Information Technology,Revenue,25092.88,SEK,"Tate, Taylor and Peters",Completed
FIN_0392674,2024-06-15,ACC_00310,Operations,Payroll,32373.44,EUR,Pham Ltd,Completed
FIN_0397815,2026-01-12,ACC_00333,Finance,Purchase,40663.34,EUR,Hamilton-Lowe,Completed
FIN_0206166,2022-03-11,ACC_00434,Manufacturing,Payroll,29370.25,INR,"Davis, Thomas and Holmes",Completed
FIN_0398485,2022-11-13,ACC_00026,Supply Chain,Revenue,11879.56,USD,"Carson, Chen and Smith",Completed
FIN_0179983,2024-08-22,ACC_00026,Human Resources,Investment,34725.35,INR,"Ruiz, Sullivan and Kane",Completed
FIN_0028991,2025-08-04,ACC_00344,Information Technology,Operating Expense,20026.15,INR,"Smith, Santiago and Reed",Completed
FIN_0376353,2024-03-02,ACC_00443,Information Technology,Revenue,63684.44,USD,"Vasquez, Burns and Gibson",Completed
FIN_0233275,2023-06-09,ACC_00392,Operations,Purchase,41246.33,SEK,Dixon and Sons,Completed
FIN_0066430,2026-01-30,ACC_00346,Marketing,Revenue,24558.06,USD,Jones Ltd,Completed
FIN_0423113,2025-04-13,ACC_00084,Human Resources,Revenue,50422.64,SEK,"Henderson, Bell and Williams",Completed
FIN_0342454,2025-07-24,ACC_00491,Operations,Operating Expense,41071.09,SEK,"Austin, Moore and Hardy",Completed
FIN_0416126,2025-06-18,ACC_00030,Marketing,Revenue,6965.11,EUR,Lindsey Inc,Completed
FIN_0034269,2026-04-20,ACC_00090,Sales,Payroll,39320.1,INR,Cooper-Fuller,Completed
FIN_0348740,2022-07-30,ACC_00226,Manufacturing,Operating Expense,46871.77,EUR,"Huerta, Mullins and Weber",Completed
FIN_0249758,2023-07-28,ACC_00108,Human Resources,Revenue,40551.05,EUR,Jensen PLC,Completed
FIN_0173949,2022-01-26,ACC_00045,Supply Chain,Revenue,76979.64,USD,"Knapp, Moreno and Li",Completed
FIN_0245459,2026-06-09,ACC_00423,Engineering,Payroll,8561.23,EUR,Ramirez Ltd,Completed
FIN_0047522,2021-06-29,ACC_00077,Finance,Revenue,81666.45,SEK,Patel Group,Completed
FIN_0313494,2021-08-21,ACC_00148,Operations,Operating Expense,6197.66,EUR,UNKNOWN,Completed
FIN_0193763,2022-07-16,ACC_00129,Information Technology,Revenue,84922.78,USD,"Johnson, Lopez and Coleman",Completed
FIN_0247133,2021-05-10,ACC_00449,Finance,Purchase,44664.67,USD,Morgan-Dorsey,Completed
FIN_0117264,2022-10-03,ACC_00157,Marketing,Revenue,56504.03,INR,Sanders Inc,Completed
FIN_0022071,2022-05-28,ACC_00175,Supply Chain,Payroll,34945.99,INR,Brown-Jones,Pending
FIN_0358807,2024-02-01,ACC_00095,Operations,Revenue,91653.54,USD,"Payne, Guerrero and Cox",Completed
FIN_0387595,2026-06-22,ACC_00109,Marketing,Purchase,43017.63,INR,Nguyen-Oneill,Completed
FIN_0029137,2024-12-02,ACC_00093,Human Resources,Purchase,24552.56,USD,Bailey Inc,Completed
FIN_0017246,2023-03-14,ACC_00020,Manufacturing,Revenue,79391.53,SEK,Allen and Sons,Completed
FIN_0113405,2021-06-09,ACC_00388,Human Resources,Purchase,529.96,SEK,Walker-Fowler,Completed
FIN_0302734,2023-06-12,ACC_00001,Marketing,Operating Expense,46908.91,EUR,Garcia Inc,Completed
FIN_0106278,2025-02-22,ACC_00473,Engineering,Revenue,94111.34,USD,UNKNOWN,Completed
FIN_0280474,2023-12-06,ACC_00205,Engineering,Revenue,93832.82,INR,"Reed, Wu and Adkins",Completed
FIN_0136829,2025-06-16,ACC_00446,Supply Chain,Revenue,16947.24,INR,Kramer Inc,Completed
FIN_0281548,2021-10-22,ACC_00386,Marketing,Payroll,14894.76,EUR,"Diaz, Riggs and Stevens",Completed
FIN_0160299,2024-07-26,ACC_00342,Operations,Operating Expense,14150.89,USD,Romero-Rivera,Completed
FIN_0346523,2026-01-17,ACC_00083,Information Technology,Revenue,37116.74,EUR,"Scott, Williams and Stewart",Completed
FIN_0004047,2021-05-14,ACC_00457,Supply Chain,Payroll,8805.85,SEK,Finley Ltd,Completed
FIN_0275611,2025-04-20,ACC_00101,Operations,Operating Expense,501.09,INR,"Murray, Burke and Smith",Completed
FIN_0163878,2025-08-26,ACC_00101,Finance,Revenue,94047.94,SEK,Duran-Stewart,Completed
FIN_0357242,2022-12-07,ACC_00155,Manufacturing,Investment,27258.85,INR,"Gonzalez, Thomas and Mcbride",Completed
FIN_0292722,2023-02-14,ACC_00159,Engineering,Purchase,7934.16,INR,"Mendoza, Jimenez and Flores",Pending
FIN_0184686,2021-01-25,ACC_00074,Human Resources,Purchase,12006.61,INR,"Young, Boyd and Green",Failed
FIN_0420513,2021-06-29,ACC_00133,Marketing,Revenue,58208.92,INR,Castaneda and Sons,Completed
FIN_0141529,2022-04-07,ACC_00170,Sales,Revenue,79337.78,SEK,"Larson, Sparks and Maldonado",Completed
FIN_0332548,2026-01-12,ACC_00022,Supply Chain,Revenue,41223.34,USD,UNKNOWN,Completed
FIN_0014378,2021-01-22,ACC_00405,Human Resources,Payroll,36164.48,EUR,Hansen Group,Completed
FIN_0158665,2021-02-26,ACC_00428,Manufacturing,Purchase,41280.33,USD,Morris and Sons,Completed
FIN_0188556,2022-02-03,ACC_00276,Engineering,Operating Expense,32186.25,SEK,Copeland Inc,Completed
FIN_0355091,2026-05-24,ACC_00106,Information Technology,Payroll,37570.34,INR,Oliver-Jones,Pending
FIN_0112233,2021-11-23,ACC_00258,Operations,Purchase,46424.71,USD,Melendez Inc,Completed
FIN_0231112,2025-07-31,ACC_00239,Human Resources,Purchase,22417.34,USD,"Cox, Coleman and Chandler",Completed
FIN_0167188,2023-12-11,ACC_00484,Supply Chain,Purchase,32030.8,SEK,Cooper Inc,Pending
FIN_0047912,2021-08-30,ACC_00259,Human Resources,Operating Expense,26808.09,INR,"Wilson, Franco and Becker",Completed
FIN_0151239,2024-01-10,ACC_00237,Sales,Operating Expense,29230.76,SEK,Gomez-Lowe,Pending
FIN_0146604,2021-11-24,ACC_00189,Finance,Revenue,71648.44,EUR,Ochoa Ltd,Completed
FIN_0273875,2026-04-12,ACC_00438,Operations,Revenue,3831.12,USD,Velasquez-Caldwell,Completed
FIN_0279314,2025-01-14,ACC_00203,Finance,Payroll,5244.17,SEK,Sanford-Hudson,Completed
FIN_0211398,2025-12-09,ACC_00018,Marketing,Operating Expense,32718.54,EUR,"Santiago, Sloan and Eaton",Completed
FIN_0314707,2025-10-16,ACC_00042,Finance,Revenue,48118.7,SEK,Jordan Ltd,Pending
FIN_0276844,2023-07-08,ACC_00222,Supply Chain,Investment,48920.31,USD,"Cabrera, Hale and Hicks",Completed
FIN_0377235,2021-06-19,ACC_00103,Sales,Operating Expense,42724.22,EUR,Ward Inc,Pending
FIN_0174482,2024-10-28,ACC_00315,Information Technology,Investment,10417.93,SEK,"West, Shaffer and Mooney",Pending
FIN_0070516,2025-12-16,ACC_00425,Manufacturing,Revenue,35053.53,USD,"Love, Nunez and Ayala",Completed
FIN_0106264,2021-01-30,ACC_00133,Supply Chain,Payroll,24349.98,SEK,"Allen, Reilly and Barnes",Completed
FIN_0158993,2022-08-08,ACC_00417,Finance,Revenue,35366.56,EUR,"Lee, Galloway and Castro",Completed
FIN_0433457,2021-03-31,ACC_00076,Sales,Operating Expense,26463.76,INR,Joseph-Garrett,Completed
FIN_0142167,2021-06-15,ACC_00368,Operations,Payroll,33516.45,SEK,Young Inc,Completed
FIN_0295502,2023-01-26,ACC_00420,Engineering,Revenue,9795.56,EUR,Wright-Glenn,Completed
FIN_0050631,2024-08-24,ACC_00435,Engineering,Payroll,38310.72,EUR,Donovan-Olson,Completed
FIN_0223131,2024-02-08,ACC_00287,Engineering,Revenue,72567.11,SEK,Rodriguez LLC,Completed
FIN_0235767,2025-03-10,ACC_00338,Operations,Operating Expense,25834.09,EUR,"Porter, Smith and Sparks",Pending
FIN_0390562,2021-02-13,ACC_00193,Operations,Revenue,59194.82,EUR,"Boyle, Pratt and Parsons",Completed
FIN_0165856,2026-04-02,ACC_00197,Finance,Revenue,90118.65,USD,"Parker, Guerra and Smith",Completed
FIN_0016320,2024-02-22,ACC_00498,Engineering,Payroll,10153.69,SEK,Torres Inc,Completed
FIN_0089975,2021-02-17,ACC_00151,Marketing,Payroll,34904.77,INR,English Group,Completed
FIN_0294720,2021-04-18,ACC_00297,Human Resources,Investment,29636.68,SEK,"Anderson, Rivera and Giles",Completed
FIN_0390668,2025-06-26,ACC_00350,Information Technology,Revenue,49327.71,INR,Knight-Harvey,Completed
FIN_0442539,2026-02-20,ACC_00010,Marketing,Revenue,29851.19,EUR,"Hudson, Gonzales and Adams",Completed
FIN_0015237,2022-12-18,ACC_00210,Information Technology,Revenue,86138.58,USD,"Brooks, Byrd and Le",Completed
FIN_0145582,2025-06-06,ACC_00001,Operations,Payroll,18203.32,INR,Odonnell and Sons,Completed
FIN_0420953,2025-10-21,ACC_00271,Engineering,Purchase,44542.71,EUR,Valdez Group,Completed
FIN_0213598,2023-12-06,ACC_00188,Engineering,Revenue,25518.97,SEK,"Barrett, Hunt and Hardy",Completed
FIN_0279201,2021-01-22,ACC_00499,Human Resources,Purchase,41930.23,USD,Mckenzie-Weber,Completed
FIN_0064872,2021-12-12,ACC_00394,Operations,Payroll,21874.78,EUR,Montes Group,Completed
FIN_0427148,2022-08-22,ACC_00460,Information Technology,Purchase,10142.12,SEK,Mitchell-Atkins,Completed
FIN_0320495,2026-03-29,ACC_00152,Manufacturing,Revenue,86228.98,INR,Harrell LLC,Completed
FIN_0073165,2021-02-21,ACC_00145,Sales,Revenue,67474.6,EUR,"Hicks, Mcintosh and Jordan",Completed
FIN_0131920,2026-06-20,ACC_00453,Finance,Revenue,65427.97,USD,Cooper Inc,Completed
FIN_0144096,2023-02-04,ACC_00414,Human Resources,Revenue,89642.26,SEK,Henry and Sons,Completed
FIN_0243256,2022-08-03,ACC_00329,Information Technology,Revenue,66133.59,USD,"Mccarthy, Mosley and Smith",Completed
FIN_0304962,2022-08-20,ACC_00042,Engineering,Payroll,33916.09,USD,"Dickson, Anderson and Parker",Completed
FIN_0147861,2026-02-12,ACC_00409,Finance,Purchase,49859.21,EUR,Smith and Sons,Completed
FIN_0444185,2023-07-25,ACC_00107,Operations,Revenue,50394.26,SEK,"Bates, Williams and Atkinson",Completed
FIN_0172628,2024-08-04,ACC_00144,Operations,Purchase,45248.91,USD,"Best, Welch and Boyd",Completed
FIN_0070102,2025-03-17,ACC_00362,Finance,Operating Expense,43368.7,INR,Charles-Gutierrez,Completed
FIN_0240966,2022-11-30,ACC_00030,Information Technology,Purchase,8407.41,USD,"Smith, Mccoy and Smith",Completed
FIN_0035048,2023-11-07,ACC_00459,Supply Chain,Revenue,73292.9,INR,Haney LLC,Completed
FIN_0364309,2025-07-12,ACC_00421,Operations,Investment,421.03,INR,Sweeney PLC,Completed
FIN_0423598,2026-06-13,ACC_00328,Manufacturing,Revenue,69204.46,USD,Hernandez-Johnson,Completed
FIN_0460840,2025-01-22,ACC_00470,Supply Chain,Revenue,27948.88,SEK,"Wu, Johnston and Peters",Completed
FIN_0447648,2026-03-01,ACC_00171,Finance,Operating Expense,19430.7,INR,Mitchell-Smith,Completed
FIN_0210350,2021-11-03,ACC_00275,Human Resources,Purchase,13947.01,EUR,Becker-Martinez,Completed
FIN_0140583,2023-09-13,ACC_00407,Sales,Revenue,3923.39,INR,Stevens-Carter,Completed
FIN_0428471,2023-06-07,ACC_00365,Finance,Revenue,46237.1,USD,Romero-Robinson,Completed
FIN_0008493,2023-05-05,ACC_00081,Manufacturing,Payroll,15166.03,USD,Jimenez Group,Completed
FIN_0353161,2022-05-19,ACC_00376,Finance,Purchase,49199.61,USD,"Long, Hill and Stevens",Completed
FIN_0331874,2024-01-26,ACC_00123,Supply Chain,Payroll,32867.86,INR,King-Smith,Completed
FIN_0279947,2021-04-12,ACC_00322,Manufacturing,Revenue,6401.29,EUR,Ramos PLC,Completed
FIN_0158770,2023-07-07,ACC_00248,Operations,Operating Expense,16012.29,SEK,Blair-Woods,Pending
FIN_0030560,2023-05-09,ACC_00300,Manufacturing,Purchase,34365.6,SEK,Benton-Thomas,Completed
FIN_0023126,2021-09-07,ACC_00298,Marketing,Purchase,49605.29,USD,"Wagner, Esparza and Yang",Completed
FIN_0224068,2026-06-24,ACC_00077,Engineering,Revenue,16541.77,INR,Jordan-Price,Completed
FIN_0134064,2024-07-09,ACC_00107,Marketing,Operating Expense,13711.31,SEK,Stewart-Rios,Completed
FIN_0472584,2021-04-10,ACC_00378,Finance,Purchase,47367.47,INR,Jarvis-Molina,Completed
FIN_0355400,2022-03-28,ACC_00471,Marketing,Payroll,40950.5,EUR,"Johnson, Brown and Martin",Completed
FIN_0178936,2024-06-14,ACC_00457,Human Resources,Payroll,35229.14,INR,Miller-Davis,Completed
FIN_0330662,2022-08-13,ACC_00214,Marketing,Operating Expense,15810.91,SEK,Alexander and Sons,Completed
FIN_0013875,2024-07-14,ACC_00351,Finance,Purchase,1790.94,USD,Carter-Edwards,Completed
FIN_0263644,2021-11-15,ACC_00046,Marketing,Operating Expense,10042.17,SEK,"Payne, Weber and Bailey",Completed
FIN_0378396,2021-09-14,ACC_00417,Human Resources,Revenue,32038.67,USD,"Reynolds, Nguyen and Schaefer",Completed
FIN_0209899,2023-09-13,ACC_00301,Sales,Revenue,65608.75,INR,"Clark, Villarreal and Young",Completed
FIN_0052555,2023-11-06,ACC_00386,Engineering,Payroll,45958.44,SEK,Collins Ltd,Pending
FIN_0180067,2026-04-08,ACC_00380,Information Technology,Operating Expense,47440.35,EUR,"Lowe, Adams and Davidson",Completed
FIN_0020008,2023-07-19,ACC_00342,Supply Chain,Revenue,64797.33,EUR,"Leon, Lopez and Mcguire",Completed
FIN_0308707,2025-02-19,ACC_00060,Information Technology,Investment,49148.44,SEK,UNKNOWN,Completed
FIN_0337148,2023-07-07,ACC_00497,Operations,Operating Expense,35367.97,INR,Sims-Smith,Completed
FIN_0460265,2026-02-20,ACC_00219,Manufacturing,Operating Expense,140.73,INR,UNKNOWN,Completed
FIN_0446027,2023-02-10,ACC_00356,Human Resources,Revenue,62028.32,USD,Flynn Ltd,Completed
FIN_0306326,2025-03-26,ACC_00499,Human Resources,Revenue,67648.73,EUR,"Carpenter, Harrington and Hatfield",Completed
FIN_0497737,2022-03-14,ACC_00393,Engineering,Purchase,4023.78,USD,Ochoa-Patterson,Pending
FIN_0155677,2025-06-24,ACC_00025,Operations,Revenue,8080.17,USD,Chase-Meyers,Completed
FIN_0310499,2026-06-18,ACC_00461,Engineering,Revenue,83420.1,EUR,"Miller, Parker and Gibbs",Completed
FIN_0075090,2024-11-15,ACC_00188,Sales,Revenue,11735.17,EUR,Lloyd-Henderson,Completed
FIN_0046503,2022-12-20,ACC_00210,Finance,Purchase,11830.94,SEK,Lawson Ltd,Completed
FIN_0022489,2022-09-19,ACC_00252,Operations,Revenue,83880.57,USD,Lane PLC,Completed
FIN_0253115,2022-02-28,ACC_00395,Information Technology,Purchase,32563.44,SEK,Garcia and Sons,Completed
FIN_0461084,2025-01-11,ACC_00250,Information Technology,Operating Expense,32456.24,INR,Lopez-Welch,Completed
FIN_0380350,2024-08-10,ACC_00040,Engineering,Purchase,12396.68,SEK,"Hughes, Ramirez and Bennett",Completed
FIN_0390380,2025-11-11,ACC_00074,Sales,Revenue,13355.57,INR,"Warner, Rivera and Carr",Completed
FIN_0161105,2026-06-26,ACC_00354,Manufacturing,Revenue,6239.19,INR,"Carrillo, Patton and Short",Completed
FIN_0342869,2023-01-10,ACC_00139,Finance,Investment,9467.07,USD,"Franco, Franco and Campbell",Completed
FIN_0396625,2024-01-22,ACC_00386,Manufacturing,Payroll,4686.37,USD,"Smith, Johnson and Ross",Completed
FIN_0206604,2022-04-28,ACC_00407,Marketing,Revenue,99972.67,EUR,Gray Inc,Completed
FIN_0340254,2021-06-24,ACC_00057,Sales,Operating Expense,48297.9,INR,Kidd Group,Completed
FIN_0054344,2024-09-28,ACC_00453,Manufacturing,Purchase,9921.86,SEK,Butler Group,Completed
FIN_0254708,2022-05-14,ACC_00213,Marketing,Payroll,29483.85,SEK,Brown and Sons,Completed
FIN_0324129,2023-06-21,ACC_00145,Operations,Revenue,50301.96,SEK,Foster Ltd,Completed
FIN_0422804,2021-10-02,ACC_00445,Finance,Payroll,6695.13,INR,Adams-Hill,Completed
FIN_0249494,2024-04-08,ACC_00087,Information Technology,Payroll,42585.16,USD,Morrison PLC,Completed
FIN_0390667,2025-12-17,ACC_00060,Sales,Operating Expense,33199.8,USD,Moyer Ltd,Completed
FIN_0415882,2022-09-05,ACC_00345,Sales,Payroll,1239.47,SEK,Wright PLC,Completed
FIN_0061884,2025-10-02,ACC_00292,Marketing,Revenue,61078.24,SEK,Johnson-Pittman,Completed
FIN_0117891,2021-12-12,ACC_00013,Information Technology,Revenue,68206.46,USD,Roth-Dean,Completed
FIN_0081614,2024-08-29,ACC_00213,Manufacturing,Payroll,11242.97,INR,Fernandez-Rosales,Completed
FIN_0022634,2025-01-24,ACC_00213,Finance,Operating Expense,32297.51,EUR,Gray-Ball,Completed
FIN_0396580,2021-06-20,ACC_00026,Supply Chain,Operating Expense,21785.4,USD,Grant-Taylor,Pending
FIN_0273624,2021-07-26,ACC_00280,Supply Chain,Investment,44863.0,EUR,"Miller, Hull and Walker",Completed
FIN_0472740,2023-07-01,ACC_00048,Engineering,Payroll,26419.18,EUR,"Wells, Dixon and Green",Completed
FIN_0196593,2026-04-18,ACC_00102,Manufacturing,Investment,37944.69,INR,Sellers-Rodriguez,Completed
FIN_0125464,2023-05-10,ACC_00341,Human Resources,Purchase,24862.43,EUR,"Moran, Robbins and Cobb",Completed
FIN_0133484,2025-08-08,ACC_00409,Operations,Revenue,78802.13,USD,Lee-Porter,Completed
FIN_0283934,2021-03-20,ACC_00102,Marketing,Revenue,33675.47,INR,"Carson, Chavez and Leon",Completed
FIN_0008504,2023-10-12,ACC_00017,Sales,Purchase,33146.12,INR,Burton LLC,Completed
FIN_0095195,2021-07-23,ACC_00462,Marketing,Revenue,83839.59,USD,Fowler Ltd,Pending
FIN_0193935,2021-09-08,ACC_00321,Marketing,Operating Expense,17312.16,INR,Kerr and Sons,Completed
FIN_0106833,2022-01-11,ACC_00406,Operations,Purchase,37808.82,SEK,Rodriguez-Davis,Completed
FIN_0481419,2021-07-28,ACC_00145,Manufacturing,Revenue,52976.06,SEK,"Koch, Green and Rhodes",Completed
FIN_0123705,2026-06-11,ACC_00401,Human Resources,Revenue,14535.72,USD,Espinoza-Combs,Completed
FIN_0216543,2021-02-04,ACC_00224,Supply Chain,Payroll,13425.55,EUR,Zavala LLC,Completed
FIN_0462208,2022-11-04,ACC_00322,Supply Chain,Operating Expense,17994.9,USD,Bond-Morse,Completed
FIN_0051672,2024-12-07,ACC_00051,Sales,Revenue,87785.15,INR,"Schroeder, Anthony and Parsons",Completed
FIN_0162531,2024-06-08,ACC_00491,Supply Chain,Revenue,74044.36,SEK,Wright-Hess,Completed
FIN_0284633,2023-03-16,ACC_00264,Sales,Operating Expense,1569.52,SEK,"Holmes, Brown and Johnson",Completed
FIN_0464952,2025-07-14,ACC_00142,Sales,Operating Expense,24609.43,INR,"Lester, Smith and Hale",Completed
FIN_0058948,2022-04-28,ACC_00255,Sales,Revenue,57773.2,SEK,Payne-Williams,Completed
FIN_0363647,2026-04-29,ACC_00372,Operations,Investment,37661.58,INR,Beck-Taylor,Completed
FIN_0270476,2024-04-19,ACC_00194,Supply Chain,Revenue,40842.77,INR,"Dennis, Brooks and Hull",Completed
FIN_0242121,2021-01-07,ACC_00108,Engineering,Payroll,7229.49,EUR,Marshall-Mendez,Completed
FIN_0076222,2023-11-01,ACC_00368,Operations,Operating Expense,46838.64,USD,Patel LLC,Completed
FIN_0053723,2021-10-10,ACC_00477,Sales,Purchase,9893.78,SEK,Gutierrez-Wright,Completed
FIN_0177107,2021-05-30,ACC_00349,Manufacturing,Purchase,27437.81,INR,"Hill, Campos and Bishop",Completed
FIN_0239210,2024-01-11,ACC_00186,Operations,Operating Expense,1359.8,INR,"Walters, Cannon and Thomas",Completed
FIN_0339932,2025-08-22,ACC_00005,Engineering,Payroll,26801.15,INR,Kramer-Moses,Completed
FIN_0405352,2024-02-04,ACC_00039,Information Technology,Purchase,11275.81,USD,Perry Inc,Completed
FIN_0351424,2022-07-19,ACC_00230,Marketing,Revenue,58960.76,USD,"Hunt, Smith and Patterson",Completed
FIN_0364346,2022-01-13,ACC_00416,Operations,Revenue,69847.47,INR,Underwood and Sons,Completed
FIN_0095497,2026-02-19,ACC_00063,Information Technology,Operating Expense,32169.91,USD,"Andrade, Parker and Reed",Failed
FIN_0316919,2025-06-25,ACC_00262,Operations,Purchase,48639.23,SEK,Owens-Weiss,Completed
FIN_0489814,2021-04-08,ACC_00186,Manufacturing,Operating Expense,42825.68,SEK,Kline-Hale,Pending
FIN_0366703,2023-11-08,ACC_00321,Sales,Payroll,45994.88,INR,Hill-Jones,Completed
FIN_0064750,2021-04-07,ACC_00283,Finance,Operating Expense,10535.4,EUR,"Anderson, King and Johns",Completed
FIN_0203767,2023-01-19,ACC_00265,Supply Chain,Payroll,28050.8,INR,"Allen, Mueller and Charles",Completed
FIN_0137033,2023-10-21,ACC_00410,Engineering,Purchase,7162.86,INR,Williams and Sons,Completed
FIN_0380258,2025-09-05,ACC_00345,Supply Chain,Operating Expense,3565.25,INR,Johnson-Banks,Completed
FIN_0422540,2026-02-08,ACC_00363,Engineering,Revenue,21553.42,SEK,Cordova-Wiggins,Completed
FIN_0226816,2021-10-08,ACC_00475,Sales,Operating Expense,1489.9,INR,"Caldwell, Hayes and Kim",Pending
FIN_0166771,2025-10-10,ACC_00259,Engineering,Purchase,46581.59,INR,Olson Ltd,Completed
FIN_0429134,2023-03-06,ACC_00308,Engineering,Revenue,42216.35,INR,UNKNOWN,Completed
FIN_0353922,2024-04-18,ACC_00310,Finance,Revenue,81176.59,INR,"Brown, Brown and Garcia",Completed
FIN_0357582,2022-07-24,ACC_00082,Engineering,Purchase,9397.84,EUR,Shepherd-Martinez,Completed
FIN_0271295,2021-04-14,ACC_00037,Operations,Purchase,18164.05,SEK,UNKNOWN,Completed
FIN_0444773,2021-10-09,ACC_00165,Information Technology,Revenue,69648.11,INR,Smith-Williams,Completed
FIN_0002012,2022-03-23,ACC_00072,Operations,Revenue,82913.22,SEK,Boyd-White,Completed
FIN_0008835,2025-03-31,ACC_00377,Engineering,Payroll,10126.84,INR,Christian PLC,Completed
FIN_0490869,2024-01-21,ACC_00211,Operations,Revenue,77441.29,EUR,Aguirre-Weaver,Completed
FIN_0481356,2023-01-30,ACC_00241,Information Technology,Revenue,33505.01,INR,"Fuentes, Romero and Miller",Completed
FIN_0491904,2025-03-25,ACC_00146,Engineering,Revenue,80003.68,SEK,Reynolds-Vaughn,Failed
FIN_0461832,2023-08-05,ACC_00483,Engineering,Purchase,5352.5,SEK,"Alexander, Evans and Herrera",Completed
FIN_0067169,2023-11-29,ACC_00160,Supply Chain,Operating Expense,49790.83,EUR,Farmer-Smith,Completed
FIN_0172694,2025-03-29,ACC_00236,Marketing,Revenue,70606.07,INR,Bradley LLC,Completed
FIN_0479976,2024-03-11,ACC_00258,Supply Chain,Operating Expense,3329.77,SEK,Sawyer LLC,Completed
FIN_0456992,2024-04-23,ACC_00396,Engineering,Revenue,48938.3,INR,"Warren, Sullivan and Romero",Completed
FIN_0364030,2023-03-20,ACC_00167,Sales,Revenue,81640.86,SEK,Montgomery-Gibson,Completed
FIN_0222915,2025-09-14,ACC_00312,Manufacturing,Operating Expense,19850.3,USD,Vasquez and Sons,Completed
FIN_0098808,2024-11-23,ACC_00090,Operations,Purchase,46843.7,USD,"Doyle, Smith and Figueroa",Completed
FIN_0444999,2022-08-25,ACC_00295,Sales,Operating Expense,25591.22,USD,"Harrison, Smith and Tucker",Completed
FIN_0132377,2025-01-04,ACC_00408,Marketing,Revenue,39823.65,INR,"Ferguson, Hudson and Briggs",Completed
FIN_0300154,2022-11-07,ACC_00248,Finance,Operating Expense,13829.26,USD,"Mathews, Jones and Herrera",Completed
FIN_0341441,2022-01-26,ACC_00381,Operations,Revenue,3477.76,SEK,Moore-Andrews,Pending
FIN_0223741,2022-05-04,ACC_00337,Supply Chain,Investment,17560.05,EUR,"Wolf, Wilson and Butler",Pending
FIN_0272728,2021-02-15,ACC_00352,Engineering,Revenue,63783.14,INR,Franklin Group,Completed
FIN_0091176,2025-03-15,ACC_00181,Operations,Revenue,14583.53,INR,Hernandez Inc,Completed
FIN_0457027,2024-11-08,ACC_00213,Marketing,Operating Expense,27038.61,USD,Burton and Sons,Completed
FIN_0069510,2023-02-01,ACC_00145,Sales,Payroll,18215.24,EUR,"Graham, Hartman and Sanchez",Completed
FIN_0021040,2022-08-23,ACC_00415,Human Resources,Purchase,10412.34,USD,Lane Inc,Completed
FIN_0194542,2025-07-18,ACC_00463,Manufacturing,Revenue,6208.01,SEK,Williams LLC,Completed
FIN_0155778,2022-07-27,ACC_00077,Sales,Purchase,19598.31,INR,"Blake, Gonzalez and Grimes",Completed
FIN_0495015,2025-02-09,ACC_00210,Information Technology,Revenue,53912.35,USD,Martinez Inc,Completed
FIN_0321940,2026-06-23,ACC_00374,Human Resources,Revenue,78261.09,USD,Wright Inc,Completed
FIN_0157516,2021-07-23,ACC_00226,Information Technology,Payroll,10636.54,USD,Jackson-Garcia,Pending
FIN_0138774,2022-05-28,ACC_00484,Human Resources,Revenue,61674.7,EUR,Williams-Morris,Completed
FIN_0000089,2025-10-14,ACC_00029,Operations,Operating Expense,7415.58,EUR,Johnson and Sons,Failed
FIN_0099302,2023-11-19,ACC_00397,Operations,Operating Expense,44829.43,SEK,Johnson-Davis,Completed
FIN_0369054,2023-07-20,ACC_00221,Engineering,Investment,37705.09,SEK,Miller LLC,Completed
FIN_0334832,2022-05-25,ACC_00172,Human Resources,Payroll,9346.95,SEK,"Blevins, Hall and Haley",Completed
FIN_0402641,2023-12-23,ACC_00281,Manufacturing,Revenue,52256.68,EUR,Baldwin-Kramer,Completed
FIN_0412320,2024-10-27,ACC_00243,Information Technology,Revenue,13664.57,USD,"Keith, Grant and Lyons",Completed
FIN_0124685,2023-09-04,ACC_00445,Sales,Purchase,48953.89,INR,Cook-Mayo,Completed
FIN_0292502,2025-01-12,ACC_00470,Engineering,Purchase,47282.16,SEK,Miller Ltd,Completed
FIN_0341762,2021-01-16,ACC_00308,Finance,Payroll,45148.23,INR,Alvarado Ltd,Completed
FIN_0166310,2025-07-30,ACC_00397,Engineering,Revenue,15761.0,USD,"Bruce, Howard and Petty",Completed
FIN_0066982,2024-08-12,ACC_00070,Information Technology,Operating Expense,22498.77,USD,Humphrey-Montoya,Completed
FIN_0185967,2023-11-21,ACC_00277,Marketing,Revenue,61097.6,SEK,Roberts LLC,Completed
FIN_0258598,2022-12-16,ACC_00005,Manufacturing,Revenue,5580.97,EUR,"Gomez, Burton and Marshall",Completed
FIN_0360765,2024-09-27,ACC_00435,Manufacturing,Purchase,46105.79,INR,"Cox, Hammond and Ingram",Completed
FIN_0215643,2025-08-21,ACC_00327,Operations,Purchase,3283.97,INR,Mills and Sons,Completed
FIN_0395720,2026-04-30,ACC_00296,Human Resources,Purchase,25150.21,USD,Rivas-Brown,Completed
FIN_0214382,2023-12-03,ACC_00166,Human Resources,Operating Expense,31736.19,INR,"Perez, Wright and Rush",Completed
FIN_0118897,2024-08-02,ACC_00495,Operations,Operating Expense,20992.91,SEK,"Pope, Anderson and Fowler",Completed
FIN_0162648,2022-11-09,ACC_00231,Marketing,Revenue,89169.79,SEK,Mullins Group,Completed
FIN_0041124,2023-05-21,ACC_00321,Marketing,Purchase,15766.34,EUR,"Yang, Esparza and Hamilton",Completed
FIN_0305254,2026-01-18,ACC_00284,Manufacturing,Purchase,36781.96,EUR,Jackson Group,Completed
FIN_0022716,2021-06-18,ACC_00400,Manufacturing,Revenue,51922.69,INR,Clark-Hill,Completed
FIN_0007715,2025-04-03,ACC_00300,Sales,Operating Expense,39884.2,EUR,Nelson PLC,Completed
FIN_0054517,2025-04-12,ACC_00418,Finance,Payroll,33497.7,SEK,Simmons-Patterson,Completed
FIN_0000892,2023-11-19,ACC_00295,Information Technology,Purchase,11415.95,USD,"Ray, Cunningham and Levine",Completed
FIN_0286710,2022-02-06,ACC_00245,Manufacturing,Revenue,55205.94,SEK,Edwards PLC,Completed
FIN_0244481,2022-04-30,ACC_00446,Human Resources,Revenue,72875.03,SEK,Wang-Sutton,Completed
FIN_0063159,2021-09-12,ACC_00074,Manufacturing,Operating Expense,34670.36,USD,Reyes-Jacobs,Completed
FIN_0356678,2021-02-20,ACC_00383,Operations,Operating Expense,1389.83,EUR,Reyes Group,Completed
FIN_0221754,2023-11-07,ACC_00122,Operations,Revenue,16211.78,EUR,"Morgan, Case and Cruz",Completed
FIN_0148362,2021-10-26,ACC_00245,Sales,Purchase,15641.35,INR,"Jordan, James and Santana",Failed
FIN_0412216,2022-02-23,ACC_00045,Operations,Operating Expense,21337.51,INR,Clay-Allen,Completed
FIN_0404723,2025-10-27,ACC_00446,Information Technology,Purchase,38909.93,INR,Bailey Inc,Completed
FIN_0084561,2022-11-09,ACC_00473,Marketing,Purchase,11223.28,USD,Harris LLC,Completed
FIN_0173118,2021-03-03,ACC_00211,Marketing,Payroll,43863.57,SEK,UNKNOWN,Completed
FIN_0191837,2022-03-06,ACC_00493,Manufacturing,Investment,23275.45,EUR,Martinez-Jackson,Completed
FIN_0414102,2024-08-05,ACC_00309,Manufacturing,Purchase,8686.42,INR,"Vargas, Reyes and Stone",Completed
FIN_0397624,2025-10-01,ACC_00066,Finance,Investment,42568.08,USD,Moreno-Manning,Completed
FIN_0214517,2025-03-27,ACC_00436,Engineering,Revenue,82573.07,INR,"Williams, Gordon and Bradford",Completed
FIN_0353420,2023-04-30,ACC_00400,Information Technology,Payroll,14595.57,USD,"Richard, Yang and Wells",Completed
FIN_0346806,2022-04-10,ACC_00256,Operations,Operating Expense,40277.44,EUR,Martin PLC,Pending
FIN_0136539,2021-11-26,ACC_00107,Information Technology,Revenue,66899.55,EUR,"Andrews, Rodriguez and Allen",Pending
FIN_0097060,2021-07-02,ACC_00341,Manufacturing,Revenue,44215.47,USD,Rogers-Clark,Completed
FIN_0496520,2021-04-04,ACC_00059,Sales,Operating Expense,19305.86,INR,Lara-Meyer,Completed
FIN_0124106,2021-09-01,ACC_00126,Engineering,Revenue,27440.65,INR,Welch Group,Completed
FIN_0426394,2023-07-23,ACC_00237,Operations,Investment,49007.17,INR,Rice-Johnson,Completed
FIN_0489669,2025-05-02,ACC_00369,Engineering,Revenue,44145.21,SEK,Livingston-Lopez,Completed
FIN_0375312,2023-06-24,ACC_00371,Supply Chain,Operating Expense,4574.34,USD,Martin PLC,Completed
FIN_0297608,2022-04-05,ACC_00342,Supply Chain,Purchase,11340.82,INR,Hughes and Sons,Completed
FIN_0051600,2022-08-10,ACC_00242,Marketing,Payroll,7291.74,SEK,Coffey LLC,Pending
FIN_0427301,2025-06-07,ACC_00348,Information Technology,Payroll,14736.13,EUR,Thomas-Wade,Completed
FIN_0125884,2021-11-13,ACC_00415,Information Technology,Revenue,1094.07,INR,Medina LLC,Completed
FIN_0268428,2024-04-15,ACC_00021,Marketing,Operating Expense,32597.45,INR,Serrano PLC,Completed
FIN_0432585,2021-04-09,ACC_00039,Sales,Revenue,71828.34,INR,Scott-Strong,Completed
FIN_0345808,2025-10-27,ACC_00035,Sales,Purchase,23512.19,SEK,UNKNOWN,Completed
FIN_0285354,2023-01-26,ACC_00341,Finance,Revenue,23156.08,EUR,Stephens-Spence,Completed
FIN_0301520,2026-01-30,ACC_00036,Engineering,Revenue,43428.85,USD,Valdez PLC,Completed
FIN_0307680,2023-08-05,ACC_00429,Marketing,Revenue,41426.99,SEK,Underwood-Long,Completed
FIN_0419626,2025-10-23,ACC_00207,Marketing,Operating Expense,20709.42,USD,Smith Ltd,Completed
FIN_0350875,2024-02-13,ACC_00123,Marketing,Revenue,91757.38,INR,Rich Inc,Completed
FIN_0374920,2021-04-19,ACC_00448,Marketing,Operating Expense,48165.31,USD,"Tucker, Mahoney and Holt",Completed
FIN_0428819,2021-09-22,ACC_00443,Manufacturing,Revenue,39432.07,SEK,Crawford PLC,Completed
FIN_0118934,2024-04-28,ACC_00405,Sales,Revenue,50610.45,SEK,"Morrison, Smith and Curtis",Completed
FIN_0134362,2023-11-28,ACC_00372,Operations,Operating Expense,21095.29,INR,"Brown, Shaffer and Hill",Completed
FIN_0332419,2025-12-23,ACC_00490,Manufacturing,Investment,11283.36,SEK,Johns Ltd,Completed
FIN_0211445,2023-10-02,ACC_00060,Human Resources,Operating Expense,49711.09,EUR,Jones-Brown,Completed
FIN_0057982,2023-01-15,ACC_00155,Manufacturing,Revenue,96722.96,INR,Harris PLC,Completed
FIN_0421885,2024-08-20,ACC_00356,Engineering,Purchase,38325.24,EUR,"Ferguson, Atkins and Davis",Pending
FIN_0356136,2023-06-19,ACC_00105,Finance,Purchase,40814.64,INR,Reed Ltd,Completed
FIN_0166969,2022-04-16,ACC_00452,Manufacturing,Payroll,13728.9,USD,King-Williamson,Completed
FIN_0146502,2021-10-31,ACC_00009,Finance,Revenue,14162.47,USD,Frost-Blackburn,Completed
FIN_0317265,2022-07-11,ACC_00006,Human Resources,Purchase,43435.75,SEK,Robertson-Rich,Completed
FIN_0174971,2025-05-05,ACC_00338,Marketing,Purchase,5056.94,SEK,Gates-Sexton,Completed
FIN_0139304,2025-12-10,ACC_00375,Human Resources,Operating Expense,38013.14,USD,"Johnson, Franklin and Webb",Pending
FIN_0115584,2023-11-04,ACC_00382,Marketing,Revenue,89196.78,SEK,Martinez and Sons,Completed
FIN_0196425,2025-12-22,ACC_00481,Marketing,Operating Expense,614.56,EUR,"Armstrong, Floyd and Leon",Completed
FIN_0041674,2023-07-18,ACC_00150,Operations,Revenue,53155.9,SEK,Hale Ltd,Completed
FIN_0389283,2022-12-23,ACC_00161,Engineering,Revenue,91466.56,INR,Holland-Bartlett,Completed
FIN_0265095,2024-10-11,ACC_00224,Information Technology,Payroll,20347.31,INR,"Gardner, Gibson and Carlson",Completed
FIN_0272303,2023-06-05,ACC_00451,Operations,Revenue,18712.44,USD,Ward-Walters,Completed
FIN_0244830,2022-12-11,ACC_00102,Marketing,Operating Expense,1550.63,USD,Nelson-Cobb,Completed
FIN_0384545,2022-08-12,ACC_00107,Sales,Operating Expense,676.26,USD,Stephens LLC,Completed
FIN_0474364,2023-09-24,ACC_00463,Supply Chain,Purchase,16117.62,USD,"Smith, Rhodes and Anderson",Completed
FIN_0226982,2023-08-27,ACC_00072,Marketing,Revenue,39868.4,EUR,Shaw-Weber,Completed
FIN_0472309,2026-04-25,ACC_00267,Information Technology,Purchase,14653.31,SEK,Butler-Camacho,Completed
FIN_0296436,2022-12-16,ACC_00145,Manufacturing,Purchase,45519.15,INR,Garcia and Sons,Completed
FIN_0183349,2025-07-20,ACC_00371,Human Resources,Revenue,53293.43,SEK,Dunn-Valdez,Failed
FIN_0271405,2026-04-27,ACC_00447,Manufacturing,Payroll,4243.01,INR,Fitzgerald Group,Completed
FIN_0069559,2022-11-06,ACC_00149,Sales,Operating Expense,30112.85,EUR,Leon LLC,Completed
FIN_0186607,2022-04-18,ACC_00418,Marketing,Revenue,3054.3,USD,Anderson Inc,Completed
FIN_0377273,2023-05-14,ACC_00311,Supply Chain,Purchase,29476.03,USD,White-Carney,Completed
FIN_0111950,2023-01-08,ACC_00293,Manufacturing,Investment,14966.0,USD,Patel and Sons,Completed
FIN_0427184,2025-01-29,ACC_00443,Engineering,Revenue,22490.95,INR,"Fuller, Nunez and Hicks",Completed
FIN_0367784,2025-09-25,ACC_00106,Manufacturing,Operating Expense,9871.78,EUR,Price Group,Completed
FIN_0177680,2021-05-02,ACC_00011,Manufacturing,Revenue,63267.69,SEK,Krueger-Ward,Completed
FIN_0171649,2023-12-07,ACC_00020,Manufacturing,Revenue,21581.63,USD,Horne and Sons,Completed
FIN_0188195,2025-01-30,ACC_00395,Supply Chain,Revenue,26957.97,USD,"Glenn, Lowe and Cline",Completed
FIN_0292620,2024-12-05,ACC_00134,Human Resources,Operating Expense,34879.76,SEK,"Brooks, Werner and Aguilar",Completed
FIN_0488817,2024-05-27,ACC_00005,Human Resources,Revenue,29872.87,USD,"Smith, Mcguire and Boyd",Completed
FIN_0248890,2025-08-07,ACC_00231,Manufacturing,Purchase,27832.01,INR,Knapp Group,Pending
FIN_0315002,2021-10-28,ACC_00288,Engineering,Purchase,8287.03,USD,Herrera and Sons,Pending
FIN_0479507,2026-06-10,ACC_00024,Information Technology,Purchase,31502.89,EUR,"Hunter, Hood and Walker",Completed
FIN_0378060,2026-03-17,ACC_00431,Information Technology,Purchase,35985.87,SEK,Wells Inc,Completed
FIN_0403733,2024-05-15,ACC_00400,Sales,Payroll,26177.96,SEK,Wilson LLC,Pending
FIN_0012064,2021-09-23,ACC_00264,Engineering,Purchase,15879.53,INR,"Lowe, Patton and James",Completed
FIN_0085668,2025-11-20,ACC_00437,Information Technology,Payroll,26202.87,USD,Ward-Contreras,Completed
FIN_0219811,2024-01-21,ACC_00330,Supply Chain,Purchase,16898.98,INR,Harrison LLC,Pending
FIN_0176504,2023-09-17,ACC_00044,Manufacturing,Revenue,71533.31,EUR,Eaton-Austin,Completed
FIN_0104499,2024-12-15,ACC_00121,Sales,Operating Expense,30049.83,EUR,"Edwards, Farmer and Figueroa",Completed
FIN_0313416,2026-03-30,ACC_00391,Marketing,Operating Expense,11684.19,EUR,Potter-Thompson,Completed
FIN_0444336,2026-01-23,ACC_00452,Sales,Revenue,56692.58,USD,"Ellis, Arnold and Lee",Completed
FIN_0439631,2025-05-21,ACC_00401,Finance,Revenue,59682.05,SEK,Carter Inc,Completed
FIN_0150375,2022-07-31,ACC_00053,Operations,Revenue,18276.21,USD,Williams-Welch,Completed
FIN_0100778,2025-07-03,ACC_00338,Finance,Revenue,51811.72,SEK,Cooper and Sons,Pending
FIN_0316613,2023-04-24,ACC_00342,Engineering,Payroll,13937.21,SEK,Sullivan-Cross,Failed
FIN_0145196,2025-04-19,ACC_00253,Operations,Purchase,3559.49,USD,Bryant-Larson,Completed
FIN_0429409,2024-02-15,ACC_00141,Marketing,Purchase,19623.74,INR,Schmitt-Wang,Pending
FIN_0030918,2022-04-09,ACC_00150,Engineering,Payroll,3465.8,SEK,"Davis, Baxter and Lewis",Completed
FIN_0114017,2023-04-24,ACC_00198,Marketing,Revenue,65706.55,SEK,Simpson PLC,Completed
FIN_0372817,2023-11-27,ACC_00238,Information Technology,Revenue,26098.36,USD,Cantrell-Phillips,Pending
FIN_0456088,2024-01-13,ACC_00338,Sales,Operating Expense,44283.26,SEK,"Campos, Valdez and Anderson",Completed
FIN_0329312,2022-05-24,ACC_00087,Human Resources,Operating Expense,24805.98,USD,Johnson-Brown,Completed
FIN_0053071,2026-01-02,ACC_00061,Supply Chain,Payroll,30213.27,EUR,Hernandez-Mccoy,Completed
FIN_0178443,2022-04-15,ACC_00299,Information Technology,Operating Expense,39056.08,EUR,Alvarez-Stewart,Completed
FIN_0151374,2023-04-07,ACC_00130,Sales,Investment,35326.9,EUR,"Powell, Hernandez and Webb",Completed
FIN_0190566,2024-10-30,ACC_00312,Marketing,Revenue,30287.25,EUR,Mason-Ruiz,Completed
FIN_0223812,2023-04-30,ACC_00216,Finance,Operating Expense,25366.83,INR,Garcia Group,Completed
FIN_0491500,2021-11-25,ACC_00226,Manufacturing,Purchase,38621.67,EUR,"Smith, Mcintyre and Johnson",Completed
FIN_0021215,2022-07-16,ACC_00363,Engineering,Revenue,84955.02,INR,Brennan-Dixon,Completed
FIN_0382910,2025-07-05,ACC_00073,Finance,Payroll,18252.34,EUR,"Elliott, Lopez and Clarke",Pending
FIN_0252809,2025-08-07,ACC_00243,Sales,Purchase,41315.77,INR,"Harris, Cabrera and Williams",Completed
FIN_0143823,2023-03-28,ACC_00168,Supply Chain,Purchase,31059.69,EUR,"Schneider, Daniels and Riggs",Completed
FIN_0391853,2025-04-03,ACC_00166,Manufacturing,Revenue,34846.82,SEK,Adkins Inc,Completed
FIN_0152031,2021-11-20,ACC_00144,Sales,Purchase,26017.91,SEK,"Hubbard, Golden and Stone",Completed
FIN_0050611,2022-02-18,ACC_00203,Human Resources,Revenue,20046.71,EUR,Reyes Inc,Completed
FIN_0131477,2023-08-16,ACC_00048,Human Resources,Operating Expense,44088.61,INR,Elliott Inc,Completed
FIN_0373663,2023-01-17,ACC_00061,Information Technology,Purchase,38897.4,SEK,Thomas PLC,Completed
FIN_0466334,2025-01-22,ACC_00234,Sales,Revenue,77294.19,EUR,Foster Group,Completed
FIN_0469284,2021-09-10,ACC_00360,Engineering,Purchase,34935.62,INR,"Reed, Stewart and Mcintyre",Completed
FIN_0442041,2022-07-23,ACC_00077,Information Technology,Operating Expense,32502.57,SEK,"Goodman, Kelley and Raymond",Completed
FIN_0321441,2025-07-12,ACC_00473,Manufacturing,Payroll,13734.61,SEK,"Frazier, Mccoy and Collins",Completed
FIN_0035664,2022-10-25,ACC_00490,Engineering,Payroll,28554.33,INR,"Moore, Williams and Wong",Completed
FIN_0153120,2021-02-21,ACC_00355,Marketing,Revenue,97553.91,SEK,Williams LLC,Completed
FIN_0159054,2022-02-22,ACC_00404,Information Technology,Purchase,42805.16,EUR,Turner Group,Pending
FIN_0314987,2022-09-16,ACC_00119,Engineering,Operating Expense,33301.98,INR,"Kennedy, Patrick and Calderon",Completed
FIN_0185459,2024-10-06,ACC_00459,Marketing,Operating Expense,16425.53,SEK,"Rodriguez, Gonzales and West",Completed
FIN_0090580,2022-01-10,ACC_00152,Sales,Operating Expense,5684.01,SEK,Mcknight-Kennedy,Completed
FIN_0425615,2024-09-26,ACC_00357,Finance,Revenue,20283.2,SEK,Briggs and Sons,Completed
FIN_0181408,2022-08-22,ACC_00287,Finance,Revenue,17151.64,USD,Martinez Inc,Completed
FIN_0482868,2025-10-08,ACC_00357,Marketing,Revenue,92111.39,SEK,Lee-Gray,Completed
FIN_0313432,2024-10-07,ACC_00002,Marketing,Operating Expense,15887.87,EUR,"Smith, Fuller and Hebert",Completed
FIN_0203940,2022-10-15,ACC_00152,Finance,Revenue,58653.6,INR,UNKNOWN,Completed
FIN_0283727,2022-04-10,ACC_00100,Finance,Purchase,3310.72,USD,"Matthews, Coffey and Williams",Completed
FIN_0498033,2025-01-05,ACC_00484,Engineering,Revenue,71049.07,INR,Wilson Group,Completed
FIN_0151992,2025-02-13,ACC_00183,Engineering,Revenue,23182.84,EUR,"Martin, Harris and Rivera",Completed
FIN_0393957,2024-08-01,ACC_00056,Human Resources,Revenue,7683.5,SEK,Herring-Stevenson,Completed
FIN_0493011,2022-08-21,ACC_00169,Supply Chain,Purchase,746.37,INR,Jackson-Reyes,Completed
FIN_0124174,2025-06-19,ACC_00365,Manufacturing,Purchase,2355.19,EUR,"Duffy, Drake and Hancock",Completed
FIN_0015160,2023-11-14,ACC_00278,Supply Chain,Operating Expense,44485.77,USD,Beltran-Davis,Completed
FIN_0389823,2024-09-19,ACC_00069,Marketing,Purchase,38260.22,SEK,Williams-Bennett,Completed
FIN_0227763,2022-01-27,ACC_00195,Engineering,Investment,43947.73,INR,"Powers, Morris and Patterson",Pending
FIN_0408169,2022-04-06,ACC_00025,Human Resources,Revenue,32255.01,INR,"Patterson, Smith and Hill",Completed
FIN_0156026,2022-11-15,ACC_00016,Supply Chain,Revenue,74344.86,USD,Diaz and Sons,Completed
FIN_0377467,2022-04-25,ACC_00380,Operations,Purchase,2670.64,USD,Zamora Ltd,Pending
FIN_0343590,2025-10-18,ACC_00455,Finance,Revenue,33814.32,USD,Robinson-Wong,Completed
FIN_0197795,2025-10-20,ACC_00055,Sales,Purchase,36413.31,SEK,Kline-Stafford,Completed
FIN_0456722,2025-06-28,ACC_00232,Sales,Investment,15888.35,USD,Conrad-Willis,Completed
FIN_0164699,2021-06-18,ACC_00075,Information Technology,Investment,5950.53,USD,Molina-Franco,Completed
FIN_0441546,2023-04-22,ACC_00402,Finance,Operating Expense,26926.49,USD,"Clark, Johnson and Montgomery",Completed
FIN_0450430,2025-03-12,ACC_00238,Information Technology,Purchase,7860.0,EUR,UNKNOWN,Completed
FIN_0480396,2025-09-26,ACC_00285,Human Resources,Revenue,53551.81,USD,"Higgins, Thompson and Zamora",Completed
FIN_0399528,2026-05-07,ACC_00442,Engineering,Purchase,26469.66,USD,Kline Group,Completed
FIN_0027572,2021-03-02,ACC_00440,Marketing,Operating Expense,16293.66,EUR,"Bowman, Potts and Frederick",Completed
FIN_0100637,2023-01-12,ACC_00249,Engineering,Operating Expense,33658.93,INR,Martin-Bowman,Completed
FIN_0251365,2022-01-11,ACC_00025,Information Technology,Revenue,20218.65,USD,King-Nelson,Completed
FIN_0440366,2023-05-24,ACC_00229,Finance,Purchase,21576.38,EUR,"Wolf, Anderson and Norman",Completed
FIN_0460664,2024-01-11,ACC_00218,Manufacturing,Purchase,41808.79,INR,Gibson-Aguirre,Completed
FIN_0349755,2025-02-03,ACC_00179,Sales,Revenue,39554.77,INR,Freeman and Sons,Completed
FIN_0372270,2025-07-15,ACC_00030,Sales,Operating Expense,38133.22,INR,"Patel, Roberts and Hartman",Pending
FIN_0287480,2022-07-24,ACC_00477,Operations,Purchase,25274.15,SEK,Hughes-Phillips,Completed
FIN_0025714,2024-04-09,ACC_00357,Supply Chain,Investment,8077.89,SEK,Davis Group,Completed
FIN_0459028,2021-12-12,ACC_00361,Engineering,Payroll,19930.49,USD,"Thomas, Peterson and Lynch",Completed
FIN_0264433,2023-04-16,ACC_00465,Operations,Purchase,48613.76,EUR,Chen-Mora,Completed
FIN_0193476,2024-08-15,ACC_00234,Marketing,Operating Expense,25521.92,SEK,Kirby and Sons,Completed
FIN_0408458,2022-12-13,ACC_00080,Operations,Payroll,16255.88,EUR,Ward Group,Completed
FIN_0409480,2025-12-06,ACC_00015,Supply Chain,Purchase,4492.56,USD,Dennis-Carter,Completed
FIN_0318488,2023-11-03,ACC_00358,Engineering,Purchase,16100.13,INR,Carey PLC,Completed
FIN_0354812,2026-04-24,ACC_00358,Finance,Operating Expense,18246.53,INR,Stevenson Group,Completed
FIN_0485729,2021-03-28,ACC_00293,Operations,Payroll,18014.36,USD,"Bell, Wallace and Huynh",Completed
FIN_0307948,2021-05-16,ACC_00116,Supply Chain,Operating Expense,43274.33,EUR,Nguyen Inc,Pending
FIN_0302085,2022-12-05,ACC_00139,Engineering,Revenue,56951.36,INR,"Rodriguez, Andrews and Martin",Completed
FIN_0482050,2021-02-16,ACC_00199,Operations,Purchase,9311.01,EUR,"Newton, Cruz and Ward",Completed
FIN_0249447,2021-09-06,ACC_00078,Sales,Revenue,76901.93,SEK,"Fisher, Davis and Richardson",Completed
FIN_0286039,2024-02-09,ACC_00184,Information Technology,Revenue,54981.88,EUR,"Hale, Hatfield and Gibson",Completed
FIN_0421106,2024-02-15,ACC_00146,Finance,Payroll,3079.32,SEK,"Black, Burns and Thornton",Pending
FIN_0136155,2024-11-20,ACC_00031,Engineering,Purchase,14931.45,INR,Bennett Inc,Completed
FIN_0259923,2025-06-19,ACC_00215,Marketing,Payroll,39452.9,USD,Ward Group,Completed
FIN_0416022,2023-11-16,ACC_00034,Engineering,Revenue,65063.17,EUR,"Campbell, Franco and Odonnell",Pending
FIN_0173060,2023-10-20,ACC_00226,Human Resources,Operating Expense,42449.64,USD,Baker LLC,Completed
FIN_0283061,2022-08-22,ACC_00173,Operations,Purchase,8255.48,INR,"Garza, Cunningham and Sullivan",Completed
FIN_0415930,2024-12-27,ACC_00281,Human Resources,Investment,11119.25,INR,Klein Inc,Completed
FIN_0285051,2022-08-18,ACC_00289,Marketing,Operating Expense,45981.42,SEK,Edwards and Sons,Completed
FIN_0282088,2024-06-27,ACC_00016,Finance,Revenue,50006.24,INR,"Joseph, Cobb and Martinez",Completed
FIN_0160358,2021-12-12,ACC_00458,Engineering,Payroll,2770.27,INR,"Vasquez, Carroll and Bell",Completed
FIN_0230768,2024-09-21,ACC_00329,Finance,Payroll,46595.14,SEK,"Gordon, Thompson and Watson",Completed
FIN_0057107,2022-07-05,ACC_00458,Sales,Purchase,21356.76,USD,Gomez-Russell,Completed
FIN_0173572,2023-11-21,ACC_00433,Information Technology,Revenue,50748.83,SEK,Davis Group,Completed
FIN_0494170,2023-04-24,ACC_00438,Finance,Payroll,32585.83,SEK,Adams LLC,Completed
FIN_0381739,2022-11-27,ACC_00322,Information Technology,Purchase,33665.57,EUR,Ayala-Rogers,Completed
FIN_0374469,2025-07-09,ACC_00224,Human Resources,Revenue,4798.82,EUR,"Copeland, Owen and Sanchez",Completed
FIN_0124614,2025-09-21,ACC_00086,Engineering,Payroll,44637.57,USD,Leon-Sutton,Completed
FIN_0385507,2022-12-04,ACC_00176,Engineering,Purchase,25899.55,USD,"Roach, Weaver and Campbell",Completed
FIN_0225949,2022-06-19,ACC_00339,Human Resources,Revenue,76495.71,SEK,Gilbert LLC,Completed
FIN_0488387,2026-03-10,ACC_00285,Manufacturing,Operating Expense,45757.62,INR,"Smith, Leon and Williams",Completed
FIN_0432571,2023-05-09,ACC_00321,Marketing,Operating Expense,21247.06,USD,"Smith, Smith and Alexander",Completed
FIN_0201530,2026-04-04,ACC_00288,Manufacturing,Revenue,70465.3,EUR,Anderson PLC,Completed
FIN_0209671,2024-09-12,ACC_00376,Operations,Purchase,6579.15,USD,Kelly LLC,Completed
FIN_0369583,2021-07-03,ACC_00110,Marketing,Purchase,17646.27,USD,White Group,Completed
FIN_0260445,2024-01-12,ACC_00102,Finance,Operating Expense,13380.35,EUR,Russell PLC,Completed
FIN_0372219,2025-01-12,ACC_00070,Finance,Purchase,36596.41,INR,"Barnett, Farmer and Andrews",Completed
FIN_0044187,2021-10-18,ACC_00159,Manufacturing,Purchase,9353.86,SEK,Wagner Inc,Completed
FIN_0346997,2024-10-09,ACC_00276,Operations,Revenue,56598.29,SEK,Garrett-Garcia,Completed
FIN_0446219,2023-12-23,ACC_00424,Sales,Purchase,22187.38,USD,"Campbell, Tucker and Edwards",Completed
FIN_0385518,2022-06-05,ACC_00487,Sales,Revenue,47998.31,INR,Hobbs and Sons,Completed
FIN_0468447,2023-01-13,ACC_00494,Operations,Revenue,41226.47,SEK,"Potter, Wall and Martinez",Completed
FIN_0350048,2023-02-22,ACC_00292,Finance,Purchase,41787.27,SEK,Snow and Sons,Completed
FIN_0157037,2023-09-01,ACC_00418,Sales,Operating Expense,46478.2,USD,Walton-Buckley,Completed
FIN_0155989,2021-06-12,ACC_00130,Sales,Purchase,30501.86,SEK,Clark-White,Completed
FIN_0136698,2024-06-19,ACC_00314,Manufacturing,Revenue,87478.5,USD,Hernandez and Sons,Completed
FIN_0179517,2022-09-03,ACC_00385,Finance,Operating Expense,15356.72,USD,"Dixon, Goodwin and Horton",Completed
FIN_0361897,2024-04-09,ACC_00310,Human Resources,Purchase,29035.84,EUR,"Johnson, Tate and Patterson",Completed
FIN_0411152,2021-09-06,ACC_00164,Finance,Operating Expense,40238.03,SEK,Larson Inc,Completed
FIN_0198924,2023-05-30,ACC_00099,Marketing,Revenue,64295.95,USD,"Glover, Booker and Richard",Completed
FIN_0287951,2021-05-16,ACC_00001,Human Resources,Operating Expense,35580.3,INR,Harris LLC,Completed
FIN_0218535,2025-04-14,ACC_00053,Supply Chain,Purchase,36490.49,SEK,Hamilton-Payne,Failed
FIN_0130333,2025-01-30,ACC_00479,Engineering,Payroll,5065.7,USD,Roach-Thompson,Completed
FIN_0072567,2022-03-26,ACC_00211,Finance,Revenue,59548.84,EUR,Mooney PLC,Completed
FIN_0023468,2025-01-18,ACC_00262,Human Resources,Purchase,32747.06,SEK,"Morrison, Parker and Kelly",Completed
FIN_0343781,2022-10-11,ACC_00329,Marketing,Operating Expense,28066.6,EUR,"Jones, Becker and Ashley",Completed
FIN_0475806,2022-02-12,ACC_00477,Engineering,Revenue,14650.28,INR,"Sparks, Tate and Campbell",Pending
FIN_0229799,2022-06-19,ACC_00356,Manufacturing,Payroll,19141.23,USD,"Robinson, Morton and Valentine",Completed
FIN_0426074,2026-04-21,ACC_00226,Information Technology,Investment,6087.64,SEK,"Dawson, Young and Larson",Completed
FIN_0398316,2021-08-19,ACC_00429,Finance,Purchase,30327.82,EUR,Holland-Freeman,Completed
FIN_0339457,2022-06-24,ACC_00477,Operations,Payroll,25726.28,USD,Goodwin-Taylor,Completed
FIN_0409315,2022-02-12,ACC_00265,Human Resources,Operating Expense,39161.93,INR,"Chen, Foley and Murray",Failed
FIN_0006202,2021-08-11,ACC_00072,Sales,Operating Expense,33300.02,EUR,Mills Group,Completed
FIN_0439811,2023-08-13,ACC_00486,Engineering,Operating Expense,10441.61,USD,UNKNOWN,Completed
FIN_0381500,2021-01-18,ACC_00342,Human Resources,Revenue,71581.32,SEK,"Hill, Cardenas and Wilson",Completed
FIN_0154622,2026-05-07,ACC_00198,Operations,Payroll,4727.56,EUR,Miller Ltd,Completed
FIN_0261787,2021-04-12,ACC_00496,Sales,Revenue,28696.88,INR,"Ramirez, Hinton and Knight",Completed
FIN_0441374,2024-04-04,ACC_00369,Operations,Purchase,7890.66,USD,Eaton-Johnson,Completed
FIN_0032165,2023-02-28,ACC_00109,Human Resources,Purchase,41315.45,USD,Jones PLC,Completed
FIN_0013331,2025-04-17,ACC_00183,Operations,Revenue,75234.62,SEK,Owens Inc,Completed
FIN_0171294,2021-09-28,ACC_00229,Human Resources,Investment,20053.65,EUR,Garcia-Newton,Completed
FIN_0278752,2026-03-21,ACC_00276,Finance,Revenue,26669.78,SEK,Fisher-Salinas,Completed
FIN_0246294,2026-01-25,ACC_00253,Marketing,Operating Expense,10175.68,USD,Townsend-Bernard,Completed
FIN_0247037,2024-03-05,ACC_00062,Sales,Revenue,40495.12,USD,"Garcia, Williams and Stewart",Completed
FIN_0197992,2026-05-20,ACC_00257,Manufacturing,Revenue,76511.2,INR,Snow LLC,Completed
FIN_0325768,2024-03-28,ACC_00459,Finance,Purchase,21982.48,SEK,Moyer-Crawford,Completed
FIN_0353125,2023-01-20,ACC_00475,Information Technology,Operating Expense,46746.85,EUR,"Oneill, Bennett and Lawson",Completed
FIN_0492801,2022-02-04,ACC_00100,Marketing,Purchase,505.09,EUR,Hamilton Ltd,Completed
FIN_0471331,2024-01-01,ACC_00367,Operations,Purchase,27738.15,EUR,"Reed, Knox and Williams",Completed
FIN_0254811,2021-07-27,ACC_00368,Human Resources,Operating Expense,5307.82,USD,Perry-Martinez,Completed
FIN_0001480,2024-09-12,ACC_00274,Engineering,Revenue,94769.09,USD,"Lamb, Everett and Jones",Completed
FIN_0387778,2024-12-17,ACC_00404,Human Resources,Revenue,60707.87,SEK,Nguyen Inc,Completed
FIN_0319410,2024-06-26,ACC_00297,Marketing,Operating Expense,47285.23,USD,Baldwin-Johnson,Completed
FIN_0195876,2024-03-03,ACC_00120,Finance,Purchase,41717.54,INR,"Malone, Chung and Richardson",Completed
FIN_0433523,2023-05-06,ACC_00181,Marketing,Revenue,85059.73,EUR,Livingston Inc,Completed
FIN_0499337,2026-01-04,ACC_00061,Supply Chain,Operating Expense,37984.09,USD,Hayes-Reynolds,Completed
FIN_0243642,2025-12-20,ACC_00019,Operations,Payroll,7030.78,USD,"Harper, Wagner and Tran",Completed
FIN_0190042,2021-02-08,ACC_00266,Information Technology,Purchase,21685.44,SEK,Johnson Group,Completed
FIN_0200518,2024-05-31,ACC_00083,Supply Chain,Payroll,7584.84,INR,"Anderson, Hoffman and Robinson",Completed
FIN_0291515,2023-09-29,ACC_00194,Sales,Revenue,1068.73,INR,"Parker, Welch and Gilbert",Completed
FIN_0335162,2024-09-06,ACC_00429,Marketing,Purchase,13277.51,USD,Sawyer-Lowe,Completed
FIN_0334752,2023-12-01,ACC_00198,Marketing,Revenue,66207.79,USD,Cook Group,Completed
FIN_0151740,2025-06-12,ACC_00232,Manufacturing,Operating Expense,45667.88,USD,Beard PLC,Completed
FIN_0477789,2022-01-20,ACC_00494,Manufacturing,Revenue,61247.52,USD,Chavez Group,Completed
FIN_0039948,2022-08-03,ACC_00278,Supply Chain,Purchase,32150.49,USD,Carpenter-Lopez,Completed
FIN_0230636,2024-02-06,ACC_00285,Supply Chain,Operating Expense,16768.66,USD,"Allen, Collins and Fischer",Completed
FIN_0229332,2023-03-26,ACC_00211,Marketing,Investment,23369.55,EUR,Morris Inc,Completed
FIN_0180013,2023-11-18,ACC_00326,Human Resources,Revenue,30411.12,INR,Sims and Sons,Completed
FIN_0095819,2025-01-14,ACC_00139,Sales,Payroll,23370.0,EUR,"Norton, Williams and Brown",Pending
FIN_0410981,2022-02-27,ACC_00022,Information Technology,Revenue,70459.87,USD,Taylor Inc,Completed
FIN_0017991,2023-03-10,ACC_00466,Operations,Revenue,51027.21,INR,UNKNOWN,Completed
FIN_0239536,2026-04-26,ACC_00215,Information Technology,Revenue,10612.25,EUR,Sherman-Mora,Completed
FIN_0179492,2025-08-05,ACC_00332,Finance,Revenue,76330.0,EUR,"Fowler, Ray and Duke",Completed
FIN_0182526,2026-02-23,ACC_00089,Marketing,Operating Expense,22686.89,EUR,Marshall-Hernandez,Completed
FIN_0219327,2021-05-02,ACC_00112,Information Technology,Purchase,8388.83,SEK,Martinez PLC,Completed
FIN_0353043,2022-01-16,ACC_00267,Supply Chain,Operating Expense,36429.88,SEK,Jefferson-Johnson,Completed
FIN_0244761,2022-08-23,ACC_00256,Manufacturing,Payroll,22132.19,USD,Matthews Ltd,Completed
FIN_0307865,2023-11-25,ACC_00497,Sales,Investment,17560.84,INR,Moreno-Williams,Completed
FIN_0068964,2021-03-15,ACC_00465,Manufacturing,Purchase,9074.54,SEK,UNKNOWN,Completed
FIN_0265598,2025-03-28,ACC_00451,Manufacturing,Purchase,5093.0,USD,Fox-Thomas,Completed
FIN_0481693,2024-01-25,ACC_00312,Operations,Revenue,67302.25,EUR,"Bullock, Hines and Walker",Failed
FIN_0288276,2026-02-17,ACC_00448,Manufacturing,Payroll,38874.3,EUR,Cantrell-Clark,Completed
FIN_0265439,2023-02-04,ACC_00326,Information Technology,Operating Expense,20733.93,SEK,Navarro-Franco,Completed
FIN_0032059,2022-06-23,ACC_00231,Sales,Operating Expense,21012.76,EUR,Wiley PLC,Completed
FIN_0294095,2021-05-17,ACC_00266,Human Resources,Purchase,25519.96,EUR,Whitehead-Williams,Completed
FIN_0233586,2022-03-19,ACC_00284,Finance,Operating Expense,8167.78,SEK,Torres-Thomas,Completed
FIN_0113292,2026-05-08,ACC_00028,Human Resources,Investment,30319.86,INR,Mccarthy-Rivera,Failed
FIN_0150388,2024-05-07,ACC_00115,Engineering,Purchase,8498.61,EUR,"Raymond, Escobar and Moss",Completed
FIN_0092224,2021-07-24,ACC_00456,Marketing,Payroll,44339.67,SEK,Cortez-Williams,Failed
FIN_0274307,2025-11-19,ACC_00134,Marketing,Operating Expense,35892.53,INR,Yates-Davis,Completed
FIN_0076227,2022-03-23,ACC_00113,Operations,Revenue,2880.95,INR,UNKNOWN,Completed
FIN_0039394,2021-10-16,ACC_00447,Marketing,Purchase,14529.46,SEK,Graham Group,Completed
FIN_0046009,2021-01-24,ACC_00306,Sales,Purchase,20736.82,SEK,UNKNOWN,Completed
FIN_0479049,2023-08-21,ACC_00010,Sales,Revenue,93202.2,INR,Mccarty and Sons,Completed
FIN_0319577,2025-05-28,ACC_00181,Information Technology,Payroll,2551.23,USD,"Hood, Padilla and Patterson",Pending
FIN_0034287,2022-11-22,ACC_00262,Engineering,Purchase,27233.69,SEK,"Santiago, Cohen and Maddox",Completed
FIN_0284046,2021-11-27,ACC_00224,Human Resources,Payroll,18467.07,EUR,Bennett LLC,Completed
FIN_0149331,2024-03-27,ACC_00287,Engineering,Purchase,20390.0,SEK,UNKNOWN,Completed
FIN_0055220,2021-10-27,ACC_00136,Operations,Payroll,20962.65,SEK,"Robinson, Young and Meyers",Completed
FIN_0398230,2023-06-29,ACC_00213,Engineering,Purchase,27247.49,SEK,Thomas LLC,Pending
FIN_0083990,2025-12-25,ACC_00433,Engineering,Revenue,31978.16,SEK,"Bailey, Tucker and Price",Pending
FIN_0066918,2022-10-12,ACC_00270,Manufacturing,Payroll,12813.87,EUR,"Gomez, Vaughan and Campbell",Completed
FIN_0143328,2024-01-24,ACC_00208,Finance,Operating Expense,28418.09,INR,Peters Ltd,Completed
FIN_0498200,2025-02-21,ACC_00325,Operations,Operating Expense,32528.06,EUR,"Sloan, Morris and Garcia",Completed
FIN_0453033,2023-06-01,ACC_00203,Information Technology,Revenue,82874.16,USD,"Thompson, Munoz and Villarreal",Completed
FIN_0257470,2026-06-15,ACC_00482,Information Technology,Investment,14216.36,INR,Kirk-Hall,Completed
FIN_0026937,2021-11-23,ACC_00475,Manufacturing,Revenue,38314.03,SEK,Vaughan Group,Completed
FIN_0057799,2021-12-16,ACC_00100,Information Technology,Revenue,7083.68,USD,Campbell-Riggs,Completed
FIN_0296715,2024-01-26,ACC_00472,Supply Chain,Payroll,20612.7,EUR,Sanchez-Adkins,Completed
FIN_0338755,2024-08-08,ACC_00197,Finance,Investment,41168.64,USD,Davidson-Randall,Completed
FIN_0489779,2021-11-15,ACC_00422,Supply Chain,Purchase,47345.04,EUR,"Dudley, Wiley and Lopez",Completed
FIN_0149901,2021-09-01,ACC_00370,Information Technology,Payroll,46684.94,INR,"James, Henderson and Cook",Completed
FIN_0200644,2021-05-09,ACC_00263,Human Resources,Purchase,40700.05,INR,Ayers Inc,Completed
FIN_0490030,2026-03-31,ACC_00064,Finance,Operating Expense,1032.79,EUR,"Silva, Castaneda and Cooper",Completed
FIN_0425748,2025-09-27,ACC_00046,Finance,Revenue,18428.02,USD,Cooper Ltd,Completed
FIN_0467824,2021-10-11,ACC_00156,Sales,Payroll,41308.69,SEK,Marquez-Fleming,Pending
FIN_0201317,2024-02-05,ACC_00445,Operations,Purchase,45126.87,INR,Kelly-Thomas,Completed
FIN_0269260,2022-10-01,ACC_00155,Supply Chain,Payroll,404.3,EUR,Sullivan Group,Completed
FIN_0485142,2021-02-12,ACC_00170,Sales,Operating Expense,39720.07,SEK,Jordan PLC,Completed
FIN_0094178,2024-06-27,ACC_00216,Human Resources,Payroll,41635.35,USD,"Avila, Chavez and Thomas",Completed
FIN_0342308,2023-08-25,ACC_00299,Manufacturing,Purchase,16635.73,USD,Murray Ltd,Completed
FIN_0413999,2024-05-06,ACC_00171,Sales,Operating Expense,25636.42,SEK,"Lewis, Adams and Weber",Completed
FIN_0123452,2026-04-03,ACC_00362,Manufacturing,Purchase,12523.14,USD,"Maxwell, Rice and Chan",Completed
FIN_0287679,2024-02-10,ACC_00398,Manufacturing,Revenue,61545.42,INR,Herman-Johnson,Pending
FIN_0392903,2022-04-07,ACC_00121,Marketing,Revenue,36629.28,SEK,Vega-Hampton,Completed
FIN_0296837,2023-12-20,ACC_00389,Supply Chain,Purchase,21445.2,INR,Duke Ltd,Pending
FIN_0267421,2021-06-08,ACC_00181,Supply Chain,Payroll,14482.62,USD,Leonard PLC,Completed
FIN_0136109,2022-05-30,ACC_00119,Supply Chain,Payroll,27833.41,USD,Garcia-Kelly,Completed
FIN_0224231,2025-03-10,ACC_00239,Manufacturing,Revenue,27719.08,USD,Pace Inc,Completed
FIN_0236671,2025-08-05,ACC_00056,Engineering,Revenue,57370.88,SEK,"Joseph, Hansen and Sandoval",Completed
FIN_0260300,2024-11-04,ACC_00052,Human Resources,Operating Expense,20963.9,EUR,"Ramirez, Willis and Henderson",Completed
FIN_0035034,2024-02-16,ACC_00482,Information Technology,Purchase,15979.26,EUR,Miller LLC,Completed
FIN_0288401,2025-06-21,ACC_00152,Manufacturing,Revenue,31693.98,SEK,White and Sons,Completed
FIN_0378243,2026-01-03,ACC_00464,Supply Chain,Investment,26867.56,INR,Gardner-Bradshaw,Completed
FIN_0487652,2021-11-19,ACC_00367,Operations,Revenue,19950.3,EUR,Wagner Group,Completed
FIN_0046529,2024-02-06,ACC_00081,Engineering,Revenue,32153.5,EUR,Page PLC,Completed
FIN_0052572,2025-11-04,ACC_00120,Sales,Operating Expense,46546.12,SEK,Smith Inc,Completed
FIN_0355366,2024-09-21,ACC_00281,Sales,Payroll,35530.56,USD,"Banks, Dixon and Jones",Completed
FIN_0242496,2024-05-21,ACC_00418,Engineering,Revenue,5959.22,EUR,Hancock-Miller,Completed
FIN_0213847,2022-04-29,ACC_00117,Operations,Revenue,98431.46,USD,Owen Inc,Completed
FIN_0415808,2021-05-17,ACC_00136,Supply Chain,Purchase,24474.49,USD,Dudley Inc,Completed
FIN_0245159,2024-07-14,ACC_00187,Marketing,Revenue,64689.94,SEK,Bailey Ltd,Completed
FIN_0385187,2021-05-21,ACC_00458,Human Resources,Payroll,27490.11,USD,Dickson PLC,Completed
FIN_0362977,2025-08-19,ACC_00202,Human Resources,Revenue,6932.98,EUR,Gutierrez-Good,Completed
FIN_0458051,2026-02-18,ACC_00005,Operations,Revenue,27461.28,EUR,Smith-Hall,Completed
FIN_0016519,2025-10-06,ACC_00450,Operations,Revenue,70162.73,USD,Stephens Ltd,Pending
FIN_0222647,2026-06-12,ACC_00178,Engineering,Revenue,96336.64,USD,Norris PLC,Completed
FIN_0191404,2023-01-06,ACC_00146,Engineering,Payroll,27744.91,INR,Huynh PLC,Completed
FIN_0241355,2021-10-25,ACC_00241,Sales,Purchase,48002.8,USD,Arellano PLC,Completed
FIN_0262374,2025-08-11,ACC_00322,Human Resources,Purchase,30861.32,USD,UNKNOWN,Completed
FIN_0182523,2025-04-08,ACC_00384,Information Technology,Operating Expense,3749.31,INR,Ramirez Group,Completed
FIN_0371610,2023-06-14,ACC_00045,Human Resources,Revenue,38364.99,USD,Morgan-Austin,Completed
FIN_0460044,2024-03-13,ACC_00483,Information Technology,Revenue,61310.37,INR,Cunningham LLC,Completed
FIN_0052431,2024-06-20,ACC_00326,Marketing,Operating Expense,20546.17,INR,Bautista Inc,Completed
FIN_0328654,2022-11-18,ACC_00245,Information Technology,Revenue,64322.65,INR,Wall-Porter,Completed
FIN_0202844,2026-03-18,ACC_00348,Supply Chain,Operating Expense,38236.21,INR,"Miller, Murphy and Rhodes",Completed
FIN_0084902,2025-10-05,ACC_00318,Finance,Operating Expense,26962.94,SEK,Petty-Ritter,Completed
FIN_0076920,2025-10-05,ACC_00340,Operations,Revenue,4384.7,USD,Humphrey-Buchanan,Completed
FIN_0121314,2025-01-16,ACC_00198,Engineering,Purchase,1914.29,EUR,"Keith, Estes and Kelly",Completed
FIN_0024536,2022-06-17,ACC_00465,Engineering,Revenue,19006.59,INR,Butler and Sons,Completed
FIN_0251355,2026-02-05,ACC_00063,Engineering,Purchase,27190.32,SEK,Smith-Valdez,Completed
FIN_0120079,2023-09-17,ACC_00113,Sales,Revenue,4076.33,SEK,Jackson-Hart,Completed
FIN_0104408,2024-04-16,ACC_00218,Supply Chain,Operating Expense,5061.36,USD,Garcia Ltd,Completed
FIN_0403179,2023-04-07,ACC_00383,Supply Chain,Purchase,9075.68,INR,Sanchez Ltd,Completed
FIN_0088118,2021-02-21,ACC_00462,Finance,Revenue,24703.79,INR,"Castillo, Johnson and Adams",Completed
FIN_0008011,2025-04-24,ACC_00406,Manufacturing,Revenue,60873.31,INR,Holmes-Vega,Pending
FIN_0434931,2022-03-13,ACC_00256,Human Resources,Revenue,19392.02,USD,"Yates, Hansen and Barry",Completed
FIN_0346586,2023-10-21,ACC_00147,Information Technology,Purchase,16793.51,SEK,White Inc,Pending
FIN_0321358,2022-06-27,ACC_00097,Operations,Revenue,77011.37,EUR,Santiago Inc,Completed
FIN_0193327,2026-02-03,ACC_00460,Marketing,Payroll,41975.18,EUR,Campbell-Jones,Completed
FIN_0476372,2023-04-28,ACC_00414,Marketing,Operating Expense,49035.94,INR,UNKNOWN,Completed
FIN_0491924,2026-06-22,ACC_00136,Operations,Operating Expense,28520.27,SEK,"Floyd, Braun and Oliver",Completed
FIN_0062495,2024-11-27,ACC_00415,Sales,Revenue,90013.21,USD,"Payne, Terry and Turner",Completed
FIN_0355759,2024-09-25,ACC_00410,Sales,Revenue,86019.63,SEK,Griffith Group,Completed
FIN_0451242,2022-01-28,ACC_00357,Human Resources,Payroll,37168.3,INR,"Barrera, Love and Reynolds",Completed
FIN_0440023,2022-12-23,ACC_00064,Supply Chain,Operating Expense,21898.74,USD,UNKNOWN,Pending
FIN_0056858,2024-08-19,ACC_00476,Finance,Payroll,37913.35,SEK,Nguyen Group,Completed
FIN_0073920,2022-12-23,ACC_00146,Engineering,Purchase,1707.79,EUR,Brown Group,Completed
FIN_0283741,2022-04-10,ACC_00189,Marketing,Operating Expense,48842.92,INR,"Anderson, Nguyen and Mcpherson",Completed
FIN_0144469,2023-08-12,ACC_00103,Manufacturing,Payroll,33711.76,SEK,Richardson Group,Completed
FIN_0386851,2021-11-23,ACC_00183,Marketing,Purchase,38863.56,EUR,Smith-Villegas,Completed
FIN_0300737,2022-08-31,ACC_00125,Manufacturing,Purchase,40241.59,SEK,Frederick Inc,Completed
FIN_0336080,2023-01-18,ACC_00448,Engineering,Revenue,83143.99,SEK,Smith PLC,Completed
FIN_0103641,2021-08-11,ACC_00344,Finance,Investment,7764.98,SEK,"Mayo, Lynn and Clark",Completed
FIN_0481708,2025-09-20,ACC_00424,Manufacturing,Operating Expense,26676.45,INR,"Peterson, Goodman and Dawson",Completed
FIN_0285422,2023-04-21,ACC_00443,Operations,Investment,41148.62,SEK,"Alexander, Kirk and Livingston",Completed
FIN_0483189,2022-01-11,ACC_00371,Manufacturing,Revenue,65101.53,INR,Simmons-Coleman,Completed
FIN_0417687,2025-06-27,ACC_00100,Manufacturing,Purchase,2157.51,SEK,Humphrey Group,Pending
FIN_0121415,2024-10-08,ACC_00203,Information Technology,Revenue,88773.29,USD,"Kennedy, Keith and Wells",Completed
FIN_0389783,2021-02-27,ACC_00034,Human Resources,Revenue,60457.08,INR,Nelson-Marshall,Completed
FIN_0146310,2024-09-25,ACC_00233,Manufacturing,Revenue,85741.38,USD,UNKNOWN,Completed
FIN_0431311,2025-12-11,ACC_00140,Engineering,Revenue,81638.67,SEK,Salas PLC,Completed
FIN_0443781,2025-03-14,ACC_00132,Manufacturing,Payroll,25680.59,USD,Kelly-Moore,Completed
FIN_0430042,2025-08-13,ACC_00209,Supply Chain,Payroll,1870.67,INR,White Ltd,Completed
FIN_0155048,2021-01-04,ACC_00179,Human Resources,Revenue,21538.71,USD,Lopez Ltd,Completed
FIN_0242980,2024-03-26,ACC_00401,Operations,Investment,18899.52,USD,Bond-Cannon,Completed
FIN_0049502,2024-01-07,ACC_00132,Finance,Purchase,8611.96,INR,Brock and Sons,Completed
FIN_0432201,2025-04-04,ACC_00154,Operations,Revenue,45349.54,USD,Goodman-Bennett,Completed
FIN_0127475,2024-02-29,ACC_00305,Sales,Revenue,7380.82,INR,Small-King,Completed
FIN_0012790,2022-07-01,ACC_00339,Manufacturing,Operating Expense,11336.82,INR,"Morse, Crane and Woods",Completed
FIN_0347338,2025-11-06,ACC_00379,Engineering,Payroll,2059.2,SEK,Hawkins-Dennis,Completed
FIN_0307734,2023-11-08,ACC_00354,Information Technology,Revenue,83173.22,EUR,UNKNOWN,Completed
FIN_0261130,2021-02-19,ACC_00059,Marketing,Payroll,30712.77,INR,"Vargas, Wallace and Perry",Completed
FIN_0166401,2021-05-26,ACC_00330,Engineering,Purchase,11994.25,INR,Smith LLC,Completed
FIN_0100734,2023-04-17,ACC_00021,Manufacturing,Revenue,54078.97,SEK,Jones LLC,Completed
FIN_0302443,2021-04-18,ACC_00405,Information Technology,Revenue,37475.45,SEK,"Walter, Medina and Brown",Completed
FIN_0089590,2024-01-25,ACC_00318,Sales,Operating Expense,33155.97,INR,Smith-Barker,Completed
FIN_0170819,2022-06-11,ACC_00195,Finance,Revenue,61658.25,USD,UNKNOWN,Completed
FIN_0322648,2023-04-13,ACC_00072,Manufacturing,Revenue,83315.24,EUR,Dyer PLC,Completed
FIN_0013729,2024-05-07,ACC_00433,Human Resources,Payroll,30231.77,INR,Craig-Humphrey,Completed
FIN_0260816,2026-01-07,ACC_00209,Operations,Operating Expense,37173.99,USD,Hill-Coleman,Completed
FIN_0123666,2024-09-02,ACC_00231,Sales,Revenue,81947.92,USD,"Torres, Payne and Pittman",Completed
FIN_0429507,2023-07-03,ACC_00414,Information Technology,Purchase,39662.94,INR,Orr Group,Completed
FIN_0440826,2025-05-29,ACC_00156,Finance,Revenue,71893.14,INR,Mora Group,Completed
FIN_0141962,2025-09-18,ACC_00161,Finance,Purchase,47281.07,INR,Ryan-Graves,Completed
FIN_0132864,2021-02-25,ACC_00036,Marketing,Purchase,10968.46,EUR,"Simmons, Johnson and Bauer",Completed
FIN_0004103,2023-09-15,ACC_00208,Marketing,Investment,5915.68,USD,Owen and Sons,Completed
FIN_0320378,2021-03-18,ACC_00285,Marketing,Purchase,11031.7,INR,Sexton-Johnson,Completed
FIN_0308863,2021-07-22,ACC_00407,Engineering,Payroll,34860.97,EUR,Shepard-Hernandez,Completed
FIN_0467115,2025-08-17,ACC_00453,Manufacturing,Payroll,38566.26,EUR,Burns-Leblanc,Completed
FIN_0038677,2024-09-30,ACC_00414,Supply Chain,Payroll,21446.38,USD,Travis Inc,Completed
FIN_0144940,2022-05-19,ACC_00349,Information Technology,Payroll,7074.5,INR,Lewis LLC,Completed
FIN_0250809,2022-08-18,ACC_00018,Marketing,Operating Expense,15858.92,USD,Pope LLC,Completed
FIN_0262915,2024-11-20,ACC_00077,Human Resources,Revenue,75041.69,USD,"Taylor, Flores and Brooks",Completed
FIN_0240718,2021-03-18,ACC_00364,Supply Chain,Operating Expense,39935.94,EUR,UNKNOWN,Completed
FIN_0025130,2021-08-26,ACC_00388,Engineering,Revenue,20843.53,SEK,Watkins LLC,Completed
FIN_0003482,2022-02-12,ACC_00024,Supply Chain,Operating Expense,34301.79,INR,"Smith, Martin and Duncan",Completed
FIN_0439790,2021-11-08,ACC_00157,Marketing,Operating Expense,24670.72,SEK,Day Ltd,Completed
FIN_0013965,2021-04-27,ACC_00076,Engineering,Purchase,8412.12,INR,Donaldson-White,Completed
FIN_0248457,2025-03-09,ACC_00051,Information Technology,Operating Expense,27393.52,SEK,Berg Group,Completed
FIN_0442509,2021-01-19,ACC_00365,Manufacturing,Purchase,24758.68,INR,Johnson Ltd,Completed
FIN_0221938,2023-11-27,ACC_00194,Manufacturing,Purchase,42347.27,SEK,Newman-Thompson,Completed
FIN_0360791,2024-12-13,ACC_00293,Operations,Payroll,13205.15,EUR,Hansen PLC,Completed
FIN_0304270,2024-06-24,ACC_00236,Operations,Revenue,46182.39,INR,"Hurley, Cabrera and Jones",Completed
FIN_0133772,2024-05-26,ACC_00371,Supply Chain,Payroll,42878.78,INR,"Taylor, Taylor and Perkins",Completed
FIN_0219148,2023-05-10,ACC_00240,Marketing,Purchase,41473.29,USD,"Taylor, Meyers and Morris",Completed
FIN_0141477,2026-04-05,ACC_00423,Marketing,Revenue,7821.3,SEK,Khan-Robbins,Completed
FIN_0447511,2021-02-04,ACC_00370,Human Resources,Revenue,67499.42,USD,UNKNOWN,Completed
FIN_0310008,2022-04-21,ACC_00394,Operations,Payroll,34868.05,INR,"Jackson, Baxter and Reyes",Completed
FIN_0189159,2022-07-30,ACC_00146,Supply Chain,Operating Expense,4755.93,INR,Thomas Inc,Completed
FIN_0415446,2023-09-17,ACC_00217,Sales,Revenue,87846.19,EUR,"French, Wagner and Hernandez",Completed
FIN_0148852,2021-11-18,ACC_00144,Operations,Investment,13148.51,USD,Webb-Martin,Completed
FIN_0265963,2023-06-12,ACC_00036,Marketing,Operating Expense,48999.06,USD,"Aguilar, Tyler and Quinn",Completed
FIN_0048269,2024-09-30,ACC_00347,Finance,Revenue,79106.54,INR,Jimenez-Castillo,Completed
FIN_0155241,2024-08-28,ACC_00083,Engineering,Payroll,37507.2,INR,Murray-Clark,Pending
FIN_0207935,2025-04-13,ACC_00475,Human Resources,Purchase,36759.41,EUR,Cannon-Cruz,Completed
FIN_0067975,2025-11-26,ACC_00463,Finance,Purchase,1967.22,INR,"Smith, Patterson and Williams",Completed
FIN_0269525,2022-11-16,ACC_00375,Manufacturing,Revenue,50825.43,INR,Robinson Group,Completed
FIN_0053802,2021-11-24,ACC_00113,Sales,Investment,20909.27,SEK,Watson-Branch,Completed
FIN_0368773,2023-01-10,ACC_00113,Sales,Revenue,21917.35,SEK,Cooper-Stevens,Completed
FIN_0102989,2022-12-09,ACC_00091,Information Technology,Revenue,74390.59,EUR,"Howard, Roman and Sherman",Completed
FIN_0382366,2022-05-20,ACC_00200,Supply Chain,Payroll,20209.83,EUR,"Schmidt, Miller and Jones",Completed
FIN_0032025,2022-10-18,ACC_00181,Sales,Purchase,2658.08,INR,"Burns, Cole and Bell",Completed
FIN_0431878,2024-07-25,ACC_00187,Information Technology,Revenue,12017.49,USD,Osborn-Hampton,Completed
FIN_0399730,2023-04-20,ACC_00291,Operations,Operating Expense,21442.52,SEK,Cortez PLC,Completed
FIN_0030000,2021-08-07,ACC_00133,Supply Chain,Operating Expense,18695.34,USD,Gillespie-Collins,Completed
FIN_0043300,2023-05-27,ACC_00237,Operations,Operating Expense,7326.81,USD,Lopez PLC,Completed
FIN_0115332,2022-10-03,ACC_00425,Information Technology,Purchase,11869.69,EUR,Morrison PLC,Completed
FIN_0385210,2022-11-09,ACC_00134,Supply Chain,Purchase,42447.69,INR,Williams and Sons,Completed
FIN_0478806,2022-06-05,ACC_00318,Supply Chain,Purchase,32132.34,INR,Wilson-Neal,Completed
FIN_0420547,2023-01-26,ACC_00411,Sales,Operating Expense,3276.53,INR,"Wilson, Webster and Murray",Completed
FIN_0204628,2022-06-05,ACC_00170,Supply Chain,Revenue,74653.28,SEK,Greene PLC,Completed
FIN_0131859,2024-01-22,ACC_00236,Finance,Revenue,42743.22,EUR,"Palmer, Stanley and Anderson",Completed
FIN_0481804,2025-08-31,ACC_00309,Manufacturing,Revenue,69509.23,EUR,Williams PLC,Completed
FIN_0304985,2025-05-20,ACC_00244,Supply Chain,Purchase,5030.46,USD,Henry Group,Completed
FIN_0160631,2021-02-10,ACC_00500,Operations,Revenue,56569.26,SEK,Collins-Price,Completed
FIN_0098933,2024-12-20,ACC_00102,Engineering,Operating Expense,15200.89,SEK,Ellis-Fisher,Completed
FIN_0154890,2023-07-21,ACC_00249,Marketing,Operating Expense,27286.32,SEK,Jones Ltd,Completed
FIN_0009828,2022-04-08,ACC_00206,Engineering,Purchase,2550.26,EUR,Dean-Kaufman,Completed
FIN_0278953,2022-01-29,ACC_00393,Manufacturing,Operating Expense,33671.32,INR,Perkins Ltd,Failed
FIN_0326322,2022-09-24,ACC_00354,Manufacturing,Operating Expense,31779.13,USD,"Cherry, Mccarthy and Turner",Completed
FIN_0380504,2025-03-07,ACC_00388,Finance,Revenue,35480.58,EUR,Johnson-Medina,Completed
FIN_0171514,2021-11-12,ACC_00396,Human Resources,Investment,6854.93,INR,Evans-Chan,Pending
FIN_0127218,2023-04-04,ACC_00278,Manufacturing,Purchase,11875.35,INR,Pitts Group,Completed
FIN_0240044,2022-06-02,ACC_00167,Manufacturing,Payroll,14548.93,INR,Turner Group,Completed
FIN_0366108,2026-03-19,ACC_00253,Supply Chain,Purchase,34347.09,USD,"Baker, Baker and Harrison",Completed
FIN_0216017,2024-11-10,ACC_00142,Marketing,Revenue,45697.65,SEK,Dunn-Williams,Pending
FIN_0079367,2021-03-14,ACC_00404,Information Technology,Operating Expense,19530.94,SEK,"Campbell, Holt and Lopez",Completed
FIN_0393707,2022-09-16,ACC_00500,Engineering,Payroll,34241.4,USD,"Andrews, Porter and White",Completed
FIN_0115242,2024-08-02,ACC_00170,Engineering,Revenue,79564.05,EUR,"Williams, Collins and Pruitt",Completed
FIN_0460883,2026-06-16,ACC_00494,Engineering,Revenue,9331.36,INR,"Taylor, Burke and Hughes",Completed
FIN_0475872,2022-05-17,ACC_00304,Finance,Revenue,21841.74,EUR,Miles-James,Pending
FIN_0116827,2025-11-02,ACC_00467,Finance,Revenue,80216.35,SEK,"Howard, Matthews and Collins",Completed
FIN_0345623,2024-04-27,ACC_00114,Information Technology,Investment,47751.26,INR,Miller-Guerra,Completed
FIN_0267938,2021-01-13,ACC_00133,Human Resources,Purchase,42655.93,USD,Merritt-Stephens,Completed
FIN_0276714,2021-05-01,ACC_00179,Manufacturing,Purchase,31458.84,INR,"Fox, Gordon and Williams",Completed
FIN_0129172,2022-10-15,ACC_00388,Information Technology,Revenue,67819.71,SEK,Montgomery LLC,Completed
FIN_0358454,2021-07-04,ACC_00285,Manufacturing,Purchase,30264.28,EUR,Gomez and Sons,Completed
FIN_0337862,2021-04-26,ACC_00238,Operations,Payroll,41899.46,USD,"Abbott, Miller and Sanchez",Completed
FIN_0457206,2022-04-17,ACC_00215,Marketing,Payroll,26241.7,INR,Henderson Ltd,Completed
FIN_0062192,2021-03-15,ACC_00068,Human Resources,Revenue,98460.54,INR,Brown-Anderson,Completed
FIN_0321439,2023-10-24,ACC_00313,Human Resources,Revenue,45358.87,INR,Weaver-Smith,Completed
FIN_0307026,2023-10-23,ACC_00400,Engineering,Revenue,13160.1,USD,"Jackson, Harrington and Mccullough",Completed
FIN_0320640,2026-06-12,ACC_00267,Marketing,Purchase,35915.99,EUR,"Kelly, Warner and Powell",Completed
FIN_0050517,2021-12-03,ACC_00253,Human Resources,Purchase,2164.38,SEK,Diaz-Abbott,Completed
FIN_0010890,2022-11-09,ACC_00240,Manufacturing,Operating Expense,7471.81,SEK,Anderson PLC,Completed
FIN_0250116,2021-05-03,ACC_00148,Information Technology,Operating Expense,24698.46,SEK,Smith-Mccall,Completed
FIN_0125668,2022-05-27,ACC_00408,Engineering,Investment,4580.46,SEK,UNKNOWN,Completed
FIN_0458787,2026-05-08,ACC_00359,Engineering,Revenue,66889.3,EUR,Sullivan Group,Completed
FIN_0322194,2021-07-23,ACC_00419,Human Resources,Purchase,45348.32,SEK,Dunn PLC,Completed
FIN_0334286,2026-01-31,ACC_00225,Supply Chain,Revenue,31856.96,INR,Bowen-Pittman,Completed
FIN_0298548,2024-09-18,ACC_00147,Supply Chain,Revenue,45319.4,INR,Yoder-Cervantes,Completed
FIN_0455878,2024-12-12,ACC_00037,Engineering,Purchase,27081.14,SEK,Cole Ltd,Completed
FIN_0397195,2026-06-10,ACC_00469,Information Technology,Revenue,8737.66,USD,"Thomas, Hodges and Kidd",Completed
FIN_0478873,2021-01-06,ACC_00432,Human Resources,Revenue,10695.31,SEK,Gonzalez and Sons,Completed
FIN_0437915,2023-04-12,ACC_00032,Information Technology,Revenue,92842.74,USD,"Smith, Martin and Kramer",Completed
FIN_0156326,2024-10-16,ACC_00430,Supply Chain,Purchase,49670.08,SEK,Davenport-Jones,Completed
FIN_0012798,2025-07-27,ACC_00473,Information Technology,Investment,1203.05,USD,Price-Reed,Completed
FIN_0035017,2025-09-02,ACC_00121,Information Technology,Operating Expense,3935.75,EUR,Howard-Edwards,Completed
FIN_0109685,2023-02-25,ACC_00075,Marketing,Purchase,29030.32,SEK,Perry-Johnson,Completed
FIN_0455802,2024-01-16,ACC_00132,Sales,Revenue,65835.62,EUR,Flores-Todd,Completed
FIN_0108288,2026-05-06,ACC_00144,Manufacturing,Payroll,2273.73,EUR,"Brown, Hobbs and Green",Completed
FIN_0389432,2021-07-13,ACC_00013,Manufacturing,Revenue,2249.16,EUR,"Washington, White and Lewis",Completed
FIN_0480490,2022-08-08,ACC_00331,Supply Chain,Purchase,29321.88,EUR,"Landry, Bender and Meadows",Completed
FIN_0466130,2025-12-07,ACC_00431,Supply Chain,Purchase,39073.19,EUR,"Daniel, Wallace and Blackburn",Completed
FIN_0462210,2023-06-25,ACC_00499,Information Technology,Revenue,58427.89,EUR,"Vang, Munoz and Travis",Pending
FIN_0281487,2021-07-24,ACC_00431,Manufacturing,Revenue,73215.23,EUR,Parker-Allen,Completed
FIN_0090784,2023-05-30,ACC_00342,Engineering,Revenue,75477.44,INR,"Smith, Hunter and Andrews",Completed
FIN_0307761,2022-04-14,ACC_00073,Marketing,Operating Expense,24521.78,INR,Stewart PLC,Completed
FIN_0290250,2025-01-29,ACC_00077,Information Technology,Payroll,12198.27,USD,Kidd Ltd,Completed
FIN_0282833,2024-01-20,ACC_00359,Marketing,Revenue,21238.02,INR,"Evans, Stephens and Johnson",Completed
FIN_0356485,2023-01-23,ACC_00310,Engineering,Payroll,40750.17,SEK,Walker-Novak,Completed
FIN_0412567,2023-12-14,ACC_00398,Human Resources,Revenue,6865.34,USD,Gaines-Compton,Completed
FIN_0131894,2023-03-21,ACC_00041,Finance,Revenue,69833.22,EUR,UNKNOWN,Completed
FIN_0379229,2024-01-24,ACC_00465,Sales,Payroll,35008.08,EUR,Mcclain Inc,Completed
FIN_0052376,2025-08-28,ACC_00420,Human Resources,Purchase,28761.02,SEK,Hurley-Lopez,Completed
FIN_0415625,2023-12-01,ACC_00281,Marketing,Purchase,36037.87,USD,Davis and Sons,Completed
FIN_0276596,2026-02-18,ACC_00481,Engineering,Purchase,31461.91,EUR,"Mendoza, Thomas and Mathis",Pending
FIN_0027521,2025-03-07,ACC_00124,Marketing,Revenue,13155.02,EUR,Mendez-Johnson,Completed
FIN_0458495,2024-04-18,ACC_00251,Marketing,Operating Expense,48231.2,USD,Dalton-Baker,Completed
FIN_0232046,2022-08-17,ACC_00153,Finance,Operating Expense,22964.71,SEK,Turner Group,Completed
FIN_0214917,2022-06-19,ACC_00448,Information Technology,Revenue,66514.55,SEK,Liu PLC,Completed
FIN_0445396,2025-02-15,ACC_00032,Finance,Operating Expense,6075.92,SEK,Murphy-Ramsey,Completed
FIN_0254609,2025-09-16,ACC_00305,Human Resources,Operating Expense,40276.59,INR,"Graham, Barnes and Yang",Completed
FIN_0070316,2024-02-06,ACC_00288,Information Technology,Operating Expense,28304.54,EUR,Waters-Johnson,Completed
FIN_0285707,2026-03-05,ACC_00443,Manufacturing,Revenue,25934.82,USD,"Smith, Stevens and Hudson",Pending
FIN_0189739,2024-03-13,ACC_00201,Marketing,Revenue,81143.37,INR,Brooks-Harrison,Completed
FIN_0481560,2024-12-12,ACC_00213,Marketing,Purchase,44326.64,EUR,Gibson Ltd,Pending
FIN_0079651,2022-05-19,ACC_00273,Marketing,Revenue,60817.25,USD,"Collins, Little and Campbell",Completed
FIN_0107423,2022-10-24,ACC_00201,Human Resources,Revenue,5351.52,SEK,"Moreno, Doyle and Shaw",Completed
FIN_0392004,2022-07-13,ACC_00240,Finance,Purchase,17852.06,INR,"Abbott, Moore and Pierce",Completed
FIN_0310336,2024-01-09,ACC_00040,Human Resources,Revenue,74832.18,USD,Davis-Smith,Completed
FIN_0383326,2023-08-12,ACC_00188,Supply Chain,Revenue,42006.68,INR,Obrien PLC,Completed
FIN_0087321,2022-08-17,ACC_00122,Operations,Revenue,98241.53,SEK,Flynn-Kerr,Completed
FIN_0262384,2021-09-24,ACC_00176,Sales,Revenue,7206.37,EUR,Douglas-Watkins,Completed
FIN_0096159,2024-04-20,ACC_00498,Engineering,Purchase,16846.48,INR,Smith-Harris,Completed
FIN_0443194,2025-06-14,ACC_00100,Human Resources,Operating Expense,39253.82,USD,"Miller, Moss and Wright",Completed
FIN_0312231,2024-12-02,ACC_00407,Marketing,Revenue,42892.44,SEK,Williams and Sons,Failed
FIN_0379854,2021-03-25,ACC_00372,Finance,Revenue,99295.22,SEK,Kelly-Decker,Completed
FIN_0298630,2025-04-05,ACC_00349,Sales,Operating Expense,15433.63,INR,"Briggs, Porter and Flores",Completed
FIN_0130646,2023-08-21,ACC_00255,Marketing,Purchase,32999.24,SEK,Velazquez-Houston,Completed
FIN_0138703,2022-04-14,ACC_00073,Manufacturing,Revenue,7511.17,SEK,"Smith, Brown and Harrison",Completed
FIN_0220389,2023-03-29,ACC_00081,Manufacturing,Revenue,26315.22,SEK,"Taylor, Stewart and Crawford",Completed
FIN_0224884,2026-03-24,ACC_00462,Marketing,Operating Expense,25197.02,EUR,UNKNOWN,Completed
FIN_0028643,2025-11-13,ACC_00196,Human Resources,Revenue,10590.25,USD,"Burch, Jensen and Holmes",Completed
FIN_0126062,2024-08-26,ACC_00448,Finance,Purchase,20372.01,INR,Pena LLC,Completed
FIN_0128791,2025-04-28,ACC_00189,Manufacturing,Revenue,62082.03,INR,Myers LLC,Completed
FIN_0129037,2021-10-19,ACC_00413,Sales,Payroll,16092.11,INR,Carter-Boone,Completed
FIN_0495155,2023-03-24,ACC_00146,Information Technology,Revenue,77013.18,INR,"Lewis, Waller and Pena",Completed
FIN_0400081,2021-02-01,ACC_00289,Engineering,Purchase,42990.0,SEK,Marshall LLC,Completed
FIN_0159888,2024-08-25,ACC_00193,Human Resources,Payroll,33894.16,EUR,"Schaefer, Hernandez and Dixon",Completed
FIN_0187414,2022-02-06,ACC_00482,Marketing,Investment,12071.62,EUR,UNKNOWN,Failed
FIN_0299552,2021-10-21,ACC_00013,Supply Chain,Operating Expense,42086.92,SEK,"Richardson, Ford and Pham",Completed
FIN_0093195,2024-02-08,ACC_00466,Marketing,Purchase,24247.37,SEK,May-Henderson,Completed
FIN_0119812,2024-10-03,ACC_00208,Human Resources,Revenue,14937.76,INR,Cook Group,Completed
FIN_0314026,2025-06-06,ACC_00235,Operations,Revenue,9781.32,USD,Reed Ltd,Completed
FIN_0147196,2023-12-30,ACC_00013,Supply Chain,Payroll,22278.54,INR,"Yang, Mueller and Murray",Completed
FIN_0266155,2022-02-12,ACC_00051,Supply Chain,Revenue,95434.23,INR,Lynn-Ruiz,Failed
FIN_0078843,2023-11-22,ACC_00197,Human Resources,Revenue,42098.09,INR,Espinoza LLC,Completed
FIN_0077928,2025-01-04,ACC_00348,Supply Chain,Revenue,18113.55,SEK,"Trevino, Walters and Carr",Completed
FIN_0306256,2023-12-23,ACC_00081,Manufacturing,Investment,45080.92,SEK,"Perkins, Russo and Conway",Completed
FIN_0323838,2025-07-02,ACC_00323,Sales,Revenue,60399.99,EUR,"Carter, Richardson and Ruiz",Completed
FIN_0130392,2021-12-23,ACC_00323,Engineering,Revenue,59032.28,EUR,Norris LLC,Completed
FIN_0050295,2026-02-07,ACC_00146,Sales,Revenue,3029.21,INR,"Lambert, Herrera and Martin",Completed
FIN_0263953,2022-06-23,ACC_00316,Marketing,Revenue,3123.01,EUR,Hammond-Ramos,Completed
FIN_0181815,2025-09-27,ACC_00053,Human Resources,Payroll,38975.92,EUR,"Walker, Cochran and Floyd",Completed
FIN_0453737,2024-02-11,ACC_00484,Human Resources,Operating Expense,46361.26,INR,Barrera PLC,Completed
FIN_0298148,2023-06-21,ACC_00026,Manufacturing,Purchase,30733.95,INR,Gray LLC,Completed
FIN_0367125,2024-10-13,ACC_00329,Manufacturing,Revenue,72253.13,SEK,Ware-Pierce,Completed
FIN_0340241,2024-05-25,ACC_00280,Operations,Revenue,9841.52,USD,UNKNOWN,Completed
FIN_0370364,2025-05-15,ACC_00203,Sales,Purchase,12112.6,SEK,Huber Inc,Completed
FIN_0298937,2023-12-11,ACC_00479,Information Technology,Purchase,36960.6,USD,Palmer Ltd,Completed
FIN_0082305,2023-05-16,ACC_00142,Operations,Payroll,541.25,USD,"Allison, Wallace and Luna",Completed
FIN_0026517,2021-12-28,ACC_00301,Finance,Purchase,7048.75,USD,Gibson-Mccullough,Completed
FIN_0499886,2023-08-17,ACC_00187,Finance,Operating Expense,43041.77,USD,Mclean Ltd,Completed
FIN_0464363,2023-02-27,ACC_00077,Engineering,Operating Expense,7116.3,INR,"Barajas, Pittman and Santana",Pending
FIN_0010446,2024-01-15,ACC_00156,Operations,Payroll,15614.04,INR,"Garcia, Andrews and Perez",Completed
FIN_0213261,2022-01-09,ACC_00292,Manufacturing,Revenue,88463.44,USD,Obrien and Sons,Completed
FIN_0484877,2022-12-16,ACC_00198,Marketing,Payroll,3725.72,USD,Hodge Group,Failed
FIN_0009004,2022-09-27,ACC_00209,Supply Chain,Revenue,71750.76,SEK,Waters-Kline,Pending
FIN_0128884,2022-03-19,ACC_00058,Information Technology,Revenue,12672.9,EUR,Donovan Inc,Failed
FIN_0184925,2023-04-09,ACC_00418,Information Technology,Operating Expense,42312.85,SEK,UNKNOWN,Completed
FIN_0295144,2024-04-16,ACC_00252,Operations,Payroll,8556.55,SEK,Miller Group,Completed
FIN_0122423,2021-05-09,ACC_00156,Finance,Operating Expense,38130.69,USD,Jones Inc,Completed
FIN_0025448,2022-06-29,ACC_00287,Human Resources,Purchase,15763.0,USD,Mcconnell-Miller,Completed
FIN_0235959,2023-09-23,ACC_00192,Supply Chain,Purchase,13581.07,EUR,Gomez-Anthony,Completed
FIN_0171846,2026-02-19,ACC_00402,Manufacturing,Revenue,25256.65,SEK,"Malone, Rodriguez and Anderson",Completed
FIN_0340243,2023-11-16,ACC_00275,Engineering,Operating Expense,22624.92,INR,Nguyen-Tyler,Completed
FIN_0164296,2024-02-27,ACC_00229,Engineering,Operating Expense,8048.23,INR,"Smith, May and Mcbride",Completed
FIN_0112721,2025-05-13,ACC_00182,Information Technology,Revenue,39940.38,SEK,Hoffman Ltd,Completed
FIN_0156901,2026-05-21,ACC_00037,Manufacturing,Operating Expense,36867.84,USD,"Shepard, Hernandez and Gentry",Failed
FIN_0494414,2022-05-17,ACC_00275,Human Resources,Purchase,24299.22,EUR,"Aguirre, Smith and Allen",Completed
FIN_0386158,2025-01-11,ACC_00187,Information Technology,Payroll,12376.49,SEK,Camacho-Hardin,Completed
FIN_0435907,2021-09-16,ACC_00199,Marketing,Purchase,36855.44,SEK,Wallace Ltd,Pending
FIN_0475325,2025-02-01,ACC_00468,Sales,Revenue,73655.45,INR,Brown Group,Failed
FIN_0348673,2024-06-03,ACC_00122,Finance,Purchase,10774.65,INR,Patton Group,Completed
FIN_0393261,2024-02-27,ACC_00238,Finance,Revenue,35936.66,SEK,Serrano LLC,Completed
FIN_0394260,2021-06-11,ACC_00345,Information Technology,Payroll,43644.8,EUR,Gonzalez Inc,Completed
FIN_0420138,2022-05-30,ACC_00298,Supply Chain,Revenue,4426.75,EUR,Proctor LLC,Completed
FIN_0488322,2025-12-12,ACC_00415,Marketing,Revenue,88869.45,INR,Gonzalez Ltd,Completed
FIN_0182149,2024-11-28,ACC_00348,Supply Chain,Revenue,25917.33,SEK,Ward Group,Completed
FIN_0370207,2025-04-12,ACC_00431,Sales,Operating Expense,34030.69,USD,"Mills, Montgomery and Glover",Completed
FIN_0000885,2023-08-18,ACC_00117,Sales,Revenue,56905.83,INR,Banks-Robles,Completed
FIN_0442641,2023-11-17,ACC_00409,Information Technology,Investment,25060.63,SEK,Vasquez Inc,Pending
FIN_0280426,2025-09-10,ACC_00463,Human Resources,Purchase,2980.23,INR,"Arnold, Rice and Patterson",Completed
FIN_0117945,2022-11-23,ACC_00173,Marketing,Payroll,44035.03,USD,Mills-Reed,Completed
FIN_0355977,2024-06-11,ACC_00222,Engineering,Payroll,17011.46,EUR,Sanchez Ltd,Completed
FIN_0366948,2024-05-23,ACC_00493,Supply Chain,Purchase,44855.49,SEK,"Anderson, Ross and Robinson",Completed
FIN_0097403,2025-09-08,ACC_00495,Manufacturing,Payroll,40734.57,EUR,"Schmidt, Allen and Myers",Completed
FIN_0034638,2025-06-12,ACC_00074,Finance,Revenue,63315.47,SEK,Williamson and Sons,Completed
FIN_0079407,2024-02-26,ACC_00178,Manufacturing,Purchase,7607.74,EUR,Harris Inc,Completed
FIN_0419214,2025-03-26,ACC_00021,Marketing,Revenue,82541.32,SEK,Perez-Young,Failed
FIN_0130863,2023-06-28,ACC_00451,Supply Chain,Purchase,6769.47,SEK,"Patterson, Lamb and Greene",Pending
FIN_0192163,2024-09-09,ACC_00018,Human Resources,Investment,13748.57,USD,Fitzpatrick-Buchanan,Completed
FIN_0027325,2026-06-20,ACC_00176,Sales,Purchase,250.89,USD,"Blackburn, Johnson and Russell",Completed
FIN_0131488,2025-01-30,ACC_00455,Human Resources,Purchase,35161.32,EUR,Romero LLC,Completed
FIN_0080442,2025-10-28,ACC_00193,Operations,Purchase,18192.61,SEK,"Williams, Cruz and Hartman",Completed
FIN_0202340,2023-06-04,ACC_00401,Engineering,Payroll,1916.28,USD,Ruiz-Davis,Completed
FIN_0251692,2021-07-08,ACC_00190,Sales,Revenue,32891.56,SEK,Mcconnell-Knight,Completed
FIN_0080943,2024-10-07,ACC_00362,Sales,Purchase,36724.38,SEK,"Thompson, Mccall and Roberts",Completed
FIN_0437009,2022-04-09,ACC_00400,Information Technology,Operating Expense,32702.57,SEK,"Lambert, Hughes and Miller",Completed
FIN_0164363,2025-12-24,ACC_00005,Manufacturing,Revenue,7898.75,INR,York-Watkins,Completed
FIN_0379590,2021-09-06,ACC_00238,Information Technology,Purchase,46327.13,INR,Romero-Tanner,Completed
FIN_0033286,2021-02-15,ACC_00335,Engineering,Revenue,59748.14,INR,"Serrano, Rollins and Zamora",Completed
FIN_0120451,2025-05-23,ACC_00321,Operations,Operating Expense,18892.92,EUR,"Patrick, Hodge and Stanley",Pending
FIN_0255608,2025-04-17,ACC_00259,Engineering,Payroll,16187.04,INR,Cervantes Inc,Completed
FIN_0309647,2021-03-13,ACC_00386,Supply Chain,Operating Expense,720.9,EUR,Mclaughlin PLC,Completed
FIN_0180662,2021-05-30,ACC_00392,Manufacturing,Operating Expense,33599.24,INR,"Smith, Hernandez and Vaughan",Pending
FIN_0325839,2022-02-11,ACC_00282,Marketing,Revenue,94322.97,USD,"Ramirez, Richard and Schmidt",Completed
FIN_0243335,2022-09-17,ACC_00209,Operations,Operating Expense,12933.82,INR,Fisher-Sanders,Pending
FIN_0058401,2021-01-06,ACC_00493,Engineering,Purchase,44758.11,USD,"Richard, Howe and Parker",Completed
FIN_0157100,2025-09-13,ACC_00042,Operations,Purchase,36867.74,SEK,"Hayes, Allen and Crosby",Pending
FIN_0132163,2022-04-22,ACC_00079,Supply Chain,Operating Expense,27340.94,USD,Hoffman PLC,Completed
FIN_0304853,2021-05-27,ACC_00267,Manufacturing,Revenue,8194.44,SEK,Turner-Salinas,Pending
FIN_0262339,2023-10-14,ACC_00396,Engineering,Purchase,9581.26,INR,Osborne-Vargas,Completed
FIN_0218555,2021-03-16,ACC_00285,Operations,Operating Expense,19794.14,INR,Hutchinson Group,Completed
FIN_0437921,2023-04-08,ACC_00056,Human Resources,Revenue,41973.7,SEK,"Harding, Carr and Sparks",Completed
FIN_0456429,2022-12-13,ACC_00069,Engineering,Payroll,6835.07,EUR,"Kelly, Brown and Wilson",Failed
FIN_0197116,2024-01-11,ACC_00387,Finance,Purchase,22598.15,USD,Hicks and Sons,Completed
FIN_0157374,2025-05-03,ACC_00464,Information Technology,Operating Expense,38500.88,INR,Bailey Group,Completed
FIN_0243863,2025-07-12,ACC_00007,Manufacturing,Operating Expense,4010.5,USD,"Hernandez, Powell and Hall",Completed
FIN_0017824,2021-09-29,ACC_00435,Finance,Revenue,57440.4,EUR,Rich-Hall,Completed
FIN_0274314,2024-11-30,ACC_00014,Operations,Payroll,13042.5,INR,Clark Inc,Completed
FIN_0090540,2022-07-22,ACC_00344,Engineering,Revenue,1090.53,EUR,"Wilkerson, Fisher and Harvey",Pending
FIN_0289466,2024-05-10,ACC_00216,Manufacturing,Purchase,29436.43,EUR,Arnold Ltd,Pending
FIN_0338192,2025-04-23,ACC_00307,Finance,Revenue,45101.47,INR,Sosa-Grant,Completed
FIN_0290865,2026-02-04,ACC_00247,Sales,Revenue,42678.18,SEK,"Warren, Gonzalez and Miller",Completed
FIN_0046552,2026-01-20,ACC_00371,Sales,Revenue,23026.18,INR,Ramirez-Green,Completed
FIN_0255331,2023-09-03,ACC_00431,Marketing,Operating Expense,36476.67,SEK,Booth PLC,Completed
FIN_0084089,2026-06-28,ACC_00073,Supply Chain,Investment,41021.22,USD,Nunez-Martin,Pending
FIN_0499790,2025-11-30,ACC_00287,Operations,Investment,48786.41,EUR,Perez-Hatfield,Completed
FIN_0144252,2024-09-04,ACC_00280,Supply Chain,Operating Expense,10357.14,USD,Gomez Inc,Completed
FIN_0472218,2024-04-08,ACC_00067,Supply Chain,Revenue,79908.66,INR,"Galloway, Griffin and Smith",Completed
FIN_0440828,2026-03-18,ACC_00348,Marketing,Payroll,20397.53,EUR,"Myers, Hayes and Wilson",Completed
FIN_0254927,2025-10-28,ACC_00444,Operations,Revenue,58771.79,SEK,Mendoza-Bates,Completed
FIN_0298448,2023-07-13,ACC_00333,Human Resources,Revenue,77456.11,USD,Kemp LLC,Completed
FIN_0183298,2023-07-20,ACC_00339,Manufacturing,Revenue,50025.68,EUR,"Olson, Dunn and Norris",Completed
FIN_0020669,2021-05-08,ACC_00298,Supply Chain,Operating Expense,14136.87,INR,"Nelson, Ramirez and Jordan",Completed
FIN_0327690,2024-03-30,ACC_00258,Finance,Revenue,48535.63,EUR,"Lyons, Bowman and Martinez",Completed
FIN_0017740,2021-09-03,ACC_00146,Finance,Operating Expense,21137.87,INR,Gardner and Sons,Completed
FIN_0341482,2023-06-29,ACC_00103,Information Technology,Purchase,43015.91,USD,Simpson PLC,Completed
FIN_0111025,2021-09-26,ACC_00374,Sales,Revenue,23132.78,SEK,"Carpenter, Herrera and Hill",Completed
FIN_0317365,2023-04-19,ACC_00307,Information Technology,Operating Expense,8230.68,EUR,Jensen-Vazquez,Completed
FIN_0248130,2022-09-14,ACC_00305,Engineering,Operating Expense,5592.04,INR,"Sparks, Sutton and Mullen",Completed
FIN_0349832,2022-08-18,ACC_00363,Information Technology,Revenue,10591.81,INR,Richards Ltd,Completed
FIN_0271074,2024-03-15,ACC_00254,Manufacturing,Purchase,19318.5,SEK,Ferrell-Merritt,Pending
FIN_0339836,2024-06-13,ACC_00039,Engineering,Investment,42714.47,SEK,Mckinney LLC,Completed
FIN_0094766,2023-03-23,ACC_00305,Supply Chain,Investment,44722.48,EUR,"Jackson, Holmes and Byrd",Completed
FIN_0388716,2025-02-10,ACC_00470,Operations,Purchase,19507.07,USD,"Johnson, Johnson and Gilbert",Completed
FIN_0303155,2025-04-11,ACC_00315,Human Resources,Operating Expense,6400.03,SEK,Johnson-Davis,Completed
FIN_0021890,2023-03-14,ACC_00243,Operations,Purchase,746.66,EUR,"Navarro, West and White",Completed
FIN_0011308,2023-05-27,ACC_00009,Sales,Payroll,21983.19,SEK,"Brown, Hill and Ibarra",Completed
FIN_0446599,2024-12-18,ACC_00199,Operations,Purchase,39177.08,SEK,Gutierrez and Sons,Pending
FIN_0061463,2024-09-07,ACC_00135,Manufacturing,Revenue,20150.83,SEK,"Lamb, Stevens and Perry",Completed
FIN_0344700,2023-04-13,ACC_00293,Supply Chain,Purchase,46452.34,INR,Simmons-Cooper,Completed
FIN_0474583,2025-11-04,ACC_00452,Engineering,Revenue,96885.49,EUR,Leblanc-Garza,Completed
FIN_0351002,2022-12-07,ACC_00500,Finance,Operating Expense,40088.85,EUR,Mills-Rangel,Completed
FIN_0295046,2025-01-25,ACC_00129,Manufacturing,Investment,15909.65,SEK,UNKNOWN,Completed
FIN_0411640,2021-12-04,ACC_00028,Marketing,Operating Expense,30570.43,SEK,Robles and Sons,Completed
FIN_0343027,2025-03-11,ACC_00285,Marketing,Operating Expense,47014.04,USD,UNKNOWN,Pending
FIN_0351324,2026-05-27,ACC_00228,Engineering,Revenue,31904.02,SEK,Craig-Tucker,Completed
FIN_0342804,2025-07-25,ACC_00154,Marketing,Investment,32372.25,EUR,"Jordan, Walters and Cochran",Completed
FIN_0451433,2021-11-08,ACC_00027,Supply Chain,Revenue,77193.61,USD,Martin-Lopez,Completed
FIN_0086696,2024-09-13,ACC_00420,Sales,Revenue,15635.91,EUR,Thomas Inc,Completed
FIN_0019048,2024-05-18,ACC_00191,Marketing,Purchase,35087.04,EUR,"Thompson, Spencer and Sanchez",Completed
FIN_0126216,2022-12-13,ACC_00012,Human Resources,Purchase,13290.88,INR,Snyder-Duke,Completed
FIN_0294397,2021-08-26,ACC_00142,Engineering,Operating Expense,8774.4,SEK,UNKNOWN,Completed
FIN_0226507,2022-08-07,ACC_00273,Supply Chain,Operating Expense,48013.29,USD,Flynn-Matthews,Completed
FIN_0431354,2023-09-14,ACC_00040,Sales,Revenue,61270.57,INR,"Reynolds, Phillips and Lee",Completed
FIN_0409712,2025-06-11,ACC_00405,Marketing,Revenue,7507.23,USD,Fischer PLC,Completed
FIN_0135359,2024-06-01,ACC_00368,Marketing,Operating Expense,29317.34,EUR,Thompson-Pierce,Completed
FIN_0054203,2024-08-25,ACC_00373,Human Resources,Purchase,9884.18,EUR,"Rice, Anderson and Ryan",Completed
FIN_0000496,2023-01-28,ACC_00369,Human Resources,Payroll,41352.7,USD,Vega Ltd,Completed
FIN_0213690,2021-04-22,ACC_00438,Sales,Payroll,40063.0,USD,Joyce-Bradley,Completed
FIN_0049874,2025-06-06,ACC_00166,Supply Chain,Payroll,30774.27,SEK,"Beck, Singleton and Sanchez",Completed
FIN_0121723,2024-10-10,ACC_00415,Supply Chain,Operating Expense,29113.64,EUR,"Ruiz, Lopez and Carter",Completed
FIN_0278888,2022-06-15,ACC_00213,Engineering,Revenue,41055.22,SEK,Bruce and Sons,Completed
FIN_0242165,2026-03-18,ACC_00007,Human Resources,Purchase,47279.88,USD,"Pope, Phillips and Taylor",Completed
FIN_0395321,2024-04-22,ACC_00279,Engineering,Purchase,35480.47,SEK,"Hendricks, Martinez and Thomas",Completed
FIN_0243425,2021-10-20,ACC_00181,Operations,Revenue,88747.16,EUR,Baker-Johnson,Completed
FIN_0136511,2022-01-08,ACC_00362,Finance,Revenue,29343.87,INR,Washington-Robles,Completed
FIN_0085665,2026-02-21,ACC_00490,Sales,Purchase,41417.1,USD,Lee Group,Completed
FIN_0452304,2024-03-02,ACC_00063,Operations,Investment,29060.17,SEK,Adams-Smith,Completed
FIN_0440480,2025-09-10,ACC_00460,Engineering,Operating Expense,47106.7,EUR,"Santiago, Hall and Williams",Pending
FIN_0490215,2022-08-02,ACC_00159,Manufacturing,Revenue,77291.2,EUR,Stewart and Sons,Completed
FIN_0300936,2021-08-03,ACC_00109,Operations,Investment,30228.72,EUR,"Powell, Gordon and Mason",Completed
FIN_0352150,2026-05-13,ACC_00259,Operations,Operating Expense,35794.81,EUR,Benson PLC,Completed
FIN_0116574,2024-10-03,ACC_00253,Information Technology,Operating Expense,8172.77,INR,"Wells, Shepherd and Perry",Completed
FIN_0189527,2025-01-06,ACC_00093,Marketing,Purchase,7506.98,INR,"Cole, Hodges and Walker",Completed
FIN_0324304,2025-02-15,ACC_00190,Sales,Revenue,83807.64,EUR,Robinson LLC,Completed
FIN_0117390,2023-01-30,ACC_00029,Finance,Revenue,29032.62,SEK,"Day, Lowe and Young",Completed
FIN_0029846,2022-02-24,ACC_00017,Marketing,Revenue,90746.88,SEK,Smith-Combs,Completed
FIN_0328388,2021-09-25,ACC_00278,Operations,Purchase,15647.84,INR,Vega-Moon,Pending
FIN_0023210,2021-03-04,ACC_00490,Finance,Operating Expense,29395.05,USD,Herrera-Lynch,Completed
FIN_0451693,2021-03-14,ACC_00231,Finance,Purchase,4253.47,USD,Torres-Vazquez,Completed
FIN_0389419,2023-01-01,ACC_00463,Marketing,Operating Expense,8677.91,SEK,Wong-Harvey,Completed
FIN_0225671,2023-08-12,ACC_00398,Information Technology,Payroll,2914.32,INR,"Hunt, Hatfield and Conley",Completed
FIN_0064843,2021-08-16,ACC_00089,Supply Chain,Payroll,13669.98,USD,"Reyes, Ferguson and Berry",Completed
FIN_0349544,2021-09-09,ACC_00146,Information Technology,Revenue,51478.85,USD,"Thompson, Lambert and Shepherd",Completed
FIN_0242552,2023-05-29,ACC_00416,Engineering,Operating Expense,16028.32,INR,Martin-Bates,Completed
FIN_0047450,2025-11-06,ACC_00310,Supply Chain,Revenue,57712.96,EUR,"Harper, Carpenter and Collins",Completed
FIN_0228500,2022-05-16,ACC_00102,Human Resources,Purchase,3009.81,INR,Henderson Ltd,Completed
FIN_0164166,2023-12-04,ACC_00021,Manufacturing,Purchase,2878.48,USD,Johnson-Rivera,Pending
FIN_0083369,2021-08-04,ACC_00360,Human Resources,Revenue,9344.56,SEK,Schmidt Ltd,Completed
FIN_0382617,2023-01-20,ACC_00194,Operations,Operating Expense,21787.62,EUR,Elliott-Gutierrez,Pending
FIN_0078310,2025-11-25,ACC_00188,Marketing,Operating Expense,48572.15,EUR,Carrillo and Sons,Completed
FIN_0278982,2025-03-02,ACC_00111,Engineering,Revenue,66809.28,INR,Mitchell Inc,Failed
FIN_0041061,2025-01-18,ACC_00244,Information Technology,Purchase,14895.84,USD,"Allen, Garcia and Garner",Completed
FIN_0022556,2025-05-07,ACC_00279,Sales,Operating Expense,17095.73,EUR,Richardson-Adams,Pending
FIN_0219585,2025-09-23,ACC_00335,Sales,Payroll,40822.27,EUR,Mccoy LLC,Completed
FIN_0318907,2024-12-29,ACC_00167,Sales,Purchase,26454.13,USD,"Phillips, Patton and Reyes",Completed
FIN_0234870,2024-05-31,ACC_00295,Engineering,Payroll,14397.97,EUR,Bush-Gardner,Completed
FIN_0053145,2022-02-12,ACC_00164,Human Resources,Revenue,93075.44,EUR,"Sims, Bailey and Valencia",Completed
FIN_0437574,2025-11-10,ACC_00347,Finance,Payroll,275.2,SEK,Johnson-Aguilar,Pending
FIN_0315386,2024-12-06,ACC_00495,Supply Chain,Operating Expense,27432.47,INR,Vasquez Inc,Completed
FIN_0438369,2021-10-09,ACC_00152,Operations,Purchase,34671.61,INR,"Johnson, Davis and Miller",Pending
FIN_0153217,2023-08-09,ACC_00058,Human Resources,Revenue,10616.97,EUR,"Davidson, Barnes and Cannon",Completed
FIN_0011414,2023-01-10,ACC_00185,Engineering,Payroll,11212.81,USD,"Turner, Walters and Hartman",Completed
FIN_0190255,2025-05-07,ACC_00021,Information Technology,Payroll,3106.52,INR,Thompson PLC,Completed
FIN_0193146,2026-02-27,ACC_00016,Human Resources,Payroll,39953.32,INR,Burns-Barnes,Completed
FIN_0345600,2021-12-10,ACC_00127,Marketing,Operating Expense,49139.12,USD,Brown-Oconnor,Completed
FIN_0075070,2024-12-27,ACC_00469,Information Technology,Revenue,40412.87,SEK,"Simpson, Smith and Carr",Pending
FIN_0123639,2022-10-10,ACC_00435,Finance,Revenue,32660.71,SEK,Ferguson Group,Completed
FIN_0191742,2024-05-11,ACC_00439,Finance,Purchase,43516.13,SEK,"Wright, Shepard and Stewart",Completed
FIN_0096296,2023-06-25,ACC_00028,Manufacturing,Revenue,27879.02,SEK,Smith Inc,Completed
FIN_0438296,2022-05-05,ACC_00182,Operations,Operating Expense,11446.76,EUR,Martinez-Eaton,Completed
FIN_0465761,2022-07-23,ACC_00498,Sales,Purchase,2475.2,INR,Weaver and Sons,Completed
FIN_0308013,2025-07-18,ACC_00061,Supply Chain,Payroll,42334.78,USD,"Ryan, Marshall and Clark",Completed
FIN_0399415,2021-05-30,ACC_00464,Sales,Revenue,74664.52,INR,"Randolph, Gay and Davis",Completed
FIN_0370282,2023-12-26,ACC_00225,Information Technology,Purchase,38606.56,USD,Obrien-Golden,Completed
FIN_0238948,2022-04-04,ACC_00147,Human Resources,Purchase,1952.45,USD,"Smith, Holt and Cross",Completed
FIN_0101980,2024-04-30,ACC_00466,Supply Chain,Operating Expense,38818.61,SEK,Hall and Sons,Completed
FIN_0346099,2021-07-18,ACC_00173,Information Technology,Payroll,27961.1,USD,Turner-Velasquez,Completed
FIN_0064898,2026-01-16,ACC_00255,Operations,Revenue,15609.15,SEK,Holmes-Nelson,Completed
FIN_0228789,2025-06-09,ACC_00369,Sales,Payroll,21499.04,EUR,"Harper, Wright and Yang",Completed
FIN_0095504,2023-03-31,ACC_00255,Sales,Operating Expense,25228.87,EUR,Liu Inc,Completed
FIN_0359377,2023-11-12,ACC_00008,Supply Chain,Payroll,40325.84,USD,UNKNOWN,Completed
FIN_0387455,2022-08-03,ACC_00140,Finance,Investment,18828.52,INR,"Bell, Lopez and Garcia",Completed
FIN_0453350,2023-03-10,ACC_00265,Marketing,Revenue,98575.12,INR,"Mejia, Burnett and Dyer",Completed
FIN_0063602,2023-10-20,ACC_00457,Information Technology,Revenue,52031.88,EUR,Velazquez-Choi,Completed
FIN_0457500,2025-06-01,ACC_00080,Manufacturing,Payroll,12428.72,INR,"Davis, Russell and Watson",Completed
FIN_0419527,2022-09-24,ACC_00065,Information Technology,Operating Expense,29890.9,USD,Hanson and Sons,Completed
FIN_0480584,2021-01-22,ACC_00496,Information Technology,Operating Expense,1774.6,SEK,"Wright, Stanley and Frazier",Pending
FIN_0268145,2021-12-18,ACC_00131,Supply Chain,Payroll,17024.59,INR,Diaz-Williams,Completed
FIN_0307279,2021-06-23,ACC_00437,Manufacturing,Purchase,14465.45,EUR,"Moore, Campbell and Cox",Completed
FIN_0158914,2021-12-25,ACC_00077,Sales,Operating Expense,33942.37,INR,Flores-Taylor,Completed
FIN_0136487,2022-07-11,ACC_00335,Finance,Purchase,6121.91,INR,"Nunez, Craig and Ibarra",Completed
FIN_0109427,2022-03-31,ACC_00237,Information Technology,Operating Expense,17466.4,USD,Hart Ltd,Completed
FIN_0039782,2022-01-23,ACC_00392,Sales,Purchase,22321.47,SEK,Bailey-Pearson,Completed
FIN_0368322,2025-01-01,ACC_00436,Engineering,Operating Expense,15827.97,USD,Riley-Edwards,Completed
FIN_0187179,2022-05-06,ACC_00154,Manufacturing,Operating Expense,19418.08,USD,Fisher Group,Completed
FIN_0097258,2025-02-25,ACC_00473,Supply Chain,Operating Expense,30385.37,USD,Snyder-Edwards,Completed
FIN_0013518,2021-09-12,ACC_00078,Marketing,Operating Expense,48957.09,USD,"Ayers, Turner and Webster",Completed
FIN_0009083,2023-10-11,ACC_00233,Engineering,Operating Expense,36770.52,SEK,Wells-Nguyen,Completed
FIN_0324084,2022-06-06,ACC_00480,Sales,Operating Expense,8366.75,INR,Gallagher-Moore,Failed
FIN_0464407,2022-07-26,ACC_00182,Finance,Revenue,13116.04,EUR,"Moore, Maxwell and Osborn",Completed
FIN_0022107,2025-04-25,ACC_00228,Information Technology,Purchase,7451.53,SEK,"Wood, Martinez and Hall",Completed
FIN_0048877,2026-04-26,ACC_00346,Sales,Purchase,9026.88,USD,Browning-Green,Completed
FIN_0477395,2022-04-05,ACC_00006,Operations,Revenue,25468.55,INR,Moore-Larson,Completed
FIN_0344861,2021-08-31,ACC_00371,Information Technology,Purchase,11594.73,SEK,Cook and Sons,Completed
FIN_0394566,2022-09-25,ACC_00271,Engineering,Purchase,38623.05,EUR,Morton LLC,Completed
FIN_0139656,2025-02-25,ACC_00402,Marketing,Revenue,27869.5,SEK,"Kelly, Smith and Brown",Completed
FIN_0452389,2023-12-01,ACC_00172,Finance,Purchase,8049.68,USD,Lee-Sheppard,Completed
FIN_0498215,2025-11-26,ACC_00330,Supply Chain,Purchase,34604.42,USD,"Daugherty, Austin and Mason",Completed
FIN_0075864,2024-07-25,ACC_00326,Operations,Purchase,37587.46,USD,"Melton, Ramos and Armstrong",Completed
FIN_0459535,2023-06-07,ACC_00308,Information Technology,Purchase,11467.16,EUR,Frederick PLC,Completed
FIN_0215841,2025-06-29,ACC_00028,Finance,Operating Expense,5813.69,USD,Sanchez-Ortega,Completed
FIN_0241761,2025-01-27,ACC_00082,Engineering,Revenue,33541.63,SEK,UNKNOWN,Completed
FIN_0183461,2021-03-29,ACC_00080,Human Resources,Operating Expense,6836.49,EUR,Foley LLC,Completed
FIN_0403253,2022-10-07,ACC_00330,Manufacturing,Payroll,37772.64,EUR,Jordan Inc,Completed
FIN_0122734,2025-09-14,ACC_00220,Human Resources,Purchase,38579.2,USD,Yang-Carroll,Completed
FIN_0484724,2024-02-10,ACC_00253,Marketing,Purchase,12955.4,INR,"Perkins, Willis and Greene",Completed
FIN_0403051,2026-03-06,ACC_00116,Finance,Payroll,14958.14,INR,Johnston-Friedman,Completed
FIN_0131975,2022-05-18,ACC_00382,Finance,Operating Expense,15745.81,INR,"Watson, Robles and Harris",Completed
FIN_0471036,2025-12-06,ACC_00059,Sales,Revenue,5292.5,SEK,Thompson-Anderson,Pending
FIN_0021491,2022-07-02,ACC_00023,Human Resources,Purchase,41760.19,SEK,Thompson Ltd,Completed
FIN_0321607,2022-05-29,ACC_00243,Operations,Revenue,75550.72,INR,"Soto, Jenkins and Caldwell",Completed
FIN_0369329,2024-08-25,ACC_00496,Operations,Purchase,22850.96,EUR,"Brown, Malone and Vincent",Completed
FIN_0489148,2025-12-14,ACC_00225,Sales,Operating Expense,5467.98,USD,"Wilcox, Baker and Christensen",Completed
FIN_0399775,2025-02-05,ACC_00081,Human Resources,Operating Expense,44242.85,SEK,"Gutierrez, Reeves and Griffith",Completed
FIN_0047241,2024-03-06,ACC_00483,Manufacturing,Operating Expense,1122.02,SEK,Flores-Mcfarland,Completed
FIN_0362683,2026-02-12,ACC_00032,Manufacturing,Investment,33664.99,INR,"King, Robinson and Johnson",Completed
FIN_0431721,2024-10-25,ACC_00317,Supply Chain,Operating Expense,9476.48,EUR,Martinez-Howard,Completed
FIN_0397859,2024-09-20,ACC_00327,Finance,Operating Expense,37527.84,USD,"Ford, Holmes and Jackson",Failed
FIN_0406487,2021-07-25,ACC_00437,Marketing,Purchase,48567.02,INR,Dixon LLC,Completed
FIN_0482189,2021-03-21,ACC_00010,Information Technology,Purchase,9276.74,SEK,"Parker, Contreras and White",Pending
FIN_0113166,2022-12-31,ACC_00278,Engineering,Revenue,6006.48,USD,"Richardson, Burton and Reid",Completed
FIN_0234537,2025-08-09,ACC_00417,Operations,Payroll,1381.57,INR,"Jones, Cook and Wilson",Completed
FIN_0211703,2025-12-07,ACC_00099,Marketing,Operating Expense,37638.08,USD,Schmidt-Howard,Completed
FIN_0230676,2022-01-13,ACC_00233,Engineering,Revenue,71034.95,INR,Weeks LLC,Completed
FIN_0038848,2023-05-18,ACC_00076,Engineering,Purchase,48317.24,USD,"Barr, Hatfield and Watson",Completed
FIN_0134845,2021-12-21,ACC_00181,Manufacturing,Investment,1045.73,USD,Hubbard LLC,Completed
FIN_0110005,2021-02-21,ACC_00200,Manufacturing,Revenue,27030.42,EUR,"Gross, Morgan and Cook",Completed
FIN_0240554,2022-11-30,ACC_00178,Marketing,Revenue,5114.76,INR,"Mclaughlin, Vargas and Wood",Completed
FIN_0230693,2021-09-19,ACC_00371,Manufacturing,Operating Expense,44323.29,USD,Logan LLC,Completed
FIN_0194415,2022-10-20,ACC_00395,Marketing,Investment,48412.7,EUR,Mosley-Mooney,Completed
FIN_0258403,2022-03-19,ACC_00178,Engineering,Payroll,14108.41,USD,Roberts Ltd,Completed
FIN_0065891,2023-11-05,ACC_00373,Engineering,Investment,28303.86,EUR,"Best, Mullins and Porter",Completed
FIN_0438942,2022-10-02,ACC_00328,Operations,Purchase,9635.88,INR,"Clark, Wright and Farley",Completed
FIN_0291832,2023-11-23,ACC_00438,Marketing,Payroll,26640.37,EUR,Smith-Hunt,Completed
FIN_0154845,2024-11-01,ACC_00490,Information Technology,Investment,15711.17,EUR,"Lopez, Oliver and Robinson",Completed
FIN_0361622,2025-08-09,ACC_00052,Human Resources,Revenue,83706.07,EUR,"Kim, Davidson and Adams",Completed
FIN_0343775,2021-03-22,ACC_00038,Engineering,Revenue,46449.61,USD,Sanders-Hoffman,Completed
FIN_0342295,2024-03-23,ACC_00080,Manufacturing,Purchase,6964.71,EUR,Marshall-Torres,Completed
FIN_0450863,2021-02-08,ACC_00297,Sales,Purchase,38285.49,SEK,Huang-Baldwin,Completed
FIN_0003100,2023-03-23,ACC_00471,Human Resources,Purchase,6488.0,USD,Thomas-Peterson,Completed
FIN_0456370,2026-05-19,ACC_00247,Marketing,Investment,1434.8,SEK,"Hawkins, Ross and Ward",Completed
FIN_0204547,2026-04-06,ACC_00430,Operations,Operating Expense,29844.23,EUR,Davies Inc,Completed
FIN_0356649,2024-12-09,ACC_00460,Engineering,Revenue,32697.73,EUR,Graham and Sons,Completed
FIN_0425942,2023-09-03,ACC_00220,Manufacturing,Purchase,24886.57,EUR,Lopez-Anderson,Completed
FIN_0231791,2022-04-28,ACC_00226,Operations,Operating Expense,830.04,SEK,UNKNOWN,Completed
FIN_0465746,2024-12-10,ACC_00390,Marketing,Revenue,11867.4,INR,Carson-Mitchell,Completed
FIN_0076096,2023-09-24,ACC_00084,Supply Chain,Revenue,93241.63,INR,"Montgomery, Larsen and Brennan",Completed
FIN_0104321,2023-11-11,ACC_00100,Operations,Revenue,72451.14,EUR,"Ramirez, Vasquez and Dudley",Completed
FIN_0100125,2024-01-13,ACC_00261,Marketing,Purchase,19619.7,EUR,UNKNOWN,Completed
FIN_0285576,2026-04-28,ACC_00335,Manufacturing,Revenue,19937.19,EUR,Lyons-Herrera,Completed
FIN_0271215,2023-04-08,ACC_00323,Marketing,Revenue,30972.64,INR,Simmons-Gonzales,Completed
FIN_0003867,2025-04-22,ACC_00045,Information Technology,Operating Expense,47699.73,USD,Garza-Howard,Completed
FIN_0166876,2022-04-21,ACC_00453,Finance,Purchase,5749.12,EUR,"Kaufman, Gibbs and Nicholson",Completed
FIN_0279417,2026-05-11,ACC_00410,Information Technology,Purchase,25583.5,INR,Doyle and Sons,Completed
FIN_0323526,2025-09-25,ACC_00422,Operations,Operating Expense,8703.77,INR,Marquez Ltd,Completed
FIN_0165061,2024-10-02,ACC_00083,Sales,Revenue,67761.11,EUR,Lewis Inc,Completed
FIN_0272628,2025-11-09,ACC_00102,Sales,Revenue,93886.47,EUR,Miller PLC,Pending
FIN_0001582,2023-09-11,ACC_00040,Supply Chain,Payroll,45162.23,INR,Daniels-Pacheco,Completed
FIN_0022192,2025-05-01,ACC_00449,Marketing,Payroll,29043.26,SEK,Guerrero Ltd,Completed
FIN_0073725,2024-03-23,ACC_00036,Engineering,Purchase,2374.34,EUR,"Fischer, Green and Richardson",Completed
FIN_0222094,2026-02-17,ACC_00155,Human Resources,Purchase,6629.7,SEK,UNKNOWN,Completed
FIN_0218544,2024-12-10,ACC_00418,Engineering,Purchase,42558.43,EUR,"Brown, Vega and Carson",Completed
FIN_0093151,2026-05-29,ACC_00157,Supply Chain,Revenue,24656.88,SEK,Moore-Evans,Completed
FIN_0034240,2023-05-11,ACC_00154,Marketing,Revenue,82446.35,EUR,"Olson, Davis and Miller",Completed
FIN_0495227,2021-07-01,ACC_00057,Engineering,Operating Expense,12913.39,EUR,"Perkins, Gonzalez and Dodson",Completed
FIN_0138986,2025-09-18,ACC_00155,Marketing,Revenue,26120.77,INR,Williams-Page,Failed
FIN_0373971,2023-12-02,ACC_00176,Operations,Purchase,34017.84,INR,"Coleman, Taylor and Jimenez",Pending
FIN_0457169,2023-06-24,ACC_00306,Operations,Purchase,44502.62,EUR,Nelson-Henderson,Completed
FIN_0405907,2021-06-05,ACC_00367,Supply Chain,Operating Expense,29781.72,USD,Cuevas-Hunter,Completed
FIN_0410938,2024-10-18,ACC_00496,Human Resources,Revenue,71662.53,SEK,"Morales, Castillo and Johnson",Completed
FIN_0084470,2021-12-03,ACC_00076,Marketing,Payroll,19763.84,USD,"Lee, White and Carson",Pending
FIN_0068557,2022-05-03,ACC_00035,Manufacturing,Purchase,43941.6,EUR,"Gonzalez, Torres and Anderson",Completed
FIN_0140853,2021-04-24,ACC_00177,Human Resources,Investment,16867.62,SEK,Johnston Ltd,Completed
FIN_0405917,2024-03-12,ACC_00473,Engineering,Purchase,27114.28,INR,Garza Group,Completed
FIN_0473439,2024-09-25,ACC_00369,Sales,Operating Expense,33307.11,USD,Bowen LLC,Completed
FIN_0282505,2021-03-17,ACC_00018,Information Technology,Payroll,44782.4,SEK,"Noble, Williams and Snyder",Pending
FIN_0336756,2021-07-31,ACC_00324,Engineering,Revenue,93165.29,INR,Martinez-Hamilton,Completed
FIN_0215488,2025-08-24,ACC_00155,Human Resources,Payroll,40803.06,SEK,Boyd-Sandoval,Completed
FIN_0037229,2022-07-13,ACC_00355,Operations,Purchase,30812.86,SEK,"Bernard, Carey and Clark",Completed
FIN_0098480,2024-10-17,ACC_00179,Marketing,Revenue,64190.87,USD,Baker-Moody,Completed
FIN_0381573,2021-07-19,ACC_00221,Information Technology,Operating Expense,31472.36,EUR,Middleton LLC,Completed
FIN_0255439,2023-12-26,ACC_00390,Manufacturing,Investment,45671.53,EUR,Nguyen-Parker,Completed
FIN_0070070,2023-04-23,ACC_00316,Information Technology,Revenue,99791.22,SEK,"Garcia, Rivera and Jones",Completed
FIN_0318592,2024-07-29,ACC_00138,Information Technology,Revenue,60023.52,USD,Nguyen-Johnson,Completed
FIN_0221783,2021-01-01,ACC_00450,Supply Chain,Revenue,42273.3,USD,"Callahan, Rodriguez and Garrett",Completed
FIN_0080974,2025-07-29,ACC_00444,Operations,Payroll,37527.03,USD,Cooper-Maldonado,Completed
FIN_0141850,2023-11-06,ACC_00109,Engineering,Revenue,57778.92,INR,Smith and Sons,Completed
FIN_0347104,2021-11-23,ACC_00019,Manufacturing,Revenue,10906.19,SEK,"Casey, Flores and Gilmore",Pending
FIN_0475475,2025-12-17,ACC_00275,Sales,Operating Expense,7993.41,INR,"Brown, Anderson and Li",Completed
FIN_0404343,2026-03-27,ACC_00019,Manufacturing,Payroll,5427.52,EUR,"Flores, Chapman and Frye",Completed
FIN_0099608,2025-09-28,ACC_00009,Supply Chain,Purchase,39317.64,INR,UNKNOWN,Completed
FIN_0092761,2021-01-15,ACC_00084,Human Resources,Revenue,54274.32,INR,"Fletcher, Murray and Santos",Completed
FIN_0094132,2024-09-20,ACC_00019,Supply Chain,Payroll,27382.57,SEK,Page-Smith,Completed
FIN_0437801,2025-08-27,ACC_00424,Engineering,Operating Expense,23523.09,EUR,Adams-Moreno,Completed
FIN_0435520,2025-10-05,ACC_00124,Marketing,Revenue,18767.99,INR,Frederick-Smith,Completed
FIN_0277785,2023-12-24,ACC_00037,Finance,Payroll,18191.01,SEK,Floyd Group,Completed
FIN_0378734,2023-09-03,ACC_00488,Manufacturing,Operating Expense,26552.45,USD,"Hernandez, Peters and Larsen",Completed
FIN_0303115,2023-02-02,ACC_00046,Engineering,Purchase,30621.07,INR,Vazquez-Johnson,Completed
FIN_0483378,2024-02-09,ACC_00118,Finance,Purchase,28749.99,USD,King-Camacho,Completed
FIN_0403200,2022-10-11,ACC_00377,Engineering,Purchase,24229.5,USD,Williams Inc,Completed
FIN_0447331,2025-02-14,ACC_00281,Sales,Payroll,2775.88,EUR,Murphy Ltd,Completed
FIN_0034611,2022-08-03,ACC_00068,Supply Chain,Payroll,48626.94,SEK,Cortez-Scott,Completed
FIN_0246017,2022-04-02,ACC_00269,Sales,Purchase,37898.6,SEK,"Lewis, Walters and Lewis",Completed
FIN_0271436,2025-12-06,ACC_00466,Supply Chain,Revenue,72118.84,SEK,"Pittman, Rodriguez and Baldwin",Completed
FIN_0364188,2022-04-20,ACC_00268,Operations,Purchase,28848.59,INR,"Lawson, Flores and Combs",Completed
FIN_0027383,2022-05-03,ACC_00344,Human Resources,Investment,33984.9,EUR,Short Ltd,Completed
FIN_0303491,2026-04-21,ACC_00131,Human Resources,Operating Expense,8419.5,SEK,"Jones, Bowman and Davis",Completed
FIN_0486320,2024-10-08,ACC_00156,Operations,Operating Expense,29003.26,USD,Trujillo Group,Pending
FIN_0118177,2021-07-18,ACC_00442,Operations,Purchase,27587.64,EUR,UNKNOWN,Pending
FIN_0376981,2022-05-26,ACC_00158,Finance,Operating Expense,8868.21,USD,"Sanders, Cannon and Owens",Completed
FIN_0076932,2025-04-15,ACC_00327,Sales,Purchase,43930.97,USD,UNKNOWN,Completed
FIN_0287164,2025-06-17,ACC_00287,Sales,Purchase,10994.93,USD,"Parker, Sparks and Medina",Completed
FIN_0219667,2021-02-10,ACC_00142,Manufacturing,Purchase,16733.58,INR,"Adams, Gross and Compton",Completed
FIN_0109547,2023-05-11,ACC_00118,Human Resources,Purchase,21549.16,EUR,Peters and Sons,Completed
FIN_0117161,2026-04-10,ACC_00290,Human Resources,Payroll,6408.98,SEK,Williams-Bond,Pending
FIN_0464296,2025-10-24,ACC_00477,Manufacturing,Payroll,318.81,EUR,Hernandez Group,Pending
FIN_0158609,2023-12-03,ACC_00253,Sales,Revenue,75057.98,SEK,"Jackson, Nunez and Ford",Completed
FIN_0100428,2021-04-28,ACC_00440,Sales,Operating Expense,34694.7,INR,Coleman-Dixon,Completed
FIN_0118613,2021-12-08,ACC_00481,Information Technology,Revenue,89366.57,INR,Edwards-Browning,Completed
FIN_0420094,2022-03-26,ACC_00113,Marketing,Revenue,21400.68,SEK,Hall and Sons,Completed
FIN_0108430,2026-05-25,ACC_00026,Information Technology,Purchase,3842.7,INR,UNKNOWN,Completed
FIN_0280658,2023-02-01,ACC_00163,Manufacturing,Revenue,42975.93,SEK,Schroeder Ltd,Completed
FIN_0447600,2024-03-04,ACC_00246,Operations,Investment,9438.94,INR,Kim-Montoya,Completed
FIN_0064883,2026-04-10,ACC_00456,Operations,Purchase,39147.37,INR,Moyer-Smith,Completed
FIN_0414510,2022-02-28,ACC_00243,Engineering,Investment,1879.15,USD,Johnson LLC,Completed
FIN_0191774,2023-10-03,ACC_00011,Finance,Payroll,41244.48,INR,Mcclain PLC,Completed
FIN_0246527,2023-02-12,ACC_00492,Information Technology,Revenue,69983.0,SEK,Joseph and Sons,Completed
FIN_0092719,2024-03-03,ACC_00066,Marketing,Purchase,48776.0,SEK,Hampton-Becker,Completed
FIN_0359932,2022-08-16,ACC_00267,Supply Chain,Purchase,24610.27,INR,Alvarez Ltd,Completed
FIN_0242714,2022-01-22,ACC_00290,Information Technology,Operating Expense,13077.5,EUR,"Roberts, Black and Moore",Completed
FIN_0424438,2024-04-07,ACC_00352,Finance,Purchase,1098.3,USD,Brown-Blankenship,Completed
FIN_0312725,2026-05-20,ACC_00291,Manufacturing,Revenue,21465.01,INR,"Cantu, Martin and Miranda",Completed
FIN_0355349,2025-09-09,ACC_00092,Operations,Payroll,3678.24,INR,Johnston-Jones,Completed
FIN_0284794,2026-01-11,ACC_00495,Operations,Purchase,10746.68,SEK,Cabrera-Wood,Completed
FIN_0028126,2024-10-06,ACC_00494,Human Resources,Revenue,88700.73,SEK,"Mccann, Haney and Grant",Completed
FIN_0053919,2023-12-11,ACC_00168,Supply Chain,Operating Expense,19301.37,EUR,Myers LLC,Completed
FIN_0189396,2024-10-06,ACC_00193,Information Technology,Payroll,40992.17,USD,Washington-Scott,Pending
FIN_0239109,2023-10-06,ACC_00181,Marketing,Revenue,28304.05,SEK,Hale and Sons,Completed
FIN_0260688,2023-11-08,ACC_00112,Finance,Operating Expense,10491.85,USD,"Wiggins, Miller and Davis",Completed
FIN_0076184,2023-04-06,ACC_00206,Engineering,Operating Expense,4933.58,SEK,"Shaffer, Thompson and Rivera",Completed
FIN_0382738,2021-04-28,ACC_00449,Operations,Purchase,39961.41,INR,"Scott, Dodson and Harris",Completed
FIN_0309344,2023-06-07,ACC_00038,Engineering,Operating Expense,10824.26,USD,Shelton-Grant,Completed
FIN_0375303,2023-02-02,ACC_00341,Manufacturing,Purchase,21582.7,EUR,Cowan Inc,Completed
FIN_0414223,2025-05-07,ACC_00300,Sales,Operating Expense,39849.28,EUR,Hayes-Collier,Completed
FIN_0056824,2026-06-15,ACC_00037,Sales,Payroll,25152.59,USD,Schwartz-Wood,Completed
FIN_0112550,2022-01-21,ACC_00253,Operations,Investment,6054.18,SEK,Patterson Group,Completed
FIN_0115036,2022-10-20,ACC_00206,Human Resources,Purchase,18088.97,INR,Allison-Stokes,Completed
FIN_0482840,2025-08-14,ACC_00464,Information Technology,Revenue,817.55,EUR,Ingram-Ortiz,Completed
FIN_0472856,2023-10-19,ACC_00305,Information Technology,Payroll,3099.47,INR,"Shea, Smith and Hines",Completed
FIN_0036086,2022-03-24,ACC_00228,Finance,Revenue,54598.74,SEK,"Lee, West and Peterson",Completed
FIN_0128727,2025-10-22,ACC_00200,Manufacturing,Payroll,37777.45,USD,Zuniga-Martinez,Completed
FIN_0262298,2021-05-17,ACC_00278,Operations,Revenue,11850.45,INR,Gillespie Ltd,Completed
FIN_0278502,2025-05-04,ACC_00278,Information Technology,Revenue,17047.61,USD,Campbell Ltd,Completed
FIN_0485333,2022-12-13,ACC_00498,Information Technology,Revenue,89676.52,SEK,Howell-Kelley,Completed
FIN_0340747,2022-11-19,ACC_00209,Manufacturing,Operating Expense,45641.66,SEK,Church-Price,Pending
FIN_0306344,2022-04-08,ACC_00335,Sales,Purchase,25506.79,EUR,Wilkins-Hancock,Completed
FIN_0242845,2025-03-18,ACC_00365,Supply Chain,Revenue,66723.4,SEK,Williams-Walters,Completed
FIN_0062167,2024-07-27,ACC_00408,Supply Chain,Operating Expense,31229.59,EUR,Gonzalez LLC,Completed
FIN_0268092,2025-02-05,ACC_00268,Manufacturing,Revenue,13066.38,SEK,Boyd-White,Completed
FIN_0092973,2025-10-11,ACC_00122,Supply Chain,Purchase,45995.8,USD,"Mcintyre, Davis and Brown",Completed
FIN_0490739,2024-02-21,ACC_00064,Engineering,Revenue,97315.29,SEK,"Jackson, Sullivan and Aguirre",Completed
FIN_0483775,2023-06-09,ACC_00109,Human Resources,Payroll,23383.14,EUR,Hunt-Mccarty,Completed
FIN_0375043,2025-04-20,ACC_00406,Information Technology,Revenue,19332.63,SEK,"Reeves, Rodriguez and Hudson",Completed
FIN_0246769,2025-09-29,ACC_00315,Sales,Revenue,39836.29,INR,"Gibson, Ho and Ochoa",Completed
FIN_0147987,2022-12-22,ACC_00316,Operations,Revenue,77800.21,INR,Pratt Ltd,Completed
FIN_0087128,2024-07-18,ACC_00463,Operations,Operating Expense,11101.93,INR,Hines and Sons,Completed
FIN_0396496,2021-03-24,ACC_00344,Supply Chain,Revenue,20044.66,SEK,Oliver LLC,Completed
FIN_0076206,2024-10-27,ACC_00020,Marketing,Revenue,62302.57,EUR,Banks Group,Completed
FIN_0313921,2023-08-04,ACC_00348,Operations,Revenue,30610.51,SEK,Alvarado-Smith,Completed
FIN_0387799,2024-05-10,ACC_00289,Finance,Operating Expense,37277.06,SEK,"Blackburn, Leonard and Garcia",Completed
FIN_0166543,2024-11-14,ACC_00191,Information Technology,Revenue,42243.37,EUR,Sullivan-Anderson,Completed
FIN_0323956,2022-10-17,ACC_00362,Manufacturing,Revenue,27986.18,EUR,Walsh-Mejia,Completed
FIN_0196102,2023-08-13,ACC_00036,Manufacturing,Purchase,20670.46,SEK,Cole Inc,Completed
FIN_0175392,2023-08-30,ACC_00340,Information Technology,Revenue,41121.28,USD,Campbell Ltd,Completed
FIN_0061883,2021-05-27,ACC_00116,Supply Chain,Revenue,11650.1,USD,Johnson-Williams,Completed
FIN_0175992,2021-01-29,ACC_00222,Engineering,Payroll,28585.21,USD,"Hodges, James and Harvey",Completed
FIN_0042394,2024-09-19,ACC_00315,Engineering,Purchase,46199.7,USD,Nguyen Inc,Pending
FIN_0416188,2026-03-31,ACC_00436,Marketing,Operating Expense,32523.88,EUR,"Peterson, Jones and Meyer",Completed
FIN_0184941,2021-01-21,ACC_00308,Manufacturing,Revenue,82414.46,EUR,Adams-Hill,Completed
FIN_0047492,2026-06-02,ACC_00070,Manufacturing,Purchase,7165.76,INR,"Jackson, Wilson and Woods",Failed
FIN_0319668,2026-04-10,ACC_00370,Human Resources,Purchase,8101.32,EUR,Goodwin-Oneal,Completed
FIN_0416693,2022-01-25,ACC_00381,Sales,Purchase,32448.45,INR,"Hanson, Harris and Aguirre",Completed
FIN_0362074,2024-03-07,ACC_00030,Operations,Revenue,48012.62,INR,Thornton PLC,Completed
FIN_0250717,2021-12-28,ACC_00358,Operations,Purchase,49202.29,SEK,"Dixon, Manning and Sanchez",Failed
FIN_0206336,2022-08-31,ACC_00499,Finance,Revenue,60854.88,SEK,"Lang, Jones and Jones",Completed
FIN_0021469,2021-05-14,ACC_00190,Marketing,Revenue,10994.7,SEK,Roach LLC,Completed
FIN_0189548,2026-06-14,ACC_00207,Operations,Operating Expense,8552.77,EUR,Garcia-Jones,Completed
FIN_0422501,2021-11-20,ACC_00283,Operations,Operating Expense,5186.43,EUR,"Young, Woods and Vance",Completed
FIN_0046311,2023-01-11,ACC_00352,Supply Chain,Revenue,38973.81,USD,Smith PLC,Failed
FIN_0181749,2021-04-01,ACC_00221,Sales,Operating Expense,36114.43,USD,Mcclain-Mcdaniel,Completed
FIN_0201355,2021-09-01,ACC_00048,Engineering,Investment,32942.3,EUR,Rivers Ltd,Completed
FIN_0092776,2023-12-08,ACC_00486,Supply Chain,Operating Expense,10444.65,EUR,"Rios, Sutton and Brennan",Completed
FIN_0451627,2023-10-16,ACC_00059,Manufacturing,Revenue,63076.85,SEK,Nelson Ltd,Completed
FIN_0439619,2023-07-20,ACC_00458,Sales,Revenue,20204.92,EUR,Huffman and Sons,Completed
FIN_0059306,2023-12-21,ACC_00097,Information Technology,Investment,23292.16,USD,Rodriguez-Richardson,Completed
FIN_0245770,2024-08-02,ACC_00320,Engineering,Operating Expense,28283.11,SEK,"Hart, Watts and Anderson",Completed
FIN_0441973,2022-08-19,ACC_00339,Human Resources,Payroll,32726.8,SEK,Johnson and Sons,Completed
FIN_0400224,2023-06-10,ACC_00225,Human Resources,Revenue,58780.95,INR,"Mccullough, Blevins and Dean",Completed
FIN_0206198,2023-12-11,ACC_00413,Manufacturing,Purchase,42439.52,SEK,"Price, Paul and Clark",Completed
FIN_0083351,2025-12-07,ACC_00086,Finance,Revenue,3559.0,USD,Anderson Inc,Completed
FIN_0270522,2021-09-28,ACC_00144,Finance,Revenue,76678.91,USD,Ramsey-Frey,Pending
FIN_0135446,2024-03-24,ACC_00101,Supply Chain,Revenue,48312.85,INR,Brady-Rodgers,Completed
FIN_0051947,2024-01-11,ACC_00042,Manufacturing,Payroll,20729.88,INR,"Bates, Morales and Gordon",Completed
FIN_0417427,2021-09-15,ACC_00075,Supply Chain,Payroll,12275.9,USD,"Webb, Levine and Lee",Completed
FIN_0040614,2023-04-17,ACC_00305,Manufacturing,Payroll,47552.2,INR,Page and Sons,Completed
FIN_0255964,2026-05-10,ACC_00080,Finance,Revenue,75415.7,USD,"Newman, Lee and Ashley",Completed
FIN_0145877,2024-12-19,ACC_00063,Supply Chain,Investment,48096.0,SEK,Hall Group,Completed
FIN_0019495,2022-03-13,ACC_00043,Sales,Revenue,45202.91,USD,"Ryan, Carter and Alvarez",Completed
FIN_0206061,2024-12-29,ACC_00210,Marketing,Purchase,26730.08,SEK,Moore Ltd,Pending
FIN_0469232,2022-03-14,ACC_00132,Operations,Operating Expense,48252.11,SEK,"Patel, Butler and Robinson",Completed
FIN_0072379,2024-03-25,ACC_00254,Sales,Operating Expense,23361.69,SEK,"Petty, Bentley and Adams",Completed
FIN_0327898,2023-12-06,ACC_00195,Information Technology,Revenue,40683.34,EUR,"Cruz, Dickson and Miller",Completed
FIN_0123083,2022-04-27,ACC_00124,Human Resources,Revenue,19946.7,USD,Dixon Inc,Completed
FIN_0383493,2024-02-03,ACC_00001,Human Resources,Revenue,71030.96,INR,Wilson Inc,Completed
FIN_0240620,2026-03-23,ACC_00406,Manufacturing,Purchase,21942.89,INR,"Woods, Smith and Gonzalez",Completed
FIN_0098074,2022-12-29,ACC_00333,Marketing,Revenue,26688.76,INR,Collins PLC,Completed
FIN_0050442,2021-07-04,ACC_00439,Operations,Payroll,38819.05,EUR,King Ltd,Pending
FIN_0038633,2026-05-23,ACC_00198,Finance,Investment,47893.28,USD,Kim and Sons,Completed
FIN_0206246,2026-01-31,ACC_00142,Manufacturing,Revenue,82152.97,INR,Bennett Ltd,Completed
FIN_0063772,2021-10-10,ACC_00270,Supply Chain,Revenue,98328.59,INR,"Kim, Duffy and Watts",Completed
FIN_0352562,2026-03-12,ACC_00381,Finance,Purchase,16362.34,EUR,Foster PLC,Completed
FIN_0298073,2023-05-03,ACC_00085,Information Technology,Operating Expense,29289.8,EUR,"Johnson, Gray and Barber",Pending
FIN_0472535,2022-08-29,ACC_00170,Supply Chain,Operating Expense,33475.51,SEK,Mcclain Inc,Completed
FIN_0401849,2021-06-29,ACC_00243,Human Resources,Revenue,15696.98,SEK,"Short, Murphy and Mercado",Completed
FIN_0108914,2021-03-14,ACC_00094,Engineering,Operating Expense,39212.47,SEK,Fischer LLC,Completed
FIN_0242317,2023-01-11,ACC_00356,Operations,Revenue,22704.22,SEK,Patterson PLC,Completed
FIN_0454225,2022-11-17,ACC_00274,Engineering,Revenue,22951.65,EUR,Anderson-Dunlap,Completed
FIN_0401431,2023-10-26,ACC_00102,Marketing,Operating Expense,41456.37,EUR,"Hawkins, Alvarez and Li",Completed
FIN_0473496,2025-08-07,ACC_00233,Manufacturing,Revenue,22613.02,SEK,Valdez Inc,Completed
FIN_0272670,2023-11-06,ACC_00494,Operations,Payroll,878.72,EUR,Wilkins Inc,Completed
FIN_0150155,2023-11-13,ACC_00190,Human Resources,Payroll,32327.98,EUR,"Stein, Weaver and Johnson",Pending
FIN_0054054,2025-04-15,ACC_00361,Manufacturing,Purchase,44611.08,INR,Acosta PLC,Completed
FIN_0418491,2023-08-16,ACC_00219,Finance,Revenue,69734.37,USD,Jackson-Harris,Pending
FIN_0228207,2024-11-20,ACC_00320,Engineering,Payroll,12295.48,USD,Adams-Bush,Completed
FIN_0374915,2023-06-09,ACC_00436,Operations,Revenue,76671.58,EUR,White LLC,Completed
FIN_0420793,2025-12-24,ACC_00371,Engineering,Revenue,32135.45,INR,Santiago Group,Completed
FIN_0452616,2023-02-05,ACC_00035,Operations,Purchase,41828.73,SEK,Diaz-Evans,Pending
FIN_0231549,2022-07-07,ACC_00112,Sales,Purchase,20164.19,USD,Montgomery PLC,Completed
FIN_0215627,2022-12-10,ACC_00332,Information Technology,Revenue,902.41,SEK,Payne-Taylor,Completed
FIN_0304216,2025-06-12,ACC_00167,Supply Chain,Payroll,6728.73,USD,Mcclain Inc,Completed
FIN_0023238,2023-02-13,ACC_00496,Information Technology,Purchase,35700.99,EUR,Mendez and Sons,Completed
FIN_0407543,2023-10-05,ACC_00159,Finance,Purchase,27440.13,USD,"Guzman, Guzman and Tapia",Completed
FIN_0369763,2022-02-14,ACC_00225,Information Technology,Purchase,4871.93,EUR,"Morris, Moore and Reynolds",Completed
FIN_0343448,2021-07-04,ACC_00203,Supply Chain,Revenue,99242.73,INR,"Bell, Wood and Green",Completed
FIN_0490564,2022-05-11,ACC_00124,Manufacturing,Investment,42376.31,USD,"Perez, Reeves and Scott",Completed
FIN_0174868,2026-02-23,ACC_00153,Information Technology,Revenue,64891.83,USD,Hodges Inc,Pending
FIN_0079454,2023-10-05,ACC_00010,Operations,Purchase,15995.71,SEK,UNKNOWN,Pending
FIN_0483305,2024-09-09,ACC_00112,Manufacturing,Operating Expense,22509.3,EUR,"Hodges, Rivera and Wright",Completed
FIN_0335146,2023-08-24,ACC_00150,Operations,Revenue,47417.21,USD,Short-Ryan,Completed
FIN_0084983,2022-04-06,ACC_00144,Sales,Operating Expense,20633.28,INR,Carlson-Bishop,Completed
FIN_0479815,2025-12-15,ACC_00329,Information Technology,Operating Expense,37146.58,SEK,"Newman, Washington and Willis",Completed
FIN_0297620,2025-07-05,ACC_00395,Human Resources,Operating Expense,29804.18,SEK,Phillips-Schneider,Completed
FIN_0421796,2025-11-05,ACC_00083,Sales,Revenue,99207.28,SEK,Stevenson LLC,Completed
FIN_0434682,2021-12-15,ACC_00322,Finance,Revenue,91339.63,EUR,Brown LLC,Completed
FIN_0341447,2021-09-16,ACC_00161,Engineering,Revenue,5615.23,EUR,"Esparza, Perez and Mcintosh",Completed
FIN_0145851,2021-04-21,ACC_00200,Information Technology,Purchase,41113.13,INR,"Clay, Clements and Gray",Completed
FIN_0412953,2026-02-20,ACC_00146,Manufacturing,Revenue,39311.59,INR,Hill LLC,Completed
FIN_0312765,2023-11-12,ACC_00181,Human Resources,Operating Expense,39043.24,SEK,Roberts and Sons,Completed
FIN_0020132,2021-10-28,ACC_00333,Manufacturing,Investment,34571.56,EUR,Harris Group,Completed
FIN_0220099,2024-11-18,ACC_00128,Human Resources,Payroll,23404.06,SEK,"Kelley, Martin and Wood",Completed
FIN_0242445,2026-03-05,ACC_00189,Finance,Revenue,41503.41,USD,UNKNOWN,Completed
FIN_0415797,2022-08-26,ACC_00262,Engineering,Payroll,9239.22,INR,Shaw PLC,Completed
FIN_0432018,2024-03-05,ACC_00403,Marketing,Revenue,37873.22,SEK,Moore-Stephens,Completed
FIN_0352659,2024-09-15,ACC_00094,Sales,Purchase,35122.51,SEK,Boyd Group,Completed
FIN_0452582,2024-03-15,ACC_00169,Engineering,Revenue,62029.02,SEK,UNKNOWN,Completed
FIN_0218955,2026-05-08,ACC_00413,Operations,Investment,17739.53,USD,Bean-Williamson,Completed
FIN_0027711,2022-02-15,ACC_00341,Marketing,Payroll,38335.4,EUR,Davis and Sons,Completed
FIN_0122455,2021-06-04,ACC_00451,Sales,Revenue,49531.29,USD,Jones LLC,Completed
FIN_0451109,2025-09-19,ACC_00383,Supply Chain,Revenue,11450.57,INR,Gonzalez-White,Completed
FIN_0190629,2021-10-31,ACC_00428,Manufacturing,Revenue,81602.01,EUR,"Michael, Beck and Brown",Pending
FIN_0235800,2021-05-25,ACC_00066,Marketing,Payroll,6899.94,INR,Kemp Inc,Completed
FIN_0474147,2023-09-25,ACC_00310,Information Technology,Purchase,23303.51,EUR,Parsons PLC,Completed
FIN_0289260,2022-11-30,ACC_00289,Operations,Operating Expense,34284.43,EUR,"Serrano, Fisher and Rollins",Completed
FIN_0118230,2022-04-07,ACC_00015,Operations,Revenue,44859.35,SEK,Sullivan-Scott,Completed
FIN_0451994,2024-03-23,ACC_00498,Operations,Operating Expense,27852.8,SEK,"Medina, Rosales and Ingram",Completed
FIN_0349024,2025-02-19,ACC_00231,Human Resources,Operating Expense,17346.12,EUR,Peck-Haley,Completed
FIN_0423283,2025-08-03,ACC_00033,Manufacturing,Purchase,32120.04,USD,Jones Inc,Completed
FIN_0048725,2024-01-13,ACC_00446,Information Technology,Operating Expense,39045.62,INR,Walls Ltd,Completed
FIN_0078214,2024-05-27,ACC_00218,Operations,Revenue,62920.07,USD,Brown Group,Completed
FIN_0380593,2022-01-27,ACC_00429,Information Technology,Investment,5813.66,EUR,Marsh-Cervantes,Completed
FIN_0144838,2021-08-23,ACC_00130,Human Resources,Revenue,74959.93,USD,Mercer-Reilly,Completed
FIN_0185880,2022-05-03,ACC_00448,Human Resources,Revenue,95120.05,USD,Pena PLC,Completed
FIN_0385178,2024-08-23,ACC_00111,Manufacturing,Revenue,1947.91,EUR,Larson Group,Completed
FIN_0306480,2023-04-24,ACC_00104,Sales,Operating Expense,41206.98,SEK,Collins PLC,Completed
FIN_0057549,2022-08-02,ACC_00327,Sales,Operating Expense,2619.08,SEK,Mckee LLC,Completed
FIN_0093705,2025-02-13,ACC_00090,Operations,Operating Expense,26685.46,SEK,Phelps Inc,Completed
FIN_0302237,2025-06-19,ACC_00060,Engineering,Operating Expense,21581.25,EUR,Diaz Ltd,Completed
FIN_0292420,2021-02-01,ACC_00450,Finance,Operating Expense,5802.36,EUR,"Stout, Gray and Young",Pending
FIN_0387943,2023-04-05,ACC_00248,Operations,Payroll,12901.64,EUR,Frazier LLC,Completed
FIN_0076381,2023-11-26,ACC_00419,Finance,Revenue,18239.52,INR,Bowen-Craig,Completed
FIN_0071085,2021-11-19,ACC_00388,Supply Chain,Payroll,30944.13,EUR,"May, Parker and Woods",Completed
FIN_0368610,2025-03-18,ACC_00350,Supply Chain,Payroll,32230.85,USD,Castillo Group,Completed
FIN_0430902,2021-03-26,ACC_00354,Human Resources,Operating Expense,14615.05,EUR,Sanchez-Buchanan,Completed
FIN_0254793,2021-04-29,ACC_00101,Human Resources,Operating Expense,3536.18,USD,Jackson and Sons,Completed
FIN_0054452,2025-04-11,ACC_00338,Finance,Operating Expense,10741.73,SEK,"Ramsey, Schmitt and Everett",Completed
FIN_0339884,2022-08-11,ACC_00015,Engineering,Revenue,26028.54,SEK,"Reed, Santiago and David",Completed
FIN_0113185,2023-10-08,ACC_00464,Engineering,Payroll,11410.06,INR,Chung LLC,Completed
FIN_0320011,2022-06-11,ACC_00270,Manufacturing,Purchase,15982.49,USD,"Cooper, King and Morris",Completed
FIN_0169545,2023-07-22,ACC_00103,Sales,Investment,27040.95,EUR,Gutierrez Ltd,Completed
FIN_0109132,2022-06-27,ACC_00027,Manufacturing,Operating Expense,8283.71,EUR,"Stephenson, Zavala and Boyd",Completed
FIN_0172333,2022-01-12,ACC_00241,Marketing,Revenue,54665.47,USD,UNKNOWN,Completed
FIN_0355713,2022-11-04,ACC_00069,Supply Chain,Operating Expense,45185.01,EUR,Pearson Inc,Completed
FIN_0377904,2022-05-28,ACC_00284,Information Technology,Revenue,85514.87,EUR,Vazquez Group,Completed
FIN_0333733,2025-08-07,ACC_00238,Marketing,Operating Expense,5590.54,INR,"Gallegos, Williams and Turner",Completed
FIN_0281266,2025-02-12,ACC_00436,Finance,Payroll,48062.78,EUR,Davis PLC,Pending
FIN_0383058,2026-03-06,ACC_00282,Supply Chain,Purchase,34852.79,EUR,Davila LLC,Completed
FIN_0032756,2025-07-13,ACC_00133,Sales,Revenue,50400.43,INR,Robinson LLC,Failed
FIN_0258038,2023-04-06,ACC_00077,Marketing,Revenue,52053.34,EUR,Benjamin Group,Completed
FIN_0395999,2023-10-03,ACC_00168,Engineering,Revenue,71219.86,INR,"Rios, Johns and Davis",Completed
FIN_0331581,2022-08-15,ACC_00256,Information Technology,Purchase,4654.4,EUR,"Stephenson, Pope and Mann",Completed
FIN_0209221,2022-09-07,ACC_00438,Information Technology,Operating Expense,3494.4,INR,"Garcia, Ochoa and Martin",Completed
FIN_0362845,2026-01-31,ACC_00357,Operations,Revenue,52912.38,INR,Conley LLC,Completed
FIN_0094765,2022-02-26,ACC_00326,Engineering,Revenue,42638.12,INR,"Baker, Moore and Sanders",Completed
FIN_0332986,2024-09-01,ACC_00206,Operations,Revenue,91024.34,EUR,"Tran, York and Flores",Completed
FIN_0200935,2024-02-18,ACC_00430,Manufacturing,Purchase,7550.6,SEK,Munoz Group,Completed
FIN_0393600,2024-12-08,ACC_00395,Sales,Revenue,56803.19,EUR,"Davis, Thompson and Riddle",Completed
FIN_0339535,2023-04-23,ACC_00443,Manufacturing,Revenue,1392.38,USD,"Davis, Park and Levine",Completed
FIN_0012569,2024-02-06,ACC_00272,Marketing,Revenue,10171.02,EUR,"Joseph, Hall and Coleman",Completed
FIN_0060485,2021-08-27,ACC_00010,Manufacturing,Purchase,46366.65,EUR,Robertson-Williams,Completed
FIN_0145438,2024-11-18,ACC_00093,Marketing,Revenue,9377.37,EUR,Shepherd Ltd,Completed
FIN_0109822,2023-03-08,ACC_00281,Sales,Revenue,35137.65,USD,Cortez PLC,Completed
FIN_0152973,2022-12-31,ACC_00104,Human Resources,Investment,21893.95,EUR,"Caldwell, Moyer and Cortez",Pending
FIN_0456177,2021-06-23,ACC_00234,Information Technology,Revenue,47976.52,SEK,Skinner Group,Completed
FIN_0042716,2023-04-08,ACC_00418,Operations,Revenue,99508.17,EUR,"Barnes, Sanchez and Hardy",Completed
FIN_0290453,2025-01-07,ACC_00056,Human Resources,Purchase,22348.52,INR,Johnson PLC,Completed
FIN_0328267,2023-12-07,ACC_00477,Engineering,Operating Expense,25643.31,USD,"Johnson, Reyes and Marshall",Completed
FIN_0213115,2021-12-02,ACC_00281,Information Technology,Operating Expense,8287.51,EUR,"Mckee, Rodriguez and Henderson",Completed
FIN_0378511,2021-06-30,ACC_00407,Supply Chain,Payroll,17891.49,INR,"Johnson, James and Small",Completed
FIN_0408242,2024-02-16,ACC_00116,Engineering,Revenue,99562.44,INR,Wilson-Williams,Completed
FIN_0182907,2024-11-14,ACC_00335,Operations,Revenue,94735.21,INR,Day PLC,Completed
FIN_0438370,2022-11-09,ACC_00400,Sales,Revenue,26936.86,USD,Wyatt-Pearson,Completed
FIN_0245501,2025-04-20,ACC_00378,Supply Chain,Purchase,27759.21,INR,"Dennis, Booth and Berg",Completed
FIN_0071295,2022-12-25,ACC_00401,Operations,Payroll,4337.33,SEK,"Rodgers, Russell and Proctor",Completed
FIN_0188189,2024-04-12,ACC_00070,Operations,Revenue,80023.38,INR,Morgan Ltd,Completed
FIN_0264455,2024-07-10,ACC_00464,Operations,Investment,9797.19,USD,Lam-Mejia,Completed
FIN_0230529,2026-02-21,ACC_00375,Operations,Payroll,45876.35,SEK,Mcmahon-Lee,Completed
FIN_0243766,2021-03-28,ACC_00207,Marketing,Operating Expense,32409.67,USD,"Jones, Thomas and Cruz",Completed
FIN_0157934,2023-01-26,ACC_00494,Manufacturing,Investment,27674.35,SEK,Sutton and Sons,Pending
FIN_0476182,2022-01-23,ACC_00068,Sales,Payroll,25050.13,EUR,"Owen, French and Harris",Completed
FIN_0425811,2023-03-09,ACC_00234,Engineering,Purchase,10076.59,USD,Ware Inc,Completed
FIN_0217017,2023-11-20,ACC_00448,Human Resources,Operating Expense,16824.85,USD,Thomas Inc,Completed
FIN_0043806,2022-07-19,ACC_00275,Manufacturing,Operating Expense,4514.58,EUR,Barnes-Williams,Completed
FIN_0211079,2022-08-20,ACC_00210,Information Technology,Investment,40752.57,SEK,Charles-Lopez,Completed
FIN_0420433,2025-02-04,ACC_00136,Marketing,Revenue,88299.11,EUR,"Willis, Johnson and Jones",Completed
FIN_0214990,2022-11-17,ACC_00254,Finance,Operating Expense,11135.13,INR,"Williams, White and Mejia",Pending
FIN_0262537,2023-01-04,ACC_00065,Sales,Revenue,40772.91,EUR,"Perkins, Roberts and Ray",Completed
FIN_0498269,2025-04-18,ACC_00121,Manufacturing,Purchase,9673.08,INR,Compton Ltd,Completed
FIN_0203691,2024-02-11,ACC_00064,Manufacturing,Revenue,84850.84,USD,"Arias, Lane and Nelson",Completed
FIN_0318631,2023-12-29,ACC_00490,Finance,Purchase,46851.94,SEK,Fisher-Callahan,Completed
FIN_0076736,2025-05-14,ACC_00414,Operations,Purchase,12444.26,SEK,Wilson LLC,Completed
FIN_0065638,2022-05-22,ACC_00500,Sales,Operating Expense,12701.59,SEK,Edwards LLC,Completed
FIN_0211957,2023-09-24,ACC_00427,Sales,Payroll,46582.84,INR,Cook Group,Completed
FIN_0181879,2024-07-22,ACC_00358,Supply Chain,Purchase,46184.95,INR,Mccall-Roach,Completed
FIN_0486503,2025-11-16,ACC_00165,Sales,Revenue,91254.76,USD,"Warren, Peters and Thompson",Failed
FIN_0134504,2025-12-14,ACC_00205,Engineering,Payroll,46001.97,INR,"Walker, Williamson and Roberts",Completed
FIN_0138896,2024-04-22,ACC_00322,Human Resources,Revenue,35363.08,USD,West PLC,Completed
FIN_0154959,2022-11-09,ACC_00403,Manufacturing,Operating Expense,45025.44,SEK,"Walter, Armstrong and Howard",Completed
FIN_0090301,2023-04-29,ACC_00389,Engineering,Operating Expense,49634.21,EUR,Banks PLC,Completed
FIN_0083354,2024-01-27,ACC_00036,Manufacturing,Investment,10266.75,INR,Williams-Figueroa,Completed
FIN_0222970,2023-11-26,ACC_00335,Marketing,Payroll,49038.23,INR,Wood-Calderon,Completed
FIN_0021828,2023-05-13,ACC_00320,Human Resources,Purchase,5872.99,EUR,Greene PLC,Completed
FIN_0463360,2026-03-26,ACC_00438,Operations,Payroll,6663.46,SEK,Franco Inc,Completed
FIN_0273156,2022-03-21,ACC_00182,Human Resources,Revenue,94681.96,EUR,"Chapman, Cook and Curry",Completed
FIN_0043332,2024-12-18,ACC_00130,Operations,Purchase,30269.27,SEK,Mckee-Heath,Completed
FIN_0176164,2023-03-22,ACC_00475,Operations,Operating Expense,4344.94,USD,Griffin and Sons,Completed
FIN_0124624,2025-09-27,ACC_00087,Human Resources,Revenue,29906.31,USD,Rogers Inc,Completed
FIN_0002352,2024-11-03,ACC_00372,Information Technology,Operating Expense,43480.07,INR,"Duarte, Gutierrez and Bell",Completed
FIN_0460884,2022-03-04,ACC_00017,Supply Chain,Payroll,2454.73,EUR,UNKNOWN,Completed
FIN_0425226,2026-03-03,ACC_00060,Operations,Revenue,44668.74,EUR,"Winters, Harris and Matthews",Completed
FIN_0113830,2022-01-10,ACC_00402,Marketing,Purchase,11568.99,INR,Fletcher and Sons,Completed
FIN_0393617,2025-09-01,ACC_00356,Finance,Revenue,24463.53,SEK,"Joseph, Harris and Carrillo",Completed
FIN_0164027,2024-05-29,ACC_00176,Operations,Revenue,63097.17,INR,Greene-Young,Completed
FIN_0141486,2024-05-26,ACC_00336,Sales,Operating Expense,37183.4,USD,"Pierce, Duncan and Wallace",Completed
FIN_0490209,2025-11-16,ACC_00327,Information Technology,Revenue,21153.67,EUR,"Hickman, Grant and Haynes",Failed
FIN_0328525,2021-07-17,ACC_00444,Manufacturing,Purchase,22250.68,SEK,"Fernandez, Hendrix and Figueroa",Completed
FIN_0268288,2025-02-19,ACC_00111,Operations,Revenue,82634.66,EUR,"Ayers, Graves and Lee",Completed
FIN_0200228,2023-03-20,ACC_00084,Information Technology,Purchase,329.69,EUR,"Stevens, Haney and Kelley",Completed
FIN_0309636,2021-04-10,ACC_00323,Marketing,Revenue,4646.44,SEK,Erickson-Sellers,Completed
FIN_0339506,2025-01-25,ACC_00053,Manufacturing,Purchase,39145.71,SEK,"Brooks, Stephens and Hughes",Completed
FIN_0493010,2023-04-06,ACC_00481,Manufacturing,Revenue,41436.95,USD,"Stewart, Ross and Atkins",Completed
FIN_0397087,2025-11-26,ACC_00368,Engineering,Revenue,66370.97,SEK,Gentry-Woods,Pending
FIN_0369235,2022-01-13,ACC_00189,Sales,Investment,6467.18,SEK,"Williams, Calderon and Nielsen",Completed
FIN_0010919,2022-07-20,ACC_00246,Operations,Purchase,19542.72,SEK,Hudson-Acevedo,Completed
FIN_0451445,2021-09-30,ACC_00418,Human Resources,Payroll,14545.31,SEK,Haas-Hebert,Completed
FIN_0283510,2024-04-22,ACC_00460,Manufacturing,Operating Expense,16400.12,SEK,"Santana, Wiggins and Meyers",Failed
FIN_0107700,2023-08-10,ACC_00261,Supply Chain,Revenue,52700.29,USD,Ross PLC,Completed
FIN_0148714,2021-07-18,ACC_00236,Human Resources,Payroll,36162.29,SEK,Wilson and Sons,Completed
FIN_0323195,2021-11-07,ACC_00483,Human Resources,Payroll,6122.85,INR,Harris-Gonzales,Pending
FIN_0332872,2023-05-26,ACC_00404,Operations,Operating Expense,23132.52,USD,Henry-Mcpherson,Completed
FIN_0091868,2023-05-08,ACC_00498,Marketing,Operating Expense,40950.64,INR,Gutierrez PLC,Pending
FIN_0283268,2025-10-10,ACC_00403,Operations,Purchase,28269.75,EUR,"Washington, Taylor and White",Pending
FIN_0130400,2022-08-23,ACC_00190,Marketing,Purchase,36022.57,EUR,"Hays, Stewart and Joseph",Completed
FIN_0363343,2023-01-30,ACC_00001,Sales,Payroll,48378.73,INR,Payne-Collins,Completed
FIN_0250591,2022-11-24,ACC_00331,Engineering,Purchase,33405.81,USD,Juarez-Strong,Completed
FIN_0065911,2021-07-16,ACC_00447,Information Technology,Payroll,323.32,SEK,Wood Ltd,Completed
FIN_0353099,2022-07-05,ACC_00210,Operations,Revenue,58626.27,EUR,Wilson PLC,Completed
FIN_0109901,2023-11-27,ACC_00070,Marketing,Revenue,17610.21,INR,Smith-Nunez,Completed
FIN_0258623,2023-10-10,ACC_00006,Marketing,Purchase,18868.72,EUR,Poole-Soto,Failed
FIN_0489676,2022-10-04,ACC_00341,Finance,Operating Expense,1441.36,SEK,"Thompson, Bautista and Pratt",Completed
FIN_0252768,2024-05-05,ACC_00181,Sales,Payroll,18836.09,SEK,Martin PLC,Completed
FIN_0221401,2025-07-14,ACC_00409,Marketing,Operating Expense,42626.0,EUR,Castro-Nelson,Completed
FIN_0279626,2024-04-20,ACC_00487,Engineering,Revenue,77726.07,SEK,"Cook, Gilmore and Torres",Pending
FIN_0497466,2021-05-06,ACC_00225,Marketing,Payroll,14006.45,EUR,Perez-Clark,Completed
FIN_0067102,2024-10-04,ACC_00135,Marketing,Payroll,35415.55,EUR,Martin-Nash,Completed
FIN_0377449,2023-11-09,ACC_00289,Finance,Operating Expense,34842.29,SEK,Dickerson Group,Completed
FIN_0228296,2022-05-13,ACC_00060,Engineering,Revenue,92663.55,EUR,Cooper-Scott,Completed
FIN_0147400,2024-05-25,ACC_00265,Supply Chain,Purchase,43466.6,USD,UNKNOWN,Completed
FIN_0271462,2022-01-22,ACC_00491,Operations,Operating Expense,28359.24,USD,Gilbert LLC,Pending
FIN_0001296,2021-08-14,ACC_00121,Engineering,Revenue,62001.25,INR,Strickland Inc,Completed
FIN_0457171,2024-12-12,ACC_00266,Engineering,Payroll,40788.04,INR,Lin-Wheeler,Completed
FIN_0395510,2021-05-08,ACC_00439,Engineering,Revenue,4384.81,USD,"Jones, Stevens and Smith",Completed
FIN_0127230,2022-11-12,ACC_00081,Sales,Revenue,11680.31,INR,Hawkins-Alvarado,Completed
FIN_0077786,2023-10-19,ACC_00500,Finance,Operating Expense,24535.6,USD,UNKNOWN,Completed
FIN_0080721,2022-02-18,ACC_00397,Supply Chain,Payroll,6526.3,SEK,Payne and Sons,Completed
FIN_0333791,2022-08-12,ACC_00122,Engineering,Revenue,44166.26,EUR,Smith-Murray,Completed
FIN_0122340,2022-04-05,ACC_00255,Supply Chain,Operating Expense,13335.26,USD,"Stevens, Benjamin and Wright",Pending
FIN_0479418,2021-05-29,ACC_00349,Sales,Payroll,15020.28,EUR,Haynes-Cervantes,Completed
FIN_0167309,2026-02-17,ACC_00048,Manufacturing,Payroll,42388.91,USD,Collins-Montgomery,Completed
FIN_0353308,2025-04-11,ACC_00284,Marketing,Purchase,7393.96,EUR,Faulkner PLC,Failed
FIN_0432605,2023-06-10,ACC_00087,Information Technology,Payroll,41473.34,EUR,Mccormick PLC,Pending
FIN_0471184,2024-07-25,ACC_00114,Operations,Payroll,40629.65,SEK,"Phillips, Jordan and Welch",Completed
FIN_0449283,2022-05-04,ACC_00013,Manufacturing,Revenue,87659.93,SEK,UNKNOWN,Completed
FIN_0068163,2025-07-04,ACC_00430,Human Resources,Operating Expense,29201.67,SEK,"Salazar, Trevino and Lewis",Completed
FIN_0303173,2024-01-23,ACC_00008,Information Technology,Purchase,49618.88,SEK,Phillips LLC,Completed
FIN_0457623,2025-02-25,ACC_00274,Marketing,Revenue,4293.98,INR,Baker Inc,Completed
FIN_0409706,2025-07-24,ACC_00131,Operations,Revenue,20137.23,INR,Fisher PLC,Completed
FIN_0373903,2021-02-23,ACC_00042,Engineering,Revenue,99727.67,INR,"Walters, Kline and Yoder",Completed
FIN_0490087,2026-05-12,ACC_00294,Operations,Revenue,61151.11,SEK,Dudley and Sons,Completed
FIN_0416596,2022-11-16,ACC_00421,Supply Chain,Revenue,28978.43,INR,Howe-Oneill,Completed
FIN_0249715,2021-09-17,ACC_00374,Engineering,Payroll,7803.1,USD,Cole-Beasley,Completed
FIN_0408096,2024-11-24,ACC_00356,Operations,Revenue,66381.99,SEK,Garcia Ltd,Completed
FIN_0050916,2022-06-14,ACC_00113,Finance,Operating Expense,19088.0,SEK,Mills Ltd,Completed
FIN_0358174,2025-08-02,ACC_00026,Operations,Revenue,92502.24,EUR,Lambert PLC,Completed
FIN_0270264,2026-05-03,ACC_00248,Operations,Purchase,46451.72,SEK,Hinton-Cole,Completed
FIN_0280266,2023-10-26,ACC_00005,Sales,Revenue,80392.07,EUR,Conley and Sons,Pending
FIN_0225798,2021-09-26,ACC_00440,Sales,Revenue,23256.36,SEK,Lloyd-Chandler,Completed
FIN_0385613,2021-07-17,ACC_00237,Marketing,Purchase,39938.58,USD,"Rogers, Martin and Reed",Pending
FIN_0412627,2024-10-22,ACC_00478,Operations,Purchase,5150.98,INR,Bowers LLC,Completed
FIN_0238736,2023-02-07,ACC_00053,Manufacturing,Purchase,22911.81,EUR,"Lozano, Smith and Delgado",Completed
FIN_0120430,2024-11-02,ACC_00229,Supply Chain,Purchase,28107.55,INR,James Inc,Completed
FIN_0465348,2025-02-01,ACC_00229,Supply Chain,Operating Expense,46821.92,EUR,UNKNOWN,Completed
FIN_0439611,2024-08-16,ACC_00106,Information Technology,Payroll,33289.45,USD,"Wilson, Smith and Jones",Failed
FIN_0039739,2025-06-07,ACC_00391,Manufacturing,Operating Expense,36972.97,USD,Harris and Sons,Pending
FIN_0396924,2023-12-13,ACC_00356,Sales,Operating Expense,16983.32,EUR,"Jones, Jenkins and Stevens",Completed
FIN_0436390,2024-03-02,ACC_00182,Operations,Operating Expense,6667.87,INR,Carrillo Ltd,Completed
FIN_0461354,2021-06-29,ACC_00309,Human Resources,Purchase,41616.45,USD,"Wheeler, Yu and Conway",Completed
FIN_0442528,2021-06-08,ACC_00070,Manufacturing,Purchase,12228.25,INR,Guzman-Green,Completed
FIN_0099739,2026-05-31,ACC_00133,Human Resources,Operating Expense,19777.52,INR,Burns-Campbell,Completed
FIN_0331958,2022-02-06,ACC_00477,Sales,Revenue,45540.35,EUR,Lawrence Ltd,Completed
FIN_0198317,2025-04-07,ACC_00016,Operations,Revenue,39482.32,SEK,"Miller, Bradley and Powers",Completed
FIN_0352037,2022-04-20,ACC_00076,Human Resources,Investment,23794.92,INR,Boyd-Flores,Completed
FIN_0107775,2025-04-22,ACC_00061,Engineering,Investment,16715.49,EUR,Donovan-Serrano,Completed
FIN_0388250,2024-03-15,ACC_00164,Finance,Purchase,21412.44,INR,"Sanders, Ross and Kelly",Completed
FIN_0414886,2026-01-02,ACC_00300,Engineering,Payroll,4446.6,USD,Adkins-Williams,Completed
FIN_0162354,2022-03-30,ACC_00196,Manufacturing,Operating Expense,20284.16,INR,"Jacobs, Andrade and Vega",Completed
FIN_0107352,2021-10-19,ACC_00020,Supply Chain,Revenue,8599.63,INR,Sanchez PLC,Completed
FIN_0137626,2021-06-29,ACC_00300,Engineering,Operating Expense,10566.72,EUR,"Jones, Roach and Williams",Completed
FIN_0471471,2021-11-19,ACC_00078,Finance,Purchase,21391.81,USD,"Huber, Douglas and Levy",Completed
FIN_0069532,2025-02-11,ACC_00349,Supply Chain,Payroll,24560.07,INR,"Kerr, Joseph and Golden",Completed
FIN_0023943,2023-08-07,ACC_00080,Information Technology,Revenue,44192.81,INR,"Chavez, White and Estes",Pending
FIN_0292974,2023-07-25,ACC_00128,Operations,Purchase,10181.93,USD,Cabrera-Rogers,Completed
FIN_0377494,2024-07-14,ACC_00228,Supply Chain,Revenue,39289.32,USD,"Li, Collins and Andrade",Completed
FIN_0118525,2022-10-18,ACC_00252,Marketing,Operating Expense,36399.75,USD,UNKNOWN,Completed
FIN_0303267,2023-04-12,ACC_00441,Human Resources,Payroll,21247.44,SEK,"Miller, Little and Rose",Completed
FIN_0107859,2025-06-26,ACC_00407,Sales,Operating Expense,46634.42,USD,Joseph Ltd,Completed
FIN_0283195,2021-08-16,ACC_00070,Finance,Revenue,20604.71,SEK,Brown PLC,Completed
FIN_0133560,2021-12-01,ACC_00060,Human Resources,Revenue,25490.6,SEK,Parker PLC,Completed
FIN_0161864,2023-12-11,ACC_00425,Finance,Purchase,40596.99,SEK,Eaton-Howard,Completed
FIN_0086410,2025-06-17,ACC_00121,Information Technology,Investment,15662.02,INR,Harris PLC,Completed
FIN_0422029,2021-02-23,ACC_00308,Supply Chain,Operating Expense,12910.41,USD,"Mullins, Williams and Larson",Pending
FIN_0243153,2023-10-31,ACC_00456,Supply Chain,Revenue,36671.61,INR,Fletcher Inc,Completed
FIN_0486903,2022-01-25,ACC_00004,Operations,Revenue,11835.04,EUR,Stanley Ltd,Completed
FIN_0478752,2025-07-02,ACC_00137,Operations,Payroll,14849.55,INR,Hunter and Sons,Completed
FIN_0185150,2024-11-13,ACC_00014,Engineering,Operating Expense,24699.93,SEK,Brown-Clements,Failed
FIN_0310647,2024-02-21,ACC_00021,Operations,Operating Expense,27414.11,USD,"Marshall, Martin and Floyd",Completed
FIN_0062501,2025-01-11,ACC_00106,Information Technology,Purchase,30168.08,USD,Andrews-Bentley,Completed
FIN_0364981,2024-06-25,ACC_00168,Manufacturing,Investment,43080.83,EUR,"Ferguson, Singleton and Barron",Completed
FIN_0107427,2022-05-05,ACC_00168,Supply Chain,Purchase,14323.33,USD,"Preston, Long and Garcia",Pending
FIN_0112982,2026-03-11,ACC_00102,Operations,Payroll,43065.83,SEK,Bell-Carey,Completed
FIN_0137711,2025-06-18,ACC_00175,Sales,Revenue,68383.47,USD,Williams-Estrada,Completed
FIN_0173792,2024-03-21,ACC_00457,Marketing,Revenue,99740.73,EUR,Carter-David,Completed
FIN_0044099,2024-04-13,ACC_00342,Human Resources,Operating Expense,41839.38,EUR,Olsen Ltd,Completed
FIN_0463112,2022-12-14,ACC_00323,Finance,Purchase,31572.56,EUR,Turner PLC,Completed
FIN_0031968,2021-08-10,ACC_00357,Sales,Revenue,92267.87,EUR,Alvarado-Fuentes,Completed
FIN_0425798,2022-07-08,ACC_00338,Sales,Purchase,14888.32,USD,Coleman Group,Completed
FIN_0054062,2023-09-09,ACC_00048,Engineering,Operating Expense,9998.04,USD,Williams Group,Completed
FIN_0181251,2026-03-21,ACC_00267,Information Technology,Investment,636.38,INR,Cook-Shaffer,Completed
FIN_0402331,2022-11-07,ACC_00364,Supply Chain,Purchase,43437.72,INR,Hanson-Green,Completed
FIN_0203979,2021-12-21,ACC_00072,Human Resources,Payroll,1345.31,SEK,UNKNOWN,Completed
FIN_0170853,2021-01-13,ACC_00461,Information Technology,Revenue,17719.03,EUR,"Brown, Stephens and Oneal",Completed
FIN_0168674,2026-06-21,ACC_00211,Operations,Revenue,70160.4,USD,Vargas PLC,Completed
FIN_0356338,2023-06-06,ACC_00010,Engineering,Investment,13771.61,EUR,"Shields, Sanchez and Miller",Completed
FIN_0324351,2023-02-01,ACC_00084,Information Technology,Operating Expense,18838.4,SEK,Evans-Walker,Completed
FIN_0263267,2024-01-14,ACC_00403,Engineering,Revenue,12550.16,INR,Jones-Chandler,Completed
FIN_0480822,2025-10-31,ACC_00343,Manufacturing,Payroll,31592.44,INR,Sosa PLC,Completed
FIN_0441413,2022-03-15,ACC_00361,Manufacturing,Investment,6595.85,EUR,"Reed, Baker and Carter",Completed
FIN_0246345,2021-04-06,ACC_00099,Supply Chain,Purchase,27506.61,SEK,Ward Inc,Completed
FIN_0373867,2022-07-28,ACC_00027,Marketing,Purchase,45140.68,SEK,"Carson, Hoffman and Livingston",Completed
FIN_0058037,2023-09-12,ACC_00155,Information Technology,Operating Expense,13341.75,SEK,"Singh, Chavez and Smith",Completed
FIN_0134954,2021-11-12,ACC_00466,Sales,Revenue,25035.18,EUR,Navarro Inc,Completed
FIN_0396691,2021-09-19,ACC_00403,Marketing,Operating Expense,36307.5,USD,UNKNOWN,Completed
FIN_0339353,2026-03-29,ACC_00116,Finance,Purchase,21434.65,EUR,"Anthony, Dyer and Brown",Completed
FIN_0485670,2022-08-21,ACC_00414,Information Technology,Revenue,30490.32,USD,"Baker, Petersen and Downs",Completed
FIN_0200571,2023-03-02,ACC_00496,Information Technology,Purchase,33391.65,USD,"West, Alexander and Guzman",Pending
FIN_0485294,2026-01-23,ACC_00142,Finance,Operating Expense,28256.0,INR,"Peters, Moore and Clark",Completed
FIN_0497794,2021-02-16,ACC_00068,Operations,Revenue,32114.28,INR,"Payne, Edwards and Mcdonald",Completed
FIN_0483664,2025-10-30,ACC_00351,Information Technology,Payroll,31852.42,SEK,Ritter-Moore,Completed
FIN_0247604,2025-04-07,ACC_00131,Human Resources,Revenue,39629.45,USD,"Stone, Anderson and Garcia",Failed
FIN_0191486,2023-08-22,ACC_00442,Finance,Revenue,89644.59,EUR,Benitez Ltd,Pending
FIN_0178914,2026-04-04,ACC_00449,Finance,Revenue,57653.01,SEK,"Morris, Robertson and Davis",Completed
FIN_0159736,2023-11-18,ACC_00422,Supply Chain,Revenue,53269.72,USD,Collins-Reyes,Completed
FIN_0100526,2025-09-01,ACC_00283,Manufacturing,Purchase,25676.01,INR,Rodriguez Group,Completed
FIN_0428965,2025-03-28,ACC_00187,Operations,Purchase,2367.15,EUR,"Strickland, Boyd and Taylor",Completed
FIN_0245549,2024-01-20,ACC_00152,Operations,Revenue,15501.16,EUR,"Franklin, Coleman and Wise",Completed
FIN_0389371,2026-02-10,ACC_00365,Operations,Revenue,41245.8,INR,"Garcia, Anderson and Hale",Completed
FIN_0233828,2024-06-30,ACC_00469,Supply Chain,Revenue,56350.49,INR,"Mahoney, Gilbert and Franklin",Completed
FIN_0428631,2021-08-23,ACC_00285,Operations,Operating Expense,49250.86,INR,Warren PLC,Completed
FIN_0430802,2023-08-02,ACC_00456,Marketing,Payroll,2510.52,USD,"Hall, Harper and Mcpherson",Completed
FIN_0157262,2021-02-07,ACC_00025,Supply Chain,Revenue,40373.8,INR,"Wilson, Garcia and Stewart",Completed
FIN_0203479,2021-10-26,ACC_00424,Information Technology,Revenue,53224.76,EUR,"Cruz, Spencer and Brown",Completed
FIN_0093870,2023-03-14,ACC_00325,Operations,Operating Expense,18727.34,USD,Farmer PLC,Failed
FIN_0497232,2026-06-09,ACC_00368,Manufacturing,Purchase,13335.19,INR,"Warren, Smith and Walker",Completed
FIN_0404436,2023-02-15,ACC_00422,Sales,Investment,2156.07,INR,Hansen LLC,Pending
FIN_0410367,2024-08-04,ACC_00413,Human Resources,Revenue,11276.7,INR,Griffin LLC,Completed
FIN_0391405,2026-05-20,ACC_00414,Manufacturing,Purchase,6945.06,EUR,Blackwell-Perry,Completed
FIN_0241937,2022-12-13,ACC_00079,Information Technology,Payroll,20862.74,EUR,Johnson and Sons,Completed
FIN_0220715,2025-07-31,ACC_00369,Supply Chain,Revenue,28827.93,EUR,Foster-Clark,Completed
FIN_0413774,2024-06-20,ACC_00030,Operations,Purchase,23801.59,EUR,"Gordon, Huber and Murray",Completed
FIN_0031566,2022-12-06,ACC_00129,Engineering,Operating Expense,45129.13,INR,"Roth, West and Butler",Pending
FIN_0163844,2023-07-18,ACC_00131,Human Resources,Revenue,59028.42,USD,King LLC,Completed
FIN_0048585,2024-09-14,ACC_00054,Sales,Purchase,20648.67,USD,Khan Inc,Completed
FIN_0017072,2025-09-16,ACC_00429,Information Technology,Operating Expense,35196.88,SEK,Ingram Group,Completed
FIN_0433504,2023-04-05,ACC_00092,Engineering,Purchase,22126.43,USD,Fernandez Inc,Completed
FIN_0226034,2024-07-28,ACC_00168,Supply Chain,Purchase,32467.73,SEK,Davis-Klein,Completed
FIN_0322372,2026-03-26,ACC_00382,Manufacturing,Revenue,30579.42,SEK,Salazar-Ward,Failed
FIN_0445629,2023-02-07,ACC_00221,Information Technology,Purchase,39507.79,SEK,"Roach, Martin and Estrada",Completed
FIN_0086555,2024-08-14,ACC_00463,Sales,Revenue,13602.67,USD,"Brown, Miller and Jimenez",Pending
FIN_0014122,2022-06-07,ACC_00186,Finance,Operating Expense,7865.9,SEK,Hogan and Sons,Completed
FIN_0339300,2021-02-27,ACC_00034,Marketing,Revenue,47000.82,SEK,Murray LLC,Completed
FIN_0253756,2022-12-17,ACC_00411,Human Resources,Revenue,58776.4,USD,Lindsey Inc,Completed
FIN_0326784,2021-05-18,ACC_00328,Finance,Purchase,24257.46,USD,Wilson Inc,Pending
FIN_0072468,2024-01-23,ACC_00127,Finance,Payroll,9562.88,USD,Leblanc and Sons,Completed
FIN_0077945,2024-08-08,ACC_00349,Finance,Purchase,32742.23,USD,"Reyes, Richards and Brown",Completed
FIN_0295037,2024-10-12,ACC_00061,Manufacturing,Operating Expense,2483.43,USD,Ramirez Ltd,Completed
FIN_0183186,2024-02-05,ACC_00213,Sales,Purchase,19388.14,USD,UNKNOWN,Completed
FIN_0221383,2023-10-12,ACC_00220,Information Technology,Operating Expense,7989.4,USD,Johnson Ltd,Completed
FIN_0303692,2021-12-16,ACC_00075,Engineering,Revenue,65535.2,USD,Mcpherson-Garcia,Completed
FIN_0050316,2021-08-05,ACC_00289,Finance,Revenue,3867.12,USD,Combs-Stone,Completed
FIN_0281772,2026-01-02,ACC_00353,Supply Chain,Payroll,1905.57,EUR,Kennedy-Mccann,Completed
FIN_0328653,2023-02-01,ACC_00436,Human Resources,Purchase,43065.25,SEK,Perez LLC,Completed
FIN_0016419,2023-09-12,ACC_00154,Human Resources,Operating Expense,27329.46,SEK,Zimmerman LLC,Completed
FIN_0226591,2022-05-21,ACC_00472,Engineering,Purchase,24257.94,EUR,"Hudson, Rosario and Walker",Completed
FIN_0344635,2022-05-19,ACC_00399,Human Resources,Revenue,45135.36,SEK,Peterson Ltd,Completed
FIN_0085353,2021-05-23,ACC_00475,Human Resources,Revenue,88298.8,USD,"Taylor, Nichols and Brown",Completed
FIN_0409244,2022-11-16,ACC_00307,Human Resources,Payroll,19005.5,EUR,"Middleton, Flowers and Martin",Completed
FIN_0278726,2022-02-24,ACC_00473,Marketing,Purchase,18536.82,EUR,Nelson LLC,Completed
FIN_0118647,2022-04-18,ACC_00003,Information Technology,Revenue,73593.31,INR,White and Sons,Completed
FIN_0391150,2021-06-27,ACC_00385,Manufacturing,Operating Expense,27882.36,INR,"Garza, Vaughn and Carr",Completed
FIN_0240503,2022-04-12,ACC_00280,Supply Chain,Operating Expense,15245.16,EUR,"Flores, Garcia and Thomas",Completed
FIN_0466350,2023-05-20,ACC_00199,Manufacturing,Revenue,59139.83,USD,Lambert Inc,Completed
FIN_0198755,2024-09-13,ACC_00308,Engineering,Purchase,35144.63,SEK,Thompson Group,Completed
FIN_0001310,2024-05-15,ACC_00052,Engineering,Purchase,32471.88,EUR,Fernandez-Williams,Completed
FIN_0072394,2023-05-29,ACC_00398,Marketing,Revenue,70757.27,SEK,Hanson Ltd,Completed
FIN_0264993,2025-05-30,ACC_00209,Operations,Revenue,75997.8,EUR,Cross-Hensley,Completed
FIN_0270338,2026-05-15,ACC_00034,Engineering,Revenue,26373.15,USD,Shaw Inc,Completed
FIN_0281286,2021-12-10,ACC_00049,Engineering,Purchase,10132.82,SEK,Long PLC,Completed
FIN_0453202,2022-07-28,ACC_00013,Finance,Revenue,89491.88,SEK,Ballard-Roberts,Completed
FIN_0255357,2023-09-18,ACC_00052,Sales,Operating Expense,34220.21,USD,UNKNOWN,Failed
FIN_0214654,2023-04-05,ACC_00005,Operations,Revenue,47721.44,USD,"Rose, Santiago and Stephens",Completed
FIN_0419449,2024-04-13,ACC_00427,Information Technology,Payroll,10827.36,SEK,Chan Group,Completed
FIN_0376678,2023-10-29,ACC_00105,Human Resources,Revenue,36246.42,SEK,"Chang, Shepherd and Bradley",Completed
FIN_0453250,2021-09-30,ACC_00470,Sales,Payroll,26215.12,INR,Gilbert-Jimenez,Pending
FIN_0230822,2023-06-24,ACC_00358,Operations,Revenue,23821.58,EUR,Conrad-Hines,Failed
FIN_0248788,2025-11-04,ACC_00096,Operations,Purchase,17917.33,USD,"Ball, Hart and Lee",Completed
FIN_0285332,2023-01-02,ACC_00312,Operations,Operating Expense,1809.71,USD,Marquez PLC,Completed
FIN_0187823,2021-01-05,ACC_00344,Engineering,Purchase,22334.38,SEK,Ball Inc,Completed
FIN_0371298,2021-05-03,ACC_00084,Finance,Revenue,70284.07,SEK,"Lopez, Chandler and Johnson",Completed
FIN_0159024,2024-09-17,ACC_00065,Human Resources,Revenue,34022.86,EUR,Mcbride Inc,Completed
FIN_0129504,2025-11-20,ACC_00358,Engineering,Purchase,48682.24,INR,Diaz Inc,Completed
FIN_0385958,2024-11-02,ACC_00089,Sales,Revenue,15822.48,USD,James Group,Completed
FIN_0425593,2022-10-06,ACC_00245,Operations,Revenue,90816.88,INR,Hart Group,Completed
FIN_0013589,2023-07-23,ACC_00436,Finance,Purchase,27172.07,USD,Rodriguez-Armstrong,Completed
FIN_0033869,2026-01-18,ACC_00066,Finance,Purchase,26293.62,USD,"Young, Long and Olson",Completed
FIN_0150304,2021-02-06,ACC_00272,Sales,Operating Expense,15575.64,INR,Sanders-Rice,Completed
FIN_0232673,2024-03-02,ACC_00036,Finance,Revenue,44233.58,EUR,Kelly-Ochoa,Completed
FIN_0356659,2022-12-28,ACC_00500,Marketing,Operating Expense,36907.43,USD,Jones Group,Completed
FIN_0174903,2021-05-05,ACC_00348,Manufacturing,Operating Expense,22682.36,SEK,UNKNOWN,Completed
FIN_0164223,2023-04-24,ACC_00192,Engineering,Operating Expense,41738.31,SEK,"Jackson, Ball and Perez",Completed
FIN_0200259,2024-08-15,ACC_00486,Supply Chain,Operating Expense,4352.69,EUR,Newman-Taylor,Completed
FIN_0129556,2021-07-22,ACC_00484,Supply Chain,Investment,47762.08,SEK,"Mcgee, Taylor and Dunn",Completed
FIN_0086452,2025-08-04,ACC_00291,Finance,Revenue,99181.43,SEK,"Boyd, Wilson and Chapman",Completed
FIN_0374364,2026-01-19,ACC_00201,Sales,Revenue,59658.53,SEK,Duncan-Herrera,Completed
FIN_0204868,2025-01-12,ACC_00427,Operations,Payroll,14631.65,SEK,Roberson-Perez,Completed
FIN_0394848,2025-01-25,ACC_00146,Marketing,Operating Expense,20858.73,INR,UNKNOWN,Pending
FIN_0491661,2023-04-03,ACC_00224,Information Technology,Revenue,18201.34,SEK,Johnston Inc,Completed
FIN_0299542,2023-11-11,ACC_00410,Information Technology,Operating Expense,33297.47,SEK,"Sims, Bartlett and Dean",Completed
FIN_0297004,2023-03-07,ACC_00303,Human Resources,Revenue,3914.95,USD,Hernandez-King,Completed
FIN_0240804,2026-02-13,ACC_00206,Information Technology,Purchase,24294.74,EUR,Villarreal Inc,Completed
FIN_0498082,2021-10-27,ACC_00169,Sales,Purchase,6754.07,USD,Clark-Griffin,Completed
FIN_0226522,2022-11-06,ACC_00481,Supply Chain,Purchase,36628.54,SEK,Jones-Hughes,Completed
FIN_0455337,2022-10-07,ACC_00321,Supply Chain,Purchase,6622.51,SEK,"May, Fleming and Horton",Completed
FIN_0346673,2022-02-22,ACC_00434,Finance,Investment,5237.66,USD,Fisher-Harris,Completed
FIN_0436829,2023-07-23,ACC_00438,Manufacturing,Payroll,8504.92,EUR,"Swanson, Knight and Johnson",Failed
FIN_0027298,2021-08-14,ACC_00039,Marketing,Operating Expense,35001.75,SEK,Sanchez-Novak,Failed
FIN_0024741,2022-01-07,ACC_00215,Operations,Revenue,77475.43,USD,Ellis Ltd,Pending
FIN_0061390,2025-04-23,ACC_00490,Marketing,Operating Expense,13572.79,USD,"Randall, Ferrell and Johnson",Completed
FIN_0076114,2023-06-05,ACC_00310,Human Resources,Purchase,35112.34,USD,Elliott-Skinner,Completed
FIN_0041100,2026-03-15,ACC_00178,Human Resources,Operating Expense,8062.66,EUR,Diaz LLC,Completed
FIN_0297552,2025-02-20,ACC_00218,Marketing,Purchase,8672.35,EUR,Sanchez-Obrien,Completed
FIN_0400923,2021-03-15,ACC_00024,Finance,Revenue,6095.69,EUR,Miller Ltd,Completed
FIN_0273398,2023-10-05,ACC_00115,Marketing,Payroll,44239.57,EUR,"Mora, Dennis and Davidson",Completed
FIN_0205279,2024-05-11,ACC_00075,Supply Chain,Revenue,29516.61,SEK,Barnett-Andrews,Completed
FIN_0124417,2021-09-14,ACC_00080,Marketing,Payroll,22371.34,SEK,UNKNOWN,Completed
FIN_0159592,2023-03-31,ACC_00066,Sales,Purchase,402.54,INR,"Simon, Fisher and Clark",Completed
FIN_0445955,2023-07-14,ACC_00312,Information Technology,Payroll,33884.03,USD,Perez and Sons,Completed
FIN_0374759,2023-05-18,ACC_00240,Manufacturing,Revenue,26708.13,USD,Hoffman-Deleon,Completed
FIN_0158442,2025-12-20,ACC_00427,Manufacturing,Revenue,80941.04,SEK,Rivas Group,Completed
FIN_0495500,2024-07-10,ACC_00356,Sales,Revenue,28348.85,INR,Robertson-Stephens,Completed
FIN_0275052,2022-07-08,ACC_00153,Supply Chain,Revenue,71523.26,INR,Garrett Inc,Completed
FIN_0033505,2025-07-18,ACC_00471,Supply Chain,Payroll,10545.57,SEK,Wheeler and Sons,Completed
FIN_0367027,2023-08-17,ACC_00394,Information Technology,Purchase,37289.72,INR,Mahoney Group,Completed
FIN_0254387,2025-12-24,ACC_00022,Manufacturing,Payroll,19184.72,USD,Maynard Group,Completed
FIN_0491722,2021-10-25,ACC_00408,Engineering,Revenue,98896.09,SEK,Zuniga and Sons,Completed
FIN_0101418,2025-04-27,ACC_00245,Information Technology,Revenue,31827.52,SEK,Shaw-Martin,Completed
FIN_0065062,2023-09-08,ACC_00458,Information Technology,Revenue,1032.56,USD,Ford PLC,Completed
FIN_0044904,2023-01-03,ACC_00205,Operations,Purchase,20812.95,EUR,"Schultz, Brooks and Bowen",Completed
FIN_0411711,2024-02-24,ACC_00121,Marketing,Purchase,39604.8,INR,UNKNOWN,Completed
FIN_0408475,2024-07-31,ACC_00124,Sales,Operating Expense,49046.76,EUR,Kerr PLC,Completed
FIN_0288470,2023-11-26,ACC_00451,Information Technology,Operating Expense,36301.26,SEK,Miller and Sons,Completed
FIN_0374009,2021-03-05,ACC_00126,Information Technology,Revenue,63232.7,USD,Moore LLC,Completed
FIN_0103107,2026-01-11,ACC_00387,Human Resources,Purchase,7691.72,USD,UNKNOWN,Completed
FIN_0186586,2021-09-18,ACC_00084,Information Technology,Revenue,9942.29,USD,Mccoy-Stephenson,Completed
FIN_0449010,2021-08-01,ACC_00057,Sales,Purchase,45879.53,USD,Jones PLC,Completed
FIN_0477651,2023-03-15,ACC_00299,Human Resources,Operating Expense,39288.91,INR,"Jensen, Holmes and Johnson",Completed
FIN_0346004,2024-06-18,ACC_00475,Operations,Purchase,46186.64,USD,Patterson-Cantrell,Completed
FIN_0449844,2023-02-03,ACC_00276,Human Resources,Payroll,18887.31,INR,Kirk Inc,Completed
FIN_0236818,2025-05-22,ACC_00389,Engineering,Purchase,44030.49,EUR,Mills PLC,Completed
FIN_0202910,2025-12-12,ACC_00165,Human Resources,Investment,23627.95,USD,"Walter, Medina and Grant",Completed
FIN_0288537,2021-12-24,ACC_00254,Engineering,Payroll,18502.22,EUR,"Thomas, Wilson and Gallagher",Completed
FIN_0252928,2024-05-03,ACC_00420,Sales,Revenue,47389.0,INR,Ryan PLC,Completed
FIN_0459709,2022-06-25,ACC_00051,Manufacturing,Purchase,9939.79,EUR,Peters-Smith,Completed
FIN_0352844,2022-08-16,ACC_00140,Information Technology,Operating Expense,39673.33,INR,Heath PLC,Completed
FIN_0034791,2023-10-16,ACC_00277,Information Technology,Purchase,31265.39,USD,"Chung, Smith and White",Completed
FIN_0438878,2024-01-16,ACC_00191,Marketing,Revenue,76045.7,USD,Garcia-Lee,Completed
FIN_0194824,2021-02-05,ACC_00462,Engineering,Operating Expense,6971.63,SEK,"Knight, Nguyen and Cummings",Completed
FIN_0293380,2023-11-28,ACC_00383,Sales,Purchase,17853.34,INR,Murphy Ltd,Completed
FIN_0332244,2025-07-01,ACC_00349,Sales,Revenue,72155.8,EUR,"Cochran, Frazier and Hartman",Completed
FIN_0365745,2022-07-21,ACC_00250,Information Technology,Purchase,27991.28,EUR,Medina Ltd,Pending
FIN_0058536,2022-04-30,ACC_00441,Supply Chain,Purchase,23737.95,USD,Williams-Rowe,Completed
FIN_0175827,2026-01-11,ACC_00216,Operations,Operating Expense,34439.9,USD,Ford-Cook,Completed
FIN_0417302,2021-09-28,ACC_00355,Operations,Revenue,52696.6,USD,Gibbs PLC,Completed
FIN_0416457,2026-01-02,ACC_00055,Finance,Operating Expense,24003.53,USD,UNKNOWN,Completed
FIN_0469415,2021-01-15,ACC_00371,Operations,Purchase,5844.78,INR,"Smith, Cruz and Williams",Pending
FIN_0426822,2023-10-11,ACC_00126,Supply Chain,Payroll,42580.09,USD,Elliott-Gaines,Completed
FIN_0017201,2025-08-02,ACC_00072,Finance,Operating Expense,19279.82,INR,"Reyes, Sanchez and Wilson",Completed
FIN_0107333,2024-09-25,ACC_00050,Information Technology,Revenue,86738.3,EUR,Fox-Davis,Completed
FIN_0274258,2024-07-22,ACC_00269,Information Technology,Revenue,89987.62,INR,Neal LLC,Completed
FIN_0074807,2021-03-13,ACC_00407,Human Resources,Revenue,11903.82,EUR,Mitchell PLC,Completed
FIN_0161194,2023-07-28,ACC_00008,Manufacturing,Revenue,37391.23,EUR,Frost Ltd,Completed
FIN_0099658,2023-03-22,ACC_00100,Supply Chain,Payroll,22393.74,SEK,Gray-Jones,Completed
FIN_0083809,2023-01-04,ACC_00196,Marketing,Investment,10831.25,SEK,Turner Inc,Completed
FIN_0322779,2025-02-05,ACC_00124,Finance,Operating Expense,43845.94,USD,"Davis, George and Everett",Completed
FIN_0277565,2026-05-21,ACC_00384,Marketing,Purchase,37935.77,SEK,"Smith, Diaz and Powell",Completed
FIN_0109926,2025-10-01,ACC_00039,Manufacturing,Operating Expense,48782.33,SEK,"King, Powers and Robinson",Completed
FIN_0188478,2025-06-16,ACC_00195,Sales,Revenue,3295.15,EUR,Brown Ltd,Completed
FIN_0298624,2022-10-25,ACC_00279,Finance,Operating Expense,24419.85,INR,Carter Inc,Completed
FIN_0439725,2026-05-21,ACC_00304,Engineering,Purchase,20255.93,SEK,Buck Group,Completed
FIN_0429368,2025-08-28,ACC_00257,Finance,Revenue,55392.58,SEK,"Villarreal, Wilson and Robinson",Completed
FIN_0245849,2021-04-22,ACC_00227,Marketing,Revenue,23032.14,SEK,"Oconnor, Sharp and Leonard",Completed
FIN_0482058,2021-03-27,ACC_00401,Sales,Operating Expense,21716.47,SEK,Ward and Sons,Completed
FIN_0354179,2023-05-24,ACC_00194,Marketing,Revenue,37101.23,INR,Snyder PLC,Completed
FIN_0382005,2024-01-07,ACC_00095,Information Technology,Revenue,65756.27,USD,UNKNOWN,Completed
FIN_0266281,2022-12-01,ACC_00369,Supply Chain,Revenue,32334.1,INR,Martin Ltd,Pending
FIN_0436900,2025-02-02,ACC_00106,Marketing,Purchase,26791.71,EUR,Stein-Harris,Completed
FIN_0477076,2023-06-04,ACC_00153,Engineering,Payroll,49854.93,USD,UNKNOWN,Completed
FIN_0424876,2021-06-30,ACC_00452,Human Resources,Revenue,35659.44,INR,Graham-Gonzales,Completed
FIN_0221252,2023-04-23,ACC_00461,Operations,Purchase,8710.24,SEK,Hudson Ltd,Completed
FIN_0260682,2024-09-25,ACC_00096,Sales,Operating Expense,8290.44,INR,UNKNOWN,Completed
FIN_0470643,2022-05-21,ACC_00232,Finance,Revenue,37015.71,USD,Kim Inc,Completed
FIN_0415014,2021-04-27,ACC_00158,Information Technology,Purchase,33629.16,SEK,Higgins-Phillips,Completed
FIN_0043604,2026-06-14,ACC_00128,Engineering,Revenue,40735.86,USD,"Warren, Shaffer and Wells",Completed
FIN_0013558,2021-01-04,ACC_00261,Operations,Revenue,60515.99,SEK,Castro and Sons,Completed
FIN_0250373,2024-04-01,ACC_00210,Sales,Operating Expense,11258.93,INR,Wall-Lee,Completed
FIN_0413291,2023-08-26,ACC_00326,Sales,Investment,8840.35,USD,Washington Ltd,Completed
FIN_0345642,2024-10-15,ACC_00048,Marketing,Payroll,384.37,EUR,"Leon, Brown and Quinn",Completed
FIN_0239556,2023-06-11,ACC_00062,Sales,Operating Expense,12296.23,EUR,Vargas-Wilson,Completed
FIN_0217818,2025-08-27,ACC_00397,Manufacturing,Purchase,36549.12,SEK,Bennett LLC,Completed
FIN_0404095,2024-12-21,ACC_00457,Manufacturing,Revenue,12287.02,SEK,Benson and Sons,Completed
FIN_0199233,2022-08-16,ACC_00124,Finance,Purchase,2206.67,USD,Martinez Ltd,Completed
FIN_0137273,2022-08-20,ACC_00374,Human Resources,Purchase,30143.2,USD,Wilson PLC,Completed
FIN_0037123,2021-09-08,ACC_00231,Sales,Payroll,24661.24,SEK,Moore and Sons,Pending
FIN_0480449,2023-12-23,ACC_00411,Operations,Revenue,56663.69,EUR,"Perez, Martin and Johnson",Completed
FIN_0251121,2025-02-16,ACC_00014,Manufacturing,Payroll,29097.39,SEK,"Ware, Benson and Romero",Completed
FIN_0123708,2024-05-10,ACC_00063,Finance,Payroll,31668.34,USD,Lewis PLC,Completed
FIN_0474887,2025-07-10,ACC_00010,Manufacturing,Revenue,39637.18,EUR,Miller-Browning,Completed
FIN_0328763,2022-01-05,ACC_00451,Manufacturing,Operating Expense,28439.78,USD,UNKNOWN,Completed
FIN_0445232,2025-07-30,ACC_00207,Sales,Purchase,48483.82,USD,Miller Group,Completed
FIN_0018324,2022-11-29,ACC_00359,Sales,Revenue,74450.44,USD,Nguyen and Sons,Completed
FIN_0475264,2021-09-14,ACC_00179,Information Technology,Purchase,41663.89,EUR,Perez LLC,Failed
FIN_0271275,2023-05-29,ACC_00392,Engineering,Purchase,47521.28,SEK,Mack PLC,Completed
FIN_0095952,2024-12-15,ACC_00195,Manufacturing,Revenue,58274.13,USD,Miller Ltd,Pending
FIN_0305044,2026-06-23,ACC_00346,Supply Chain,Revenue,70657.81,EUR,"Watson, Baldwin and Mitchell",Completed
FIN_0382327,2022-01-23,ACC_00237,Marketing,Purchase,839.71,SEK,King-Campbell,Completed
FIN_0276334,2024-07-10,ACC_00051,Marketing,Operating Expense,10249.24,INR,Barnes-Morgan,Completed
FIN_0366775,2025-04-29,ACC_00201,Engineering,Operating Expense,25310.51,EUR,Zimmerman PLC,Completed
FIN_0242993,2022-03-15,ACC_00344,Operations,Purchase,14389.63,SEK,"Butler, Price and Stafford",Completed
FIN_0232558,2023-05-23,ACC_00111,Human Resources,Revenue,62226.12,EUR,Griffin Group,Completed
FIN_0331817,2023-12-05,ACC_00489,Information Technology,Purchase,34822.48,USD,Orozco-Bush,Completed
FIN_0486864,2025-02-16,ACC_00451,Operations,Operating Expense,33378.24,INR,Lane-Rice,Completed
FIN_0265950,2022-11-19,ACC_00132,Manufacturing,Purchase,12722.78,EUR,"Brown, Davis and Johnson",Completed
FIN_0005091,2025-12-17,ACC_00244,Operations,Payroll,41321.5,USD,Yates PLC,Completed
FIN_0145232,2021-03-21,ACC_00176,Human Resources,Purchase,23040.55,USD,Obrien-Peterson,Completed
FIN_0092121,2024-02-14,ACC_00047,Manufacturing,Purchase,25116.32,USD,Munoz-Silva,Completed
FIN_0401917,2026-02-06,ACC_00144,Supply Chain,Operating Expense,40317.43,INR,"Jones, Gonzalez and Gutierrez",Completed
FIN_0478861,2023-10-30,ACC_00188,Human Resources,Purchase,2929.53,EUR,Smith Group,Completed
FIN_0498439,2025-11-08,ACC_00141,Sales,Revenue,85632.58,EUR,Smith-Scott,Completed
FIN_0327298,2024-05-06,ACC_00445,Sales,Operating Expense,30123.09,EUR,"Crawford, Adams and Pittman",Completed
FIN_0247926,2021-06-23,ACC_00470,Marketing,Operating Expense,5886.31,SEK,"Richardson, Valentine and Henry",Pending
FIN_0212469,2025-02-09,ACC_00015,Marketing,Purchase,8597.76,USD,"Berry, Taylor and Gomez",Pending
FIN_0163575,2022-09-09,ACC_00059,Finance,Purchase,49525.2,EUR,Lopez Group,Completed
FIN_0169348,2021-04-18,ACC_00079,Human Resources,Payroll,29832.5,SEK,Smith Group,Completed
FIN_0106913,2025-07-22,ACC_00498,Information Technology,Investment,41407.39,SEK,Carroll LLC,Completed
FIN_0380094,2025-06-14,ACC_00113,Sales,Operating Expense,8415.32,INR,"Graves, Odom and Ramirez",Completed
FIN_0402172,2025-09-04,ACC_00259,Information Technology,Revenue,25040.83,SEK,Davis PLC,Completed
FIN_0083573,2022-07-08,ACC_00252,Marketing,Operating Expense,8394.84,USD,Santana-Ward,Completed
FIN_0236065,2024-07-12,ACC_00219,Supply Chain,Revenue,24587.47,SEK,"Gross, Mullins and Taylor",Completed
FIN_0264460,2022-02-11,ACC_00167,Human Resources,Purchase,25029.35,INR,Gordon-Davis,Completed
FIN_0005214,2021-06-02,ACC_00436,Operations,Revenue,88957.97,INR,Garcia LLC,Completed
FIN_0083152,2025-04-03,ACC_00344,Marketing,Operating Expense,21951.93,SEK,Harris PLC,Completed
FIN_0148300,2026-01-29,ACC_00118,Supply Chain,Revenue,50733.86,INR,"Gonzalez, Ryan and Lane",Failed
FIN_0222811,2026-03-23,ACC_00496,Operations,Revenue,87961.28,USD,Jenkins PLC,Completed
FIN_0244703,2021-08-07,ACC_00160,Finance,Revenue,95278.05,INR,Hughes Ltd,Completed
FIN_0203778,2025-08-13,ACC_00170,Manufacturing,Payroll,44745.82,USD,Faulkner-Wall,Completed
FIN_0182728,2025-12-14,ACC_00391,Operations,Purchase,35803.55,EUR,Hansen-Schmidt,Completed
FIN_0188787,2022-07-23,ACC_00173,Supply Chain,Operating Expense,26641.99,INR,"Brooks, Johnson and Woods",Completed
FIN_0416312,2026-01-18,ACC_00220,Supply Chain,Revenue,90709.72,USD,Williams-Foster,Completed
FIN_0427911,2024-10-10,ACC_00212,Supply Chain,Revenue,23271.08,USD,"Hernandez, Friedman and Kaufman",Completed
FIN_0171149,2026-03-24,ACC_00105,Manufacturing,Revenue,40109.53,EUR,Marks Group,Completed
FIN_0435385,2024-09-04,ACC_00119,Manufacturing,Revenue,43401.07,SEK,Foster LLC,Completed
FIN_0246360,2022-11-15,ACC_00016,Engineering,Revenue,62327.44,EUR,"Johnson, Hill and Rowland",Completed
FIN_0333548,2023-05-15,ACC_00421,Sales,Purchase,41848.23,EUR,"Paul, Todd and Flores",Completed
FIN_0113570,2024-10-09,ACC_00370,Manufacturing,Purchase,48862.93,INR,Olson LLC,Completed
FIN_0165413,2025-02-24,ACC_00433,Manufacturing,Investment,46126.35,SEK,Macias-Lowe,Completed
FIN_0469566,2025-02-18,ACC_00270,Supply Chain,Purchase,22899.39,SEK,"Stewart, Burch and Mason",Completed
FIN_0471972,2024-11-20,ACC_00072,Supply Chain,Revenue,33385.28,EUR,Carey LLC,Completed
FIN_0202195,2024-04-25,ACC_00230,Engineering,Purchase,28017.72,SEK,Stevenson-Smith,Completed
FIN_0153277,2024-05-31,ACC_00165,Operations,Revenue,31205.38,INR,Cline-Brooks,Completed
FIN_0129854,2025-02-07,ACC_00073,Marketing,Revenue,9556.86,USD,Hansen-Hill,Completed
FIN_0238018,2025-07-05,ACC_00199,Engineering,Revenue,4801.47,SEK,"Nielsen, Hughes and Jefferson",Completed
FIN_0105972,2024-09-13,ACC_00456,Supply Chain,Revenue,44834.71,USD,"Rogers, Lang and Lopez",Completed
FIN_0070318,2025-04-19,ACC_00266,Information Technology,Operating Expense,2355.22,EUR,Nelson-Richardson,Pending
FIN_0454848,2022-03-26,ACC_00219,Supply Chain,Revenue,65071.98,USD,Peterson-Harrison,Completed
FIN_0321268,2024-05-02,ACC_00352,Manufacturing,Investment,663.12,SEK,"Walker, Rice and Valenzuela",Completed
FIN_0157424,2024-08-27,ACC_00153,Sales,Revenue,76700.41,EUR,Clark and Sons,Completed
FIN_0145651,2021-04-12,ACC_00303,Human Resources,Revenue,70159.36,EUR,Marshall and Sons,Completed
FIN_0372134,2024-12-06,ACC_00329,Marketing,Payroll,27844.08,EUR,"Villa, Clark and Mendez",Completed
FIN_0460954,2021-03-14,ACC_00088,Manufacturing,Revenue,37163.87,USD,Malone and Sons,Completed
FIN_0167315,2022-12-24,ACC_00463,Manufacturing,Purchase,11967.51,USD,Arroyo-Callahan,Completed
FIN_0357637,2023-10-27,ACC_00445,Operations,Revenue,6362.26,EUR,Benson-Bullock,Completed
FIN_0390246,2021-04-19,ACC_00130,Engineering,Investment,38142.71,EUR,Perkins Group,Completed
FIN_0130101,2024-02-04,ACC_00081,Sales,Revenue,88291.25,EUR,Lozano-Roberts,Completed
FIN_0463140,2024-03-20,ACC_00201,Information Technology,Revenue,3333.29,INR,UNKNOWN,Pending
FIN_0067857,2022-06-30,ACC_00108,Sales,Payroll,12738.16,SEK,Wilson PLC,Completed
FIN_0375387,2023-01-03,ACC_00286,Information Technology,Payroll,10048.67,EUR,Velasquez PLC,Completed
FIN_0054949,2023-06-17,ACC_00120,Supply Chain,Revenue,44427.66,EUR,"Phillips, Wood and Jones",Completed
FIN_0191302,2022-02-04,ACC_00078,Marketing,Payroll,32777.25,SEK,Pierce-Hunter,Completed
FIN_0142312,2022-03-28,ACC_00471,Sales,Payroll,4364.64,EUR,"Stewart, Lane and Jackson",Completed
FIN_0311529,2024-07-18,ACC_00027,Finance,Revenue,23094.54,INR,Wood Group,Completed
FIN_0436526,2023-10-13,ACC_00348,Human Resources,Operating Expense,13770.56,SEK,Richardson Inc,Completed
FIN_0303374,2022-04-24,ACC_00268,Information Technology,Purchase,14866.7,INR,"Wright, Parker and Bennett",Completed
FIN_0162091,2023-05-20,ACC_00192,Supply Chain,Revenue,96707.42,INR,Lewis-Koch,Completed
FIN_0225216,2024-05-01,ACC_00154,Information Technology,Revenue,44207.3,SEK,"Edwards, Jones and Patterson",Completed
FIN_0466385,2022-08-01,ACC_00488,Finance,Investment,43558.03,EUR,Ward-Moore,Completed
FIN_0361441,2026-06-24,ACC_00003,Marketing,Purchase,32669.1,USD,Reyes and Sons,Completed
FIN_0060191,2025-06-01,ACC_00210,Information Technology,Payroll,45073.36,USD,Rodriguez-Ray,Completed
FIN_0348466,2021-09-03,ACC_00154,Supply Chain,Purchase,16449.64,EUR,Lee-Schultz,Completed
FIN_0484308,2024-04-10,ACC_00197,Marketing,Investment,10900.56,INR,Herring-Larson,Completed
FIN_0291867,2021-12-10,ACC_00467,Information Technology,Investment,35235.44,SEK,"Smith, Reyes and Zimmerman",Completed
FIN_0191127,2024-10-05,ACC_00188,Engineering,Purchase,18955.21,USD,"Herman, Obrien and Delgado",Completed
FIN_0020885,2023-12-02,ACC_00333,Manufacturing,Payroll,49158.37,SEK,"Armstrong, Acosta and Frederick",Completed
FIN_0276119,2024-08-25,ACC_00111,Engineering,Purchase,49584.6,USD,"Smith, Walls and Hall",Pending
FIN_0125228,2024-06-25,ACC_00200,Engineering,Payroll,4121.96,SEK,Brewer Ltd,Completed
FIN_0485566,2022-07-13,ACC_00018,Engineering,Revenue,28997.28,SEK,"Ryan, Wood and Tucker",Completed
FIN_0393819,2024-01-12,ACC_00265,Engineering,Operating Expense,48062.47,SEK,Morris Ltd,Failed
FIN_0080257,2022-01-27,ACC_00311,Engineering,Revenue,47301.99,INR,Silva Ltd,Completed
FIN_0113304,2021-03-28,ACC_00344,Engineering,Payroll,26127.99,INR,Shelton LLC,Completed
FIN_0233171,2021-02-03,ACC_00310,Manufacturing,Revenue,15339.46,SEK,Wood and Sons,Completed
FIN_0262334,2022-07-02,ACC_00134,Finance,Revenue,95914.67,INR,Gibbs PLC,Completed
FIN_0437399,2021-01-05,ACC_00134,Information Technology,Purchase,23289.92,SEK,Horton-Kerr,Pending
FIN_0197469,2026-05-31,ACC_00213,Operations,Purchase,49030.96,USD,"Gray, Moyer and Solis",Completed
FIN_0096540,2025-10-27,ACC_00284,Human Resources,Payroll,21923.03,SEK,"Garza, Sullivan and Bailey",Completed
FIN_0139111,2025-05-15,ACC_00259,Supply Chain,Investment,8590.88,USD,Manning LLC,Completed
FIN_0271730,2025-03-08,ACC_00232,Sales,Revenue,51173.41,SEK,Rodriguez-Oneal,Completed
FIN_0378462,2024-11-05,ACC_00103,Engineering,Revenue,40875.38,INR,Williamson-Escobar,Completed
FIN_0135688,2025-06-05,ACC_00326,Finance,Revenue,10082.7,USD,Brown-Wilkins,Completed
FIN_0060580,2026-01-24,ACC_00268,Finance,Payroll,21340.75,EUR,Moore Ltd,Completed
FIN_0016668,2021-04-15,ACC_00180,Manufacturing,Revenue,98989.9,USD,Maynard-Lopez,Completed
FIN_0390154,2026-02-27,ACC_00271,Engineering,Revenue,68714.97,EUR,"Welch, Preston and Knight",Completed
FIN_0139990,2026-06-24,ACC_00086,Sales,Payroll,22557.23,SEK,Schroeder-Sanchez,Completed
FIN_0481169,2025-04-13,ACC_00107,Marketing,Purchase,30009.72,USD,Carroll-Ortiz,Completed
FIN_0256442,2023-10-25,ACC_00031,Manufacturing,Investment,26764.43,INR,Gonzales-Ryan,Completed
FIN_0479919,2022-05-01,ACC_00187,Human Resources,Revenue,43634.78,USD,Brown-Johnson,Completed
FIN_0017776,2024-03-09,ACC_00331,Marketing,Revenue,44366.58,USD,"Bullock, Pierce and Hopkins",Completed
FIN_0247634,2023-05-14,ACC_00098,Supply Chain,Operating Expense,2352.15,INR,West-Daniels,Completed
FIN_0393034,2022-03-24,ACC_00108,Finance,Purchase,18226.33,INR,"Gonzales, Zhang and Sanders",Completed
FIN_0219786,2021-12-29,ACC_00359,Engineering,Payroll,19074.59,INR,Burns-Cook,Completed
FIN_0086884,2023-11-01,ACC_00352,Sales,Investment,45313.38,EUR,Ferguson-Johnson,Pending
FIN_0292996,2021-02-07,ACC_00325,Manufacturing,Payroll,39333.19,SEK,Evans Group,Completed
FIN_0140597,2022-02-15,ACC_00227,Information Technology,Purchase,9764.24,EUR,May-Barajas,Completed
FIN_0376226,2022-01-25,ACC_00024,Finance,Revenue,79996.71,USD,Floyd PLC,Completed
FIN_0044689,2025-07-04,ACC_00212,Supply Chain,Revenue,24317.55,INR,UNKNOWN,Completed
FIN_0427977,2022-07-11,ACC_00135,Supply Chain,Purchase,5779.44,SEK,"Wright, Mccall and Johnson",Completed
FIN_0018120,2022-06-08,ACC_00039,Supply Chain,Purchase,9430.75,SEK,"Soto, Graves and Berry",Completed
FIN_0355784,2021-08-02,ACC_00074,Information Technology,Operating Expense,4939.37,SEK,Edwards-Wright,Completed
FIN_0254852,2024-05-16,ACC_00216,Human Resources,Revenue,20084.36,USD,Hernandez-Mullen,Completed
FIN_0133043,2024-09-15,ACC_00087,Sales,Revenue,6673.07,SEK,Woodard Group,Completed
FIN_0390405,2022-10-14,ACC_00421,Marketing,Operating Expense,33370.62,USD,Andrews-Williams,Completed
FIN_0398841,2024-03-02,ACC_00447,Manufacturing,Revenue,17151.63,EUR,Gonzalez and Sons,Completed
FIN_0007434,2024-11-20,ACC_00180,Operations,Purchase,4305.13,EUR,"Miller, Walker and Davis",Completed
FIN_0254454,2024-12-28,ACC_00323,Sales,Revenue,97932.31,USD,Murray-Harper,Completed
FIN_0245291,2022-12-23,ACC_00238,Sales,Revenue,55401.79,USD,"Moore, Lewis and Burke",Completed
FIN_0033035,2023-06-16,ACC_00032,Operations,Revenue,87936.32,INR,Baker-Thomas,Completed
FIN_0017638,2022-09-29,ACC_00229,Manufacturing,Purchase,14418.43,USD,"Hernandez, Jones and Vaughn",Completed
FIN_0392838,2021-07-01,ACC_00313,Human Resources,Payroll,47406.65,SEK,Harvey-Martin,Completed
FIN_0478558,2024-12-09,ACC_00135,Engineering,Revenue,80715.84,USD,Johnson Inc,Completed
FIN_0309256,2024-09-23,ACC_00208,Engineering,Payroll,2792.1,EUR,UNKNOWN,Completed
FIN_0331686,2023-10-28,ACC_00306,Manufacturing,Payroll,25328.95,INR,"Whitehead, Heath and Miller",Completed
FIN_0319258,2025-08-27,ACC_00075,Marketing,Operating Expense,13830.61,INR,Wright-Roberts,Completed
FIN_0424753,2022-02-28,ACC_00314,Finance,Operating Expense,42269.68,EUR,Braun-Smith,Completed
FIN_0058752,2022-07-28,ACC_00359,Manufacturing,Purchase,38832.17,EUR,Giles-Cabrera,Completed
FIN_0440605,2024-09-20,ACC_00208,Manufacturing,Operating Expense,37130.43,EUR,Johnston-Johnson,Completed
FIN_0401324,2024-06-01,ACC_00497,Engineering,Purchase,37402.71,SEK,"Gonzalez, Maynard and Khan",Completed
FIN_0250158,2023-12-24,ACC_00450,Engineering,Revenue,69070.86,EUR,Harrison-Paul,Completed
FIN_0358558,2024-10-24,ACC_00391,Supply Chain,Revenue,47913.06,USD,"Sparks, Hughes and Thomas",Completed
FIN_0362466,2025-04-09,ACC_00186,Sales,Revenue,62628.46,EUR,Miller Inc,Completed
FIN_0188681,2022-08-06,ACC_00344,Operations,Purchase,42994.01,INR,Logan-Russell,Pending
FIN_0195318,2023-06-23,ACC_00130,Manufacturing,Operating Expense,2480.21,EUR,"Butler, Evans and Wilson",Completed
FIN_0480425,2023-01-01,ACC_00137,Manufacturing,Purchase,43824.12,INR,UNKNOWN,Completed
FIN_0005645,2021-04-24,ACC_00491,Information Technology,Payroll,45151.76,USD,"Hess, Hines and Patterson",Completed
FIN_0138696,2023-02-28,ACC_00092,Finance,Payroll,32872.76,INR,Miller LLC,Completed
FIN_0092017,2023-11-17,ACC_00468,Human Resources,Investment,46051.7,EUR,"Simmons, Dixon and Harris",Completed
FIN_0261163,2024-05-11,ACC_00130,Information Technology,Payroll,47318.8,EUR,Booth Ltd,Completed
FIN_0402566,2025-01-03,ACC_00300,Sales,Revenue,56979.11,EUR,Jones and Sons,Pending
FIN_0302200,2024-06-16,ACC_00150,Information Technology,Purchase,35950.02,USD,Brown-Baker,Pending
FIN_0397259,2025-11-02,ACC_00113,Marketing,Payroll,11863.04,EUR,Dickerson-Simpson,Completed
FIN_0403289,2022-03-16,ACC_00053,Marketing,Revenue,51789.75,SEK,Jackson-Hernandez,Completed
FIN_0121600,2025-08-16,ACC_00377,Engineering,Revenue,91897.21,SEK,Schroeder LLC,Completed
FIN_0056355,2024-10-13,ACC_00056,Manufacturing,Revenue,61952.94,EUR,"Smith, Leblanc and Robinson",Completed
FIN_0167916,2022-11-26,ACC_00370,Information Technology,Revenue,52290.37,SEK,Bailey-Bell,Completed
FIN_0186507,2024-02-05,ACC_00004,Sales,Operating Expense,43120.79,USD,"Dean, Parsons and Marshall",Completed
FIN_0198767,2024-02-25,ACC_00234,Information Technology,Revenue,97325.26,SEK,Jenkins-Rios,Completed
FIN_0253148,2025-11-24,ACC_00260,Human Resources,Revenue,46742.16,INR,"Brown, Gordon and Valdez",Completed
FIN_0079613,2024-02-19,ACC_00205,Marketing,Revenue,40405.43,USD,"Moreno, Nelson and Nunez",Pending
FIN_0340668,2023-07-06,ACC_00376,Supply Chain,Operating Expense,13550.78,SEK,Cooper-Ware,Completed
FIN_0181235,2023-07-28,ACC_00429,Manufacturing,Purchase,20882.2,EUR,Gillespie-Shields,Pending
FIN_0197996,2021-04-30,ACC_00365,Engineering,Revenue,86663.59,USD,UNKNOWN,Completed
FIN_0230856,2022-04-29,ACC_00300,Marketing,Revenue,27218.61,SEK,"Graves, Gonzalez and Weaver",Completed
FIN_0125946,2025-06-21,ACC_00240,Engineering,Revenue,36662.13,SEK,"Copeland, Jackson and Richardson",Completed
FIN_0415695,2021-04-22,ACC_00220,Operations,Revenue,70007.81,EUR,"Hudson, Francis and Summers",Completed
FIN_0459194,2025-06-01,ACC_00323,Human Resources,Purchase,38976.53,INR,"Williams, Richard and Griffith",Completed
FIN_0363563,2022-04-28,ACC_00419,Human Resources,Revenue,6258.79,INR,"Walker, Graham and Ortega",Completed
FIN_0434271,2021-07-11,ACC_00448,Supply Chain,Operating Expense,19912.22,USD,Navarro Group,Completed
FIN_0291459,2021-08-23,ACC_00143,Supply Chain,Payroll,25017.55,EUR,Ellis-Payne,Pending
FIN_0037987,2022-02-10,ACC_00227,Engineering,Revenue,18358.3,SEK,"Waters, Moss and Gonzales",Completed
FIN_0223708,2023-05-12,ACC_00200,Marketing,Payroll,18447.19,USD,UNKNOWN,Completed
FIN_0372348,2022-01-11,ACC_00432,Marketing,Operating Expense,48972.44,INR,Edwards-Ingram,Completed
FIN_0248714,2021-06-07,ACC_00080,Manufacturing,Purchase,3338.61,EUR,Smith-Johnson,Completed
FIN_0289404,2021-02-08,ACC_00256,Marketing,Payroll,29695.6,USD,"Sullivan, White and Dalton",Completed
FIN_0137911,2024-04-15,ACC_00388,Engineering,Purchase,3770.68,SEK,Waters-Moore,Pending
FIN_0037848,2022-09-14,ACC_00046,Finance,Investment,44713.23,INR,Ortega-Young,Completed
FIN_0032397,2025-01-27,ACC_00287,Finance,Revenue,22691.18,INR,Watkins LLC,Completed
FIN_0350285,2023-03-20,ACC_00371,Finance,Revenue,11751.45,INR,"Horn, Sanders and Walker",Completed
FIN_0143686,2025-06-18,ACC_00333,Sales,Revenue,41648.79,EUR,"Turner, Roberts and Walton",Completed
FIN_0458796,2021-06-14,ACC_00431,Human Resources,Revenue,55274.83,EUR,"Barron, West and Palmer",Completed
FIN_0072720,2022-10-18,ACC_00366,Engineering,Revenue,8140.18,SEK,"Wright, Green and Pruitt",Completed
FIN_0372242,2025-12-18,ACC_00043,Supply Chain,Revenue,90657.26,INR,"Jennings, Clayton and Harris",Completed
FIN_0272592,2022-10-10,ACC_00178,Supply Chain,Purchase,42567.81,USD,Marks LLC,Completed
FIN_0000522,2025-10-11,ACC_00162,Supply Chain,Payroll,5735.29,INR,Turner-Stout,Completed
FIN_0158904,2022-06-14,ACC_00357,Operations,Revenue,39446.82,SEK,Ballard-Olson,Completed
FIN_0214903,2025-12-11,ACC_00317,Manufacturing,Purchase,42409.24,EUR,Harris Ltd,Pending
FIN_0183182,2023-12-14,ACC_00492,Human Resources,Payroll,20013.92,INR,"Garcia, Wells and Chavez",Completed
FIN_0323051,2024-07-26,ACC_00413,Sales,Revenue,22921.46,USD,"Holloway, Oliver and Byrd",Completed
FIN_0199314,2025-11-03,ACC_00336,Manufacturing,Payroll,11762.97,SEK,Thompson Ltd,Completed
FIN_0241806,2024-06-05,ACC_00307,Information Technology,Payroll,9735.31,SEK,Peterson-Bullock,Completed
FIN_0350660,2026-04-06,ACC_00364,Engineering,Purchase,1584.91,SEK,Johnson LLC,Completed
FIN_0218398,2024-10-29,ACC_00442,Engineering,Revenue,79934.22,INR,Williams PLC,Completed
FIN_0124864,2026-05-22,ACC_00317,Operations,Revenue,37369.61,USD,Garner PLC,Completed
FIN_0418700,2026-02-19,ACC_00470,Finance,Payroll,28084.66,INR,"Conner, Evans and Hale",Failed
FIN_0108855,2021-09-16,ACC_00193,Marketing,Revenue,46150.21,INR,Michael LLC,Completed
FIN_0402757,2023-12-26,ACC_00375,Supply Chain,Operating Expense,7347.02,INR,Hurst Inc,Completed
FIN_0246214,2023-08-11,ACC_00095,Operations,Purchase,42403.59,EUR,"Robinson, Mccoy and Harris",Completed
FIN_0124449,2024-01-22,ACC_00442,Manufacturing,Operating Expense,13202.35,USD,Prince-Gomez,Completed
FIN_0327079,2022-10-09,ACC_00427,Operations,Operating Expense,21378.34,EUR,Collins PLC,Completed
FIN_0262221,2022-01-17,ACC_00064,Manufacturing,Purchase,42397.62,INR,"Thomas, Hurst and Villegas",Pending
FIN_0157704,2024-10-09,ACC_00076,Marketing,Purchase,25703.0,USD,"Avery, Cisneros and Hoover",Pending
FIN_0389918,2021-07-30,ACC_00136,Marketing,Purchase,38790.4,EUR,Ellis-Ortiz,Completed
FIN_0460733,2024-08-21,ACC_00273,Finance,Purchase,38169.15,USD,Cohen-Garcia,Completed
FIN_0168860,2022-02-04,ACC_00451,Supply Chain,Purchase,29339.24,INR,Thomas-Bowman,Completed
FIN_0421513,2022-08-20,ACC_00172,Manufacturing,Operating Expense,38219.44,INR,"Holt, Parker and Hill",Pending
FIN_0097727,2026-03-13,ACC_00198,Manufacturing,Revenue,62053.61,USD,"Garza, Henson and Scott",Completed
FIN_0151898,2022-02-03,ACC_00220,Manufacturing,Operating Expense,29006.23,EUR,Greene Group,Completed
FIN_0408084,2024-05-29,ACC_00338,Information Technology,Payroll,44959.83,SEK,Bryant-Oneal,Completed
FIN_0405223,2021-03-12,ACC_00295,Manufacturing,Revenue,52224.67,INR,"Miller, Thompson and Durham",Completed
FIN_0133770,2023-11-28,ACC_00137,Human Resources,Purchase,209.6,INR,Watts-Santos,Completed
FIN_0142614,2023-06-28,ACC_00313,Manufacturing,Operating Expense,5646.54,INR,"Cervantes, Ryan and Ortiz",Completed
FIN_0051628,2024-07-04,ACC_00125,Manufacturing,Purchase,40499.75,SEK,Faulkner-Cruz,Pending
FIN_0242526,2025-07-25,ACC_00260,Manufacturing,Payroll,17437.02,INR,Blair LLC,Pending
FIN_0106221,2021-05-24,ACC_00400,Manufacturing,Purchase,15714.91,EUR,Mckay Group,Completed
FIN_0353691,2025-06-13,ACC_00005,Information Technology,Purchase,42058.25,USD,Hancock-Cook,Completed
FIN_0486706,2023-09-25,ACC_00095,Marketing,Payroll,35795.56,SEK,"Suarez, Robertson and Valencia",Completed
FIN_0455506,2022-03-21,ACC_00149,Operations,Operating Expense,27953.9,INR,Bishop Group,Completed
FIN_0486299,2024-04-25,ACC_00118,Finance,Operating Expense,30286.5,INR,"Taylor, Huff and King",Completed
FIN_0199026,2024-01-25,ACC_00175,Engineering,Revenue,11584.43,USD,"Oneill, Smith and Mcintyre",Completed
FIN_0031847,2024-10-08,ACC_00392,Manufacturing,Payroll,3358.5,INR,"Carroll, Evans and Edwards",Completed
FIN_0103742,2022-10-17,ACC_00309,Human Resources,Revenue,45993.37,USD,Lee Group,Completed
FIN_0043196,2025-01-31,ACC_00121,Finance,Operating Expense,4065.15,EUR,"Marshall, Cochran and Alvarado",Completed
FIN_0016023,2021-06-02,ACC_00498,Supply Chain,Payroll,20427.08,INR,Green LLC,Completed
FIN_0473880,2023-08-12,ACC_00435,Marketing,Revenue,57963.04,USD,"Brown, Perez and Watkins",Completed
FIN_0031150,2025-08-29,ACC_00462,Manufacturing,Revenue,87941.5,EUR,Johnson Group,Completed
FIN_0425091,2025-07-14,ACC_00468,Supply Chain,Payroll,1686.09,EUR,Lloyd-Spears,Completed
FIN_0131613,2025-11-26,ACC_00063,Manufacturing,Purchase,1412.03,USD,Patterson Group,Completed
FIN_0192671,2025-06-23,ACC_00387,Finance,Operating Expense,22964.5,EUR,"Smith, Oconnor and Davis",Completed
FIN_0247663,2025-11-08,ACC_00353,Operations,Purchase,5310.0,EUR,Barrett-Hernandez,Failed
FIN_0162211,2026-02-15,ACC_00031,Manufacturing,Revenue,50461.59,SEK,Johnson-Nelson,Completed
FIN_0150661,2023-09-08,ACC_00207,Operations,Revenue,30771.85,SEK,"Sanchez, Miller and Jackson",Completed
FIN_0418917,2025-01-26,ACC_00066,Finance,Investment,30717.16,EUR,Suarez-Herrera,Completed
FIN_0463281,2023-01-19,ACC_00337,Operations,Revenue,48248.15,USD,Watkins Inc,Failed
FIN_0135136,2023-12-16,ACC_00251,Human Resources,Payroll,3256.26,INR,"Harris, Clarke and Richards",Completed
FIN_0121561,2021-04-20,ACC_00044,Information Technology,Payroll,14988.61,USD,Melton and Sons,Completed
FIN_0485941,2023-03-20,ACC_00343,Sales,Revenue,48909.59,INR,UNKNOWN,Completed
FIN_0431441,2025-03-17,ACC_00155,Human Resources,Revenue,71067.03,USD,Stevenson-Calderon,Completed
FIN_0246269,2021-09-16,ACC_00002,Information Technology,Revenue,44688.42,SEK,UNKNOWN,Completed
FIN_0445952,2021-10-31,ACC_00058,Manufacturing,Revenue,56810.92,SEK,"Harmon, Salazar and Williams",Completed
FIN_0261848,2024-05-23,ACC_00194,Marketing,Purchase,39890.96,SEK,"Bradley, Nelson and Moses",Completed
FIN_0003068,2022-03-27,ACC_00021,Operations,Revenue,43665.24,EUR,Davis Ltd,Completed
FIN_0295301,2023-07-30,ACC_00372,Engineering,Revenue,10138.51,USD,Stewart-Williams,Completed
FIN_0191786,2023-06-13,ACC_00319,Supply Chain,Investment,15868.93,USD,"Lopez, Small and Wilson",Completed
FIN_0420640,2023-12-04,ACC_00292,Engineering,Operating Expense,29727.82,USD,Lam Inc,Completed
FIN_0354523,2024-06-23,ACC_00361,Marketing,Revenue,23290.66,INR,"Price, Rosario and Walker",Completed
FIN_0124681,2022-11-18,ACC_00225,Manufacturing,Revenue,7806.29,EUR,Cooper-Wyatt,Completed
FIN_0116000,2024-11-08,ACC_00126,Operations,Purchase,15807.08,SEK,Fuller LLC,Completed
FIN_0070550,2024-09-20,ACC_00169,Engineering,Operating Expense,36405.34,INR,"Brown, Lynch and Oliver",Pending
FIN_0491343,2025-11-21,ACC_00398,Operations,Revenue,4580.09,SEK,Jennings-Patel,Pending
FIN_0418191,2023-04-02,ACC_00455,Human Resources,Revenue,93496.99,USD,Nunez-Gardner,Completed
FIN_0358596,2023-08-28,ACC_00347,Engineering,Revenue,28218.56,USD,"Humphrey, Jimenez and Dickerson",Completed
FIN_0020318,2021-09-08,ACC_00298,Engineering,Purchase,5725.94,INR,Rodriguez Inc,Completed
FIN_0123260,2024-05-08,ACC_00426,Information Technology,Operating Expense,1023.98,SEK,Daniel LLC,Completed
FIN_0139819,2024-10-09,ACC_00400,Manufacturing,Purchase,11896.03,INR,"Mckee, Fernandez and Mcdowell",Completed
FIN_0197635,2022-05-01,ACC_00341,Human Resources,Purchase,3009.07,EUR,Hughes LLC,Completed
FIN_0218440,2023-08-23,ACC_00460,Operations,Purchase,14195.58,USD,UNKNOWN,Completed
FIN_0138874,2023-04-14,ACC_00205,Engineering,Operating Expense,19739.59,USD,Smith-Pearson,Pending
FIN_0485386,2025-06-11,ACC_00438,Marketing,Investment,10478.2,INR,Maldonado-Stewart,Completed
FIN_0082764,2023-06-25,ACC_00044,Information Technology,Purchase,22540.55,SEK,Howe Ltd,Completed
FIN_0273234,2023-10-07,ACC_00330,Supply Chain,Payroll,49285.12,INR,Deleon Inc,Completed
FIN_0268697,2025-11-14,ACC_00489,Sales,Revenue,97452.71,INR,Smith-Gonzalez,Failed
FIN_0276885,2021-06-24,ACC_00090,Engineering,Purchase,45386.07,SEK,Hurley-Hall,Pending
FIN_0336807,2021-06-20,ACC_00450,Sales,Purchase,21826.73,SEK,King-Wilson,Completed
FIN_0201167,2023-02-23,ACC_00240,Sales,Revenue,70947.31,USD,Farrell-Marquez,Completed
FIN_0315193,2021-06-29,ACC_00270,Supply Chain,Revenue,55152.31,USD,"Fernandez, Owens and Anthony",Completed
FIN_0356400,2025-10-19,ACC_00182,Information Technology,Purchase,19581.02,USD,Ashley Ltd,Completed
FIN_0224600,2021-08-13,ACC_00360,Human Resources,Investment,1856.06,SEK,Miles Inc,Completed
FIN_0466136,2022-11-27,ACC_00080,Engineering,Operating Expense,49948.67,EUR,"Terry, Martinez and Kennedy",Completed
FIN_0259213,2024-05-27,ACC_00156,Operations,Payroll,46649.41,SEK,Valenzuela Group,Pending
FIN_0298619,2021-10-26,ACC_00328,Human Resources,Operating Expense,46052.5,USD,"Weiss, Fleming and Jones",Completed
FIN_0157141,2024-06-17,ACC_00403,Supply Chain,Revenue,14828.85,EUR,Berry-Burton,Completed
FIN_0065948,2025-02-22,ACC_00408,Supply Chain,Payroll,15222.13,EUR,Gilbert Ltd,Completed
FIN_0376188,2025-01-19,ACC_00091,Supply Chain,Purchase,12285.3,USD,"Davis, Juarez and Reynolds",Completed
FIN_0057320,2024-12-24,ACC_00459,Marketing,Investment,34064.05,INR,"Miller, Roberts and Roberts",Completed
FIN_0263631,2022-01-25,ACC_00086,Operations,Payroll,41921.92,EUR,Robinson-Callahan,Completed
FIN_0344843,2023-11-15,ACC_00249,Sales,Purchase,1524.32,EUR,Cook Inc,Completed
FIN_0023030,2024-12-30,ACC_00489,Information Technology,Revenue,23550.17,EUR,Johnson Ltd,Completed
FIN_0449312,2025-03-29,ACC_00112,Finance,Investment,30475.14,EUR,Brandt Group,Completed
FIN_0143420,2023-01-07,ACC_00107,Information Technology,Operating Expense,30323.64,EUR,"Schroeder, Scott and Martinez",Completed
FIN_0242082,2026-03-04,ACC_00256,Marketing,Purchase,17338.95,SEK,"Ellis, Reed and Cox",Completed
FIN_0244551,2026-04-13,ACC_00038,Human Resources,Revenue,37330.59,SEK,Simpson Group,Completed
FIN_0407502,2022-08-27,ACC_00131,Operations,Purchase,41072.39,USD,Hernandez-Diaz,Completed
FIN_0403658,2022-10-30,ACC_00349,Manufacturing,Revenue,43566.88,SEK,Stephens PLC,Completed
FIN_0287929,2024-11-27,ACC_00086,Sales,Payroll,46129.24,SEK,Mejia-Serrano,Completed
FIN_0139569,2021-05-29,ACC_00152,Operations,Operating Expense,36425.84,SEK,"Ortega, Richardson and Mcbride",Completed
FIN_0317634,2022-07-26,ACC_00473,Marketing,Payroll,41726.1,SEK,"Pratt, Evans and Donovan",Completed
FIN_0350136,2021-11-09,ACC_00476,Engineering,Operating Expense,18573.19,SEK,Walters-Thompson,Completed
FIN_0298853,2025-07-06,ACC_00472,Information Technology,Revenue,80080.43,SEK,Thomas-Chan,Completed
FIN_0090401,2023-06-13,ACC_00454,Sales,Payroll,4710.66,SEK,Jones Inc,Completed
FIN_0387789,2021-05-31,ACC_00208,Manufacturing,Revenue,36309.76,INR,Conley-Miller,Completed
FIN_0285043,2024-05-15,ACC_00280,Marketing,Operating Expense,5100.19,INR,Jones-Jenkins,Completed
FIN_0457638,2021-05-18,ACC_00347,Sales,Revenue,88675.92,EUR,Williams Ltd,Completed
FIN_0431407,2024-11-08,ACC_00421,Finance,Revenue,57733.77,SEK,"Hawkins, Lopez and Freeman",Completed
FIN_0310315,2022-03-27,ACC_00049,Human Resources,Revenue,35951.65,INR,Perez PLC,Completed
FIN_0315300,2025-12-23,ACC_00393,Human Resources,Operating Expense,45416.07,INR,Orr LLC,Completed
FIN_0013210,2024-02-01,ACC_00012,Engineering,Revenue,87148.04,USD,UNKNOWN,Pending
FIN_0114678,2025-11-23,ACC_00348,Operations,Revenue,84671.64,SEK,"Hart, Shields and Evans",Completed
FIN_0130376,2024-01-17,ACC_00089,Manufacturing,Operating Expense,38052.21,SEK,"Turner, Williams and Evans",Completed
FIN_0366869,2024-05-11,ACC_00031,Engineering,Revenue,8825.89,INR,Oconnor Ltd,Completed
FIN_0494293,2022-10-17,ACC_00344,Engineering,Purchase,14579.34,USD,Williams and Sons,Completed
FIN_0024869,2025-11-14,ACC_00381,Information Technology,Operating Expense,44923.04,EUR,Martinez-Ellis,Completed
FIN_0194336,2023-05-18,ACC_00185,Human Resources,Revenue,53079.61,SEK,UNKNOWN,Completed
FIN_0195224,2023-02-07,ACC_00170,Supply Chain,Purchase,42992.13,EUR,Evans Ltd,Completed
FIN_0346790,2021-05-23,ACC_00308,Operations,Revenue,86286.53,SEK,Davidson and Sons,Completed
FIN_0303174,2026-02-05,ACC_00054,Operations,Investment,37655.67,INR,Velez-Smith,Completed
FIN_0246761,2024-06-08,ACC_00328,Human Resources,Revenue,17587.81,INR,Morris-Sullivan,Completed
FIN_0454127,2026-05-15,ACC_00420,Engineering,Revenue,15417.32,SEK,"Hernandez, Morris and Acevedo",Failed
FIN_0291451,2024-12-26,ACC_00089,Manufacturing,Operating Expense,39860.11,EUR,Long-Steele,Completed
FIN_0200189,2021-12-31,ACC_00198,Engineering,Payroll,2118.5,USD,UNKNOWN,Completed
FIN_0293318,2025-12-06,ACC_00240,Marketing,Purchase,36185.18,EUR,Hobbs-Johnson,Completed
FIN_0411010,2022-05-25,ACC_00026,Operations,Operating Expense,34262.01,SEK,Brown-Sullivan,Completed
FIN_0436286,2025-11-04,ACC_00267,Operations,Revenue,44356.43,SEK,Weber LLC,Completed
FIN_0004729,2021-01-11,ACC_00054,Sales,Purchase,4405.03,EUR,Adkins PLC,Pending
FIN_0199950,2022-02-23,ACC_00295,Finance,Payroll,16391.87,USD,Berry-Bush,Completed
FIN_0204816,2022-09-16,ACC_00023,Operations,Purchase,48478.22,SEK,"Miller, Williams and Brown",Completed
FIN_0449255,2024-09-18,ACC_00013,Human Resources,Payroll,28988.74,EUR,Mcdaniel LLC,Pending
FIN_0318537,2023-07-14,ACC_00416,Sales,Purchase,41687.66,USD,West-Lewis,Pending
FIN_0084722,2024-05-02,ACC_00184,Marketing,Revenue,34718.33,EUR,Gould-Hancock,Completed
FIN_0487111,2023-06-01,ACC_00363,Supply Chain,Purchase,17849.3,INR,"Hart, Johnson and Miller",Completed
FIN_0470173,2024-09-24,ACC_00167,Finance,Revenue,87251.4,INR,Brown-Jacobs,Completed
FIN_0085110,2022-04-24,ACC_00222,Sales,Purchase,40804.11,USD,Monroe-Roberts,Completed
FIN_0031871,2025-10-24,ACC_00489,Engineering,Operating Expense,1089.39,EUR,"Sutton, Ball and Johnson",Completed
FIN_0238857,2026-05-01,ACC_00273,Supply Chain,Purchase,38195.2,EUR,UNKNOWN,Completed
FIN_0254750,2023-03-09,ACC_00442,Sales,Purchase,37982.39,SEK,Lopez-Richards,Pending
FIN_0393550,2021-12-05,ACC_00187,Operations,Operating Expense,19619.6,SEK,"Carter, Mitchell and Paul",Pending
FIN_0008127,2021-07-30,ACC_00286,Information Technology,Revenue,48693.29,EUR,Simmons-Douglas,Completed
FIN_0259244,2023-11-02,ACC_00383,Manufacturing,Purchase,30001.44,EUR,"Wright, Pierce and Andrews",Completed
FIN_0053985,2023-04-21,ACC_00140,Operations,Payroll,41408.47,USD,"Watkins, Brown and Moss",Completed
FIN_0352265,2023-05-06,ACC_00294,Finance,Operating Expense,23452.18,INR,Perez Ltd,Completed
FIN_0127351,2021-02-01,ACC_00273,Operations,Revenue,70584.41,USD,Williams-Wells,Completed
FIN_0272387,2022-06-21,ACC_00286,Sales,Payroll,31192.07,SEK,Bender-Howell,Completed
FIN_0026902,2025-12-29,ACC_00460,Supply Chain,Investment,37874.16,EUR,Davis PLC,Completed
FIN_0491178,2024-07-30,ACC_00287,Finance,Operating Expense,35029.34,INR,UNKNOWN,Completed
FIN_0377550,2021-10-28,ACC_00203,Marketing,Revenue,50536.73,USD,Ruiz-Soto,Completed
FIN_0434856,2021-02-22,ACC_00299,Sales,Investment,26599.52,INR,Allen Inc,Completed
FIN_0178598,2026-01-22,ACC_00305,Operations,Payroll,43892.46,INR,"Lee, Green and Hughes",Completed
FIN_0468887,2021-04-21,ACC_00122,Sales,Revenue,81301.47,SEK,Fox Group,Completed
FIN_0336453,2023-04-13,ACC_00029,Manufacturing,Revenue,49525.78,SEK,Lara-Lowe,Completed
FIN_0075432,2023-07-12,ACC_00377,Marketing,Revenue,73384.17,EUR,Carpenter-Kelly,Completed
FIN_0349516,2025-09-06,ACC_00391,Engineering,Revenue,62564.97,USD,Price-Lawrence,Completed
FIN_0164894,2023-04-10,ACC_00474,Human Resources,Revenue,86605.71,INR,Parks-Manning,Completed
FIN_0251896,2022-09-07,ACC_00077,Manufacturing,Revenue,56232.43,EUR,Lopez Ltd,Completed
FIN_0268988,2024-09-21,ACC_00080,Marketing,Purchase,12720.92,INR,UNKNOWN,Completed
FIN_0094173,2021-10-07,ACC_00393,Manufacturing,Revenue,5332.74,SEK,Scott Group,Completed
FIN_0238731,2022-11-25,ACC_00315,Information Technology,Revenue,88593.92,INR,Sims PLC,Completed
FIN_0059609,2023-12-18,ACC_00204,Supply Chain,Purchase,13041.87,SEK,Williams Group,Completed
FIN_0257806,2023-12-10,ACC_00358,Finance,Revenue,51500.54,SEK,Rivera-Kim,Completed
FIN_0403042,2021-04-06,ACC_00268,Manufacturing,Revenue,68868.33,EUR,Chambers-Evans,Completed
FIN_0070567,2023-03-27,ACC_00149,Supply Chain,Operating Expense,12449.23,EUR,Parker and Sons,Completed
FIN_0272351,2025-05-10,ACC_00095,Finance,Operating Expense,28913.91,EUR,UNKNOWN,Completed
FIN_0254912,2023-03-23,ACC_00117,Finance,Revenue,2760.36,SEK,Rojas LLC,Completed
FIN_0348198,2023-03-12,ACC_00314,Marketing,Operating Expense,13116.8,EUR,Stone Inc,Completed
FIN_0310779,2023-01-26,ACC_00468,Marketing,Payroll,34592.79,EUR,Hughes-Vance,Completed
FIN_0126360,2023-09-26,ACC_00051,Operations,Revenue,57135.23,EUR,Davenport-Harris,Completed
FIN_0208120,2023-12-15,ACC_00471,Operations,Operating Expense,37440.87,EUR,UNKNOWN,Completed
FIN_0438570,2025-12-11,ACC_00431,Engineering,Investment,586.63,SEK,Brown-Jordan,Completed
FIN_0445551,2021-08-01,ACC_00408,Manufacturing,Revenue,88678.07,USD,Carr-Santiago,Completed
FIN_0451259,2024-02-23,ACC_00030,Marketing,Operating Expense,4481.38,USD,Baldwin-Williams,Completed
FIN_0159079,2025-09-02,ACC_00432,Sales,Purchase,35986.83,EUR,Trevino Inc,Completed
FIN_0286875,2024-11-28,ACC_00159,Engineering,Purchase,21252.89,SEK,UNKNOWN,Completed
FIN_0109466,2021-12-23,ACC_00476,Information Technology,Revenue,22146.19,USD,Hart Ltd,Completed
FIN_0078914,2021-11-06,ACC_00491,Manufacturing,Purchase,33612.64,USD,"Barrett, Patterson and Weeks",Completed
FIN_0414041,2024-03-03,ACC_00096,Finance,Revenue,15396.5,INR,"Gardner, Newman and Hansen",Completed
FIN_0333231,2023-01-19,ACC_00220,Supply Chain,Payroll,32826.55,INR,Lewis PLC,Completed
FIN_0413600,2022-10-11,ACC_00032,Operations,Payroll,190.81,SEK,Becker-Howard,Pending
FIN_0335295,2022-11-08,ACC_00477,Operations,Purchase,2603.05,USD,Becker Inc,Completed
FIN_0432489,2021-10-16,ACC_00459,Finance,Purchase,32677.7,USD,Stevens PLC,Completed
FIN_0243714,2024-06-16,ACC_00117,Manufacturing,Operating Expense,43838.55,SEK,"Hall, Drake and Hardy",Completed
FIN_0186076,2023-07-29,ACC_00094,Marketing,Purchase,1847.34,INR,"Carter, Brooks and Adams",Completed
FIN_0209234,2023-11-16,ACC_00141,Manufacturing,Operating Expense,31828.3,USD,Massey Group,Completed
FIN_0218409,2026-01-22,ACC_00050,Manufacturing,Operating Expense,34331.73,SEK,UNKNOWN,Completed
FIN_0496130,2021-11-16,ACC_00073,Information Technology,Purchase,2643.64,INR,"Fisher, White and Brown",Completed
FIN_0197465,2024-07-19,ACC_00271,Operations,Revenue,1716.92,SEK,"Hall, Bowen and Henry",Completed
FIN_0499311,2025-04-25,ACC_00279,Human Resources,Purchase,1587.31,SEK,Thompson-Potter,Completed
FIN_0472294,2025-01-18,ACC_00281,Operations,Purchase,11142.52,EUR,Hill-Davis,Completed
FIN_0076200,2025-06-02,ACC_00488,Manufacturing,Purchase,25729.22,INR,Sandoval Group,Completed
FIN_0145028,2025-08-05,ACC_00091,Manufacturing,Revenue,81452.06,SEK,Pope Ltd,Completed
FIN_0009375,2023-03-04,ACC_00261,Sales,Revenue,54149.51,EUR,Miller-Freeman,Completed
FIN_0012477,2023-05-08,ACC_00332,Manufacturing,Payroll,17251.37,INR,Oneal Ltd,Completed
FIN_0037666,2025-10-29,ACC_00218,Sales,Revenue,85329.93,INR,"Ward, Miller and Ingram",Pending
FIN_0176853,2025-05-22,ACC_00032,Engineering,Operating Expense,47856.67,EUR,"Brown, Nguyen and Avery",Completed
FIN_0025027,2023-01-31,ACC_00314,Operations,Revenue,30410.64,SEK,"Stephenson, Pace and Curtis",Completed
FIN_0154818,2025-08-11,ACC_00411,Information Technology,Purchase,36318.5,INR,Charles-Hogan,Completed
FIN_0443496,2023-01-28,ACC_00174,Information Technology,Revenue,62273.6,SEK,"Peters, Smith and Randolph",Completed
FIN_0356279,2022-01-05,ACC_00339,Manufacturing,Payroll,36743.51,INR,Butler Group,Completed
FIN_0328040,2022-10-24,ACC_00028,Engineering,Payroll,22785.04,INR,Campbell-Smith,Completed
FIN_0235123,2025-11-10,ACC_00049,Human Resources,Operating Expense,36565.45,EUR,"Benson, Hester and Cox",Pending
FIN_0054594,2025-07-29,ACC_00396,Sales,Revenue,36090.06,SEK,"Rogers, Gay and Cook",Completed
FIN_0204545,2021-10-16,ACC_00037,Operations,Investment,16730.7,SEK,Kelly PLC,Completed
FIN_0263008,2023-04-20,ACC_00136,Supply Chain,Investment,42002.4,EUR,"Carpenter, Wilson and Williams",Completed
FIN_0422089,2024-05-15,ACC_00300,Manufacturing,Purchase,41383.41,INR,Adams Group,Completed
FIN_0230780,2021-02-02,ACC_00154,Information Technology,Purchase,49524.18,USD,"Garcia, Glass and Lane",Completed
FIN_0007537,2024-01-30,ACC_00188,Operations,Purchase,5221.99,SEK,"Daniel, Brown and Warren",Completed
FIN_0369754,2024-04-27,ACC_00183,Operations,Operating Expense,36068.39,EUR,Russell-Hill,Completed
FIN_0111234,2023-11-14,ACC_00368,Engineering,Operating Expense,7868.09,USD,Hill LLC,Completed
FIN_0193613,2026-05-14,ACC_00388,Manufacturing,Operating Expense,12916.46,EUR,Smith-Newman,Completed
FIN_0287430,2024-04-13,ACC_00015,Sales,Revenue,71944.48,INR,"Johnson, Diaz and Mcintyre",Completed
FIN_0304262,2021-08-18,ACC_00259,Human Resources,Payroll,20254.71,USD,Watson and Sons,Completed
FIN_0332780,2026-05-22,ACC_00291,Marketing,Revenue,3853.02,EUR,Russell-Rangel,Completed
FIN_0205988,2023-07-28,ACC_00146,Engineering,Revenue,86713.62,USD,Jones-Carter,Completed
FIN_0473971,2022-12-29,ACC_00484,Manufacturing,Revenue,59500.5,INR,"Powell, Ramos and Wright",Completed
FIN_0010649,2025-10-15,ACC_00004,Information Technology,Payroll,13101.87,SEK,Ewing-Mendoza,Completed
FIN_0413243,2026-04-30,ACC_00316,Supply Chain,Payroll,44983.91,SEK,UNKNOWN,Completed
FIN_0492345,2021-11-03,ACC_00381,Human Resources,Revenue,51557.3,EUR,"Boyd, Gonzales and Hunter",Completed
FIN_0360672,2022-02-25,ACC_00387,Marketing,Revenue,10959.48,USD,"Williams, Gross and Morales",Completed
FIN_0435995,2021-11-24,ACC_00361,Engineering,Revenue,7424.26,USD,Lee-Newton,Completed
FIN_0329254,2025-11-11,ACC_00311,Marketing,Revenue,8820.85,EUR,Salazar-Brock,Completed
FIN_0384121,2023-12-22,ACC_00251,Engineering,Purchase,16191.77,USD,Booth LLC,Completed
FIN_0258737,2025-03-05,ACC_00106,Marketing,Revenue,97737.17,USD,"Scott, Wise and Woods",Completed
FIN_0096008,2024-04-10,ACC_00217,Engineering,Operating Expense,47892.96,INR,"Huffman, Nelson and Berger",Completed
FIN_0183124,2022-11-24,ACC_00435,Engineering,Revenue,57464.06,SEK,"Wilson, Watson and Johnson",Completed
FIN_0240483,2022-03-27,ACC_00242,Supply Chain,Operating Expense,36818.82,EUR,"Hernandez, Rodriguez and Cherry",Completed
FIN_0152525,2025-12-13,ACC_00070,Sales,Purchase,2801.26,EUR,"Evans, Miranda and Bass",Completed
FIN_0328141,2023-01-11,ACC_00193,Information Technology,Revenue,59604.41,INR,"Brown, Montes and Berry",Completed
FIN_0468778,2026-06-12,ACC_00283,Manufacturing,Revenue,84787.22,INR,"Hill, Gates and Holt",Completed
FIN_0267716,2024-11-07,ACC_00222,Information Technology,Operating Expense,44090.37,EUR,Flores Group,Pending
FIN_0163228,2026-02-08,ACC_00220,Operations,Revenue,96512.04,INR,Terry Ltd,Completed
FIN_0282010,2021-06-08,ACC_00464,Manufacturing,Purchase,13880.2,SEK,"Sullivan, Porter and Tucker",Completed
FIN_0065189,2023-08-26,ACC_00019,Finance,Revenue,75566.51,USD,"Goodman, Taylor and Lewis",Completed
FIN_0401774,2025-10-23,ACC_00388,Engineering,Payroll,41385.22,EUR,Carter PLC,Completed
FIN_0458934,2022-06-30,ACC_00397,Finance,Purchase,40390.17,USD,Schultz and Sons,Completed
FIN_0422930,2022-01-17,ACC_00416,Information Technology,Purchase,7379.1,USD,"Lane, Fitzpatrick and Webb",Pending
FIN_0160821,2022-04-18,ACC_00128,Operations,Payroll,256.27,INR,"Carson, Shaw and Gross",Completed
FIN_0349990,2025-08-10,ACC_00272,Sales,Revenue,6935.25,SEK,Lopez Group,Completed
FIN_0285305,2024-07-09,ACC_00478,Human Resources,Operating Expense,20753.67,SEK,Webster Inc,Completed
FIN_0380437,2023-05-28,ACC_00230,Manufacturing,Payroll,29497.2,INR,Brown and Sons,Completed
FIN_0299069,2025-08-23,ACC_00019,Human Resources,Operating Expense,34759.69,EUR,"Patel, Mendez and Cook",Completed
FIN_0312331,2025-12-13,ACC_00352,Sales,Payroll,27628.4,INR,"Walker, Rios and Lyons",Completed
FIN_0284980,2026-02-01,ACC_00355,Finance,Purchase,43336.8,INR,"Booth, Hill and Sims",Completed
FIN_0364164,2025-12-11,ACC_00265,Finance,Payroll,25547.48,INR,Dawson-Austin,Completed
FIN_0154870,2023-03-15,ACC_00282,Human Resources,Purchase,23899.29,INR,Stanton-Mitchell,Completed
FIN_0211676,2024-05-08,ACC_00500,Sales,Operating Expense,25676.22,EUR,Wagner-Webster,Completed
FIN_0182409,2024-02-16,ACC_00353,Human Resources,Revenue,84175.17,USD,Sandoval and Sons,Completed
FIN_0481575,2024-01-05,ACC_00447,Manufacturing,Purchase,595.23,SEK,"Johnson, Klein and Myers",Completed
FIN_0485809,2022-08-17,ACC_00157,Finance,Revenue,30882.92,EUR,Russo-Wallace,Completed
FIN_0448577,2023-03-09,ACC_00348,Supply Chain,Payroll,23305.12,SEK,Silva and Sons,Completed
FIN_0200963,2023-10-06,ACC_00193,Sales,Revenue,61109.35,SEK,Edwards-Clarke,Completed
FIN_0494046,2025-09-28,ACC_00469,Operations,Revenue,11425.34,USD,Bailey-Gonzalez,Completed
FIN_0086877,2025-02-23,ACC_00364,Marketing,Purchase,14221.0,INR,Smith-Bowman,Completed
FIN_0029917,2024-01-28,ACC_00061,Manufacturing,Payroll,6744.05,USD,Day-Chambers,Completed
FIN_0443125,2026-05-07,ACC_00056,Manufacturing,Revenue,47369.57,EUR,"Grant, Coleman and Beasley",Completed
FIN_0443338,2024-09-17,ACC_00399,Manufacturing,Revenue,32583.1,USD,"Kirby, Wright and Ford",Completed
FIN_0223941,2025-03-20,ACC_00470,Engineering,Purchase,4409.07,INR,UNKNOWN,Completed
FIN_0326939,2024-10-08,ACC_00445,Operations,Payroll,39549.51,EUR,"Fox, Matthews and Jones",Completed
FIN_0232078,2021-08-22,ACC_00418,Marketing,Purchase,33620.17,SEK,Myers Ltd,Completed
FIN_0179053,2021-01-15,ACC_00445,Operations,Purchase,12003.79,EUR,Craig Ltd,Completed
FIN_0077894,2022-04-29,ACC_00374,Engineering,Purchase,40147.24,EUR,Hoffman-Valdez,Failed
FIN_0359578,2022-09-10,ACC_00047,Manufacturing,Purchase,26306.84,INR,Bell-Ferguson,Completed
FIN_0305699,2025-01-17,ACC_00255,Finance,Revenue,57629.02,EUR,Sharp Ltd,Completed
FIN_0296917,2024-09-24,ACC_00059,Human Resources,Operating Expense,32482.13,EUR,"Lowe, Jordan and Wilson",Completed
FIN_0174967,2025-08-15,ACC_00178,Operations,Revenue,60093.09,USD,Marshall Group,Completed
FIN_0088498,2024-05-20,ACC_00209,Supply Chain,Revenue,67130.11,EUR,"Rios, Sherman and Willis",Completed
FIN_0040541,2022-10-15,ACC_00376,Sales,Revenue,27496.83,USD,"Price, Sanchez and Henderson",Completed
FIN_0310975,2022-08-29,ACC_00058,Manufacturing,Operating Expense,44482.86,SEK,Paul-Gray,Pending
FIN_0498518,2025-02-24,ACC_00145,Information Technology,Purchase,39781.13,SEK,Gross Ltd,Completed
FIN_0166699,2025-03-21,ACC_00481,Information Technology,Purchase,41285.75,SEK,Boyd and Sons,Completed
FIN_0201118,2025-04-08,ACC_00181,Engineering,Revenue,39530.04,EUR,Smith Inc,Completed
FIN_0231530,2021-10-12,ACC_00262,Human Resources,Payroll,9341.11,SEK,Richardson-Mcgrath,Completed
FIN_0228200,2026-05-31,ACC_00124,Engineering,Operating Expense,5593.31,EUR,Harper-Ortiz,Pending
FIN_0104071,2026-06-24,ACC_00359,Marketing,Operating Expense,34963.29,USD,Briggs-Williams,Completed
FIN_0202974,2023-03-28,ACC_00026,Sales,Revenue,91808.69,EUR,Barnes Ltd,Completed
FIN_0486162,2022-10-04,ACC_00481,Manufacturing,Payroll,15384.7,EUR,"Mendez, Rogers and Mcclure",Failed
FIN_0084874,2025-01-26,ACC_00494,Supply Chain,Operating Expense,23029.89,USD,Dunn-Salas,Completed
FIN_0406213,2021-12-18,ACC_00436,Engineering,Payroll,44722.57,SEK,Lopez-Rich,Completed
FIN_0256448,2024-04-26,ACC_00344,Engineering,Revenue,15197.19,USD,"Hogan, Knapp and Mclaughlin",Completed
FIN_0459329,2025-06-08,ACC_00336,Manufacturing,Revenue,12612.01,INR,"Charles, Williams and Black",Completed
FIN_0164555,2023-08-31,ACC_00198,Human Resources,Revenue,61636.88,EUR,Jones-Wise,Completed
FIN_0482531,2025-08-04,ACC_00036,Sales,Purchase,44378.63,SEK,Jimenez Inc,Completed
FIN_0021754,2026-04-01,ACC_00494,Operations,Purchase,3361.67,SEK,"Collins, Holmes and Fox",Completed
FIN_0442577,2021-05-04,ACC_00085,Sales,Investment,31808.68,USD,Sanders PLC,Completed
FIN_0283347,2022-09-25,ACC_00079,Manufacturing,Revenue,42160.37,EUR,"Rojas, Benson and Wright",Pending
FIN_0094694,2021-01-07,ACC_00396,Manufacturing,Payroll,16308.8,USD,Ortiz LLC,Completed
FIN_0201263,2021-10-18,ACC_00453,Operations,Purchase,41698.9,INR,Stephens PLC,Completed
FIN_0415818,2022-11-22,ACC_00462,Marketing,Revenue,74204.87,SEK,Tran LLC,Pending
FIN_0181814,2024-01-08,ACC_00479,Information Technology,Purchase,5538.61,SEK,"Jones, Fernandez and Underwood",Completed
FIN_0316306,2021-10-14,ACC_00006,Information Technology,Payroll,8187.83,EUR,UNKNOWN,Completed
FIN_0421087,2024-02-25,ACC_00052,Sales,Revenue,30056.48,INR,Rose-Brown,Completed
FIN_0181253,2023-05-01,ACC_00307,Manufacturing,Revenue,19346.51,USD,Howard Ltd,Pending
FIN_0426868,2022-04-30,ACC_00070,Sales,Revenue,60188.82,USD,Banks-Hansen,Completed
FIN_0271804,2023-05-27,ACC_00471,Information Technology,Purchase,34663.45,INR,Chen-Yang,Completed
FIN_0212187,2024-11-22,ACC_00300,Finance,Revenue,73983.7,EUR,White-Hall,Completed
FIN_0318079,2026-04-25,ACC_00062,Information Technology,Operating Expense,38453.73,SEK,"Barton, Gardner and Ford",Completed
FIN_0025865,2024-05-01,ACC_00356,Marketing,Revenue,84958.66,USD,Murray LLC,Completed
FIN_0429150,2024-06-28,ACC_00351,Engineering,Operating Expense,3453.92,INR,UNKNOWN,Completed
FIN_0292935,2024-02-12,ACC_00053,Marketing,Revenue,34804.81,EUR,"Lamb, Giles and Turner",Completed
FIN_0123364,2023-08-08,ACC_00063,Sales,Payroll,49171.81,EUR,West Group,Completed
FIN_0498254,2026-02-20,ACC_00036,Human Resources,Operating Expense,12015.35,INR,Thompson-Taylor,Completed
FIN_0148411,2021-09-28,ACC_00431,Operations,Payroll,10800.83,SEK,Wiggins LLC,Completed
FIN_0100393,2023-02-04,ACC_00110,Operations,Operating Expense,29516.62,USD,"Morrison, Williams and Ellis",Completed
FIN_0329067,2022-08-11,ACC_00110,Marketing,Revenue,99603.5,SEK,Luna and Sons,Completed
FIN_0246630,2024-04-26,ACC_00081,Supply Chain,Operating Expense,32302.19,INR,"Ross, Anthony and Lamb",Completed
FIN_0233021,2024-11-26,ACC_00251,Supply Chain,Revenue,98481.08,USD,Bryant PLC,Completed
FIN_0026982,2024-01-07,ACC_00224,Manufacturing,Revenue,772.75,INR,Skinner-Alexander,Completed
FIN_0085776,2026-03-26,ACC_00208,Human Resources,Revenue,37018.32,INR,"Chase, Monroe and Miller",Completed
FIN_0315462,2022-12-04,ACC_00500,Operations,Investment,45231.15,EUR,UNKNOWN,Completed
FIN_0470411,2023-09-10,ACC_00435,Sales,Revenue,69276.26,INR,"Brock, Mendez and Castillo",Completed
FIN_0231780,2024-02-04,ACC_00198,Supply Chain,Purchase,20214.14,SEK,Gomez-Johnson,Completed
FIN_0236743,2022-04-04,ACC_00243,Information Technology,Purchase,21837.51,INR,Anderson-Watson,Completed
FIN_0331490,2022-07-24,ACC_00378,Operations,Revenue,51180.09,USD,"Medina, Sheppard and Hernandez",Completed
FIN_0242286,2021-09-03,ACC_00071,Sales,Purchase,18845.98,INR,"Hayes, Kidd and Vasquez",Completed
FIN_0387534,2024-06-02,ACC_00283,Operations,Investment,10763.01,INR,Hines and Sons,Pending
FIN_0170942,2024-08-24,ACC_00091,Human Resources,Revenue,99909.78,SEK,Parrish-Fernandez,Completed
FIN_0498265,2022-09-05,ACC_00048,Human Resources,Payroll,2517.69,EUR,"Dunn, Sanders and Evans",Completed
FIN_0063365,2021-04-26,ACC_00488,Finance,Revenue,74391.42,EUR,UNKNOWN,Pending
FIN_0095718,2025-02-15,ACC_00112,Human Resources,Payroll,21750.5,INR,"Anderson, Gonzalez and Edwards",Completed
FIN_0467775,2023-11-23,ACC_00377,Sales,Revenue,99515.9,USD,"Ross, Hendricks and Aguilar",Completed
FIN_0440214,2021-02-05,ACC_00005,Marketing,Payroll,45810.38,USD,Blair-Lee,Completed
FIN_0238248,2022-03-22,ACC_00065,Marketing,Revenue,54394.87,EUR,Richardson-Williams,Completed
FIN_0131391,2023-04-15,ACC_00159,Information Technology,Operating Expense,41571.91,EUR,Cisneros Ltd,Completed
FIN_0357763,2024-10-17,ACC_00164,Finance,Operating Expense,14907.94,EUR,Massey Group,Completed
FIN_0092991,2026-03-23,ACC_00019,Marketing,Operating Expense,25964.67,USD,Smith-Schultz,Completed
FIN_0447205,2024-06-17,ACC_00370,Operations,Purchase,35871.63,USD,Walker Inc,Completed
FIN_0020896,2024-07-05,ACC_00347,Sales,Purchase,45400.83,INR,Miller-Kelly,Completed
FIN_0278754,2023-04-02,ACC_00437,Operations,Operating Expense,30825.59,SEK,Eaton Group,Completed
FIN_0322615,2025-10-08,ACC_00351,Sales,Purchase,48445.98,INR,"Berger, Martin and Williams",Completed
FIN_0091144,2021-01-02,ACC_00178,Human Resources,Revenue,8847.57,SEK,Roberts PLC,Completed
FIN_0481209,2025-09-18,ACC_00267,Information Technology,Revenue,91167.68,SEK,English Inc,Pending
FIN_0458851,2024-10-01,ACC_00271,Supply Chain,Purchase,48198.74,USD,"Washington, Reed and Farrell",Completed
FIN_0151355,2025-08-07,ACC_00367,Information Technology,Revenue,47686.24,INR,"Price, Mejia and Adams",Completed
FIN_0117055,2025-10-21,ACC_00228,Sales,Payroll,20098.7,SEK,"Sutton, Harris and Klein",Completed
FIN_0320456,2025-10-07,ACC_00450,Information Technology,Payroll,45649.47,INR,"Walker, Gibson and Pierce",Completed
FIN_0244632,2021-06-12,ACC_00284,Information Technology,Revenue,29099.64,USD,"Burns, Oneill and Spencer",Completed
FIN_0392512,2025-06-16,ACC_00444,Engineering,Operating Expense,6288.58,USD,"Riley, Perez and Peterson",Completed
FIN_0305107,2025-07-01,ACC_00075,Information Technology,Purchase,14874.35,INR,"Ward, Baker and Flynn",Completed
FIN_0103485,2021-11-18,ACC_00226,Information Technology,Operating Expense,18214.32,INR,Phillips Group,Completed
FIN_0152236,2024-09-02,ACC_00448,Engineering,Purchase,20917.62,EUR,Mills-Phillips,Pending
FIN_0297281,2025-10-27,ACC_00339,Supply Chain,Operating Expense,35192.37,USD,Burns-Lewis,Completed
FIN_0297482,2023-11-22,ACC_00069,Supply Chain,Revenue,1939.0,SEK,"Molina, Oconnor and Castillo",Completed
FIN_0275623,2024-10-20,ACC_00109,Supply Chain,Revenue,11887.59,SEK,UNKNOWN,Completed
FIN_0397679,2025-02-03,ACC_00401,Manufacturing,Operating Expense,4699.91,INR,"Gordon, Hodges and Barnett",Completed
FIN_0375044,2021-05-08,ACC_00259,Marketing,Operating Expense,23387.11,SEK,"Flores, Maxwell and Miller",Completed
FIN_0117486,2025-01-14,ACC_00144,Finance,Payroll,45466.41,SEK,"Herman, Fowler and Gonzales",Completed
FIN_0172262,2024-03-01,ACC_00198,Sales,Payroll,20795.07,INR,Williams PLC,Completed
FIN_0010776,2026-01-28,ACC_00029,Finance,Purchase,43588.41,EUR,"Holt, Flowers and Patrick",Completed
FIN_0024378,2024-05-28,ACC_00293,Human Resources,Purchase,49413.82,INR,Torres-Woods,Failed
FIN_0019902,2023-01-18,ACC_00099,Operations,Revenue,36494.88,SEK,Wolfe Inc,Completed
FIN_0052037,2023-08-06,ACC_00113,Sales,Revenue,21683.89,SEK,Greene-Peck,Completed
FIN_0280738,2025-02-16,ACC_00162,Operations,Purchase,48573.53,EUR,Gonzalez and Sons,Pending
FIN_0339009,2022-01-22,ACC_00230,Manufacturing,Operating Expense,42114.21,SEK,Morales Group,Completed
FIN_0220924,2022-07-24,ACC_00268,Finance,Operating Expense,46439.12,SEK,Acevedo-Blair,Completed
FIN_0193096,2025-08-17,ACC_00282,Supply Chain,Payroll,35226.41,EUR,Walters LLC,Completed
FIN_0105382,2025-04-15,ACC_00229,Engineering,Purchase,23131.69,SEK,UNKNOWN,Completed
FIN_0287142,2022-05-16,ACC_00032,Operations,Revenue,47869.78,SEK,Montoya-Santos,Completed
FIN_0352475,2023-02-15,ACC_00025,Finance,Purchase,48258.73,INR,"Hill, Ferguson and Smith",Completed
FIN_0294965,2023-04-18,ACC_00494,Manufacturing,Payroll,39472.85,EUR,"Kelley, Smith and Perez",Completed
FIN_0056975,2021-09-10,ACC_00275,Operations,Purchase,29284.53,EUR,Morrow-Mooney,Completed
FIN_0099137,2024-11-22,ACC_00215,Operations,Operating Expense,978.69,INR,Mata-Carroll,Completed
FIN_0119670,2021-07-18,ACC_00475,Sales,Revenue,22818.09,SEK,Flores PLC,Completed
FIN_0237285,2025-09-30,ACC_00042,Supply Chain,Revenue,80732.13,USD,Taylor Group,Completed
FIN_0186968,2023-03-30,ACC_00293,Sales,Revenue,54530.27,INR,Mcdonald-Howard,Completed
FIN_0188985,2025-12-25,ACC_00411,Engineering,Purchase,16828.63,USD,Johnson-Gray,Completed
FIN_0321183,2025-01-29,ACC_00311,Marketing,Operating Expense,1393.41,EUR,"Washington, Rodriguez and Brown",Completed
FIN_0447980,2025-05-07,ACC_00121,Engineering,Revenue,30788.08,SEK,Dennis-Harper,Pending
FIN_0297783,2025-07-08,ACC_00164,Engineering,Payroll,6537.41,SEK,Hardin-Ferguson,Completed
FIN_0043098,2022-12-13,ACC_00341,Engineering,Revenue,64758.2,INR,Dixon and Sons,Completed
FIN_0322813,2024-04-21,ACC_00047,Finance,Revenue,50949.27,INR,"Thomas, Green and Gray",Completed
FIN_0481333,2021-04-01,ACC_00066,Manufacturing,Revenue,40489.32,INR,"Powell, Patterson and Andrews",Completed
FIN_0079167,2025-02-06,ACC_00087,Human Resources,Purchase,5418.09,USD,"Lopez, Edwards and Dickerson",Completed
FIN_0251435,2024-07-25,ACC_00349,Marketing,Revenue,94262.72,SEK,Miles and Sons,Completed
FIN_0497501,2026-02-13,ACC_00440,Finance,Purchase,20620.89,SEK,"Chapman, Gonzalez and Taylor",Completed
FIN_0013909,2026-05-31,ACC_00003,Operations,Revenue,86817.88,INR,Mullins-Jimenez,Completed
FIN_0010872,2025-02-27,ACC_00355,Engineering,Purchase,2547.55,SEK,"Velasquez, Vega and Kerr",Completed
FIN_0111260,2022-09-01,ACC_00291,Supply Chain,Revenue,62170.55,INR,Baxter-Rodriguez,Completed
FIN_0438826,2024-05-07,ACC_00036,Human Resources,Revenue,71515.7,USD,Jackson Inc,Completed
FIN_0200731,2024-09-26,ACC_00280,Supply Chain,Purchase,2633.39,EUR,Knight-Davis,Completed
FIN_0000484,2025-02-23,ACC_00408,Manufacturing,Revenue,46927.47,EUR,Fox PLC,Completed
FIN_0018098,2023-10-22,ACC_00133,Supply Chain,Operating Expense,31056.03,INR,Parker Ltd,Completed
FIN_0329865,2024-07-13,ACC_00354,Sales,Payroll,19950.21,SEK,"Ryan, Williams and Mcdaniel",Pending
FIN_0419701,2023-05-10,ACC_00279,Manufacturing,Operating Expense,8139.32,EUR,"Smith, Rios and Fitzgerald",Completed
FIN_0413081,2022-05-23,ACC_00365,Human Resources,Operating Expense,15242.41,SEK,Castro and Sons,Completed
FIN_0466125,2022-09-18,ACC_00029,Information Technology,Operating Expense,9377.96,EUR,"Cook, Bray and Jones",Completed
FIN_0166144,2022-07-30,ACC_00492,Marketing,Purchase,32522.32,INR,Glass-Hayes,Completed
FIN_0277537,2021-03-05,ACC_00306,Human Resources,Purchase,41159.07,USD,Taylor-Higgins,Pending
FIN_0414819,2024-10-01,ACC_00407,Marketing,Operating Expense,39088.08,SEK,"Patton, Stanley and Peterson",Completed
FIN_0182129,2024-04-28,ACC_00454,Engineering,Operating Expense,35892.84,USD,"Orr, Brock and Hardy",Completed
FIN_0296766,2021-12-26,ACC_00405,Sales,Operating Expense,35851.0,INR,"Cline, Davis and Hinton",Completed
FIN_0225554,2025-12-29,ACC_00003,Human Resources,Payroll,17034.75,SEK,UNKNOWN,Completed
FIN_0480955,2025-11-10,ACC_00229,Information Technology,Operating Expense,5849.49,EUR,Gray Ltd,Pending
FIN_0180879,2022-12-05,ACC_00299,Supply Chain,Payroll,32348.16,INR,Booker-Wade,Completed
FIN_0431791,2022-07-15,ACC_00357,Operations,Revenue,85082.45,SEK,Miller-Wagner,Completed
FIN_0197775,2023-12-06,ACC_00120,Finance,Revenue,99230.62,SEK,"Rodriguez, Knapp and Robinson",Completed
FIN_0174753,2025-09-02,ACC_00384,Marketing,Revenue,35892.25,SEK,Moore-Stewart,Completed
FIN_0241966,2024-09-14,ACC_00058,Information Technology,Operating Expense,27044.53,EUR,"Perkins, Mckee and Ayala",Completed
FIN_0335432,2021-09-27,ACC_00478,Supply Chain,Operating Expense,16700.65,INR,Garrison LLC,Completed
FIN_0441548,2024-09-21,ACC_00401,Supply Chain,Purchase,27380.52,EUR,Miller Group,Completed
FIN_0054429,2024-05-05,ACC_00431,Human Resources,Operating Expense,10354.39,USD,Medina-Nelson,Completed
FIN_0313355,2024-03-07,ACC_00038,Sales,Purchase,38342.37,SEK,Miller-Warner,Completed
FIN_0242912,2021-12-04,ACC_00409,Sales,Payroll,23373.21,INR,Gill LLC,Completed
FIN_0007925,2021-03-09,ACC_00056,Marketing,Purchase,5364.0,USD,"Clay, Graham and Kirk",Completed
FIN_0061006,2025-10-10,ACC_00085,Supply Chain,Operating Expense,29533.45,EUR,Howe PLC,Completed
FIN_0268349,2021-09-26,ACC_00103,Human Resources,Revenue,30468.56,USD,Baldwin-Stone,Completed
FIN_0403706,2023-07-12,ACC_00437,Supply Chain,Payroll,35076.43,INR,Alexander-Lopez,Completed
FIN_0495151,2023-12-20,ACC_00172,Supply Chain,Payroll,36678.25,USD,Lee Ltd,Completed
FIN_0300186,2024-05-10,ACC_00121,Supply Chain,Purchase,35223.72,SEK,Smith-Saunders,Completed
FIN_0381903,2024-03-09,ACC_00436,Finance,Operating Expense,9691.04,INR,Welch-Davis,Completed
FIN_0358103,2025-04-06,ACC_00344,Supply Chain,Revenue,90961.6,SEK,"Pennington, Perkins and Simpson",Completed
FIN_0098359,2026-06-17,ACC_00074,Finance,Revenue,40318.63,SEK,Huffman PLC,Completed
FIN_0160411,2021-12-08,ACC_00365,Operations,Operating Expense,46568.44,INR,Cross and Sons,Completed
FIN_0053314,2024-12-15,ACC_00008,Supply Chain,Revenue,78684.83,INR,"Morris, Mata and Hall",Pending
FIN_0201754,2021-06-01,ACC_00390,Human Resources,Revenue,62921.28,USD,Kelly-Ray,Completed
FIN_0422345,2022-05-15,ACC_00233,Finance,Payroll,42177.0,EUR,Burns PLC,Completed
FIN_0283825,2026-05-12,ACC_00292,Information Technology,Purchase,24720.28,USD,Brown LLC,Completed
FIN_0479794,2021-05-11,ACC_00239,Operations,Revenue,8819.1,USD,"Mcneil, Bowen and Ho",Pending
FIN_0371553,2023-11-01,ACC_00179,Engineering,Revenue,44907.9,SEK,Nunez and Sons,Completed
FIN_0336213,2025-06-28,ACC_00072,Marketing,Revenue,8478.94,INR,Navarro-Moreno,Completed
FIN_0171717,2021-02-18,ACC_00360,Sales,Purchase,12803.8,SEK,Nguyen-Ayala,Completed
FIN_0059867,2022-11-21,ACC_00329,Marketing,Purchase,29338.26,USD,Nguyen Group,Completed
FIN_0482462,2023-04-26,ACC_00316,Marketing,Payroll,1326.95,USD,"Mcgee, Martin and Allen",Completed
FIN_0361118,2025-10-05,ACC_00365,Supply Chain,Purchase,11367.7,INR,Hendricks LLC,Completed
FIN_0259862,2023-06-22,ACC_00186,Engineering,Purchase,48536.19,SEK,Reyes Ltd,Completed
FIN_0424819,2025-03-09,ACC_00018,Sales,Payroll,42523.72,SEK,"Clark, Gonzalez and Wilson",Completed
FIN_0010903,2023-12-31,ACC_00424,Engineering,Payroll,32773.56,SEK,Wilson Group,Completed
FIN_0070202,2022-06-27,ACC_00359,Supply Chain,Revenue,56316.29,USD,"Evans, Byrd and Moody",Completed
FIN_0045552,2023-07-07,ACC_00484,Manufacturing,Purchase,33221.12,INR,Moore-Fowler,Pending
FIN_0408048,2026-02-01,ACC_00175,Finance,Payroll,20805.55,USD,Farmer Group,Pending
FIN_0396922,2026-06-03,ACC_00267,Engineering,Purchase,22749.85,INR,Robinson Group,Completed
FIN_0142562,2021-01-30,ACC_00084,Human Resources,Revenue,86706.68,USD,"Le, Nichols and Jackson",Completed
FIN_0282540,2025-01-19,ACC_00469,Human Resources,Operating Expense,43705.1,SEK,"Cox, Lambert and Mcmahon",Completed
FIN_0209669,2022-05-13,ACC_00406,Supply Chain,Operating Expense,41592.1,INR,Martinez-Sanders,Completed
FIN_0307433,2022-10-11,ACC_00085,Manufacturing,Payroll,41875.45,USD,Singh Inc,Completed
FIN_0180266,2022-02-21,ACC_00184,Manufacturing,Revenue,16406.95,INR,"Smith, Clements and Conway",Pending
FIN_0303762,2024-07-31,ACC_00450,Information Technology,Purchase,990.55,EUR,Brown PLC,Completed
FIN_0076863,2026-05-14,ACC_00241,Engineering,Operating Expense,37970.34,USD,Lam LLC,Completed
FIN_0355727,2023-11-20,ACC_00049,Supply Chain,Operating Expense,27118.03,INR,Marsh-Stewart,Pending
FIN_0448019,2021-05-06,ACC_00046,Sales,Purchase,35753.02,EUR,Leonard and Sons,Completed
FIN_0263169,2022-08-30,ACC_00117,Engineering,Investment,30319.84,SEK,"Francis, Walker and Mccullough",Pending
FIN_0143964,2023-11-22,ACC_00085,Manufacturing,Revenue,65761.05,INR,Marks-Mitchell,Completed
FIN_0049176,2026-05-19,ACC_00001,Engineering,Purchase,8549.79,EUR,"Blevins, Hull and Garcia",Completed
FIN_0324529,2025-11-14,ACC_00085,Marketing,Purchase,42094.38,SEK,"Bishop, White and Allison",Pending
FIN_0489677,2023-07-20,ACC_00082,Sales,Purchase,6149.4,EUR,Ryan Inc,Completed
FIN_0317754,2024-09-22,ACC_00025,Operations,Payroll,3591.01,SEK,"Parker, Williams and Spencer",Completed
FIN_0194290,2023-05-29,ACC_00466,Information Technology,Purchase,10005.75,SEK,"Carpenter, Robinson and Campos",Completed
FIN_0237330,2025-06-14,ACC_00044,Sales,Operating Expense,39645.59,EUR,"Peterson, Phillips and Davis",Completed
FIN_0296493,2021-02-02,ACC_00431,Marketing,Purchase,24315.88,USD,Duke-Dennis,Completed
FIN_0293714,2021-07-21,ACC_00209,Supply Chain,Revenue,41519.81,INR,Marks and Sons,Completed
FIN_0277448,2021-03-31,ACC_00451,Engineering,Revenue,15871.65,EUR,"Kaufman, Cox and Chavez",Completed
FIN_0160685,2026-02-07,ACC_00487,Marketing,Purchase,30759.55,USD,"Martinez, Miller and Foster",Pending
FIN_0046285,2025-07-25,ACC_00123,Human Resources,Operating Expense,30535.63,USD,Murphy LLC,Completed
FIN_0442185,2023-01-04,ACC_00115,Human Resources,Purchase,18122.28,USD,Henry-Elliott,Completed
FIN_0381512,2026-05-08,ACC_00444,Operations,Payroll,296.22,USD,Smith and Sons,Completed
FIN_0442418,2026-04-04,ACC_00124,Marketing,Revenue,63109.29,USD,Valentine-Bridges,Pending
FIN_0040461,2022-02-16,ACC_00177,Human Resources,Purchase,29451.84,USD,UNKNOWN,Completed
FIN_0140816,2023-03-18,ACC_00078,Operations,Revenue,34912.09,USD,Schwartz LLC,Completed
FIN_0445110,2023-02-08,ACC_00165,Supply Chain,Revenue,78668.0,INR,Lee PLC,Pending
FIN_0171693,2025-03-09,ACC_00215,Finance,Operating Expense,12155.0,USD,Hebert-Parker,Completed
FIN_0051327,2023-01-26,ACC_00224,Information Technology,Operating Expense,8594.2,EUR,"Cochran, Garcia and Thomas",Completed
FIN_0080329,2021-11-04,ACC_00121,Manufacturing,Purchase,3286.21,USD,Ponce-Gardner,Completed
FIN_0031457,2026-05-21,ACC_00199,Human Resources,Operating Expense,699.13,USD,Jones PLC,Pending
FIN_0040811,2021-09-04,ACC_00405,Human Resources,Operating Expense,10346.82,USD,Luna-Frost,Completed
FIN_0249582,2026-05-19,ACC_00017,Finance,Payroll,134.76,EUR,Johnson-Young,Completed
FIN_0216367,2025-03-16,ACC_00478,Marketing,Operating Expense,47896.01,USD,Vargas-Cunningham,Completed
FIN_0497408,2021-08-24,ACC_00062,Finance,Revenue,72213.31,INR,Green and Sons,Completed
FIN_0029674,2025-02-05,ACC_00300,Finance,Purchase,35645.46,SEK,Williams Ltd,Completed
FIN_0084586,2022-08-10,ACC_00311,Information Technology,Revenue,21813.92,EUR,Moss Inc,Completed
FIN_0402518,2022-03-18,ACC_00290,Supply Chain,Purchase,3504.73,INR,Green Group,Completed
FIN_0206922,2021-11-02,ACC_00059,Finance,Operating Expense,5278.41,SEK,"Johnson, Chandler and Williams",Completed
FIN_0071863,2023-11-17,ACC_00309,Marketing,Operating Expense,38006.77,SEK,"Mitchell, Taylor and Miller",Completed
FIN_0035107,2025-03-06,ACC_00273,Information Technology,Payroll,2316.49,USD,Soto Group,Completed
FIN_0203997,2023-10-18,ACC_00483,Finance,Revenue,18853.61,EUR,Greene LLC,Completed
FIN_0439311,2024-09-20,ACC_00078,Engineering,Purchase,7600.53,SEK,Young-Collier,Completed
FIN_0444168,2025-03-30,ACC_00426,Engineering,Purchase,6144.79,USD,"Miles, Snow and Anthony",Completed
FIN_0099969,2025-08-07,ACC_00232,Marketing,Purchase,4073.08,USD,"Mcgee, Armstrong and Chapman",Pending
FIN_0303055,2023-09-01,ACC_00338,Manufacturing,Revenue,22159.18,INR,"Baxter, Horton and Carroll",Completed
FIN_0498355,2021-05-02,ACC_00009,Information Technology,Payroll,20075.3,SEK,Vazquez-Young,Failed
FIN_0493917,2023-10-10,ACC_00106,Sales,Investment,8591.53,EUR,Pierce-Davis,Completed
FIN_0432448,2024-11-10,ACC_00324,Supply Chain,Revenue,2358.74,USD,Mcgee LLC,Completed
FIN_0493287,2024-01-24,ACC_00354,Supply Chain,Payroll,9721.54,INR,"Wiley, Allen and Ramos",Pending
FIN_0350909,2022-03-28,ACC_00112,Operations,Payroll,15699.73,SEK,"Butler, Small and Thompson",Completed
FIN_0088277,2025-03-20,ACC_00117,Information Technology,Purchase,30444.92,INR,"Brown, Moore and Moreno",Completed
FIN_0497169,2025-09-28,ACC_00099,Manufacturing,Operating Expense,24414.19,INR,Pope LLC,Completed
FIN_0151462,2024-07-08,ACC_00195,Information Technology,Operating Expense,40703.97,USD,Thompson Inc,Completed
FIN_0408389,2021-06-28,ACC_00127,Marketing,Purchase,33810.17,SEK,"Moody, Santana and Bass",Completed
FIN_0247131,2023-09-14,ACC_00380,Manufacturing,Revenue,67611.67,INR,Bell PLC,Completed
FIN_0341861,2026-05-17,ACC_00190,Marketing,Investment,12262.86,SEK,Nelson Inc,Completed
FIN_0394819,2023-12-22,ACC_00187,Information Technology,Purchase,13039.79,USD,Steele Inc,Completed
FIN_0112756,2021-10-17,ACC_00258,Information Technology,Payroll,20149.56,SEK,"Booth, Willis and Combs",Completed
FIN_0446873,2024-03-25,ACC_00296,Marketing,Revenue,62184.2,USD,Tucker Ltd,Completed
FIN_0051911,2024-04-19,ACC_00447,Engineering,Revenue,1317.46,USD,White-Jacobs,Completed
FIN_0279559,2023-05-24,ACC_00227,Human Resources,Purchase,20867.0,EUR,Romero-Green,Completed
FIN_0414500,2021-08-28,ACC_00270,Engineering,Operating Expense,8946.86,USD,"Robinson, Keller and Marshall",Pending
FIN_0006855,2023-04-25,ACC_00485,Finance,Payroll,49554.86,EUR,Koch Ltd,Completed
FIN_0179957,2021-03-06,ACC_00378,Sales,Operating Expense,8495.94,EUR,"Kelly, Webb and Smith",Completed
FIN_0067199,2021-02-13,ACC_00037,Engineering,Revenue,10733.5,USD,Rodriguez Ltd,Failed
FIN_0353572,2024-04-11,ACC_00327,Finance,Investment,44805.92,EUR,"Bentley, Moran and Hughes",Completed
FIN_0441959,2025-03-20,ACC_00127,Sales,Revenue,56620.41,EUR,Fitzgerald-Anderson,Completed
FIN_0052822,2021-02-07,ACC_00303,Human Resources,Investment,42851.1,EUR,Johnson Group,Pending
FIN_0048735,2024-10-13,ACC_00302,Operations,Purchase,13866.1,SEK,Trujillo-Gregory,Completed
FIN_0181064,2022-01-30,ACC_00047,Human Resources,Revenue,31088.43,SEK,King LLC,Completed
FIN_0023577,2023-09-11,ACC_00212,Information Technology,Revenue,54110.23,INR,Shaw-Bishop,Completed
FIN_0315196,2025-06-20,ACC_00030,Human Resources,Payroll,43382.35,INR,May-Davis,Completed
FIN_0309585,2021-07-01,ACC_00465,Sales,Revenue,52335.0,EUR,"Thomas, Yates and Yates",Completed
FIN_0319366,2025-02-08,ACC_00089,Engineering,Revenue,50469.5,SEK,Moore Group,Completed
FIN_0048009,2023-10-26,ACC_00145,Marketing,Operating Expense,30431.6,USD,Blevins-Chaney,Completed
FIN_0307869,2025-06-10,ACC_00173,Sales,Purchase,3322.38,SEK,Curtis Ltd,Completed
FIN_0388641,2024-07-09,ACC_00132,Engineering,Purchase,37721.95,USD,"Daniels, Rodriguez and Johnson",Completed
FIN_0261614,2023-09-15,ACC_00396,Human Resources,Investment,9854.81,SEK,Burke and Sons,Completed
FIN_0209823,2023-01-20,ACC_00006,Sales,Purchase,46975.69,EUR,Diaz Group,Completed
FIN_0463489,2024-06-07,ACC_00392,Information Technology,Revenue,33067.31,EUR,Mcclure PLC,Completed
FIN_0321123,2026-05-04,ACC_00295,Supply Chain,Revenue,10585.84,EUR,Wright PLC,Completed
FIN_0425389,2024-10-17,ACC_00178,Marketing,Revenue,74821.25,USD,Webb Inc,Pending
FIN_0304918,2025-09-06,ACC_00144,Sales,Revenue,20504.37,EUR,"Rodriguez, Murphy and Herrera",Completed
FIN_0241898,2021-12-13,ACC_00334,Information Technology,Revenue,77105.96,EUR,"Williams, Salazar and Griffin",Completed
FIN_0024878,2021-01-04,ACC_00472,Human Resources,Revenue,69335.68,INR,Taylor-Green,Completed
FIN_0115542,2022-12-02,ACC_00357,Information Technology,Investment,25764.43,SEK,"Cordova, Matthews and Hoover",Completed
FIN_0347054,2025-04-06,ACC_00496,Manufacturing,Payroll,47362.48,INR,Tapia-Glenn,Completed
FIN_0369000,2024-07-18,ACC_00038,Finance,Revenue,45343.78,SEK,"Berry, Cooper and Parker",Completed
FIN_0293348,2022-08-09,ACC_00211,Manufacturing,Payroll,7801.21,USD,Black LLC,Completed
FIN_0102888,2024-02-19,ACC_00067,Information Technology,Revenue,18608.61,USD,"Snyder, Francis and Mclaughlin",Completed
FIN_0025290,2026-06-07,ACC_00047,Finance,Operating Expense,40782.06,USD,Sharp Inc,Pending
FIN_0425088,2021-10-13,ACC_00180,Manufacturing,Operating Expense,35057.09,INR,"Jones, Reyes and Jackson",Completed
FIN_0460035,2024-08-27,ACC_00103,Supply Chain,Revenue,63107.12,SEK,UNKNOWN,Completed
FIN_0225822,2021-10-26,ACC_00109,Engineering,Revenue,23702.74,SEK,UNKNOWN,Completed
FIN_0262229,2026-03-17,ACC_00398,Engineering,Operating Expense,14102.9,SEK,Archer Inc,Completed
FIN_0386365,2022-03-30,ACC_00458,Supply Chain,Payroll,23579.61,EUR,Estrada-Stein,Completed
FIN_0307707,2023-10-14,ACC_00191,Information Technology,Operating Expense,21910.48,INR,Carter and Sons,Completed
FIN_0394346,2025-05-17,ACC_00131,Manufacturing,Payroll,49276.37,EUR,"Martinez, Hernandez and Moore",Completed
FIN_0268942,2025-10-06,ACC_00213,Finance,Revenue,34247.73,EUR,Oconnor-Chapman,Completed
FIN_0209066,2022-08-09,ACC_00410,Manufacturing,Revenue,57554.47,USD,"Rivera, Norton and Hernandez",Completed
FIN_0067224,2025-02-24,ACC_00282,Manufacturing,Operating Expense,4841.06,EUR,Thompson Inc,Completed
FIN_0268098,2022-06-19,ACC_00265,Human Resources,Operating Expense,39157.16,SEK,Lynch Ltd,Completed
FIN_0113038,2022-10-12,ACC_00111,Marketing,Operating Expense,19455.97,SEK,"Larson, Morales and Meyer",Completed
FIN_0249729,2021-11-19,ACC_00209,Marketing,Revenue,7596.73,INR,Bowman Ltd,Pending
FIN_0191689,2022-01-16,ACC_00193,Information Technology,Revenue,39554.38,USD,Soto-Baker,Completed
FIN_0310440,2023-10-13,ACC_00198,Supply Chain,Operating Expense,18367.05,INR,Simmons-Russell,Completed
FIN_0474555,2022-06-27,ACC_00187,Human Resources,Revenue,73218.53,INR,"Schmidt, Taylor and Vega",Completed
FIN_0244014,2022-12-28,ACC_00025,Engineering,Purchase,45653.92,USD,Walsh-Morris,Completed
FIN_0369607,2023-04-02,ACC_00101,Operations,Operating Expense,31789.14,INR,Bradshaw PLC,Completed
FIN_0404552,2025-11-06,ACC_00455,Marketing,Revenue,75793.64,SEK,Foster Inc,Pending
FIN_0012904,2022-12-03,ACC_00215,Finance,Purchase,46013.43,EUR,Mendez Group,Completed
FIN_0369662,2026-05-22,ACC_00406,Sales,Investment,23399.13,SEK,Montoya PLC,Completed
FIN_0268395,2023-03-16,ACC_00488,Engineering,Purchase,40369.96,USD,Waters-Huber,Completed
FIN_0458033,2021-12-03,ACC_00184,Human Resources,Purchase,30849.15,INR,"Brown, Henson and Jones",Completed
FIN_0062308,2022-12-11,ACC_00233,Sales,Purchase,3718.84,USD,Robinson Inc,Completed
FIN_0074921,2023-08-31,ACC_00392,Supply Chain,Purchase,3660.22,INR,Robbins-Morrison,Completed
FIN_0218576,2022-01-13,ACC_00381,Supply Chain,Revenue,62621.44,USD,Harris Ltd,Pending
FIN_0038054,2024-03-02,ACC_00314,Supply Chain,Revenue,48598.89,INR,"Hughes, Cain and Chambers",Completed
FIN_0479901,2021-12-18,ACC_00345,Operations,Revenue,17814.54,USD,Harris and Sons,Pending
FIN_0346021,2021-03-16,ACC_00191,Finance,Purchase,33103.14,SEK,UNKNOWN,Completed
FIN_0337580,2022-04-30,ACC_00193,Manufacturing,Purchase,937.07,USD,"Watson, Gallagher and Solis",Completed
FIN_0201327,2022-07-07,ACC_00353,Finance,Operating Expense,19954.15,EUR,Macdonald PLC,Completed
FIN_0465818,2024-10-02,ACC_00497,Manufacturing,Operating Expense,19442.28,EUR,Hudson-Miller,Completed
FIN_0208327,2025-01-16,ACC_00007,Sales,Revenue,65907.54,INR,Wright-Martinez,Completed
FIN_0006338,2025-12-20,ACC_00059,Supply Chain,Revenue,75653.57,INR,Fuentes and Sons,Completed
FIN_0232268,2025-04-03,ACC_00383,Human Resources,Revenue,24118.24,EUR,"Griffin, Salazar and Cunningham",Completed
FIN_0447582,2021-06-23,ACC_00388,Marketing,Purchase,42349.24,EUR,UNKNOWN,Completed
FIN_0151545,2021-04-24,ACC_00225,Operations,Payroll,8282.53,INR,Russo Inc,Completed
FIN_0395453,2023-07-31,ACC_00187,Manufacturing,Operating Expense,8216.0,SEK,Larson Group,Completed
FIN_0222750,2021-05-21,ACC_00040,Human Resources,Revenue,91945.7,SEK,Mitchell and Sons,Completed
FIN_0171277,2025-09-12,ACC_00115,Information Technology,Revenue,26893.53,SEK,UNKNOWN,Completed
FIN_0482863,2023-04-20,ACC_00113,Finance,Operating Expense,10408.32,SEK,Jones-Foster,Completed
FIN_0209543,2023-12-09,ACC_00500,Information Technology,Revenue,60664.5,USD,Rivera-Hill,Completed
FIN_0256186,2022-12-02,ACC_00296,Human Resources,Revenue,14531.94,SEK,Morgan Group,Completed
FIN_0105269,2024-11-01,ACC_00135,Sales,Purchase,30033.46,USD,Miller-Quinn,Completed
FIN_0121023,2021-05-23,ACC_00045,Supply Chain,Payroll,43746.2,USD,Beck Ltd,Completed
FIN_0360523,2026-03-05,ACC_00108,Manufacturing,Revenue,1826.54,SEK,Fox Group,Completed
FIN_0133483,2026-03-29,ACC_00325,Manufacturing,Operating Expense,5439.85,INR,"Long, Mcclain and Hernandez",Completed
FIN_0318659,2022-01-04,ACC_00185,Marketing,Purchase,14734.15,SEK,"Smith, Brown and Chung",Completed
FIN_0485358,2025-08-27,ACC_00010,Engineering,Revenue,78372.75,INR,"Ferguson, Schwartz and Clark",Completed
FIN_0138522,2025-12-03,ACC_00122,Human Resources,Purchase,13845.91,SEK,Smith PLC,Completed
FIN_0471131,2025-03-30,ACC_00313,Supply Chain,Payroll,49788.12,SEK,UNKNOWN,Completed
FIN_0019061,2022-12-13,ACC_00078,Manufacturing,Revenue,20824.84,INR,Ray-Mcdowell,Completed
FIN_0309136,2024-10-13,ACC_00058,Information Technology,Revenue,38420.37,USD,Perez-Newton,Completed
FIN_0482993,2026-06-26,ACC_00363,Supply Chain,Revenue,69001.48,SEK,"Hart, Lozano and Lester",Completed
FIN_0283183,2022-12-05,ACC_00209,Finance,Operating Expense,48225.6,USD,"Castro, Mccann and Washington",Completed
FIN_0259662,2023-03-18,ACC_00271,Engineering,Revenue,90838.34,SEK,Crawford-Wilson,Completed
FIN_0039707,2023-07-08,ACC_00287,Sales,Revenue,32573.21,INR,Luna-Gutierrez,Completed
FIN_0379188,2025-09-05,ACC_00314,Engineering,Purchase,27349.82,USD,Lowery Ltd,Completed
FIN_0251705,2021-12-08,ACC_00199,Manufacturing,Revenue,58798.72,SEK,Moses PLC,Completed
FIN_0275839,2026-05-14,ACC_00407,Marketing,Revenue,95599.77,EUR,Morris-Williams,Completed
FIN_0106780,2022-11-28,ACC_00302,Supply Chain,Operating Expense,18601.6,INR,Peterson PLC,Completed
FIN_0085613,2022-04-25,ACC_00346,Engineering,Revenue,81468.64,INR,Herrera-Arias,Completed
FIN_0081550,2022-12-13,ACC_00165,Manufacturing,Revenue,78249.71,SEK,Jones LLC,Completed
FIN_0025098,2023-04-29,ACC_00396,Information Technology,Operating Expense,32646.59,EUR,"Avery, Kelly and Reese",Completed
FIN_0405458,2024-10-19,ACC_00439,Operations,Investment,37685.72,SEK,Esparza-Baxter,Completed
FIN_0040093,2023-04-15,ACC_00454,Human Resources,Payroll,5332.63,USD,Meyer-Pittman,Completed
FIN_0416490,2023-06-03,ACC_00298,Human Resources,Purchase,19615.66,EUR,"Murillo, Pham and Maldonado",Completed
FIN_0456338,2023-12-06,ACC_00192,Operations,Purchase,6047.44,INR,"Hernandez, Fuller and Campbell",Completed
FIN_0294947,2026-03-22,ACC_00226,Finance,Operating Expense,45107.42,SEK,Abbott-Duffy,Completed
FIN_0483079,2022-10-23,ACC_00233,Engineering,Revenue,19972.94,SEK,Mckenzie Inc,Completed
FIN_0100509,2021-05-22,ACC_00283,Manufacturing,Revenue,72288.21,USD,UNKNOWN,Completed
FIN_0373162,2023-07-19,ACC_00446,Engineering,Purchase,17971.0,INR,"Chung, Blake and Thomas",Pending
FIN_0451010,2021-06-01,ACC_00014,Human Resources,Investment,15094.58,EUR,"Snyder, Davis and Kim",Completed
FIN_0017393,2026-04-19,ACC_00318,Finance,Payroll,23550.64,INR,Ochoa and Sons,Completed
FIN_0122169,2023-05-07,ACC_00163,Human Resources,Purchase,33450.91,EUR,Brown PLC,Completed
FIN_0221259,2024-05-24,ACC_00238,Engineering,Revenue,34927.63,SEK,Cochran-Gordon,Completed
FIN_0036670,2025-03-30,ACC_00245,Information Technology,Revenue,54003.84,EUR,Johnson-Rodriguez,Completed
FIN_0287323,2022-09-13,ACC_00357,Supply Chain,Payroll,35068.99,INR,Spears-Wilkerson,Completed
FIN_0058028,2024-04-28,ACC_00459,Finance,Purchase,5215.08,INR,Rodriguez-Foster,Completed
FIN_0152127,2021-08-13,ACC_00368,Operations,Operating Expense,21800.23,USD,"Soto, Garcia and Ingram",Completed
FIN_0234998,2022-08-25,ACC_00034,Supply Chain,Purchase,5084.74,SEK,Anderson-Wilson,Completed
FIN_0339615,2025-06-19,ACC_00009,Information Technology,Purchase,3350.96,EUR,Lang-Park,Completed
FIN_0012881,2023-01-06,ACC_00327,Supply Chain,Revenue,84348.9,INR,"Perkins, Hill and West",Pending
FIN_0372584,2021-12-01,ACC_00210,Human Resources,Revenue,49732.81,SEK,Raymond-Ward,Completed
FIN_0047766,2023-11-16,ACC_00275,Operations,Revenue,4997.52,USD,Weaver-Rich,Completed
FIN_0364410,2023-12-10,ACC_00030,Engineering,Revenue,37759.99,EUR,"Rogers, Heath and Watkins",Completed
FIN_0495349,2025-12-21,ACC_00403,Human Resources,Revenue,9956.17,USD,Morgan Ltd,Completed
FIN_0206999,2023-04-13,ACC_00049,Manufacturing,Payroll,34490.19,EUR,UNKNOWN,Completed
FIN_0061130,2024-05-07,ACC_00485,Supply Chain,Revenue,53614.71,EUR,"Johnson, Carter and Velasquez",Completed
FIN_0080956,2021-04-08,ACC_00301,Human Resources,Investment,22585.01,SEK,"Pittman, Maldonado and Baker",Completed
FIN_0235858,2025-06-05,ACC_00449,Operations,Operating Expense,16367.46,EUR,"Hernandez, Guzman and Park",Completed
FIN_0431123,2022-03-29,ACC_00057,Marketing,Investment,33124.62,EUR,Jones-Simon,Completed
FIN_0041375,2021-12-22,ACC_00128,Sales,Payroll,24599.18,INR,"Harrison, Johnson and Anderson",Completed
FIN_0029799,2021-05-07,ACC_00468,Sales,Revenue,60040.47,INR,"Farmer, Tapia and Stanley",Completed
FIN_0492430,2023-01-12,ACC_00006,Operations,Operating Expense,49591.09,INR,UNKNOWN,Completed
FIN_0454693,2022-01-14,ACC_00025,Manufacturing,Revenue,7791.46,USD,Stafford-Shaw,Completed
FIN_0156509,2024-10-13,ACC_00219,Marketing,Operating Expense,16362.06,SEK,Owens Ltd,Completed
FIN_0472229,2025-05-03,ACC_00449,Manufacturing,Revenue,73388.31,INR,Rojas-Lee,Completed
FIN_0148091,2023-11-01,ACC_00057,Human Resources,Purchase,36560.18,EUR,"Barnes, Nichols and Bennett",Completed
FIN_0357823,2026-06-27,ACC_00128,Supply Chain,Payroll,40121.96,INR,Lawrence Inc,Completed
FIN_0405742,2021-06-05,ACC_00187,Operations,Operating Expense,23670.36,USD,"Johnson, Johnson and Lewis",Completed
FIN_0118032,2022-11-22,ACC_00366,Manufacturing,Revenue,52004.27,INR,"Gonzalez, Barnett and Molina",Completed
FIN_0000103,2023-05-13,ACC_00035,Supply Chain,Revenue,13751.92,EUR,"Lawson, Morris and Ramos",Completed
FIN_0281234,2022-03-12,ACC_00285,Manufacturing,Payroll,7971.09,USD,"Taylor, Larson and Bell",Pending
FIN_0447891,2022-02-26,ACC_00207,Operations,Operating Expense,37109.4,SEK,"Moore, Acosta and Johnson",Completed
FIN_0094988,2024-03-17,ACC_00372,Supply Chain,Payroll,45998.65,SEK,Hatfield Ltd,Completed
FIN_0143764,2022-12-07,ACC_00272,Sales,Payroll,19550.02,INR,"Smith, Martin and Berry",Pending
FIN_0057932,2024-04-30,ACC_00057,Human Resources,Payroll,40501.3,USD,Horton LLC,Completed
FIN_0158427,2024-08-22,ACC_00125,Operations,Payroll,44988.53,EUR,Taylor and Sons,Completed
FIN_0132443,2025-07-22,ACC_00066,Marketing,Revenue,44911.43,INR,"Bullock, Baker and Hendricks",Failed
FIN_0477925,2024-12-31,ACC_00320,Supply Chain,Payroll,47696.41,EUR,UNKNOWN,Completed
FIN_0475008,2023-11-04,ACC_00361,Finance,Payroll,47559.8,USD,UNKNOWN,Pending
FIN_0216870,2024-03-24,ACC_00028,Operations,Investment,30772.12,INR,"Stokes, Sanders and Davis",Completed
FIN_0240990,2026-01-26,ACC_00473,Marketing,Operating Expense,15696.09,EUR,Daniels Inc,Completed
FIN_0137679,2025-07-19,ACC_00272,Information Technology,Operating Expense,43659.61,EUR,"Miller, Collins and Barnett",Completed
FIN_0318674,2021-02-04,ACC_00431,Information Technology,Operating Expense,24712.76,USD,"Dennis, Smith and Sanchez",Completed
FIN_0207057,2024-08-06,ACC_00190,Information Technology,Revenue,82806.84,USD,Jackson-Giles,Completed
FIN_0381429,2021-06-05,ACC_00102,Marketing,Purchase,17153.51,INR,"Williams, Herrera and Pearson",Completed
FIN_0480036,2021-02-09,ACC_00344,Sales,Purchase,10138.63,EUR,Dean-Matthews,Completed
FIN_0128272,2024-09-28,ACC_00369,Manufacturing,Operating Expense,15278.08,SEK,"Garza, Ritter and Reese",Completed
FIN_0176993,2021-08-20,ACC_00457,Manufacturing,Operating Expense,40319.06,INR,Warren Ltd,Completed
FIN_0121635,2023-02-16,ACC_00273,Operations,Operating Expense,44489.02,INR,"Green, Scott and Stewart",Completed
FIN_0265432,2022-11-17,ACC_00393,Engineering,Revenue,95609.16,INR,Wright-Romero,Completed
FIN_0259700,2022-07-13,ACC_00131,Supply Chain,Investment,28539.58,INR,"Carlson, Martinez and Lee",Completed
FIN_0284842,2021-02-03,ACC_00193,Supply Chain,Payroll,7756.19,INR,Walker-Palmer,Completed
FIN_0195443,2026-02-23,ACC_00282,Information Technology,Operating Expense,17209.73,EUR,Wood-Williamson,Completed
FIN_0158032,2022-03-15,ACC_00439,Finance,Operating Expense,22947.92,INR,Schneider LLC,Completed
FIN_0449144,2024-10-22,ACC_00075,Marketing,Revenue,85441.82,USD,"Johnson, Thompson and Olsen",Completed
FIN_0195389,2025-05-16,ACC_00479,Information Technology,Revenue,65055.79,EUR,Bennett and Sons,Pending
FIN_0169543,2023-04-10,ACC_00401,Information Technology,Payroll,33625.31,INR,"Knight, Jenkins and Hodge",Completed
FIN_0036597,2021-06-14,ACC_00115,Manufacturing,Revenue,64959.98,SEK,English and Sons,Completed
FIN_0220638,2024-09-16,ACC_00306,Finance,Payroll,10404.31,INR,Hill-Garcia,Completed
FIN_0108607,2024-06-19,ACC_00144,Manufacturing,Operating Expense,30923.4,USD,Campbell Inc,Pending
FIN_0406734,2021-11-26,ACC_00217,Engineering,Operating Expense,3550.1,EUR,Mosley LLC,Completed
FIN_0496195,2021-01-01,ACC_00207,Manufacturing,Revenue,18697.13,SEK,"Rhodes, Lopez and Mcfarland",Failed
FIN_0119055,2024-11-25,ACC_00260,Manufacturing,Revenue,50512.49,USD,Scott Ltd,Completed
FIN_0397760,2024-01-23,ACC_00188,Operations,Operating Expense,34120.11,SEK,Conway-Vincent,Completed
FIN_0280642,2025-09-21,ACC_00215,Information Technology,Purchase,4917.0,USD,Frey PLC,Completed
FIN_0296006,2024-03-31,ACC_00137,Manufacturing,Operating Expense,37801.61,EUR,Daniels Group,Completed
FIN_0469417,2025-08-26,ACC_00277,Finance,Operating Expense,30130.7,SEK,"White, Hernandez and Clark",Completed
FIN_0205099,2023-03-16,ACC_00320,Operations,Revenue,76009.2,INR,Simmons-Patterson,Completed
FIN_0316598,2023-07-04,ACC_00151,Information Technology,Revenue,65226.52,USD,Collins-Wood,Pending
FIN_0373747,2026-06-21,ACC_00246,Information Technology,Investment,49146.49,SEK,Jones-Bennett,Completed
FIN_0072660,2021-03-05,ACC_00430,Supply Chain,Operating Expense,45921.7,SEK,"Jordan, Davis and Henry",Completed
FIN_0362278,2025-08-07,ACC_00323,Human Resources,Payroll,37282.26,EUR,Miller-Johnson,Completed
FIN_0205613,2026-01-20,ACC_00160,Human Resources,Purchase,24473.63,SEK,UNKNOWN,Completed
FIN_0099776,2023-07-25,ACC_00001,Supply Chain,Purchase,8331.9,EUR,"Cobb, Pennington and Thomas",Pending
FIN_0140352,2024-07-10,ACC_00013,Engineering,Revenue,92172.03,USD,"Nunez, Randolph and Black",Completed
FIN_0001106,2025-08-10,ACC_00310,Sales,Purchase,43412.18,SEK,Johnson LLC,Completed
FIN_0262775,2026-01-06,ACC_00103,Marketing,Payroll,26427.02,INR,Black-Mullins,Completed
FIN_0330441,2024-01-08,ACC_00482,Marketing,Payroll,12887.34,USD,"White, Nelson and Erickson",Completed
FIN_0491202,2022-01-31,ACC_00073,Supply Chain,Operating Expense,18021.47,USD,Galvan-Hernandez,Completed
FIN_0425247,2024-10-10,ACC_00419,Human Resources,Revenue,82517.32,SEK,Evans and Sons,Completed
FIN_0248185,2021-10-27,ACC_00194,Operations,Revenue,10192.64,EUR,"Morrison, Nguyen and Green",Completed
FIN_0095207,2026-06-06,ACC_00295,Information Technology,Operating Expense,24836.47,EUR,"Kaufman, Johnson and Evans",Completed
FIN_0448714,2022-03-14,ACC_00077,Manufacturing,Operating Expense,44651.33,EUR,Blevins LLC,Completed
FIN_0226437,2021-08-23,ACC_00238,Marketing,Revenue,61628.44,SEK,Murphy-Smith,Pending
FIN_0369465,2025-12-08,ACC_00064,Manufacturing,Payroll,37433.26,USD,Benjamin-Dunn,Completed
FIN_0285073,2024-03-06,ACC_00147,Supply Chain,Purchase,35580.43,INR,Mccullough Group,Completed
FIN_0413645,2022-03-17,ACC_00038,Engineering,Revenue,26039.33,INR,Petersen-Ramirez,Completed
FIN_0304758,2026-03-08,ACC_00117,Operations,Investment,6296.83,USD,Cooley PLC,Completed
FIN_0288782,2021-01-03,ACC_00066,Sales,Revenue,92410.16,EUR,Curry and Sons,Completed
FIN_0218335,2022-04-06,ACC_00184,Marketing,Payroll,28012.39,SEK,Moore-Lang,Completed
FIN_0184937,2021-12-29,ACC_00045,Finance,Revenue,82858.26,USD,"Brown, Taylor and Allen",Completed
FIN_0241110,2022-01-09,ACC_00023,Engineering,Payroll,36831.57,USD,Green PLC,Completed
FIN_0251216,2025-01-18,ACC_00290,Engineering,Payroll,46465.85,EUR,"Ryan, Newman and Pearson",Completed
FIN_0042620,2021-05-15,ACC_00400,Manufacturing,Payroll,42755.31,INR,Dorsey-Nelson,Completed
FIN_0043222,2023-11-12,ACC_00417,Human Resources,Payroll,19758.17,EUR,James-Robbins,Completed
FIN_0018960,2022-01-29,ACC_00401,Supply Chain,Investment,19635.13,INR,"Rodriguez, Jones and Taylor",Completed
FIN_0231550,2026-06-08,ACC_00011,Finance,Purchase,27751.57,EUR,Cooper Ltd,Completed
FIN_0429399,2026-04-28,ACC_00409,Sales,Payroll,33464.95,SEK,Brooks Ltd,Completed
FIN_0032097,2024-08-26,ACC_00454,Supply Chain,Operating Expense,9845.07,USD,Goodman-Luna,Completed
FIN_0357867,2021-08-24,ACC_00220,Engineering,Revenue,54335.76,USD,Payne Group,Completed
FIN_0058435,2021-12-12,ACC_00407,Marketing,Payroll,24783.57,SEK,Yoder Group,Completed
FIN_0381570,2023-01-27,ACC_00181,Sales,Operating Expense,4527.85,SEK,Smith Group,Completed
FIN_0306353,2024-08-11,ACC_00363,Engineering,Payroll,5457.14,USD,"Bartlett, Thomas and Lutz",Completed
FIN_0054233,2022-04-27,ACC_00281,Finance,Revenue,15676.56,INR,Nguyen-Lopez,Completed
FIN_0047656,2025-05-29,ACC_00217,Human Resources,Purchase,41400.98,INR,"Riggs, Watkins and Peters",Failed
FIN_0246199,2026-01-12,ACC_00500,Engineering,Revenue,49302.76,USD,Johnson and Sons,Completed
FIN_0039582,2023-12-18,ACC_00378,Operations,Operating Expense,39884.34,USD,"Cooper, Collins and Johnson",Completed
FIN_0416029,2024-05-02,ACC_00012,Marketing,Revenue,79079.54,INR,Richardson-Collins,Completed
FIN_0421571,2024-07-30,ACC_00381,Information Technology,Operating Expense,16042.21,SEK,Wagner PLC,Completed
FIN_0025307,2025-03-12,ACC_00212,Finance,Operating Expense,17562.48,EUR,Williams Ltd,Failed
FIN_0076411,2026-06-24,ACC_00465,Supply Chain,Purchase,14384.84,INR,Smith-Mcdonald,Completed
FIN_0111269,2024-02-10,ACC_00156,Operations,Revenue,55245.02,USD,Ferrell-Smith,Completed
FIN_0398095,2023-03-20,ACC_00436,Finance,Purchase,32552.04,INR,Guzman-Ramirez,Completed
FIN_0428529,2025-08-28,ACC_00056,Operations,Payroll,6804.6,SEK,UNKNOWN,Completed
FIN_0288746,2025-03-26,ACC_00483,Information Technology,Payroll,12644.52,INR,"Edwards, Boyle and Hill",Completed
FIN_0311914,2025-08-16,ACC_00282,Operations,Revenue,98032.0,SEK,Francis LLC,Completed
FIN_0241699,2022-10-04,ACC_00366,Manufacturing,Operating Expense,15860.62,EUR,"Blevins, Ford and Perry",Completed
FIN_0263183,2024-06-17,ACC_00222,Supply Chain,Revenue,30803.29,SEK,Werner-Patterson,Completed
FIN_0090623,2025-02-13,ACC_00021,Sales,Purchase,6569.44,USD,Tanner Inc,Completed
FIN_0227393,2023-11-18,ACC_00326,Sales,Operating Expense,20767.79,USD,Mcdaniel and Sons,Completed
FIN_0062911,2025-06-22,ACC_00414,Manufacturing,Payroll,49791.58,USD,Henderson-Carter,Completed
FIN_0204507,2024-06-22,ACC_00010,Manufacturing,Revenue,11237.42,SEK,"Shaw, Strickland and Wells",Completed
FIN_0465946,2025-12-15,ACC_00080,Human Resources,Operating Expense,14260.7,USD,Riley-Farmer,Completed
FIN_0032387,2025-04-24,ACC_00329,Engineering,Operating Expense,31507.22,SEK,"White, Jarvis and Hines",Completed
FIN_0340332,2023-08-21,ACC_00176,Manufacturing,Operating Expense,2700.72,USD,"Meza, Rodriguez and Hodges",Completed
FIN_0492368,2022-04-18,ACC_00081,Supply Chain,Purchase,36292.26,INR,Knox-Garcia,Completed
FIN_0173899,2024-05-13,ACC_00107,Operations,Payroll,18677.19,INR,"Graham, Alexander and Morris",Completed
FIN_0165706,2024-12-16,ACC_00244,Marketing,Revenue,6557.23,USD,"Escobar, Sullivan and Perry",Completed
FIN_0018401,2023-10-17,ACC_00347,Information Technology,Investment,38737.42,INR,Moss-Mata,Completed
FIN_0425971,2025-02-11,ACC_00028,Operations,Revenue,99819.72,SEK,"Johnson, Johnson and Smith",Pending
FIN_0403436,2023-01-30,ACC_00246,Marketing,Revenue,63764.59,SEK,Peters-Thompson,Completed
FIN_0264683,2022-11-27,ACC_00052,Human Resources,Payroll,16719.4,USD,Miller and Sons,Pending
FIN_0223965,2023-04-05,ACC_00339,Supply Chain,Revenue,49502.37,SEK,Martin-Zhang,Completed
FIN_0376197,2023-09-11,ACC_00066,Supply Chain,Purchase,19522.14,USD,Suarez-Spencer,Completed
FIN_0351372,2025-12-27,ACC_00286,Engineering,Payroll,35336.78,USD,"Mccann, Jones and Shaffer",Completed
FIN_0087289,2023-11-11,ACC_00197,Engineering,Investment,9106.13,INR,Castaneda-Lynch,Completed
FIN_0017783,2026-01-12,ACC_00159,Human Resources,Investment,35907.33,SEK,Waller-Anderson,Completed
FIN_0066673,2026-05-26,ACC_00054,Information Technology,Purchase,44342.75,INR,"Middleton, Graham and Stone",Completed
FIN_0204201,2023-04-26,ACC_00076,Manufacturing,Revenue,27279.83,USD,"Harrington, Hernandez and Bond",Completed
FIN_0290296,2022-09-20,ACC_00330,Manufacturing,Payroll,21747.95,USD,Myers PLC,Completed
FIN_0142016,2022-05-20,ACC_00439,Engineering,Revenue,70589.63,USD,"Mason, Lopez and Bowers",Pending
FIN_0396730,2025-09-23,ACC_00133,Sales,Investment,25677.3,EUR,"King, Parker and Guzman",Completed
FIN_0077006,2023-09-23,ACC_00168,Marketing,Operating Expense,21243.01,INR,Warner-Blackburn,Completed
FIN_0356181,2023-10-31,ACC_00077,Information Technology,Revenue,48528.12,SEK,Young and Sons,Completed
FIN_0474303,2021-03-01,ACC_00455,Finance,Operating Expense,2593.98,INR,"Moreno, Villarreal and Palmer",Completed
FIN_0148323,2022-12-17,ACC_00339,Information Technology,Revenue,87261.04,INR,Jackson-Hill,Completed
FIN_0087103,2022-09-19,ACC_00273,Marketing,Revenue,13961.32,INR,Rivera-Curry,Completed
FIN_0084771,2025-12-29,ACC_00348,Finance,Operating Expense,38419.4,INR,Brown-Rojas,Completed
FIN_0422359,2023-12-28,ACC_00105,Sales,Operating Expense,18306.63,EUR,Haynes-Moreno,Completed
FIN_0171926,2026-05-14,ACC_00079,Operations,Revenue,21713.54,SEK,"Ramirez, Brown and Cohen",Completed
FIN_0001323,2025-05-18,ACC_00135,Supply Chain,Revenue,90712.0,USD,Hawkins-Jones,Completed
FIN_0412843,2025-01-25,ACC_00231,Human Resources,Revenue,19264.21,EUR,"Lawson, Maxwell and Montgomery",Completed
FIN_0475758,2021-06-29,ACC_00328,Engineering,Revenue,25816.74,USD,Thomas-Simmons,Completed
FIN_0059690,2026-03-10,ACC_00117,Operations,Payroll,16975.02,SEK,"Villanueva, Jones and Grant",Completed
FIN_0356131,2024-01-17,ACC_00397,Finance,Investment,31441.3,USD,"Mccoy, Marshall and Moss",Completed
FIN_0263904,2022-09-10,ACC_00335,Supply Chain,Operating Expense,46684.58,USD,Leonard Group,Completed
FIN_0448282,2025-10-01,ACC_00482,Human Resources,Payroll,3615.66,USD,"Hudson, Donovan and Scott",Completed
FIN_0234766,2021-02-27,ACC_00230,Sales,Operating Expense,33437.48,INR,"Mitchell, Gill and Reynolds",Failed
FIN_0127544,2024-04-04,ACC_00493,Operations,Purchase,11274.91,EUR,Peterson Group,Completed
FIN_0302092,2023-01-30,ACC_00064,Manufacturing,Purchase,13003.91,INR,Rubio-Sellers,Pending
FIN_0255405,2023-10-25,ACC_00308,Marketing,Purchase,12150.97,USD,"Rivera, Curry and Harris",Completed
FIN_0007892,2021-02-12,ACC_00425,Manufacturing,Revenue,47554.69,USD,"Burns, Williams and Brock",Completed
FIN_0222559,2023-10-04,ACC_00151,Supply Chain,Operating Expense,22704.84,SEK,Hardy Inc,Completed
FIN_0385340,2022-09-24,ACC_00026,Human Resources,Payroll,36919.51,SEK,UNKNOWN,Completed
FIN_0478053,2023-03-13,ACC_00196,Supply Chain,Purchase,31739.67,USD,"Martinez, Davis and Anderson",Completed
FIN_0188057,2023-06-28,ACC_00238,Information Technology,Operating Expense,25983.33,INR,Brown Group,Completed
FIN_0022180,2025-03-13,ACC_00250,Operations,Revenue,40326.08,EUR,"Martin, Lowery and Rodriguez",Completed
FIN_0491816,2024-09-05,ACC_00011,Information Technology,Payroll,10912.05,SEK,Stewart Ltd,Completed
FIN_0185909,2022-04-08,ACC_00040,Manufacturing,Revenue,26022.56,EUR,Mcdaniel Group,Completed
FIN_0039488,2025-02-17,ACC_00180,Sales,Operating Expense,26851.02,EUR,Nelson Ltd,Failed
FIN_0347011,2021-04-18,ACC_00301,Human Resources,Revenue,99096.61,SEK,Wilson-Richardson,Completed
FIN_0399919,2025-07-17,ACC_00431,Sales,Payroll,4700.19,EUR,Campbell-Sharp,Pending
FIN_0314504,2021-05-02,ACC_00041,Sales,Purchase,14870.37,SEK,"Randall, Ramsey and Cain",Completed
FIN_0010374,2022-05-14,ACC_00245,Manufacturing,Payroll,36178.95,SEK,Ruiz Inc,Completed
FIN_0441535,2023-12-07,ACC_00353,Information Technology,Revenue,33150.25,SEK,Lewis Group,Completed
FIN_0485757,2024-03-29,ACC_00460,Supply Chain,Revenue,3189.62,EUR,Rivera Inc,Completed
FIN_0209283,2026-01-07,ACC_00079,Marketing,Revenue,38181.17,INR,Patel Group,Completed
FIN_0431210,2025-09-08,ACC_00179,Manufacturing,Revenue,44824.33,EUR,"Christensen, Ellis and Brooks",Completed
FIN_0052624,2023-07-16,ACC_00201,Sales,Revenue,89050.6,EUR,Sullivan Ltd,Completed
FIN_0102862,2023-12-02,ACC_00210,Manufacturing,Revenue,81542.92,EUR,Walls-Davis,Completed
FIN_0079996,2024-06-02,ACC_00157,Marketing,Payroll,21231.32,SEK,Cooper Ltd,Completed
FIN_0445404,2022-05-03,ACC_00008,Finance,Revenue,93457.84,USD,UNKNOWN,Completed
FIN_0265498,2025-11-10,ACC_00313,Supply Chain,Operating Expense,29501.52,INR,Crosby Group,Completed
FIN_0134811,2021-01-16,ACC_00061,Human Resources,Payroll,18800.78,USD,Brooks PLC,Completed
FIN_0218190,2025-06-28,ACC_00168,Engineering,Operating Expense,45375.67,INR,Johnson-Martin,Completed
FIN_0396672,2024-03-03,ACC_00071,Manufacturing,Purchase,25047.75,SEK,Wagner-Garza,Completed
FIN_0283194,2022-05-30,ACC_00440,Supply Chain,Purchase,22833.7,SEK,Koch-Sharp,Completed
FIN_0411816,2022-11-01,ACC_00115,Human Resources,Revenue,87897.19,USD,Figueroa-Bowman,Completed
FIN_0420784,2024-08-22,ACC_00152,Human Resources,Payroll,9933.22,USD,Jones-Black,Completed
FIN_0054920,2023-10-20,ACC_00011,Supply Chain,Purchase,33553.18,EUR,"Chavez, Frost and Martin",Completed
FIN_0462857,2023-11-28,ACC_00212,Manufacturing,Revenue,1479.68,EUR,Orr and Sons,Completed
FIN_0376703,2021-07-28,ACC_00438,Information Technology,Operating Expense,34999.13,SEK,"Oliver, Thomas and Zamora",Completed
FIN_0270783,2026-02-13,ACC_00266,Engineering,Purchase,12830.55,SEK,Watson and Sons,Completed
FIN_0113622,2024-07-14,ACC_00454,Engineering,Investment,16936.52,EUR,"Schmitt, Chan and Kim",Completed
FIN_0444974,2021-02-07,ACC_00496,Marketing,Revenue,68898.62,USD,"Gilbert, Fernandez and Wallace",Completed
FIN_0183155,2021-03-06,ACC_00320,Marketing,Operating Expense,8693.4,EUR,UNKNOWN,Completed
FIN_0159305,2025-11-01,ACC_00235,Manufacturing,Payroll,43234.82,INR,Fields Ltd,Completed
FIN_0241846,2025-04-22,ACC_00204,Sales,Operating Expense,11236.93,EUR,UNKNOWN,Completed
FIN_0340802,2024-11-18,ACC_00206,Finance,Payroll,20421.59,USD,Montgomery-Ramirez,Completed
FIN_0046604,2021-06-12,ACC_00398,Engineering,Operating Expense,39063.99,INR,Erickson-Humphrey,Completed
FIN_0049118,2024-04-14,ACC_00173,Engineering,Payroll,25678.27,EUR,"Davis, Ramirez and Griffin",Completed
FIN_0159406,2024-08-04,ACC_00204,Marketing,Revenue,86065.23,SEK,Cross-Sherman,Completed
FIN_0012878,2024-04-27,ACC_00267,Human Resources,Payroll,5798.08,SEK,"Chandler, Clay and Alexander",Completed
FIN_0456282,2021-12-21,ACC_00025,Supply Chain,Payroll,3326.04,INR,Mclaughlin-Maynard,Completed
FIN_0029956,2023-11-25,ACC_00460,Information Technology,Revenue,52704.67,SEK,"Pennington, Hayes and Gilbert",Completed
FIN_0396257,2021-04-21,ACC_00398,Human Resources,Purchase,6788.28,USD,"Sanders, Armstrong and Pena",Completed
FIN_0328986,2022-04-02,ACC_00196,Finance,Revenue,26041.46,SEK,Fernandez and Sons,Completed
FIN_0024520,2024-07-09,ACC_00480,Operations,Revenue,2687.32,USD,Garcia-Clements,Completed
FIN_0388451,2022-07-13,ACC_00496,Information Technology,Payroll,34827.96,SEK,Flores-Ramos,Completed
FIN_0222709,2022-05-17,ACC_00346,Marketing,Payroll,45233.29,EUR,Morris-Kelly,Completed
FIN_0247257,2025-07-17,ACC_00389,Supply Chain,Revenue,18884.45,SEK,Edwards PLC,Completed
FIN_0155190,2025-11-20,ACC_00030,Manufacturing,Operating Expense,3101.26,EUR,Williamson-Nicholson,Completed
FIN_0009198,2024-02-02,ACC_00258,Operations,Revenue,47275.79,EUR,"Abbott, Hicks and Buck",Completed
FIN_0472850,2026-05-11,ACC_00371,Finance,Revenue,59418.66,USD,"Rodriguez, Hampton and Knight",Completed
FIN_0315177,2026-05-29,ACC_00199,Human Resources,Payroll,35949.14,SEK,Miller-Peterson,Completed
FIN_0033908,2022-02-13,ACC_00330,Information Technology,Purchase,9845.92,USD,Murphy-Luna,Completed
FIN_0067980,2024-04-10,ACC_00234,Finance,Investment,7634.23,SEK,Porter-Graham,Completed
FIN_0191071,2022-03-02,ACC_00326,Marketing,Operating Expense,43399.8,USD,Logan and Sons,Completed
FIN_0404320,2022-08-26,ACC_00244,Supply Chain,Revenue,51466.15,EUR,"Moore, Phillips and Howard",Completed
FIN_0003629,2022-09-13,ACC_00387,Sales,Purchase,34154.28,EUR,"Holt, Fowler and Jones",Completed
FIN_0474541,2023-11-28,ACC_00452,Manufacturing,Payroll,44806.2,USD,Horn and Sons,Completed
FIN_0267384,2024-04-20,ACC_00378,Finance,Payroll,43841.25,EUR,Romero PLC,Completed
FIN_0134026,2022-04-24,ACC_00393,Marketing,Payroll,31792.25,EUR,Williams-Ross,Completed
FIN_0202465,2024-06-20,ACC_00425,Human Resources,Purchase,12778.44,EUR,Diaz-Hardy,Completed
FIN_0014990,2022-09-16,ACC_00010,Operations,Operating Expense,22293.17,SEK,"Wilson, Welch and Obrien",Completed
FIN_0418365,2025-09-28,ACC_00142,Finance,Purchase,27825.43,USD,"Sullivan, Cowan and Gentry",Completed
FIN_0394174,2023-12-13,ACC_00480,Supply Chain,Purchase,10707.42,INR,"Pruitt, Fletcher and Beck",Pending
FIN_0245452,2024-08-27,ACC_00229,Marketing,Revenue,82141.18,SEK,Marquez Group,Completed
FIN_0178918,2024-07-26,ACC_00191,Engineering,Operating Expense,48655.28,INR,Flores and Sons,Completed
FIN_0029573,2022-07-24,ACC_00178,Marketing,Payroll,25602.17,INR,"Calhoun, Perkins and Rodriguez",Completed
FIN_0141318,2023-06-11,ACC_00277,Human Resources,Payroll,25372.02,EUR,Hickman Ltd,Completed
FIN_0011825,2023-05-08,ACC_00352,Human Resources,Purchase,24576.31,USD,UNKNOWN,Completed
FIN_0457977,2022-09-17,ACC_00400,Marketing,Purchase,37987.36,SEK,Robinson-Mendoza,Completed
FIN_0487110,2021-10-06,ACC_00148,Sales,Revenue,22244.49,INR,Williamson Group,Completed
FIN_0089155,2021-02-11,ACC_00322,Supply Chain,Operating Expense,26678.8,USD,Moreno LLC,Completed
FIN_0456483,2021-04-30,ACC_00408,Operations,Purchase,1367.57,SEK,Villa-Gardner,Completed
FIN_0487124,2023-09-18,ACC_00016,Information Technology,Operating Expense,31430.39,EUR,Nguyen-Wilson,Completed
FIN_0135536,2021-10-13,ACC_00068,Operations,Purchase,36013.86,SEK,Weaver Group,Completed
FIN_0118886,2021-04-13,ACC_00470,Engineering,Operating Expense,31943.37,EUR,"Ruiz, Perez and Davis",Completed
FIN_0429535,2022-11-30,ACC_00043,Supply Chain,Revenue,25400.34,USD,"Krause, Williams and Conner",Completed
FIN_0028008,2021-08-14,ACC_00391,Supply Chain,Purchase,28479.81,EUR,Larson PLC,Completed
FIN_0059377,2024-12-04,ACC_00381,Finance,Investment,15383.82,USD,Serrano and Sons,Completed
FIN_0303734,2026-01-22,ACC_00142,Information Technology,Payroll,44974.63,SEK,Tyler PLC,Completed
FIN_0007821,2025-02-27,ACC_00270,Engineering,Revenue,23756.84,SEK,Parker Ltd,Completed
FIN_0226743,2021-06-30,ACC_00451,Supply Chain,Purchase,22549.32,EUR,"Medina, Lynch and Walton",Completed
FIN_0096265,2021-06-12,ACC_00062,Sales,Revenue,95340.33,EUR,Brown-Smith,Completed
FIN_0281961,2021-08-22,ACC_00323,Operations,Investment,8679.68,EUR,Obrien and Sons,Completed
FIN_0492792,2023-12-28,ACC_00401,Finance,Revenue,1088.3,INR,Patel-Wiggins,Completed
FIN_0246699,2021-04-24,ACC_00098,Sales,Payroll,34344.73,SEK,Luna Inc,Completed
FIN_0202922,2022-06-03,ACC_00148,Human Resources,Revenue,42100.7,USD,Novak-Bartlett,Completed
FIN_0062728,2026-05-02,ACC_00327,Manufacturing,Payroll,42160.0,SEK,Fernandez Ltd,Pending
FIN_0371325,2025-06-08,ACC_00041,Engineering,Payroll,15589.68,USD,"Carter, Diaz and Lewis",Completed
FIN_0228921,2022-10-30,ACC_00309,Engineering,Revenue,35816.67,INR,Preston-Ayers,Completed
FIN_0294438,2023-10-01,ACC_00099,Human Resources,Revenue,35662.22,SEK,"Smith, Phillips and Nielsen",Completed
FIN_0309921,2021-09-06,ACC_00074,Supply Chain,Investment,49181.34,EUR,Hernandez-Moreno,Completed
FIN_0192211,2025-02-28,ACC_00098,Sales,Revenue,66302.97,INR,Ochoa PLC,Completed
FIN_0452874,2021-09-09,ACC_00171,Sales,Revenue,84983.64,EUR,Davis-Kane,Completed
FIN_0272235,2022-07-13,ACC_00221,Operations,Revenue,44000.91,EUR,Castro PLC,Completed
FIN_0158557,2021-02-10,ACC_00185,Operations,Revenue,56912.23,USD,Bridges Inc,Completed
FIN_0438070,2022-11-06,ACC_00288,Manufacturing,Revenue,1087.46,SEK,"Stevens, Jones and Brown",Pending
FIN_0305893,2021-03-10,ACC_00375,Sales,Operating Expense,15240.32,SEK,"Oconnor, Harris and Garcia",Completed
FIN_0447976,2021-03-19,ACC_00276,Human Resources,Revenue,8949.94,USD,Collins-Lewis,Completed
FIN_0420288,2021-05-08,ACC_00136,Information Technology,Payroll,19633.38,SEK,Smith-Brown,Completed
FIN_0020455,2026-03-30,ACC_00252,Human Resources,Revenue,67217.26,USD,Rich-Robinson,Completed
FIN_0206842,2021-10-09,ACC_00366,Finance,Revenue,52066.95,SEK,Vance LLC,Pending
FIN_0328671,2023-05-14,ACC_00251,Supply Chain,Purchase,15017.73,SEK,Floyd-Taylor,Completed
FIN_0230455,2024-01-27,ACC_00244,Sales,Operating Expense,24860.65,INR,Huang-Bailey,Completed
FIN_0138799,2026-01-16,ACC_00089,Supply Chain,Revenue,58300.64,INR,Schultz and Sons,Pending
FIN_0259312,2021-08-01,ACC_00157,Sales,Revenue,22374.25,USD,Stark-Gonzalez,Completed
FIN_0178473,2025-04-20,ACC_00411,Human Resources,Revenue,40790.54,SEK,Williams-Rodriguez,Completed
FIN_0241804,2022-04-25,ACC_00145,Finance,Purchase,23643.33,SEK,Odom Group,Failed
FIN_0457038,2025-12-01,ACC_00432,Human Resources,Operating Expense,2843.32,USD,Harris Inc,Completed
FIN_0129153,2025-11-17,ACC_00206,Marketing,Payroll,46085.94,USD,UNKNOWN,Completed
FIN_0192074,2025-12-10,ACC_00270,Engineering,Purchase,31628.89,EUR,"Hodges, Gomez and Wright",Completed
FIN_0157035,2024-01-06,ACC_00359,Manufacturing,Payroll,22627.95,EUR,Guerra-Conrad,Pending
FIN_0370643,2022-02-18,ACC_00120,Marketing,Purchase,23997.43,EUR,Figueroa-Munoz,Completed
FIN_0248987,2025-12-10,ACC_00102,Supply Chain,Payroll,2459.17,INR,Orozco-Watkins,Completed
FIN_0152767,2023-04-01,ACC_00397,Manufacturing,Operating Expense,8794.26,USD,"Fitzpatrick, Fields and Jimenez",Completed
FIN_0117802,2022-09-20,ACC_00443,Supply Chain,Payroll,27429.23,USD,"Carr, Miller and Vargas",Completed
FIN_0316780,2021-09-21,ACC_00105,Engineering,Revenue,2751.24,USD,"Torres, Whitney and Wilson",Completed
FIN_0103792,2026-02-25,ACC_00486,Engineering,Revenue,4353.18,SEK,Wilkins-Adams,Completed
FIN_0066635,2025-05-31,ACC_00441,Operations,Revenue,41067.46,SEK,Herrera Ltd,Completed
FIN_0499179,2025-03-21,ACC_00195,Finance,Revenue,94365.69,EUR,Richards-Dawson,Completed
FIN_0088673,2026-01-06,ACC_00338,Manufacturing,Revenue,92312.45,EUR,Rivera-Watkins,Completed
FIN_0345780,2025-06-22,ACC_00095,Supply Chain,Investment,18569.86,USD,Rose-Gamble,Completed
FIN_0386982,2024-06-13,ACC_00006,Marketing,Payroll,1800.09,SEK,"King, Cox and Salazar",Completed
FIN_0204087,2026-02-28,ACC_00214,Information Technology,Operating Expense,22598.81,EUR,Bowers-Gomez,Completed
FIN_0116751,2021-01-20,ACC_00494,Finance,Revenue,57005.54,EUR,"Lee, Black and Watson",Pending
FIN_0191159,2024-03-25,ACC_00151,Information Technology,Revenue,16011.14,USD,"Williams, Santos and Larsen",Pending
FIN_0453032,2026-02-23,ACC_00475,Marketing,Revenue,30171.75,SEK,Fernandez PLC,Completed
FIN_0462832,2024-01-20,ACC_00080,Information Technology,Purchase,15830.04,EUR,"Harris, Warren and Robinson",Completed
FIN_0129165,2024-04-17,ACC_00132,Information Technology,Revenue,71973.55,INR,"Miles, Brown and Hernandez",Completed
FIN_0407837,2023-06-27,ACC_00250,Finance,Purchase,18010.62,EUR,King-Wood,Completed
FIN_0116936,2021-05-05,ACC_00305,Supply Chain,Payroll,16820.68,EUR,Moran LLC,Completed
FIN_0021336,2021-06-26,ACC_00406,Human Resources,Revenue,3444.17,INR,"Woodard, Wade and Dominguez",Completed
FIN_0131123,2022-01-25,ACC_00153,Manufacturing,Revenue,33758.8,SEK,"Cervantes, Brown and Owens",Completed
FIN_0065450,2025-11-21,ACC_00282,Operations,Operating Expense,24791.06,EUR,"May, Black and Lucero",Completed
FIN_0381049,2021-09-07,ACC_00467,Engineering,Revenue,66280.64,USD,Gibson PLC,Completed
FIN_0004468,2023-10-30,ACC_00406,Sales,Operating Expense,26996.51,EUR,"Fields, Friedman and Ferguson",Completed
FIN_0115675,2021-03-22,ACC_00137,Sales,Revenue,89412.92,EUR,"Lucas, Sims and Robinson",Completed
FIN_0207469,2021-08-22,ACC_00415,Information Technology,Revenue,77729.7,EUR,"Williams, Ray and Davis",Completed
FIN_0031748,2025-08-18,ACC_00292,Human Resources,Payroll,12904.47,INR,Richardson Group,Completed
FIN_0208281,2024-01-11,ACC_00471,Manufacturing,Operating Expense,10808.28,INR,"Stevens, Montgomery and Moore",Completed
FIN_0046210,2024-07-22,ACC_00196,Sales,Revenue,88480.76,INR,Wilson-Rodriguez,Pending
FIN_0251995,2021-10-07,ACC_00347,Operations,Revenue,62206.15,EUR,Alvarez-Schmidt,Completed
FIN_0105976,2025-09-08,ACC_00467,Information Technology,Operating Expense,31342.7,INR,"Howard, Herrera and Aguirre",Failed
FIN_0347211,2023-08-20,ACC_00231,Supply Chain,Revenue,92077.37,SEK,UNKNOWN,Failed
FIN_0455566,2023-03-20,ACC_00214,Engineering,Operating Expense,14151.09,SEK,Johnson and Sons,Pending
FIN_0169603,2025-03-01,ACC_00159,Information Technology,Payroll,9274.09,SEK,Stewart Inc,Completed
FIN_0266853,2025-08-06,ACC_00461,Engineering,Revenue,37945.39,INR,Carpenter-Deleon,Completed
FIN_0094872,2026-03-22,ACC_00331,Finance,Payroll,37366.88,SEK,Nicholson PLC,Completed
FIN_0150484,2024-04-22,ACC_00131,Human Resources,Payroll,23243.23,EUR,Moore-Robinson,Completed
FIN_0190606,2024-07-17,ACC_00219,Sales,Investment,2412.73,SEK,UNKNOWN,Completed
FIN_0439632,2022-01-16,ACC_00442,Sales,Investment,25181.45,SEK,White-Lambert,Completed
FIN_0072374,2024-06-30,ACC_00366,Finance,Revenue,70890.36,EUR,Young-Joseph,Completed
FIN_0109168,2021-10-12,ACC_00159,Engineering,Revenue,26186.48,USD,Wiggins LLC,Completed
FIN_0460454,2024-12-19,ACC_00463,Engineering,Operating Expense,20229.15,USD,Hancock Ltd,Completed
FIN_0264221,2026-03-19,ACC_00037,Sales,Payroll,45173.57,EUR,Duran-Brown,Completed
FIN_0200497,2026-04-01,ACC_00421,Manufacturing,Investment,45529.52,EUR,Morris-Wu,Completed
FIN_0319135,2023-07-28,ACC_00043,Supply Chain,Revenue,21149.65,EUR,Campos Inc,Pending
FIN_0079602,2021-01-30,ACC_00113,Operations,Purchase,44475.03,SEK,Duncan Ltd,Completed
FIN_0372754,2025-12-15,ACC_00278,Human Resources,Operating Expense,15227.64,USD,"Jones, Whitaker and Nichols",Completed
FIN_0155001,2024-01-08,ACC_00057,Operations,Purchase,22731.39,USD,"Garcia, Ortiz and Jones",Completed
FIN_0233911,2023-01-03,ACC_00040,Marketing,Purchase,5480.83,SEK,Roth Group,Completed
FIN_0276739,2021-07-06,ACC_00395,Supply Chain,Revenue,13281.22,SEK,Nash-Macdonald,Pending
FIN_0439555,2023-05-11,ACC_00401,Sales,Payroll,6634.09,EUR,"Powell, Gonzalez and Mathis",Completed
FIN_0399957,2024-06-12,ACC_00136,Supply Chain,Payroll,21818.08,SEK,Bates-Frost,Completed
FIN_0429280,2024-07-22,ACC_00321,Engineering,Investment,34670.94,INR,"Saunders, Jimenez and Hatfield",Completed
FIN_0094179,2022-09-02,ACC_00248,Marketing,Revenue,61372.37,EUR,UNKNOWN,Completed
FIN_0430930,2025-10-23,ACC_00258,Manufacturing,Operating Expense,27043.15,EUR,Mccullough-Jensen,Completed
FIN_0109721,2023-03-21,ACC_00491,Engineering,Operating Expense,31331.75,SEK,"Arnold, Garcia and Camacho",Completed
FIN_0156788,2022-06-06,ACC_00431,Finance,Investment,47651.08,SEK,Schneider Group,Completed
FIN_0362498,2022-08-10,ACC_00071,Engineering,Purchase,13654.86,USD,Garcia-Martinez,Completed
FIN_0464205,2021-06-25,ACC_00200,Manufacturing,Revenue,17780.41,EUR,Hill LLC,Pending
FIN_0224391,2021-06-20,ACC_00318,Supply Chain,Operating Expense,9108.66,USD,Dean-Rodriguez,Completed
FIN_0019669,2022-08-03,ACC_00100,Manufacturing,Revenue,26040.75,INR,Lara LLC,Completed
FIN_0466074,2023-06-28,ACC_00014,Manufacturing,Revenue,91585.26,INR,"Mooney, Golden and Cline",Completed
FIN_0452943,2024-03-18,ACC_00193,Sales,Operating Expense,36161.39,USD,"Hall, Bradford and Miller",Completed
FIN_0135652,2023-03-07,ACC_00217,Engineering,Revenue,35737.91,USD,"Wong, West and Taylor",Completed
FIN_0173937,2021-02-24,ACC_00213,Engineering,Payroll,21738.1,INR,Wright-Chung,Completed
FIN_0329282,2021-03-24,ACC_00120,Operations,Purchase,22249.41,SEK,Rosario-Kirk,Completed
FIN_0032019,2022-07-13,ACC_00102,Marketing,Operating Expense,46145.07,USD,Rogers-Thomas,Completed
FIN_0210901,2026-02-27,ACC_00483,Information Technology,Purchase,3399.78,USD,Guerrero-Gonzalez,Completed
FIN_0040572,2021-11-06,ACC_00246,Information Technology,Operating Expense,24502.76,INR,Brady-Gonzalez,Completed
FIN_0067303,2025-07-07,ACC_00334,Sales,Purchase,9093.1,INR,"Burton, Norman and Thompson",Completed
FIN_0367479,2024-07-17,ACC_00116,Human Resources,Revenue,90639.17,USD,"Hines, Becker and Rojas",Pending
FIN_0143504,2022-03-28,ACC_00017,Sales,Purchase,41367.1,USD,Harris-Ortiz,Completed
FIN_0165381,2022-01-16,ACC_00271,Sales,Purchase,42422.19,SEK,Rogers-Brown,Completed
FIN_0255775,2023-01-11,ACC_00331,Human Resources,Purchase,23858.22,SEK,Blake-Ingram,Completed
FIN_0126985,2023-08-03,ACC_00321,Human Resources,Purchase,24765.64,INR,"Lee, Taylor and Lee",Pending
FIN_0130551,2022-10-05,ACC_00488,Human Resources,Payroll,12524.34,USD,UNKNOWN,Completed
FIN_0353387,2023-03-25,ACC_00366,Operations,Payroll,46627.01,INR,Wiggins Ltd,Completed
FIN_0095412,2025-10-01,ACC_00120,Information Technology,Payroll,20404.94,INR,"Wright, Williams and Lopez",Completed
FIN_0148717,2021-11-25,ACC_00270,Engineering,Revenue,23485.66,SEK,Martin-Foster,Completed
FIN_0449672,2025-10-10,ACC_00111,Supply Chain,Operating Expense,31936.2,INR,Schultz-Willis,Completed
FIN_0014183,2023-08-12,ACC_00137,Marketing,Payroll,28898.14,EUR,Smith-Tyler,Completed
FIN_0028046,2023-02-05,ACC_00066,Marketing,Operating Expense,32171.05,EUR,"Esparza, Norton and Bell",Completed
FIN_0060781,2025-09-22,ACC_00493,Finance,Payroll,21321.37,SEK,Long-Oneal,Completed
FIN_0073360,2021-12-07,ACC_00343,Finance,Revenue,72944.99,USD,Ross-Harris,Completed
FIN_0099288,2024-01-29,ACC_00186,Human Resources,Payroll,41986.68,EUR,Duffy-Vaughn,Completed
FIN_0338335,2023-09-14,ACC_00427,Finance,Operating Expense,42392.84,EUR,"Mcdaniel, Williams and Goodwin",Completed
FIN_0247884,2025-10-20,ACC_00047,Engineering,Purchase,31004.29,INR,Porter Ltd,Completed
FIN_0189410,2024-05-21,ACC_00069,Finance,Purchase,37667.26,SEK,Lane-Harris,Completed
FIN_0241056,2026-05-21,ACC_00303,Supply Chain,Revenue,94955.24,INR,Ferguson and Sons,Completed
FIN_0193329,2024-05-08,ACC_00279,Operations,Operating Expense,7653.72,SEK,Reid-Hill,Completed
FIN_0445648,2024-09-27,ACC_00383,Manufacturing,Purchase,30727.42,USD,"Clark, Campos and Nguyen",Completed
FIN_0032740,2023-06-04,ACC_00414,Supply Chain,Purchase,9238.01,USD,"Murphy, Diaz and Wilson",Completed
FIN_0018145,2025-10-18,ACC_00001,Finance,Purchase,26158.99,SEK,Thompson-Olsen,Completed
FIN_0376271,2025-01-04,ACC_00218,Marketing,Purchase,23399.24,USD,Duke and Sons,Completed
FIN_0216779,2021-06-11,ACC_00172,Operations,Operating Expense,16745.43,EUR,"Schneider, Brown and Kline",Completed
FIN_0475871,2023-02-09,ACC_00182,Engineering,Revenue,98192.87,SEK,Smith PLC,Failed
FIN_0404981,2025-02-15,ACC_00062,Marketing,Revenue,55675.5,INR,Smith-Alexander,Completed
FIN_0379329,2024-03-20,ACC_00406,Human Resources,Purchase,43480.01,USD,Santos-Owens,Completed
FIN_0006464,2021-07-24,ACC_00183,Operations,Operating Expense,10048.1,USD,Shaw-Curry,Pending
FIN_0135637,2022-05-03,ACC_00313,Supply Chain,Purchase,1116.3,USD,"Turner, Bradley and Simpson",Completed
FIN_0452534,2025-09-04,ACC_00459,Supply Chain,Purchase,3821.61,SEK,Thomas Inc,Completed
FIN_0203869,2024-02-25,ACC_00213,Manufacturing,Operating Expense,40771.45,INR,Cox-Lewis,Completed
FIN_0173595,2021-03-20,ACC_00062,Sales,Revenue,84772.33,USD,"Montes, Reynolds and Trevino",Completed
FIN_0069463,2024-12-22,ACC_00363,Manufacturing,Payroll,37699.65,EUR,UNKNOWN,Completed
FIN_0343983,2026-01-23,ACC_00067,Human Resources,Operating Expense,43244.88,USD,"Rice, Chapman and Lewis",Completed
FIN_0025300,2025-08-04,ACC_00179,Marketing,Revenue,94796.08,EUR,Gilbert-Gibson,Completed
FIN_0188583,2023-05-22,ACC_00163,Engineering,Revenue,49521.34,USD,"Massey, Hanson and Taylor",Completed
FIN_0126537,2023-11-21,ACC_00358,Sales,Purchase,8989.2,SEK,"Oconnor, Davis and Walters",Completed
FIN_0346267,2022-12-21,ACC_00182,Operations,Revenue,61416.35,SEK,Gibson-Gomez,Pending
FIN_0220078,2025-06-24,ACC_00262,Manufacturing,Purchase,39380.18,SEK,"Flores, Smith and Ortega",Completed
FIN_0485229,2024-02-01,ACC_00209,Engineering,Purchase,42523.24,SEK,"Davis, Harper and Mcmahon",Completed
FIN_0012142,2024-07-10,ACC_00243,Finance,Operating Expense,1316.37,USD,Parker Inc,Completed
FIN_0354175,2021-02-13,ACC_00366,Operations,Purchase,8616.09,SEK,Johnson-Burgess,Completed
FIN_0491893,2026-04-14,ACC_00451,Sales,Operating Expense,7229.62,INR,Beasley-Fox,Completed
FIN_0220198,2023-05-02,ACC_00049,Human Resources,Revenue,19320.09,SEK,Brown-Alvarado,Pending
FIN_0418223,2025-05-11,ACC_00256,Sales,Operating Expense,8920.52,EUR,Miller LLC,Completed
FIN_0023426,2025-02-19,ACC_00281,Finance,Purchase,37074.4,USD,Jordan Ltd,Completed
FIN_0357220,2026-02-08,ACC_00274,Information Technology,Payroll,24303.65,INR,"Miller, Stewart and Perry",Completed
FIN_0460632,2022-08-29,ACC_00356,Finance,Operating Expense,34171.54,SEK,"Martin, Baker and Harvey",Completed
FIN_0070895,2024-10-19,ACC_00361,Human Resources,Payroll,17499.0,USD,"May, Edwards and Smith",Completed
FIN_0276666,2025-11-30,ACC_00025,Finance,Revenue,67315.0,INR,Mcguire-Jones,Completed
FIN_0157545,2022-07-02,ACC_00173,Supply Chain,Revenue,97622.94,SEK,UNKNOWN,Pending
FIN_0380091,2021-04-21,ACC_00252,Marketing,Purchase,44648.07,INR,Kaiser and Sons,Completed
FIN_0469180,2024-10-30,ACC_00497,Operations,Operating Expense,31072.41,EUR,Nelson LLC,Pending
FIN_0466556,2021-09-14,ACC_00383,Manufacturing,Payroll,32512.6,INR,"Phillips, Cowan and Harris",Completed
FIN_0313102,2023-11-05,ACC_00355,Sales,Purchase,29122.88,EUR,"Rogers, Decker and Mcintosh",Completed
FIN_0457283,2024-12-02,ACC_00405,Operations,Payroll,27762.43,EUR,Smith-Smith,Completed
FIN_0257700,2021-01-17,ACC_00188,Information Technology,Payroll,21761.37,USD,Newman Inc,Completed
FIN_0295652,2022-08-01,ACC_00077,Engineering,Payroll,21669.79,USD,Thomas Group,Completed
FIN_0419379,2022-03-18,ACC_00483,Sales,Payroll,1058.39,EUR,Gregory Group,Completed
FIN_0448065,2022-02-07,ACC_00270,Manufacturing,Operating Expense,24127.44,SEK,Williams Group,Completed
FIN_0447241,2021-12-30,ACC_00041,Engineering,Purchase,35109.19,SEK,Jones-Gutierrez,Completed
FIN_0034134,2021-05-10,ACC_00314,Supply Chain,Revenue,23865.68,INR,Flores LLC,Completed
FIN_0006457,2021-12-28,ACC_00484,Manufacturing,Operating Expense,4411.53,INR,Hancock and Sons,Completed
FIN_0226932,2024-06-24,ACC_00378,Marketing,Purchase,42265.0,SEK,"King, Wallace and Jefferson",Completed
FIN_0403088,2026-06-05,ACC_00186,Supply Chain,Operating Expense,13402.66,EUR,"Hines, Smith and Howard",Completed
FIN_0331082,2021-01-24,ACC_00047,Information Technology,Purchase,393.0,USD,"Washington, Johnson and Glenn",Completed
FIN_0313151,2024-05-27,ACC_00317,Supply Chain,Purchase,27600.11,EUR,"Barrera, Schultz and Miller",Completed
FIN_0122009,2021-12-11,ACC_00183,Operations,Purchase,10859.6,INR,"Mclaughlin, Sampson and Savage",Completed
FIN_0001646,2025-01-02,ACC_00263,Engineering,Operating Expense,26720.58,USD,"Rojas, Chavez and Johnson",Completed
FIN_0210081,2021-06-22,ACC_00077,Marketing,Payroll,3725.52,EUR,"Rogers, Martinez and Lawrence",Pending
FIN_0228052,2026-03-11,ACC_00039,Engineering,Operating Expense,33563.11,EUR,"Ferrell, Valdez and Michael",Completed
FIN_0225022,2022-12-16,ACC_00101,Marketing,Operating Expense,23967.79,SEK,Mercer-Mcconnell,Pending
FIN_0482718,2023-07-03,ACC_00449,Human Resources,Operating Expense,47696.49,USD,Wilson Ltd,Completed
FIN_0214798,2021-01-19,ACC_00480,Finance,Revenue,24884.36,SEK,"Johnson, Taylor and Scott",Completed
FIN_0297349,2021-07-21,ACC_00032,Human Resources,Operating Expense,9021.09,USD,"Baker, Howard and Jones",Completed
FIN_0015595,2024-05-02,ACC_00087,Finance,Revenue,57990.06,EUR,Hill Ltd,Completed
FIN_0347247,2021-12-27,ACC_00309,Manufacturing,Revenue,33405.4,EUR,Willis Inc,Completed
FIN_0264786,2025-05-11,ACC_00455,Finance,Purchase,31234.84,SEK,"Chambers, Kaiser and Lee",Completed
FIN_0063445,2022-04-04,ACC_00198,Supply Chain,Payroll,3389.0,INR,Cobb and Sons,Completed
FIN_0185153,2021-12-29,ACC_00017,Human Resources,Operating Expense,20459.22,INR,"Thompson, Ross and Wallace",Completed
FIN_0362798,2023-03-25,ACC_00268,Finance,Revenue,50337.44,EUR,Montoya-Elliott,Completed
FIN_0439595,2025-08-01,ACC_00241,Operations,Operating Expense,7358.28,INR,Martinez PLC,Completed
FIN_0320236,2022-06-08,ACC_00064,Human Resources,Revenue,36381.47,INR,Baker-Lopez,Completed
FIN_0097840,2023-07-29,ACC_00014,Marketing,Operating Expense,35627.35,USD,Jones and Sons,Completed
FIN_0207085,2022-12-25,ACC_00248,Information Technology,Investment,18657.15,EUR,Barnes Group,Completed
FIN_0123362,2025-06-18,ACC_00059,Marketing,Payroll,9836.6,SEK,"Davis, Graham and Walsh",Completed
FIN_0330552,2023-09-14,ACC_00468,Supply Chain,Payroll,17362.83,USD,"Jones, Shelton and Hughes",Completed
FIN_0177036,2024-11-24,ACC_00035,Sales,Purchase,26274.29,INR,Miller-Wilson,Completed
FIN_0411181,2023-02-18,ACC_00491,Manufacturing,Operating Expense,37347.97,EUR,"Carpenter, Stevens and Wiggins",Completed
FIN_0095269,2025-02-04,ACC_00162,Engineering,Purchase,41450.18,EUR,Perkins-Gomez,Completed
FIN_0428569,2021-04-11,ACC_00247,Supply Chain,Operating Expense,12401.71,INR,Fernandez Inc,Completed
FIN_0128383,2024-03-02,ACC_00124,Marketing,Operating Expense,49920.12,INR,Johnson and Sons,Completed
FIN_0379779,2023-01-26,ACC_00456,Information Technology,Revenue,44990.78,EUR,UNKNOWN,Completed
FIN_0097087,2024-03-19,ACC_00176,Information Technology,Operating Expense,7458.5,EUR,Higgins-Munoz,Pending
FIN_0424366,2024-11-03,ACC_00055,Marketing,Purchase,3305.82,USD,Harmon LLC,Completed
FIN_0284379,2023-03-31,ACC_00455,Manufacturing,Revenue,75372.73,USD,Frey LLC,Completed
FIN_0454417,2023-11-27,ACC_00442,Finance,Revenue,99973.27,USD,English-Hanson,Completed
FIN_0385999,2025-02-04,ACC_00395,Operations,Revenue,24735.45,SEK,Robinson LLC,Completed
FIN_0138542,2025-01-26,ACC_00120,Sales,Payroll,45301.91,EUR,Cain and Sons,Completed
FIN_0462095,2023-10-14,ACC_00082,Marketing,Payroll,4367.38,EUR,"Lopez, Proctor and Flores",Completed
FIN_0256532,2023-10-06,ACC_00305,Marketing,Revenue,36986.63,SEK,UNKNOWN,Completed
FIN_0178221,2021-12-20,ACC_00289,Supply Chain,Investment,9687.53,EUR,Stokes Inc,Completed
FIN_0212353,2026-04-10,ACC_00330,Human Resources,Revenue,82821.32,EUR,Flores-Kelly,Completed
FIN_0369926,2023-03-26,ACC_00352,Supply Chain,Operating Expense,36921.31,INR,Wilson-Cohen,Completed
FIN_0248299,2021-03-01,ACC_00007,Human Resources,Investment,20893.58,INR,Davis-Lopez,Completed
FIN_0116439,2021-07-24,ACC_00092,Human Resources,Revenue,94356.74,SEK,"Cameron, Simmons and Walker",Completed
FIN_0481291,2025-07-19,ACC_00317,Human Resources,Operating Expense,25504.28,EUR,"Spencer, Alexander and Baker",Completed
FIN_0261687,2023-12-21,ACC_00092,Finance,Revenue,39351.5,EUR,"Davis, Smith and Miller",Failed
FIN_0069642,2021-01-01,ACC_00096,Finance,Purchase,32524.8,SEK,UNKNOWN,Completed
FIN_0051883,2025-01-14,ACC_00006,Sales,Operating Expense,37381.72,INR,Obrien-Jackson,Completed
FIN_0379813,2022-02-19,ACC_00098,Information Technology,Revenue,59743.18,INR,Butler-Vega,Completed
FIN_0176029,2026-01-27,ACC_00277,Operations,Purchase,10397.13,EUR,Brown and Sons,Completed
FIN_0302066,2024-09-18,ACC_00323,Operations,Revenue,46504.36,SEK,Goodman Inc,Completed
FIN_0192637,2021-10-21,ACC_00043,Supply Chain,Payroll,16379.85,SEK,"Foster, Harris and Chang",Completed
FIN_0068418,2022-09-16,ACC_00275,Operations,Revenue,84130.03,EUR,"Webb, Evans and Zimmerman",Completed
FIN_0372769,2021-12-06,ACC_00249,Human Resources,Operating Expense,33748.76,EUR,"Andrade, Marquez and Torres",Completed
FIN_0210465,2022-05-05,ACC_00298,Engineering,Revenue,75378.11,EUR,Bowman and Sons,Completed
FIN_0413641,2023-09-22,ACC_00371,Human Resources,Purchase,31143.6,USD,Vega Ltd,Completed
FIN_0482512,2023-12-20,ACC_00028,Information Technology,Revenue,67555.71,USD,Wilson Ltd,Completed
FIN_0325774,2024-06-12,ACC_00285,Human Resources,Payroll,15083.83,SEK,Cuevas-Miller,Pending
FIN_0302506,2021-05-22,ACC_00300,Marketing,Payroll,24579.27,EUR,Walter-Garner,Completed
FIN_0365506,2022-08-17,ACC_00075,Engineering,Revenue,64175.77,USD,Molina-Rivera,Completed
FIN_0338952,2026-03-13,ACC_00457,Marketing,Operating Expense,41600.95,SEK,Ballard-Rhodes,Completed
FIN_0498562,2023-09-16,ACC_00177,Human Resources,Revenue,48289.04,USD,Porter Inc,Completed
FIN_0144612,2025-10-10,ACC_00258,Supply Chain,Revenue,10171.99,INR,"Newton, Rowe and Walker",Completed
FIN_0304900,2021-12-24,ACC_00028,Marketing,Purchase,16729.99,SEK,"Hancock, Taylor and Robinson",Completed
FIN_0170079,2023-05-25,ACC_00049,Manufacturing,Payroll,17199.03,INR,Padilla Group,Completed
FIN_0342373,2021-07-08,ACC_00151,Supply Chain,Revenue,25006.31,EUR,Bishop Group,Completed
FIN_0240337,2024-11-25,ACC_00256,Manufacturing,Operating Expense,15569.9,SEK,Conrad Ltd,Completed
FIN_0091136,2024-05-29,ACC_00422,Operations,Operating Expense,32990.68,SEK,Bennett and Sons,Completed
FIN_0462057,2024-04-16,ACC_00456,Marketing,Purchase,13121.26,SEK,Williams-Benjamin,Completed
FIN_0333946,2023-08-02,ACC_00202,Manufacturing,Revenue,45097.58,USD,"Graham, Salazar and Guzman",Completed
FIN_0031944,2026-06-21,ACC_00498,Human Resources,Payroll,9726.85,INR,Fisher-Brown,Completed
FIN_0180078,2024-04-19,ACC_00146,Information Technology,Revenue,61966.25,EUR,Riley-Butler,Completed
FIN_0188173,2024-02-20,ACC_00285,Supply Chain,Revenue,75413.33,USD,"Ray, Butler and Rodgers",Completed
FIN_0177639,2024-06-08,ACC_00387,Information Technology,Purchase,20646.63,SEK,"Vaughn, Baker and Moore",Completed
FIN_0294057,2024-12-08,ACC_00203,Information Technology,Payroll,10113.24,USD,"Webb, Hunt and Macdonald",Pending
FIN_0069319,2021-05-27,ACC_00177,Human Resources,Operating Expense,2471.93,INR,Rogers PLC,Completed
FIN_0105644,2022-01-19,ACC_00177,Manufacturing,Operating Expense,8227.74,INR,Page LLC,Completed
FIN_0473006,2025-11-05,ACC_00337,Information Technology,Purchase,3526.4,EUR,Stark-Walker,Completed
FIN_0166076,2024-04-02,ACC_00105,Human Resources,Payroll,12287.19,INR,Evans-Macias,Completed
FIN_0270194,2021-02-02,ACC_00273,Human Resources,Purchase,35208.52,SEK,UNKNOWN,Completed
FIN_0368646,2025-03-23,ACC_00271,Marketing,Payroll,29214.21,EUR,Villa and Sons,Completed
FIN_0424822,2023-12-06,ACC_00314,Information Technology,Purchase,47611.84,EUR,Richards PLC,Completed
FIN_0398655,2022-02-25,ACC_00030,Operations,Purchase,35303.45,USD,Sheppard-Mccall,Completed
FIN_0319498,2024-10-22,ACC_00202,Information Technology,Investment,31002.1,EUR,"Holmes, Anderson and Hernandez",Completed
FIN_0434859,2023-12-31,ACC_00296,Information Technology,Revenue,36904.81,USD,Meyer PLC,Completed
FIN_0146865,2023-07-06,ACC_00401,Supply Chain,Purchase,36519.01,USD,"Kane, Hawkins and Powell",Completed
FIN_0297059,2022-12-14,ACC_00331,Human Resources,Revenue,92786.51,SEK,Gomez-Brooks,Completed
FIN_0129579,2023-05-09,ACC_00443,Information Technology,Operating Expense,34773.15,INR,Alexander-Salinas,Completed
FIN_0131202,2021-04-23,ACC_00016,Marketing,Purchase,10588.83,SEK,"Marks, Guzman and Jenkins",Completed
FIN_0119735,2022-07-04,ACC_00098,Sales,Purchase,44050.34,EUR,Morse PLC,Failed
FIN_0170298,2025-08-13,ACC_00199,Marketing,Operating Expense,25287.47,INR,Davis PLC,Completed
FIN_0024099,2023-12-27,ACC_00057,Marketing,Purchase,33592.94,EUR,Cox and Sons,Completed
FIN_0133745,2025-06-24,ACC_00242,Human Resources,Revenue,66434.18,INR,Powell-Nicholson,Completed
FIN_0289674,2025-09-11,ACC_00281,Engineering,Operating Expense,34035.09,EUR,"Stanley, Gutierrez and George",Completed
FIN_0162582,2024-10-31,ACC_00054,Information Technology,Operating Expense,29659.07,USD,Tucker-Calhoun,Pending
FIN_0099117,2024-09-08,ACC_00091,Information Technology,Operating Expense,22256.09,SEK,Martin Ltd,Completed
FIN_0464014,2022-09-18,ACC_00350,Manufacturing,Operating Expense,20843.03,INR,Monroe PLC,Completed
FIN_0139697,2024-12-30,ACC_00436,Human Resources,Operating Expense,750.02,USD,Leblanc PLC,Failed
FIN_0039106,2025-03-18,ACC_00422,Supply Chain,Revenue,19987.03,INR,Friedman Inc,Completed
FIN_0309867,2023-05-11,ACC_00027,Operations,Investment,9420.3,INR,"Glass, Garcia and Espinoza",Completed
FIN_0474947,2021-06-08,ACC_00343,Finance,Revenue,4133.72,SEK,Parsons LLC,Completed
FIN_0499949,2025-01-31,ACC_00013,Finance,Revenue,12867.0,SEK,Thomas Ltd,Completed
FIN_0218161,2022-08-18,ACC_00390,Marketing,Revenue,84962.83,USD,Davis-Fitzpatrick,Completed
FIN_0418640,2024-07-30,ACC_00109,Engineering,Operating Expense,28081.08,SEK,Barnes Inc,Completed
FIN_0393683,2024-09-07,ACC_00306,Supply Chain,Payroll,28952.23,SEK,Howard and Sons,Completed
FIN_0112289,2021-07-04,ACC_00272,Finance,Purchase,25350.13,USD,"Yang, Cortez and Harris",Completed
FIN_0408408,2025-06-09,ACC_00122,Finance,Revenue,12339.05,SEK,"Harrison, Garcia and Woods",Completed
FIN_0242024,2024-03-18,ACC_00390,Human Resources,Revenue,93015.29,INR,"Lewis, Garrett and Harrell",Failed
FIN_0281303,2021-11-10,ACC_00129,Operations,Operating Expense,28792.45,EUR,"Garrett, Hall and Lee",Pending
FIN_0174059,2022-03-18,ACC_00197,Marketing,Payroll,43652.42,SEK,Parker Inc,Completed
FIN_0325219,2022-09-07,ACC_00496,Sales,Payroll,26911.0,EUR,Garcia-James,Completed
FIN_0254835,2024-01-27,ACC_00072,Operations,Purchase,26350.53,INR,Ward-Nguyen,Completed
FIN_0100538,2022-03-11,ACC_00347,Engineering,Purchase,11195.99,EUR,Smith-Sanders,Completed
FIN_0173739,2025-08-05,ACC_00228,Information Technology,Operating Expense,39183.57,SEK,UNKNOWN,Completed
FIN_0410666,2025-08-10,ACC_00133,Finance,Operating Expense,38213.07,EUR,George PLC,Completed
FIN_0079319,2025-11-18,ACC_00206,Information Technology,Purchase,45618.4,SEK,"Holmes, Hoffman and Harris",Completed
FIN_0379316,2023-07-31,ACC_00455,Manufacturing,Payroll,43631.69,INR,UNKNOWN,Completed
FIN_0311059,2022-03-11,ACC_00054,Manufacturing,Purchase,17580.24,SEK,"Hoffman, Gray and Garcia",Completed
FIN_0475847,2023-09-11,ACC_00057,Human Resources,Revenue,95791.48,USD,Bell PLC,Completed
FIN_0270124,2022-06-01,ACC_00414,Sales,Operating Expense,6110.64,EUR,"Day, George and Evans",Completed
FIN_0074979,2022-06-27,ACC_00287,Supply Chain,Purchase,4005.89,EUR,Brooks-Benjamin,Completed
FIN_0264597,2021-05-10,ACC_00066,Finance,Operating Expense,44499.5,USD,"Jones, Barajas and Dunn",Completed
FIN_0499916,2023-09-07,ACC_00399,Sales,Purchase,22903.42,SEK,Miller Ltd,Completed
FIN_0266233,2022-12-16,ACC_00211,Sales,Purchase,7006.67,EUR,Olson-Medina,Pending
FIN_0051843,2024-10-16,ACC_00155,Supply Chain,Revenue,51634.01,EUR,Cobb Group,Completed
FIN_0379218,2022-08-23,ACC_00070,Engineering,Purchase,28175.26,EUR,Sharp PLC,Completed
FIN_0124551,2022-08-22,ACC_00220,Manufacturing,Investment,33714.02,SEK,Leon-Harris,Completed
FIN_0458513,2021-11-24,ACC_00041,Human Resources,Payroll,37124.31,INR,Cooper and Sons,Completed
FIN_0025759,2026-06-16,ACC_00459,Manufacturing,Purchase,24251.55,EUR,Green-Frey,Completed
FIN_0140087,2022-07-01,ACC_00320,Supply Chain,Revenue,99496.81,EUR,Thomas-Barber,Completed
FIN_0392747,2026-01-09,ACC_00278,Information Technology,Operating Expense,25777.05,SEK,Jones PLC,Completed
FIN_0356975,2021-08-05,ACC_00208,Supply Chain,Revenue,44532.39,EUR,"Smith, Stephens and Morgan",Completed
FIN_0022962,2021-08-02,ACC_00323,Operations,Purchase,9617.74,USD,Bishop-Gonzalez,Completed
FIN_0322539,2021-12-15,ACC_00482,Marketing,Revenue,61816.94,EUR,"Ritter, Harding and Contreras",Completed
FIN_0182648,2023-12-01,ACC_00471,Finance,Operating Expense,18778.51,USD,Landry-Stewart,Completed
FIN_0354796,2023-05-02,ACC_00069,Sales,Investment,9261.99,EUR,UNKNOWN,Completed
FIN_0322949,2024-08-27,ACC_00418,Sales,Revenue,62199.51,EUR,Murphy Group,Completed
FIN_0127918,2026-03-08,ACC_00127,Supply Chain,Operating Expense,38049.13,USD,Rodriguez-Olsen,Completed
FIN_0044132,2022-08-31,ACC_00194,Operations,Payroll,38513.23,SEK,"Smith, Calhoun and Randall",Completed
FIN_0444774,2025-07-07,ACC_00310,Information Technology,Purchase,35541.71,EUR,Browning Group,Completed
FIN_0254133,2026-03-23,ACC_00460,Human Resources,Purchase,30082.72,SEK,Peck-Kelly,Completed
FIN_0393452,2026-01-23,ACC_00190,Human Resources,Purchase,11891.88,INR,Santiago-Edwards,Failed
FIN_0286686,2023-12-17,ACC_00311,Engineering,Revenue,686.62,SEK,"Lewis, Perry and Rodriguez",Completed
FIN_0057413,2023-11-29,ACC_00280,Marketing,Revenue,67539.58,USD,"Flores, Combs and Boyle",Completed
FIN_0356757,2025-08-29,ACC_00456,Information Technology,Payroll,23788.98,INR,"Douglas, Carter and Roberts",Completed
FIN_0092616,2023-08-06,ACC_00029,Sales,Revenue,2009.05,USD,"Brown, Gonzales and Lozano",Completed
FIN_0304274,2023-09-01,ACC_00394,Marketing,Purchase,32776.89,INR,"Marshall, Levine and York",Completed
FIN_0020414,2023-11-08,ACC_00437,Engineering,Purchase,39890.52,USD,"Salas, Wise and Wilson",Completed
FIN_0334350,2025-07-09,ACC_00446,Finance,Operating Expense,34783.86,INR,Moreno-Farmer,Completed
FIN_0130920,2023-05-22,ACC_00202,Supply Chain,Operating Expense,25825.23,SEK,Miller-Hill,Completed
FIN_0348064,2024-05-12,ACC_00404,Finance,Revenue,22685.51,EUR,Martin-Jimenez,Completed
FIN_0367957,2022-01-03,ACC_00431,Marketing,Purchase,4783.86,USD,Underwood Inc,Completed
FIN_0300376,2021-04-29,ACC_00366,Sales,Operating Expense,33597.32,INR,Whitaker-Thompson,Completed
FIN_0358890,2024-11-13,ACC_00254,Human Resources,Purchase,48163.2,INR,Branch Inc,Pending
FIN_0366579,2026-03-29,ACC_00430,Marketing,Operating Expense,44576.01,SEK,Palmer and Sons,Completed
FIN_0286552,2021-05-06,ACC_00477,Operations,Purchase,15999.36,INR,Hale-Turner,Completed
FIN_0023415,2024-04-08,ACC_00298,Manufacturing,Revenue,96101.18,USD,Harris-Price,Completed
FIN_0150606,2021-08-23,ACC_00272,Manufacturing,Revenue,26088.12,USD,Cruz LLC,Completed
FIN_0053276,2022-01-31,ACC_00395,Information Technology,Revenue,46588.93,USD,"Dickson, Jimenez and Smith",Completed
FIN_0274474,2022-11-16,ACC_00065,Supply Chain,Purchase,3270.48,SEK,Franklin-Phelps,Completed
FIN_0157487,2023-05-11,ACC_00380,Finance,Operating Expense,1252.39,USD,"Reeves, Lee and Werner",Completed
FIN_0048478,2026-03-26,ACC_00384,Engineering,Operating Expense,1574.09,USD,Kelly-Nolan,Completed
FIN_0480441,2023-05-13,ACC_00070,Human Resources,Payroll,38798.65,EUR,Dillon Ltd,Completed
FIN_0292103,2023-10-28,ACC_00471,Marketing,Revenue,50531.12,EUR,Branch and Sons,Completed
FIN_0101301,2021-01-30,ACC_00054,Manufacturing,Revenue,43217.15,USD,Kelly Ltd,Completed
FIN_0081353,2026-03-26,ACC_00489,Sales,Purchase,47988.62,SEK,Allen and Sons,Completed
FIN_0366184,2022-04-29,ACC_00324,Operations,Payroll,25674.75,EUR,Ramirez-Burnett,Completed
FIN_0437184,2024-11-14,ACC_00312,Information Technology,Purchase,1177.94,EUR,"Leonard, Martinez and Schultz",Completed
FIN_0088109,2023-12-14,ACC_00212,Human Resources,Revenue,67933.45,EUR,Webb and Sons,Completed
FIN_0358284,2025-06-07,ACC_00209,Marketing,Revenue,44710.01,SEK,UNKNOWN,Completed
FIN_0017210,2023-05-29,ACC_00433,Engineering,Purchase,40297.18,USD,Conner Ltd,Completed
FIN_0150913,2025-08-11,ACC_00238,Supply Chain,Payroll,35079.95,EUR,Sparks and Sons,Completed
FIN_0433982,2025-10-19,ACC_00132,Manufacturing,Revenue,9064.53,EUR,"Webb, Hoffman and Robinson",Completed
FIN_0099656,2022-10-27,ACC_00219,Manufacturing,Purchase,42404.0,USD,Lamb and Sons,Pending
FIN_0463973,2023-03-18,ACC_00203,Manufacturing,Purchase,34044.15,SEK,Erickson PLC,Completed
FIN_0224908,2024-06-13,ACC_00493,Sales,Revenue,27889.49,USD,"Warner, Lowe and Dixon",Completed
FIN_0012862,2024-12-27,ACC_00252,Sales,Operating Expense,1583.96,EUR,UNKNOWN,Completed
FIN_0077366,2025-04-17,ACC_00271,Operations,Operating Expense,41344.94,SEK,"Richardson, Hayes and Ellis",Completed
FIN_0354533,2023-06-03,ACC_00497,Manufacturing,Investment,28181.22,EUR,Jacobs Inc,Completed
FIN_0389329,2023-04-21,ACC_00043,Sales,Purchase,13595.38,USD,"Larsen, Brown and Mccoy",Pending
FIN_0236431,2022-04-09,ACC_00164,Information Technology,Revenue,89396.02,EUR,Lopez-Tucker,Completed
FIN_0452276,2021-08-11,ACC_00344,Engineering,Payroll,26980.76,USD,Carey-Hanson,Completed
FIN_0249681,2023-10-21,ACC_00354,Engineering,Purchase,11846.48,EUR,Hernandez Ltd,Completed
FIN_0403587,2021-04-15,ACC_00436,Engineering,Operating Expense,43972.16,USD,"Crawford, Williams and Ewing",Completed
FIN_0403911,2021-10-16,ACC_00043,Operations,Purchase,14673.66,USD,Anderson and Sons,Completed
FIN_0080758,2022-02-17,ACC_00121,Supply Chain,Payroll,40307.78,INR,Harris-Bridges,Completed
FIN_0445270,2026-06-11,ACC_00037,Sales,Purchase,22283.84,EUR,"Rodriguez, Morris and Wagner",Completed
FIN_0384042,2025-02-22,ACC_00245,Operations,Revenue,91484.03,INR,Ramirez-Rogers,Completed
FIN_0209104,2025-11-05,ACC_00189,Operations,Purchase,20667.37,EUR,"Allen, Long and Holland",Failed
FIN_0485709,2023-01-06,ACC_00191,Supply Chain,Revenue,78400.23,INR,"Gomez, Howell and Robinson",Completed
FIN_0072547,2025-11-09,ACC_00020,Finance,Purchase,9753.53,EUR,Jackson and Sons,Completed
FIN_0029485,2021-09-29,ACC_00215,Sales,Revenue,29515.86,SEK,Ballard-Phillips,Pending
FIN_0351616,2024-06-18,ACC_00136,Human Resources,Revenue,64332.08,USD,Evans Group,Completed
FIN_0001568,2021-01-26,ACC_00095,Manufacturing,Revenue,11462.13,SEK,"Vasquez, Garcia and Kim",Completed
FIN_0449195,2025-05-09,ACC_00074,Engineering,Revenue,80094.12,INR,Hensley Ltd,Completed
FIN_0028158,2021-11-07,ACC_00186,Finance,Revenue,91708.54,EUR,Smith-Andrade,Completed
FIN_0455608,2025-10-18,ACC_00309,Information Technology,Revenue,84202.43,EUR,Reynolds and Sons,Completed
FIN_0210549,2025-12-09,ACC_00097,Information Technology,Payroll,6544.18,EUR,Downs Group,Completed
FIN_0415534,2024-01-08,ACC_00259,Information Technology,Revenue,91629.44,EUR,Johnson Group,Completed
FIN_0424164,2022-05-05,ACC_00432,Operations,Operating Expense,17003.43,USD,Morris-David,Completed
FIN_0398228,2021-03-17,ACC_00340,Sales,Revenue,88003.96,INR,Chapman LLC,Completed
FIN_0463995,2023-01-03,ACC_00383,Manufacturing,Operating Expense,46872.33,SEK,Perkins-Meza,Completed
FIN_0167369,2024-12-24,ACC_00241,Operations,Revenue,70685.18,SEK,Lewis and Sons,Completed
FIN_0195821,2021-10-09,ACC_00185,Sales,Revenue,45750.64,EUR,"Miller, Watts and Villanueva",Pending
FIN_0052357,2024-10-22,ACC_00260,Engineering,Operating Expense,45332.55,EUR,Anderson Group,Completed
FIN_0223601,2026-01-27,ACC_00439,Operations,Purchase,13744.67,INR,"Hooper, Allen and Mitchell",Completed
FIN_0096179,2024-04-15,ACC_00053,Human Resources,Revenue,79357.16,USD,Anderson-Sanders,Pending
FIN_0496622,2022-02-16,ACC_00115,Engineering,Revenue,51905.11,USD,Carr-Anderson,Completed
FIN_0079668,2026-01-24,ACC_00287,Sales,Payroll,6693.29,EUR,"Liu, Montgomery and Hunter",Completed
FIN_0035728,2022-02-09,ACC_00048,Finance,Operating Expense,32803.5,USD,"Gray, Smith and Nichols",Completed
FIN_0102702,2022-07-26,ACC_00302,Sales,Purchase,27175.57,USD,"Rojas, Harper and Kirby",Completed
FIN_0128538,2024-04-05,ACC_00438,Finance,Purchase,32578.3,USD,Hess and Sons,Completed
FIN_0392734,2023-05-15,ACC_00298,Supply Chain,Purchase,28278.15,EUR,"Hull, Potter and Martin",Completed
FIN_0092909,2021-04-27,ACC_00098,Human Resources,Operating Expense,44250.5,INR,"Perez, Thompson and Tyler",Completed
FIN_0196916,2022-08-27,ACC_00354,Engineering,Payroll,30250.85,EUR,Owens-Sims,Failed
FIN_0353527,2024-12-28,ACC_00376,Operations,Purchase,26430.38,SEK,"Williams, Liu and Stewart",Failed
FIN_0206939,2022-12-04,ACC_00394,Supply Chain,Purchase,42149.84,USD,"Stanley, Shaw and Kim",Completed
FIN_0374607,2024-02-10,ACC_00197,Engineering,Purchase,45549.03,INR,"Smith, Ramos and Compton",Completed
FIN_0220168,2022-03-28,ACC_00378,Human Resources,Operating Expense,37720.53,USD,Baldwin-Hunter,Completed
FIN_0126630,2025-08-28,ACC_00041,Operations,Payroll,18243.82,SEK,Bush Ltd,Completed
FIN_0302707,2025-01-30,ACC_00240,Human Resources,Purchase,15086.63,USD,Cross PLC,Completed
FIN_0015563,2022-04-26,ACC_00174,Finance,Revenue,3650.49,SEK,Christensen-Rogers,Pending
FIN_0493084,2021-03-23,ACC_00424,Supply Chain,Investment,3323.93,INR,Rodriguez PLC,Completed
FIN_0427516,2024-01-14,ACC_00374,Operations,Payroll,18875.98,INR,Crane-Cruz,Completed
FIN_0152429,2024-04-03,ACC_00077,Marketing,Payroll,36611.18,INR,"Mccoy, Baird and Cardenas",Completed
FIN_0407540,2021-06-16,ACC_00052,Information Technology,Payroll,16691.02,INR,UNKNOWN,Pending
FIN_0440994,2024-10-19,ACC_00088,Manufacturing,Revenue,30237.83,USD,UNKNOWN,Completed
FIN_0491617,2021-09-08,ACC_00237,Operations,Payroll,12252.68,USD,Weber-Adams,Completed
FIN_0389876,2024-03-11,ACC_00334,Marketing,Purchase,38244.75,USD,Holmes and Sons,Completed
FIN_0016301,2021-05-24,ACC_00295,Operations,Operating Expense,31504.66,INR,Sims-Glenn,Completed
FIN_0438297,2023-05-14,ACC_00015,Manufacturing,Purchase,26882.53,INR,"Martin, Castaneda and Fox",Completed
FIN_0275861,2023-09-10,ACC_00048,Finance,Revenue,69094.74,INR,Campbell-Sullivan,Pending
FIN_0490454,2021-05-05,ACC_00150,Manufacturing,Purchase,6993.65,USD,Long-Rivera,Completed
FIN_0058761,2021-09-30,ACC_00152,Manufacturing,Revenue,11097.28,INR,Harrington-Alvarado,Pending
FIN_0384312,2021-05-15,ACC_00488,Human Resources,Revenue,70858.47,USD,Moore PLC,Pending
FIN_0359953,2022-11-07,ACC_00114,Supply Chain,Payroll,23429.51,EUR,Cruz and Sons,Completed
FIN_0199969,2024-10-21,ACC_00144,Manufacturing,Revenue,67970.3,EUR,UNKNOWN,Completed
FIN_0496290,2026-04-29,ACC_00443,Finance,Operating Expense,42124.75,USD,Smith-Kelley,Completed
FIN_0166815,2025-02-16,ACC_00213,Manufacturing,Revenue,74839.66,INR,Hall Ltd,Completed
FIN_0229577,2025-05-18,ACC_00449,Finance,Investment,36841.84,SEK,"Harrington, Barton and Jones",Completed
FIN_0087826,2023-07-12,ACC_00175,Marketing,Payroll,41776.38,SEK,"Johnson, Kirk and Haynes",Completed
FIN_0428715,2024-02-16,ACC_00470,Marketing,Payroll,40439.94,USD,"Bell, Lee and Moreno",Completed
FIN_0477735,2021-03-31,ACC_00289,Supply Chain,Revenue,16474.17,EUR,Jennings-Flores,Completed
FIN_0274215,2023-09-04,ACC_00002,Supply Chain,Operating Expense,45061.38,EUR,Parker and Sons,Completed
FIN_0298173,2025-01-20,ACC_00322,Engineering,Revenue,43619.6,SEK,Clayton PLC,Completed
FIN_0222688,2023-10-08,ACC_00004,Human Resources,Revenue,26347.84,INR,"Reyes, Chang and Richardson",Completed
FIN_0424352,2024-08-29,ACC_00014,Supply Chain,Purchase,17536.61,EUR,"Carr, Schroeder and Rivera",Completed
FIN_0166138,2021-10-12,ACC_00498,Operations,Purchase,30331.85,SEK,"Richmond, Carlson and Brock",Completed
FIN_0077144,2026-06-16,ACC_00157,Manufacturing,Payroll,49792.15,INR,Goodwin LLC,Completed
FIN_0411995,2023-09-10,ACC_00201,Engineering,Revenue,23374.82,EUR,Williams-Myers,Completed
FIN_0474025,2024-07-24,ACC_00215,Human Resources,Revenue,5123.8,INR,Garcia-Robinson,Completed
FIN_0491811,2021-10-12,ACC_00248,Marketing,Revenue,62987.84,INR,"Moore, Rivera and Baker",Completed
FIN_0127013,2022-01-11,ACC_00078,Marketing,Purchase,39225.02,EUR,"White, Lee and Moore",Completed
FIN_0095805,2026-02-28,ACC_00418,Engineering,Revenue,90652.08,EUR,"Moreno, Holmes and Wilcox",Failed
FIN_0338875,2024-02-06,ACC_00263,Supply Chain,Purchase,12625.46,USD,"Cruz, Gomez and Williams",Completed
FIN_0109630,2024-01-17,ACC_00342,Engineering,Purchase,41234.94,EUR,Robinson LLC,Completed
FIN_0317499,2025-06-16,ACC_00028,Information Technology,Operating Expense,44960.82,INR,Frank and Sons,Pending
FIN_0021593,2021-03-02,ACC_00461,Finance,Payroll,208.18,USD,Stein-Daniels,Completed
FIN_0471837,2023-09-10,ACC_00491,Manufacturing,Revenue,97727.68,INR,"Harris, Wilson and Hernandez",Completed
FIN_0022812,2026-06-28,ACC_00415,Marketing,Revenue,32909.25,EUR,Bailey-Ruiz,Completed
FIN_0435431,2025-03-11,ACC_00237,Information Technology,Payroll,43587.23,SEK,"Martinez, Sanders and Johnson",Failed
FIN_0333354,2023-01-31,ACC_00266,Information Technology,Revenue,89153.73,INR,UNKNOWN,Completed
FIN_0427069,2024-05-31,ACC_00179,Finance,Investment,46830.65,USD,Garcia-Brown,Completed
FIN_0235009,2023-05-04,ACC_00407,Finance,Operating Expense,3762.16,USD,"Campos, Lewis and Foster",Completed
FIN_0010259,2022-10-27,ACC_00073,Supply Chain,Purchase,29135.74,INR,Lee and Sons,Completed
FIN_0288377,2022-09-01,ACC_00127,Human Resources,Investment,13671.74,USD,"Cole, House and Wong",Completed
FIN_0308954,2025-06-16,ACC_00368,Human Resources,Purchase,5944.35,INR,"Gutierrez, Flores and Collins",Completed
FIN_0284346,2023-03-31,ACC_00307,Marketing,Operating Expense,31253.2,INR,"Anderson, Perez and Perkins",Completed
FIN_0007506,2024-02-25,ACC_00274,Engineering,Revenue,24788.51,INR,Vega-Meadows,Completed
FIN_0346401,2021-10-29,ACC_00084,Marketing,Revenue,47890.65,SEK,Ramos Inc,Completed
FIN_0402963,2024-09-02,ACC_00250,Marketing,Revenue,99297.83,EUR,"Garza, Lopez and Hanson",Completed
FIN_0489133,2025-09-02,ACC_00245,Sales,Purchase,44392.24,INR,Moore-Brown,Completed
FIN_0362610,2023-05-03,ACC_00089,Manufacturing,Payroll,39763.76,SEK,Thompson-Miller,Completed
FIN_0024038,2025-08-04,ACC_00406,Sales,Operating Expense,1942.44,EUR,House and Sons,Completed
FIN_0183387,2025-07-21,ACC_00388,Finance,Operating Expense,2900.41,EUR,Thomas Inc,Completed
FIN_0234889,2024-10-17,ACC_00035,Marketing,Operating Expense,19865.79,SEK,UNKNOWN,Completed
FIN_0427315,2024-10-26,ACC_00240,Marketing,Purchase,23185.21,SEK,Warren-Duran,Completed
FIN_0181204,2025-11-21,ACC_00131,Human Resources,Payroll,8723.7,SEK,"Foley, Park and Chang",Completed
FIN_0274729,2023-05-09,ACC_00204,Engineering,Revenue,3030.88,EUR,"Turner, Pacheco and Lane",Completed
FIN_0342047,2025-08-21,ACC_00333,Manufacturing,Payroll,35482.38,INR,"Manning, Stuart and Bridges",Completed
FIN_0254184,2022-07-12,ACC_00251,Information Technology,Revenue,15582.07,USD,Henderson-Powell,Completed
FIN_0327290,2026-01-08,ACC_00027,Information Technology,Purchase,29159.99,USD,"Clay, Marshall and Moore",Completed
FIN_0444681,2021-01-04,ACC_00245,Information Technology,Investment,23809.37,USD,Aguilar and Sons,Pending
FIN_0291578,2024-02-10,ACC_00457,Supply Chain,Payroll,36517.72,EUR,"Ware, Gardner and Bolton",Completed
FIN_0356854,2025-12-30,ACC_00255,Engineering,Operating Expense,44478.72,USD,Luna-Garcia,Completed
FIN_0458206,2023-03-25,ACC_00029,Finance,Revenue,85644.52,EUR,Chavez-Faulkner,Completed
FIN_0013232,2025-07-07,ACC_00044,Manufacturing,Purchase,27581.34,SEK,"Farmer, Morgan and Oliver",Completed
FIN_0309984,2022-01-26,ACC_00017,Marketing,Purchase,41174.95,USD,Franklin Ltd,Completed
FIN_0220378,2026-06-08,ACC_00399,Finance,Purchase,41575.43,USD,"Ward, Chan and Wells",Completed
FIN_0339166,2022-05-20,ACC_00284,Engineering,Revenue,97943.55,USD,"White, Diaz and Lewis",Completed
FIN_0473449,2024-11-20,ACC_00323,Marketing,Purchase,42632.1,USD,Webster-Bennett,Completed
FIN_0428654,2022-05-07,ACC_00381,Sales,Purchase,19690.28,INR,Smith Group,Completed
FIN_0400439,2022-01-27,ACC_00026,Supply Chain,Payroll,15337.33,INR,"Terry, Monroe and Boyer",Completed
FIN_0359393,2026-03-12,ACC_00278,Information Technology,Revenue,21538.46,SEK,"Myers, Carter and Harris",Completed
FIN_0219029,2023-05-05,ACC_00301,Manufacturing,Revenue,77315.56,EUR,"Bell, Jackson and Rivers",Completed
FIN_0333532,2022-08-26,ACC_00369,Manufacturing,Purchase,38975.27,INR,"Doyle, Yu and Taylor",Completed
FIN_0223432,2024-08-03,ACC_00382,Finance,Revenue,55056.84,USD,Avila PLC,Completed
FIN_0024296,2022-05-24,ACC_00289,Engineering,Revenue,33370.64,INR,Combs-Rocha,Completed
FIN_0176926,2023-11-22,ACC_00499,Marketing,Purchase,2172.12,INR,"Powers, Jones and Bridges",Completed
FIN_0135732,2021-01-21,ACC_00245,Engineering,Revenue,28248.82,USD,Gregory and Sons,Completed
FIN_0391734,2021-10-16,ACC_00406,Operations,Payroll,49099.39,SEK,Newton Ltd,Pending
FIN_0368952,2023-08-05,ACC_00131,Marketing,Revenue,78598.48,EUR,UNKNOWN,Completed
FIN_0213963,2024-01-14,ACC_00398,Finance,Revenue,27036.08,EUR,"Woods, Richardson and Swanson",Completed
FIN_0229624,2023-10-07,ACC_00425,Operations,Purchase,34052.25,EUR,Kim-Thomas,Completed
FIN_0299947,2023-09-14,ACC_00421,Manufacturing,Purchase,29592.88,EUR,Taylor Group,Pending
FIN_0289866,2025-07-06,ACC_00440,Human Resources,Revenue,62257.67,INR,Holt Ltd,Completed
FIN_0259409,2021-01-02,ACC_00064,Human Resources,Revenue,4115.1,USD,UNKNOWN,Completed
FIN_0444104,2022-02-03,ACC_00078,Engineering,Operating Expense,8407.97,EUR,Young-Copeland,Completed
FIN_0251054,2021-06-05,ACC_00382,Operations,Purchase,45061.59,USD,House Group,Pending
FIN_0052247,2022-02-25,ACC_00163,Operations,Investment,23102.97,EUR,"Brooks, Ryan and Phillips",Completed
FIN_0292542,2021-06-27,ACC_00008,Engineering,Revenue,99700.37,INR,Moore PLC,Completed
FIN_0454928,2025-11-13,ACC_00218,Sales,Revenue,6671.39,EUR,UNKNOWN,Completed
FIN_0168297,2021-12-28,ACC_00497,Supply Chain,Operating Expense,11827.86,INR,Andrews-Rojas,Completed
FIN_0026291,2023-12-21,ACC_00323,Marketing,Payroll,20645.61,USD,"Tapia, Serrano and White",Completed
FIN_0496524,2024-01-01,ACC_00042,Finance,Revenue,50575.84,USD,Cortez and Sons,Completed
FIN_0386953,2023-07-11,ACC_00368,Supply Chain,Payroll,1809.06,USD,"Arnold, Gibbs and Ramirez",Completed
FIN_0314391,2024-04-12,ACC_00263,Finance,Revenue,54845.49,INR,"Myers, Perez and Tran",Completed
FIN_0083790,2026-03-04,ACC_00333,Information Technology,Investment,24019.87,INR,UNKNOWN,Completed
FIN_0337768,2025-01-04,ACC_00094,Sales,Investment,47648.29,INR,Gonzalez-Williams,Completed
FIN_0070414,2024-04-13,ACC_00355,Sales,Revenue,84979.9,EUR,Walker-Valenzuela,Completed
FIN_0102465,2022-12-25,ACC_00377,Manufacturing,Revenue,74369.35,USD,"Smith, Baxter and Johnston",Completed
FIN_0068881,2023-08-16,ACC_00089,Supply Chain,Operating Expense,45271.72,INR,UNKNOWN,Completed
FIN_0414622,2025-02-06,ACC_00262,Finance,Revenue,41777.4,EUR,Wall-Harris,Completed
FIN_0406832,2026-06-18,ACC_00288,Operations,Revenue,18739.16,SEK,Reed Ltd,Completed
FIN_0264507,2024-07-14,ACC_00233,Manufacturing,Purchase,33368.68,USD,Sandoval Ltd,Completed
FIN_0022720,2023-11-14,ACC_00015,Human Resources,Revenue,29160.74,USD,Copeland Group,Completed
FIN_0191011,2024-06-03,ACC_00068,Operations,Operating Expense,43427.67,USD,"Navarro, Mayer and Barnes",Completed
FIN_0331182,2026-01-10,ACC_00452,Finance,Revenue,94374.3,USD,"Ochoa, Wright and Daniel",Completed
FIN_0321291,2021-10-27,ACC_00389,Sales,Operating Expense,38313.3,SEK,Smith-Snow,Completed
FIN_0249628,2024-04-01,ACC_00239,Information Technology,Purchase,24393.33,SEK,Alexander-Smith,Pending
FIN_0000540,2024-08-30,ACC_00359,Manufacturing,Revenue,50107.79,SEK,"Durham, Hopkins and Smith",Completed
FIN_0438054,2021-12-13,ACC_00435,Finance,Operating Expense,47419.41,INR,Hall-Rose,Pending
FIN_0346348,2024-03-11,ACC_00064,Engineering,Investment,15498.58,INR,Sutton PLC,Completed
FIN_0122285,2022-05-13,ACC_00459,Finance,Revenue,33852.52,EUR,Young Group,Completed
FIN_0300350,2024-07-29,ACC_00395,Human Resources,Purchase,45832.48,USD,Hunter-Hickman,Completed
FIN_0128908,2022-04-23,ACC_00168,Human Resources,Purchase,18220.94,INR,"Chambers, Chambers and Wilson",Completed
FIN_0229365,2022-01-22,ACC_00224,Engineering,Revenue,8035.37,USD,Turner-Howard,Completed
FIN_0307770,2026-02-05,ACC_00049,Operations,Operating Expense,41733.78,EUR,Clark and Sons,Completed
FIN_0255008,2025-05-12,ACC_00471,Supply Chain,Operating Expense,24081.99,SEK,French LLC,Completed
FIN_0471333,2021-06-05,ACC_00412,Finance,Purchase,45101.69,EUR,"Moore, Miller and Scott",Failed
FIN_0230131,2024-12-19,ACC_00238,Engineering,Payroll,34944.03,USD,"Thompson, Brock and Harmon",Pending
FIN_0142200,2022-06-01,ACC_00382,Sales,Operating Expense,10100.04,INR,"Wilson, Lee and Martin",Completed
FIN_0333967,2023-02-18,ACC_00257,Information Technology,Purchase,47229.38,SEK,Hernandez PLC,Completed
FIN_0252900,2021-03-31,ACC_00009,Human Resources,Revenue,62197.4,EUR,Williams Inc,Completed
FIN_0058748,2025-09-01,ACC_00070,Supply Chain,Revenue,54179.03,INR,Wilson-Edwards,Completed
FIN_0223813,2025-02-15,ACC_00167,Sales,Purchase,16855.6,SEK,Patterson Inc,Completed
FIN_0147758,2022-12-02,ACC_00166,Engineering,Payroll,18398.77,SEK,"Morgan, Sanders and Downs",Completed
FIN_0125513,2024-10-19,ACC_00019,Sales,Revenue,34516.39,EUR,"Hill, Singh and Lewis",Completed
FIN_0097023,2023-10-02,ACC_00027,Sales,Purchase,26678.97,SEK,Ayers-Waters,Completed
FIN_0241727,2024-05-09,ACC_00264,Marketing,Revenue,61794.65,USD,Gray-Benson,Completed
FIN_0128887,2025-10-04,ACC_00173,Manufacturing,Revenue,4767.72,EUR,Roth LLC,Completed
FIN_0191533,2021-07-31,ACC_00244,Human Resources,Operating Expense,26976.48,INR,Zhang-Hunt,Completed
FIN_0237162,2026-05-31,ACC_00129,Marketing,Revenue,83517.79,SEK,Pena Ltd,Completed
FIN_0227922,2025-02-21,ACC_00304,Finance,Payroll,18236.66,INR,Wright-Newton,Completed
FIN_0079100,2026-06-16,ACC_00246,Manufacturing,Payroll,20838.88,INR,Sullivan-Morales,Completed
FIN_0221598,2025-11-20,ACC_00412,Manufacturing,Operating Expense,24271.97,USD,Hoffman-Jennings,Failed
FIN_0246651,2025-03-10,ACC_00328,Supply Chain,Revenue,55234.45,SEK,"Brown, Lin and Lang",Completed
FIN_0254784,2022-11-14,ACC_00269,Operations,Payroll,16381.42,INR,UNKNOWN,Completed
FIN_0232705,2025-05-20,ACC_00076,Finance,Revenue,4484.09,INR,Gibson-Figueroa,Completed
FIN_0352867,2021-01-05,ACC_00431,Marketing,Payroll,9546.48,USD,"Marks, Mercer and Saunders",Completed
FIN_0171256,2021-09-07,ACC_00359,Manufacturing,Purchase,35081.54,EUR,Murray Group,Completed
FIN_0285304,2024-01-08,ACC_00080,Engineering,Payroll,45794.05,USD,"Harper, Wright and Johnson",Completed
FIN_0331878,2024-06-11,ACC_00186,Human Resources,Purchase,26225.23,SEK,UNKNOWN,Pending
FIN_0165505,2025-10-25,ACC_00175,Sales,Payroll,27936.6,EUR,"Vazquez, Willis and Lewis",Completed
FIN_0357162,2024-11-10,ACC_00308,Engineering,Revenue,837.57,USD,Oliver and Sons,Completed
FIN_0417347,2023-03-23,ACC_00266,Information Technology,Purchase,35253.83,SEK,Frost-Cooper,Completed
FIN_0417230,2023-11-21,ACC_00106,Sales,Operating Expense,7069.06,USD,"Glover, Kennedy and Cervantes",Completed
FIN_0336759,2024-08-23,ACC_00113,Marketing,Purchase,20425.94,USD,"Campbell, Armstrong and Guzman",Completed
FIN_0038564,2026-05-16,ACC_00262,Finance,Payroll,43920.28,EUR,Turner-Sheppard,Pending
FIN_0261960,2021-12-02,ACC_00059,Engineering,Payroll,6567.95,USD,Harris Inc,Failed
FIN_0412262,2023-03-13,ACC_00028,Marketing,Purchase,33373.68,USD,"Roberts, Rivera and Molina",Failed
FIN_0455530,2023-11-05,ACC_00397,Finance,Purchase,41039.46,EUR,Pena-Kramer,Pending
FIN_0239139,2022-01-28,ACC_00299,Sales,Purchase,18932.4,INR,UNKNOWN,Completed
FIN_0218065,2026-05-17,ACC_00433,Manufacturing,Revenue,57875.69,EUR,Lang Inc,Completed
FIN_0137516,2022-08-23,ACC_00039,Sales,Payroll,33241.77,EUR,"Robinson, Hall and Nelson",Completed
FIN_0052181,2025-10-09,ACC_00345,Supply Chain,Operating Expense,17210.16,SEK,"Collins, Estrada and Hines",Completed
FIN_0421717,2021-11-20,ACC_00057,Information Technology,Revenue,44180.27,INR,Brown-Carter,Failed
FIN_0276102,2023-11-15,ACC_00380,Finance,Revenue,67072.06,INR,Young-Cummings,Completed
FIN_0138637,2023-05-16,ACC_00381,Information Technology,Revenue,20918.01,INR,Steele-Smith,Pending
FIN_0382325,2022-07-21,ACC_00391,Information Technology,Payroll,36276.69,SEK,Martin PLC,Completed
FIN_0164403,2021-09-17,ACC_00411,Finance,Operating Expense,26009.28,EUR,Romero Inc,Completed
FIN_0079540,2021-08-18,ACC_00222,Human Resources,Operating Expense,45229.08,SEK,Wilson-Weaver,Completed
FIN_0238298,2021-09-07,ACC_00342,Supply Chain,Revenue,67497.98,USD,Gonzalez and Sons,Completed
FIN_0465644,2021-09-08,ACC_00319,Engineering,Payroll,35182.19,INR,"Jordan, Mcdonald and Bailey",Completed
FIN_0209244,2025-08-10,ACC_00427,Supply Chain,Purchase,39169.04,USD,Finley and Sons,Completed
FIN_0073450,2021-04-03,ACC_00438,Finance,Purchase,963.75,INR,Conway-Hunter,Completed
FIN_0253373,2025-03-09,ACC_00131,Operations,Operating Expense,25788.6,SEK,Owens-Murphy,Completed
FIN_0222776,2025-08-13,ACC_00456,Sales,Operating Expense,30617.6,EUR,Ortiz LLC,Failed
FIN_0488535,2026-05-24,ACC_00358,Information Technology,Operating Expense,30901.27,SEK,"Buck, Williams and Haynes",Completed
FIN_0189360,2023-05-14,ACC_00468,Information Technology,Payroll,10692.0,SEK,"Davis, Golden and Wong",Completed
FIN_0444942,2021-06-19,ACC_00480,Supply Chain,Purchase,8833.79,USD,"Howard, Murphy and Hendrix",Completed
FIN_0455663,2025-05-02,ACC_00496,Finance,Investment,46693.07,SEK,Morgan-Stewart,Completed
FIN_0034514,2025-02-23,ACC_00204,Information Technology,Purchase,8147.43,INR,Bishop PLC,Completed
FIN_0261363,2023-08-02,ACC_00054,Engineering,Purchase,34701.59,USD,UNKNOWN,Pending
FIN_0000579,2025-07-11,ACC_00094,Finance,Payroll,4627.01,SEK,"Mccann, Taylor and Flores",Pending
FIN_0303309,2026-04-09,ACC_00363,Finance,Purchase,44022.09,SEK,Hogan-Maldonado,Completed
FIN_0361666,2025-07-08,ACC_00318,Operations,Operating Expense,36416.82,INR,Odonnell-Rhodes,Completed
FIN_0386041,2022-06-04,ACC_00439,Operations,Revenue,24083.67,SEK,Gomez PLC,Completed
FIN_0175090,2024-03-04,ACC_00234,Information Technology,Investment,20977.58,SEK,Donovan LLC,Completed
FIN_0247003,2024-09-11,ACC_00106,Sales,Purchase,33567.1,INR,Mullins Group,Completed
FIN_0105376,2025-11-26,ACC_00250,Marketing,Purchase,36170.01,SEK,Spence LLC,Completed
FIN_0334101,2024-04-12,ACC_00417,Sales,Investment,49367.15,SEK,UNKNOWN,Pending
FIN_0067386,2025-08-29,ACC_00223,Sales,Revenue,23524.92,EUR,"Cruz, Ortiz and Roberson",Completed
FIN_0241371,2025-05-16,ACC_00094,Human Resources,Revenue,41043.83,EUR,"Baldwin, Mayo and Perez",Completed
FIN_0016851,2022-02-04,ACC_00279,Engineering,Operating Expense,47158.89,USD,Aguilar Ltd,Completed
FIN_0308399,2025-10-30,ACC_00475,Sales,Purchase,26518.16,INR,Davis LLC,Completed
FIN_0170167,2022-05-30,ACC_00313,Manufacturing,Revenue,44018.89,INR,Davis and Sons,Completed
FIN_0367652,2023-05-23,ACC_00220,Manufacturing,Revenue,65067.03,INR,UNKNOWN,Completed
FIN_0287472,2023-06-29,ACC_00266,Operations,Purchase,43028.04,SEK,UNKNOWN,Completed
FIN_0295424,2021-09-01,ACC_00144,Manufacturing,Purchase,41670.43,SEK,Brown LLC,Completed
FIN_0150461,2024-04-11,ACC_00181,Supply Chain,Payroll,23724.89,EUR,Black-Griffith,Completed
FIN_0163401,2025-05-17,ACC_00203,Information Technology,Operating Expense,6431.68,EUR,Jones Group,Completed
FIN_0462779,2025-03-26,ACC_00286,Supply Chain,Operating Expense,20193.5,EUR,"Ramirez, Gardner and Morrison",Completed
FIN_0182762,2022-12-15,ACC_00476,Manufacturing,Payroll,28282.37,USD,Meyer LLC,Completed
FIN_0162240,2022-06-08,ACC_00470,Information Technology,Purchase,6962.04,SEK,Price-Hill,Completed
FIN_0227218,2024-12-30,ACC_00476,Finance,Operating Expense,33414.62,EUR,Lopez-Copeland,Completed
FIN_0203720,2021-03-05,ACC_00477,Information Technology,Investment,41289.68,EUR,"Shannon, Jones and Simon",Completed
FIN_0299840,2021-01-18,ACC_00221,Finance,Revenue,70861.29,USD,"Bailey, Mayer and Buck",Completed
FIN_0102495,2023-12-11,ACC_00035,Finance,Revenue,37396.02,INR,"Bell, Dean and Anderson",Completed
FIN_0329262,2025-03-02,ACC_00134,Marketing,Operating Expense,26078.64,INR,Smith PLC,Completed
FIN_0226948,2025-05-27,ACC_00016,Manufacturing,Payroll,25442.29,INR,Jackson Group,Completed
FIN_0280762,2025-07-24,ACC_00269,Information Technology,Revenue,44083.01,USD,Fleming Group,Completed
FIN_0337866,2021-12-11,ACC_00004,Marketing,Revenue,15958.1,USD,Adams-Glass,Completed
FIN_0089840,2025-07-04,ACC_00103,Information Technology,Revenue,78889.12,USD,Ford-Mack,Completed
FIN_0328345,2024-03-11,ACC_00018,Finance,Revenue,13395.49,SEK,Watson and Sons,Completed
FIN_0236120,2021-10-24,ACC_00050,Engineering,Purchase,5467.99,USD,Trujillo-Carter,Completed
FIN_0127331,2023-08-11,ACC_00238,Operations,Payroll,41778.71,EUR,Flores PLC,Completed
FIN_0068180,2024-04-30,ACC_00486,Operations,Purchase,28818.73,SEK,Beasley-Glass,Completed
FIN_0004698,2022-09-30,ACC_00047,Sales,Payroll,44081.41,INR,"Haynes, Morales and Graham",Completed
FIN_0246273,2022-04-14,ACC_00039,Manufacturing,Purchase,37034.46,EUR,UNKNOWN,Completed
FIN_0431692,2021-04-09,ACC_00165,Marketing,Payroll,45835.82,SEK,Mcdonald Group,Completed
FIN_0438571,2021-02-27,ACC_00321,Operations,Purchase,19170.32,INR,Wiley Group,Completed
FIN_0093113,2024-05-17,ACC_00183,Supply Chain,Revenue,56190.02,EUR,"Mccullough, Clark and Patel",Completed
FIN_0345598,2021-02-26,ACC_00213,Manufacturing,Payroll,47343.17,EUR,Carson-Phillips,Completed
FIN_0160225,2025-12-29,ACC_00472,Supply Chain,Purchase,25531.63,INR,"Stephenson, Payne and Garcia",Completed
FIN_0183440,2023-05-27,ACC_00286,Supply Chain,Purchase,33503.76,USD,"Moore, Torres and Myers",Completed
FIN_0113949,2021-03-21,ACC_00439,Engineering,Revenue,64895.56,SEK,"Thornton, Ferguson and Lyons",Completed
FIN_0104508,2026-04-07,ACC_00261,Marketing,Operating Expense,27154.84,INR,"Martin, Roberts and Kelly",Completed
FIN_0396000,2022-05-28,ACC_00228,Marketing,Operating Expense,36366.37,USD,Ramirez-Trevino,Completed
FIN_0241860,2022-05-27,ACC_00052,Human Resources,Revenue,68359.02,SEK,Young-Barnes,Completed
FIN_0305086,2021-03-26,ACC_00331,Finance,Operating Expense,30408.91,SEK,"Carroll, Jordan and Turner",Completed
FIN_0491574,2021-08-23,ACC_00049,Engineering,Purchase,18499.77,USD,Barnes-Contreras,Completed
FIN_0042916,2023-04-17,ACC_00418,Supply Chain,Revenue,86583.71,INR,"Rivas, Carey and Herrera",Completed
FIN_0122948,2022-03-23,ACC_00403,Manufacturing,Operating Expense,39880.39,USD,"Collins, Mills and Castillo",Completed
FIN_0357456,2022-06-18,ACC_00124,Supply Chain,Revenue,58396.1,USD,Hughes Inc,Completed
FIN_0051083,2021-04-09,ACC_00500,Sales,Payroll,10405.27,USD,Kennedy-Patterson,Completed
FIN_0108796,2021-05-24,ACC_00087,Manufacturing,Revenue,75756.37,INR,Morrow-Taylor,Completed
FIN_0265704,2022-07-08,ACC_00064,Human Resources,Revenue,73943.45,SEK,Soto-Scott,Completed
FIN_0423161,2025-02-12,ACC_00359,Marketing,Purchase,7286.41,USD,Davis-Martin,Completed
FIN_0218664,2024-06-12,ACC_00255,Information Technology,Purchase,35186.03,INR,Sims Ltd,Completed
FIN_0040951,2025-06-01,ACC_00386,Manufacturing,Operating Expense,21963.66,INR,Griffith Inc,Completed
FIN_0444547,2022-09-11,ACC_00066,Sales,Operating Expense,34892.3,INR,Jacobs Inc,Completed
FIN_0013144,2023-11-11,ACC_00421,Information Technology,Revenue,87950.89,INR,Meza Group,Completed
FIN_0440349,2022-08-08,ACC_00092,Marketing,Revenue,48490.84,INR,"Stewart, Lee and Mcconnell",Completed
FIN_0213940,2022-11-22,ACC_00202,Sales,Purchase,32111.96,USD,Taylor-Stone,Completed
FIN_0160902,2026-04-13,ACC_00325,Manufacturing,Operating Expense,13528.33,EUR,"Hunter, Burke and Johnson",Completed
FIN_0085804,2025-06-20,ACC_00357,Manufacturing,Payroll,43216.62,SEK,Marsh Inc,Completed
FIN_0303625,2025-02-03,ACC_00026,Sales,Revenue,67317.36,USD,Gray LLC,Completed
FIN_0115495,2021-04-05,ACC_00387,Marketing,Payroll,2040.41,USD,Ortiz and Sons,Completed
FIN_0351688,2023-06-15,ACC_00135,Engineering,Revenue,85704.74,SEK,UNKNOWN,Completed
FIN_0320252,2025-03-17,ACC_00279,Operations,Payroll,4509.94,SEK,Burke PLC,Completed
FIN_0070757,2022-04-19,ACC_00119,Manufacturing,Purchase,30974.51,INR,Collier-White,Completed
FIN_0252043,2023-08-17,ACC_00245,Engineering,Purchase,20375.01,USD,Thompson Ltd,Completed
FIN_0386991,2026-05-02,ACC_00031,Human Resources,Payroll,47898.11,SEK,Stewart-Donovan,Completed
FIN_0459700,2026-05-16,ACC_00148,Operations,Purchase,47786.93,EUR,Morrison Inc,Completed
FIN_0351027,2026-02-23,ACC_00079,Operations,Purchase,15089.94,EUR,"Williams, Rivera and Garrett",Completed
FIN_0292234,2024-05-28,ACC_00447,Engineering,Revenue,21403.7,SEK,Thomas Ltd,Completed
FIN_0345580,2021-06-12,ACC_00246,Supply Chain,Operating Expense,32721.19,SEK,"Williams, Perry and Cummings",Completed
FIN_0335350,2021-06-15,ACC_00364,Finance,Revenue,88404.35,EUR,Anderson-Morgan,Completed
FIN_0032517,2025-03-07,ACC_00362,Human Resources,Operating Expense,31753.31,EUR,Scott Inc,Completed
FIN_0157514,2021-02-19,ACC_00261,Operations,Revenue,44024.16,USD,Kerr-Schmidt,Completed
FIN_0455569,2021-01-22,ACC_00459,Supply Chain,Purchase,38847.35,USD,Monroe-Mendoza,Completed
FIN_0429607,2023-11-01,ACC_00013,Manufacturing,Purchase,43074.5,EUR,UNKNOWN,Completed
FIN_0037653,2025-03-29,ACC_00424,Manufacturing,Operating Expense,49275.9,INR,Lopez Inc,Completed
FIN_0489433,2024-07-16,ACC_00362,Information Technology,Operating Expense,28433.6,INR,Owens-Gray,Completed
FIN_0307303,2026-03-29,ACC_00495,Operations,Revenue,9678.44,SEK,Adams Inc,Completed
FIN_0212863,2026-06-26,ACC_00237,Supply Chain,Revenue,32837.92,EUR,Martinez Ltd,Completed
FIN_0252681,2024-07-27,ACC_00134,Manufacturing,Purchase,45698.93,USD,Shaw-Wallace,Pending
FIN_0465084,2021-06-20,ACC_00419,Manufacturing,Investment,23075.94,SEK,Jones-Moore,Completed
FIN_0020893,2021-01-26,ACC_00370,Information Technology,Revenue,82541.7,INR,Wallace-Dixon,Completed
FIN_0413085,2025-01-14,ACC_00358,Supply Chain,Revenue,57383.04,SEK,"Jackson, Lloyd and Stewart",Completed
FIN_0471918,2021-01-22,ACC_00338,Operations,Revenue,13554.39,EUR,Murphy Group,Completed
FIN_0005707,2025-04-30,ACC_00156,Human Resources,Purchase,15036.07,SEK,Monroe-Contreras,Completed
FIN_0158173,2025-03-16,ACC_00377,Marketing,Revenue,33858.62,USD,Brooks-Brown,Completed
FIN_0239603,2026-03-25,ACC_00067,Human Resources,Revenue,62659.35,SEK,Rodriguez PLC,Completed
FIN_0132288,2025-11-09,ACC_00291,Operations,Operating Expense,46946.37,USD,UNKNOWN,Completed
FIN_0440944,2023-06-22,ACC_00378,Operations,Purchase,15686.76,INR,Richardson-Armstrong,Completed
FIN_0030082,2024-05-19,ACC_00463,Information Technology,Revenue,30427.58,EUR,Santiago-Hardy,Completed
FIN_0282751,2022-10-19,ACC_00409,Manufacturing,Revenue,56206.37,EUR,James Inc,Completed
FIN_0094273,2025-11-23,ACC_00147,Operations,Operating Expense,49875.76,INR,"Rivas, King and Liu",Completed
FIN_0250885,2022-10-29,ACC_00045,Operations,Revenue,21226.7,EUR,Turner-Burnett,Completed
FIN_0091443,2023-08-11,ACC_00019,Supply Chain,Purchase,7249.24,SEK,Strickland-Gilbert,Completed
FIN_0214117,2024-11-01,ACC_00368,Sales,Operating Expense,548.87,SEK,Turner-Morales,Completed
FIN_0366586,2022-03-10,ACC_00079,Finance,Purchase,29658.21,SEK,UNKNOWN,Pending
FIN_0202325,2023-06-18,ACC_00146,Engineering,Purchase,21332.95,INR,UNKNOWN,Completed
FIN_0131333,2023-10-11,ACC_00191,Operations,Purchase,25663.58,SEK,Carter and Sons,Pending
FIN_0442731,2021-11-18,ACC_00094,Manufacturing,Purchase,33697.4,SEK,"Boone, Waters and Perry",Completed
FIN_0094527,2026-04-10,ACC_00405,Engineering,Purchase,19495.99,EUR,"Peterson, Stewart and Wyatt",Completed
FIN_0384921,2025-04-13,ACC_00100,Finance,Revenue,38068.5,SEK,"Anderson, Hansen and Ferrell",Completed
FIN_0471123,2023-02-24,ACC_00397,Marketing,Purchase,28530.38,INR,"Donovan, Jones and Mann",Completed
FIN_0005105,2025-06-20,ACC_00073,Finance,Payroll,39921.04,USD,"Wang, Orozco and Moore",Pending
FIN_0250415,2025-11-09,ACC_00004,Operations,Purchase,18445.24,SEK,Richardson-Shannon,Completed
FIN_0023413,2025-07-18,ACC_00435,Finance,Purchase,20392.4,SEK,"Rhodes, Bradley and Garrett",Completed
FIN_0044203,2021-06-28,ACC_00001,Engineering,Payroll,22754.55,USD,Taylor Inc,Completed
FIN_0369612,2025-08-06,ACC_00094,Human Resources,Payroll,17260.82,EUR,Murray-Wu,Completed
FIN_0293640,2022-02-01,ACC_00442,Manufacturing,Revenue,57819.31,SEK,Flores-Jones,Completed
FIN_0135572,2024-01-06,ACC_00222,Finance,Payroll,43259.44,SEK,Blevins Ltd,Completed
FIN_0449849,2024-08-29,ACC_00256,Human Resources,Purchase,6132.44,INR,Murphy and Sons,Completed
FIN_0096895,2025-09-14,ACC_00002,Human Resources,Revenue,1738.29,INR,"Tyler, Stephens and Edwards",Completed
FIN_0371068,2023-12-14,ACC_00254,Information Technology,Revenue,34451.15,USD,Leach and Sons,Completed
FIN_0491326,2025-05-01,ACC_00206,Sales,Revenue,80340.79,SEK,Mitchell LLC,Completed
FIN_0131677,2021-07-21,ACC_00225,Operations,Purchase,6156.33,SEK,Simmons-Kim,Completed
FIN_0434902,2023-10-17,ACC_00225,Finance,Purchase,2892.61,SEK,Stanley Ltd,Completed
FIN_0466981,2024-08-27,ACC_00139,Information Technology,Operating Expense,24256.5,INR,"Phillips, Santiago and Lopez",Completed
FIN_0171670,2023-12-07,ACC_00267,Information Technology,Payroll,49819.27,EUR,"Moore, Rodriguez and Ramsey",Completed
FIN_0323260,2023-08-31,ACC_00232,Information Technology,Operating Expense,4384.49,SEK,Chandler PLC,Completed
FIN_0286865,2024-01-29,ACC_00373,Information Technology,Revenue,49634.53,USD,Reyes and Sons,Completed
FIN_0488936,2022-05-12,ACC_00419,Sales,Purchase,17073.21,EUR,Davis Inc,Completed
FIN_0169146,2024-05-10,ACC_00428,Engineering,Revenue,48624.83,SEK,Smith PLC,Completed
FIN_0237074,2021-12-17,ACC_00293,Manufacturing,Operating Expense,23476.41,EUR,"Parrish, Perez and Downs",Completed
FIN_0479712,2024-10-01,ACC_00400,Sales,Operating Expense,41342.64,EUR,"Sanders, Blair and Anderson",Completed
FIN_0271318,2022-10-03,ACC_00306,Manufacturing,Revenue,38303.0,SEK,Hardin-Branch,Completed
FIN_0427479,2026-06-05,ACC_00454,Engineering,Revenue,68209.15,EUR,"Scott, Silva and Manning",Completed
FIN_0075232,2021-04-04,ACC_00291,Information Technology,Revenue,87312.42,EUR,Anderson-Deleon,Completed
FIN_0270602,2023-09-18,ACC_00066,Manufacturing,Operating Expense,24603.35,SEK,"Johnson, West and Morgan",Completed
FIN_0149004,2022-05-27,ACC_00133,Sales,Revenue,98513.44,INR,"Green, Cole and Ryan",Completed
FIN_0042771,2021-11-26,ACC_00021,Information Technology,Payroll,27387.02,INR,Spencer-Johnson,Completed
FIN_0261921,2025-03-20,ACC_00026,Engineering,Operating Expense,17896.63,EUR,Holder-Bass,Completed
FIN_0302526,2024-07-10,ACC_00441,Human Resources,Purchase,32179.26,SEK,Madden-Ayers,Completed
FIN_0074288,2025-07-09,ACC_00296,Manufacturing,Revenue,54808.84,EUR,Jordan-Turner,Completed
FIN_0398436,2025-01-15,ACC_00474,Manufacturing,Purchase,37975.2,USD,Conway LLC,Completed
FIN_0449157,2022-03-30,ACC_00122,Operations,Investment,45534.25,INR,"Williams, Tyler and Gentry",Completed
FIN_0282247,2021-03-16,ACC_00095,Engineering,Revenue,22040.66,INR,"Howard, Zavala and Cisneros",Completed
FIN_0479045,2021-08-02,ACC_00137,Information Technology,Revenue,88349.1,INR,Martin Ltd,Completed
FIN_0150076,2024-09-15,ACC_00339,Supply Chain,Purchase,43984.67,INR,"Williams, Mack and Levine",Completed
FIN_0121114,2025-06-18,ACC_00053,Human Resources,Purchase,5655.5,INR,"Becker, Thomas and Hunter",Completed
FIN_0165847,2025-12-22,ACC_00022,Engineering,Operating Expense,43509.8,INR,Pratt Ltd,Completed
FIN_0001359,2024-02-26,ACC_00311,Manufacturing,Revenue,90733.22,EUR,Fisher-Yu,Completed
FIN_0323965,2024-09-02,ACC_00291,Human Resources,Revenue,12891.42,USD,Thompson Group,Completed
FIN_0252525,2025-02-28,ACC_00378,Operations,Revenue,48267.63,SEK,Klein LLC,Pending
FIN_0264170,2022-04-09,ACC_00491,Finance,Revenue,14395.39,EUR,Costa-Guerrero,Completed
FIN_0312194,2021-02-17,ACC_00332,Finance,Revenue,7807.19,USD,Smith PLC,Completed
FIN_0373300,2023-05-02,ACC_00111,Operations,Operating Expense,511.08,INR,Mclean-Garrett,Completed
FIN_0103922,2021-08-23,ACC_00039,Engineering,Revenue,24851.02,SEK,Patton Group,Completed
FIN_0263112,2025-08-15,ACC_00359,Operations,Payroll,32264.4,EUR,"Holmes, Gaines and Wagner",Completed
FIN_0346509,2023-12-15,ACC_00356,Human Resources,Revenue,71528.72,EUR,Kelley PLC,Completed
FIN_0288724,2025-02-13,ACC_00356,Finance,Payroll,3530.9,EUR,Wong PLC,Completed
FIN_0385704,2025-07-01,ACC_00481,Human Resources,Revenue,43169.4,INR,Buckley Group,Completed
FIN_0196993,2026-01-05,ACC_00392,Engineering,Investment,27703.42,SEK,Thomas-Bailey,Completed
FIN_0236254,2022-12-06,ACC_00312,Marketing,Operating Expense,48633.03,SEK,Johnson-Torres,Completed
FIN_0103007,2024-02-24,ACC_00098,Sales,Purchase,9653.26,INR,"Weiss, Swanson and Kelley",Completed
FIN_0048360,2023-04-04,ACC_00268,Marketing,Revenue,24761.53,SEK,"Smith, Dougherty and Stanley",Completed
FIN_0040312,2021-03-28,ACC_00099,Information Technology,Revenue,45643.11,EUR,Turner-Briggs,Completed
FIN_0096990,2022-08-07,ACC_00310,Operations,Purchase,31006.18,SEK,"Nguyen, Hendrix and Weber",Completed
FIN_0001239,2025-04-07,ACC_00153,Operations,Revenue,50860.92,USD,"Moss, James and Edwards",Completed
FIN_0010408,2024-02-09,ACC_00325,Manufacturing,Revenue,20351.11,EUR,"Hughes, Clark and Brown",Completed
FIN_0479093,2021-07-08,ACC_00159,Finance,Revenue,47730.5,SEK,Sanchez-Manning,Completed
FIN_0067881,2025-06-08,ACC_00328,Finance,Revenue,93186.33,EUR,Armstrong-Greene,Pending
FIN_0315330,2021-01-04,ACC_00494,Information Technology,Purchase,30661.26,INR,Turner-Weber,Completed
FIN_0065024,2026-05-31,ACC_00128,Engineering,Purchase,37902.91,SEK,Nguyen-Saunders,Completed
FIN_0173656,2022-09-02,ACC_00419,Manufacturing,Revenue,93067.08,USD,Robertson-Daniel,Completed
FIN_0037664,2025-04-28,ACC_00212,Finance,Operating Expense,40969.37,EUR,Thompson and Sons,Failed
FIN_0322788,2023-04-13,ACC_00297,Information Technology,Operating Expense,22271.58,SEK,"Francis, Richardson and Russell",Completed
FIN_0462661,2022-01-23,ACC_00491,Human Resources,Revenue,32104.53,EUR,Gentry-Greene,Completed
FIN_0425862,2022-07-29,ACC_00361,Operations,Purchase,13480.43,INR,Swanson Ltd,Completed
FIN_0095173,2021-08-03,ACC_00186,Operations,Operating Expense,24159.14,USD,Tucker Ltd,Completed
FIN_0220330,2024-11-23,ACC_00129,Human Resources,Operating Expense,31995.12,INR,Gutierrez-White,Completed
FIN_0184332,2022-12-17,ACC_00003,Operations,Revenue,12688.12,INR,"Alvarez, Collins and West",Completed
FIN_0431492,2024-01-31,ACC_00307,Manufacturing,Investment,16574.06,USD,"Jones, Houston and Espinoza",Completed
FIN_0053357,2024-05-04,ACC_00018,Finance,Payroll,22875.43,EUR,UNKNOWN,Pending
FIN_0472985,2024-02-26,ACC_00042,Engineering,Purchase,32134.45,USD,Ellis LLC,Completed
FIN_0302300,2022-08-18,ACC_00127,Sales,Revenue,47828.13,EUR,Flores Inc,Completed
FIN_0086390,2025-01-09,ACC_00172,Sales,Revenue,22438.42,USD,"Kidd, Figueroa and Byrd",Completed
FIN_0429938,2024-05-13,ACC_00261,Manufacturing,Operating Expense,31743.94,INR,"Daniel, Cole and Young",Completed
FIN_0459636,2024-11-14,ACC_00012,Finance,Purchase,7051.11,USD,UNKNOWN,Completed
FIN_0092989,2022-02-08,ACC_00301,Human Resources,Operating Expense,28828.87,EUR,Williams and Sons,Completed
FIN_0215849,2021-06-21,ACC_00211,Human Resources,Revenue,14170.66,INR,"Miller, Patterson and Brady",Completed
FIN_0074981,2024-10-21,ACC_00401,Human Resources,Operating Expense,25846.3,SEK,"Fernandez, Andrews and Reed",Pending
FIN_0430797,2022-10-29,ACC_00407,Human Resources,Operating Expense,44196.65,INR,Morgan PLC,Completed
FIN_0085858,2022-11-22,ACC_00498,Sales,Revenue,49900.22,INR,Shea Inc,Completed
FIN_0404769,2025-11-23,ACC_00470,Finance,Revenue,39430.67,SEK,Ward-Walker,Completed
FIN_0157684,2026-01-22,ACC_00325,Manufacturing,Purchase,3255.06,SEK,"Terry, Jennings and Rivera",Failed
FIN_0252201,2025-08-31,ACC_00002,Manufacturing,Purchase,48819.11,USD,"Roberts, Santos and Rosario",Failed
FIN_0003776,2025-05-28,ACC_00293,Information Technology,Purchase,756.82,SEK,Grimes LLC,Completed
FIN_0266376,2022-02-10,ACC_00208,Information Technology,Operating Expense,29770.39,USD,"Burns, Montoya and Luna",Completed
FIN_0245839,2024-01-09,ACC_00325,Operations,Operating Expense,5634.36,INR,"Nelson, Snyder and Boyd",Completed
FIN_0478175,2025-02-23,ACC_00115,Operations,Purchase,44497.78,USD,"Clark, Williams and Ruiz",Completed
FIN_0485331,2025-07-30,ACC_00106,Finance,Revenue,72937.46,INR,"Galvan, Perez and Jennings",Completed
FIN_0476450,2025-08-03,ACC_00460,Information Technology,Operating Expense,46287.62,INR,White PLC,Failed
FIN_0254638,2024-04-14,ACC_00483,Supply Chain,Purchase,839.62,SEK,Hayes Group,Pending
FIN_0197704,2022-08-28,ACC_00239,Human Resources,Operating Expense,45406.4,USD,Alexander and Sons,Failed
FIN_0110488,2025-12-02,ACC_00116,Marketing,Investment,30972.76,SEK,Long Ltd,Completed
FIN_0457737,2022-07-08,ACC_00170,Manufacturing,Revenue,83716.31,EUR,Harris-Wright,Completed
FIN_0258345,2023-04-26,ACC_00027,Sales,Revenue,90907.59,EUR,Kim Inc,Completed
FIN_0030900,2025-03-20,ACC_00228,Supply Chain,Operating Expense,39396.15,EUR,Patton Inc,Completed
FIN_0166103,2023-08-19,ACC_00226,Human Resources,Revenue,97607.88,SEK,UNKNOWN,Completed
FIN_0307854,2024-06-07,ACC_00182,Sales,Revenue,7974.03,EUR,Skinner-Ramirez,Completed
FIN_0290735,2021-04-04,ACC_00243,Human Resources,Operating Expense,41636.19,EUR,Lozano-Williams,Completed
FIN_0427957,2022-01-23,ACC_00131,Operations,Purchase,48994.42,SEK,"Vang, James and Maddox",Completed
FIN_0246224,2022-02-02,ACC_00259,Marketing,Operating Expense,49034.07,INR,Rosales Ltd,Completed
FIN_0237180,2022-01-23,ACC_00396,Marketing,Revenue,42042.17,INR,"Ellis, Mitchell and Taylor",Completed
FIN_0063202,2021-01-21,ACC_00450,Engineering,Investment,43956.42,USD,"Perkins, Bonilla and Johnson",Completed
FIN_0410448,2025-06-17,ACC_00146,Operations,Operating Expense,37179.11,EUR,French-Davidson,Completed
FIN_0474315,2025-07-11,ACC_00125,Finance,Purchase,25636.36,EUR,Cooper Group,Completed
FIN_0193405,2024-07-05,ACC_00279,Supply Chain,Revenue,30270.14,INR,Fernandez Inc,Completed
FIN_0444811,2024-10-30,ACC_00491,Engineering,Payroll,35898.28,USD,Tucker-Luna,Completed
FIN_0067733,2024-01-30,ACC_00307,Engineering,Operating Expense,21625.74,USD,Anderson PLC,Completed
FIN_0168822,2024-01-28,ACC_00133,Manufacturing,Operating Expense,35459.2,EUR,"Smith, Mckinney and Henry",Completed
FIN_0343851,2021-05-31,ACC_00403,Information Technology,Purchase,12637.51,EUR,Forbes-Haley,Completed
FIN_0128428,2025-05-14,ACC_00229,Engineering,Revenue,16202.12,SEK,"Hawkins, Wilson and Dominguez",Completed
FIN_0033479,2026-05-01,ACC_00060,Supply Chain,Purchase,37766.4,EUR,Hill-Duke,Completed
FIN_0246101,2022-08-02,ACC_00464,Human Resources,Revenue,53258.68,USD,"Willis, Wilson and Robinson",Completed
FIN_0312899,2025-01-01,ACC_00419,Manufacturing,Operating Expense,221.4,USD,"Byrd, Moore and Jones",Completed
FIN_0439368,2021-05-25,ACC_00140,Human Resources,Operating Expense,10166.17,USD,Irwin-Hill,Failed
FIN_0050042,2021-09-15,ACC_00432,Engineering,Operating Expense,32941.35,INR,"Martin, Diaz and Drake",Completed
FIN_0073865,2024-09-25,ACC_00214,Marketing,Revenue,33428.27,INR,UNKNOWN,Completed
FIN_0244083,2024-02-07,ACC_00309,Engineering,Revenue,66425.96,INR,Williams and Sons,Completed
FIN_0404565,2025-05-03,ACC_00360,Human Resources,Purchase,6998.79,EUR,"Brock, King and Howe",Completed
FIN_0406904,2025-11-18,ACC_00096,Supply Chain,Operating Expense,2277.69,SEK,UNKNOWN,Completed
FIN_0303156,2024-10-20,ACC_00323,Sales,Operating Expense,12871.11,INR,"Moore, Odonnell and Roberts",Completed
FIN_0101641,2024-08-27,ACC_00103,Supply Chain,Payroll,47967.69,SEK,Savage-Welch,Completed
FIN_0273675,2021-09-22,ACC_00358,Information Technology,Purchase,33754.69,EUR,Johnson-Thomas,Completed
FIN_0347065,2023-08-27,ACC_00194,Operations,Payroll,48205.67,SEK,Espinoza-Wolfe,Completed
FIN_0068979,2024-07-17,ACC_00399,Supply Chain,Revenue,52236.63,INR,Rodriguez-Lee,Completed
FIN_0130002,2021-02-09,ACC_00455,Engineering,Purchase,18519.25,INR,Clark PLC,Completed
FIN_0150985,2023-10-14,ACC_00475,Operations,Purchase,21661.75,USD,"Cruz, Berg and Hansen",Failed
FIN_0076824,2022-03-19,ACC_00093,Information Technology,Operating Expense,44473.84,INR,"Morris, Weber and Evans",Completed
FIN_0415955,2022-08-31,ACC_00175,Operations,Revenue,33241.76,USD,Lee Group,Completed
FIN_0267232,2021-02-09,ACC_00365,Marketing,Payroll,4862.0,SEK,"Craig, French and Hill",Pending
FIN_0078139,2022-05-15,ACC_00055,Sales,Operating Expense,38004.0,SEK,"Butler, Jackson and Odom",Completed
FIN_0448722,2022-05-30,ACC_00170,Supply Chain,Purchase,43900.0,INR,Bonilla LLC,Completed
FIN_0031103,2024-12-24,ACC_00277,Engineering,Investment,4612.22,USD,Lee-Hernandez,Completed
FIN_0086215,2021-07-21,ACC_00321,Operations,Revenue,10682.75,SEK,"Hawkins, Pineda and Cochran",Completed
FIN_0044707,2024-02-14,ACC_00055,Supply Chain,Payroll,22058.98,EUR,Bowman-Garcia,Completed
FIN_0185116,2021-05-28,ACC_00070,Engineering,Revenue,51007.09,SEK,Farley-Williams,Completed
FIN_0278800,2021-01-14,ACC_00463,Engineering,Revenue,58654.0,SEK,Anderson PLC,Completed
FIN_0102739,2021-06-01,ACC_00410,Finance,Operating Expense,35942.79,USD,"Fox, Leon and Johnson",Completed
FIN_0082836,2023-03-13,ACC_00350,Engineering,Investment,2066.41,EUR,Campbell Inc,Completed
FIN_0326349,2026-02-14,ACC_00345,Marketing,Revenue,49556.35,EUR,Garcia PLC,Completed
FIN_0373552,2026-06-03,ACC_00158,Finance,Revenue,73984.31,INR,Henderson Group,Completed
FIN_0097446,2026-04-03,ACC_00265,Information Technology,Purchase,20021.38,INR,"Martin, Mcneil and Clark",Completed
FIN_0229585,2024-04-17,ACC_00241,Operations,Payroll,5784.79,INR,Wright-Lane,Completed
FIN_0385172,2022-04-25,ACC_00055,Information Technology,Purchase,35176.43,SEK,Weaver-Dunn,Completed
FIN_0250946,2022-06-26,ACC_00372,Marketing,Operating Expense,25805.93,INR,Lopez LLC,Completed
FIN_0377375,2026-02-17,ACC_00110,Finance,Operating Expense,43655.46,EUR,Hall-Woods,Completed
FIN_0002941,2023-08-02,ACC_00451,Supply Chain,Purchase,44426.71,EUR,UNKNOWN,Completed
FIN_0127690,2025-10-25,ACC_00359,Operations,Operating Expense,45288.71,EUR,Foster-Simmons,Completed
FIN_0269910,2026-01-05,ACC_00493,Marketing,Revenue,27981.15,SEK,Williams LLC,Completed
FIN_0096123,2023-10-01,ACC_00264,Manufacturing,Revenue,29304.86,INR,Baldwin Inc,Completed
FIN_0067050,2021-07-31,ACC_00356,Finance,Purchase,11507.45,USD,Reeves LLC,Completed
FIN_0423513,2025-12-19,ACC_00191,Information Technology,Revenue,10501.9,USD,Roberts PLC,Completed
FIN_0452898,2022-12-08,ACC_00177,Engineering,Purchase,28715.55,EUR,Wyatt-Thomas,Completed
FIN_0236502,2021-06-26,ACC_00311,Manufacturing,Revenue,85256.69,EUR,Schwartz-Saunders,Completed
FIN_0098132,2023-10-20,ACC_00444,Human Resources,Operating Expense,37658.46,INR,Sosa LLC,Completed
FIN_0398330,2025-06-07,ACC_00408,Finance,Revenue,90475.29,EUR,Dominguez LLC,Completed
FIN_0270259,2023-05-10,ACC_00389,Finance,Revenue,25297.75,INR,Parker Inc,Completed
FIN_0104591,2022-06-03,ACC_00253,Marketing,Operating Expense,41450.98,USD,Richards-Olson,Completed
FIN_0152825,2023-10-12,ACC_00216,Finance,Purchase,2858.87,SEK,Parker-Adams,Failed
FIN_0233454,2023-08-22,ACC_00159,Supply Chain,Revenue,14058.88,USD,Lopez Group,Completed
FIN_0033753,2025-11-14,ACC_00244,Sales,Revenue,44465.57,EUR,Evans-Olsen,Completed
FIN_0148526,2025-11-23,ACC_00172,Manufacturing,Operating Expense,17949.21,USD,"Brown, Erickson and Dickson",Completed
FIN_0068651,2022-09-24,ACC_00251,Supply Chain,Purchase,42784.05,INR,"Sanchez, Dorsey and Gonzalez",Completed
FIN_0398258,2024-09-02,ACC_00451,Engineering,Operating Expense,28067.47,SEK,"Oliver, Stout and Jensen",Completed
FIN_0498109,2026-03-13,ACC_00362,Marketing,Purchase,45030.62,SEK,"Rubio, Giles and Bernard",Completed
FIN_0131492,2021-10-18,ACC_00463,Operations,Investment,7693.1,SEK,Reed-Guzman,Completed
FIN_0355808,2024-06-07,ACC_00456,Human Resources,Revenue,69170.24,INR,Graham-May,Completed
FIN_0213601,2022-04-24,ACC_00087,Operations,Purchase,3979.02,USD,"Sanders, Cruz and Gomez",Completed
FIN_0265971,2023-12-01,ACC_00320,Information Technology,Payroll,37036.31,EUR,Wilcox-Miller,Completed
FIN_0330278,2025-12-29,ACC_00205,Finance,Revenue,83699.74,EUR,Wilson-Rice,Completed
FIN_0141753,2024-03-26,ACC_00240,Marketing,Purchase,27402.06,INR,"Cox, Miller and Foster",Completed
FIN_0009227,2022-02-08,ACC_00033,Finance,Revenue,10437.68,USD,Ortiz Group,Completed
FIN_0287475,2022-07-23,ACC_00362,Sales,Revenue,50325.99,USD,"Walker, Miller and Edwards",Completed
FIN_0201336,2025-09-23,ACC_00195,Manufacturing,Purchase,17401.57,INR,"Davis, Brown and Reed",Completed
FIN_0157082,2024-10-15,ACC_00360,Manufacturing,Revenue,30981.5,USD,Watson-Patterson,Completed
FIN_0327332,2021-02-25,ACC_00129,Manufacturing,Purchase,42200.79,SEK,Frank and Sons,Completed
FIN_0360286,2022-09-11,ACC_00327,Sales,Operating Expense,4104.06,USD,Delgado PLC,Completed
FIN_0025470,2023-08-30,ACC_00425,Human Resources,Purchase,37820.49,USD,"Miller, Porter and Durham",Completed
FIN_0217867,2026-02-28,ACC_00015,Operations,Investment,3314.27,SEK,Arnold-Jackson,Completed
FIN_0179540,2023-07-18,ACC_00001,Finance,Revenue,55743.25,SEK,"Booth, Murray and Frazier",Pending
FIN_0264533,2024-08-26,ACC_00191,Operations,Revenue,46337.38,SEK,Lewis-Jones,Completed
FIN_0445299,2022-10-13,ACC_00190,Engineering,Payroll,6825.53,INR,"Jones, Skinner and Walker",Completed
FIN_0208487,2025-10-03,ACC_00184,Supply Chain,Payroll,30087.64,USD,Perez LLC,Pending
FIN_0155558,2024-03-21,ACC_00349,Marketing,Operating Expense,6535.98,USD,Adams-Smith,Completed
FIN_0121269,2026-05-25,ACC_00179,Sales,Operating Expense,42558.53,EUR,Johnson-Keller,Completed
FIN_0186921,2025-11-15,ACC_00435,Manufacturing,Revenue,5979.86,INR,Acevedo-Mann,Completed
FIN_0250668,2024-04-21,ACC_00208,Engineering,Purchase,3129.67,USD,"Kelly, Morgan and Holmes",Completed
FIN_0475083,2024-11-19,ACC_00261,Manufacturing,Revenue,61974.58,EUR,"Rogers, Stafford and Lyons",Completed
FIN_0257234,2021-04-13,ACC_00119,Information Technology,Operating Expense,5046.99,SEK,Higgins-Mckay,Completed
FIN_0344614,2024-10-23,ACC_00222,Engineering,Operating Expense,6132.9,EUR,Bell-Freeman,Completed
FIN_0338378,2022-03-29,ACC_00017,Manufacturing,Purchase,38720.28,SEK,Gray PLC,Completed
FIN_0479249,2022-06-08,ACC_00370,Information Technology,Revenue,19112.65,EUR,Nelson and Sons,Completed
FIN_0320967,2021-02-18,ACC_00381,Sales,Revenue,7254.32,USD,Wong-Ramirez,Completed
FIN_0114193,2024-12-21,ACC_00184,Human Resources,Revenue,86685.07,INR,UNKNOWN,Completed
FIN_0004183,2026-04-03,ACC_00460,Human Resources,Purchase,5966.6,SEK,"Smith, Morales and Whitaker",Completed
FIN_0168886,2026-02-19,ACC_00199,Marketing,Operating Expense,23582.31,SEK,Larson Group,Completed
FIN_0391621,2023-08-08,ACC_00022,Finance,Payroll,22972.87,SEK,Ponce and Sons,Completed
FIN_0143445,2024-11-15,ACC_00201,Operations,Revenue,17071.39,USD,"Harrison, Thomas and Manning",Completed
FIN_0430401,2023-04-10,ACC_00187,Operations,Purchase,23333.19,USD,Villarreal-Kelley,Completed
FIN_0173814,2026-03-24,ACC_00486,Finance,Operating Expense,26347.32,SEK,Rush LLC,Completed
FIN_0003582,2025-07-27,ACC_00470,Information Technology,Revenue,51502.1,USD,Taylor-Ford,Completed
FIN_0143354,2025-03-26,ACC_00145,Sales,Purchase,899.23,EUR,"Adams, Guzman and Lee",Completed
FIN_0301397,2021-01-07,ACC_00214,Supply Chain,Revenue,1865.15,SEK,Thompson-Smith,Completed
FIN_0234055,2024-10-27,ACC_00113,Manufacturing,Purchase,44038.4,INR,Baker LLC,Completed
FIN_0381459,2024-12-15,ACC_00326,Manufacturing,Operating Expense,2662.57,INR,Branch PLC,Completed
FIN_0308148,2025-04-15,ACC_00008,Finance,Operating Expense,6140.5,USD,"Sanchez, Frederick and Reid",Completed
FIN_0405105,2024-12-14,ACC_00274,Marketing,Revenue,88397.95,EUR,Ray LLC,Completed
FIN_0198883,2021-04-11,ACC_00393,Sales,Revenue,22680.69,SEK,White LLC,Completed
FIN_0302019,2025-12-08,ACC_00231,Marketing,Payroll,38344.21,SEK,"Bullock, Harrison and Harvey",Completed
FIN_0069710,2025-10-31,ACC_00067,Marketing,Investment,11101.2,USD,Wise Inc,Pending
FIN_0299717,2024-08-31,ACC_00467,Sales,Revenue,36593.33,INR,Williams Inc,Completed
FIN_0365489,2022-04-11,ACC_00287,Engineering,Operating Expense,27235.82,SEK,"Mack, Duran and James",Completed
FIN_0310708,2021-08-12,ACC_00382,Human Resources,Operating Expense,25338.49,INR,Ramirez-Ramirez,Completed
FIN_0319854,2022-07-23,ACC_00298,Marketing,Payroll,4154.2,EUR,"Potter, White and Nolan",Completed
FIN_0335854,2024-07-09,ACC_00467,Finance,Operating Expense,48646.51,EUR,"Hunter, Smith and Ochoa",Completed
FIN_0167663,2026-06-04,ACC_00232,Information Technology,Purchase,47145.9,INR,Collins-Marshall,Completed
FIN_0037641,2024-01-27,ACC_00272,Sales,Revenue,99294.97,EUR,"Ross, Howell and Spencer",Completed
FIN_0272294,2025-12-02,ACC_00113,Marketing,Revenue,43658.73,SEK,Robinson-Mendoza,Completed
FIN_0411169,2024-11-28,ACC_00426,Engineering,Revenue,48888.25,INR,"Willis, Neal and Montgomery",Completed
FIN_0187385,2026-06-09,ACC_00145,Manufacturing,Investment,40530.15,USD,Gilbert PLC,Completed
FIN_0069462,2022-10-05,ACC_00102,Human Resources,Payroll,26150.55,INR,Mullen-Maxwell,Completed
FIN_0001062,2024-09-13,ACC_00226,Information Technology,Revenue,97708.07,EUR,Jones-Velazquez,Completed
FIN_0195705,2021-02-24,ACC_00494,Finance,Revenue,44641.85,USD,Mcdaniel-Lee,Completed
FIN_0226724,2023-07-09,ACC_00316,Human Resources,Operating Expense,38990.76,SEK,"Johnson, Holland and Glover",Completed
FIN_0036353,2022-06-25,ACC_00409,Supply Chain,Revenue,89654.31,EUR,"Cunningham, Gonzalez and Bush",Completed
FIN_0302403,2024-02-16,ACC_00057,Engineering,Purchase,46499.46,INR,UNKNOWN,Completed
FIN_0369206,2024-09-24,ACC_00377,Information Technology,Payroll,23367.58,EUR,Johnson PLC,Completed
FIN_0002412,2021-05-31,ACC_00301,Human Resources,Revenue,53567.14,USD,"Fisher, Avila and Stewart",Completed
FIN_0470192,2025-03-22,ACC_00409,Marketing,Payroll,3435.98,EUR,Lewis LLC,Completed
FIN_0322623,2025-03-07,ACC_00341,Marketing,Revenue,68068.06,INR,"Owens, Coleman and Johnson",Completed
FIN_0444767,2024-09-25,ACC_00185,Information Technology,Operating Expense,16136.31,EUR,Simon-Tyler,Completed
FIN_0392479,2025-01-24,ACC_00045,Engineering,Operating Expense,25210.07,INR,"Walker, Bass and Foster",Completed
FIN_0074744,2024-06-11,ACC_00149,Operations,Revenue,46737.53,SEK,Everett PLC,Completed
FIN_0171593,2023-05-16,ACC_00374,Operations,Revenue,32922.28,USD,"Foster, Ward and Larson",Completed
FIN_0262985,2025-10-16,ACC_00484,Information Technology,Revenue,65337.91,USD,James Inc,Failed
FIN_0162216,2021-09-11,ACC_00283,Manufacturing,Operating Expense,6022.87,INR,Mcclain-Reese,Completed
FIN_0431054,2021-07-08,ACC_00038,Finance,Revenue,31459.91,INR,"Hamilton, Gibbs and Mathis",Completed
FIN_0384595,2026-03-13,ACC_00110,Sales,Revenue,31245.16,EUR,Russell PLC,Completed
FIN_0414562,2023-05-01,ACC_00289,Manufacturing,Purchase,31797.82,USD,Peters Group,Completed
FIN_0160719,2022-12-12,ACC_00105,Human Resources,Payroll,863.38,EUR,Wilson Group,Completed
FIN_0327597,2026-02-14,ACC_00368,Sales,Payroll,48478.68,EUR,"Flores, Nelson and Christensen",Completed
FIN_0001733,2023-06-21,ACC_00270,Operations,Operating Expense,13592.12,EUR,Harris PLC,Completed
FIN_0389637,2021-04-03,ACC_00359,Information Technology,Revenue,24977.43,EUR,"Rhodes, Ponce and Garcia",Completed
FIN_0012983,2023-02-09,ACC_00382,Information Technology,Revenue,38627.3,EUR,Rice PLC,Completed
FIN_0409652,2024-04-11,ACC_00327,Information Technology,Purchase,24762.26,EUR,Moore Group,Completed
FIN_0276879,2021-06-02,ACC_00461,Sales,Revenue,93571.43,USD,Graham PLC,Completed
FIN_0154171,2022-02-09,ACC_00490,Engineering,Operating Expense,1480.63,USD,Keith Ltd,Completed
FIN_0465391,2025-06-11,ACC_00121,Manufacturing,Revenue,92742.35,SEK,Watson-Medina,Pending
FIN_0421050,2023-07-06,ACC_00092,Operations,Purchase,12376.92,EUR,Day-Oconnell,Completed
FIN_0335900,2024-06-08,ACC_00184,Information Technology,Payroll,18162.12,EUR,Clark Group,Completed
FIN_0334531,2026-01-27,ACC_00187,Engineering,Purchase,2211.05,USD,Kemp-Miller,Completed
FIN_0291533,2024-05-29,ACC_00382,Sales,Purchase,36770.49,INR,Brown-Hunt,Completed
FIN_0261987,2023-12-11,ACC_00137,Manufacturing,Revenue,45887.61,EUR,Hopkins LLC,Completed
FIN_0223190,2025-01-10,ACC_00407,Supply Chain,Revenue,34938.64,INR,"White, Bruce and Boyd",Completed
FIN_0246397,2021-06-19,ACC_00435,Finance,Revenue,13066.73,SEK,"Stone, Nguyen and Osborne",Completed
FIN_0029069,2021-10-03,ACC_00153,Information Technology,Payroll,4988.82,EUR,"Taylor, Kim and Erickson",Completed
FIN_0295158,2021-10-27,ACC_00306,Operations,Payroll,43614.01,SEK,"Logan, Levy and Patterson",Completed
FIN_0308208,2022-10-15,ACC_00311,Engineering,Revenue,24155.63,INR,Mckinney LLC,Completed
FIN_0301786,2024-05-15,ACC_00406,Information Technology,Operating Expense,29132.09,INR,Adams LLC,Completed
FIN_0219710,2024-11-09,ACC_00296,Marketing,Revenue,19448.3,SEK,Smith Inc,Completed
FIN_0426128,2026-05-22,ACC_00450,Information Technology,Operating Expense,30830.94,SEK,Maddox-Wilson,Completed
FIN_0351340,2021-10-25,ACC_00293,Engineering,Operating Expense,23469.79,EUR,"Poole, Brown and Campbell",Completed
FIN_0107418,2024-04-14,ACC_00087,Marketing,Revenue,26137.96,EUR,"Armstrong, Shaffer and King",Completed
FIN_0100389,2024-04-16,ACC_00376,Engineering,Purchase,36015.1,USD,Santana-Williams,Completed
FIN_0431384,2026-05-11,ACC_00236,Sales,Operating Expense,34514.1,SEK,Kennedy and Sons,Completed
FIN_0338563,2025-05-03,ACC_00216,Marketing,Payroll,995.1,EUR,"Salinas, Stone and Garrett",Completed
FIN_0209307,2023-03-20,ACC_00440,Information Technology,Operating Expense,36311.84,USD,UNKNOWN,Completed
FIN_0428015,2022-02-24,ACC_00383,Manufacturing,Revenue,21709.87,EUR,"West, Santana and Cervantes",Completed
FIN_0264653,2025-08-01,ACC_00153,Information Technology,Revenue,73203.47,USD,Brown and Sons,Completed
FIN_0415785,2022-04-04,ACC_00317,Supply Chain,Revenue,19369.22,EUR,Navarro-Harrington,Completed
FIN_0437904,2026-04-09,ACC_00312,Engineering,Purchase,23134.35,INR,Garcia-Ramirez,Completed
FIN_0462255,2026-03-29,ACC_00396,Finance,Operating Expense,21702.88,EUR,"Mills, Leach and Ballard",Completed
FIN_0328605,2021-05-17,ACC_00433,Engineering,Revenue,77299.72,EUR,Hale-Davis,Completed
FIN_0330225,2025-12-20,ACC_00235,Sales,Revenue,59206.63,SEK,Johnson and Sons,Completed
FIN_0414282,2025-12-09,ACC_00046,Sales,Operating Expense,36231.42,EUR,Watson-Fields,Completed
FIN_0259733,2025-03-13,ACC_00183,Sales,Purchase,41236.31,INR,"Webb, Rangel and Franklin",Completed
FIN_0490857,2022-05-29,ACC_00101,Sales,Purchase,40828.21,EUR,"Hodge, Bowman and Mason",Completed
FIN_0498025,2023-07-24,ACC_00327,Manufacturing,Revenue,96811.77,EUR,Thomas PLC,Completed
FIN_0410977,2023-01-12,ACC_00429,Operations,Purchase,1809.4,USD,Long Ltd,Completed
FIN_0357014,2022-03-02,ACC_00251,Information Technology,Revenue,3375.99,SEK,Foster-Pratt,Completed
FIN_0138905,2022-03-11,ACC_00388,Operations,Operating Expense,29147.24,USD,Alvarado-Curtis,Completed
FIN_0078430,2023-10-27,ACC_00226,Supply Chain,Operating Expense,26511.13,USD,"Perry, Kelly and Villanueva",Completed
FIN_0056050,2023-06-16,ACC_00125,Marketing,Purchase,41181.59,INR,Torres-Brown,Completed
FIN_0311389,2025-08-28,ACC_00471,Sales,Revenue,91335.05,EUR,Phillips-Cabrera,Completed
FIN_0335376,2021-06-11,ACC_00426,Finance,Operating Expense,29040.31,EUR,Crawford and Sons,Completed
FIN_0195372,2024-11-10,ACC_00277,Manufacturing,Purchase,22174.15,USD,Mcdowell Ltd,Completed
FIN_0246481,2022-09-01,ACC_00019,Supply Chain,Purchase,18606.14,SEK,Hancock-Mccoy,Completed
FIN_0178798,2024-02-27,ACC_00112,Marketing,Purchase,4836.4,INR,Kirk-David,Completed
FIN_0389020,2022-08-25,ACC_00270,Information Technology,Purchase,41200.73,SEK,Anthony-Murphy,Completed
FIN_0493267,2022-09-14,ACC_00404,Finance,Purchase,37603.76,USD,"Mendez, Elliott and Bailey",Completed
FIN_0031158,2021-09-27,ACC_00103,Finance,Revenue,51291.86,INR,Schwartz-Patterson,Completed
FIN_0140873,2022-06-09,ACC_00179,Engineering,Revenue,58394.39,SEK,Ray-Weaver,Completed
FIN_0197779,2026-06-11,ACC_00006,Human Resources,Revenue,39944.81,SEK,Jones-Owens,Completed
FIN_0077674,2025-08-28,ACC_00268,Human Resources,Revenue,67878.42,INR,"Yu, Shannon and Little",Completed
FIN_0115528,2025-06-29,ACC_00400,Finance,Operating Expense,36487.9,INR,Scott and Sons,Completed
FIN_0011843,2025-04-05,ACC_00081,Engineering,Revenue,67560.75,EUR,Hoffman and Sons,Completed
FIN_0249476,2025-07-06,ACC_00198,Human Resources,Revenue,79131.05,INR,Boyd-Perez,Completed
FIN_0011974,2023-10-06,ACC_00405,Finance,Operating Expense,37997.96,EUR,"Doyle, Livingston and Wilson",Completed
FIN_0030741,2022-05-03,ACC_00013,Supply Chain,Payroll,11788.46,EUR,"Phillips, Allen and Aguirre",Completed
FIN_0122372,2024-07-28,ACC_00121,Operations,Payroll,2014.2,INR,Jarvis and Sons,Completed
FIN_0182647,2021-05-18,ACC_00464,Information Technology,Purchase,6680.76,USD,"Miller, Hogan and Glover",Completed
FIN_0285537,2022-04-02,ACC_00434,Manufacturing,Revenue,9885.28,INR,Hill-Palmer,Pending
FIN_0499016,2024-01-11,ACC_00055,Marketing,Revenue,22471.35,SEK,Stokes and Sons,Completed
FIN_0147286,2023-07-14,ACC_00090,Information Technology,Revenue,70318.51,EUR,"Taylor, Carroll and Smith",Completed
FIN_0189394,2023-10-21,ACC_00115,Operations,Revenue,4453.76,EUR,"Mitchell, Anderson and Kelly",Pending
FIN_0295178,2023-11-27,ACC_00280,Engineering,Revenue,35197.01,USD,"Williams, Nguyen and Martinez",Completed
FIN_0105200,2026-03-25,ACC_00278,Manufacturing,Revenue,72132.66,INR,Garcia PLC,Completed
FIN_0070839,2024-12-15,ACC_00169,Marketing,Revenue,35205.48,SEK,Patrick-Martinez,Completed
FIN_0340867,2025-12-14,ACC_00187,Operations,Purchase,5676.05,EUR,Adams-Miller,Pending
FIN_0315738,2023-11-26,ACC_00421,Supply Chain,Purchase,23568.55,SEK,"Little, Gonzales and Watson",Pending
FIN_0200446,2026-06-12,ACC_00310,Finance,Operating Expense,35049.06,EUR,Yates Inc,Completed
FIN_0178522,2026-03-01,ACC_00271,Marketing,Revenue,19756.48,INR,Schneider Ltd,Pending
FIN_0155134,2023-06-20,ACC_00012,Manufacturing,Revenue,98068.72,USD,"Rodriguez, Wilkerson and Murray",Completed
FIN_0460249,2023-12-02,ACC_00118,Manufacturing,Purchase,27984.82,USD,"Abbott, Brown and Vega",Completed
FIN_0095470,2022-02-06,ACC_00233,Supply Chain,Purchase,36098.31,USD,Johnson PLC,Completed
FIN_0074832,2024-06-26,ACC_00164,Information Technology,Purchase,47198.6,EUR,Costa and Sons,Completed
FIN_0214716,2022-03-27,ACC_00436,Marketing,Revenue,86103.7,EUR,Owens and Sons,Completed
FIN_0231970,2022-10-17,ACC_00176,Operations,Investment,40228.08,EUR,Barnett-Ruiz,Completed
FIN_0143349,2022-09-21,ACC_00267,Sales,Payroll,33614.09,USD,Estrada Inc,Completed
FIN_0365621,2022-09-28,ACC_00306,Sales,Revenue,63456.57,USD,Scott and Sons,Completed
FIN_0089466,2024-11-14,ACC_00492,Sales,Payroll,24768.03,SEK,"Martinez, Mcintyre and Burton",Completed
FIN_0026941,2021-05-23,ACC_00389,Operations,Payroll,38858.88,USD,"Hicks, Braun and Johnson",Completed
FIN_0040412,2022-04-22,ACC_00373,Marketing,Revenue,55261.53,SEK,"Crosby, Kennedy and Stevens",Completed
FIN_0247397,2023-08-17,ACC_00486,Engineering,Purchase,42715.62,EUR,White LLC,Completed
FIN_0333929,2022-12-01,ACC_00469,Marketing,Payroll,5074.17,USD,"Macdonald, Trujillo and Lopez",Pending
FIN_0280991,2023-02-25,ACC_00010,Engineering,Operating Expense,6284.87,SEK,Jones-Gamble,Completed
FIN_0093335,2023-04-10,ACC_00341,Supply Chain,Purchase,7408.23,USD,Small Ltd,Completed
FIN_0267611,2022-02-10,ACC_00215,Engineering,Investment,9168.54,SEK,Johnson-Patterson,Pending
FIN_0366581,2024-09-29,ACC_00214,Operations,Purchase,29220.83,SEK,Howell Ltd,Pending
FIN_0124693,2026-02-14,ACC_00281,Human Resources,Purchase,31443.66,USD,Mcdaniel and Sons,Completed
FIN_0265449,2022-01-13,ACC_00389,Human Resources,Revenue,99834.78,USD,Fuentes-Schultz,Completed
FIN_0256218,2022-06-14,ACC_00073,Information Technology,Revenue,57210.99,SEK,"Harper, Jones and Nguyen",Pending
FIN_0236455,2026-06-28,ACC_00371,Marketing,Revenue,88957.79,SEK,Brown and Sons,Completed
FIN_0260925,2025-05-01,ACC_00479,Human Resources,Payroll,30318.81,SEK,Hunter Inc,Completed
FIN_0160876,2021-05-24,ACC_00175,Marketing,Revenue,40148.76,USD,Parker-Molina,Completed
FIN_0030852,2026-02-20,ACC_00353,Sales,Operating Expense,9987.84,SEK,Branch PLC,Completed
FIN_0022457,2022-05-11,ACC_00363,Operations,Payroll,34995.34,USD,Dennis Inc,Completed
FIN_0062393,2024-12-09,ACC_00127,Human Resources,Revenue,11217.5,USD,Johnson-Phillips,Completed
FIN_0192989,2023-01-02,ACC_00254,Human Resources,Revenue,93479.16,USD,Brown-Booth,Completed
FIN_0006908,2021-03-26,ACC_00181,Engineering,Operating Expense,18991.22,SEK,"Johnson, Williams and Hendricks",Completed
FIN_0496656,2022-06-19,ACC_00046,Operations,Operating Expense,12506.6,INR,Long and Sons,Completed
FIN_0423552,2024-09-05,ACC_00185,Human Resources,Revenue,59402.85,USD,Mills-Church,Completed
FIN_0221565,2024-10-22,ACC_00253,Information Technology,Revenue,2695.73,INR,Mcdowell-Price,Pending
FIN_0247695,2023-11-11,ACC_00125,Engineering,Revenue,29382.49,EUR,Cortez and Sons,Completed
FIN_0499079,2021-08-01,ACC_00166,Engineering,Purchase,42212.1,INR,Dickerson-Hicks,Completed
FIN_0006937,2023-08-23,ACC_00003,Supply Chain,Purchase,13260.56,USD,"Patton, Franco and Rodriguez",Completed
FIN_0495853,2021-11-28,ACC_00387,Sales,Operating Expense,18050.57,INR,Cortez PLC,Completed
FIN_0027763,2022-07-11,ACC_00216,Engineering,Payroll,1343.62,USD,Serrano-Moreno,Completed
FIN_0215309,2025-09-16,ACC_00352,Information Technology,Investment,5122.95,INR,Richards Inc,Completed
FIN_0480487,2021-01-16,ACC_00166,Finance,Operating Expense,31698.53,EUR,"Diaz, Long and Vega",Completed
FIN_0407912,2024-05-17,ACC_00140,Supply Chain,Payroll,39944.06,SEK,Sanchez-Turner,Pending
FIN_0112858,2024-07-22,ACC_00254,Supply Chain,Payroll,18019.42,USD,Weiss-Pratt,Failed
FIN_0287446,2023-05-04,ACC_00393,Sales,Operating Expense,5464.64,USD,Sullivan-Coleman,Completed
FIN_0402866,2022-02-22,ACC_00283,Engineering,Purchase,44228.02,SEK,"Dawson, Jones and Roberts",Completed
FIN_0477458,2021-12-24,ACC_00014,Marketing,Purchase,14638.31,USD,Love-Irwin,Completed
FIN_0003295,2021-05-15,ACC_00339,Human Resources,Revenue,26319.06,SEK,Mccarthy-Franklin,Completed
FIN_0321664,2022-10-01,ACC_00339,Sales,Purchase,20630.77,INR,Erickson-Ward,Completed
FIN_0279197,2022-05-08,ACC_00471,Information Technology,Purchase,3591.92,INR,Adams and Sons,Completed
FIN_0076049,2022-12-13,ACC_00377,Information Technology,Payroll,10100.72,USD,"Singh, Meadows and Edwards",Completed
FIN_0289501,2022-06-27,ACC_00248,Information Technology,Operating Expense,38441.94,INR,Dixon LLC,Completed
FIN_0238643,2023-07-27,ACC_00133,Information Technology,Purchase,30425.09,USD,"Donovan, Floyd and Walker",Pending
FIN_0140496,2024-09-18,ACC_00006,Manufacturing,Revenue,50287.01,INR,Hines-Martinez,Pending
FIN_0366764,2023-04-23,ACC_00119,Finance,Operating Expense,33186.04,INR,Thompson-Hensley,Completed
FIN_0029384,2023-02-10,ACC_00140,Finance,Payroll,9892.0,SEK,Jones LLC,Completed
FIN_0420172,2023-12-19,ACC_00210,Information Technology,Operating Expense,22221.07,SEK,"Wright, Smith and Owens",Completed
FIN_0010599,2026-03-05,ACC_00222,Supply Chain,Revenue,14094.15,SEK,Waters and Sons,Completed
FIN_0394980,2023-11-16,ACC_00062,Manufacturing,Purchase,30354.04,SEK,Ochoa Group,Completed
FIN_0320544,2022-07-25,ACC_00269,Manufacturing,Purchase,160.33,USD,"Lowery, Diaz and Coffey",Completed
FIN_0305574,2025-07-14,ACC_00427,Engineering,Revenue,62903.81,SEK,Vasquez-Newton,Completed
FIN_0466777,2024-10-11,ACC_00266,Sales,Revenue,62117.83,INR,Murphy-Richardson,Completed
FIN_0138937,2025-03-09,ACC_00200,Engineering,Revenue,18659.29,SEK,Shields-Schwartz,Completed
FIN_0271423,2021-03-30,ACC_00468,Sales,Revenue,43847.21,INR,Flores Group,Completed
FIN_0374253,2022-02-21,ACC_00410,Supply Chain,Payroll,48170.85,USD,Reynolds-Collins,Completed
FIN_0194038,2025-04-27,ACC_00407,Supply Chain,Payroll,47523.26,USD,"Hester, Woods and Alexander",Completed
FIN_0107307,2021-05-07,ACC_00194,Marketing,Revenue,81465.91,SEK,Giles-Huffman,Completed
FIN_0293520,2025-08-23,ACC_00282,Marketing,Revenue,52990.17,INR,"Allen, Marks and Bennett",Completed
FIN_0087919,2026-04-29,ACC_00218,Information Technology,Revenue,55004.9,EUR,Barnes-Malone,Completed
FIN_0063148,2024-07-14,ACC_00301,Supply Chain,Operating Expense,25880.92,INR,Malone-Freeman,Completed
FIN_0149341,2021-08-13,ACC_00016,Supply Chain,Revenue,47754.49,EUR,"Nolan, Yates and Moore",Completed
FIN_0195248,2025-06-01,ACC_00044,Human Resources,Purchase,14895.37,INR,"Valdez, Miller and Bailey",Completed
FIN_0208413,2024-11-22,ACC_00250,Marketing,Purchase,28374.8,SEK,Olsen-Taylor,Completed
FIN_0153720,2022-09-01,ACC_00385,Human Resources,Investment,39023.39,USD,Rodriguez-Ortiz,Completed
FIN_0326788,2024-07-05,ACC_00488,Human Resources,Payroll,28651.95,USD,Walsh PLC,Completed
FIN_0009827,2024-12-28,ACC_00360,Operations,Revenue,22849.86,USD,Scott Inc,Pending
FIN_0338958,2022-07-08,ACC_00210,Operations,Operating Expense,777.35,EUR,Hunt Group,Completed
FIN_0056845,2024-03-22,ACC_00089,Human Resources,Payroll,21050.71,USD,"Mullins, Gilbert and Walker",Completed
FIN_0107688,2023-11-21,ACC_00132,Sales,Revenue,36950.02,SEK,Richardson-Finley,Completed
FIN_0336082,2022-12-13,ACC_00491,Human Resources,Revenue,21886.78,EUR,"Reyes, Lewis and Davis",Pending
FIN_0198680,2023-08-02,ACC_00392,Finance,Purchase,23250.46,USD,"Rivera, Mckay and Duncan",Completed
FIN_0457895,2024-01-04,ACC_00424,Information Technology,Revenue,6732.09,SEK,Frazier PLC,Completed
FIN_0406761,2025-10-14,ACC_00084,Manufacturing,Payroll,7669.84,INR,"Sanchez, Barnes and Gordon",Completed
FIN_0302411,2023-12-30,ACC_00182,Finance,Operating Expense,749.59,EUR,"Dorsey, King and Bell",Completed
FIN_0266032,2021-02-04,ACC_00227,Manufacturing,Revenue,33535.91,INR,"Weaver, Ward and Mcconnell",Completed
FIN_0450283,2023-12-07,ACC_00346,Finance,Investment,30353.7,INR,George-Berry,Completed
FIN_0378157,2023-10-17,ACC_00315,Sales,Purchase,40909.63,EUR,Lopez Inc,Completed
FIN_0095562,2022-06-20,ACC_00486,Operations,Revenue,19657.85,SEK,Tucker PLC,Completed
FIN_0437898,2023-02-02,ACC_00391,Finance,Revenue,16401.5,EUR,"Porter, Banks and Rios",Completed
FIN_0264326,2025-11-29,ACC_00075,Sales,Purchase,3431.95,INR,Santana Inc,Completed
FIN_0178267,2024-03-16,ACC_00417,Manufacturing,Operating Expense,6631.52,USD,Morales LLC,Completed
FIN_0285923,2022-09-22,ACC_00302,Marketing,Revenue,21029.93,SEK,"Edwards, Castillo and Sullivan",Completed
FIN_0167439,2021-07-26,ACC_00240,Information Technology,Payroll,23698.02,USD,Shelton-Allen,Completed
FIN_0252950,2025-07-09,ACC_00042,Finance,Purchase,4347.01,SEK,"Edwards, Leon and Williams",Completed
FIN_0422519,2025-01-04,ACC_00091,Manufacturing,Payroll,20811.96,USD,"Chapman, Gonzales and Guerrero",Completed
FIN_0018067,2022-01-15,ACC_00239,Operations,Operating Expense,23097.11,SEK,"Mitchell, Mills and Hall",Completed
FIN_0261745,2021-03-13,ACC_00124,Supply Chain,Payroll,42441.98,USD,Tate-Crawford,Completed
FIN_0091267,2024-05-14,ACC_00054,Finance,Payroll,41726.26,INR,"Schmidt, Torres and Reese",Completed
FIN_0254522,2026-04-24,ACC_00224,Human Resources,Operating Expense,26303.65,USD,Gallagher-Watson,Pending
FIN_0028529,2023-09-01,ACC_00403,Marketing,Purchase,45379.8,USD,Romero LLC,Completed
FIN_0135397,2024-02-15,ACC_00173,Information Technology,Operating Expense,8697.57,USD,UNKNOWN,Completed
FIN_0321997,2021-09-07,ACC_00099,Finance,Revenue,60595.94,USD,Baker and Sons,Completed
FIN_0437584,2025-10-11,ACC_00137,Engineering,Operating Expense,1395.05,EUR,Woods-Jones,Completed
FIN_0304870,2024-08-14,ACC_00134,Information Technology,Operating Expense,3357.66,SEK,Cruz and Sons,Completed
FIN_0021588,2021-05-06,ACC_00462,Finance,Purchase,28256.15,EUR,"Sims, Gentry and Burch",Completed
FIN_0094184,2024-07-03,ACC_00147,Marketing,Purchase,2898.89,INR,Taylor-Conner,Completed
FIN_0159145,2023-06-08,ACC_00032,Finance,Payroll,6763.98,SEK,"Smith, Russo and Brown",Completed
FIN_0031275,2025-05-29,ACC_00481,Supply Chain,Payroll,49352.26,EUR,Marsh-Contreras,Pending
FIN_0380391,2021-04-23,ACC_00409,Manufacturing,Purchase,8918.68,USD,Conley LLC,Completed
FIN_0494475,2021-09-16,ACC_00150,Operations,Revenue,2428.78,EUR,Estrada Group,Completed
FIN_0026408,2024-09-24,ACC_00308,Human Resources,Revenue,25498.22,USD,"Johnson, Wyatt and Young",Completed
FIN_0042239,2021-04-20,ACC_00310,Marketing,Revenue,39996.92,SEK,"Holt, Mason and Hughes",Completed
FIN_0267198,2023-04-20,ACC_00172,Engineering,Revenue,64430.61,EUR,"Berg, Thomas and Aguilar",Completed
FIN_0320776,2022-08-18,ACC_00297,Finance,Investment,4179.38,EUR,"Green, Watson and Moore",Completed
FIN_0359755,2022-10-15,ACC_00358,Sales,Purchase,22418.11,SEK,Odonnell Group,Failed
FIN_0466198,2022-05-18,ACC_00326,Sales,Revenue,51599.61,USD,Wood-Williams,Completed
FIN_0147299,2025-11-10,ACC_00124,Operations,Revenue,47138.46,EUR,Griffin and Sons,Completed
FIN_0109030,2021-05-14,ACC_00383,Supply Chain,Payroll,18199.53,INR,Barber and Sons,Completed
FIN_0043393,2024-04-05,ACC_00471,Information Technology,Revenue,16903.45,EUR,Forbes-Torres,Completed
FIN_0176799,2026-03-21,ACC_00216,Sales,Purchase,3360.7,SEK,"Fox, Whitney and Wagner",Completed
FIN_0443570,2021-01-02,ACC_00221,Manufacturing,Revenue,76632.68,INR,Chavez LLC,Completed
FIN_0409610,2025-12-14,ACC_00434,Operations,Purchase,45357.69,USD,"Powell, Knight and Hartman",Completed
FIN_0429537,2024-09-09,ACC_00034,Marketing,Payroll,34519.79,INR,Jackson Inc,Completed
FIN_0046616,2023-10-09,ACC_00076,Sales,Operating Expense,42081.85,EUR,"Frederick, Jarvis and Soto",Completed
FIN_0021165,2024-03-19,ACC_00296,Information Technology,Operating Expense,46550.57,SEK,Ryan-Robertson,Completed
FIN_0151147,2021-05-03,ACC_00345,Supply Chain,Payroll,18952.06,INR,Smith-Thomas,Completed
FIN_0129749,2025-11-21,ACC_00446,Sales,Operating Expense,5029.85,USD,Torres-Williams,Completed
FIN_0384057,2025-10-12,ACC_00159,Information Technology,Payroll,13786.73,SEK,"Stewart, Richardson and Phillips",Completed
FIN_0233921,2025-03-20,ACC_00197,Human Resources,Payroll,41579.94,INR,Bryant LLC,Completed
FIN_0154282,2024-07-23,ACC_00477,Information Technology,Operating Expense,10063.14,USD,Garcia LLC,Completed
FIN_0423626,2021-07-13,ACC_00405,Operations,Revenue,88681.73,EUR,"Johnson, Stark and Moore",Completed
FIN_0398880,2024-10-04,ACC_00147,Engineering,Operating Expense,31387.67,USD,Russell PLC,Completed
FIN_0234862,2025-03-31,ACC_00198,Marketing,Purchase,15448.31,USD,UNKNOWN,Completed
FIN_0466810,2021-08-22,ACC_00376,Marketing,Operating Expense,29164.86,SEK,Cole PLC,Completed
FIN_0024807,2024-02-16,ACC_00302,Finance,Purchase,16580.63,INR,"Chandler, Cruz and Anderson",Completed
FIN_0105216,2026-03-21,ACC_00406,Information Technology,Payroll,32671.6,USD,Pennington Inc,Completed
FIN_0295801,2025-06-12,ACC_00194,Supply Chain,Purchase,46584.0,USD,Evans-Berg,Completed
FIN_0291938,2025-12-23,ACC_00276,Supply Chain,Payroll,46370.69,INR,Taylor-Cross,Completed
FIN_0094164,2023-07-25,ACC_00360,Supply Chain,Revenue,39611.39,INR,Stone-Wright,Completed
FIN_0462574,2024-06-01,ACC_00179,Supply Chain,Purchase,5151.04,EUR,Munoz-Young,Completed
FIN_0371137,2026-01-23,ACC_00348,Sales,Operating Expense,24897.87,EUR,"Kline, Brown and Bennett",Completed
FIN_0420472,2022-12-03,ACC_00263,Finance,Operating Expense,40632.83,USD,"Campbell, Waller and Mcdonald",Completed
FIN_0325117,2026-06-08,ACC_00254,Operations,Operating Expense,40133.95,INR,Johnson-Johnson,Completed
FIN_0049211,2024-07-31,ACC_00174,Information Technology,Operating Expense,42791.13,SEK,Alexander-Hogan,Completed
FIN_0440682,2023-04-28,ACC_00450,Engineering,Purchase,40519.99,EUR,Hall-Thompson,Completed
FIN_0244225,2023-05-28,ACC_00348,Sales,Operating Expense,44883.94,INR,UNKNOWN,Completed
FIN_0087039,2021-04-09,ACC_00423,Marketing,Operating Expense,26448.5,SEK,"Sanchez, Stout and Lopez",Completed
FIN_0285831,2025-03-03,ACC_00079,Manufacturing,Purchase,2548.29,INR,UNKNOWN,Completed
FIN_0263566,2022-12-28,ACC_00161,Engineering,Purchase,25960.04,EUR,UNKNOWN,Completed
FIN_0057032,2022-07-14,ACC_00333,Manufacturing,Revenue,83538.03,SEK,Ortega-Hanson,Pending
FIN_0217378,2025-11-17,ACC_00286,Engineering,Purchase,4048.34,SEK,"Phillips, Harrell and Mendez",Completed
FIN_0432640,2021-01-31,ACC_00480,Human Resources,Revenue,55569.34,SEK,"Kelly, Barnes and Potter",Completed
FIN_0492623,2024-03-29,ACC_00222,Manufacturing,Purchase,9620.12,EUR,"Alvarado, Smith and Thomas",Completed
FIN_0212497,2025-10-26,ACC_00193,Supply Chain,Purchase,47468.02,INR,"Price, Crawford and Taylor",Completed
FIN_0410348,2026-01-01,ACC_00458,Finance,Investment,48997.5,EUR,"Moran, Gallagher and Armstrong",Completed
FIN_0349600,2023-11-14,ACC_00454,Human Resources,Operating Expense,10366.76,USD,Tanner LLC,Completed
FIN_0471771,2024-04-21,ACC_00145,Manufacturing,Purchase,49948.59,USD,Mcclure PLC,Completed
FIN_0082914,2023-01-25,ACC_00468,Manufacturing,Payroll,21158.85,USD,Carney PLC,Completed
FIN_0235736,2021-03-13,ACC_00221,Finance,Payroll,1588.48,EUR,Walker and Sons,Completed
FIN_0236792,2024-03-19,ACC_00167,Information Technology,Payroll,8427.86,INR,"Lucas, Cook and Bass",Completed
FIN_0191621,2024-04-19,ACC_00146,Supply Chain,Purchase,39691.33,EUR,Arias-Johnson,Completed
FIN_0283954,2024-04-29,ACC_00487,Information Technology,Operating Expense,34009.25,INR,Mccall PLC,Completed
FIN_0418882,2023-11-29,ACC_00452,Manufacturing,Revenue,26341.68,INR,"Pena, Turner and Dominguez",Completed
FIN_0254977,2023-07-29,ACC_00083,Engineering,Revenue,56128.17,USD,Adams-Travis,Completed
FIN_0083475,2021-03-02,ACC_00471,Sales,Investment,2655.7,INR,Lozano-Sweeney,Completed
FIN_0326491,2024-11-24,ACC_00365,Information Technology,Payroll,4033.01,USD,Woods-Hahn,Pending
FIN_0263589,2025-09-29,ACC_00132,Manufacturing,Operating Expense,10880.08,EUR,"Mercado, Wells and Green",Completed
FIN_0431804,2024-03-24,ACC_00104,Information Technology,Purchase,15529.36,INR,Sims-Wilson,Completed
FIN_0359756,2023-01-30,ACC_00220,Manufacturing,Purchase,42505.42,EUR,Dixon Inc,Completed
FIN_0303858,2025-07-07,ACC_00435,Operations,Payroll,5510.45,INR,UNKNOWN,Completed
FIN_0354259,2024-06-13,ACC_00479,Supply Chain,Investment,44525.51,EUR,"Boyle, Howe and Scott",Completed
FIN_0388402,2024-06-30,ACC_00310,Finance,Purchase,13471.79,SEK,Jordan LLC,Completed
FIN_0460810,2023-05-04,ACC_00260,Sales,Purchase,17415.86,SEK,Sullivan Ltd,Pending
FIN_0246148,2023-12-08,ACC_00093,Finance,Revenue,32669.93,EUR,Moon Ltd,Completed
FIN_0334316,2025-09-22,ACC_00186,Sales,Revenue,24876.9,USD,Edwards Inc,Completed
FIN_0279107,2025-07-27,ACC_00167,Manufacturing,Operating Expense,14777.8,USD,Diaz LLC,Completed
FIN_0009482,2021-05-26,ACC_00040,Human Resources,Revenue,79644.67,USD,"Miller, Kelley and Hart",Pending
FIN_0034979,2025-03-06,ACC_00444,Human Resources,Revenue,19673.32,SEK,"Johnson, Gonzalez and Cobb",Failed
FIN_0176515,2021-10-29,ACC_00476,Sales,Revenue,95666.19,INR,Miller-Johnston,Completed
FIN_0282703,2021-08-27,ACC_00278,Marketing,Revenue,11943.16,EUR,King and Sons,Completed
FIN_0357212,2022-04-16,ACC_00236,Manufacturing,Revenue,78115.34,INR,"Kline, Steele and Davenport",Completed
FIN_0136711,2023-03-01,ACC_00005,Finance,Revenue,8927.87,USD,Stewart PLC,Completed
FIN_0095198,2025-04-07,ACC_00464,Finance,Purchase,47275.37,USD,"Smith, Miller and Garcia",Completed
FIN_0024556,2025-04-15,ACC_00315,Supply Chain,Purchase,45125.46,USD,Lee-Chen,Completed
FIN_0200750,2024-02-17,ACC_00459,Human Resources,Revenue,58725.55,SEK,"Soto, Lee and Norman",Completed
FIN_0034208,2025-11-11,ACC_00491,Operations,Revenue,8787.23,USD,Schwartz-Jackson,Completed
FIN_0224954,2022-11-13,ACC_00376,Marketing,Payroll,21906.0,USD,"Martin, Davis and Silva",Completed
FIN_0267039,2023-06-25,ACC_00227,Engineering,Revenue,21942.99,SEK,"Lewis, Nixon and Baker",Completed
FIN_0303518,2024-03-28,ACC_00360,Finance,Operating Expense,22438.23,INR,Goodwin-Duncan,Completed
FIN_0293802,2025-02-11,ACC_00300,Supply Chain,Revenue,38643.94,EUR,"Wilson, Haley and Perez",Completed
FIN_0455755,2025-07-28,ACC_00135,Operations,Revenue,30477.99,USD,Anderson Group,Completed
FIN_0449886,2022-10-29,ACC_00026,Information Technology,Operating Expense,45418.14,SEK,Diaz LLC,Completed
FIN_0294522,2022-03-07,ACC_00284,Marketing,Operating Expense,27097.08,SEK,Sims-Fitzpatrick,Completed
FIN_0070065,2022-03-11,ACC_00098,Marketing,Payroll,29096.37,SEK,Jackson Group,Completed
FIN_0225173,2021-09-03,ACC_00452,Operations,Purchase,25249.7,USD,Alvarado-Jackson,Completed
FIN_0483026,2024-07-03,ACC_00145,Sales,Purchase,37951.66,USD,Villegas-Cummings,Completed
FIN_0006080,2022-02-06,ACC_00098,Information Technology,Operating Expense,12200.09,EUR,"White, Monroe and Riley",Completed
FIN_0031079,2021-01-18,ACC_00410,Information Technology,Revenue,93992.6,EUR,UNKNOWN,Pending
FIN_0149967,2021-01-04,ACC_00237,Finance,Revenue,22618.71,INR,Francis-Cabrera,Completed
FIN_0121147,2024-01-07,ACC_00072,Manufacturing,Revenue,99066.73,USD,Watkins and Sons,Pending
FIN_0122155,2021-11-14,ACC_00353,Supply Chain,Operating Expense,48998.05,EUR,Gates-Oneill,Completed
FIN_0257174,2025-11-21,ACC_00256,Finance,Purchase,37973.5,USD,Duffy-Watson,Completed
FIN_0250686,2026-03-17,ACC_00119,Operations,Purchase,21447.77,INR,"Lynch, Anderson and Jimenez",Completed
FIN_0034168,2023-05-09,ACC_00410,Manufacturing,Purchase,19972.34,SEK,"Mills, Carson and Mcdonald",Completed
FIN_0175418,2025-02-26,ACC_00078,Sales,Operating Expense,19357.97,EUR,"Price, Turner and Morgan",Completed
FIN_0363809,2024-03-05,ACC_00154,Information Technology,Revenue,73125.68,INR,UNKNOWN,Completed
FIN_0385731,2025-05-19,ACC_00359,Information Technology,Purchase,30895.48,INR,"Garrison, Graham and Boyd",Completed
FIN_0035636,2026-02-13,ACC_00358,Human Resources,Operating Expense,49314.02,INR,Smith and Sons,Completed
FIN_0466289,2025-10-09,ACC_00301,Marketing,Revenue,71732.89,INR,Ayala PLC,Completed
FIN_0471634,2021-11-03,ACC_00172,Human Resources,Purchase,44691.99,EUR,Mayo Ltd,Completed
FIN_0372100,2024-11-26,ACC_00325,Marketing,Operating Expense,44821.99,SEK,Holloway PLC,Completed
FIN_0124011,2024-08-13,ACC_00241,Manufacturing,Revenue,73244.67,EUR,"Johnson, Heath and Bowman",Completed
FIN_0369322,2021-05-11,ACC_00295,Engineering,Purchase,24250.87,SEK,Blake Group,Completed
FIN_0309703,2023-07-01,ACC_00208,Supply Chain,Operating Expense,9026.43,INR,Hall and Sons,Completed
FIN_0390532,2022-01-27,ACC_00165,Information Technology,Revenue,14882.47,EUR,"Nichols, Mcdonald and Campbell",Completed
FIN_0371046,2022-04-04,ACC_00243,Finance,Purchase,45324.1,USD,Clark-Fowler,Pending
FIN_0413434,2026-04-20,ACC_00430,Finance,Purchase,41959.75,EUR,Williams-Scott,Completed
FIN_0009262,2022-09-30,ACC_00390,Human Resources,Investment,32125.44,USD,Carlson-Sawyer,Completed
FIN_0071207,2026-04-22,ACC_00291,Sales,Operating Expense,25145.38,SEK,Mendez-Peterson,Completed
FIN_0466162,2021-04-27,ACC_00114,Finance,Purchase,42565.13,USD,Nguyen PLC,Completed
FIN_0461510,2022-08-21,ACC_00388,Human Resources,Payroll,42352.28,INR,"Stephens, Bailey and Little",Completed
FIN_0264009,2025-12-13,ACC_00263,Engineering,Operating Expense,4532.91,USD,Vega LLC,Completed
FIN_0369716,2023-09-23,ACC_00031,Finance,Payroll,16437.43,EUR,Arroyo-Kelly,Completed
FIN_0220167,2023-10-29,ACC_00212,Supply Chain,Revenue,97891.28,EUR,Rios-Cole,Completed
FIN_0478394,2021-05-11,ACC_00067,Operations,Revenue,4935.5,EUR,"Gordon, Fry and Aguilar",Failed
FIN_0280993,2023-11-19,ACC_00426,Supply Chain,Purchase,42617.75,INR,Ruiz LLC,Completed
FIN_0041632,2025-12-06,ACC_00432,Information Technology,Payroll,49958.01,SEK,Wilson LLC,Completed
FIN_0067650,2023-06-30,ACC_00243,Information Technology,Purchase,11128.3,INR,"Matthews, Jones and Martinez",Pending
FIN_0205609,2025-05-31,ACC_00237,Human Resources,Revenue,3046.93,SEK,Jones Ltd,Completed
FIN_0071619,2023-01-28,ACC_00252,Manufacturing,Revenue,23480.2,INR,"Green, Kim and Ortega",Pending
FIN_0448064,2021-08-05,ACC_00410,Human Resources,Payroll,8461.56,INR,Martinez LLC,Completed
FIN_0486143,2021-06-03,ACC_00119,Engineering,Revenue,79183.12,USD,Graham-Johnson,Completed
FIN_0451234,2024-06-10,ACC_00122,Manufacturing,Investment,14780.79,EUR,Richards-Stewart,Completed
FIN_0461040,2025-12-31,ACC_00295,Engineering,Revenue,42133.03,INR,"Porter, Gordon and Garcia",Completed
FIN_0187192,2025-03-05,ACC_00032,Human Resources,Revenue,62981.44,USD,Edwards-Thompson,Completed
FIN_0108247,2025-03-08,ACC_00111,Sales,Revenue,15214.92,EUR,"Cohen, Davis and Mitchell",Completed
FIN_0215845,2021-10-08,ACC_00057,Supply Chain,Operating Expense,28037.28,EUR,Hall-Wilson,Completed
FIN_0465223,2022-01-07,ACC_00423,Information Technology,Purchase,33872.21,USD,Lawson Ltd,Completed
FIN_0167333,2024-06-03,ACC_00363,Information Technology,Purchase,2485.3,EUR,Roberts PLC,Completed
FIN_0158947,2025-05-12,ACC_00360,Sales,Operating Expense,11024.41,USD,Hays-Duran,Completed
FIN_0210896,2021-12-31,ACC_00128,Marketing,Revenue,6546.83,INR,Roberts-Trujillo,Completed
FIN_0368222,2022-09-14,ACC_00162,Sales,Revenue,75715.52,SEK,"Brown, Whitney and Diaz",Completed
FIN_0087357,2022-02-05,ACC_00026,Finance,Revenue,60486.43,USD,Tate-Diaz,Completed
FIN_0292630,2022-04-16,ACC_00022,Engineering,Operating Expense,36559.83,EUR,"Levy, Ray and Romero",Completed
FIN_0152375,2022-05-19,ACC_00204,Engineering,Operating Expense,17356.69,EUR,Rose-Perkins,Completed
FIN_0052394,2023-02-21,ACC_00173,Supply Chain,Purchase,10064.57,SEK,Hensley Group,Pending
FIN_0104512,2024-10-28,ACC_00082,Supply Chain,Revenue,58791.6,EUR,Newton Group,Pending
FIN_0265515,2024-10-03,ACC_00276,Sales,Investment,6016.42,USD,"Martin, Freeman and Clark",Completed
FIN_0493649,2021-04-28,ACC_00082,Supply Chain,Revenue,56736.6,EUR,"Burns, Bright and Hall",Completed
FIN_0141552,2024-07-09,ACC_00277,Supply Chain,Operating Expense,45706.63,INR,"Brandt, Patrick and Gonzales",Completed
FIN_0393716,2024-05-19,ACC_00260,Supply Chain,Operating Expense,31185.71,USD,Garza Ltd,Completed
FIN_0214287,2025-06-10,ACC_00458,Operations,Revenue,63668.81,USD,Olsen Ltd,Completed
FIN_0311708,2021-08-22,ACC_00181,Sales,Operating Expense,38578.32,EUR,Patterson-Bryant,Pending
FIN_0163830,2024-06-27,ACC_00297,Sales,Operating Expense,33196.48,INR,UNKNOWN,Completed
FIN_0388789,2024-05-30,ACC_00345,Manufacturing,Revenue,91438.22,EUR,Travis-Ali,Pending
FIN_0107403,2026-03-30,ACC_00266,Manufacturing,Revenue,33786.21,SEK,Sullivan Inc,Completed
FIN_0006863,2025-01-27,ACC_00212,Supply Chain,Revenue,23098.79,USD,UNKNOWN,Pending
FIN_0051230,2023-06-28,ACC_00115,Finance,Operating Expense,24437.45,INR,Duffy and Sons,Completed
FIN_0399194,2021-08-05,ACC_00047,Marketing,Payroll,2009.98,SEK,"Lopez, Freeman and Williams",Completed
FIN_0012955,2021-08-28,ACC_00137,Manufacturing,Payroll,22502.44,SEK,Anderson LLC,Completed
FIN_0235430,2023-08-15,ACC_00466,Human Resources,Purchase,27642.21,INR,Reynolds-Brown,Completed
FIN_0489718,2022-11-07,ACC_00439,Manufacturing,Purchase,36916.0,USD,Poole-Mendoza,Completed
FIN_0390173,2021-08-16,ACC_00463,Finance,Payroll,37231.74,EUR,Ruiz LLC,Completed
FIN_0006443,2026-04-23,ACC_00290,Human Resources,Operating Expense,47182.35,EUR,Austin-Sutton,Completed
FIN_0080746,2021-01-04,ACC_00350,Supply Chain,Revenue,87917.35,INR,"Garcia, Holt and Sellers",Completed
FIN_0040631,2024-09-27,ACC_00117,Marketing,Revenue,17768.76,SEK,"Gonzalez, Cannon and Lindsey",Completed
FIN_0316223,2023-05-11,ACC_00352,Engineering,Purchase,28502.24,INR,"Dennis, Schaefer and Baldwin",Completed
FIN_0335386,2024-08-15,ACC_00043,Sales,Purchase,45437.14,EUR,Cook-Anderson,Completed
FIN_0433713,2025-06-30,ACC_00308,Sales,Operating Expense,44278.91,INR,Mcclain Inc,Completed
FIN_0184320,2023-07-25,ACC_00133,Manufacturing,Payroll,18107.66,USD,Soto Inc,Completed
FIN_0004892,2023-02-01,ACC_00063,Information Technology,Payroll,22487.77,INR,Long Ltd,Completed
FIN_0250944,2023-02-02,ACC_00362,Engineering,Purchase,15366.08,EUR,Rivera-Rodriguez,Completed
FIN_0141975,2024-10-24,ACC_00285,Sales,Revenue,11426.56,SEK,"Cortez, Powell and Hartman",Completed
FIN_0028576,2025-10-20,ACC_00213,Finance,Purchase,34973.13,EUR,Cohen PLC,Completed
FIN_0382753,2023-02-15,ACC_00401,Human Resources,Revenue,48066.5,EUR,Lawrence LLC,Completed
FIN_0473597,2023-05-24,ACC_00490,Human Resources,Purchase,20057.57,SEK,Smith-Mckinney,Completed
FIN_0109113,2021-01-17,ACC_00080,Finance,Purchase,46889.43,SEK,Le-Jackson,Completed
FIN_0472472,2022-04-22,ACC_00319,Engineering,Payroll,41197.04,EUR,"Hubbard, Hill and Anthony",Completed
FIN_0394657,2022-05-29,ACC_00259,Sales,Revenue,74473.86,SEK,Adams-Greene,Completed
FIN_0127568,2024-11-01,ACC_00185,Information Technology,Revenue,54578.44,SEK,"Edwards, Kelly and Ray",Completed
FIN_0085649,2023-02-12,ACC_00245,Human Resources,Revenue,5462.96,EUR,Armstrong-Coleman,Completed
FIN_0405645,2026-06-29,ACC_00209,Supply Chain,Revenue,57328.71,INR,Mayer Group,Completed
FIN_0323640,2022-05-04,ACC_00428,Sales,Purchase,25589.63,INR,"James, Sellers and Wilson",Completed
FIN_0233326,2025-08-18,ACC_00221,Manufacturing,Investment,49291.63,INR,"Leonard, Coffey and Jordan",Pending
FIN_0221328,2022-06-14,ACC_00316,Engineering,Investment,11535.78,SEK,"Rojas, Riley and Weaver",Completed
FIN_0112248,2024-07-27,ACC_00228,Finance,Payroll,1271.41,INR,Copeland-Reese,Completed
FIN_0138126,2022-03-27,ACC_00126,Manufacturing,Purchase,11979.49,USD,Glover-Duncan,Completed
FIN_0134468,2021-02-22,ACC_00134,Finance,Revenue,78418.59,SEK,UNKNOWN,Completed
FIN_0210163,2023-12-14,ACC_00231,Information Technology,Revenue,7103.8,INR,Mcdonald Group,Completed
FIN_0220473,2021-10-02,ACC_00172,Information Technology,Payroll,29111.08,SEK,Perry Group,Completed
FIN_0271647,2026-04-21,ACC_00250,Marketing,Revenue,74442.76,USD,"Williams, Mcclure and Mullins",Completed
FIN_0261874,2024-05-30,ACC_00260,Information Technology,Payroll,32111.13,EUR,Hicks-Rhodes,Failed
FIN_0314914,2024-08-04,ACC_00400,Marketing,Revenue,50197.04,SEK,Gutierrez-Bell,Completed
FIN_0346640,2023-03-23,ACC_00290,Engineering,Operating Expense,40693.63,USD,Alexander Inc,Completed
FIN_0155673,2024-11-27,ACC_00445,Manufacturing,Purchase,16071.47,INR,Shepard-Hall,Failed
FIN_0343411,2024-11-22,ACC_00487,Operations,Revenue,65911.78,USD,"Young, Moreno and Powell",Completed
FIN_0157683,2025-12-29,ACC_00468,Human Resources,Operating Expense,17673.94,USD,Charles Inc,Completed
FIN_0341666,2023-01-31,ACC_00110,Engineering,Revenue,91857.75,INR,Russell-Osborn,Completed
FIN_0027355,2022-10-29,ACC_00434,Supply Chain,Operating Expense,19047.03,INR,Yang-Christensen,Completed
FIN_0078380,2024-04-02,ACC_00402,Human Resources,Purchase,47213.2,EUR,Marsh Group,Completed
FIN_0482178,2023-03-11,ACC_00468,Operations,Revenue,35004.31,EUR,Martin-Oliver,Pending
FIN_0269414,2024-05-17,ACC_00112,Sales,Operating Expense,14343.76,EUR,Jones PLC,Completed
FIN_0252160,2023-09-08,ACC_00080,Human Resources,Payroll,29532.43,INR,Brown-Conley,Completed
FIN_0310341,2022-09-28,ACC_00197,Information Technology,Purchase,46157.03,EUR,Hall-Golden,Completed
FIN_0414247,2023-09-28,ACC_00324,Information Technology,Revenue,46709.58,SEK,Cunningham-Washington,Completed
FIN_0123609,2021-08-09,ACC_00482,Marketing,Payroll,29214.3,EUR,"Hamilton, Norman and Hubbard",Completed
FIN_0148756,2021-11-30,ACC_00337,Finance,Revenue,52066.63,EUR,"Richard, Fuller and Pierce",Completed
FIN_0475134,2026-01-14,ACC_00114,Operations,Operating Expense,3776.34,INR,"Davis, Mendez and Snyder",Completed
FIN_0328951,2025-11-10,ACC_00263,Engineering,Payroll,25082.45,INR,Nichols PLC,Completed
FIN_0258209,2022-08-28,ACC_00252,Manufacturing,Purchase,16871.83,INR,"King, Tapia and Miller",Completed
FIN_0237217,2025-05-19,ACC_00049,Sales,Purchase,881.47,INR,"Hancock, Shields and Delacruz",Completed
FIN_0177935,2024-11-13,ACC_00019,Finance,Revenue,87152.58,INR,Richards-Olson,Completed
FIN_0036470,2025-08-09,ACC_00251,Manufacturing,Purchase,33457.89,EUR,Gonzalez Inc,Completed
FIN_0166851,2024-06-21,ACC_00210,Marketing,Revenue,24127.91,USD,Branch PLC,Completed
FIN_0429749,2025-10-23,ACC_00197,Information Technology,Purchase,42305.93,EUR,Rivas Group,Completed
FIN_0304094,2023-09-20,ACC_00044,Manufacturing,Purchase,3957.99,INR,Bell Group,Completed
FIN_0288611,2024-09-04,ACC_00416,Sales,Investment,29380.07,INR,Walker Inc,Completed
FIN_0070309,2021-12-06,ACC_00134,Supply Chain,Revenue,25410.0,SEK,Dorsey Group,Pending
FIN_0317179,2022-08-07,ACC_00485,Operations,Operating Expense,6803.54,INR,"Ramirez, Harris and Gay",Completed
FIN_0091523,2021-10-09,ACC_00307,Supply Chain,Revenue,96093.91,EUR,Schwartz Group,Completed
FIN_0473779,2026-03-21,ACC_00176,Information Technology,Operating Expense,20747.05,EUR,Wang Group,Completed
FIN_0271432,2023-05-27,ACC_00201,Operations,Revenue,46083.37,USD,"Morgan, Shaffer and Weber",Completed
FIN_0136766,2025-08-07,ACC_00278,Manufacturing,Revenue,34273.4,SEK,Jordan PLC,Completed
FIN_0183511,2025-03-05,ACC_00476,Engineering,Revenue,80305.0,EUR,Miller Group,Completed
FIN_0019722,2026-03-24,ACC_00227,Sales,Operating Expense,42927.75,USD,"Adkins, Martin and Potts",Completed
FIN_0047715,2021-03-21,ACC_00026,Operations,Payroll,41286.59,SEK,"Peterson, Weaver and Garcia",Completed
FIN_0314577,2022-09-10,ACC_00208,Manufacturing,Payroll,38194.01,EUR,"Edwards, Rodriguez and Finley",Completed
FIN_0233720,2023-01-04,ACC_00227,Marketing,Payroll,6368.73,EUR,UNKNOWN,Completed
FIN_0152702,2024-04-14,ACC_00004,Sales,Purchase,41853.97,INR,Bell-Ross,Completed
FIN_0114895,2021-08-02,ACC_00248,Operations,Payroll,12814.98,SEK,Price-Jackson,Completed
FIN_0264820,2024-02-13,ACC_00025,Human Resources,Revenue,95519.98,USD,Davis PLC,Completed
FIN_0439618,2025-11-21,ACC_00333,Manufacturing,Payroll,14769.33,EUR,Haynes-Smith,Completed
FIN_0004619,2022-02-14,ACC_00221,Operations,Operating Expense,47026.8,SEK,Cook-Long,Failed
FIN_0440581,2024-03-14,ACC_00253,Engineering,Revenue,23684.5,EUR,UNKNOWN,Completed
FIN_0004285,2025-06-28,ACC_00361,Manufacturing,Revenue,29670.02,EUR,Harding-Cisneros,Completed
FIN_0434883,2025-02-28,ACC_00500,Manufacturing,Payroll,17399.86,EUR,Palmer LLC,Completed
FIN_0041281,2024-03-10,ACC_00315,Finance,Revenue,50221.1,SEK,Anderson PLC,Completed
FIN_0109880,2021-08-20,ACC_00265,Engineering,Revenue,36669.57,SEK,"Munoz, Smith and Ellis",Completed
FIN_0455585,2024-06-19,ACC_00213,Finance,Purchase,48813.48,EUR,Barber-Kelly,Completed
FIN_0377661,2023-10-28,ACC_00141,Marketing,Purchase,32409.01,SEK,Obrien-Nichols,Completed
FIN_0281518,2024-08-02,ACC_00042,Human Resources,Payroll,35456.62,INR,"Watson, Sandoval and Suarez",Completed
FIN_0181582,2021-11-24,ACC_00344,Marketing,Operating Expense,1652.41,INR,White PLC,Completed
FIN_0449141,2025-03-12,ACC_00352,Information Technology,Purchase,11793.08,SEK,Hughes-Martin,Completed
FIN_0284418,2025-01-11,ACC_00364,Supply Chain,Revenue,92257.81,USD,Anderson-Kline,Completed
FIN_0019777,2021-11-23,ACC_00485,Finance,Operating Expense,17129.53,SEK,Lawson-Garcia,Completed
FIN_0092884,2022-02-03,ACC_00348,Operations,Investment,8135.42,USD,Robinson-Hamilton,Completed
FIN_0493382,2022-01-08,ACC_00279,Human Resources,Payroll,28680.26,EUR,Armstrong and Sons,Completed
FIN_0443345,2023-12-22,ACC_00427,Supply Chain,Investment,49501.88,SEK,Frank Ltd,Completed
FIN_0479023,2024-01-27,ACC_00014,Manufacturing,Purchase,39878.08,INR,Williams PLC,Completed
FIN_0020256,2025-08-14,ACC_00305,Supply Chain,Revenue,94505.84,INR,"Clayton, Evans and Winters",Completed
FIN_0240859,2025-10-17,ACC_00259,Operations,Revenue,84584.11,USD,UNKNOWN,Completed
FIN_0314386,2024-12-08,ACC_00427,Supply Chain,Revenue,70303.84,INR,UNKNOWN,Completed
FIN_0197147,2025-02-26,ACC_00169,Information Technology,Payroll,20397.19,SEK,"Bush, Hurley and Fernandez",Completed
FIN_0265634,2024-04-18,ACC_00179,Engineering,Revenue,87714.98,USD,Clark-Watson,Completed
FIN_0076835,2025-12-13,ACC_00489,Information Technology,Revenue,32578.22,INR,Woods Ltd,Completed
FIN_0355951,2024-10-28,ACC_00368,Finance,Payroll,25816.53,USD,Barron-Hernandez,Completed
FIN_0200330,2023-12-15,ACC_00072,Engineering,Purchase,13352.63,INR,Golden-Cruz,Completed
FIN_0305886,2022-06-04,ACC_00099,Engineering,Purchase,19837.03,INR,Zuniga-Baldwin,Completed
FIN_0417067,2024-05-18,ACC_00451,Supply Chain,Purchase,33139.52,EUR,"Nichols, Johnston and Smith",Completed
FIN_0318339,2023-10-13,ACC_00425,Supply Chain,Operating Expense,8887.83,INR,Thompson PLC,Completed
FIN_0486089,2024-03-28,ACC_00420,Human Resources,Payroll,29002.2,INR,"Acosta, Calderon and Lopez",Completed
FIN_0295238,2022-03-16,ACC_00066,Sales,Revenue,44579.23,SEK,"Jones, Pacheco and Mccall",Completed
FIN_0484747,2021-10-11,ACC_00056,Human Resources,Operating Expense,39483.67,EUR,Estrada-Thompson,Completed
FIN_0317654,2021-02-25,ACC_00416,Sales,Revenue,31399.2,INR,"Griffin, Carpenter and Williamson",Completed
FIN_0234064,2024-09-16,ACC_00153,Supply Chain,Revenue,37010.13,SEK,King-Beard,Pending
FIN_0489547,2022-02-24,ACC_00183,Supply Chain,Purchase,10011.5,EUR,Townsend-Maldonado,Completed
FIN_0398035,2024-06-01,ACC_00187,Supply Chain,Operating Expense,41239.74,SEK,"Foster, Small and Wong",Completed
FIN_0401818,2024-02-22,ACC_00281,Finance,Operating Expense,8082.38,USD,Roberts Inc,Completed
FIN_0208774,2023-05-30,ACC_00174,Supply Chain,Revenue,39340.37,USD,Miller-Mitchell,Completed
FIN_0207535,2022-11-24,ACC_00251,Sales,Purchase,47721.41,EUR,Simmons-Chapman,Pending
FIN_0366354,2026-03-11,ACC_00386,Finance,Purchase,47089.25,SEK,Morgan Inc,Completed
FIN_0116088,2022-01-11,ACC_00023,Information Technology,Revenue,54452.15,SEK,UNKNOWN,Completed
FIN_0119599,2026-03-23,ACC_00338,Manufacturing,Revenue,2840.39,USD,Cruz Ltd,Completed
FIN_0471542,2021-11-16,ACC_00329,Manufacturing,Payroll,27438.94,EUR,"Duffy, Wilcox and Jackson",Completed
FIN_0055683,2026-02-05,ACC_00222,Sales,Purchase,40576.55,INR,UNKNOWN,Completed
FIN_0376916,2022-05-25,ACC_00012,Information Technology,Payroll,37233.88,USD,Warren-Bowen,Completed
FIN_0181714,2022-06-12,ACC_00227,Engineering,Revenue,61743.13,EUR,Johnson Group,Completed
FIN_0032808,2022-04-20,ACC_00121,Sales,Payroll,35620.42,USD,Kane-Shelton,Completed
FIN_0309497,2022-06-23,ACC_00374,Operations,Payroll,44976.16,USD,Martinez Group,Completed
FIN_0060519,2022-09-13,ACC_00018,Human Resources,Revenue,31562.65,SEK,Cardenas-Johnson,Completed
FIN_0409638,2021-12-16,ACC_00034,Finance,Purchase,14748.58,SEK,Young-Skinner,Completed
FIN_0216189,2024-03-13,ACC_00167,Sales,Revenue,75158.11,USD,Harris-Reed,Completed
FIN_0248547,2023-08-08,ACC_00080,Sales,Revenue,48893.7,USD,Harrington PLC,Completed
FIN_0296103,2024-11-30,ACC_00171,Information Technology,Operating Expense,43844.58,USD,Cruz Ltd,Completed
FIN_0467912,2023-07-22,ACC_00245,Manufacturing,Investment,21035.21,EUR,Moore-Nelson,Completed
FIN_0088146,2026-02-22,ACC_00124,Engineering,Investment,23887.64,EUR,Thomas-Davis,Completed
FIN_0379712,2022-07-09,ACC_00020,Sales,Operating Expense,36171.46,INR,Anderson-Anderson,Completed
FIN_0007047,2022-05-22,ACC_00160,Information Technology,Operating Expense,14196.61,USD,"Hanson, Robertson and Taylor",Pending
FIN_0323419,2022-02-26,ACC_00003,Engineering,Investment,35403.21,USD,Herrera Group,Completed
FIN_0401560,2023-10-06,ACC_00473,Engineering,Operating Expense,38281.22,USD,"Williamson, Harmon and White",Completed
FIN_0245334,2022-03-20,ACC_00119,Information Technology,Revenue,84278.37,SEK,"Nguyen, Hill and Gibbs",Completed
FIN_0430336,2024-02-12,ACC_00394,Supply Chain,Payroll,41504.2,USD,"Anderson, Chavez and Thompson",Completed
FIN_0120500,2021-04-30,ACC_00465,Manufacturing,Operating Expense,41273.41,SEK,"Brown, Pierce and Sweeney",Completed
FIN_0243224,2024-11-08,ACC_00476,Supply Chain,Operating Expense,9599.63,SEK,Lewis-Ellis,Completed
FIN_0067978,2021-04-28,ACC_00053,Sales,Investment,9237.76,INR,Sims-Fields,Completed
FIN_0317677,2021-09-25,ACC_00132,Sales,Revenue,28321.97,EUR,White-Smith,Completed
FIN_0398054,2022-02-02,ACC_00361,Operations,Revenue,26248.38,SEK,Williams-Klein,Pending
FIN_0057190,2023-06-17,ACC_00475,Marketing,Revenue,76504.75,USD,Hardy PLC,Completed
FIN_0158917,2025-06-02,ACC_00473,Marketing,Purchase,14154.91,SEK,Luna-Gardner,Completed
FIN_0461815,2021-12-24,ACC_00423,Manufacturing,Payroll,15841.71,INR,Green-Walker,Completed
FIN_0237759,2021-10-29,ACC_00465,Operations,Payroll,12621.99,SEK,"Garcia, Mann and Fritz",Completed
FIN_0102795,2024-01-15,ACC_00243,Finance,Revenue,40696.61,EUR,"Deleon, Martinez and Todd",Completed
FIN_0263528,2021-07-15,ACC_00289,Sales,Revenue,3785.39,EUR,Thomas LLC,Pending
FIN_0334304,2023-12-09,ACC_00252,Manufacturing,Revenue,12720.17,SEK,Thomas and Sons,Completed
FIN_0361550,2023-12-03,ACC_00326,Marketing,Purchase,37205.98,EUR,Perez PLC,Completed
FIN_0111094,2024-06-24,ACC_00351,Sales,Payroll,19229.71,USD,Simmons-Miller,Pending
FIN_0113112,2026-01-03,ACC_00234,Finance,Operating Expense,13059.64,USD,"Boyle, Bass and Diaz",Completed
FIN_0365738,2025-04-03,ACC_00135,Sales,Purchase,25940.41,INR,Blair-Hawkins,Completed
FIN_0466176,2025-09-28,ACC_00135,Sales,Payroll,24004.71,USD,Tran Inc,Completed
FIN_0409953,2022-01-04,ACC_00488,Human Resources,Revenue,96145.89,SEK,"Paul, Jones and Hurley",Completed
FIN_0323706,2022-10-25,ACC_00130,Human Resources,Operating Expense,27323.85,SEK,Hill Ltd,Completed
FIN_0371557,2021-08-01,ACC_00115,Supply Chain,Payroll,23963.04,EUR,Bowman-Weaver,Completed
FIN_0034556,2023-12-14,ACC_00252,Manufacturing,Operating Expense,135.84,INR,Williamson-Harris,Pending
FIN_0348969,2022-02-08,ACC_00324,Operations,Revenue,19199.69,INR,UNKNOWN,Completed
FIN_0330347,2025-07-13,ACC_00187,Engineering,Purchase,1888.05,INR,Gutierrez-Thomas,Completed
FIN_0315945,2021-09-12,ACC_00452,Finance,Operating Expense,20454.92,USD,Martin-Moyer,Completed
FIN_0407648,2026-01-24,ACC_00346,Marketing,Purchase,12779.73,INR,Frost and Sons,Completed
FIN_0432909,2021-04-03,ACC_00115,Supply Chain,Revenue,5204.49,USD,"Simmons, Long and Smith",Completed
FIN_0048453,2025-10-01,ACC_00496,Finance,Operating Expense,18606.45,EUR,Glenn and Sons,Completed
FIN_0329796,2024-07-22,ACC_00249,Sales,Purchase,17945.29,EUR,Hodge and Sons,Completed
FIN_0260763,2021-03-09,ACC_00312,Supply Chain,Purchase,16676.81,EUR,Smith Ltd,Completed
FIN_0239967,2024-12-25,ACC_00190,Marketing,Revenue,94999.48,SEK,Jones-Cunningham,Completed
FIN_0196390,2024-10-19,ACC_00024,Manufacturing,Payroll,29278.95,INR,"Wu, Powell and Ramsey",Completed
FIN_0183628,2023-04-08,ACC_00022,Marketing,Operating Expense,44056.7,INR,"Mccormick, Bailey and Price",Completed
FIN_0348264,2025-05-19,ACC_00341,Operations,Purchase,44498.6,INR,Holland and Sons,Completed
FIN_0393733,2023-09-28,ACC_00412,Information Technology,Revenue,32654.96,USD,Robinson LLC,Completed
FIN_0061479,2024-08-16,ACC_00413,Finance,Operating Expense,43691.46,INR,"Ortega, Rodriguez and Yates",Completed
FIN_0297258,2024-08-25,ACC_00295,Human Resources,Purchase,48544.74,EUR,Blackburn-Roberts,Completed
FIN_0360699,2023-10-22,ACC_00205,Human Resources,Revenue,40775.02,INR,Long Inc,Completed
FIN_0244905,2025-03-14,ACC_00283,Sales,Payroll,12241.45,SEK,Marsh-Carpenter,Pending
FIN_0012479,2021-01-08,ACC_00016,Marketing,Purchase,7251.35,SEK,Sellers-Perry,Completed
FIN_0122816,2024-06-02,ACC_00151,Finance,Revenue,71267.21,SEK,"Bauer, Rios and Burke",Completed
FIN_0116680,2024-01-25,ACC_00185,Human Resources,Revenue,78066.25,USD,"Morgan, Parrish and Anderson",Completed
FIN_0446109,2025-01-20,ACC_00361,Human Resources,Revenue,10282.2,INR,Moreno PLC,Completed
FIN_0070382,2023-02-21,ACC_00331,Engineering,Operating Expense,21274.54,EUR,"Craig, Foster and Decker",Pending
FIN_0009531,2023-10-04,ACC_00204,Sales,Revenue,76489.72,INR,Osborne-Hines,Completed
FIN_0443347,2026-05-16,ACC_00401,Manufacturing,Revenue,74950.36,USD,Miller-Miller,Completed
FIN_0227162,2023-04-26,ACC_00221,Sales,Payroll,37616.28,EUR,Villanueva-Pineda,Completed
FIN_0373073,2022-02-04,ACC_00205,Manufacturing,Operating Expense,1058.94,USD,Oconnor PLC,Pending
FIN_0080680,2025-07-23,ACC_00206,Engineering,Revenue,64244.16,INR,"Reed, Long and Allen",Completed
FIN_0412600,2021-04-09,ACC_00379,Human Resources,Purchase,40578.42,EUR,Bell-Hoffman,Completed
FIN_0101681,2022-10-25,ACC_00222,Information Technology,Revenue,97307.06,SEK,Bennett-Green,Completed
FIN_0058782,2023-09-30,ACC_00293,Manufacturing,Purchase,43817.62,SEK,"Taylor, Hale and Sanders",Completed
FIN_0300766,2026-01-25,ACC_00299,Information Technology,Purchase,46564.93,USD,Estrada PLC,Completed
FIN_0234156,2025-09-24,ACC_00072,Operations,Revenue,36910.53,INR,Webb-Terry,Completed
FIN_0213146,2022-02-19,ACC_00459,Manufacturing,Revenue,41329.67,USD,Gonzalez Ltd,Completed
FIN_0090951,2024-10-29,ACC_00285,Finance,Revenue,23261.77,SEK,Cowan-Taylor,Completed
FIN_0164682,2025-08-17,ACC_00003,Finance,Operating Expense,4306.67,INR,Duke-Green,Failed
FIN_0240894,2023-07-29,ACC_00267,Supply Chain,Revenue,43567.36,INR,Richardson-Santos,Completed
FIN_0293642,2021-11-18,ACC_00341,Human Resources,Operating Expense,28024.98,EUR,Harper-Beasley,Completed
FIN_0316908,2022-10-30,ACC_00357,Engineering,Revenue,10080.24,INR,Wilson-Long,Completed
FIN_0086359,2026-03-26,ACC_00340,Information Technology,Purchase,19189.71,EUR,Gardner LLC,Completed
FIN_0420573,2024-02-18,ACC_00196,Marketing,Operating Expense,34320.77,USD,Moyer-Schroeder,Completed
FIN_0046795,2025-02-20,ACC_00321,Sales,Payroll,12770.99,USD,Scott-Chan,Completed
FIN_0141067,2026-01-01,ACC_00451,Marketing,Revenue,43278.93,SEK,Black-Ferguson,Completed
FIN_0211690,2022-04-16,ACC_00144,Operations,Operating Expense,14461.05,EUR,"Gonzalez, Collier and Mcintosh",Completed
FIN_0190243,2023-08-28,ACC_00471,Supply Chain,Operating Expense,30706.15,USD,Bauer-Nash,Completed
FIN_0283204,2025-01-22,ACC_00284,Supply Chain,Revenue,56610.7,EUR,"Harris, Smith and Browning",Completed
FIN_0061145,2024-12-31,ACC_00059,Manufacturing,Operating Expense,30981.39,INR,Lee Inc,Completed
FIN_0271592,2022-05-22,ACC_00313,Sales,Purchase,28048.3,SEK,"Meyers, Grant and Ryan",Completed
FIN_0189355,2024-11-06,ACC_00034,Marketing,Revenue,8907.28,INR,Torres Inc,Completed
FIN_0478169,2025-01-01,ACC_00276,Marketing,Revenue,57932.78,INR,Gregory Inc,Completed
FIN_0312509,2025-07-03,ACC_00101,Supply Chain,Payroll,36325.71,INR,"Brown, Morris and Thomas",Completed
FIN_0065349,2023-08-25,ACC_00389,Human Resources,Revenue,69020.44,EUR,Baker-Nelson,Pending
FIN_0102288,2022-07-29,ACC_00445,Finance,Revenue,37427.06,EUR,"Mcclure, Cross and Miller",Completed
FIN_0111181,2024-12-17,ACC_00162,Engineering,Payroll,7474.8,USD,Wells-Vaughan,Completed
FIN_0139565,2026-01-03,ACC_00288,Operations,Purchase,27001.64,INR,Austin-Simon,Completed
FIN_0470687,2024-05-27,ACC_00408,Operations,Operating Expense,26155.4,USD,Gonzales PLC,Completed
FIN_0331022,2025-07-29,ACC_00069,Manufacturing,Payroll,6624.47,INR,Cannon-Elliott,Completed
FIN_0293756,2024-01-07,ACC_00302,Human Resources,Revenue,10649.54,EUR,"Navarro, Brooks and Munoz",Failed
FIN_0401327,2025-01-05,ACC_00223,Engineering,Revenue,39603.32,SEK,Wade Inc,Completed
FIN_0355271,2023-02-22,ACC_00347,Human Resources,Purchase,29890.15,SEK,"Wheeler, Smith and Byrd",Completed
FIN_0278283,2024-07-11,ACC_00286,Marketing,Payroll,32873.34,USD,"Garcia, Alvarez and Durham",Completed
FIN_0256605,2022-11-04,ACC_00427,Operations,Revenue,53956.4,USD,"Murphy, Chapman and Ramsey",Completed
FIN_0158979,2026-01-21,ACC_00382,Manufacturing,Operating Expense,20244.28,INR,Gray LLC,Completed
FIN_0416564,2024-03-25,ACC_00491,Marketing,Investment,1862.33,INR,Richardson-Harris,Completed
FIN_0385572,2021-03-19,ACC_00045,Engineering,Purchase,33897.79,EUR,Mcdonald Inc,Completed
FIN_0421898,2024-03-03,ACC_00343,Information Technology,Operating Expense,12747.36,USD,"Johnson, Weaver and Lane",Completed
FIN_0303178,2023-11-27,ACC_00194,Information Technology,Operating Expense,16990.92,EUR,UNKNOWN,Completed
FIN_0008620,2023-09-30,ACC_00099,Human Resources,Operating Expense,16540.35,SEK,"Craig, Howard and Montoya",Pending
FIN_0159878,2024-10-18,ACC_00354,Information Technology,Revenue,27705.15,USD,"Horn, Jones and Martin",Completed
FIN_0130443,2022-09-26,ACC_00288,Information Technology,Purchase,33314.6,INR,Stuart-Waters,Completed
FIN_0124285,2025-03-31,ACC_00013,Supply Chain,Operating Expense,42700.88,SEK,Thompson-Richards,Completed
FIN_0436552,2024-03-09,ACC_00163,Human Resources,Operating Expense,22595.76,INR,King and Sons,Completed
FIN_0239267,2023-07-20,ACC_00121,Human Resources,Payroll,19187.63,SEK,UNKNOWN,Completed
FIN_0324121,2026-03-31,ACC_00087,Operations,Payroll,47575.9,USD,"Hart, Walker and Davis",Completed
FIN_0339576,2021-04-15,ACC_00331,Human Resources,Revenue,96944.01,SEK,Schroeder PLC,Completed
FIN_0310143,2022-08-17,ACC_00081,Finance,Purchase,16065.03,INR,Rubio-Davis,Pending
FIN_0394630,2026-03-24,ACC_00185,Finance,Revenue,46342.12,INR,Hernandez-Ray,Completed
FIN_0163862,2022-01-02,ACC_00495,Operations,Revenue,45510.34,SEK,Whitney-Wilson,Completed
FIN_0208586,2023-01-13,ACC_00011,Supply Chain,Revenue,18051.46,USD,Hamilton-Brooks,Completed
FIN_0307435,2026-01-15,ACC_00103,Information Technology,Payroll,8133.66,INR,Brown-Rodgers,Completed
FIN_0062942,2026-04-09,ACC_00271,Sales,Operating Expense,14260.96,USD,Fisher Inc,Completed
FIN_0351341,2024-11-21,ACC_00043,Manufacturing,Revenue,1089.54,SEK,Cruz LLC,Completed
FIN_0282606,2021-04-04,ACC_00113,Finance,Investment,19493.55,USD,Graham and Sons,Completed
FIN_0481663,2021-10-03,ACC_00200,Sales,Purchase,32154.49,INR,Mora-Beard,Completed
FIN_0280734,2022-02-10,ACC_00251,Information Technology,Purchase,32060.43,SEK,Schmidt-Riddle,Completed
FIN_0162875,2023-09-28,ACC_00220,Manufacturing,Revenue,31931.25,USD,"Sanchez, Booker and Wright",Completed
FIN_0248976,2023-12-28,ACC_00481,Information Technology,Revenue,83172.76,EUR,Huff-Brooks,Completed
FIN_0341995,2024-05-12,ACC_00242,Sales,Investment,45087.51,USD,Tanner LLC,Completed
FIN_0310016,2021-10-27,ACC_00479,Human Resources,Revenue,71112.89,SEK,"Foster, Allen and Moses",Failed
FIN_0276220,2023-03-15,ACC_00164,Operations,Purchase,44661.72,EUR,Wall and Sons,Completed
FIN_0244936,2023-08-22,ACC_00161,Sales,Revenue,94590.0,EUR,"Cummings, Barajas and Stanley",Completed
FIN_0326215,2024-07-09,ACC_00221,Information Technology,Purchase,28901.94,INR,"Martinez, Wong and Harris",Completed
FIN_0224767,2024-03-16,ACC_00239,Finance,Operating Expense,12384.62,USD,Gates LLC,Completed
FIN_0051352,2026-04-17,ACC_00028,Engineering,Payroll,2915.47,USD,Sawyer-Oneill,Pending
FIN_0229548,2022-12-12,ACC_00498,Human Resources,Operating Expense,44996.77,SEK,"Davis, Nunez and Stanley",Pending
FIN_0024461,2023-02-10,ACC_00212,Sales,Operating Expense,46154.8,INR,Thompson-Ramos,Completed
FIN_0316207,2026-05-27,ACC_00111,Engineering,Revenue,11034.52,EUR,Phillips-White,Completed
FIN_0267431,2025-12-18,ACC_00044,Human Resources,Revenue,94207.47,EUR,Jones-Delacruz,Completed
FIN_0131882,2022-08-27,ACC_00091,Engineering,Revenue,37635.11,INR,"Myers, Flowers and Watkins",Completed
FIN_0496935,2021-01-20,ACC_00110,Manufacturing,Revenue,1863.92,USD,Sawyer-Hughes,Failed
FIN_0318034,2025-03-04,ACC_00291,Human Resources,Purchase,19410.51,EUR,"Watkins, Wilson and Cervantes",Completed
FIN_0024726,2024-10-10,ACC_00226,Finance,Payroll,17764.77,INR,Perez Inc,Completed
FIN_0355455,2025-08-20,ACC_00404,Marketing,Payroll,22043.3,SEK,Myers Inc,Completed
FIN_0050824,2024-10-06,ACC_00425,Human Resources,Payroll,39725.2,USD,"Stewart, Fernandez and Martin",Completed
FIN_0385150,2021-05-30,ACC_00113,Supply Chain,Payroll,28885.48,SEK,Johnson Inc,Completed
FIN_0218660,2026-01-25,ACC_00481,Marketing,Operating Expense,5242.74,USD,"Reilly, Richards and Castillo",Failed
FIN_0106056,2023-03-01,ACC_00045,Information Technology,Revenue,13141.88,SEK,"Rose, Meyer and Bailey",Failed
FIN_0260903,2024-03-19,ACC_00027,Marketing,Revenue,32518.74,INR,"Murray, Clark and Boyle",Completed
FIN_0201260,2025-03-13,ACC_00082,Operations,Revenue,55562.26,INR,"Davis, Arnold and Greene",Completed
FIN_0402464,2022-09-05,ACC_00043,Engineering,Purchase,43067.71,INR,Bailey Ltd,Completed
FIN_0386922,2026-04-13,ACC_00035,Information Technology,Revenue,2875.25,SEK,"Shea, Sanders and Scott",Completed
FIN_0029850,2024-03-31,ACC_00110,Manufacturing,Investment,40174.62,SEK,Sanchez and Sons,Completed
FIN_0240664,2023-12-07,ACC_00043,Operations,Operating Expense,35291.42,EUR,Chase and Sons,Completed
FIN_0468036,2025-06-09,ACC_00437,Sales,Investment,35497.41,EUR,Martinez-Mendez,Completed
FIN_0027281,2021-06-21,ACC_00121,Finance,Operating Expense,4367.78,SEK,"Bishop, Snyder and Perez",Completed
FIN_0251430,2026-06-22,ACC_00399,Information Technology,Operating Expense,14970.5,INR,Andrade-Mccormick,Completed
FIN_0014222,2022-10-23,ACC_00302,Sales,Operating Expense,39516.1,USD,Davis-Frank,Completed
FIN_0200017,2022-09-23,ACC_00366,Manufacturing,Purchase,40571.23,USD,"Hansen, Gonzalez and Young",Completed
FIN_0042903,2025-08-23,ACC_00143,Engineering,Revenue,94122.6,USD,"Fernandez, Castillo and Klein",Completed
FIN_0059578,2024-07-11,ACC_00410,Marketing,Payroll,17231.38,EUR,Johnson Group,Pending
FIN_0232479,2021-12-25,ACC_00480,Information Technology,Payroll,8858.84,USD,"Bailey, White and Stewart",Completed
FIN_0156270,2025-12-02,ACC_00273,Information Technology,Operating Expense,37072.7,SEK,UNKNOWN,Completed
FIN_0061793,2026-05-23,ACC_00047,Engineering,Revenue,6629.73,SEK,"Guerrero, Harris and Thomas",Completed
FIN_0242076,2024-12-27,ACC_00238,Information Technology,Purchase,43026.38,EUR,Peters LLC,Completed
FIN_0155505,2022-05-25,ACC_00147,Supply Chain,Purchase,43513.52,EUR,"Vargas, Kelley and Hawkins",Completed
FIN_0384554,2025-02-25,ACC_00189,Human Resources,Revenue,94709.3,USD,"Downs, Foster and Smith",Completed
FIN_0395579,2021-09-02,ACC_00433,Supply Chain,Revenue,92777.1,USD,"Cox, Wilson and Perez",Completed
FIN_0392023,2026-04-01,ACC_00408,Manufacturing,Revenue,79191.42,INR,"Arnold, Giles and Miller",Completed
FIN_0178741,2022-07-21,ACC_00093,Finance,Revenue,97644.84,SEK,UNKNOWN,Completed
FIN_0187500,2022-12-16,ACC_00431,Information Technology,Purchase,31323.32,USD,"Scott, Freeman and Ferguson",Completed
FIN_0465590,2022-10-01,ACC_00334,Manufacturing,Revenue,26555.18,USD,Meyer-Flores,Completed
FIN_0033298,2026-01-05,ACC_00317,Supply Chain,Purchase,28966.32,SEK,"Silva, Taylor and Turner",Completed
FIN_0468217,2021-10-30,ACC_00345,Engineering,Payroll,3483.63,EUR,"Thornton, Young and Williamson",Completed
FIN_0343075,2025-12-16,ACC_00340,Sales,Revenue,58664.94,USD,Payne-Duncan,Completed
FIN_0271194,2024-11-26,ACC_00248,Manufacturing,Operating Expense,33216.07,EUR,Keith PLC,Completed
FIN_0331200,2022-02-15,ACC_00242,Finance,Purchase,22376.14,EUR,UNKNOWN,Completed
FIN_0430165,2022-08-02,ACC_00460,Sales,Investment,36590.53,USD,York LLC,Completed
FIN_0122696,2021-05-07,ACC_00061,Information Technology,Revenue,23837.43,INR,Harris-Le,Completed
FIN_0359622,2025-01-28,ACC_00172,Sales,Payroll,12832.93,EUR,Smith Inc,Completed
FIN_0483704,2021-09-14,ACC_00414,Marketing,Operating Expense,19082.94,SEK,Mata-Allen,Completed
FIN_0068640,2026-03-01,ACC_00129,Information Technology,Purchase,20238.6,SEK,"Foster, Berry and Larson",Failed
FIN_0220480,2024-07-28,ACC_00091,Manufacturing,Payroll,31438.47,EUR,Stokes-Myers,Completed
FIN_0018851,2023-10-26,ACC_00078,Manufacturing,Revenue,20074.14,SEK,Zamora PLC,Completed
FIN_0456815,2024-11-24,ACC_00499,Operations,Purchase,30026.87,EUR,Holloway PLC,Failed
FIN_0010186,2025-01-14,ACC_00272,Information Technology,Investment,4088.04,USD,Acosta-Atkins,Completed
FIN_0055106,2021-12-19,ACC_00349,Operations,Revenue,25137.34,SEK,Rodriguez PLC,Completed
FIN_0354983,2021-11-03,ACC_00421,Sales,Revenue,34776.57,USD,Vargas-Ball,Completed
FIN_0382287,2022-01-08,ACC_00289,Marketing,Investment,11203.88,USD,"Howe, Roy and Jones",Completed
FIN_0474488,2024-07-25,ACC_00351,Information Technology,Revenue,50983.98,INR,West-Hale,Completed
FIN_0074629,2023-03-28,ACC_00409,Information Technology,Purchase,21242.22,SEK,"Bennett, Christian and Wilson",Pending
FIN_0490089,2021-04-14,ACC_00467,Sales,Investment,40358.43,EUR,"Lee, Prince and Bolton",Completed
FIN_0263079,2026-02-17,ACC_00437,Finance,Operating Expense,25150.05,EUR,"Berry, Bradley and Lucas",Pending
FIN_0404601,2022-06-02,ACC_00463,Human Resources,Operating Expense,19547.0,SEK,Simmons-Rogers,Completed
FIN_0140623,2023-11-18,ACC_00244,Marketing,Purchase,4228.67,INR,Smith-Norris,Completed
FIN_0169248,2025-08-02,ACC_00137,Human Resources,Payroll,29539.98,INR,"White, Mccoy and Drake",Completed
FIN_0012996,2026-01-10,ACC_00473,Engineering,Revenue,76433.72,INR,"Waller, Simmons and Cervantes",Completed
FIN_0250834,2022-11-04,ACC_00283,Operations,Revenue,1864.99,SEK,Smith Group,Completed
FIN_0228332,2024-01-19,ACC_00063,Human Resources,Investment,36950.47,INR,Brady-Johnson,Completed
FIN_0161028,2024-10-23,ACC_00333,Human Resources,Payroll,32673.05,USD,"Sanchez, Smith and Rogers",Completed
FIN_0380488,2022-08-09,ACC_00251,Engineering,Revenue,21975.21,EUR,Stewart-Kidd,Completed
FIN_0107273,2024-07-01,ACC_00486,Manufacturing,Payroll,40872.83,INR,"Brown, Dorsey and Thompson",Completed
FIN_0410516,2026-04-28,ACC_00177,Operations,Purchase,45651.7,EUR,"Ramos, Farmer and Hess",Completed
FIN_0206405,2023-08-13,ACC_00361,Information Technology,Payroll,2067.85,INR,Schultz-Hernandez,Completed
FIN_0109790,2025-11-18,ACC_00232,Marketing,Investment,4437.9,SEK,Wright-Moore,Completed
FIN_0160651,2023-10-20,ACC_00081,Supply Chain,Purchase,13088.0,INR,Larson LLC,Completed
FIN_0106272,2023-08-20,ACC_00145,Supply Chain,Purchase,30881.63,SEK,UNKNOWN,Completed
FIN_0002864,2026-04-26,ACC_00196,Finance,Operating Expense,36164.09,EUR,UNKNOWN,Completed
FIN_0443529,2024-10-08,ACC_00036,Information Technology,Payroll,33548.85,EUR,"Lozano, Flores and Oneill",Completed
FIN_0097064,2021-04-03,ACC_00058,Information Technology,Revenue,1245.41,SEK,Weaver-Sanford,Completed
FIN_0463342,2023-08-25,ACC_00365,Sales,Revenue,38311.65,SEK,"Cruz, Allen and Li",Pending
FIN_0335703,2025-03-30,ACC_00412,Finance,Purchase,4917.41,USD,Edwards LLC,Completed
FIN_0229244,2021-02-17,ACC_00380,Finance,Payroll,29927.4,USD,Phelps Inc,Completed
FIN_0070377,2025-07-04,ACC_00145,Sales,Operating Expense,34845.79,INR,Greer-Yang,Completed
FIN_0208850,2023-08-20,ACC_00263,Finance,Revenue,14284.36,SEK,Ellis-Davis,Completed
FIN_0252350,2024-06-20,ACC_00108,Sales,Purchase,41338.24,SEK,Cox-Nelson,Completed
FIN_0420617,2023-09-08,ACC_00027,Sales,Operating Expense,2997.58,SEK,Smith-Washington,Completed
FIN_0375809,2023-02-23,ACC_00287,Finance,Operating Expense,41219.91,USD,Page Ltd,Completed
FIN_0064364,2025-03-16,ACC_00361,Finance,Revenue,78059.4,USD,Cole PLC,Completed
FIN_0014961,2025-09-19,ACC_00097,Finance,Payroll,5940.79,INR,Davis-Gonzalez,Completed
FIN_0073308,2023-02-08,ACC_00490,Information Technology,Purchase,48593.55,USD,Dixon-Rose,Failed
FIN_0411052,2022-08-14,ACC_00126,Sales,Payroll,13455.8,EUR,Graves Ltd,Completed
FIN_0149326,2023-12-17,ACC_00094,Finance,Payroll,35752.45,SEK,Silva-Gibson,Completed
FIN_0486560,2024-09-03,ACC_00027,Supply Chain,Operating Expense,34310.16,USD,Figueroa and Sons,Completed
FIN_0486633,2023-04-09,ACC_00210,Supply Chain,Revenue,9741.99,SEK,Brooks LLC,Completed
FIN_0308082,2024-01-05,ACC_00339,Operations,Payroll,18090.47,USD,"Ramirez, Fitzgerald and Perez",Completed
FIN_0026428,2023-09-22,ACC_00178,Engineering,Payroll,30862.17,EUR,Welch and Sons,Completed
FIN_0117168,2026-05-19,ACC_00422,Operations,Revenue,75845.92,EUR,Brown Ltd,Completed
FIN_0222536,2023-04-20,ACC_00405,Engineering,Operating Expense,20827.86,SEK,Hammond-Smith,Completed
FIN_0254098,2023-04-26,ACC_00121,Marketing,Revenue,55028.81,INR,Williams Group,Completed
FIN_0054123,2021-11-12,ACC_00352,Finance,Payroll,13373.7,INR,"Dominguez, Wilson and Castillo",Completed
FIN_0316280,2023-01-05,ACC_00283,Engineering,Payroll,28833.43,SEK,Estes and Sons,Completed
FIN_0334335,2024-09-15,ACC_00402,Supply Chain,Revenue,74500.57,SEK,Walker-Avila,Completed
FIN_0024369,2025-07-26,ACC_00151,Human Resources,Revenue,29365.93,USD,Richardson-Gonzalez,Completed
FIN_0323203,2021-01-14,ACC_00065,Engineering,Revenue,10971.6,USD,Wood-Walters,Completed
FIN_0478895,2022-10-19,ACC_00418,Marketing,Purchase,8557.14,USD,Cannon-Rojas,Pending
FIN_0109422,2025-03-24,ACC_00035,Sales,Payroll,38172.9,USD,Davis and Sons,Completed
FIN_0098469,2024-05-22,ACC_00241,Marketing,Purchase,6406.53,EUR,Joseph Ltd,Completed
FIN_0434538,2025-05-30,ACC_00202,Sales,Purchase,7503.5,EUR,Perez LLC,Completed
FIN_0292964,2024-05-08,ACC_00071,Manufacturing,Purchase,48138.88,SEK,"Craig, Wilkins and Stark",Completed
FIN_0196659,2023-08-15,ACC_00194,Engineering,Purchase,12232.91,SEK,Daniels Ltd,Completed
FIN_0235899,2022-05-12,ACC_00018,Engineering,Purchase,19538.65,USD,"Sosa, Robbins and Lee",Completed
FIN_0305909,2021-08-02,ACC_00247,Finance,Purchase,44225.82,USD,Shaw and Sons,Completed
FIN_0307352,2022-06-23,ACC_00053,Operations,Purchase,4055.2,INR,Pearson-Barrett,Completed
FIN_0034151,2023-04-14,ACC_00179,Engineering,Investment,17665.92,EUR,"Johnson, Oliver and Walter",Completed
FIN_0437758,2024-07-23,ACC_00197,Finance,Purchase,24744.56,EUR,Yang-Todd,Completed
FIN_0121210,2021-07-10,ACC_00017,Information Technology,Purchase,49966.73,USD,Leach LLC,Completed
FIN_0234016,2026-06-04,ACC_00415,Supply Chain,Revenue,82983.96,EUR,Guzman-Herrera,Completed
FIN_0202062,2021-05-14,ACC_00247,Marketing,Revenue,3918.35,USD,Miller-Terry,Completed
FIN_0064581,2024-09-04,ACC_00389,Engineering,Purchase,31608.99,EUR,James and Sons,Completed
FIN_0089774,2021-07-10,ACC_00211,Operations,Purchase,28750.94,EUR,"Lewis, Byrd and Barber",Completed
FIN_0266527,2026-05-22,ACC_00300,Operations,Revenue,80285.84,INR,Wright Group,Completed
FIN_0279047,2022-06-27,ACC_00262,Sales,Purchase,33274.81,EUR,"Rodriguez, Smith and Reilly",Completed
FIN_0032552,2024-09-19,ACC_00345,Engineering,Purchase,42722.19,INR,Norris-Allen,Completed
FIN_0366489,2022-09-01,ACC_00233,Engineering,Revenue,12999.09,EUR,Tucker Inc,Failed
FIN_0048879,2024-05-01,ACC_00361,Human Resources,Purchase,9789.55,EUR,Ward-Arroyo,Completed
FIN_0224746,2026-03-23,ACC_00113,Finance,Payroll,830.07,EUR,"Hall, Lynch and Moore",Completed
FIN_0214095,2023-06-18,ACC_00356,Information Technology,Investment,32689.96,USD,Baker PLC,Completed
FIN_0189126,2025-01-07,ACC_00219,Finance,Revenue,67228.79,USD,Michael-Ross,Pending
FIN_0498766,2025-10-13,ACC_00160,Sales,Revenue,50065.01,EUR,UNKNOWN,Completed
FIN_0257629,2023-03-02,ACC_00461,Supply Chain,Revenue,95371.82,SEK,Phillips Ltd,Completed
FIN_0126844,2022-05-25,ACC_00370,Information Technology,Operating Expense,1274.98,EUR,Simpson-Hill,Completed
FIN_0074802,2021-07-28,ACC_00391,Operations,Operating Expense,47374.53,EUR,"Moreno, Rodriguez and Cunningham",Completed
FIN_0023539,2024-11-22,ACC_00236,Operations,Operating Expense,46685.03,EUR,"Shaw, Mcclain and Andrews",Failed
FIN_0072433,2025-11-23,ACC_00118,Manufacturing,Payroll,8871.5,INR,Cummings-Brown,Completed
FIN_0125939,2021-09-07,ACC_00152,Supply Chain,Operating Expense,37949.83,SEK,"Collins, Moreno and Hinton",Completed
FIN_0491944,2021-01-05,ACC_00487,Engineering,Purchase,24616.85,USD,"Dennis, Wilson and Ellis",Completed
FIN_0146557,2024-09-23,ACC_00342,Engineering,Operating Expense,300.91,SEK,UNKNOWN,Completed
FIN_0154400,2021-10-29,ACC_00266,Manufacturing,Revenue,23885.23,EUR,"Rowland, Hicks and Whitaker",Completed
FIN_0204993,2021-11-12,ACC_00018,Marketing,Revenue,24354.77,INR,Brandt and Sons,Completed
FIN_0395411,2022-11-01,ACC_00113,Information Technology,Operating Expense,28761.21,INR,Brennan and Sons,Pending
FIN_0271716,2021-12-29,ACC_00196,Manufacturing,Operating Expense,14685.44,EUR,Coleman PLC,Completed
FIN_0479909,2023-09-02,ACC_00103,Manufacturing,Revenue,50630.92,USD,Fuller-Pena,Pending
FIN_0006437,2023-08-15,ACC_00071,Engineering,Payroll,41748.29,USD,"Barrera, West and Robinson",Pending
FIN_0396595,2021-11-28,ACC_00147,Supply Chain,Revenue,20145.14,INR,Glass-Ware,Completed
FIN_0424767,2025-06-02,ACC_00305,Supply Chain,Purchase,48572.0,EUR,Henderson-Williams,Completed
FIN_0469104,2025-08-23,ACC_00348,Human Resources,Purchase,5776.73,EUR,"Evans, Adams and Franco",Completed
FIN_0455421,2024-04-11,ACC_00437,Human Resources,Payroll,48089.93,SEK,UNKNOWN,Completed
FIN_0360206,2024-09-30,ACC_00242,Engineering,Revenue,36568.39,INR,Fernandez-Mitchell,Completed
FIN_0301614,2022-10-21,ACC_00387,Sales,Purchase,4886.88,USD,Adkins Group,Completed
FIN_0492868,2025-06-21,ACC_00168,Finance,Revenue,20085.03,INR,Wood LLC,Completed
FIN_0395101,2026-01-16,ACC_00400,Marketing,Operating Expense,27353.77,INR,Howard-Randolph,Pending
FIN_0367937,2021-10-01,ACC_00445,Operations,Purchase,27296.61,SEK,"Warner, Burke and Sanchez",Completed
FIN_0449392,2022-11-08,ACC_00232,Sales,Payroll,25223.02,USD,Baird-Dixon,Completed
FIN_0355356,2024-12-19,ACC_00445,Finance,Payroll,14150.15,INR,Sweeney-Brown,Completed
FIN_0211014,2024-05-24,ACC_00496,Human Resources,Purchase,13907.07,INR,"Foster, Mejia and Gonzalez",Completed
FIN_0388615,2024-04-15,ACC_00376,Engineering,Purchase,2859.66,EUR,Novak-Harris,Completed
FIN_0459099,2021-07-21,ACC_00221,Supply Chain,Purchase,6038.2,SEK,Case-Mccann,Completed
FIN_0095506,2023-03-25,ACC_00399,Human Resources,Revenue,53446.22,INR,"Frederick, Noble and Brooks",Completed
FIN_0149612,2024-11-16,ACC_00416,Engineering,Operating Expense,3009.12,SEK,UNKNOWN,Completed
FIN_0084433,2025-11-21,ACC_00485,Finance,Operating Expense,46640.69,EUR,"Torres, Simon and Hodges",Completed
FIN_0308235,2025-12-17,ACC_00366,Operations,Revenue,79362.11,INR,Rivera Inc,Failed
FIN_0096616,2023-06-16,ACC_00167,Marketing,Revenue,62336.23,EUR,King Group,Completed
FIN_0286277,2022-03-17,ACC_00346,Marketing,Operating Expense,4397.08,SEK,Johnson PLC,Completed
FIN_0358381,2024-05-24,ACC_00426,Engineering,Purchase,35143.0,EUR,Osborne LLC,Completed
FIN_0223703,2023-07-03,ACC_00125,Engineering,Investment,45264.34,USD,Richardson Inc,Pending
FIN_0275956,2023-09-24,ACC_00306,Manufacturing,Purchase,32757.78,SEK,"Cox, Hayes and Hines",Completed
FIN_0361848,2025-11-06,ACC_00216,Operations,Operating Expense,2657.57,INR,Allen-Christian,Pending
FIN_0007738,2022-08-16,ACC_00023,Manufacturing,Investment,33345.94,USD,Brown LLC,Completed
FIN_0380104,2025-11-02,ACC_00480,Finance,Operating Expense,14857.05,SEK,Payne Group,Completed
FIN_0068596,2026-02-04,ACC_00325,Human Resources,Purchase,48627.51,INR,Barrett-Sullivan,Completed
FIN_0000980,2023-09-05,ACC_00402,Information Technology,Operating Expense,17032.21,EUR,Howard-Lambert,Completed
FIN_0142420,2022-09-20,ACC_00302,Operations,Investment,28754.42,USD,Reese-Thompson,Failed
FIN_0447473,2023-10-20,ACC_00176,Supply Chain,Revenue,98135.23,EUR,"Hamilton, Gardner and Smith",Completed
FIN_0167579,2025-10-12,ACC_00326,Marketing,Investment,6224.61,EUR,"Jordan, Alexander and Garcia",Completed
FIN_0060048,2023-10-10,ACC_00450,Manufacturing,Operating Expense,18960.74,INR,Santos LLC,Completed
FIN_0370243,2023-10-26,ACC_00078,Sales,Revenue,40426.69,INR,Lopez Ltd,Completed
FIN_0002308,2025-01-01,ACC_00166,Engineering,Revenue,34976.84,SEK,"Mills, Mack and West",Completed
FIN_0328182,2023-06-22,ACC_00010,Manufacturing,Payroll,36067.5,SEK,"Brown, Smith and Mendez",Completed
FIN_0394132,2022-06-25,ACC_00002,Marketing,Revenue,50309.34,USD,Alexander-Taylor,Failed
FIN_0215786,2023-09-14,ACC_00092,Operations,Revenue,59807.31,INR,"Morales, Alexander and Clark",Completed
FIN_0464661,2021-10-09,ACC_00328,Human Resources,Operating Expense,8502.99,EUR,Kaiser-Cunningham,Completed
FIN_0008938,2021-09-13,ACC_00213,Information Technology,Investment,47576.97,USD,"Thompson, Wallace and Hancock",Completed
FIN_0142706,2024-02-09,ACC_00201,Finance,Purchase,12446.81,USD,Hernandez Inc,Completed
FIN_0368270,2021-07-27,ACC_00492,Supply Chain,Investment,24389.73,USD,"Hansen, Cummings and Murray",Completed
FIN_0410100,2021-06-16,ACC_00166,Information Technology,Purchase,22148.85,USD,"Sanchez, Sims and Robertson",Completed
FIN_0009601,2022-02-21,ACC_00344,Information Technology,Revenue,78175.95,SEK,Mcmillan-Roy,Completed
FIN_0269793,2025-04-21,ACC_00246,Operations,Revenue,62773.09,INR,Olson Group,Pending
FIN_0118259,2025-05-21,ACC_00353,Manufacturing,Revenue,4349.21,SEK,Haley-Perez,Completed
FIN_0301348,2024-02-05,ACC_00111,Marketing,Operating Expense,32001.76,USD,Walsh Group,Completed
FIN_0096229,2022-07-17,ACC_00091,Finance,Purchase,18320.13,EUR,"Garcia, Smith and Carroll",Pending
FIN_0080511,2026-01-21,ACC_00358,Human Resources,Payroll,17082.97,SEK,Wise-Gomez,Completed
FIN_0055073,2023-01-26,ACC_00490,Marketing,Revenue,22600.05,USD,Berry and Sons,Completed
FIN_0074446,2025-04-26,ACC_00473,Operations,Purchase,13242.52,SEK,Allen Inc,Completed
FIN_0359285,2023-06-07,ACC_00279,Finance,Payroll,31543.36,USD,Fisher-Wilson,Completed
FIN_0270183,2022-06-02,ACC_00368,Finance,Revenue,52090.8,USD,UNKNOWN,Completed
FIN_0162834,2021-11-27,ACC_00156,Information Technology,Revenue,96263.7,SEK,Moody-Horne,Completed
FIN_0044566,2021-01-02,ACC_00451,Human Resources,Operating Expense,21197.96,SEK,Johnson PLC,Completed
FIN_0217865,2022-10-29,ACC_00337,Human Resources,Purchase,11733.92,EUR,Richardson PLC,Completed
FIN_0301031,2021-05-26,ACC_00092,Engineering,Purchase,34887.94,INR,"Hardin, Middleton and Whitehead",Completed
FIN_0401167,2024-09-21,ACC_00446,Marketing,Operating Expense,42925.45,USD,"Carpenter, Hendricks and Hoffman",Completed
FIN_0227205,2022-07-31,ACC_00156,Operations,Purchase,42385.9,SEK,Lang-Little,Completed
FIN_0315739,2024-05-17,ACC_00363,Information Technology,Revenue,92040.89,INR,Mcmahon-Wright,Pending
FIN_0476980,2025-01-07,ACC_00411,Information Technology,Investment,36844.08,SEK,Simmons Inc,Failed
FIN_0490060,2022-10-31,ACC_00349,Finance,Purchase,36668.93,INR,Duran LLC,Pending
FIN_0072966,2023-07-10,ACC_00083,Operations,Revenue,47122.5,SEK,Boyle LLC,Completed
FIN_0034320,2021-04-16,ACC_00178,Information Technology,Purchase,31244.57,EUR,Wright-Orozco,Completed
FIN_0443132,2022-11-07,ACC_00440,Engineering,Payroll,49034.81,EUR,"Pearson, Walker and Rosales",Completed
FIN_0267724,2021-03-23,ACC_00480,Sales,Payroll,7456.08,EUR,Hartman-Olson,Completed
FIN_0190250,2025-11-16,ACC_00151,Finance,Revenue,8465.73,INR,Murphy-Simpson,Failed
FIN_0217218,2023-10-17,ACC_00242,Human Resources,Payroll,46295.54,SEK,Harvey-Lopez,Pending
FIN_0387329,2023-10-31,ACC_00007,Information Technology,Purchase,13939.77,SEK,Frazier and Sons,Completed
FIN_0411954,2023-02-20,ACC_00126,Finance,Payroll,36875.06,USD,Thomas PLC,Failed
FIN_0030172,2022-04-04,ACC_00269,Supply Chain,Revenue,35209.79,EUR,Lee and Sons,Completed
FIN_0049463,2023-12-14,ACC_00026,Supply Chain,Operating Expense,46292.9,EUR,Lopez-Edwards,Completed
FIN_0189390,2021-06-29,ACC_00410,Information Technology,Operating Expense,49502.03,USD,Garcia Inc,Pending
FIN_0393731,2026-03-09,ACC_00074,Information Technology,Purchase,36639.9,EUR,"Nunez, Pacheco and Poole",Completed
FIN_0318114,2023-02-02,ACC_00409,Operations,Revenue,49044.75,EUR,Miller Ltd,Completed
FIN_0116913,2026-04-13,ACC_00495,Marketing,Revenue,72736.03,INR,"Wallace, Brown and Woodard",Completed
FIN_0132982,2024-03-21,ACC_00474,Operations,Revenue,13966.51,INR,Riggs-Delacruz,Completed
FIN_0036526,2024-01-24,ACC_00011,Manufacturing,Purchase,26052.93,EUR,Miller Group,Completed
FIN_0054657,2025-11-13,ACC_00486,Supply Chain,Purchase,16662.16,SEK,Gonzales PLC,Completed
FIN_0134961,2026-06-11,ACC_00075,Information Technology,Payroll,26303.75,EUR,Villa Group,Completed
FIN_0186659,2026-06-20,ACC_00277,Human Resources,Purchase,1797.81,EUR,Barnett Inc,Completed
FIN_0497432,2023-01-24,ACC_00493,Human Resources,Revenue,40349.01,USD,Harvey-Brown,Completed
FIN_0121032,2022-12-15,ACC_00343,Finance,Operating Expense,41605.15,INR,"Nicholson, Miller and Castro",Completed
FIN_0468466,2024-02-15,ACC_00422,Finance,Revenue,72946.75,INR,UNKNOWN,Completed
FIN_0040556,2021-12-03,ACC_00299,Marketing,Purchase,28678.44,SEK,"Brown, Humphrey and Jacobs",Completed
FIN_0232576,2023-07-14,ACC_00021,Marketing,Revenue,68733.39,INR,Reed-Barber,Completed
FIN_0120317,2026-02-24,ACC_00104,Engineering,Payroll,11246.41,SEK,"Brooks, Goodman and Bowen",Completed
FIN_0427569,2021-07-26,ACC_00500,Operations,Revenue,22428.33,SEK,"Chen, Payne and Delgado",Completed
FIN_0222337,2023-08-09,ACC_00040,Human Resources,Revenue,53528.01,INR,"Powell, Mcgrath and Smith",Completed
FIN_0326299,2025-06-12,ACC_00449,Marketing,Revenue,60376.93,SEK,Lewis LLC,Completed
FIN_0428035,2023-02-25,ACC_00259,Human Resources,Revenue,584.92,SEK,"Mills, Page and Sexton",Completed
FIN_0405408,2021-11-02,ACC_00330,Marketing,Operating Expense,9429.27,SEK,"Fox, Alvarado and Johnson",Completed
FIN_0476959,2022-01-09,ACC_00005,Operations,Payroll,48158.47,INR,"Cortez, Little and Merritt",Completed
FIN_0006850,2022-04-09,ACC_00119,Manufacturing,Purchase,36857.92,SEK,"Hodges, Robbins and Adams",Completed
FIN_0124975,2021-09-16,ACC_00455,Operations,Purchase,32766.39,USD,Barrera Group,Completed
FIN_0003524,2022-12-11,ACC_00307,Operations,Payroll,48598.52,SEK,"Ray, Monroe and Sullivan",Completed
FIN_0251847,2026-05-26,ACC_00479,Finance,Operating Expense,7368.54,USD,Orr and Sons,Completed
FIN_0252744,2025-06-14,ACC_00070,Marketing,Payroll,10281.07,EUR,Moss PLC,Completed
FIN_0228464,2021-10-15,ACC_00046,Engineering,Revenue,52120.36,USD,"Thomas, Figueroa and Tran",Completed
FIN_0159376,2022-10-06,ACC_00348,Sales,Payroll,27516.63,USD,Smith-Davis,Completed
FIN_0258789,2024-07-20,ACC_00445,Human Resources,Revenue,57328.44,EUR,Martin-Haynes,Completed
FIN_0279351,2023-09-11,ACC_00271,Engineering,Revenue,63338.32,SEK,Jackson and Sons,Completed
FIN_0152559,2021-06-10,ACC_00153,Sales,Purchase,29823.05,USD,Morales Inc,Pending
FIN_0383781,2023-04-24,ACC_00315,Human Resources,Revenue,20258.22,INR,Allen-Castro,Completed
FIN_0242473,2023-01-23,ACC_00204,Engineering,Purchase,38923.92,USD,"Chang, Edwards and Mitchell",Completed
FIN_0329741,2022-09-10,ACC_00383,Marketing,Operating Expense,21772.6,EUR,Hernandez-Cordova,Completed
FIN_0012356,2025-03-30,ACC_00129,Manufacturing,Operating Expense,18402.04,INR,"Rice, Chang and Nelson",Completed
FIN_0264158,2024-06-18,ACC_00063,Marketing,Purchase,33133.38,USD,Steele-Martin,Completed
FIN_0373117,2022-11-23,ACC_00194,Finance,Revenue,23207.27,SEK,"Brown, Allison and Dennis",Completed
FIN_0308588,2024-07-04,ACC_00491,Information Technology,Purchase,6508.17,USD,Diaz-Ramirez,Completed
FIN_0061694,2021-04-24,ACC_00023,Information Technology,Revenue,34315.92,INR,Delgado-Freeman,Completed
FIN_0375392,2025-07-11,ACC_00326,Manufacturing,Operating Expense,32284.59,USD,"Rosales, Lopez and Waters",Completed
FIN_0052903,2022-12-18,ACC_00496,Manufacturing,Operating Expense,10025.9,SEK,Mccarthy-Bolton,Completed
FIN_0239735,2025-12-25,ACC_00157,Engineering,Operating Expense,17415.18,SEK,Booth-Cruz,Completed
FIN_0000007,2024-11-01,ACC_00014,Sales,Revenue,94249.07,EUR,Ramirez-Lewis,Completed
FIN_0106689,2023-06-12,ACC_00104,Engineering,Purchase,49626.46,EUR,Neal-Allen,Completed
FIN_0440352,2023-09-25,ACC_00489,Marketing,Purchase,26651.84,INR,Jenkins PLC,Completed
FIN_0445382,2023-07-03,ACC_00253,Information Technology,Revenue,16528.52,INR,"Rodriguez, Kelly and Moon",Completed
FIN_0198256,2021-09-23,ACC_00285,Supply Chain,Purchase,48186.67,EUR,Tanner-Stein,Completed
FIN_0471906,2022-08-28,ACC_00459,Engineering,Revenue,61514.96,SEK,"Hutchinson, Lewis and Crosby",Completed
FIN_0040006,2026-05-07,ACC_00363,Human Resources,Revenue,89407.05,SEK,Ortiz-Wright,Completed
FIN_0083345,2021-09-04,ACC_00462,Operations,Investment,13906.42,USD,Conner-Norton,Completed
FIN_0308973,2024-06-15,ACC_00228,Engineering,Revenue,7083.05,SEK,Gonzalez-Powell,Completed
FIN_0194654,2023-10-25,ACC_00019,Supply Chain,Purchase,13184.63,USD,Perkins and Sons,Completed
FIN_0394186,2026-06-04,ACC_00297,Finance,Purchase,18580.33,SEK,Williams Group,Completed
FIN_0048977,2022-08-12,ACC_00297,Engineering,Purchase,23577.88,SEK,Carpenter PLC,Completed
FIN_0107091,2024-05-20,ACC_00365,Supply Chain,Payroll,6047.27,USD,"Webster, Becker and James",Completed
FIN_0150869,2021-04-24,ACC_00449,Sales,Operating Expense,31348.78,EUR,Baker-Chan,Pending
FIN_0173010,2022-10-11,ACC_00019,Finance,Payroll,34459.49,SEK,UNKNOWN,Pending
FIN_0042039,2026-06-15,ACC_00252,Marketing,Operating Expense,41928.83,SEK,Lopez-Lopez,Completed
FIN_0134300,2022-06-13,ACC_00054,Marketing,Purchase,7042.71,USD,"Howard, Williams and Davis",Completed
FIN_0190979,2024-11-22,ACC_00456,Human Resources,Purchase,20784.8,EUR,"Sullivan, Boone and Adkins",Completed
FIN_0253460,2024-01-08,ACC_00411,Sales,Purchase,14998.11,INR,"Vega, Mills and Turner",Completed
FIN_0042514,2023-03-03,ACC_00443,Engineering,Purchase,28416.03,USD,"Manning, Young and Scott",Pending
FIN_0391241,2023-01-08,ACC_00442,Manufacturing,Operating Expense,23759.26,INR,Everett-Edwards,Completed
FIN_0445667,2022-12-18,ACC_00015,Manufacturing,Revenue,43724.58,USD,"Scott, Hull and Alvarez",Completed
FIN_0317773,2024-10-01,ACC_00213,Operations,Payroll,12997.53,EUR,Wright-Adams,Completed
FIN_0335837,2023-11-06,ACC_00113,Operations,Revenue,84958.98,INR,Taylor Group,Completed
FIN_0094137,2023-08-15,ACC_00288,Sales,Revenue,65688.75,SEK,Barrett-Sullivan,Completed
FIN_0184390,2024-12-12,ACC_00482,Finance,Revenue,71458.3,SEK,Bowers Inc,Completed
FIN_0098751,2023-08-18,ACC_00172,Manufacturing,Purchase,22967.77,EUR,Brown PLC,Completed
FIN_0015450,2026-03-19,ACC_00337,Supply Chain,Revenue,15933.48,EUR,Woods-Barton,Completed
FIN_0193083,2024-07-16,ACC_00415,Manufacturing,Operating Expense,35749.54,INR,Rogers-Howard,Completed
FIN_0117438,2023-10-21,ACC_00187,Sales,Revenue,55930.09,EUR,Sosa Ltd,Completed
FIN_0026659,2021-01-29,ACC_00273,Marketing,Purchase,38749.67,USD,Morales Ltd,Completed
FIN_0257672,2021-03-17,ACC_00362,Supply Chain,Revenue,38085.32,EUR,Henry-Singleton,Completed
FIN_0068816,2022-03-08,ACC_00242,Engineering,Revenue,23049.33,USD,"Edwards, Thompson and Smith",Completed
FIN_0456399,2023-07-09,ACC_00185,Operations,Operating Expense,42569.95,SEK,Parrish-Cardenas,Completed
FIN_0414448,2021-01-09,ACC_00456,Engineering,Purchase,17361.69,INR,"Smith, Baird and Bailey",Pending
FIN_0375223,2021-04-16,ACC_00277,Information Technology,Revenue,38936.83,INR,UNKNOWN,Completed
FIN_0425626,2022-05-08,ACC_00250,Human Resources,Operating Expense,10174.95,USD,"Mayer, Melendez and Long",Completed
FIN_0307112,2025-11-29,ACC_00311,Information Technology,Revenue,61559.05,EUR,Ward-Jordan,Completed
FIN_0073731,2026-01-10,ACC_00391,Human Resources,Purchase,17719.11,USD,Miranda Group,Completed
FIN_0299844,2024-05-07,ACC_00429,Supply Chain,Purchase,36807.04,INR,Cohen PLC,Pending
FIN_0365374,2023-08-03,ACC_00240,Manufacturing,Purchase,12039.23,INR,"Smith, Williams and Dalton",Completed
FIN_0377862,2025-05-07,ACC_00378,Manufacturing,Revenue,35138.26,SEK,UNKNOWN,Completed
FIN_0326182,2023-05-17,ACC_00154,Marketing,Investment,5717.19,EUR,"Thornton, Dalton and Jones",Completed
FIN_0140547,2026-06-14,ACC_00006,Operations,Purchase,634.81,INR,Anderson-Hernandez,Completed
FIN_0460787,2024-06-14,ACC_00005,Manufacturing,Operating Expense,7579.78,USD,"Thompson, Payne and Williams",Completed
FIN_0345094,2023-12-05,ACC_00454,Information Technology,Revenue,73733.9,SEK,Olson-Joseph,Completed
FIN_0223455,2025-07-01,ACC_00480,Operations,Operating Expense,22161.57,USD,Ortega and Sons,Completed
FIN_0317868,2024-11-13,ACC_00299,Information Technology,Payroll,3878.37,SEK,"Patrick, Davis and Griffith",Completed
FIN_0403157,2021-02-11,ACC_00463,Supply Chain,Revenue,93884.0,EUR,"Ross, Mann and Shepherd",Completed
FIN_0132804,2026-05-19,ACC_00430,Manufacturing,Operating Expense,45499.3,EUR,"Smith, Ortiz and Patterson",Pending
FIN_0095343,2022-07-24,ACC_00077,Finance,Operating Expense,12294.85,USD,"Aguilar, Kennedy and Ramsey",Completed
FIN_0463098,2025-10-24,ACC_00377,Information Technology,Revenue,7911.33,USD,"Craig, Rios and Roberts",Completed
FIN_0423422,2024-01-11,ACC_00437,Finance,Revenue,92953.52,USD,"Levine, Rogers and Mata",Completed
FIN_0410748,2021-03-30,ACC_00409,Engineering,Investment,40518.36,SEK,Thomas Group,Completed
FIN_0148032,2024-02-18,ACC_00448,Human Resources,Investment,2201.24,SEK,"Johnson, Moore and Garza",Completed
FIN_0472442,2023-06-11,ACC_00104,Manufacturing,Purchase,14812.88,SEK,Stanley-Arnold,Completed
FIN_0202553,2025-05-01,ACC_00261,Sales,Purchase,32978.53,INR,Newman Group,Completed
FIN_0150952,2022-08-14,ACC_00173,Supply Chain,Payroll,16558.31,INR,Brooks-Scott,Completed
FIN_0012736,2021-11-30,ACC_00488,Engineering,Purchase,37766.44,INR,"Eaton, Oconnell and Thomas",Completed
FIN_0141804,2022-10-14,ACC_00393,Information Technology,Operating Expense,30079.81,USD,"Chambers, Lambert and Lawson",Completed
FIN_0094312,2024-03-06,ACC_00389,Finance,Payroll,25421.27,INR,"Scott, Whitehead and Schmitt",Completed
FIN_0316092,2025-10-31,ACC_00172,Finance,Revenue,91161.58,USD,"Hickman, Williams and Dennis",Completed
FIN_0038785,2025-07-21,ACC_00445,Manufacturing,Payroll,39874.46,EUR,"Byrd, Anderson and Russo",Completed
FIN_0257253,2026-03-31,ACC_00262,Sales,Operating Expense,28849.35,USD,Johnson Inc,Completed
FIN_0002915,2023-09-01,ACC_00311,Sales,Purchase,35122.59,SEK,Harrell Group,Completed
FIN_0261278,2022-02-09,ACC_00223,Supply Chain,Operating Expense,22609.6,INR,"Case, Brown and Brown",Completed
FIN_0132044,2023-01-28,ACC_00318,Human Resources,Revenue,72028.34,USD,Patel-Edwards,Completed
FIN_0085843,2022-12-06,ACC_00499,Operations,Revenue,68027.43,SEK,"Castillo, Nixon and Lewis",Completed
FIN_0491602,2024-08-29,ACC_00061,Finance,Payroll,23431.16,INR,Booth and Sons,Completed
FIN_0450014,2022-09-23,ACC_00197,Operations,Revenue,59107.11,INR,"Nichols, Nichols and Harper",Completed
FIN_0257134,2023-12-11,ACC_00424,Engineering,Purchase,17922.14,USD,Stokes and Sons,Completed
FIN_0124637,2024-01-12,ACC_00278,Finance,Operating Expense,16162.32,SEK,Keller-Morrow,Completed
FIN_0139148,2025-11-11,ACC_00056,Finance,Payroll,4798.93,USD,"Marshall, Edwards and Berger",Completed
FIN_0161902,2021-05-19,ACC_00348,Engineering,Payroll,7683.33,SEK,"Klein, Griffin and Allen",Completed
FIN_0214894,2025-05-10,ACC_00340,Supply Chain,Revenue,47975.23,EUR,Walsh LLC,Completed
FIN_0261312,2021-11-25,ACC_00135,Finance,Purchase,4405.78,EUR,Knight Inc,Completed
FIN_0482529,2023-05-12,ACC_00159,Marketing,Purchase,13167.47,USD,Phillips LLC,Completed
FIN_0372675,2022-01-08,ACC_00137,Manufacturing,Purchase,16021.19,USD,Gardner-Martinez,Completed
FIN_0382577,2025-08-07,ACC_00094,Sales,Revenue,13886.69,EUR,UNKNOWN,Completed
FIN_0205396,2025-11-05,ACC_00500,Finance,Purchase,45768.48,INR,UNKNOWN,Completed
FIN_0417227,2023-10-08,ACC_00443,Manufacturing,Revenue,16740.32,EUR,"Holder, Boone and Montgomery",Completed
FIN_0244684,2025-11-11,ACC_00192,Information Technology,Revenue,58064.76,SEK,Cline-Everett,Completed
FIN_0176059,2025-12-27,ACC_00266,Manufacturing,Revenue,76763.88,USD,Kelly-Goodwin,Completed
FIN_0377690,2023-08-13,ACC_00472,Finance,Purchase,12097.15,INR,"Chavez, Diaz and Marshall",Pending
FIN_0002494,2024-03-05,ACC_00135,Information Technology,Payroll,21224.49,SEK,UNKNOWN,Completed
FIN_0089984,2023-01-14,ACC_00008,Information Technology,Purchase,23947.91,INR,"Walker, Sullivan and Jackson",Completed
FIN_0441267,2025-01-04,ACC_00099,Marketing,Revenue,21302.61,USD,"Turner, Khan and Johnson",Completed
FIN_0083881,2026-01-19,ACC_00033,Human Resources,Operating Expense,18733.92,SEK,Morse and Sons,Completed
FIN_0060783,2023-04-18,ACC_00081,Manufacturing,Investment,19399.32,USD,"Owens, Williams and Wilson",Completed
FIN_0486155,2021-10-08,ACC_00137,Engineering,Operating Expense,24366.81,USD,Henderson Ltd,Completed
FIN_0318838,2021-03-04,ACC_00289,Sales,Revenue,87784.53,INR,"Soto, Freeman and Smith",Completed
FIN_0142876,2022-08-22,ACC_00434,Finance,Revenue,86311.6,USD,UNKNOWN,Completed
FIN_0277243,2024-07-05,ACC_00227,Sales,Investment,29489.76,USD,Gordon Group,Completed
FIN_0416044,2023-03-06,ACC_00222,Finance,Purchase,3230.76,EUR,Hughes-Trujillo,Completed
FIN_0457423,2025-08-20,ACC_00340,Operations,Operating Expense,26351.03,INR,Peters LLC,Completed
FIN_0346023,2022-06-09,ACC_00245,Marketing,Operating Expense,45696.85,SEK,"Gutierrez, Wiggins and Lozano",Completed
FIN_0082028,2024-07-15,ACC_00307,Engineering,Payroll,17166.82,INR,White-Garcia,Completed
FIN_0138597,2025-06-26,ACC_00377,Supply Chain,Payroll,3662.69,SEK,"Morgan, Mcintyre and Griffin",Completed
FIN_0461212,2021-05-17,ACC_00118,Operations,Revenue,94276.74,INR,"Johnson, Smith and Myers",Completed
FIN_0052365,2021-09-22,ACC_00339,Finance,Revenue,40986.1,SEK,Rich Ltd,Completed
FIN_0311568,2025-02-06,ACC_00388,Human Resources,Purchase,1686.0,INR,Edwards Group,Completed
FIN_0019368,2021-12-28,ACC_00180,Manufacturing,Operating Expense,34312.87,SEK,Bailey Group,Completed
FIN_0452128,2022-02-20,ACC_00029,Sales,Revenue,55888.84,USD,Bush LLC,Completed
FIN_0459555,2025-03-03,ACC_00432,Human Resources,Purchase,1491.76,USD,"Wells, Reyes and Jones",Completed
FIN_0397779,2022-09-30,ACC_00365,Information Technology,Payroll,40425.97,INR,Simmons and Sons,Completed
FIN_0017143,2024-08-19,ACC_00222,Manufacturing,Revenue,11467.97,INR,Griffin-Valdez,Completed
FIN_0463422,2024-03-10,ACC_00102,Human Resources,Revenue,49694.55,USD,Reed Group,Completed
FIN_0318621,2022-06-02,ACC_00343,Information Technology,Revenue,86065.72,INR,"Hart, Butler and Dawson",Completed
FIN_0070162,2025-10-19,ACC_00006,Marketing,Revenue,29973.51,INR,"Kim, Hughes and Henry",Completed
FIN_0496342,2025-12-24,ACC_00237,Human Resources,Revenue,56230.95,EUR,Cook-Barry,Completed
FIN_0322584,2024-05-19,ACC_00023,Engineering,Operating Expense,971.78,SEK,Tran Inc,Pending
FIN_0444343,2021-02-01,ACC_00325,Manufacturing,Investment,13466.92,EUR,Moore-Stevens,Completed
FIN_0148384,2025-05-22,ACC_00257,Supply Chain,Revenue,75120.72,INR,"Hunter, Glover and Thomas",Completed
FIN_0247964,2021-07-01,ACC_00500,Engineering,Investment,41741.29,INR,Hoover-Hunter,Completed
FIN_0127134,2023-08-19,ACC_00093,Supply Chain,Payroll,38993.36,USD,Jackson-Baker,Completed
FIN_0263258,2022-03-25,ACC_00186,Information Technology,Purchase,10509.6,INR,"Cameron, Cooper and Bennett",Completed
FIN_0337500,2026-05-01,ACC_00156,Information Technology,Purchase,39881.02,INR,Taylor-Webb,Completed
FIN_0042099,2024-05-19,ACC_00428,Human Resources,Payroll,45682.37,INR,Peterson Inc,Completed
FIN_0033406,2025-03-05,ACC_00443,Manufacturing,Purchase,14586.55,USD,"Taylor, Williams and Blake",Completed
FIN_0031282,2022-09-09,ACC_00235,Marketing,Payroll,41799.63,EUR,UNKNOWN,Completed
FIN_0220059,2026-05-30,ACC_00149,Human Resources,Revenue,6334.26,USD,"Hanson, Anderson and Stephenson",Completed
FIN_0103904,2023-04-24,ACC_00082,Marketing,Operating Expense,25577.25,USD,"Hernandez, Green and Moore",Pending
FIN_0277660,2022-10-20,ACC_00064,Marketing,Purchase,22469.69,SEK,Lucas-Butler,Completed
FIN_0049898,2024-11-18,ACC_00158,Sales,Revenue,23229.19,SEK,"Douglas, Johnson and Collier",Completed
FIN_0404490,2026-04-11,ACC_00072,Information Technology,Purchase,7598.2,INR,Shaffer Group,Completed
FIN_0162402,2023-05-26,ACC_00477,Information Technology,Revenue,35022.42,EUR,Anderson-Zhang,Completed
FIN_0383851,2023-06-29,ACC_00266,Finance,Operating Expense,16744.11,SEK,Cunningham and Sons,Completed
FIN_0442844,2023-04-02,ACC_00042,Manufacturing,Purchase,46449.58,INR,"Clayton, Cruz and Meyer",Completed
FIN_0362123,2023-09-07,ACC_00093,Engineering,Operating Expense,21817.77,USD,Lopez LLC,Completed
FIN_0217391,2023-07-07,ACC_00022,Supply Chain,Revenue,58144.81,EUR,Brown-Cunningham,Completed
FIN_0396830,2025-02-05,ACC_00102,Information Technology,Purchase,11883.16,INR,Williams Group,Completed
FIN_0025138,2023-03-25,ACC_00102,Supply Chain,Purchase,37169.74,SEK,Brown-Snyder,Completed
FIN_0273015,2022-04-06,ACC_00345,Engineering,Purchase,35932.5,USD,"Patterson, Kidd and Dixon",Completed
FIN_0259939,2022-12-30,ACC_00122,Human Resources,Payroll,44331.43,INR,Rodriguez Group,Completed
FIN_0452905,2025-07-17,ACC_00254,Information Technology,Purchase,17173.59,INR,Larson-Gibson,Pending
FIN_0175123,2021-11-25,ACC_00490,Operations,Revenue,49649.97,EUR,Knight-Sanders,Completed
FIN_0292655,2025-11-19,ACC_00321,Manufacturing,Purchase,26704.35,EUR,"Obrien, Gonzalez and Smith",Completed
FIN_0005198,2022-03-30,ACC_00384,Supply Chain,Investment,44733.99,USD,Campbell-Hogan,Completed
FIN_0136872,2022-04-16,ACC_00102,Sales,Payroll,7532.1,SEK,Nunez-Smith,Completed
FIN_0406459,2022-07-28,ACC_00222,Sales,Revenue,72213.15,USD,Scott Group,Failed
FIN_0226588,2022-01-11,ACC_00377,Operations,Payroll,2054.41,SEK,Nichols-Cantrell,Completed
FIN_0447166,2023-12-26,ACC_00436,Sales,Purchase,41113.41,USD,Tucker-Butler,Completed
FIN_0256701,2021-04-14,ACC_00484,Supply Chain,Revenue,44032.14,EUR,UNKNOWN,Completed
FIN_0167582,2023-05-27,ACC_00345,Human Resources,Revenue,37532.9,INR,UNKNOWN,Completed
FIN_0208042,2023-10-02,ACC_00276,Human Resources,Payroll,18263.16,INR,"Rogers, Page and Lopez",Completed
FIN_0192361,2025-04-14,ACC_00239,Manufacturing,Purchase,12420.71,INR,Roberson Inc,Completed
FIN_0173307,2024-12-24,ACC_00233,Supply Chain,Payroll,23612.36,EUR,Butler-Mcintosh,Pending
FIN_0157773,2023-03-09,ACC_00291,Information Technology,Revenue,17845.53,EUR,Ward-Mann,Pending
FIN_0493376,2023-03-04,ACC_00398,Manufacturing,Revenue,62671.82,USD,Luna-Taylor,Pending
FIN_0432627,2025-02-24,ACC_00374,Manufacturing,Payroll,13144.36,USD,Smith LLC,Completed
FIN_0485113,2023-10-14,ACC_00114,Human Resources,Revenue,92769.78,USD,Martin-Martinez,Completed
FIN_0140510,2023-12-14,ACC_00135,Sales,Operating Expense,9274.43,EUR,Cochran-Martinez,Completed
FIN_0084400,2026-04-16,ACC_00033,Marketing,Payroll,23536.84,USD,"Boyd, Hill and Odom",Completed
FIN_0369455,2022-05-29,ACC_00396,Supply Chain,Revenue,27295.01,INR,"Green, Berger and Walton",Completed
FIN_0058983,2024-06-02,ACC_00374,Supply Chain,Investment,20852.72,INR,Mullen and Sons,Completed
FIN_0447036,2026-03-22,ACC_00102,Operations,Payroll,33785.12,USD,Peck PLC,Completed
FIN_0296956,2026-02-20,ACC_00196,Operations,Operating Expense,29975.74,SEK,Hurst and Sons,Completed
FIN_0310036,2021-05-06,ACC_00067,Information Technology,Revenue,3964.24,EUR,Nelson LLC,Completed
FIN_0426440,2022-01-05,ACC_00327,Information Technology,Purchase,847.5,USD,"Chapman, Palmer and Chambers",Completed
FIN_0151025,2022-10-11,ACC_00242,Finance,Revenue,11795.37,EUR,Graves-Oconnor,Completed
FIN_0146535,2023-09-16,ACC_00078,Manufacturing,Purchase,30494.91,EUR,"Evans, Rose and Mccullough",Completed
FIN_0002437,2023-09-20,ACC_00399,Engineering,Operating Expense,40175.9,EUR,Smith and Sons,Completed
FIN_0153658,2021-06-03,ACC_00066,Engineering,Payroll,25380.29,EUR,Arnold and Sons,Completed
FIN_0250492,2026-02-21,ACC_00498,Manufacturing,Investment,27493.07,EUR,Jones-Stevens,Completed
FIN_0207588,2024-04-02,ACC_00325,Supply Chain,Revenue,86835.25,USD,Walters-Hernandez,Completed
FIN_0388115,2021-04-27,ACC_00185,Operations,Purchase,28079.13,SEK,James-Ruiz,Completed
FIN_0170014,2023-10-08,ACC_00358,Marketing,Purchase,6325.87,EUR,Rhodes PLC,Completed
FIN_0490409,2024-05-24,ACC_00476,Sales,Payroll,45301.51,USD,Lara-Robertson,Completed
FIN_0399016,2021-08-11,ACC_00484,Information Technology,Revenue,46904.49,EUR,"Lawson, Jones and Vega",Completed
FIN_0341154,2023-02-21,ACC_00133,Human Resources,Payroll,16773.41,EUR,"George, Barnett and Scott",Completed
FIN_0474424,2023-12-17,ACC_00250,Marketing,Operating Expense,17752.51,EUR,James-Miller,Completed
FIN_0112243,2021-06-16,ACC_00320,Sales,Purchase,44232.97,INR,Benton and Sons,Completed
FIN_0165964,2021-05-24,ACC_00405,Supply Chain,Purchase,42168.1,USD,Goodman Group,Completed
FIN_0183660,2025-03-16,ACC_00021,Human Resources,Operating Expense,40466.82,USD,"Hall, Collier and Hill",Completed
FIN_0243219,2024-04-12,ACC_00157,Finance,Operating Expense,16269.72,SEK,"Mendez, Clay and Austin",Failed
FIN_0179621,2024-11-05,ACC_00288,Engineering,Investment,18180.76,EUR,"Mcdonald, Carroll and Bates",Completed
FIN_0068966,2024-04-02,ACC_00372,Human Resources,Purchase,14459.72,USD,Price PLC,Completed
FIN_0497377,2025-01-13,ACC_00191,Human Resources,Payroll,35698.14,SEK,"Hall, Hayes and Thompson",Completed
FIN_0003221,2025-11-21,ACC_00274,Supply Chain,Purchase,30291.05,SEK,"Cruz, Holmes and White",Completed
FIN_0172280,2025-08-28,ACC_00167,Marketing,Payroll,17506.35,EUR,Perkins-Jordan,Completed
FIN_0122885,2025-09-01,ACC_00215,Human Resources,Purchase,23373.5,USD,Gross Inc,Completed
FIN_0053557,2025-12-05,ACC_00150,Marketing,Revenue,46619.87,INR,Warner-Newton,Pending
FIN_0023995,2022-07-21,ACC_00342,Sales,Operating Expense,25346.09,INR,Stone-Cross,Completed
FIN_0263767,2025-07-04,ACC_00375,Supply Chain,Purchase,12556.21,INR,Santana-Rosales,Completed
FIN_0047948,2021-05-28,ACC_00092,Human Resources,Revenue,53173.99,EUR,"Hodges, Allen and Wheeler",Completed
FIN_0077514,2026-04-22,ACC_00204,Finance,Operating Expense,43811.99,USD,"Wallace, Conrad and Hartman",Pending
FIN_0150412,2021-12-26,ACC_00204,Sales,Revenue,22886.34,USD,Lynch-Baker,Completed
FIN_0165323,2021-06-20,ACC_00389,Supply Chain,Revenue,52273.22,INR,Scott LLC,Completed
FIN_0161566,2025-03-21,ACC_00126,Information Technology,Purchase,34817.69,SEK,Edwards Ltd,Completed
FIN_0358601,2024-09-26,ACC_00024,Supply Chain,Purchase,43555.06,SEK,Williams Inc,Completed
FIN_0185524,2025-08-09,ACC_00476,Marketing,Operating Expense,44376.43,INR,Knight-Rivas,Completed
FIN_0279754,2025-04-15,ACC_00239,Finance,Payroll,18473.0,SEK,UNKNOWN,Completed
FIN_0296069,2022-12-26,ACC_00157,Engineering,Purchase,19761.11,USD,"Collins, Harvey and Gross",Completed
FIN_0254943,2025-09-17,ACC_00199,Manufacturing,Revenue,38190.29,SEK,Anderson and Sons,Completed
FIN_0014894,2021-09-15,ACC_00275,Information Technology,Operating Expense,33780.42,USD,Edwards Group,Completed
FIN_0471273,2023-11-15,ACC_00091,Information Technology,Operating Expense,34692.41,INR,"Ortiz, Kennedy and Andrews",Failed
FIN_0303278,2023-08-31,ACC_00106,Human Resources,Revenue,67245.23,EUR,"Saunders, Thompson and Newman",Completed
FIN_0395662,2023-07-10,ACC_00481,Finance,Payroll,15211.1,INR,Shaw Inc,Completed
FIN_0012641,2026-02-07,ACC_00137,Engineering,Operating Expense,3849.58,INR,"Miles, Oconnor and Jefferson",Completed
FIN_0166856,2021-10-30,ACC_00232,Finance,Operating Expense,49054.62,INR,"Gaines, Cole and Gibson",Completed
FIN_0437397,2025-08-18,ACC_00326,Finance,Purchase,45078.6,USD,Morrison-Contreras,Completed
FIN_0068331,2022-08-30,ACC_00198,Marketing,Purchase,2450.26,SEK,Thompson-Taylor,Completed
FIN_0185961,2025-04-02,ACC_00466,Finance,Payroll,18668.07,EUR,"Brown, Parrish and Young",Completed
FIN_0290187,2023-07-06,ACC_00014,Information Technology,Revenue,22238.64,USD,"Thomas, Johnson and Clark",Completed
FIN_0102447,2023-05-29,ACC_00413,Manufacturing,Revenue,68879.25,USD,"Castillo, Jones and Carter",Completed
FIN_0458009,2026-02-17,ACC_00238,Supply Chain,Purchase,45681.91,SEK,Turner-Atkins,Completed
FIN_0032798,2023-02-26,ACC_00101,Supply Chain,Operating Expense,7542.76,INR,"Rodriguez, Murphy and Carroll",Completed
FIN_0348488,2022-09-08,ACC_00102,Sales,Revenue,23631.41,SEK,Walsh Inc,Completed
FIN_0023003,2024-04-12,ACC_00108,Manufacturing,Operating Expense,37845.39,SEK,Long-Jones,Completed
FIN_0440241,2022-09-28,ACC_00391,Human Resources,Purchase,21369.8,SEK,Mosley-Green,Pending
FIN_0490328,2024-03-31,ACC_00105,Information Technology,Payroll,49710.57,INR,"Martinez, Avila and Phillips",Completed
FIN_0016858,2021-02-18,ACC_00479,Operations,Revenue,25273.77,EUR,Avery-Hall,Completed
FIN_0170541,2025-04-29,ACC_00098,Human Resources,Revenue,89499.76,SEK,Johnson-Jarvis,Completed
FIN_0211340,2024-04-15,ACC_00120,Supply Chain,Purchase,979.58,INR,Mccullough-Blake,Completed
FIN_0324066,2025-01-03,ACC_00051,Human Resources,Operating Expense,37497.15,SEK,Hunter-Martinez,Completed
FIN_0407655,2022-01-29,ACC_00076,Engineering,Operating Expense,7622.14,EUR,UNKNOWN,Completed
FIN_0087612,2026-05-05,ACC_00017,Information Technology,Purchase,36450.91,SEK,Clark-Rowland,Completed
FIN_0255954,2022-11-08,ACC_00426,Engineering,Operating Expense,3091.63,INR,Miller Ltd,Pending
FIN_0421124,2025-10-21,ACC_00186,Sales,Revenue,28361.29,INR,Montoya-Vasquez,Completed
FIN_0347304,2026-03-09,ACC_00394,Supply Chain,Investment,9071.38,USD,"Pearson, Cooper and Whitney",Completed
FIN_0417279,2022-05-10,ACC_00398,Engineering,Purchase,46968.94,USD,Wells Inc,Completed
FIN_0119291,2021-02-26,ACC_00497,Operations,Revenue,41010.47,EUR,"Hart, Sims and Davis",Completed
FIN_0450805,2025-06-03,ACC_00218,Manufacturing,Payroll,40343.43,SEK,Ferrell Inc,Completed
FIN_0090130,2026-05-02,ACC_00291,Marketing,Revenue,4804.93,EUR,Pitts Group,Completed
FIN_0477275,2021-09-23,ACC_00479,Operations,Operating Expense,47529.74,INR,Pena Inc,Pending
FIN_0349506,2021-02-28,ACC_00208,Sales,Revenue,50161.6,INR,Stevens-Hammond,Pending
FIN_0150543,2023-05-24,ACC_00167,Human Resources,Revenue,28716.88,SEK,Mclean LLC,Completed
FIN_0296076,2024-10-24,ACC_00149,Operations,Purchase,33976.99,INR,"Owens, Clark and Chapman",Completed
FIN_0104533,2023-07-14,ACC_00180,Operations,Operating Expense,7747.54,SEK,Mercado Group,Completed
FIN_0208358,2026-02-28,ACC_00144,Marketing,Payroll,31942.08,INR,Conley-Smith,Failed
FIN_0342464,2025-02-28,ACC_00218,Engineering,Revenue,97349.49,SEK,Hamilton and Sons,Completed
FIN_0058219,2022-06-21,ACC_00441,Information Technology,Payroll,49503.93,USD,"Martin, Perez and Martinez",Completed
FIN_0477502,2021-02-02,ACC_00267,Operations,Purchase,956.98,EUR,Stewart-Pratt,Completed
FIN_0185986,2023-09-25,ACC_00188,Human Resources,Revenue,52891.37,EUR,Henderson-Newman,Completed
FIN_0274586,2025-09-18,ACC_00237,Information Technology,Operating Expense,8948.34,SEK,"Mitchell, Ramsey and White",Completed
FIN_0337490,2022-07-28,ACC_00031,Human Resources,Revenue,75212.79,SEK,Wilson PLC,Pending
FIN_0369904,2021-11-26,ACC_00478,Supply Chain,Revenue,36145.77,INR,UNKNOWN,Pending
FIN_0231432,2026-03-23,ACC_00389,Engineering,Payroll,26136.38,SEK,Brooks-Miller,Completed
FIN_0209516,2023-02-25,ACC_00130,Finance,Revenue,31780.22,USD,Mendoza Inc,Completed
FIN_0192060,2024-10-16,ACC_00055,Manufacturing,Investment,12850.69,SEK,Barker-Roberts,Completed
FIN_0261386,2024-09-28,ACC_00212,Finance,Revenue,88698.33,INR,"Henderson, Dunn and Perez",Completed
FIN_0424507,2025-09-29,ACC_00254,Operations,Operating Expense,49077.16,SEK,"Robinson, White and Robles",Completed
FIN_0061540,2021-03-17,ACC_00167,Information Technology,Purchase,2028.67,INR,Watson-Marquez,Completed
FIN_0293675,2025-01-20,ACC_00201,Marketing,Revenue,83926.29,INR,Ponce and Sons,Completed
FIN_0168902,2025-03-28,ACC_00007,Finance,Operating Expense,40935.19,USD,Hatfield Group,Completed
FIN_0059929,2023-01-20,ACC_00225,Manufacturing,Payroll,49426.14,INR,UNKNOWN,Pending
FIN_0480085,2026-02-05,ACC_00262,Marketing,Revenue,48672.53,INR,Rice-Young,Completed
FIN_0453725,2025-11-14,ACC_00321,Sales,Revenue,45507.71,EUR,"Edwards, Huang and Rocha",Completed
FIN_0113285,2023-03-16,ACC_00200,Human Resources,Payroll,25071.45,EUR,"Weber, Welch and Howell",Completed
FIN_0228763,2021-01-13,ACC_00431,Marketing,Payroll,34339.47,SEK,Rivas-Russell,Completed
FIN_0424674,2022-07-24,ACC_00148,Finance,Purchase,49075.9,USD,"Dominguez, Reilly and Dalton",Completed
FIN_0155400,2025-06-10,ACC_00056,Information Technology,Payroll,28099.73,SEK,Forbes-Hendricks,Completed
FIN_0371213,2021-06-08,ACC_00335,Manufacturing,Purchase,18203.58,EUR,Miller and Sons,Completed
FIN_0163423,2022-01-02,ACC_00038,Engineering,Purchase,4764.93,USD,"Harding, Vargas and Clark",Completed
FIN_0160893,2021-09-01,ACC_00397,Operations,Operating Expense,47719.33,EUR,"Ford, Morris and Harrell",Completed
FIN_0098474,2026-03-29,ACC_00415,Engineering,Payroll,3092.89,USD,Mays LLC,Completed
FIN_0027360,2025-08-31,ACC_00292,Operations,Revenue,70474.7,INR,"Henry, Ramos and Williams",Completed
FIN_0007711,2023-11-07,ACC_00083,Supply Chain,Revenue,48359.62,SEK,Hartman-Parsons,Completed
FIN_0493325,2022-01-26,ACC_00500,Human Resources,Revenue,99921.96,INR,Steele-Wells,Completed
FIN_0367096,2026-06-25,ACC_00273,Engineering,Revenue,63696.13,EUR,Carter-Larsen,Completed
FIN_0002895,2024-12-06,ACC_00045,Supply Chain,Operating Expense,2310.21,EUR,"Holland, Ferguson and Johnson",Completed
FIN_0452922,2021-03-17,ACC_00183,Marketing,Revenue,85380.49,INR,Nelson Ltd,Pending
FIN_0136973,2022-10-23,ACC_00467,Finance,Purchase,6749.11,EUR,Reid Group,Completed
FIN_0263177,2022-11-13,ACC_00216,Sales,Payroll,13199.5,USD,"Joseph, Stevens and Klein",Completed
FIN_0287915,2025-05-28,ACC_00322,Human Resources,Revenue,82327.97,EUR,Solis Ltd,Completed
FIN_0405730,2023-05-28,ACC_00217,Information Technology,Purchase,18980.21,EUR,Barnett Inc,Completed
FIN_0054329,2021-03-14,ACC_00162,Manufacturing,Operating Expense,3741.26,EUR,Kim-Orozco,Completed
FIN_0031666,2024-08-21,ACC_00297,Manufacturing,Operating Expense,24278.4,EUR,Jones Inc,Completed
FIN_0236032,2022-11-30,ACC_00055,Information Technology,Revenue,16216.96,SEK,Torres-Dodson,Failed
FIN_0380047,2022-03-13,ACC_00336,Engineering,Purchase,44360.81,EUR,Delacruz LLC,Completed
FIN_0057034,2023-06-15,ACC_00374,Human Resources,Revenue,3325.02,SEK,Delgado LLC,Completed
FIN_0260021,2023-03-29,ACC_00164,Operations,Operating Expense,32758.91,USD,"Glover, Martin and Ramirez",Completed
FIN_0190735,2025-04-19,ACC_00149,Manufacturing,Payroll,18775.96,SEK,Calderon Group,Failed
FIN_0146259,2023-02-11,ACC_00260,Human Resources,Operating Expense,3136.89,USD,"Jordan, Moore and Davis",Pending
FIN_0144901,2022-03-18,ACC_00124,Manufacturing,Revenue,58663.2,INR,Martin PLC,Completed
FIN_0193789,2023-01-03,ACC_00015,Operations,Revenue,57011.76,INR,"Wright, Hamilton and Brown",Completed
FIN_0396526,2024-01-25,ACC_00016,Supply Chain,Purchase,24842.82,INR,Robinson PLC,Completed
FIN_0447357,2025-05-29,ACC_00082,Operations,Operating Expense,14168.26,USD,"Anderson, Spencer and Gordon",Pending
FIN_0388565,2024-05-26,ACC_00310,Finance,Payroll,5726.47,SEK,"Lee, Vazquez and Baker",Completed
FIN_0107118,2023-05-12,ACC_00250,Supply Chain,Revenue,59424.2,USD,Garcia-Mitchell,Completed
FIN_0276034,2022-06-21,ACC_00369,Information Technology,Revenue,97581.74,EUR,White LLC,Completed
FIN_0095772,2023-04-19,ACC_00187,Engineering,Revenue,34420.78,USD,Walker-Jefferson,Completed
FIN_0228691,2025-09-06,ACC_00429,Engineering,Purchase,46807.62,USD,"Garrett, Thompson and Young",Completed
FIN_0449746,2022-09-10,ACC_00198,Human Resources,Purchase,25347.9,USD,"Moore, Mckee and Barker",Completed
FIN_0349603,2021-04-26,ACC_00149,Manufacturing,Revenue,4706.15,INR,"Kennedy, Todd and Obrien",Completed
FIN_0434340,2023-08-06,ACC_00377,Finance,Purchase,1634.07,INR,Johnson-Olson,Completed
FIN_0131958,2026-03-10,ACC_00089,Finance,Operating Expense,24081.06,INR,"Nelson, Miller and Smith",Completed
FIN_0035387,2021-01-22,ACC_00103,Engineering,Payroll,9413.27,SEK,Whitehead Group,Completed
FIN_0211033,2024-10-21,ACC_00034,Marketing,Revenue,63745.4,EUR,Ware Ltd,Completed
FIN_0196656,2021-09-14,ACC_00307,Supply Chain,Operating Expense,39834.03,SEK,Mcguire and Sons,Completed
FIN_0023330,2024-01-05,ACC_00115,Information Technology,Revenue,39342.54,EUR,Turner Group,Completed
FIN_0491769,2021-06-14,ACC_00141,Sales,Revenue,81167.53,USD,"Spence, White and Mills",Completed
FIN_0171786,2022-11-04,ACC_00318,Engineering,Operating Expense,9202.66,SEK,Salazar-Smith,Completed
FIN_0171505,2025-11-09,ACC_00317,Supply Chain,Operating Expense,3527.84,SEK,"Hamilton, Barnes and Guerra",Completed
FIN_0253154,2022-03-18,ACC_00147,Sales,Operating Expense,2257.9,SEK,Washington-Martin,Completed
FIN_0463712,2024-05-16,ACC_00343,Engineering,Operating Expense,28288.12,INR,"Roman, Ryan and Smith",Completed
FIN_0140369,2025-08-14,ACC_00014,Information Technology,Revenue,36153.95,USD,Hardy Group,Completed
FIN_0314426,2021-03-10,ACC_00423,Manufacturing,Purchase,39321.7,INR,Martinez Inc,Pending
FIN_0263594,2023-12-28,ACC_00126,Finance,Purchase,10372.83,SEK,Lam-Cannon,Completed
FIN_0481898,2025-11-09,ACC_00388,Human Resources,Operating Expense,27612.26,USD,"Bailey, Curtis and Thomas",Completed
FIN_0373026,2025-01-23,ACC_00155,Sales,Payroll,23732.76,INR,"Marshall, Guerra and Black",Completed
FIN_0173093,2026-03-04,ACC_00297,Supply Chain,Payroll,8457.5,INR,Bailey and Sons,Failed
FIN_0439820,2025-09-11,ACC_00462,Human Resources,Revenue,53243.56,EUR,"Phillips, Rivera and Riddle",Completed
FIN_0270331,2023-07-01,ACC_00127,Supply Chain,Revenue,85570.77,INR,"Thomas, Colon and Martinez",Pending
FIN_0285757,2022-08-17,ACC_00390,Marketing,Revenue,85957.46,EUR,"Robertson, Henderson and Williams",Completed
FIN_0371618,2022-09-25,ACC_00048,Sales,Revenue,67835.91,SEK,"Myers, Mendoza and May",Completed
FIN_0138514,2022-02-18,ACC_00445,Human Resources,Operating Expense,28750.15,INR,UNKNOWN,Completed
FIN_0082008,2026-05-23,ACC_00282,Information Technology,Operating Expense,41004.47,SEK,Hardy Ltd,Completed
FIN_0485439,2024-11-14,ACC_00159,Operations,Revenue,39707.16,EUR,Olsen Group,Completed
FIN_0088940,2023-06-17,ACC_00202,Information Technology,Revenue,53168.28,SEK,Alvarado-Trujillo,Completed
FIN_0224392,2021-08-19,ACC_00315,Finance,Purchase,11680.44,INR,Johnston-Tran,Completed
FIN_0020749,2021-05-03,ACC_00477,Marketing,Revenue,41031.85,SEK,Moon PLC,Completed
FIN_0016564,2023-03-19,ACC_00289,Operations,Revenue,79679.93,INR,"Miller, Miller and Stein",Completed
FIN_0115583,2023-12-04,ACC_00261,Human Resources,Revenue,95097.1,EUR,Harrison Group,Completed
FIN_0113729,2021-03-04,ACC_00089,Sales,Revenue,77184.57,USD,"Hinton, Pugh and Ashley",Completed
FIN_0126353,2024-11-18,ACC_00049,Human Resources,Revenue,66108.01,SEK,Hernandez-Molina,Completed
FIN_0268391,2025-03-19,ACC_00308,Human Resources,Revenue,73221.78,USD,Perez-Johnston,Completed
FIN_0236025,2021-08-25,ACC_00383,Operations,Revenue,28508.58,INR,Campbell-Little,Completed
FIN_0439610,2021-07-20,ACC_00158,Engineering,Revenue,95607.9,EUR,Smith and Sons,Completed
FIN_0089181,2023-03-25,ACC_00214,Sales,Operating Expense,26442.3,USD,Spencer and Sons,Completed
FIN_0387050,2022-06-18,ACC_00212,Finance,Purchase,21969.49,INR,"Barnett, King and Campbell",Completed
FIN_0467078,2021-08-24,ACC_00228,Marketing,Revenue,43875.94,USD,Rice and Sons,Completed
FIN_0188096,2024-05-21,ACC_00160,Human Resources,Operating Expense,44674.95,EUR,"Lopez, Lewis and Williams",Completed
FIN_0069321,2022-07-29,ACC_00114,Engineering,Purchase,38064.23,EUR,Smith-Schmidt,Completed
FIN_0241075,2025-09-02,ACC_00247,Finance,Revenue,41725.82,SEK,Hodges-Young,Completed
FIN_0367524,2021-02-11,ACC_00453,Manufacturing,Payroll,4513.39,USD,"Willis, Lopez and Fisher",Completed
FIN_0322563,2025-04-29,ACC_00041,Supply Chain,Purchase,42371.52,EUR,Baxter LLC,Failed
FIN_0418375,2021-12-01,ACC_00333,Finance,Revenue,13240.57,SEK,Meyers Inc,Pending
FIN_0286726,2026-03-13,ACC_00324,Manufacturing,Revenue,56600.14,SEK,Valencia-Hogan,Completed
FIN_0035897,2026-05-21,ACC_00407,Finance,Purchase,20273.32,USD,Davis-Phillips,Completed
FIN_0028855,2021-12-13,ACC_00478,Information Technology,Revenue,79913.82,SEK,"Reed, Ruiz and Mcclain",Completed
FIN_0379859,2023-02-25,ACC_00170,Information Technology,Revenue,61831.37,SEK,Ibarra-Green,Completed
FIN_0287916,2023-02-06,ACC_00141,Engineering,Revenue,12255.45,USD,"Hancock, Brown and Ramirez",Completed
FIN_0366109,2024-11-09,ACC_00103,Engineering,Operating Expense,16920.02,EUR,Johnson and Sons,Pending
FIN_0352145,2025-10-26,ACC_00184,Information Technology,Revenue,33493.45,INR,Spencer-Brown,Completed
FIN_0380126,2023-11-12,ACC_00329,Manufacturing,Purchase,18084.6,EUR,Sullivan-Gomez,Completed
FIN_0402698,2022-02-19,ACC_00377,Sales,Operating Expense,1897.45,INR,"Rodriguez, Armstrong and Hall",Completed
FIN_0094428,2023-02-05,ACC_00054,Sales,Revenue,13627.37,INR,"Massey, Payne and Smith",Completed
FIN_0156549,2025-03-16,ACC_00006,Operations,Purchase,38303.42,INR,"Santos, Butler and Owens",Completed
FIN_0087848,2022-07-07,ACC_00145,Manufacturing,Investment,35458.91,EUR,Smith Ltd,Completed
FIN_0012219,2021-05-09,ACC_00213,Sales,Purchase,43804.23,USD,"Nelson, Craig and Monroe",Completed
FIN_0223228,2025-06-07,ACC_00033,Operations,Operating Expense,7890.6,SEK,Brown Inc,Pending
FIN_0082793,2024-12-26,ACC_00006,Manufacturing,Revenue,12612.85,SEK,Hines Inc,Completed
FIN_0264293,2022-07-29,ACC_00367,Operations,Revenue,75339.47,EUR,"Buckley, Williams and Young",Completed
FIN_0104642,2021-05-20,ACC_00473,Manufacturing,Purchase,23069.26,EUR,Martin-Adams,Pending
FIN_0230639,2022-12-20,ACC_00039,Marketing,Operating Expense,3433.85,EUR,Adams Ltd,Completed
FIN_0062742,2021-12-04,ACC_00401,Marketing,Revenue,2440.2,EUR,Roman-Garcia,Completed
FIN_0091341,2023-12-07,ACC_00054,Sales,Revenue,17383.75,USD,"Mason, Santos and Garcia",Completed
FIN_0019588,2023-03-22,ACC_00010,Finance,Revenue,86869.26,SEK,Branch-Irwin,Completed
FIN_0305735,2023-04-11,ACC_00175,Human Resources,Revenue,17979.07,SEK,"Weeks, Cunningham and Wilson",Completed
FIN_0120823,2022-01-13,ACC_00196,Supply Chain,Revenue,83749.03,SEK,"Young, Harrison and Willis",Completed
FIN_0454977,2023-04-07,ACC_00391,Operations,Purchase,11665.16,INR,Bryant Inc,Completed
FIN_0418976,2021-03-15,ACC_00044,Operations,Operating Expense,16037.5,SEK,Russell-Miller,Completed
FIN_0054114,2022-12-16,ACC_00128,Supply Chain,Operating Expense,19260.85,EUR,Welch Ltd,Completed
FIN_0055247,2021-01-09,ACC_00487,Engineering,Purchase,38522.37,USD,Wells-Gentry,Completed
FIN_0497548,2022-06-08,ACC_00443,Information Technology,Operating Expense,9832.48,USD,Barnett PLC,Completed
FIN_0306625,2023-01-07,ACC_00138,Sales,Revenue,81720.15,USD,Abbott-Adams,Completed
FIN_0484597,2025-09-12,ACC_00483,Information Technology,Payroll,3082.21,SEK,"Oneill, Holmes and Logan",Completed
FIN_0286095,2024-03-25,ACC_00086,Operations,Operating Expense,24386.83,INR,"Duncan, Cross and Fuentes",Completed
FIN_0299768,2023-01-31,ACC_00206,Sales,Revenue,49689.98,USD,Cummings-Scott,Completed
FIN_0287176,2021-01-11,ACC_00104,Finance,Revenue,27442.27,SEK,Hopkins Inc,Pending
FIN_0108923,2024-11-28,ACC_00494,Supply Chain,Purchase,32999.89,SEK,Garrison-Tucker,Completed
FIN_0063845,2023-11-19,ACC_00039,Operations,Revenue,1513.85,USD,Williams-Powell,Pending
FIN_0258965,2025-04-01,ACC_00056,Finance,Revenue,41468.88,USD,Soto-Weiss,Completed
FIN_0212817,2025-05-31,ACC_00418,Sales,Payroll,46181.5,EUR,"Trevino, Booker and Campbell",Completed
FIN_0236301,2023-12-28,ACC_00017,Sales,Revenue,13267.41,INR,Thomas PLC,Completed
FIN_0389129,2024-03-20,ACC_00006,Operations,Purchase,21154.01,EUR,Nelson Inc,Completed
FIN_0329360,2023-12-24,ACC_00061,Human Resources,Payroll,9882.61,SEK,Brown Group,Pending
FIN_0085697,2026-05-02,ACC_00039,Marketing,Purchase,42478.73,EUR,"Mitchell, Coleman and Cook",Pending
FIN_0107334,2022-08-07,ACC_00100,Supply Chain,Purchase,4944.63,SEK,Hubbard-Russell,Completed
FIN_0319634,2021-01-11,ACC_00195,Manufacturing,Payroll,23921.13,SEK,"Solomon, Moreno and Yates",Completed
FIN_0226928,2021-07-30,ACC_00108,Marketing,Operating Expense,3126.21,USD,Brown PLC,Completed
FIN_0204339,2023-08-25,ACC_00085,Information Technology,Revenue,25391.74,SEK,West-Young,Completed
FIN_0297187,2022-04-28,ACC_00175,Finance,Purchase,24294.7,SEK,Torres-Shaw,Completed
FIN_0069995,2025-07-30,ACC_00336,Manufacturing,Payroll,26990.54,USD,Rodriguez-Mayo,Completed
FIN_0486703,2022-09-19,ACC_00254,Sales,Payroll,13127.58,EUR,Todd Ltd,Failed
FIN_0477541,2025-11-28,ACC_00164,Supply Chain,Operating Expense,7550.62,USD,Young Inc,Completed
FIN_0432525,2023-07-06,ACC_00105,Operations,Operating Expense,4601.39,EUR,"Miller, Hall and Johnson",Completed
FIN_0032905,2021-03-12,ACC_00203,Information Technology,Revenue,87247.06,USD,Phillips-Montes,Pending
FIN_0468942,2025-12-03,ACC_00003,Information Technology,Revenue,5646.95,INR,"Brady, Barrett and Holloway",Completed
FIN_0401876,2022-06-24,ACC_00277,Operations,Purchase,40225.33,SEK,Jones-Stevens,Completed
FIN_0373797,2023-02-03,ACC_00286,Engineering,Payroll,49321.67,EUR,Keith PLC,Completed
FIN_0436021,2024-07-28,ACC_00156,Information Technology,Purchase,27745.61,USD,Adkins-Franco,Completed
FIN_0133185,2022-06-03,ACC_00110,Human Resources,Operating Expense,2770.82,USD,Burgess Inc,Pending
FIN_0419106,2022-09-14,ACC_00324,Information Technology,Operating Expense,19372.32,EUR,Wilkerson-Huffman,Completed
FIN_0215134,2023-01-27,ACC_00055,Finance,Purchase,5439.0,INR,"Hatfield, Melendez and Rivera",Pending
FIN_0182812,2023-12-22,ACC_00276,Supply Chain,Operating Expense,43548.35,USD,Smith LLC,Completed
FIN_0104184,2025-07-24,ACC_00123,Supply Chain,Operating Expense,29032.86,SEK,"Wilson, Blackwell and Hill",Completed
FIN_0016461,2022-04-04,ACC_00375,Engineering,Revenue,26657.26,EUR,Barry-Bailey,Completed
FIN_0055002,2022-07-26,ACC_00294,Finance,Purchase,16381.69,SEK,"Russell, Patterson and Boyd",Completed
FIN_0085085,2022-09-25,ACC_00007,Information Technology,Payroll,18515.47,INR,"Snyder, Walker and Chandler",Completed
FIN_0336625,2023-04-16,ACC_00232,Operations,Revenue,72445.97,EUR,Berry-Fowler,Completed
FIN_0415073,2026-02-03,ACC_00337,Information Technology,Purchase,17479.12,INR,UNKNOWN,Completed
FIN_0237050,2026-01-19,ACC_00469,Human Resources,Operating Expense,15833.15,SEK,"Harris, Mccall and Cameron",Pending
FIN_0443461,2021-07-28,ACC_00078,Finance,Operating Expense,16853.39,EUR,Smith Inc,Completed
FIN_0439138,2024-06-03,ACC_00111,Information Technology,Operating Expense,34812.55,INR,Barber PLC,Completed
FIN_0487584,2026-04-09,ACC_00061,Supply Chain,Purchase,15063.61,EUR,"Simmons, Murray and Manning",Pending
FIN_0100677,2024-10-25,ACC_00370,Supply Chain,Revenue,65411.95,SEK,Cooper-Fisher,Completed
FIN_0313013,2026-05-12,ACC_00480,Information Technology,Operating Expense,24790.57,INR,"Knox, Smith and Casey",Completed
FIN_0225328,2023-02-06,ACC_00301,Operations,Purchase,6036.24,INR,"Brown, Trevino and Cummings",Completed
FIN_0245055,2021-05-08,ACC_00174,Sales,Revenue,45961.54,EUR,Alexander Group,Completed
FIN_0089349,2022-04-27,ACC_00378,Manufacturing,Revenue,28176.17,SEK,Adams Group,Completed
FIN_0266438,2026-03-04,ACC_00154,Engineering,Revenue,21096.94,EUR,Hanson Ltd,Completed
FIN_0045481,2024-12-01,ACC_00059,Marketing,Investment,3211.16,USD,Hood Inc,Completed
FIN_0101795,2025-11-30,ACC_00271,Supply Chain,Payroll,9422.94,EUR,Baker-Webb,Completed
FIN_0305923,2024-07-17,ACC_00365,Operations,Revenue,92844.56,INR,"Barrett, Ross and Mcclure",Completed
FIN_0042266,2022-06-03,ACC_00034,Engineering,Revenue,91669.07,USD,Mullins Ltd,Completed
FIN_0374163,2022-10-24,ACC_00490,Operations,Operating Expense,42057.58,SEK,"Cook, Anthony and Brown",Completed
FIN_0384291,2023-09-02,ACC_00490,Sales,Payroll,7672.97,USD,Smith-Tanner,Completed
FIN_0328628,2022-02-27,ACC_00069,Human Resources,Revenue,47130.14,EUR,"Benjamin, Rosario and Hill",Completed
FIN_0400491,2022-11-14,ACC_00247,Finance,Purchase,29397.4,SEK,Smith-Townsend,Completed
FIN_0391003,2022-06-11,ACC_00050,Sales,Operating Expense,23411.98,EUR,UNKNOWN,Completed
FIN_0053517,2022-03-18,ACC_00140,Marketing,Revenue,77234.31,USD,Green-Roberson,Pending
FIN_0057689,2023-05-02,ACC_00104,Marketing,Operating Expense,22783.97,INR,Perez-Crawford,Completed
FIN_0350897,2021-01-30,ACC_00190,Sales,Payroll,31665.81,INR,"Morris, Simpson and Sloan",Completed
FIN_0485962,2023-02-01,ACC_00293,Engineering,Revenue,99526.75,EUR,Richard PLC,Completed
FIN_0451148,2026-03-17,ACC_00335,Engineering,Purchase,6813.41,SEK,"Fowler, Underwood and Horn",Completed
FIN_0222343,2026-06-25,ACC_00258,Finance,Investment,40720.02,EUR,Carter Group,Completed
FIN_0214754,2026-04-18,ACC_00146,Supply Chain,Purchase,37647.35,EUR,Serrano-Black,Completed
FIN_0364363,2025-09-30,ACC_00430,Supply Chain,Revenue,12765.12,EUR,Garcia PLC,Completed
FIN_0116376,2023-10-27,ACC_00336,Supply Chain,Payroll,6785.6,INR,UNKNOWN,Pending
FIN_0431556,2022-10-01,ACC_00084,Human Resources,Purchase,20024.32,USD,"Thompson, Harris and Gomez",Completed
FIN_0235756,2024-12-19,ACC_00216,Information Technology,Revenue,35268.46,INR,Crawford LLC,Completed
FIN_0233483,2022-01-21,ACC_00300,Engineering,Purchase,27166.49,SEK,Gutierrez PLC,Completed
FIN_0181642,2022-12-20,ACC_00254,Supply Chain,Operating Expense,15237.89,EUR,Jimenez PLC,Completed
FIN_0303913,2024-12-13,ACC_00005,Manufacturing,Revenue,3115.79,EUR,Rubio-Smith,Completed
FIN_0285092,2021-05-21,ACC_00275,Finance,Payroll,10598.15,EUR,Martin Group,Completed
FIN_0315703,2025-01-10,ACC_00143,Human Resources,Revenue,64169.3,INR,Hernandez Ltd,Completed
FIN_0180667,2022-03-22,ACC_00445,Engineering,Revenue,35961.87,INR,Harris Group,Completed
FIN_0441032,2022-02-19,ACC_00134,Operations,Operating Expense,47732.45,EUR,Gonzalez-Marquez,Completed
FIN_0089291,2024-12-26,ACC_00482,Finance,Purchase,37462.24,EUR,Jackson-Joseph,Completed
FIN_0025934,2024-01-09,ACC_00079,Operations,Revenue,22982.8,EUR,Hunter PLC,Completed
FIN_0456911,2023-05-24,ACC_00240,Human Resources,Payroll,40934.89,USD,Rojas-Jones,Pending
FIN_0077024,2025-07-01,ACC_00227,Marketing,Purchase,48192.9,INR,UNKNOWN,Completed
FIN_0381159,2021-05-14,ACC_00068,Finance,Purchase,20010.94,SEK,Taylor-Hubbard,Pending
FIN_0345705,2025-12-21,ACC_00238,Information Technology,Operating Expense,23997.86,USD,Keith-Fox,Completed
FIN_0469217,2024-09-12,ACC_00412,Engineering,Purchase,35623.07,USD,UNKNOWN,Completed
FIN_0317100,2022-09-05,ACC_00460,Finance,Operating Expense,5403.5,EUR,"Rice, Shaw and Dalton",Completed
FIN_0273309,2024-04-23,ACC_00088,Engineering,Purchase,38179.42,SEK,Brown LLC,Completed
FIN_0451174,2023-05-09,ACC_00357,Sales,Revenue,42482.28,EUR,"Carney, Strong and Wolfe",Completed
FIN_0014820,2021-12-04,ACC_00322,Sales,Operating Expense,40776.11,EUR,Wilkerson-Mcmahon,Completed
FIN_0472665,2023-03-14,ACC_00107,Information Technology,Operating Expense,12790.01,USD,"Perkins, Potts and Hill",Completed
FIN_0474926,2022-12-01,ACC_00236,Information Technology,Investment,17289.17,USD,Clark-Webb,Completed
FIN_0229873,2022-05-23,ACC_00165,Engineering,Purchase,46488.72,SEK,"Gomez, Henderson and Griffin",Completed
FIN_0341209,2022-11-24,ACC_00026,Finance,Revenue,50949.6,USD,UNKNOWN,Completed
FIN_0293007,2026-02-15,ACC_00386,Engineering,Revenue,84623.91,EUR,Fitzpatrick Ltd,Completed
FIN_0197282,2024-06-01,ACC_00381,Supply Chain,Revenue,74271.37,EUR,UNKNOWN,Completed
FIN_0267541,2021-05-20,ACC_00466,Sales,Operating Expense,18829.31,SEK,Dean-Robbins,Completed
FIN_0419040,2022-09-12,ACC_00500,Marketing,Purchase,3124.49,USD,UNKNOWN,Completed
FIN_0193850,2021-07-19,ACC_00129,Supply Chain,Operating Expense,12565.06,USD,"Thomas, Brown and Miranda",Completed
FIN_0496349,2024-11-15,ACC_00246,Marketing,Revenue,82473.35,INR,Anderson and Sons,Completed
FIN_0186539,2026-06-03,ACC_00459,Human Resources,Revenue,26240.77,SEK,Flowers-Small,Completed
FIN_0087931,2025-06-27,ACC_00060,Engineering,Revenue,69093.61,SEK,Jimenez Group,Completed
FIN_0306971,2025-04-15,ACC_00016,Operations,Revenue,63950.31,INR,Padilla and Sons,Completed
FIN_0455121,2024-06-30,ACC_00112,Supply Chain,Revenue,40203.76,USD,Dalton-Fernandez,Completed
FIN_0419138,2024-09-11,ACC_00074,Marketing,Purchase,19334.15,USD,"Berry, Simpson and Johnson",Completed
FIN_0311338,2021-08-01,ACC_00399,Information Technology,Revenue,87869.1,USD,Walton LLC,Completed
FIN_0429448,2025-12-01,ACC_00433,Operations,Operating Expense,6332.93,USD,"Fernandez, Duncan and Baker",Completed
FIN_0411285,2021-05-01,ACC_00177,Operations,Payroll,1554.76,USD,Thomas LLC,Completed
FIN_0185165,2023-08-12,ACC_00469,Operations,Purchase,1970.9,EUR,Mason-Oconnor,Completed
FIN_0170901,2024-03-30,ACC_00266,Finance,Investment,24265.32,SEK,"Cohen, Rogers and Williams",Completed
FIN_0180723,2024-04-23,ACC_00389,Finance,Purchase,43207.84,SEK,UNKNOWN,Completed
FIN_0180615,2023-08-03,ACC_00028,Marketing,Purchase,10353.18,INR,Rivas LLC,Completed
FIN_0428943,2021-05-09,ACC_00342,Human Resources,Revenue,52226.27,INR,Hayes and Sons,Completed
FIN_0284681,2021-04-20,ACC_00017,Supply Chain,Payroll,21841.92,USD,"Jordan, Woods and Terry",Completed
FIN_0432292,2022-06-20,ACC_00351,Human Resources,Revenue,8916.85,INR,"Hernandez, David and Shields",Completed
FIN_0070137,2021-08-23,ACC_00074,Marketing,Operating Expense,7632.8,EUR,Watkins Ltd,Completed
FIN_0047361,2024-11-20,ACC_00040,Operations,Operating Expense,45775.85,EUR,Snyder-Brown,Completed
FIN_0330287,2025-01-01,ACC_00289,Operations,Revenue,13508.64,SEK,Dillon-Martinez,Pending
FIN_0053087,2025-08-12,ACC_00357,Marketing,Payroll,30498.22,EUR,Phillips PLC,Completed
FIN_0043434,2025-09-20,ACC_00234,Operations,Operating Expense,2857.44,SEK,Waters-Lambert,Completed
FIN_0234046,2022-12-14,ACC_00339,Manufacturing,Revenue,16942.11,INR,"Hernandez, Chang and Nguyen",Completed
FIN_0415525,2023-01-31,ACC_00435,Marketing,Revenue,60571.82,USD,Williams Ltd,Completed
FIN_0106903,2021-11-14,ACC_00465,Sales,Operating Expense,15047.28,EUR,Cooper LLC,Completed
FIN_0100617,2024-10-09,ACC_00365,Sales,Revenue,86358.26,SEK,Underwood PLC,Completed
FIN_0170056,2023-07-29,ACC_00397,Supply Chain,Revenue,61856.23,EUR,"Yang, Smith and Mcdonald",Completed
FIN_0398794,2025-02-26,ACC_00432,Operations,Investment,17150.12,USD,Sanchez-King,Completed
FIN_0413514,2026-04-21,ACC_00241,Supply Chain,Payroll,37395.1,USD,Henderson-Anderson,Completed
FIN_0025024,2021-09-05,ACC_00401,Engineering,Payroll,2731.17,INR,"Smith, Vasquez and Delacruz",Pending
FIN_0243861,2022-10-12,ACC_00400,Marketing,Purchase,20744.73,EUR,Neal-Ramirez,Completed
FIN_0309924,2025-03-22,ACC_00347,Manufacturing,Purchase,17153.26,INR,Shannon-Moore,Completed
FIN_0478104,2021-10-13,ACC_00098,Supply Chain,Operating Expense,42258.08,INR,Gonzalez Ltd,Completed
FIN_0099833,2025-08-06,ACC_00296,Manufacturing,Revenue,78660.69,INR,Werner Ltd,Completed
FIN_0197166,2021-10-22,ACC_00476,Engineering,Investment,47069.43,INR,"Paul, Gonzalez and Vance",Completed
FIN_0434685,2023-10-28,ACC_00004,Sales,Revenue,3126.76,INR,Nguyen and Sons,Pending
FIN_0157170,2026-01-26,ACC_00096,Finance,Revenue,60838.35,EUR,"Cook, Armstrong and Hoffman",Completed
FIN_0209505,2022-01-28,ACC_00041,Finance,Revenue,26445.17,INR,Wise-Mcclure,Completed
FIN_0407636,2021-08-01,ACC_00427,Operations,Operating Expense,41480.43,EUR,Harris PLC,Completed
FIN_0478226,2023-10-29,ACC_00019,Supply Chain,Revenue,45765.18,INR,Sanders-Adams,Completed
FIN_0394150,2022-04-30,ACC_00045,Human Resources,Payroll,25447.48,SEK,"Lewis, Waters and Cox",Pending
FIN_0491968,2025-01-14,ACC_00422,Operations,Purchase,5935.55,INR,Brown LLC,Completed
FIN_0062530,2025-04-22,ACC_00459,Operations,Revenue,41391.06,EUR,Small and Sons,Completed
FIN_0029131,2024-08-13,ACC_00273,Engineering,Payroll,18526.45,INR,Watts-Carter,Completed
FIN_0209525,2026-02-09,ACC_00225,Engineering,Revenue,20813.14,USD,"Campos, Mullins and Figueroa",Completed
FIN_0369240,2022-09-15,ACC_00364,Operations,Revenue,22928.76,EUR,UNKNOWN,Completed
FIN_0409240,2024-04-24,ACC_00102,Operations,Purchase,10590.14,SEK,Schultz-Maldonado,Completed
FIN_0364194,2024-03-05,ACC_00154,Human Resources,Operating Expense,39312.19,USD,"Obrien, Martin and Moore",Pending
FIN_0324462,2022-05-03,ACC_00422,Engineering,Purchase,1630.3,SEK,"Davis, Ruiz and Odom",Completed
FIN_0370754,2023-09-30,ACC_00330,Human Resources,Payroll,43395.28,INR,UNKNOWN,Pending
FIN_0437838,2022-01-16,ACC_00042,Sales,Operating Expense,3772.35,SEK,White Inc,Pending
FIN_0132530,2022-01-26,ACC_00380,Marketing,Revenue,41477.29,EUR,"Lewis, Lopez and Woodard",Completed
FIN_0139929,2021-03-29,ACC_00400,Finance,Payroll,16488.1,SEK,"Freeman, Olson and Kelly",Completed
FIN_0397169,2024-12-05,ACC_00062,Marketing,Purchase,36270.97,SEK,Hale-Knight,Completed
FIN_0013396,2021-06-23,ACC_00449,Marketing,Purchase,48744.54,SEK,Anderson-Costa,Completed
FIN_0192741,2024-09-29,ACC_00062,Human Resources,Purchase,11784.27,INR,"Harris, Sanchez and Thomas",Completed
FIN_0058255,2025-02-24,ACC_00425,Marketing,Purchase,3503.82,USD,Chase-Pugh,Completed
FIN_0305124,2021-03-14,ACC_00348,Human Resources,Revenue,99461.57,USD,Kelley LLC,Completed
FIN_0462336,2022-02-25,ACC_00202,Human Resources,Revenue,10351.21,USD,Thomas Inc,Completed
FIN_0215977,2026-03-20,ACC_00114,Engineering,Revenue,95869.58,SEK,Smith PLC,Completed
FIN_0268414,2024-02-20,ACC_00460,Manufacturing,Investment,3698.1,SEK,Evans Ltd,Completed
FIN_0278187,2022-03-16,ACC_00012,Information Technology,Investment,29322.3,USD,"Pacheco, Olson and Lester",Completed
FIN_0353070,2022-03-24,ACC_00037,Finance,Revenue,63020.25,EUR,Hoover-Flores,Completed
FIN_0408205,2021-12-01,ACC_00108,Human Resources,Revenue,53438.54,USD,Gonzales-Weber,Completed
FIN_0118386,2021-10-20,ACC_00466,Operations,Revenue,31785.5,EUR,"Wilson, Smith and Bailey",Completed
FIN_0255177,2021-10-16,ACC_00189,Marketing,Revenue,92000.68,USD,"Castillo, Torres and Keller",Completed
FIN_0248907,2022-09-01,ACC_00339,Marketing,Purchase,6805.18,INR,Marsh-Crosby,Completed
FIN_0155059,2023-12-23,ACC_00146,Engineering,Operating Expense,39823.27,EUR,Fields Group,Completed
FIN_0278823,2023-08-24,ACC_00370,Human Resources,Operating Expense,34812.52,USD,Gonzalez-Frey,Completed
FIN_0317473,2022-11-16,ACC_00093,Sales,Payroll,39500.81,INR,"Banks, Snyder and Lewis",Completed
FIN_0417190,2025-04-30,ACC_00221,Engineering,Revenue,33663.09,USD,Mcguire-Black,Completed
FIN_0266139,2021-04-13,ACC_00025,Information Technology,Purchase,18637.26,SEK,"Lopez, White and Montgomery",Completed
FIN_0466713,2023-12-12,ACC_00123,Engineering,Operating Expense,1400.07,USD,Nichols LLC,Completed
FIN_0095576,2021-10-10,ACC_00463,Engineering,Purchase,25722.35,USD,UNKNOWN,Completed
FIN_0471926,2021-08-24,ACC_00202,Supply Chain,Purchase,39820.47,USD,"Miller, Alexander and Juarez",Completed
FIN_0268206,2023-09-26,ACC_00438,Sales,Payroll,45443.08,INR,Hill-Carroll,Pending
FIN_0275152,2024-09-16,ACC_00151,Finance,Operating Expense,25196.43,SEK,Krueger LLC,Completed
FIN_0348953,2025-12-18,ACC_00292,Supply Chain,Operating Expense,10681.84,USD,"Dudley, Garcia and Stafford",Completed
FIN_0115492,2022-06-08,ACC_00068,Information Technology,Revenue,7633.65,INR,Callahan-Flynn,Completed
FIN_0476357,2022-03-17,ACC_00196,Operations,Purchase,49281.17,INR,Ferguson PLC,Completed
FIN_0123718,2026-04-07,ACC_00135,Human Resources,Investment,14998.44,USD,Harris LLC,Completed
FIN_0346083,2022-10-07,ACC_00353,Supply Chain,Purchase,39947.91,INR,Butler Ltd,Completed
FIN_0239437,2023-04-25,ACC_00427,Sales,Investment,31466.44,INR,"Watson, Erickson and Murray",Completed
FIN_0477037,2022-12-01,ACC_00387,Human Resources,Revenue,961.53,SEK,Johnson-Rodgers,Completed
FIN_0208427,2023-11-26,ACC_00183,Finance,Revenue,89689.31,SEK,"Hughes, Bell and Sampson",Completed
FIN_0040241,2025-03-01,ACC_00192,Finance,Revenue,90763.71,USD,Johnson Group,Completed
FIN_0274922,2022-07-11,ACC_00232,Sales,Purchase,4731.61,EUR,Williams and Sons,Completed
FIN_0135712,2025-03-29,ACC_00130,Marketing,Purchase,9966.57,SEK,"Hickman, Jones and Davis",Completed
FIN_0070660,2021-05-30,ACC_00031,Engineering,Revenue,41725.1,INR,Perez PLC,Completed
FIN_0079849,2022-07-15,ACC_00410,Manufacturing,Revenue,19790.36,SEK,"Waters, Garcia and Deleon",Pending
FIN_0163390,2025-02-24,ACC_00253,Engineering,Operating Expense,27801.23,SEK,"Myers, Rodriguez and Harrell",Completed
FIN_0184726,2025-08-14,ACC_00441,Finance,Payroll,851.01,USD,"Adams, Hickman and Martin",Completed
FIN_0343644,2021-03-09,ACC_00251,Marketing,Revenue,76932.58,SEK,Medina-Webb,Completed
FIN_0125168,2024-09-19,ACC_00076,Marketing,Revenue,29250.84,EUR,Castaneda Group,Completed
FIN_0078827,2023-07-28,ACC_00236,Manufacturing,Investment,40982.4,USD,"Garcia, Beck and Sawyer",Completed
FIN_0028583,2024-05-10,ACC_00322,Marketing,Revenue,40269.07,INR,Thompson PLC,Completed
FIN_0248807,2023-05-09,ACC_00162,Marketing,Payroll,8466.52,SEK,Ruiz Ltd,Completed
FIN_0499131,2026-01-28,ACC_00317,Operations,Purchase,44541.4,USD,Hull-Hill,Pending
FIN_0359995,2026-04-11,ACC_00471,Finance,Revenue,91452.37,INR,"Duncan, Ellis and Jackson",Completed
FIN_0373479,2021-01-27,ACC_00181,Manufacturing,Investment,14229.07,SEK,"Thompson, Wallace and Fowler",Completed
FIN_0231378,2024-07-27,ACC_00021,Information Technology,Payroll,15937.87,INR,Newton-Goodwin,Completed
FIN_0270692,2025-01-25,ACC_00013,Supply Chain,Purchase,34888.43,USD,Sherman-Moreno,Completed
FIN_0424271,2025-10-19,ACC_00173,Information Technology,Revenue,31867.48,EUR,Cox-Paul,Completed
FIN_0393103,2024-04-19,ACC_00025,Supply Chain,Purchase,23754.52,EUR,Larson-Flowers,Completed
FIN_0022554,2024-09-23,ACC_00121,Sales,Purchase,11034.06,USD,"Massey, Smith and Williams",Completed
FIN_0250099,2025-09-03,ACC_00254,Supply Chain,Investment,15666.54,SEK,UNKNOWN,Completed
FIN_0445123,2025-11-09,ACC_00033,Marketing,Purchase,39544.77,INR,Wheeler and Sons,Completed
FIN_0056075,2022-06-05,ACC_00459,Operations,Revenue,25613.3,USD,Smith Ltd,Completed
FIN_0380542,2021-10-06,ACC_00272,Supply Chain,Revenue,44050.8,EUR,Booker-Guzman,Completed
FIN_0118332,2021-07-18,ACC_00002,Human Resources,Purchase,25067.89,EUR,Doyle Ltd,Completed
FIN_0302714,2022-10-27,ACC_00237,Human Resources,Payroll,13215.7,EUR,Villa Group,Completed
FIN_0155649,2023-07-12,ACC_00475,Supply Chain,Revenue,2054.56,SEK,Ewing-Clark,Failed
FIN_0049734,2023-07-03,ACC_00015,Supply Chain,Payroll,36311.78,EUR,Daniels-Garcia,Completed
FIN_0195742,2026-06-15,ACC_00040,Operations,Revenue,64180.83,USD,Hall Group,Completed
FIN_0389551,2023-03-16,ACC_00005,Marketing,Payroll,32494.41,USD,Smith Ltd,Completed
FIN_0268009,2022-05-21,ACC_00377,Manufacturing,Operating Expense,4330.0,EUR,Carr-Andrade,Completed
FIN_0135472,2024-09-06,ACC_00237,Sales,Payroll,14620.19,INR,Mills PLC,Completed
FIN_0054998,2022-02-26,ACC_00444,Supply Chain,Revenue,95343.71,USD,"Rice, Gould and Farmer",Completed
FIN_0159870,2024-08-02,ACC_00240,Engineering,Purchase,13147.94,INR,"Calderon, Thomas and Johnson",Completed
FIN_0146883,2022-11-01,ACC_00271,Finance,Operating Expense,11592.72,USD,Spears-Roberts,Completed
FIN_0200121,2025-01-31,ACC_00071,Supply Chain,Revenue,22087.11,INR,Carter-Ward,Completed
FIN_0219197,2021-11-17,ACC_00424,Engineering,Investment,10246.55,EUR,"Jones, Rodriguez and Woods",Completed
FIN_0465064,2024-01-24,ACC_00214,Operations,Revenue,39819.79,USD,Knight-Watson,Completed
FIN_0393595,2026-04-24,ACC_00130,Engineering,Operating Expense,7790.47,INR,Wall PLC,Completed
FIN_0452379,2022-09-16,ACC_00387,Sales,Operating Expense,29234.2,USD,Bonilla Group,Completed
FIN_0309362,2023-04-04,ACC_00491,Manufacturing,Revenue,31107.08,USD,Wilson and Sons,Completed
FIN_0166105,2023-09-19,ACC_00231,Manufacturing,Revenue,46468.58,INR,Diaz-Flynn,Pending
FIN_0379172,2023-07-14,ACC_00350,Sales,Revenue,4528.97,EUR,"White, Mosley and Conrad",Completed
FIN_0101522,2022-06-18,ACC_00137,Information Technology,Revenue,35552.51,USD,Johnson-Jimenez,Completed
FIN_0053253,2025-10-16,ACC_00092,Finance,Revenue,76651.17,EUR,Rice-Sharp,Completed
FIN_0361875,2022-01-24,ACC_00173,Human Resources,Purchase,15948.15,SEK,Padilla-Edwards,Completed
FIN_0350081,2022-09-20,ACC_00353,Finance,Revenue,18257.49,SEK,"Walker, Mcguire and Murphy",Completed
FIN_0230201,2024-10-01,ACC_00025,Supply Chain,Revenue,9657.9,INR,Brown Inc,Completed
FIN_0273610,2021-03-10,ACC_00292,Supply Chain,Purchase,636.33,USD,Murray-Johnson,Completed
FIN_0204761,2023-07-03,ACC_00104,Human Resources,Payroll,12192.25,SEK,"Singleton, Nelson and Hines",Completed
FIN_0462768,2025-01-03,ACC_00171,Supply Chain,Revenue,59705.37,USD,Park-Patel,Completed
FIN_0080299,2022-02-19,ACC_00139,Manufacturing,Operating Expense,23529.31,USD,"Evans, Booth and Farmer",Completed
FIN_0155253,2025-07-29,ACC_00069,Finance,Operating Expense,5197.09,EUR,Vance Inc,Completed
FIN_0112974,2025-07-12,ACC_00018,Sales,Operating Expense,47890.2,USD,Smith Group,Pending
FIN_0215385,2026-06-04,ACC_00387,Engineering,Revenue,51118.81,EUR,Carlson Inc,Completed
FIN_0471210,2022-04-16,ACC_00400,Manufacturing,Purchase,5455.31,INR,Huerta Inc,Completed
FIN_0248634,2024-08-10,ACC_00334,Information Technology,Operating Expense,37334.66,EUR,"Andrade, Dunn and Terry",Completed
FIN_0405987,2025-04-26,ACC_00334,Sales,Operating Expense,2895.58,EUR,"Rush, Johnson and Farmer",Completed
FIN_0130824,2022-10-16,ACC_00316,Marketing,Revenue,38419.03,USD,Townsend-Barron,Completed
FIN_0004583,2021-01-03,ACC_00342,Engineering,Purchase,24254.25,USD,Donaldson-Marshall,Completed
FIN_0247706,2021-11-16,ACC_00274,Information Technology,Revenue,48451.74,USD,"Rodriguez, Hull and Leonard",Completed
FIN_0306814,2024-01-10,ACC_00319,Marketing,Revenue,74805.35,USD,"Bentley, Miller and Greer",Completed
FIN_0148722,2022-01-23,ACC_00163,Information Technology,Operating Expense,33622.04,USD,"Lara, Peterson and Lopez",Completed
FIN_0437647,2024-12-09,ACC_00117,Operations,Revenue,37917.88,INR,Woods-Brown,Completed
FIN_0274740,2026-05-13,ACC_00189,Human Resources,Revenue,46788.68,INR,Orozco-Bennett,Completed
FIN_0394947,2026-02-15,ACC_00380,Operations,Revenue,41594.04,SEK,Romero PLC,Completed
FIN_0333324,2024-12-04,ACC_00347,Finance,Purchase,48092.49,USD,"Fitzgerald, Chan and Sawyer",Completed
FIN_0086687,2025-11-02,ACC_00141,Human Resources,Investment,26480.44,SEK,"Combs, Francis and Ramirez",Completed
FIN_0126786,2026-03-27,ACC_00497,Sales,Operating Expense,48816.13,EUR,"Hayden, Baldwin and Williams",Completed
FIN_0021915,2022-09-02,ACC_00281,Marketing,Operating Expense,1020.91,EUR,Holder Inc,Completed
FIN_0178930,2022-06-30,ACC_00379,Human Resources,Payroll,3726.77,USD,Wilson-Robbins,Completed
FIN_0136074,2022-11-10,ACC_00500,Marketing,Purchase,38830.73,EUR,"Powers, Harris and Davis",Completed
FIN_0205078,2023-08-11,ACC_00220,Supply Chain,Operating Expense,20360.34,INR,Villarreal-Bell,Completed
FIN_0462176,2022-08-28,ACC_00351,Operations,Payroll,20280.01,USD,Carroll-Berger,Completed
FIN_0420651,2024-02-16,ACC_00207,Marketing,Payroll,29470.62,USD,Mccann-Hill,Completed
FIN_0269292,2023-12-26,ACC_00211,Information Technology,Revenue,34184.31,INR,Clayton-Grant,Completed
FIN_0387701,2023-04-24,ACC_00405,Human Resources,Investment,23577.38,SEK,Cortez-Williams,Completed
FIN_0048906,2021-03-12,ACC_00362,Human Resources,Investment,31105.29,INR,"Myers, Dixon and Schroeder",Completed
FIN_0034600,2022-04-25,ACC_00497,Marketing,Purchase,28227.63,EUR,Hall-Kane,Completed
FIN_0039769,2023-04-14,ACC_00003,Operations,Purchase,28819.68,EUR,Brown-Gonzalez,Completed
FIN_0492616,2025-05-02,ACC_00054,Human Resources,Purchase,42670.03,USD,"Holmes, Lozano and Cobb",Completed
FIN_0109991,2023-01-28,ACC_00439,Supply Chain,Purchase,46920.61,USD,White LLC,Completed
FIN_0175871,2022-05-06,ACC_00047,Finance,Revenue,21311.72,INR,Campbell LLC,Completed
FIN_0130895,2021-06-01,ACC_00068,Manufacturing,Revenue,56530.78,EUR,UNKNOWN,Completed
FIN_0384443,2023-06-19,ACC_00233,Marketing,Purchase,17310.5,EUR,Ibarra-Jensen,Completed
FIN_0475233,2025-08-08,ACC_00096,Operations,Revenue,19161.3,USD,Roberson Ltd,Completed
FIN_0440571,2021-01-25,ACC_00307,Engineering,Revenue,53227.02,USD,UNKNOWN,Completed
FIN_0280484,2024-05-20,ACC_00411,Sales,Payroll,11332.92,SEK,Martin and Sons,Completed
FIN_0100525,2023-04-02,ACC_00444,Engineering,Operating Expense,46921.85,INR,Reed LLC,Completed
FIN_0039678,2024-06-21,ACC_00476,Human Resources,Purchase,34235.76,SEK,UNKNOWN,Completed
FIN_0038195,2024-05-06,ACC_00429,Manufacturing,Payroll,30117.75,USD,Brewer PLC,Completed
FIN_0275656,2025-07-11,ACC_00169,Marketing,Payroll,20830.37,EUR,"Lawrence, Lopez and Freeman",Completed
FIN_0320851,2026-03-27,ACC_00242,Operations,Investment,1037.4,SEK,Brown Inc,Completed
FIN_0229505,2022-08-21,ACC_00366,Human Resources,Payroll,10376.86,INR,"Webb, Mullins and Smith",Completed
FIN_0069330,2022-07-04,ACC_00264,Engineering,Payroll,7585.38,INR,Duffy-Spencer,Failed
FIN_0098634,2022-06-24,ACC_00398,Information Technology,Purchase,1935.8,USD,Hansen Group,Completed
FIN_0399168,2023-01-28,ACC_00134,Information Technology,Purchase,44807.1,INR,Henderson LLC,Failed
FIN_0376857,2021-07-04,ACC_00286,Supply Chain,Purchase,41972.89,USD,Barnes Ltd,Completed
FIN_0167237,2021-07-04,ACC_00001,Finance,Purchase,6502.77,SEK,UNKNOWN,Completed
FIN_0007576,2023-01-15,ACC_00149,Engineering,Payroll,2107.47,SEK,Walker-Smith,Completed
FIN_0166642,2024-06-06,ACC_00364,Information Technology,Operating Expense,12110.34,SEK,Carlson-Hartman,Completed
FIN_0224712,2022-05-15,ACC_00122,Supply Chain,Investment,15648.24,SEK,Coleman and Sons,Completed
FIN_0153801,2023-05-08,ACC_00391,Manufacturing,Operating Expense,40970.98,USD,"Washington, Shah and Dixon",Completed
FIN_0467650,2023-06-09,ACC_00185,Finance,Operating Expense,44985.15,SEK,James-Harvey,Completed
FIN_0474839,2026-01-15,ACC_00170,Supply Chain,Revenue,87379.28,EUR,King-Moore,Completed
FIN_0351343,2025-02-21,ACC_00044,Human Resources,Revenue,38974.73,EUR,Burton Ltd,Completed
FIN_0473921,2022-12-25,ACC_00165,Manufacturing,Revenue,83432.02,EUR,Gomez Group,Completed
FIN_0471389,2021-11-09,ACC_00476,Manufacturing,Revenue,78118.0,INR,Hubbard PLC,Completed
FIN_0059509,2026-01-03,ACC_00086,Operations,Purchase,23638.76,USD,Rivera-Rich,Completed
FIN_0280156,2024-03-08,ACC_00063,Operations,Revenue,22188.93,SEK,Owens and Sons,Completed
FIN_0132330,2021-05-30,ACC_00236,Human Resources,Revenue,32384.1,EUR,UNKNOWN,Completed
FIN_0493296,2021-04-12,ACC_00300,Supply Chain,Operating Expense,4484.3,SEK,UNKNOWN,Completed
FIN_0228109,2025-03-21,ACC_00006,Operations,Operating Expense,45616.83,USD,"Meyers, Price and Perez",Completed
FIN_0263829,2022-03-07,ACC_00087,Manufacturing,Revenue,86195.57,SEK,UNKNOWN,Completed
FIN_0475504,2022-01-13,ACC_00368,Information Technology,Revenue,79920.99,USD,Russell PLC,Completed
FIN_0136856,2023-09-05,ACC_00323,Operations,Operating Expense,41757.09,USD,"Cain, Duncan and Boone",Completed
FIN_0275384,2024-08-02,ACC_00395,Manufacturing,Operating Expense,5008.66,INR,Murphy-Jefferson,Completed
FIN_0176152,2024-02-20,ACC_00062,Sales,Revenue,53748.47,USD,Cole Ltd,Completed
FIN_0318417,2023-11-28,ACC_00047,Operations,Purchase,21552.82,EUR,Rodriguez-Daniel,Completed
FIN_0368691,2026-05-18,ACC_00299,Human Resources,Revenue,54864.83,USD,"Wheeler, Lopez and Smith",Completed
FIN_0453415,2021-08-08,ACC_00232,Engineering,Revenue,82180.84,USD,Mitchell-Phillips,Completed
FIN_0256700,2025-06-28,ACC_00203,Sales,Payroll,32999.42,EUR,Christensen-Owens,Completed
FIN_0404819,2022-11-30,ACC_00208,Operations,Revenue,98913.39,EUR,"Garner, Green and Kennedy",Completed
FIN_0165068,2025-07-05,ACC_00188,Engineering,Operating Expense,26249.33,INR,"Church, Johnson and Tucker",Completed
FIN_0208600,2023-05-14,ACC_00356,Engineering,Investment,18016.19,SEK,Kim-Chavez,Completed
FIN_0028794,2024-12-12,ACC_00284,Supply Chain,Purchase,31077.17,USD,Stafford and Sons,Completed
FIN_0089646,2024-03-21,ACC_00271,Finance,Purchase,26183.28,SEK,"Cannon, Jackson and Carpenter",Completed
FIN_0439079,2022-10-30,ACC_00315,Supply Chain,Operating Expense,19587.25,INR,Cain Ltd,Completed
FIN_0065505,2023-11-14,ACC_00293,Operations,Revenue,20073.24,INR,Curry and Sons,Pending
FIN_0001018,2025-07-24,ACC_00417,Marketing,Revenue,96229.16,EUR,"Thomas, Aguilar and Saunders",Completed
FIN_0424095,2026-02-27,ACC_00474,Supply Chain,Payroll,31090.03,USD,Gonzalez and Sons,Completed
FIN_0487417,2026-02-12,ACC_00147,Finance,Revenue,20234.09,USD,Wilson-Soto,Pending
FIN_0003343,2023-01-09,ACC_00258,Marketing,Operating Expense,23242.99,USD,Sanders and Sons,Completed
FIN_0449990,2024-07-11,ACC_00292,Sales,Operating Expense,23997.28,SEK,Holland-Rogers,Completed
FIN_0096518,2024-10-08,ACC_00144,Information Technology,Revenue,86562.16,SEK,Taylor Group,Completed
FIN_0246134,2025-05-02,ACC_00436,Engineering,Revenue,2715.96,INR,"Long, Glenn and Stewart",Completed
FIN_0359479,2022-03-11,ACC_00495,Finance,Revenue,1102.0,EUR,"Smith, Cortez and Ramirez",Completed
FIN_0030017,2022-06-13,ACC_00155,Finance,Purchase,552.92,EUR,Mcgrath-Lee,Completed
FIN_0239745,2022-11-21,ACC_00090,Finance,Revenue,65499.08,EUR,Schultz Inc,Completed
FIN_0350099,2024-01-09,ACC_00124,Marketing,Payroll,27504.79,EUR,Patterson-Richard,Completed
FIN_0295039,2021-03-07,ACC_00176,Engineering,Operating Expense,48824.35,USD,Smith-Hubbard,Completed
FIN_0179317,2022-05-27,ACC_00187,Finance,Revenue,21049.44,INR,Swanson-Shea,Completed
FIN_0429264,2025-12-10,ACC_00071,Operations,Payroll,9757.55,EUR,UNKNOWN,Completed
FIN_0110027,2025-01-29,ACC_00366,Supply Chain,Revenue,58317.92,SEK,Martinez Group,Completed
FIN_0181709,2024-03-31,ACC_00462,Engineering,Revenue,6131.92,INR,"Galloway, Kaiser and Nguyen",Completed
FIN_0203066,2023-04-25,ACC_00143,Information Technology,Purchase,37453.43,SEK,"Avila, Reese and Mcdowell",Completed
FIN_0084015,2025-04-29,ACC_00019,Engineering,Payroll,6189.06,USD,"Brady, Gonzales and Simmons",Completed
FIN_0052318,2025-01-13,ACC_00365,Finance,Payroll,11082.52,EUR,"Acevedo, Herrera and Arnold",Completed
FIN_0430644,2022-12-20,ACC_00042,Human Resources,Purchase,28400.07,USD,Cook-Norris,Completed
FIN_0164558,2023-04-21,ACC_00232,Engineering,Payroll,10310.01,USD,Stout-Banks,Pending
FIN_0399099,2025-06-02,ACC_00255,Human Resources,Purchase,31524.52,USD,Stephenson-Blackwell,Completed
FIN_0105968,2021-09-05,ACC_00318,Engineering,Revenue,14740.87,SEK,Welch-White,Completed
FIN_0027459,2025-06-18,ACC_00131,Supply Chain,Operating Expense,45979.35,INR,Anderson Ltd,Completed
FIN_0006173,2022-02-03,ACC_00373,Information Technology,Revenue,11898.92,SEK,"Brennan, Hunter and Buchanan",Completed
FIN_0119394,2025-06-09,ACC_00092,Operations,Purchase,13824.43,INR,Gray-Gonzalez,Pending
FIN_0456372,2025-09-16,ACC_00323,Manufacturing,Operating Expense,21609.12,SEK,Nichols Inc,Completed
FIN_0419249,2024-01-05,ACC_00160,Engineering,Operating Expense,16942.18,EUR,Jones PLC,Pending
FIN_0237359,2024-06-09,ACC_00269,Manufacturing,Operating Expense,26256.0,SEK,Banks PLC,Completed
FIN_0158888,2024-11-29,ACC_00138,Marketing,Purchase,30096.84,EUR,Young Inc,Completed
FIN_0196466,2024-05-27,ACC_00419,Operations,Payroll,25767.94,SEK,"Howell, Meza and Schneider",Completed
FIN_0405191,2024-05-11,ACC_00473,Information Technology,Revenue,18796.62,SEK,"White, Warner and Brown",Completed
FIN_0104842,2024-01-30,ACC_00472,Information Technology,Purchase,17185.76,SEK,Jackson LLC,Completed
FIN_0244723,2023-10-22,ACC_00093,Manufacturing,Revenue,11372.83,INR,Buck-Mccormick,Completed
FIN_0008527,2021-06-04,ACC_00247,Manufacturing,Purchase,36615.29,SEK,"Spencer, Schwartz and Perry",Completed
FIN_0328505,2023-04-25,ACC_00493,Supply Chain,Purchase,10494.28,INR,Turner-Webb,Completed
FIN_0114691,2021-05-11,ACC_00120,Finance,Payroll,39971.29,EUR,Gates and Sons,Completed
FIN_0475744,2021-05-05,ACC_00468,Supply Chain,Revenue,6211.06,INR,Leonard Ltd,Completed
FIN_0291408,2025-03-09,ACC_00235,Sales,Revenue,49087.27,INR,Owens-Rogers,Completed
FIN_0265739,2025-01-27,ACC_00265,Engineering,Revenue,16797.54,SEK,"Brown, Savage and Fox",Completed
FIN_0096044,2022-04-27,ACC_00335,Human Resources,Operating Expense,49015.09,SEK,Barnes Inc,Completed
FIN_0325302,2023-03-19,ACC_00428,Sales,Revenue,6626.89,SEK,Dyer-Marshall,Completed
FIN_0473711,2021-06-20,ACC_00076,Supply Chain,Revenue,594.22,SEK,"Campbell, Russell and Martin",Completed
FIN_0142451,2024-09-16,ACC_00378,Marketing,Purchase,4962.69,EUR,Brady-Fields,Completed
FIN_0360444,2022-08-20,ACC_00160,Marketing,Operating Expense,28388.9,INR,Webb Ltd,Completed
FIN_0108376,2024-04-03,ACC_00027,Manufacturing,Operating Expense,19194.53,INR,Rogers-Russo,Completed
FIN_0208919,2025-12-31,ACC_00040,Marketing,Investment,39709.88,EUR,"Cohen, Johnson and Valencia",Completed
FIN_0367021,2026-04-22,ACC_00206,Manufacturing,Revenue,60625.89,INR,"Kelly, Rowe and Reese",Completed
FIN_0304821,2023-09-10,ACC_00498,Marketing,Purchase,43881.15,INR,"Lewis, Hopkins and Lewis",Completed
FIN_0021971,2026-04-29,ACC_00353,Operations,Purchase,49368.63,USD,Spencer Ltd,Pending
FIN_0220777,2023-12-13,ACC_00484,Supply Chain,Payroll,300.24,SEK,Beasley-Pittman,Completed
FIN_0173037,2025-07-26,ACC_00495,Human Resources,Purchase,14032.05,INR,Ball LLC,Completed
FIN_0381308,2022-12-13,ACC_00273,Sales,Operating Expense,30951.14,INR,Curtis and Sons,Completed
FIN_0132033,2025-08-12,ACC_00438,Manufacturing,Revenue,12725.85,EUR,Harris-Shaw,Completed
FIN_0314413,2025-07-31,ACC_00468,Sales,Operating Expense,20107.65,USD,Morrison Ltd,Completed
FIN_0365640,2024-04-20,ACC_00059,Marketing,Revenue,20824.97,USD,"Reed, Ramirez and Jackson",Completed
FIN_0176063,2021-07-16,ACC_00113,Engineering,Operating Expense,20225.98,USD,Blair Inc,Completed
FIN_0304289,2021-02-25,ACC_00480,Operations,Payroll,29848.94,INR,Bryant Group,Completed
FIN_0126409,2025-08-18,ACC_00096,Information Technology,Revenue,41070.05,INR,Gonzalez-Lewis,Completed
FIN_0365241,2023-01-10,ACC_00304,Supply Chain,Revenue,96419.26,INR,Saunders Inc,Completed
FIN_0224630,2023-04-20,ACC_00360,Finance,Revenue,90496.53,SEK,"Barajas, Mendez and Jackson",Pending
FIN_0181454,2025-09-03,ACC_00197,Marketing,Purchase,30885.57,SEK,"Herrera, Simpson and Gomez",Completed
FIN_0019113,2023-06-18,ACC_00094,Supply Chain,Operating Expense,22735.25,EUR,Lindsey Ltd,Completed
FIN_0001055,2022-08-14,ACC_00178,Marketing,Payroll,6651.27,SEK,Pratt LLC,Completed
FIN_0414978,2024-01-17,ACC_00031,Operations,Purchase,32967.84,USD,"Ruiz, Murillo and Collins",Pending
FIN_0245413,2021-03-30,ACC_00053,Manufacturing,Operating Expense,12248.47,INR,Brewer LLC,Completed
FIN_0428009,2026-02-09,ACC_00270,Human Resources,Revenue,3418.19,EUR,"Reilly, Wallace and Klein",Failed
FIN_0260267,2023-01-03,ACC_00285,Engineering,Payroll,36556.94,EUR,"Bautista, Reed and Nguyen",Completed
FIN_0386407,2023-09-28,ACC_00281,Operations,Payroll,42951.62,SEK,Washington-Ross,Completed
FIN_0320201,2022-01-23,ACC_00492,Operations,Investment,23589.45,USD,"Davis, Mann and Stewart",Completed
FIN_0312268,2022-10-08,ACC_00472,Operations,Payroll,47614.11,SEK,Bailey-Petty,Completed
FIN_0019582,2025-12-28,ACC_00267,Marketing,Revenue,43073.93,EUR,Reynolds Inc,Completed
FIN_0168666,2021-02-11,ACC_00322,Sales,Revenue,92637.2,SEK,Gonzalez Inc,Completed
FIN_0328914,2024-09-24,ACC_00100,Manufacturing,Revenue,19007.28,EUR,Ramirez LLC,Completed
FIN_0073262,2024-06-22,ACC_00178,Engineering,Payroll,11061.93,USD,Parker and Sons,Completed
FIN_0386129,2025-05-03,ACC_00056,Marketing,Revenue,9202.33,INR,"Howard, Ferguson and Andrews",Completed
FIN_0020100,2023-11-24,ACC_00400,Supply Chain,Revenue,34818.05,USD,Roberts Inc,Completed
FIN_0182529,2021-12-30,ACC_00246,Information Technology,Payroll,19247.24,USD,"Flores, Munoz and Barnett",Completed
FIN_0026808,2025-10-06,ACC_00028,Manufacturing,Revenue,73161.35,INR,Harris-Allen,Completed
FIN_0291273,2024-11-15,ACC_00480,Sales,Operating Expense,38825.36,EUR,Wang and Sons,Completed
FIN_0245710,2022-05-21,ACC_00196,Human Resources,Revenue,5151.57,INR,Smith-Campbell,Completed
FIN_0306011,2023-09-15,ACC_00360,Human Resources,Payroll,45609.78,SEK,Nguyen-Garcia,Completed
FIN_0129215,2022-12-22,ACC_00155,Sales,Operating Expense,40274.05,EUR,Edwards-Daniel,Completed
FIN_0475015,2026-06-02,ACC_00211,Finance,Revenue,47162.6,INR,Johnson and Sons,Completed
FIN_0227810,2025-07-04,ACC_00270,Operations,Revenue,78201.55,EUR,"Price, Estrada and Lee",Completed
FIN_0143516,2023-08-15,ACC_00399,Marketing,Revenue,53772.99,USD,West-Martinez,Completed
FIN_0059459,2026-02-25,ACC_00142,Manufacturing,Revenue,11649.59,SEK,"Fuentes, Byrd and Smith",Completed
FIN_0019198,2024-03-19,ACC_00032,Marketing,Revenue,30741.01,SEK,Ward Inc,Completed
FIN_0455191,2025-12-24,ACC_00336,Engineering,Purchase,42698.96,USD,"Pittman, Cooper and Neal",Completed
FIN_0078920,2021-06-29,ACC_00237,Sales,Payroll,9289.01,SEK,Zhang-Barber,Completed
FIN_0358393,2021-05-12,ACC_00372,Sales,Payroll,25280.19,USD,Barrera-Cortez,Completed
FIN_0394993,2021-01-31,ACC_00064,Sales,Operating Expense,1661.82,USD,Ramirez-Ramirez,Completed
FIN_0451321,2024-03-07,ACC_00052,Supply Chain,Revenue,81687.02,SEK,Boyer Ltd,Completed
FIN_0479283,2024-09-09,ACC_00411,Sales,Operating Expense,41351.1,SEK,"Cannon, Lowe and Hansen",Completed
FIN_0488749,2025-11-19,ACC_00439,Information Technology,Revenue,24767.63,USD,Payne-Anderson,Completed
FIN_0203170,2026-03-12,ACC_00430,Finance,Purchase,34732.31,SEK,Robinson LLC,Completed
FIN_0445275,2022-12-03,ACC_00061,Human Resources,Revenue,77336.79,INR,Williams and Sons,Completed
FIN_0125097,2026-02-12,ACC_00462,Marketing,Revenue,57342.81,INR,"Jones, Hunt and Fowler",Completed
FIN_0009686,2024-10-18,ACC_00180,Manufacturing,Operating Expense,42859.89,USD,Guzman PLC,Completed
FIN_0333822,2023-01-21,ACC_00187,Finance,Payroll,30175.05,USD,Warren-Blair,Pending
FIN_0487092,2023-05-27,ACC_00296,Marketing,Operating Expense,4488.56,USD,Anderson Inc,Pending
FIN_0272213,2026-06-27,ACC_00341,Finance,Revenue,97634.14,EUR,"Smith, Lam and Jones",Completed
FIN_0037949,2021-06-24,ACC_00416,Manufacturing,Operating Expense,8703.95,EUR,"Dawson, Shaw and Fitzgerald",Completed
FIN_0331465,2025-04-29,ACC_00361,Supply Chain,Purchase,43131.03,EUR,Jacobs-Harris,Completed
FIN_0220294,2025-05-06,ACC_00136,Manufacturing,Revenue,44436.95,USD,"Butler, Mason and Contreras",Completed
FIN_0053789,2022-08-23,ACC_00150,Supply Chain,Revenue,35578.21,USD,"Mason, Pham and Carpenter",Completed
FIN_0424437,2024-02-10,ACC_00390,Marketing,Purchase,13686.87,INR,Stewart-Martinez,Completed
FIN_0047481,2021-10-28,ACC_00485,Manufacturing,Revenue,8055.81,USD,Hernandez and Sons,Completed
FIN_0378072,2022-07-28,ACC_00462,Sales,Operating Expense,16876.66,EUR,"Hernandez, Paul and Miller",Completed
FIN_0062216,2024-08-10,ACC_00202,Information Technology,Revenue,72101.33,INR,Chen-Larson,Completed
FIN_0070025,2025-07-15,ACC_00351,Information Technology,Operating Expense,46666.97,INR,Hines-Henry,Completed
FIN_0082705,2026-02-14,ACC_00045,Marketing,Revenue,95957.42,EUR,King-Johnson,Failed
FIN_0368148,2024-02-07,ACC_00344,Operations,Revenue,8074.56,INR,Foster-Burton,Completed
FIN_0457800,2025-05-05,ACC_00192,Engineering,Investment,31139.66,SEK,West-Morris,Completed
FIN_0258233,2024-12-02,ACC_00411,Operations,Purchase,11491.45,INR,"Coleman, Meyer and Barber",Completed
FIN_0192926,2022-05-23,ACC_00392,Operations,Revenue,96100.14,USD,Coleman-Gomez,Completed
FIN_0460237,2025-06-14,ACC_00438,Information Technology,Revenue,39325.32,SEK,"Preston, Meadows and Beasley",Completed
FIN_0117857,2024-11-26,ACC_00055,Finance,Purchase,37610.54,EUR,Soto Group,Completed
FIN_0336683,2021-05-19,ACC_00177,Engineering,Operating Expense,30013.16,INR,Christian and Sons,Completed
FIN_0427555,2025-02-12,ACC_00365,Finance,Revenue,79210.77,SEK,Gray and Sons,Completed
FIN_0422714,2026-03-04,ACC_00460,Engineering,Purchase,35334.5,EUR,Brandt-Stephens,Completed
FIN_0117551,2025-09-27,ACC_00106,Finance,Payroll,10154.38,SEK,"Curry, Ross and Medina",Completed
FIN_0252444,2022-04-01,ACC_00422,Finance,Revenue,25006.83,SEK,Schwartz Ltd,Completed
FIN_0004445,2024-04-08,ACC_00244,Manufacturing,Revenue,23752.16,INR,Bryant-Kelly,Pending
FIN_0290690,2023-02-18,ACC_00140,Human Resources,Revenue,18652.64,USD,"Payne, Wang and Brown",Completed
FIN_0472050,2024-11-11,ACC_00107,Sales,Revenue,52750.02,SEK,Nash-Gutierrez,Completed
FIN_0214050,2025-10-09,ACC_00157,Human Resources,Purchase,30965.25,SEK,"Hunter, Rollins and Howard",Completed
FIN_0076689,2025-09-12,ACC_00044,Sales,Payroll,21021.9,USD,James-Cole,Completed
FIN_0386553,2022-12-01,ACC_00447,Finance,Revenue,16294.87,EUR,"Ferguson, Foster and Powers",Completed
FIN_0318496,2021-08-28,ACC_00486,Operations,Revenue,31456.23,EUR,Miller Ltd,Pending
FIN_0003711,2023-08-04,ACC_00195,Manufacturing,Payroll,20895.98,SEK,Patel Group,Completed
FIN_0434977,2021-08-15,ACC_00156,Supply Chain,Operating Expense,28452.9,EUR,Morgan-Harding,Completed
FIN_0188610,2023-10-13,ACC_00026,Marketing,Operating Expense,33485.91,EUR,Mckee-Reese,Completed
FIN_0327409,2022-09-05,ACC_00270,Marketing,Purchase,40631.17,INR,Garcia-Thomas,Completed
FIN_0055643,2025-10-27,ACC_00378,Supply Chain,Revenue,19328.24,USD,Lawrence-Butler,Completed
FIN_0101493,2021-09-16,ACC_00205,Manufacturing,Purchase,28921.71,EUR,Green LLC,Completed
FIN_0272801,2021-02-14,ACC_00445,Operations,Revenue,28482.11,EUR,"Ewing, Harris and Harris",Completed
FIN_0456823,2021-08-15,ACC_00318,Information Technology,Purchase,49050.86,EUR,Joseph-Schmidt,Completed
FIN_0135155,2021-12-16,ACC_00139,Finance,Purchase,1480.52,USD,Mitchell and Sons,Completed
FIN_0223871,2022-03-03,ACC_00061,Sales,Purchase,41050.23,INR,Diaz-Copeland,Completed
FIN_0017356,2023-12-17,ACC_00432,Supply Chain,Purchase,39257.95,INR,"Johnson, Parker and Cooley",Completed
FIN_0079986,2026-03-17,ACC_00191,Marketing,Revenue,75630.56,INR,Patel and Sons,Completed
FIN_0441730,2024-03-10,ACC_00392,Marketing,Revenue,12494.2,SEK,Johnson Group,Completed
FIN_0031838,2024-12-08,ACC_00392,Operations,Operating Expense,13952.24,USD,"Campbell, Fry and Espinoza",Completed
FIN_0311566,2021-09-15,ACC_00288,Finance,Purchase,4672.73,SEK,Miller-Farrell,Completed
FIN_0183880,2023-08-03,ACC_00222,Finance,Purchase,15241.56,EUR,"Coleman, Strickland and Johnson",Completed
FIN_0404956,2022-02-05,ACC_00332,Supply Chain,Purchase,35518.62,INR,Turner-Smith,Completed
FIN_0292154,2025-01-04,ACC_00023,Supply Chain,Revenue,76875.7,INR,"Smith, Friedman and Walton",Completed
FIN_0257155,2023-09-09,ACC_00237,Finance,Revenue,47805.06,USD,"Jones, Williams and Colon",Completed
FIN_0310646,2025-02-19,ACC_00205,Information Technology,Payroll,40284.51,USD,Mccall-Hale,Completed
FIN_0466774,2023-11-18,ACC_00448,Information Technology,Operating Expense,6206.23,USD,"Harrison, Hodges and Wood",Pending
FIN_0051616,2023-03-28,ACC_00020,Operations,Purchase,6099.25,USD,Garza-Hayes,Completed
FIN_0069701,2026-03-12,ACC_00407,Manufacturing,Operating Expense,20019.41,EUR,Walters-Jordan,Completed
FIN_0346746,2024-01-23,ACC_00328,Marketing,Revenue,83402.16,EUR,Moore-Hurst,Completed
FIN_0036887,2022-12-24,ACC_00455,Marketing,Payroll,49876.21,EUR,Bean-Smith,Completed
FIN_0405035,2025-02-20,ACC_00123,Sales,Payroll,36566.15,USD,Roberts-Dyer,Completed
FIN_0121222,2022-10-23,ACC_00450,Engineering,Payroll,49889.01,SEK,Gonzalez LLC,Completed
FIN_0355193,2024-06-26,ACC_00181,Information Technology,Purchase,24926.15,EUR,"Thompson, Ramos and Clarke",Completed
FIN_0106953,2023-08-08,ACC_00178,Finance,Purchase,35286.1,INR,"Payne, Weber and Mitchell",Completed
FIN_0066961,2022-04-14,ACC_00423,Operations,Revenue,88598.81,EUR,Roth-Reyes,Completed
FIN_0183380,2023-01-22,ACC_00344,Marketing,Revenue,39914.06,SEK,Lewis-Dixon,Completed
FIN_0355378,2022-11-09,ACC_00049,Finance,Revenue,61223.8,USD,"Graham, Freeman and Rowe",Completed
FIN_0476251,2021-09-22,ACC_00371,Information Technology,Operating Expense,44333.4,EUR,Cross-Lowe,Pending
FIN_0074781,2023-07-02,ACC_00355,Engineering,Purchase,40025.49,SEK,Garcia PLC,Completed
FIN_0119748,2023-02-04,ACC_00397,Sales,Payroll,17229.79,EUR,"Daniels, Rodriguez and Quinn",Completed
FIN_0300517,2021-08-31,ACC_00329,Information Technology,Revenue,52158.96,EUR,"Moore, Davis and Jimenez",Completed
FIN_0054495,2024-09-20,ACC_00490,Engineering,Operating Expense,16406.47,EUR,Barber Group,Completed
FIN_0398561,2025-07-23,ACC_00478,Supply Chain,Investment,43853.46,SEK,Baker-Griffith,Completed
FIN_0206100,2025-09-12,ACC_00085,Supply Chain,Revenue,52725.61,EUR,Watson-Johnson,Completed
FIN_0193684,2022-08-11,ACC_00167,Finance,Revenue,76217.87,USD,"Silva, Quinn and Collins",Completed
FIN_0241267,2024-10-24,ACC_00264,Information Technology,Purchase,16386.27,INR,"Stewart, Newman and Anderson",Completed
FIN_0107245,2026-04-25,ACC_00389,Engineering,Purchase,13643.17,USD,Jackson Inc,Completed
FIN_0206404,2025-10-26,ACC_00039,Human Resources,Payroll,25578.22,SEK,"Miller, Yu and Peters",Pending
FIN_0490365,2024-07-04,ACC_00461,Manufacturing,Operating Expense,35256.74,INR,Mcdaniel-Weiss,Completed
FIN_0123698,2023-02-09,ACC_00230,Finance,Operating Expense,45852.08,EUR,Brown LLC,Completed
FIN_0249804,2025-12-03,ACC_00049,Finance,Revenue,13241.66,EUR,Reed Inc,Completed
FIN_0402258,2021-08-28,ACC_00406,Human Resources,Investment,34858.95,USD,"Smith, Carter and Shaw",Completed
FIN_0293035,2023-10-29,ACC_00108,Manufacturing,Operating Expense,23640.63,INR,"Hamilton, Carr and Medina",Completed
FIN_0418505,2022-11-20,ACC_00327,Human Resources,Revenue,57703.96,INR,Nunez-Middleton,Completed
FIN_0096870,2024-03-06,ACC_00284,Supply Chain,Purchase,26316.96,SEK,"Cruz, Austin and Heath",Pending
FIN_0411434,2024-07-20,ACC_00348,Operations,Revenue,35759.57,INR,May PLC,Pending
FIN_0201439,2021-02-12,ACC_00199,Sales,Revenue,97721.31,EUR,Flowers-Thomas,Pending
FIN_0141847,2022-04-24,ACC_00216,Information Technology,Revenue,52686.28,EUR,"Barr, Murray and Wolfe",Completed
FIN_0002705,2023-02-24,ACC_00141,Finance,Purchase,33051.63,USD,UNKNOWN,Completed
FIN_0331293,2025-06-16,ACC_00052,Engineering,Revenue,4381.37,EUR,Morales-Koch,Completed
FIN_0273607,2025-06-14,ACC_00195,Human Resources,Payroll,12150.83,USD,Shields Group,Completed
FIN_0381348,2023-05-07,ACC_00235,Sales,Purchase,14853.15,INR,Turner and Sons,Completed
FIN_0295863,2022-12-30,ACC_00271,Marketing,Operating Expense,21932.24,EUR,"Henderson, Daniels and Gilbert",Completed
FIN_0467296,2024-10-29,ACC_00041,Human Resources,Revenue,2501.09,EUR,"Gillespie, Brown and Mendoza",Completed
FIN_0222219,2026-05-14,ACC_00120,Information Technology,Operating Expense,41149.41,SEK,"Phillips, Soto and Webster",Completed
FIN_0305795,2022-12-03,ACC_00308,Operations,Revenue,36519.26,SEK,Mills Inc,Completed
FIN_0098439,2024-02-18,ACC_00121,Engineering,Purchase,42424.86,SEK,Gonzalez-Arnold,Completed
FIN_0006060,2023-12-10,ACC_00062,Operations,Purchase,28823.63,SEK,"Bradshaw, Martinez and Bowen",Completed
FIN_0015176,2024-07-14,ACC_00004,Information Technology,Operating Expense,44510.53,USD,"Boyer, Allen and Cooper",Completed
FIN_0029566,2021-08-09,ACC_00491,Supply Chain,Revenue,77375.34,SEK,UNKNOWN,Completed
FIN_0003242,2022-08-26,ACC_00357,Human Resources,Operating Expense,6676.15,USD,Rangel-Rodriguez,Completed
FIN_0217552,2026-02-21,ACC_00002,Supply Chain,Payroll,8683.81,USD,Johnston-Johnson,Completed
FIN_0092475,2024-10-29,ACC_00352,Engineering,Payroll,27269.75,SEK,Quinn-Taylor,Completed
FIN_0131400,2023-10-17,ACC_00496,Manufacturing,Payroll,49672.12,SEK,"Phillips, Parker and Williams",Completed
FIN_0492569,2025-06-21,ACC_00096,Human Resources,Revenue,75855.59,EUR,Gordon-Barnes,Completed
FIN_0194267,2024-12-27,ACC_00422,Operations,Purchase,16339.82,INR,Reeves-Price,Completed
FIN_0380090,2025-12-28,ACC_00381,Engineering,Operating Expense,25430.19,EUR,Garcia Inc,Completed
FIN_0326109,2021-01-12,ACC_00436,Sales,Purchase,14856.48,USD,"Cole, Copeland and Ford",Completed
FIN_0012286,2023-05-04,ACC_00174,Operations,Revenue,53376.53,USD,"Haas, Duncan and Turner",Completed
FIN_0196621,2023-12-24,ACC_00461,Manufacturing,Payroll,24780.14,INR,Fuller Ltd,Pending
FIN_0257122,2022-01-11,ACC_00075,Sales,Purchase,43993.06,INR,"Hendrix, Miller and Lewis",Completed
FIN_0135602,2023-12-25,ACC_00173,Human Resources,Investment,40037.32,EUR,Day-Hicks,Completed
FIN_0161901,2024-12-02,ACC_00437,Human Resources,Operating Expense,28426.42,EUR,Bowers-Wright,Completed
FIN_0052483,2021-06-29,ACC_00426,Information Technology,Revenue,40301.27,USD,Garrett-Freeman,Completed
FIN_0453764,2022-05-20,ACC_00403,Marketing,Purchase,3139.5,SEK,Matthews-Turner,Completed
FIN_0327649,2022-06-28,ACC_00493,Human Resources,Payroll,3964.69,SEK,"Berg, Owens and Holmes",Completed
FIN_0169342,2024-08-19,ACC_00423,Human Resources,Operating Expense,25562.77,USD,Elliott-Taylor,Completed
FIN_0327484,2022-05-05,ACC_00155,Engineering,Investment,30701.91,USD,"Robles, Davis and Torres",Pending
FIN_0479308,2023-11-05,ACC_00242,Sales,Revenue,4669.29,SEK,UNKNOWN,Completed
FIN_0300532,2025-12-13,ACC_00237,Supply Chain,Revenue,24959.78,EUR,Hays-Martin,Pending
FIN_0120237,2024-10-24,ACC_00140,Engineering,Payroll,5227.02,INR,Delgado-Robinson,Completed
FIN_0477920,2024-09-18,ACC_00001,Engineering,Operating Expense,30571.6,EUR,French Ltd,Completed
FIN_0145511,2021-12-05,ACC_00396,Operations,Purchase,5988.82,INR,Hess PLC,Completed
FIN_0233877,2023-08-24,ACC_00452,Finance,Investment,15391.71,SEK,Harmon-Schroeder,Completed
FIN_0169093,2023-10-30,ACC_00277,Operations,Payroll,28693.79,USD,"Vazquez, Berg and Perez",Completed
FIN_0217136,2024-06-23,ACC_00425,Human Resources,Operating Expense,31457.57,USD,Williams-Bass,Completed
FIN_0337068,2022-03-31,ACC_00061,Finance,Revenue,17026.33,SEK,Taylor Group,Completed
FIN_0136911,2024-04-15,ACC_00001,Information Technology,Purchase,48795.0,INR,Mason Inc,Completed
FIN_0069627,2021-09-17,ACC_00294,Supply Chain,Purchase,42171.93,INR,Galloway-Cross,Completed
FIN_0044373,2022-04-17,ACC_00020,Operations,Revenue,26344.68,INR,Love-Morales,Completed
FIN_0494613,2021-06-23,ACC_00250,Supply Chain,Purchase,43784.13,EUR,Moore-Arnold,Completed
FIN_0470125,2024-02-10,ACC_00290,Human Resources,Revenue,82816.2,USD,"Obrien, Barker and Finley",Completed
FIN_0475029,2026-01-17,ACC_00405,Finance,Purchase,22851.77,EUR,UNKNOWN,Completed
FIN_0046414,2026-01-04,ACC_00225,Operations,Payroll,27566.4,USD,Harris Ltd,Completed
FIN_0127727,2023-08-24,ACC_00105,Information Technology,Revenue,48463.89,INR,Reyes-Gomez,Completed
FIN_0179854,2022-11-03,ACC_00160,Sales,Operating Expense,2577.26,USD,Mcbride-Huang,Completed
FIN_0046878,2026-06-25,ACC_00017,Human Resources,Operating Expense,30448.06,EUR,Obrien Group,Pending
FIN_0326086,2023-09-22,ACC_00043,Finance,Revenue,66750.91,INR,Coleman-Walters,Completed
FIN_0304387,2024-03-26,ACC_00133,Information Technology,Purchase,25864.37,SEK,Campbell LLC,Completed
FIN_0437556,2025-09-09,ACC_00007,Engineering,Operating Expense,43842.89,INR,Butler-Jimenez,Completed
FIN_0268743,2021-03-25,ACC_00301,Marketing,Revenue,78695.8,USD,Pope Ltd,Completed
FIN_0163670,2026-02-19,ACC_00135,Manufacturing,Purchase,7833.81,EUR,Maldonado-Davila,Completed
FIN_0371751,2023-05-16,ACC_00010,Supply Chain,Revenue,63301.57,EUR,"Duran, Weber and Andrade",Completed
FIN_0412372,2026-02-17,ACC_00462,Engineering,Payroll,40840.53,SEK,"Nelson, Walton and Wyatt",Completed
FIN_0470497,2023-09-20,ACC_00345,Sales,Revenue,31461.83,INR,Castro-Baird,Completed
FIN_0331380,2026-06-24,ACC_00444,Supply Chain,Revenue,97587.48,SEK,"Bell, Rocha and Cox",Completed
FIN_0073251,2026-01-02,ACC_00199,Operations,Purchase,46536.92,SEK,Ellis Group,Completed
FIN_0430676,2024-09-08,ACC_00240,Information Technology,Purchase,37308.43,INR,Mcdonald-Castro,Completed
FIN_0300175,2025-09-18,ACC_00253,Marketing,Operating Expense,49546.96,INR,Montgomery-Johnson,Completed
FIN_0152950,2024-11-17,ACC_00304,Sales,Purchase,4088.63,USD,Howell LLC,Completed
FIN_0273473,2026-03-18,ACC_00356,Supply Chain,Revenue,39471.16,INR,"Roman, Lopez and Young",Completed
FIN_0472113,2026-06-21,ACC_00436,Supply Chain,Payroll,23730.92,EUR,Johnson-Mcdaniel,Completed
FIN_0117223,2024-07-03,ACC_00301,Supply Chain,Revenue,25182.07,INR,Macias-Patrick,Completed
FIN_0220050,2021-08-07,ACC_00049,Human Resources,Revenue,35012.51,EUR,UNKNOWN,Completed
FIN_0241785,2025-09-02,ACC_00260,Operations,Revenue,39326.83,SEK,Phillips Inc,Completed
FIN_0055306,2025-01-01,ACC_00363,Operations,Operating Expense,5336.09,USD,Scott-Finley,Completed
FIN_0129014,2025-02-01,ACC_00132,Sales,Operating Expense,3205.35,SEK,"Johnston, Gibson and Taylor",Completed
FIN_0368568,2026-02-11,ACC_00124,Marketing,Revenue,90999.9,INR,"Rodriguez, Flores and Castillo",Completed
FIN_0318660,2024-11-17,ACC_00321,Manufacturing,Investment,19791.85,SEK,Jackson-Boyd,Completed
FIN_0316938,2021-03-26,ACC_00271,Sales,Operating Expense,28699.95,SEK,Keller Inc,Completed
FIN_0459014,2025-12-17,ACC_00109,Operations,Revenue,82780.08,SEK,Mcdaniel-Johnson,Completed
FIN_0235466,2026-06-22,ACC_00449,Human Resources,Purchase,12844.78,INR,Johnson-Jennings,Completed
FIN_0123430,2023-03-30,ACC_00223,Human Resources,Revenue,37326.82,EUR,"Martin, Wood and Bryan",Completed
FIN_0247722,2021-03-08,ACC_00151,Information Technology,Payroll,48221.3,INR,Brown PLC,Completed
FIN_0216340,2026-03-15,ACC_00066,Operations,Revenue,22780.72,SEK,Olson Ltd,Completed
FIN_0399497,2025-10-17,ACC_00491,Supply Chain,Purchase,46528.25,SEK,UNKNOWN,Completed
FIN_0091252,2025-02-16,ACC_00436,Sales,Operating Expense,48600.23,EUR,"Hendrix, Stephens and Holt",Pending
FIN_0388586,2025-03-12,ACC_00304,Sales,Purchase,28459.2,SEK,"Beck, Bradshaw and Gonzalez",Pending
FIN_0357928,2021-04-08,ACC_00411,Manufacturing,Revenue,52725.13,USD,"Hicks, Gill and Anderson",Completed
FIN_0267837,2025-02-08,ACC_00475,Supply Chain,Revenue,56133.33,USD,Shields-Summers,Completed
FIN_0224044,2022-04-09,ACC_00236,Manufacturing,Revenue,10348.77,SEK,Bauer-Montgomery,Completed
FIN_0167146,2025-10-31,ACC_00332,Finance,Payroll,23444.19,EUR,"Thomas, Booth and Wilson",Pending
FIN_0053588,2023-09-28,ACC_00376,Information Technology,Purchase,8246.96,EUR,Bender Inc,Completed
FIN_0497274,2023-12-17,ACC_00182,Operations,Revenue,51573.81,SEK,"Wilson, Wilcox and Andrews",Completed
FIN_0027921,2025-02-13,ACC_00059,Marketing,Revenue,42373.98,INR,Guzman and Sons,Completed
FIN_0169433,2024-01-02,ACC_00155,Human Resources,Payroll,4720.83,SEK,Hawkins PLC,Pending
FIN_0364547,2024-07-02,ACC_00470,Information Technology,Operating Expense,9104.81,INR,Day-Avila,Completed
FIN_0020693,2025-11-05,ACC_00143,Finance,Revenue,46577.38,EUR,Walton Inc,Completed
FIN_0331076,2022-06-19,ACC_00077,Sales,Payroll,7794.1,SEK,"Jenkins, Williams and Miller",Completed
FIN_0106488,2022-01-27,ACC_00082,Manufacturing,Revenue,97070.94,INR,"Osborne, Sharp and Barr",Completed
FIN_0107338,2021-10-01,ACC_00032,Manufacturing,Operating Expense,27942.29,SEK,Walton and Sons,Completed
FIN_0146025,2025-09-06,ACC_00276,Finance,Investment,9922.74,USD,"White, Johnson and Gibson",Completed
FIN_0493719,2023-09-18,ACC_00015,Information Technology,Payroll,36387.28,SEK,Harmon-Daniels,Completed
FIN_0368014,2026-03-26,ACC_00160,Information Technology,Purchase,36158.09,INR,UNKNOWN,Completed
FIN_0053892,2022-07-26,ACC_00382,Finance,Operating Expense,44744.07,SEK,Watson Inc,Pending
FIN_0363760,2023-06-27,ACC_00033,Manufacturing,Operating Expense,43073.58,EUR,"Miller, Doyle and Wilson",Pending
FIN_0306196,2023-02-02,ACC_00295,Marketing,Revenue,5521.15,SEK,"Campbell, Estrada and Green",Completed
FIN_0359155,2024-06-23,ACC_00324,Engineering,Revenue,28249.6,SEK,Evans Inc,Completed
FIN_0147845,2022-02-11,ACC_00263,Sales,Purchase,40548.28,SEK,UNKNOWN,Completed
FIN_0271236,2023-05-03,ACC_00090,Finance,Purchase,7531.79,USD,UNKNOWN,Pending
FIN_0281965,2024-12-20,ACC_00495,Manufacturing,Revenue,93669.77,EUR,"Powell, Johnson and Burke",Completed
FIN_0034921,2021-11-09,ACC_00080,Finance,Payroll,7064.3,INR,"Johnson, Proctor and Smith",Completed
FIN_0399987,2026-03-23,ACC_00262,Sales,Purchase,2257.86,SEK,"Torres, Hall and Taylor",Completed
FIN_0095638,2023-07-19,ACC_00358,Supply Chain,Revenue,10935.23,INR,"Gross, King and Howard",Completed
FIN_0162070,2021-05-06,ACC_00464,Marketing,Revenue,91538.54,SEK,Fuller-Shaw,Completed
FIN_0385132,2023-03-11,ACC_00122,Sales,Revenue,93745.16,INR,Nelson-Stephenson,Completed
FIN_0374414,2024-03-29,ACC_00213,Supply Chain,Payroll,6065.83,EUR,Dean-Willis,Pending
FIN_0190819,2021-06-13,ACC_00497,Human Resources,Revenue,45684.74,INR,Anderson-Hudson,Completed
FIN_0149570,2021-09-27,ACC_00092,Supply Chain,Revenue,54348.44,EUR,Foley-Campbell,Completed
FIN_0474990,2021-08-11,ACC_00331,Manufacturing,Revenue,21800.11,SEK,"Wade, Hardy and Russell",Completed
FIN_0497071,2021-05-21,ACC_00168,Sales,Revenue,12517.06,EUR,"Conner, Flores and Davis",Completed
FIN_0397230,2023-05-30,ACC_00489,Finance,Payroll,9431.47,SEK,"Mcgrath, West and Hernandez",Pending
FIN_0253030,2024-08-13,ACC_00476,Marketing,Operating Expense,23734.97,SEK,Ashley-Grant,Completed
FIN_0073558,2026-05-15,ACC_00286,Information Technology,Purchase,31441.41,SEK,Smith LLC,Completed
FIN_0495415,2025-06-08,ACC_00335,Sales,Revenue,21161.8,USD,Mejia LLC,Pending
FIN_0099122,2025-11-05,ACC_00054,Marketing,Purchase,16277.57,EUR,Martinez Inc,Completed
FIN_0152044,2025-12-10,ACC_00189,Manufacturing,Purchase,19458.81,USD,"Morgan, Taylor and Crawford",Completed
FIN_0362286,2023-11-03,ACC_00189,Supply Chain,Payroll,6449.14,SEK,Olsen Group,Completed
FIN_0046763,2026-04-01,ACC_00225,Sales,Revenue,18486.43,USD,UNKNOWN,Completed
FIN_0254805,2025-09-08,ACC_00112,Manufacturing,Investment,6716.09,USD,Deleon and Sons,Completed
FIN_0056139,2022-03-27,ACC_00124,Manufacturing,Operating Expense,8866.34,INR,Bush-Burke,Completed
FIN_0460460,2022-11-09,ACC_00381,Operations,Revenue,76083.18,USD,Davis and Sons,Completed
FIN_0144157,2025-08-18,ACC_00314,Manufacturing,Operating Expense,24876.74,USD,Garza LLC,Completed
FIN_0309201,2023-04-15,ACC_00023,Manufacturing,Purchase,8279.81,INR,"Rojas, Hernandez and Sheppard",Completed
FIN_0246907,2022-02-22,ACC_00049,Information Technology,Revenue,31266.76,EUR,Evans PLC,Completed
FIN_0084677,2023-07-19,ACC_00382,Information Technology,Payroll,36091.86,INR,"Gonzales, Vincent and Arnold",Pending
FIN_0277208,2021-09-19,ACC_00460,Engineering,Operating Expense,47592.35,EUR,Contreras-Rodriguez,Completed
FIN_0179225,2021-08-27,ACC_00433,Supply Chain,Payroll,39794.43,USD,Shah LLC,Completed
FIN_0258548,2024-02-19,ACC_00105,Information Technology,Investment,40434.08,EUR,Hoffman-Wilson,Completed
FIN_0447552,2026-06-15,ACC_00465,Human Resources,Operating Expense,12956.04,SEK,Perry-Camacho,Completed
FIN_0156561,2024-08-21,ACC_00002,Information Technology,Purchase,31056.64,EUR,"Hernandez, Jackson and Smith",Completed
FIN_0470072,2023-01-16,ACC_00086,Finance,Investment,37200.88,EUR,"Gutierrez, Gilbert and Robinson",Completed
FIN_0361415,2025-12-28,ACC_00346,Human Resources,Revenue,59044.21,EUR,Stafford-Paul,Completed
FIN_0342271,2024-05-29,ACC_00275,Information Technology,Revenue,93230.01,INR,Price-Hawkins,Completed
FIN_0067094,2023-01-21,ACC_00085,Operations,Revenue,1841.25,USD,"Roberts, Cruz and Mitchell",Completed
FIN_0050998,2024-08-28,ACC_00370,Information Technology,Revenue,9549.77,USD,"Joseph, Sullivan and Martinez",Completed
FIN_0492764,2021-03-12,ACC_00221,Operations,Purchase,28664.82,SEK,Lawson-Jimenez,Completed
FIN_0328108,2021-11-18,ACC_00182,Human Resources,Operating Expense,14514.66,SEK,"Hartman, Baldwin and Williams",Pending
FIN_0117070,2023-11-02,ACC_00211,Engineering,Purchase,40304.91,INR,Ramirez LLC,Completed
FIN_0200519,2025-07-24,ACC_00206,Finance,Operating Expense,33823.57,USD,Allen-Sullivan,Completed
FIN_0233629,2022-07-18,ACC_00139,Finance,Purchase,25230.52,USD,"Smith, Franklin and Collins",Completed
FIN_0121614,2021-06-21,ACC_00284,Manufacturing,Operating Expense,27671.56,EUR,Jones-Sims,Completed
FIN_0385173,2022-02-22,ACC_00246,Finance,Purchase,4873.59,USD,"Rivera, Brooks and James",Completed
FIN_0415647,2022-10-06,ACC_00059,Human Resources,Purchase,44187.65,EUR,"Aguirre, Lawrence and Lee",Completed
FIN_0358584,2022-06-20,ACC_00199,Engineering,Payroll,28862.56,USD,Flowers-Boone,Failed
FIN_0414682,2024-03-19,ACC_00115,Manufacturing,Revenue,71177.45,USD,Duffy-Russell,Pending
FIN_0488781,2025-06-23,ACC_00108,Supply Chain,Revenue,84233.16,INR,"Holmes, Ward and Owens",Completed
FIN_0253851,2022-12-29,ACC_00251,Engineering,Operating Expense,38937.4,SEK,Hughes-Bowen,Completed
FIN_0070820,2024-03-09,ACC_00429,Information Technology,Purchase,49253.72,SEK,Munoz-Brooks,Completed
FIN_0275124,2023-07-17,ACC_00315,Human Resources,Revenue,73118.76,USD,Hogan-Le,Completed
FIN_0373010,2023-05-22,ACC_00165,Sales,Purchase,12525.54,SEK,Lewis Group,Completed
FIN_0180192,2025-08-11,ACC_00423,Human Resources,Operating Expense,32492.24,USD,Hall Ltd,Pending
FIN_0049828,2025-11-05,ACC_00184,Finance,Revenue,84670.46,SEK,Spencer Inc,Completed
FIN_0354704,2021-06-01,ACC_00427,Operations,Revenue,9587.12,USD,"Hall, Lopez and Villarreal",Completed
FIN_0259949,2021-03-28,ACC_00375,Operations,Investment,6367.51,INR,Obrien Inc,Pending
FIN_0410648,2021-02-02,ACC_00299,Human Resources,Revenue,86591.95,SEK,Wise-Hopkins,Completed
FIN_0333302,2021-05-16,ACC_00384,Operations,Purchase,4939.86,EUR,"Garcia, Maldonado and Payne",Completed
FIN_0309305,2024-06-23,ACC_00089,Sales,Revenue,24204.72,INR,Dixon and Sons,Pending
FIN_0246208,2021-10-29,ACC_00274,Sales,Purchase,35715.1,INR,Horn Inc,Failed
FIN_0284965,2022-04-17,ACC_00295,Information Technology,Purchase,47068.4,SEK,Mckee-Daniels,Completed
FIN_0288820,2024-03-27,ACC_00424,Engineering,Revenue,92294.32,INR,"Jones, Taylor and Davis",Completed
FIN_0355210,2024-06-21,ACC_00257,Engineering,Revenue,70694.95,EUR,Rivera Ltd,Completed
FIN_0060801,2021-08-24,ACC_00270,Human Resources,Payroll,32820.92,INR,Henderson-Moore,Completed
FIN_0361721,2022-01-12,ACC_00246,Human Resources,Payroll,15753.22,USD,Harris-Gentry,Completed
FIN_0191581,2023-06-07,ACC_00159,Information Technology,Payroll,12733.52,INR,"Young, Martin and Williamson",Completed
FIN_0047752,2025-05-05,ACC_00395,Supply Chain,Revenue,48101.01,INR,Henderson PLC,Completed
FIN_0442769,2022-08-13,ACC_00268,Human Resources,Purchase,20204.95,SEK,"Kelly, Parker and Snyder",Completed
FIN_0294351,2026-02-23,ACC_00295,Manufacturing,Purchase,18212.07,EUR,"Contreras, Chase and James",Pending
FIN_0490433,2025-10-09,ACC_00152,Manufacturing,Payroll,27617.5,USD,"Callahan, Rivera and Mcintosh",Completed
FIN_0419785,2023-06-12,ACC_00250,Finance,Revenue,18187.29,USD,Fernandez and Sons,Completed
FIN_0009870,2025-06-01,ACC_00382,Marketing,Revenue,95278.44,SEK,"Stanley, Humphrey and Cardenas",Completed
FIN_0341365,2023-01-13,ACC_00367,Marketing,Operating Expense,29732.15,USD,Campbell Group,Completed
FIN_0276486,2023-01-04,ACC_00383,Manufacturing,Revenue,63275.64,SEK,"Oliver, Rosales and Gonzales",Completed
FIN_0407080,2023-03-19,ACC_00114,Engineering,Payroll,6938.05,USD,"Williams, Simpson and Bell",Completed
FIN_0361787,2022-09-27,ACC_00020,Supply Chain,Operating Expense,3646.03,INR,Nelson Inc,Completed
FIN_0037131,2025-03-09,ACC_00098,Manufacturing,Operating Expense,41066.81,USD,"Johnson, Jenkins and Ramirez",Completed
FIN_0115508,2022-01-15,ACC_00073,Marketing,Revenue,19416.67,SEK,"Thomas, Davidson and Cameron",Pending
FIN_0000653,2025-12-19,ACC_00317,Manufacturing,Revenue,32201.59,EUR,UNKNOWN,Completed
FIN_0068273,2021-07-17,ACC_00137,Information Technology,Purchase,18108.44,USD,Miranda-Fleming,Completed
FIN_0240599,2026-02-21,ACC_00214,Manufacturing,Revenue,84839.67,INR,Bradley-Tran,Pending
FIN_0088380,2026-02-17,ACC_00407,Marketing,Revenue,16216.09,INR,"Christian, Sosa and Davis",Completed
FIN_0474355,2023-10-12,ACC_00476,Marketing,Revenue,44696.64,INR,"Walker, Vance and Reyes",Completed
FIN_0206513,2025-01-03,ACC_00335,Engineering,Revenue,87330.98,INR,Stout-Ball,Completed
FIN_0036814,2023-08-05,ACC_00329,Information Technology,Purchase,20208.82,USD,Clarke PLC,Completed
FIN_0265533,2025-02-11,ACC_00162,Human Resources,Revenue,14924.47,SEK,"Wilson, Wilson and Dickson",Completed
FIN_0496497,2022-01-30,ACC_00489,Finance,Revenue,64431.95,EUR,Gonzalez-Townsend,Completed
FIN_0054025,2025-11-29,ACC_00313,Operations,Revenue,28583.35,USD,Lambert Inc,Completed
FIN_0063715,2023-12-05,ACC_00327,Manufacturing,Purchase,32478.11,SEK,"Johnson, Richmond and Mueller",Completed
FIN_0198257,2021-12-13,ACC_00063,Information Technology,Purchase,34506.34,INR,Johnson LLC,Completed
FIN_0456746,2023-10-19,ACC_00416,Manufacturing,Revenue,29582.64,INR,Stewart-Zavala,Pending
FIN_0067808,2023-10-18,ACC_00190,Engineering,Purchase,27088.54,EUR,Jones Inc,Pending
FIN_0178114,2023-01-11,ACC_00084,Manufacturing,Purchase,44953.31,SEK,"Edwards, Brown and Davidson",Completed
FIN_0216987,2024-12-27,ACC_00273,Supply Chain,Payroll,34036.81,EUR,Campbell Ltd,Completed
FIN_0168173,2022-11-09,ACC_00436,Human Resources,Purchase,27996.07,USD,Todd-Adams,Completed
FIN_0040017,2023-10-27,ACC_00456,Operations,Purchase,20846.47,EUR,Bates Ltd,Completed
FIN_0414730,2025-09-13,ACC_00196,Sales,Payroll,20227.61,SEK,Roth-Torres,Completed
FIN_0311765,2026-06-02,ACC_00119,Finance,Purchase,48621.71,EUR,Lewis-Pierce,Completed
FIN_0197045,2022-04-03,ACC_00080,Information Technology,Revenue,61433.02,USD,Torres-Miller,Pending
FIN_0397632,2024-09-17,ACC_00335,Human Resources,Payroll,12788.89,EUR,Green Inc,Completed
FIN_0427584,2026-06-16,ACC_00280,Finance,Operating Expense,3898.37,INR,Davis-Carroll,Completed
FIN_0394302,2024-11-12,ACC_00069,Sales,Investment,42728.75,USD,Harrison-Dickson,Completed
FIN_0362459,2023-10-01,ACC_00247,Engineering,Revenue,96959.54,USD,"Carter, Osborne and Miller",Completed
FIN_0073958,2024-09-21,ACC_00432,Supply Chain,Investment,40557.1,EUR,Callahan Group,Completed
FIN_0470676,2025-12-26,ACC_00493,Marketing,Purchase,14519.95,INR,"Blevins, Garcia and West",Completed
FIN_0026758,2025-12-04,ACC_00024,Marketing,Revenue,11757.81,USD,Logan LLC,Completed
FIN_0499250,2024-04-26,ACC_00203,Engineering,Revenue,3618.13,EUR,UNKNOWN,Completed
FIN_0240310,2022-07-28,ACC_00019,Human Resources,Revenue,88030.53,USD,Warner Ltd,Completed
FIN_0342226,2021-08-06,ACC_00056,Human Resources,Payroll,11230.77,INR,Wall-Rodriguez,Completed
FIN_0495258,2025-01-12,ACC_00036,Sales,Purchase,35202.71,INR,Hernandez PLC,Completed
FIN_0128343,2021-10-04,ACC_00431,Engineering,Operating Expense,19051.29,INR,Rivera Ltd,Completed
FIN_0009665,2022-06-23,ACC_00008,Manufacturing,Revenue,13239.92,INR,"Williams, Alvarez and Soto",Completed
FIN_0369266,2026-05-18,ACC_00453,Marketing,Purchase,43372.14,USD,Snyder-Chambers,Completed
FIN_0192644,2024-11-15,ACC_00193,Supply Chain,Purchase,2874.41,EUR,"Mathis, Moody and Nelson",Completed
FIN_0186647,2021-05-09,ACC_00001,Operations,Revenue,75867.01,EUR,Roberts Group,Completed
FIN_0169597,2023-07-22,ACC_00287,Sales,Revenue,98710.75,EUR,Norton PLC,Completed
FIN_0163535,2021-01-10,ACC_00438,Marketing,Purchase,352.89,USD,Duarte Group,Completed
FIN_0082047,2023-10-28,ACC_00028,Marketing,Purchase,10032.99,INR,"Ramirez, Barnes and Dalton",Completed
FIN_0312457,2024-08-21,ACC_00271,Finance,Operating Expense,12286.45,INR,Gomez-Butler,Completed
FIN_0010432,2024-11-02,ACC_00121,Human Resources,Investment,46816.03,USD,UNKNOWN,Completed
FIN_0360981,2025-11-06,ACC_00469,Manufacturing,Revenue,4730.94,SEK,Drake Inc,Pending
FIN_0362345,2024-11-29,ACC_00090,Manufacturing,Payroll,34452.05,EUR,Johnson Inc,Completed
FIN_0495333,2024-09-03,ACC_00270,Marketing,Revenue,59214.48,EUR,Sullivan-Castillo,Completed
FIN_0269404,2023-05-02,ACC_00391,Supply Chain,Revenue,7983.79,EUR,"Thomas, Arnold and Reed",Pending
FIN_0013117,2025-09-08,ACC_00006,Engineering,Purchase,39224.08,SEK,Cole-Brown,Completed
FIN_0456765,2022-12-09,ACC_00058,Finance,Revenue,82572.46,SEK,Trevino-James,Completed
FIN_0082048,2025-11-03,ACC_00326,Sales,Operating Expense,35892.08,INR,"Allen, Wilson and Wade",Completed
FIN_0007328,2024-10-18,ACC_00476,Marketing,Revenue,26100.77,INR,"Graham, Dominguez and Cook",Completed
FIN_0099425,2021-08-15,ACC_00037,Manufacturing,Purchase,34951.39,INR,Clark-Shields,Completed
FIN_0397304,2021-04-16,ACC_00277,Sales,Purchase,5536.94,EUR,Williams Group,Pending
FIN_0144074,2023-06-15,ACC_00013,Information Technology,Purchase,43856.69,SEK,"Kennedy, Brown and Hill",Completed
FIN_0446633,2021-11-30,ACC_00007,Information Technology,Revenue,51312.64,INR,Fields PLC,Completed
FIN_0054003,2026-03-01,ACC_00226,Marketing,Purchase,16849.12,SEK,Gonzales-Gonzales,Completed
FIN_0097200,2024-04-21,ACC_00050,Human Resources,Operating Expense,21384.92,INR,Mcintyre Inc,Completed
FIN_0040338,2022-10-17,ACC_00485,Finance,Purchase,25815.49,INR,"Davis, Rodriguez and Cook",Completed
FIN_0401501,2023-08-12,ACC_00450,Information Technology,Purchase,44651.2,EUR,"Hester, Thompson and Crosby",Completed
FIN_0426668,2024-08-20,ACC_00025,Sales,Purchase,18975.06,EUR,Nash-Case,Completed
FIN_0446060,2025-05-21,ACC_00448,Operations,Revenue,75177.96,USD,Coleman Group,Completed
FIN_0202207,2025-05-16,ACC_00123,Sales,Revenue,55151.7,INR,Baker PLC,Completed
FIN_0461610,2021-12-10,ACC_00452,Sales,Revenue,62223.06,INR,Parker Group,Completed
FIN_0468605,2024-01-10,ACC_00154,Engineering,Purchase,5397.77,INR,Wade-Armstrong,Pending
FIN_0374531,2025-01-19,ACC_00254,Supply Chain,Payroll,38258.44,SEK,"Weber, Mills and Maddox",Completed
FIN_0445752,2025-04-03,ACC_00303,Marketing,Operating Expense,10837.73,INR,Parker LLC,Pending
FIN_0385629,2021-10-13,ACC_00260,Finance,Purchase,39961.08,INR,"Castillo, Hanson and Carroll",Completed
FIN_0046669,2021-02-23,ACC_00072,Human Resources,Operating Expense,41699.26,EUR,Ramirez-Larson,Completed
FIN_0388135,2025-10-26,ACC_00388,Operations,Purchase,13230.7,EUR,Newman and Sons,Completed
FIN_0270035,2022-11-13,ACC_00307,Information Technology,Revenue,72547.06,EUR,Hale-Turner,Completed
FIN_0266124,2023-08-16,ACC_00094,Operations,Investment,39637.73,USD,"Simpson, Murphy and Arnold",Completed
FIN_0124558,2025-10-05,ACC_00415,Sales,Revenue,7958.95,SEK,Esparza LLC,Completed
FIN_0382772,2024-01-30,ACC_00280,Sales,Payroll,14665.59,EUR,Green LLC,Completed
FIN_0159615,2023-08-11,ACC_00189,Engineering,Revenue,13751.78,SEK,Carter-Thompson,Completed
FIN_0292081,2025-07-06,ACC_00279,Information Technology,Operating Expense,12520.03,SEK,"Hodges, Fisher and Hernandez",Completed
FIN_0156523,2021-06-05,ACC_00189,Marketing,Revenue,50395.7,EUR,"Vasquez, Brown and Ramirez",Completed
FIN_0475014,2026-06-20,ACC_00127,Sales,Revenue,71516.13,EUR,Patterson and Sons,Completed
FIN_0376351,2025-08-17,ACC_00234,Information Technology,Operating Expense,45315.86,SEK,Johnson Group,Completed
FIN_0388958,2021-04-28,ACC_00436,Information Technology,Revenue,96992.85,SEK,Dawson and Sons,Completed
FIN_0064010,2021-07-17,ACC_00072,Manufacturing,Purchase,15029.83,SEK,Santos-Frazier,Completed
FIN_0327560,2023-09-06,ACC_00009,Human Resources,Operating Expense,22912.95,SEK,"Phillips, Sheppard and Ross",Completed
FIN_0196294,2026-02-03,ACC_00009,Finance,Purchase,33523.9,SEK,"Johnson, Stevens and Henry",Completed
FIN_0190090,2025-09-15,ACC_00274,Information Technology,Purchase,19351.53,SEK,"Gallegos, Serrano and Jordan",Completed
FIN_0298171,2025-11-14,ACC_00194,Sales,Revenue,61203.11,INR,Hall-Nichols,Completed
FIN_0096753,2025-10-06,ACC_00173,Information Technology,Purchase,37505.03,USD,Jackson-Hendricks,Completed
FIN_0305323,2021-10-06,ACC_00417,Engineering,Purchase,10929.1,USD,Mcgrath-Gallagher,Completed
FIN_0075577,2021-03-04,ACC_00045,Supply Chain,Operating Expense,11063.08,INR,Lewis and Sons,Completed
FIN_0171126,2025-01-07,ACC_00066,Manufacturing,Purchase,35421.86,EUR,"Carpenter, Wilson and Williams",Completed
FIN_0124195,2023-07-15,ACC_00102,Marketing,Revenue,57777.91,INR,"Livingston, Davis and Gonzalez",Completed
FIN_0326048,2025-04-22,ACC_00458,Operations,Revenue,6884.5,USD,"Perry, Brown and Lopez",Pending
FIN_0001652,2021-09-25,ACC_00145,Human Resources,Purchase,16735.06,EUR,Mcdaniel LLC,Completed
FIN_0353051,2023-10-12,ACC_00490,Marketing,Payroll,11699.72,USD,Carroll Group,Completed
FIN_0038284,2024-06-23,ACC_00207,Human Resources,Purchase,40456.58,INR,"Haynes, Barrera and Ortiz",Failed
FIN_0370345,2023-10-26,ACC_00128,Sales,Payroll,41180.91,SEK,Preston-Taylor,Completed
FIN_0104853,2021-02-15,ACC_00468,Manufacturing,Revenue,60904.98,SEK,Welch Inc,Completed
FIN_0478386,2025-06-24,ACC_00350,Marketing,Operating Expense,43802.83,INR,Aguilar-Benitez,Pending
FIN_0431371,2023-09-06,ACC_00356,Information Technology,Operating Expense,42643.53,INR,"Daniels, Cole and Heath",Completed
FIN_0347322,2021-11-24,ACC_00110,Engineering,Purchase,40120.77,USD,Moody Inc,Completed
FIN_0209373,2024-04-04,ACC_00086,Manufacturing,Purchase,34964.98,INR,UNKNOWN,Completed
FIN_0234082,2022-08-25,ACC_00306,Supply Chain,Revenue,9452.42,EUR,Gonzalez-Sanchez,Completed
FIN_0245648,2023-07-18,ACC_00104,Engineering,Revenue,49738.66,INR,Vasquez and Sons,Completed
FIN_0041981,2021-07-30,ACC_00351,Operations,Payroll,25715.21,USD,Yang Inc,Completed
FIN_0195274,2021-12-08,ACC_00187,Supply Chain,Payroll,31576.91,USD,Ho-Browning,Completed
FIN_0119259,2021-11-04,ACC_00273,Operations,Investment,12984.87,EUR,Rodriguez-Miller,Completed
FIN_0439065,2025-04-22,ACC_00392,Supply Chain,Payroll,41271.6,INR,"Sims, Ray and Shaffer",Completed
FIN_0377095,2023-06-19,ACC_00067,Operations,Payroll,42023.57,SEK,Holmes Inc,Pending
FIN_0427860,2025-05-19,ACC_00257,Information Technology,Payroll,6459.58,USD,"Munoz, Johnson and Dunn",Completed
FIN_0087023,2024-06-29,ACC_00226,Marketing,Operating Expense,46902.17,USD,Green Ltd,Completed
FIN_0122646,2021-05-16,ACC_00492,Sales,Payroll,26153.07,EUR,UNKNOWN,Completed
FIN_0023796,2024-02-12,ACC_00291,Human Resources,Revenue,93370.2,SEK,Johnson-Aguirre,Completed
FIN_0465882,2024-05-14,ACC_00121,Operations,Payroll,11325.91,INR,Carroll-Shea,Completed
FIN_0136897,2021-05-09,ACC_00235,Information Technology,Revenue,44194.41,EUR,UNKNOWN,Failed
FIN_0428397,2026-06-23,ACC_00448,Finance,Purchase,33591.97,EUR,Bennett Group,Completed
FIN_0343303,2021-01-18,ACC_00275,Supply Chain,Operating Expense,24133.0,SEK,Walker-Bowers,Pending
FIN_0282444,2023-03-14,ACC_00047,Information Technology,Revenue,78309.11,USD,Choi-Barber,Completed
FIN_0094817,2026-05-12,ACC_00365,Supply Chain,Revenue,55185.32,EUR,Williams-Phillips,Pending
FIN_0399441,2021-01-27,ACC_00317,Information Technology,Revenue,98654.9,USD,"Parker, Wheeler and Ewing",Completed
FIN_0136997,2021-10-03,ACC_00277,Sales,Payroll,32545.16,USD,Adams-Watts,Completed
FIN_0187426,2024-05-04,ACC_00399,Finance,Operating Expense,11169.77,INR,James-Wise,Completed
FIN_0015817,2022-05-14,ACC_00154,Sales,Revenue,59619.02,USD,Cordova-Webster,Completed
FIN_0029971,2023-09-17,ACC_00237,Engineering,Operating Expense,18195.24,EUR,Moody-Robinson,Completed
FIN_0057969,2023-05-02,ACC_00274,Supply Chain,Purchase,29376.87,USD,"Campbell, Kelly and Stevens",Completed
FIN_0256400,2023-05-03,ACC_00159,Sales,Purchase,35846.82,USD,Bradley and Sons,Completed
FIN_0197661,2024-01-29,ACC_00373,Sales,Purchase,25231.01,SEK,UNKNOWN,Completed
FIN_0466054,2023-07-09,ACC_00057,Supply Chain,Purchase,12280.64,EUR,Perkins Ltd,Completed
FIN_0444012,2023-07-26,ACC_00474,Finance,Purchase,41507.86,USD,Lopez PLC,Completed
FIN_0205467,2026-06-19,ACC_00353,Human Resources,Investment,29029.5,SEK,"Davis, Thomas and Smith",Completed
FIN_0303690,2025-11-24,ACC_00319,Supply Chain,Payroll,13097.09,USD,"Brown, Adams and Figueroa",Completed
FIN_0176455,2026-01-08,ACC_00115,Marketing,Operating Expense,37940.13,EUR,Allen Inc,Completed
FIN_0420625,2021-02-02,ACC_00030,Finance,Payroll,40039.5,EUR,Brock and Sons,Completed
FIN_0117533,2022-09-02,ACC_00066,Manufacturing,Purchase,5618.78,USD,Gomez-Day,Completed
FIN_0308879,2021-12-27,ACC_00383,Manufacturing,Operating Expense,14595.75,INR,Garcia LLC,Completed
FIN_0003541,2024-06-19,ACC_00089,Sales,Payroll,24626.44,SEK,Johnson-Powell,Completed
FIN_0479863,2025-07-26,ACC_00448,Human Resources,Purchase,39922.17,SEK,Jimenez and Sons,Completed
FIN_0358247,2021-09-16,ACC_00435,Manufacturing,Purchase,14920.9,INR,"Johnson, Andrade and King",Completed
FIN_0448235,2021-09-03,ACC_00102,Human Resources,Revenue,24415.2,INR,Charles LLC,Completed
FIN_0440855,2022-04-27,ACC_00124,Engineering,Purchase,32501.58,USD,UNKNOWN,Completed
FIN_0295726,2023-11-26,ACC_00063,Engineering,Revenue,60843.76,EUR,"Wise, Wagner and Harrison",Completed
FIN_0422989,2022-10-19,ACC_00164,Engineering,Purchase,34523.3,USD,"Johnson, Mitchell and Phillips",Completed
FIN_0016261,2021-07-09,ACC_00457,Marketing,Purchase,40632.32,INR,Brown-Norton,Completed
FIN_0039357,2025-05-11,ACC_00363,Operations,Revenue,37084.4,USD,Barnes-Ramirez,Completed
FIN_0143331,2022-06-14,ACC_00024,Human Resources,Revenue,60097.95,SEK,"Peters, Payne and Allen",Completed
FIN_0452000,2026-03-15,ACC_00092,Finance,Operating Expense,42873.16,USD,Brown and Sons,Completed
FIN_0115477,2023-06-04,ACC_00119,Engineering,Purchase,49208.34,EUR,"Robinson, Duke and Lynn",Completed
FIN_0074462,2024-11-14,ACC_00233,Marketing,Revenue,80883.33,SEK,Pena-Williams,Completed
FIN_0046541,2021-05-20,ACC_00238,Information Technology,Operating Expense,16787.5,EUR,Potter Inc,Completed
FIN_0286977,2023-11-21,ACC_00495,Marketing,Payroll,18071.39,USD,Patterson LLC,Completed
FIN_0281183,2026-01-04,ACC_00055,Operations,Revenue,71547.93,USD,Murray Group,Completed
FIN_0469974,2025-08-26,ACC_00411,Operations,Revenue,45429.55,SEK,"Evans, Wall and Cortez",Completed
FIN_0430377,2022-02-23,ACC_00174,Human Resources,Purchase,23388.96,SEK,Gordon-Lyons,Completed
FIN_0005813,2021-11-26,ACC_00309,Manufacturing,Payroll,32170.48,USD,"Phillips, Christensen and Harris",Completed
FIN_0467057,2026-04-20,ACC_00465,Manufacturing,Payroll,30146.91,EUR,Spencer-Jones,Completed
FIN_0365607,2023-10-12,ACC_00375,Manufacturing,Payroll,11031.74,EUR,Stevenson PLC,Completed
FIN_0381644,2023-10-21,ACC_00117,Information Technology,Operating Expense,16633.43,SEK,"Holmes, Sanders and Davis",Completed
FIN_0403301,2022-03-11,ACC_00307,Operations,Revenue,34690.42,USD,Sexton-Nguyen,Completed
FIN_0033862,2024-05-07,ACC_00378,Supply Chain,Purchase,38092.18,EUR,Coleman and Sons,Completed
FIN_0043736,2024-07-27,ACC_00460,Manufacturing,Payroll,20959.85,EUR,Jones-Waters,Completed
FIN_0332237,2022-01-11,ACC_00360,Human Resources,Revenue,90192.76,INR,Alvarado LLC,Completed
FIN_0299386,2021-05-26,ACC_00195,Sales,Purchase,38528.21,INR,UNKNOWN,Completed
FIN_0421733,2023-06-08,ACC_00287,Human Resources,Revenue,25036.64,EUR,Turner Inc,Completed
FIN_0000317,2022-09-27,ACC_00472,Manufacturing,Operating Expense,32365.64,USD,Jones-Ramos,Pending
FIN_0292923,2023-01-26,ACC_00129,Supply Chain,Operating Expense,7939.14,INR,"Holloway, Gonzales and Green",Completed
FIN_0265282,2024-01-12,ACC_00064,Supply Chain,Revenue,28334.54,SEK,Edwards-Miles,Completed
FIN_0046985,2026-03-31,ACC_00419,Finance,Operating Expense,13838.08,SEK,Miller-Holt,Completed
FIN_0237854,2022-04-29,ACC_00318,Human Resources,Payroll,40142.88,USD,"Moore, Perkins and King",Completed
FIN_0396280,2025-03-04,ACC_00058,Human Resources,Payroll,10362.78,INR,Thompson Group,Completed
FIN_0204024,2024-03-03,ACC_00109,Marketing,Purchase,312.98,EUR,"Jones, Hall and Ramsey",Completed
FIN_0362536,2022-04-01,ACC_00449,Human Resources,Purchase,32490.1,INR,"Lewis, Lopez and Rodriguez",Completed
FIN_0395603,2023-05-21,ACC_00382,Information Technology,Purchase,17665.74,SEK,"Medina, Gregory and Thomas",Completed
FIN_0315808,2023-04-29,ACC_00472,Sales,Purchase,13980.75,USD,"Mccoy, Whitaker and Meadows",Pending
FIN_0224189,2025-05-05,ACC_00218,Information Technology,Purchase,2613.28,EUR,Mendez PLC,Completed
FIN_0382462,2024-06-03,ACC_00182,Finance,Revenue,81331.15,SEK,"Jackson, Hamilton and Rogers",Completed
FIN_0013103,2021-04-21,ACC_00402,Operations,Revenue,67760.75,INR,"Medina, Jimenez and Sutton",Completed
FIN_0482705,2022-10-08,ACC_00352,Human Resources,Payroll,37421.08,SEK,Sullivan-Soto,Completed
FIN_0473281,2026-05-01,ACC_00489,Human Resources,Revenue,41201.79,USD,"Woods, Mccall and Mccann",Failed
FIN_0379418,2023-11-19,ACC_00151,Marketing,Operating Expense,10394.4,EUR,Cook-Collier,Completed
FIN_0104519,2021-10-09,ACC_00070,Supply Chain,Operating Expense,47979.33,EUR,Young-Bishop,Completed
FIN_0385913,2023-02-01,ACC_00002,Supply Chain,Revenue,87887.36,SEK,"Molina, Dominguez and Davis",Pending
FIN_0123444,2021-01-23,ACC_00021,Operations,Payroll,7621.21,INR,Kelly LLC,Completed
FIN_0264385,2026-05-26,ACC_00049,Finance,Operating Expense,2058.23,USD,"Kelly, Reid and Smith",Completed
FIN_0018281,2022-10-04,ACC_00199,Engineering,Revenue,62549.32,EUR,"Estes, Guzman and Shepherd",Completed
FIN_0467424,2024-01-29,ACC_00264,Supply Chain,Revenue,17803.06,INR,Rojas-Gonzalez,Pending
FIN_0422587,2026-03-10,ACC_00228,Manufacturing,Payroll,32004.69,EUR,"Green, Sanchez and Cox",Completed
FIN_0419722,2023-06-22,ACC_00318,Finance,Operating Expense,13890.85,EUR,Fry and Sons,Completed
FIN_0041862,2021-06-15,ACC_00186,Marketing,Revenue,62910.62,SEK,"Johnson, Mendez and Larsen",Failed
FIN_0322812,2024-01-19,ACC_00018,Finance,Purchase,24994.94,SEK,Cruz and Sons,Pending
FIN_0294186,2025-01-06,ACC_00351,Manufacturing,Purchase,26518.98,INR,"Harris, Cook and Vang",Completed
FIN_0398748,2024-04-07,ACC_00344,Marketing,Operating Expense,665.24,EUR,Clayton Ltd,Completed
FIN_0095456,2023-10-28,ACC_00300,Marketing,Revenue,29408.51,EUR,Bennett Inc,Completed
FIN_0296473,2023-09-25,ACC_00195,Human Resources,Purchase,16686.16,USD,Evans-Jordan,Completed
FIN_0116234,2022-12-19,ACC_00314,Finance,Purchase,5206.25,EUR,"Harrison, Owen and Smith",Completed
FIN_0150542,2021-02-08,ACC_00154,Manufacturing,Payroll,37089.56,USD,Rodriguez PLC,Completed
FIN_0288786,2023-01-23,ACC_00242,Human Resources,Revenue,1628.71,EUR,Dunlap Inc,Completed
FIN_0204198,2022-02-25,ACC_00183,Marketing,Purchase,29278.91,EUR,"Jones, Ray and Williams",Completed
FIN_0462590,2025-04-26,ACC_00497,Operations,Revenue,954.19,SEK,Clark and Sons,Completed
FIN_0117555,2023-01-09,ACC_00303,Marketing,Operating Expense,15517.9,EUR,Jackson-Blair,Completed
FIN_0339074,2023-12-29,ACC_00243,Supply Chain,Revenue,77635.95,USD,Hernandez-Davis,Completed
FIN_0372310,2025-12-20,ACC_00407,Manufacturing,Revenue,97190.85,USD,"Perez, Holmes and Mason",Completed
FIN_0049462,2024-03-11,ACC_00168,Finance,Revenue,41241.16,INR,"Smith, Carter and Cunningham",Completed
FIN_0446931,2021-11-16,ACC_00349,Sales,Revenue,32195.87,EUR,Ballard-Scott,Completed
FIN_0343683,2024-04-10,ACC_00394,Marketing,Operating Expense,35914.77,SEK,"Duran, Flores and Rivera",Completed
FIN_0036748,2022-05-06,ACC_00212,Manufacturing,Revenue,54656.29,USD,"Smith, Serrano and Brown",Completed
FIN_0407891,2024-01-16,ACC_00205,Human Resources,Revenue,57272.09,USD,"Benson, Ford and Hull",Completed
FIN_0078531,2026-06-22,ACC_00014,Finance,Purchase,1457.56,EUR,Weaver-Cochran,Completed
FIN_0445837,2023-09-19,ACC_00473,Operations,Purchase,4990.14,EUR,Allison Group,Completed
FIN_0253926,2021-04-03,ACC_00093,Marketing,Purchase,7564.77,USD,"Zhang, Payne and Johnson",Completed
FIN_0204161,2022-12-24,ACC_00073,Engineering,Operating Expense,24888.08,USD,Cochran-Sellers,Completed
FIN_0352894,2024-05-15,ACC_00496,Engineering,Revenue,12286.8,EUR,Thomas and Sons,Completed
FIN_0035438,2022-06-15,ACC_00171,Marketing,Payroll,22311.8,INR,UNKNOWN,Pending
FIN_0427168,2021-11-24,ACC_00207,Manufacturing,Revenue,37696.3,USD,"Alexander, Kerr and Powell",Completed
FIN_0244984,2021-08-04,ACC_00084,Manufacturing,Revenue,28830.81,SEK,"Smith, Vargas and Lewis",Pending
FIN_0291554,2021-09-11,ACC_00194,Operations,Revenue,54542.8,SEK,"Bartlett, Mckee and Thomas",Completed
FIN_0141118,2023-01-22,ACC_00014,Supply Chain,Operating Expense,1136.52,EUR,Cannon Ltd,Completed
FIN_0011538,2025-12-03,ACC_00016,Finance,Revenue,4736.83,SEK,"Huerta, May and Bowman",Completed
FIN_0258149,2021-02-14,ACC_00191,Marketing,Revenue,96367.4,EUR,Martin LLC,Completed
FIN_0303962,2021-11-16,ACC_00138,Engineering,Revenue,16221.25,EUR,Fisher-Smith,Completed
FIN_0297679,2026-03-22,ACC_00083,Operations,Revenue,80032.89,INR,"Wolf, Hernandez and Thompson",Completed
FIN_0440207,2023-09-02,ACC_00015,Information Technology,Revenue,49361.55,SEK,Small Inc,Completed
FIN_0146172,2021-08-04,ACC_00045,Sales,Payroll,16205.21,EUR,Lopez-Kelley,Failed
FIN_0025048,2021-11-26,ACC_00483,Information Technology,Operating Expense,3574.18,SEK,Leon-Williams,Completed
FIN_0205022,2025-01-22,ACC_00224,Sales,Revenue,19995.83,USD,Kelly-Mcconnell,Completed
FIN_0001033,2023-05-05,ACC_00447,Manufacturing,Revenue,66835.22,SEK,"King, Wyatt and Henderson",Completed
FIN_0404281,2023-07-14,ACC_00026,Supply Chain,Operating Expense,39890.85,EUR,Cunningham-Moore,Completed
FIN_0209298,2025-04-25,ACC_00309,Operations,Revenue,61636.26,INR,Schwartz and Sons,Completed
FIN_0091394,2021-08-15,ACC_00134,Sales,Purchase,44926.01,USD,Mills Ltd,Completed
FIN_0320145,2021-02-04,ACC_00241,Finance,Revenue,47456.02,EUR,Andrews-Blackburn,Completed
FIN_0242987,2022-11-23,ACC_00432,Engineering,Investment,31993.61,EUR,Davis-Crane,Failed
FIN_0098721,2022-02-06,ACC_00238,Operations,Revenue,50884.19,USD,"Thompson, Johnson and Moses",Completed
FIN_0319450,2025-04-05,ACC_00352,Supply Chain,Operating Expense,42821.43,EUR,"Sims, Baker and Herman",Completed
FIN_0448025,2023-09-14,ACC_00220,Supply Chain,Revenue,46777.54,USD,Case PLC,Completed
FIN_0022759,2024-11-20,ACC_00415,Marketing,Purchase,963.96,SEK,Rosales-Garcia,Completed
FIN_0163589,2024-12-15,ACC_00383,Operations,Revenue,82045.01,EUR,"Flores, Jackson and Robinson",Completed
FIN_0245698,2021-03-31,ACC_00134,Human Resources,Revenue,49790.53,SEK,Wilkinson PLC,Pending
FIN_0329722,2026-03-19,ACC_00152,Operations,Investment,16976.45,USD,Rasmussen-White,Completed
FIN_0184092,2024-12-29,ACC_00207,Sales,Payroll,12268.35,INR,"Mann, Schmitt and Smith",Completed
FIN_0069269,2022-04-23,ACC_00265,Supply Chain,Payroll,24433.44,EUR,Dalton-Ortiz,Completed
FIN_0302998,2022-09-01,ACC_00476,Supply Chain,Revenue,65908.69,INR,"Curtis, Contreras and Bentley",Completed
FIN_0451469,2026-03-31,ACC_00389,Engineering,Revenue,46708.56,USD,Cole and Sons,Completed
FIN_0080102,2025-11-18,ACC_00216,Manufacturing,Revenue,38501.11,EUR,"Meyer, Olson and Mcconnell",Completed
FIN_0184436,2026-01-01,ACC_00029,Marketing,Revenue,30061.61,EUR,"Fernandez, Brandt and Stout",Completed
FIN_0339898,2022-02-09,ACC_00025,Manufacturing,Revenue,49914.72,INR,Miller and Sons,Completed
FIN_0291290,2026-06-04,ACC_00264,Information Technology,Revenue,82838.8,SEK,"Cunningham, Newton and Gomez",Completed
FIN_0197352,2023-09-04,ACC_00132,Supply Chain,Revenue,43079.08,INR,Horton-Chambers,Completed
FIN_0147726,2024-03-07,ACC_00424,Human Resources,Purchase,29376.71,SEK,Phillips Group,Completed
FIN_0425158,2024-01-19,ACC_00065,Finance,Operating Expense,4106.07,EUR,Mullins LLC,Completed
FIN_0422603,2025-07-01,ACC_00373,Manufacturing,Operating Expense,21407.74,USD,Dunlap-Palmer,Completed
FIN_0367774,2023-09-23,ACC_00011,Sales,Revenue,69652.6,SEK,Rocha and Sons,Pending
FIN_0014202,2023-01-03,ACC_00005,Sales,Revenue,48082.87,EUR,Cantrell-Phillips,Completed
FIN_0415842,2023-12-19,ACC_00451,Human Resources,Purchase,45294.95,INR,"Miller, Schroeder and Harris",Completed
FIN_0227538,2023-11-03,ACC_00440,Marketing,Purchase,11994.38,SEK,"Williams, Parker and Fox",Completed
FIN_0021829,2022-03-09,ACC_00352,Information Technology,Revenue,73923.04,INR,Craig-Moore,Completed
FIN_0327728,2023-07-23,ACC_00376,Human Resources,Revenue,26302.89,EUR,Mccall-Vasquez,Completed
FIN_0198567,2026-03-21,ACC_00448,Operations,Purchase,44536.92,EUR,"Sheppard, Jenkins and Raymond",Completed
FIN_0174857,2021-09-02,ACC_00147,Finance,Purchase,23134.11,EUR,Hodges-Benjamin,Completed
FIN_0033772,2025-10-27,ACC_00414,Engineering,Revenue,97254.37,EUR,Gutierrez-Ward,Completed
FIN_0050687,2024-09-26,ACC_00237,Sales,Revenue,93241.4,USD,"Gonzales, Tran and Rogers",Completed
FIN_0263549,2021-12-19,ACC_00388,Operations,Revenue,5679.91,EUR,Wright-Hunt,Completed
FIN_0085908,2025-10-27,ACC_00371,Supply Chain,Revenue,83872.16,USD,Moore-Ward,Completed
FIN_0463866,2025-01-18,ACC_00466,Manufacturing,Operating Expense,647.6,SEK,Joseph PLC,Completed
FIN_0236505,2024-04-29,ACC_00495,Marketing,Revenue,10991.52,SEK,"Baker, Moran and Chung",Completed
FIN_0168869,2024-01-28,ACC_00178,Human Resources,Operating Expense,37334.74,USD,Hill-Miller,Completed
FIN_0438757,2024-11-16,ACC_00024,Marketing,Purchase,27778.04,INR,"Parsons, Smith and Gardner",Pending
FIN_0223936,2022-11-11,ACC_00262,Supply Chain,Purchase,2723.96,USD,UNKNOWN,Completed
FIN_0091359,2024-08-10,ACC_00409,Information Technology,Revenue,2863.23,USD,Miller-Steele,Failed
FIN_0173497,2022-04-23,ACC_00246,Manufacturing,Investment,29730.31,EUR,Hardy-Anderson,Completed
FIN_0472285,2022-09-30,ACC_00354,Human Resources,Purchase,18532.77,USD,Davis and Sons,Pending
FIN_0317460,2025-01-30,ACC_00413,Information Technology,Operating Expense,5558.84,INR,Green-Thompson,Completed
FIN_0084453,2024-10-23,ACC_00270,Engineering,Revenue,27049.65,USD,Hernandez-Moore,Completed
FIN_0014706,2024-01-27,ACC_00179,Supply Chain,Operating Expense,36860.43,USD,"Davis, Duncan and Powell",Completed
FIN_0129124,2024-02-10,ACC_00403,Human Resources,Revenue,3111.74,INR,Estes Inc,Completed
FIN_0435886,2022-11-02,ACC_00129,Supply Chain,Investment,30498.27,SEK,Campbell-Moody,Pending
FIN_0430261,2021-08-16,ACC_00178,Supply Chain,Purchase,25313.32,EUR,Brown PLC,Failed
FIN_0314441,2024-04-01,ACC_00305,Human Resources,Operating Expense,12794.26,INR,Jenkins PLC,Completed
FIN_0325294,2024-08-29,ACC_00050,Human Resources,Purchase,25723.77,INR,Lewis Inc,Completed
FIN_0374088,2025-05-10,ACC_00313,Marketing,Operating Expense,16413.38,SEK,"Reyes, Thompson and Smith",Completed
FIN_0201516,2024-10-05,ACC_00468,Information Technology,Revenue,67445.55,USD,"Nichols, Conway and Hughes",Pending
FIN_0245365,2023-10-11,ACC_00401,Marketing,Operating Expense,9775.66,EUR,Stanley and Sons,Completed
FIN_0339522,2025-01-18,ACC_00164,Operations,Revenue,14579.4,USD,"Chase, Williams and Morgan",Completed
FIN_0398320,2022-12-21,ACC_00059,Finance,Investment,44058.31,USD,"Eaton, Atkins and Ferrell",Completed
FIN_0116891,2024-07-27,ACC_00420,Information Technology,Revenue,25049.63,INR,Williams Ltd,Completed
FIN_0382814,2023-07-17,ACC_00453,Supply Chain,Purchase,18105.01,EUR,Hernandez and Sons,Completed
FIN_0099503,2024-10-22,ACC_00401,Supply Chain,Investment,24502.79,INR,"Wilson, Clarke and Marquez",Completed
FIN_0137351,2023-01-30,ACC_00233,Operations,Revenue,95242.15,SEK,"Berg, Mitchell and Harvey",Completed
FIN_0189266,2022-09-08,ACC_00091,Operations,Payroll,47008.35,EUR,"Rhodes, Esparza and Leach",Completed
FIN_0104284,2022-09-25,ACC_00492,Information Technology,Revenue,39987.28,SEK,"Vincent, Bryant and Garrett",Pending
FIN_0345831,2023-03-27,ACC_00062,Operations,Purchase,29185.44,USD,Taylor Inc,Completed
FIN_0419273,2021-03-24,ACC_00176,Sales,Revenue,64373.42,USD,Lynn Ltd,Completed
FIN_0460890,2024-05-06,ACC_00467,Operations,Revenue,63772.46,INR,Kelly-Mullen,Completed
FIN_0123816,2023-10-23,ACC_00128,Marketing,Revenue,42949.46,USD,Reilly LLC,Completed
FIN_0422854,2026-01-31,ACC_00456,Sales,Purchase,18875.69,SEK,Irwin Ltd,Failed
FIN_0433671,2021-11-10,ACC_00234,Operations,Purchase,44538.63,INR,"Sutton, Stanley and Miranda",Completed
FIN_0032543,2025-06-23,ACC_00367,Information Technology,Purchase,49308.82,INR,Lewis Inc,Completed
FIN_0431755,2021-02-21,ACC_00383,Operations,Revenue,46047.27,EUR,Simpson and Sons,Completed
FIN_0087852,2021-02-01,ACC_00242,Sales,Revenue,1431.87,INR,Dunn LLC,Completed
FIN_0049343,2021-10-08,ACC_00288,Information Technology,Payroll,8484.41,USD,"May, Reed and Barnes",Completed
FIN_0486615,2024-01-21,ACC_00230,Engineering,Operating Expense,46401.61,EUR,Gonzalez-Evans,Failed
FIN_0244582,2024-06-05,ACC_00004,Human Resources,Payroll,13345.69,SEK,Hall-Ward,Pending
FIN_0468827,2024-07-02,ACC_00430,Human Resources,Operating Expense,36879.61,USD,"King, Hunt and Williams",Completed
FIN_0427077,2024-02-19,ACC_00082,Information Technology,Payroll,15054.52,USD,Peterson-French,Completed
FIN_0470930,2022-02-13,ACC_00492,Engineering,Revenue,66320.07,USD,Stanley-Chung,Completed
FIN_0326474,2023-07-25,ACC_00171,Sales,Purchase,11780.11,EUR,UNKNOWN,Completed
FIN_0272216,2025-02-28,ACC_00361,Operations,Operating Expense,41379.12,INR,Duncan-Miller,Completed
FIN_0099485,2021-06-25,ACC_00487,Sales,Operating Expense,35697.85,EUR,"Smith, Russell and Robinson",Completed
FIN_0408007,2025-11-26,ACC_00004,Sales,Purchase,33209.63,INR,"Davis, Moore and Taylor",Completed
FIN_0084198,2026-01-13,ACC_00326,Sales,Payroll,8872.39,INR,"Mcbride, Quinn and Hartman",Pending
FIN_0046955,2021-11-30,ACC_00267,Human Resources,Purchase,36211.99,SEK,Thompson-Horton,Completed
FIN_0467389,2022-11-09,ACC_00105,Sales,Operating Expense,31619.37,EUR,"Richardson, Reed and Pruitt",Completed
FIN_0372658,2022-01-17,ACC_00150,Marketing,Payroll,41411.85,SEK,Smith-Villarreal,Completed
FIN_0263978,2022-07-11,ACC_00406,Operations,Revenue,57753.14,USD,Harris-Mcpherson,Pending
FIN_0361406,2025-10-25,ACC_00177,Operations,Operating Expense,46348.54,INR,Wyatt-White,Completed
FIN_0313325,2025-07-25,ACC_00372,Sales,Purchase,42148.51,INR,Anderson-Rose,Pending
FIN_0040948,2025-07-16,ACC_00124,Marketing,Purchase,18542.54,INR,Hardin-Wood,Failed
FIN_0290412,2023-10-29,ACC_00007,Sales,Purchase,9962.72,INR,Harris Group,Completed
FIN_0286579,2023-09-27,ACC_00056,Marketing,Revenue,58390.06,SEK,Butler LLC,Completed
FIN_0161090,2025-04-21,ACC_00107,Manufacturing,Purchase,2741.74,EUR,Bonilla-Hodges,Completed
FIN_0372337,2024-01-26,ACC_00292,Operations,Investment,46155.44,EUR,Park Group,Completed
FIN_0160542,2023-12-02,ACC_00327,Human Resources,Operating Expense,1104.64,SEK,"Castillo, Williams and Richard",Completed
FIN_0131091,2022-01-17,ACC_00456,Supply Chain,Operating Expense,40002.35,USD,"Fitzgerald, Mendoza and Chandler",Completed
FIN_0418027,2025-09-03,ACC_00207,Supply Chain,Payroll,19242.16,USD,Hoffman LLC,Completed
FIN_0294368,2021-08-10,ACC_00396,Operations,Purchase,41533.3,USD,Adams-Miller,Completed
FIN_0078051,2024-05-12,ACC_00318,Sales,Revenue,45162.81,INR,"Young, Malone and Jones",Completed
FIN_0486198,2025-10-17,ACC_00228,Finance,Operating Expense,2904.39,USD,Snyder-Montgomery,Completed
FIN_0125856,2022-12-29,ACC_00338,Sales,Operating Expense,25749.82,USD,"Cook, Carter and Andrews",Completed
FIN_0440854,2023-09-25,ACC_00095,Operations,Revenue,37951.05,EUR,Perry Inc,Completed
FIN_0118158,2022-04-13,ACC_00482,Human Resources,Revenue,62122.38,EUR,"Kelly, Nolan and Dunn",Completed
FIN_0295611,2022-10-25,ACC_00364,Human Resources,Revenue,65126.54,INR,Graham PLC,Completed
FIN_0477843,2025-04-09,ACC_00172,Manufacturing,Payroll,47924.42,USD,Lowery Ltd,Completed
FIN_0124953,2024-09-28,ACC_00380,Manufacturing,Purchase,26263.56,USD,"Williams, Evans and Lee",Completed
FIN_0202982,2023-02-13,ACC_00430,Sales,Purchase,19852.47,SEK,Owens Group,Pending
FIN_0474603,2026-02-04,ACC_00268,Marketing,Payroll,32533.29,SEK,White Ltd,Completed
FIN_0447819,2025-03-11,ACC_00436,Engineering,Payroll,30056.68,USD,Taylor-Wilson,Completed
FIN_0091759,2021-10-18,ACC_00179,Sales,Purchase,30823.33,INR,Johnson Inc,Completed
FIN_0423639,2023-04-01,ACC_00061,Human Resources,Purchase,13417.36,EUR,Moore LLC,Completed
FIN_0098590,2025-03-12,ACC_00084,Human Resources,Operating Expense,49065.33,USD,Baker and Sons,Completed
FIN_0451371,2021-12-08,ACC_00375,Operations,Payroll,31535.34,USD,"Hickman, Bates and Page",Completed
FIN_0048005,2023-10-27,ACC_00255,Supply Chain,Purchase,29762.73,INR,"Duarte, Castaneda and Stevenson",Completed
FIN_0159936,2023-11-18,ACC_00404,Information Technology,Revenue,51651.6,INR,Carter Group,Completed
FIN_0391317,2026-06-25,ACC_00454,Marketing,Operating Expense,12219.17,USD,Lee and Sons,Pending
FIN_0336584,2024-01-31,ACC_00443,Finance,Operating Expense,37035.86,EUR,"Rodriguez, Martinez and Ryan",Completed
FIN_0321084,2021-11-24,ACC_00178,Human Resources,Operating Expense,28866.45,EUR,Smith-Woodard,Completed
FIN_0051749,2026-04-02,ACC_00157,Sales,Revenue,52648.22,INR,Payne Group,Completed
FIN_0493242,2025-04-02,ACC_00011,Human Resources,Investment,28031.52,SEK,"Rhodes, Bray and Johnson",Completed
FIN_0313235,2022-10-04,ACC_00244,Information Technology,Revenue,18734.42,USD,Scott-Wagner,Completed
FIN_0266996,2024-11-22,ACC_00058,Finance,Operating Expense,5223.66,USD,"Hunter, Thompson and Miller",Completed
FIN_0250226,2024-08-17,ACC_00311,Supply Chain,Payroll,30587.41,USD,White-Lee,Completed
FIN_0361254,2024-06-26,ACC_00101,Sales,Revenue,3589.72,SEK,Brown-Moran,Completed
FIN_0251529,2023-05-06,ACC_00365,Human Resources,Purchase,35570.58,SEK,Davidson Ltd,Pending
FIN_0056502,2022-03-07,ACC_00309,Marketing,Purchase,19147.24,USD,"Rodriguez, Moon and Schwartz",Completed
FIN_0160878,2022-04-26,ACC_00432,Finance,Operating Expense,33528.03,USD,Blevins Inc,Completed
FIN_0228073,2023-05-12,ACC_00095,Marketing,Operating Expense,2680.95,SEK,"Barrera, Hammond and Ross",Completed
FIN_0467741,2021-02-03,ACC_00330,Marketing,Purchase,38823.29,SEK,Figueroa-Vargas,Completed
FIN_0483784,2022-07-08,ACC_00341,Supply Chain,Payroll,28814.76,INR,Baker PLC,Completed
FIN_0175088,2024-07-30,ACC_00002,Information Technology,Revenue,37937.29,USD,Garcia-Wilcox,Completed
FIN_0341414,2021-02-21,ACC_00266,Marketing,Purchase,10371.18,INR,"Johnson, Hall and Dunn",Failed
FIN_0289198,2024-05-28,ACC_00106,Operations,Revenue,60237.27,SEK,Barnett-Munoz,Completed
FIN_0252724,2024-11-20,ACC_00317,Human Resources,Revenue,7923.25,USD,"Holmes, Marks and Daniel",Completed
FIN_0173246,2024-02-20,ACC_00345,Information Technology,Purchase,39879.82,EUR,Andrews-Murray,Completed
FIN_0002252,2023-02-13,ACC_00250,Human Resources,Payroll,37033.45,INR,Rios-Perez,Completed
FIN_0383311,2025-09-03,ACC_00200,Finance,Revenue,77982.23,INR,Savage-Strong,Completed
FIN_0247462,2025-03-10,ACC_00274,Sales,Operating Expense,1913.97,SEK,Chambers Group,Completed
FIN_0120917,2022-11-23,ACC_00345,Human Resources,Operating Expense,47023.92,USD,Cabrera LLC,Completed
FIN_0318202,2024-06-01,ACC_00409,Supply Chain,Operating Expense,45575.53,INR,"Meadows, Clayton and Frank",Completed
FIN_0344817,2022-07-12,ACC_00140,Human Resources,Revenue,74574.0,USD,Lyons and Sons,Completed
FIN_0344499,2026-03-20,ACC_00482,Supply Chain,Payroll,4916.74,USD,"Alexander, Reynolds and Willis",Completed
FIN_0154447,2024-03-16,ACC_00052,Sales,Operating Expense,1004.82,INR,"Warren, Parks and Vargas",Completed
FIN_0377116,2023-07-11,ACC_00331,Marketing,Payroll,812.83,USD,Mahoney LLC,Completed
FIN_0457747,2025-06-07,ACC_00442,Manufacturing,Payroll,33647.69,EUR,Mcdonald PLC,Completed
FIN_0116372,2026-05-08,ACC_00436,Manufacturing,Operating Expense,49084.46,EUR,"Cobb, Smith and Bush",Completed
FIN_0024867,2024-04-02,ACC_00072,Supply Chain,Revenue,89720.03,INR,Nichols and Sons,Completed
FIN_0092688,2024-07-23,ACC_00231,Supply Chain,Operating Expense,32378.11,SEK,Ramos-Cannon,Completed
FIN_0056250,2025-06-11,ACC_00198,Engineering,Purchase,6020.15,SEK,Hudson Inc,Completed
FIN_0491045,2025-01-02,ACC_00405,Operations,Investment,25993.37,USD,Robinson PLC,Completed
FIN_0252058,2026-03-08,ACC_00264,Operations,Payroll,47998.38,INR,Wilcox-White,Completed
FIN_0379156,2022-03-14,ACC_00028,Engineering,Operating Expense,14013.03,SEK,UNKNOWN,Pending
FIN_0355261,2023-03-06,ACC_00112,Finance,Payroll,34576.57,SEK,UNKNOWN,Completed
FIN_0443635,2021-05-21,ACC_00161,Human Resources,Purchase,34575.28,EUR,"Rodriguez, Wright and Cantu",Completed
FIN_0160480,2022-07-13,ACC_00309,Sales,Revenue,20008.47,INR,White Ltd,Completed
FIN_0163680,2022-02-21,ACC_00332,Human Resources,Revenue,57459.44,EUR,"Yang, Wells and Gentry",Completed
FIN_0491334,2023-02-17,ACC_00004,Sales,Purchase,28724.28,INR,"Smith, Johnson and Mccullough",Completed
FIN_0331155,2022-05-17,ACC_00334,Supply Chain,Purchase,15543.26,EUR,Cooper-Davidson,Completed
FIN_0057961,2026-06-25,ACC_00028,Information Technology,Payroll,10852.28,SEK,Murray-Owens,Completed
FIN_0108514,2021-01-20,ACC_00247,Sales,Revenue,81973.84,EUR,Mason-Kim,Pending
FIN_0276560,2026-05-04,ACC_00444,Manufacturing,Purchase,34929.1,USD,Guerrero Inc,Completed
FIN_0032582,2023-11-24,ACC_00380,Information Technology,Revenue,18809.43,USD,"Spencer, Sanders and Jones",Completed
FIN_0184797,2024-05-30,ACC_00459,Sales,Payroll,20513.16,EUR,Harrell-Ballard,Completed
FIN_0326829,2022-01-04,ACC_00210,Operations,Revenue,31533.8,USD,Stanley Inc,Completed
FIN_0018892,2026-01-19,ACC_00131,Marketing,Revenue,68928.74,INR,Dominguez Inc,Completed
FIN_0462679,2025-07-28,ACC_00338,Sales,Operating Expense,48172.53,SEK,"Martinez, Hays and Fuentes",Completed
FIN_0077058,2023-08-31,ACC_00375,Supply Chain,Operating Expense,21179.91,INR,"Wells, Lewis and Mendoza",Completed
FIN_0481006,2021-06-23,ACC_00130,Operations,Operating Expense,10076.45,EUR,Wheeler-Jackson,Completed
FIN_0021241,2024-06-28,ACC_00497,Marketing,Revenue,59697.54,SEK,"Holder, Nelson and Nunez",Completed
FIN_0027039,2025-01-31,ACC_00281,Human Resources,Purchase,17629.54,SEK,Howard-Page,Completed
FIN_0323810,2023-12-13,ACC_00439,Supply Chain,Operating Expense,22835.72,SEK,King-Baker,Completed
FIN_0077687,2024-12-18,ACC_00113,Operations,Purchase,2265.45,USD,"Bishop, Thompson and Stewart",Completed
FIN_0210202,2022-09-01,ACC_00040,Marketing,Revenue,35140.43,SEK,Malone-Brooks,Completed
FIN_0319818,2024-02-22,ACC_00435,Engineering,Operating Expense,13041.22,INR,Rice Ltd,Completed
FIN_0375703,2022-03-13,ACC_00022,Sales,Payroll,5320.35,SEK,"Jones, Davis and Larson",Completed
FIN_0326414,2025-12-08,ACC_00378,Operations,Revenue,18918.39,INR,"Townsend, Pitts and Haley",Completed
FIN_0077000,2023-05-20,ACC_00493,Human Resources,Operating Expense,33604.44,EUR,Rogers-Lutz,Completed
FIN_0257642,2023-07-17,ACC_00329,Human Resources,Revenue,71292.65,SEK,Romero-Hurley,Failed
FIN_0353822,2023-05-18,ACC_00225,Operations,Payroll,5819.9,EUR,Trujillo PLC,Pending
FIN_0216093,2022-11-26,ACC_00239,Operations,Revenue,97793.71,USD,"Miller, Gutierrez and Contreras",Pending
FIN_0080201,2021-07-10,ACC_00492,Engineering,Operating Expense,23156.77,INR,Williams and Sons,Completed
FIN_0115134,2025-01-03,ACC_00213,Information Technology,Operating Expense,49902.84,EUR,Walker-Harper,Completed
FIN_0056307,2026-04-03,ACC_00114,Human Resources,Purchase,31334.98,EUR,Mullins-Golden,Completed
FIN_0296988,2025-08-15,ACC_00479,Engineering,Purchase,622.67,SEK,"Williams, Mills and Miranda",Completed
FIN_0353511,2022-06-18,ACC_00062,Supply Chain,Purchase,42780.68,INR,Gross-White,Completed
FIN_0065731,2022-02-01,ACC_00486,Operations,Purchase,37510.7,USD,"Cardenas, Turner and Parker",Completed
FIN_0442809,2021-01-07,ACC_00474,Operations,Revenue,82961.45,INR,"Stevens, Roberts and Douglas",Completed
FIN_0188790,2024-04-24,ACC_00353,Information Technology,Revenue,34016.01,USD,"Taylor, Frank and Wilson",Completed
FIN_0250485,2024-05-17,ACC_00400,Engineering,Revenue,41455.88,SEK,Robinson PLC,Completed
FIN_0334191,2026-02-09,ACC_00291,Manufacturing,Revenue,80608.13,USD,Thompson LLC,Completed
FIN_0096435,2021-10-24,ACC_00336,Engineering,Revenue,71921.43,USD,Contreras and Sons,Completed
FIN_0328624,2026-02-21,ACC_00023,Manufacturing,Operating Expense,36291.5,INR,"Rice, Atkins and Wolf",Completed
FIN_0003419,2026-04-27,ACC_00361,Human Resources,Purchase,396.08,SEK,Gonzalez Group,Completed
FIN_0179962,2023-01-05,ACC_00209,Manufacturing,Revenue,2667.21,SEK,Smith-Arnold,Completed
FIN_0027043,2024-02-27,ACC_00098,Supply Chain,Payroll,39141.69,SEK,UNKNOWN,Completed
FIN_0248388,2021-10-16,ACC_00282,Manufacturing,Investment,21051.37,SEK,"Davis, Cobb and Mcintosh",Completed
FIN_0367307,2023-10-13,ACC_00399,Information Technology,Purchase,48705.84,EUR,Hardy LLC,Completed
FIN_0027976,2025-08-19,ACC_00414,Manufacturing,Revenue,57704.25,SEK,Rogers-Smith,Completed
FIN_0212958,2026-01-05,ACC_00361,Sales,Revenue,6205.38,EUR,Jones Inc,Completed
FIN_0267610,2025-08-15,ACC_00498,Manufacturing,Revenue,45562.44,SEK,"Meza, Romero and Henderson",Completed
FIN_0194650,2024-10-25,ACC_00168,Sales,Operating Expense,15481.47,USD,"Richards, Jackson and Park",Completed
FIN_0391659,2022-03-24,ACC_00234,Supply Chain,Purchase,48350.66,INR,"Richardson, Campbell and Jensen",Completed
FIN_0410933,2026-04-06,ACC_00204,Manufacturing,Revenue,45944.18,EUR,Fisher Group,Completed
FIN_0203771,2021-07-29,ACC_00304,Supply Chain,Revenue,28438.04,INR,Flores Inc,Completed
FIN_0392092,2022-09-18,ACC_00032,Marketing,Revenue,82974.34,SEK,Soto-Mueller,Completed
FIN_0313402,2025-02-11,ACC_00292,Engineering,Revenue,1471.95,EUR,"Baird, Wright and Hayes",Completed
FIN_0347086,2024-06-07,ACC_00059,Marketing,Purchase,16198.32,USD,Sullivan LLC,Completed
FIN_0190820,2025-10-22,ACC_00290,Engineering,Operating Expense,36993.55,USD,UNKNOWN,Pending
FIN_0002418,2023-03-20,ACC_00318,Manufacturing,Operating Expense,33935.21,USD,"Hull, Williams and Newman",Completed
FIN_0191308,2026-03-30,ACC_00239,Finance,Payroll,26013.16,SEK,Garcia-Johnson,Completed
FIN_0263583,2023-06-23,ACC_00143,Finance,Investment,10630.95,EUR,Thompson-Dorsey,Completed
FIN_0054413,2024-09-11,ACC_00047,Information Technology,Purchase,49190.46,SEK,Allen-Drake,Completed
FIN_0226845,2022-06-07,ACC_00137,Finance,Payroll,15971.85,SEK,Schmidt Group,Completed
FIN_0481321,2022-06-22,ACC_00081,Sales,Payroll,35248.12,USD,Mccormick Inc,Completed
FIN_0129065,2021-01-06,ACC_00279,Finance,Revenue,99963.56,EUR,Wilson Inc,Completed
FIN_0472274,2021-01-26,ACC_00030,Information Technology,Operating Expense,14926.28,SEK,Thomas and Sons,Completed
FIN_0231801,2021-10-05,ACC_00230,Sales,Purchase,36403.79,SEK,Thompson Group,Completed
FIN_0242515,2024-04-18,ACC_00080,Manufacturing,Operating Expense,266.19,EUR,"Spencer, Bell and Hernandez",Completed
FIN_0448673,2025-05-20,ACC_00130,Engineering,Purchase,38604.7,INR,"Daniel, Davis and Lee",Completed
FIN_0415852,2022-09-02,ACC_00368,Sales,Revenue,90575.54,EUR,Campos-Gonzalez,Pending
FIN_0225657,2021-08-18,ACC_00005,Sales,Payroll,5982.47,USD,UNKNOWN,Completed
FIN_0451130,2022-12-28,ACC_00071,Operations,Payroll,25781.71,INR,Burke PLC,Pending
FIN_0482033,2026-03-29,ACC_00496,Engineering,Revenue,58200.39,EUR,"Scott, Flynn and Long",Completed
FIN_0111963,2025-11-14,ACC_00137,Supply Chain,Purchase,34999.64,INR,Little-Carr,Completed
FIN_0194830,2026-01-30,ACC_00273,Marketing,Revenue,56615.22,SEK,Carey PLC,Completed
FIN_0317728,2023-06-28,ACC_00174,Marketing,Payroll,44654.36,INR,"Wall, Hanson and Soto",Completed
FIN_0146963,2024-02-19,ACC_00447,Manufacturing,Operating Expense,14487.53,INR,"Gardner, Fuller and Harrell",Completed
FIN_0448560,2022-09-08,ACC_00078,Operations,Operating Expense,33466.91,EUR,UNKNOWN,Completed
FIN_0331994,2024-01-04,ACC_00053,Supply Chain,Revenue,30103.1,INR,Jones-Vaughan,Completed
FIN_0141358,2021-12-09,ACC_00224,Manufacturing,Operating Expense,23887.69,EUR,Trujillo Group,Completed
FIN_0263985,2022-06-18,ACC_00350,Engineering,Purchase,40506.22,USD,UNKNOWN,Completed
FIN_0015108,2024-10-05,ACC_00378,Engineering,Purchase,38773.61,INR,Pittman LLC,Completed
FIN_0104516,2025-01-23,ACC_00280,Operations,Revenue,81978.6,SEK,"Duran, Schultz and Woodard",Completed
FIN_0227515,2025-10-07,ACC_00254,Human Resources,Operating Expense,35102.36,SEK,Burgess-Johnston,Completed
FIN_0270854,2024-05-08,ACC_00064,Information Technology,Revenue,95461.02,EUR,"Adams, Mendoza and Scott",Completed
FIN_0255847,2023-08-17,ACC_00198,Engineering,Operating Expense,45820.18,SEK,Russell Group,Completed
FIN_0497714,2023-06-13,ACC_00130,Information Technology,Purchase,32942.73,INR,Carrillo LLC,Completed
FIN_0371332,2025-07-29,ACC_00116,Operations,Operating Expense,32170.41,USD,Mccarthy-Hill,Completed
FIN_0017819,2023-08-18,ACC_00287,Supply Chain,Payroll,29204.94,SEK,Barton Group,Failed
FIN_0255295,2022-03-10,ACC_00398,Sales,Revenue,51771.48,USD,"Lopez, Robinson and Sweeney",Completed
FIN_0080602,2021-09-01,ACC_00414,Human Resources,Revenue,36420.28,USD,"Carroll, Mathews and Hart",Completed
FIN_0445017,2024-07-03,ACC_00485,Sales,Revenue,87129.48,EUR,Farrell and Sons,Completed
FIN_0359239,2023-05-12,ACC_00298,Information Technology,Revenue,58937.78,EUR,"Brown, Patel and Adams",Completed
FIN_0000929,2025-02-09,ACC_00479,Human Resources,Revenue,36357.36,SEK,"Mitchell, Boone and Stokes",Completed
FIN_0027736,2022-12-29,ACC_00479,Manufacturing,Payroll,1882.41,USD,Odom-Hale,Completed
FIN_0361326,2024-10-23,ACC_00484,Operations,Payroll,7313.54,SEK,"Meyers, Young and Sexton",Completed
FIN_0132411,2022-03-08,ACC_00107,Sales,Operating Expense,26345.48,USD,"Meyer, Kelly and Beck",Completed
FIN_0262057,2023-12-03,ACC_00356,Marketing,Purchase,45434.71,USD,Hernandez LLC,Completed
FIN_0426993,2022-09-07,ACC_00426,Finance,Payroll,1235.8,EUR,"Jones, Morgan and Lee",Completed
FIN_0476583,2024-05-14,ACC_00500,Manufacturing,Operating Expense,5922.21,USD,"Rodriguez, Rios and Johnson",Completed
FIN_0238081,2021-12-21,ACC_00312,Information Technology,Revenue,11921.1,SEK,Hoover PLC,Completed
FIN_0441939,2021-08-26,ACC_00048,Operations,Revenue,42901.02,INR,"Villa, Roberts and Allison",Completed
FIN_0349386,2022-06-17,ACC_00416,Information Technology,Purchase,19124.66,SEK,Perkins Ltd,Completed
FIN_0151717,2021-02-22,ACC_00211,Finance,Payroll,11319.21,SEK,Hunt-Houston,Completed
FIN_0423352,2021-09-17,ACC_00433,Operations,Purchase,21854.73,SEK,Daniel-Wang,Completed
FIN_0294314,2025-09-05,ACC_00355,Marketing,Purchase,20070.81,INR,Summers LLC,Completed
FIN_0251255,2024-05-19,ACC_00154,Marketing,Purchase,25884.27,SEK,Barker-Lam,Completed
FIN_0417276,2025-01-30,ACC_00164,Sales,Purchase,28664.16,INR,"Graham, Lopez and Harris",Completed
FIN_0013507,2024-07-03,ACC_00016,Human Resources,Operating Expense,6446.59,EUR,"Sparks, Taylor and Adams",Completed
FIN_0295393,2023-08-28,ACC_00378,Finance,Revenue,17007.93,EUR,"Robertson, Soto and Wade",Completed
FIN_0073825,2022-06-18,ACC_00341,Information Technology,Revenue,36515.95,SEK,Barrett Ltd,Completed
FIN_0027023,2023-01-06,ACC_00157,Finance,Revenue,80708.83,SEK,"Hill, Flores and Torres",Completed
FIN_0163121,2026-05-26,ACC_00396,Manufacturing,Revenue,60863.87,USD,Roberts-Perez,Completed
FIN_0043600,2026-04-07,ACC_00158,Sales,Operating Expense,31327.04,SEK,Burke Group,Completed
FIN_0140797,2025-03-04,ACC_00014,Sales,Purchase,23525.25,SEK,Brown Group,Completed
FIN_0036239,2021-02-25,ACC_00363,Finance,Revenue,60014.03,USD,Lee-Stone,Completed
FIN_0419987,2021-10-07,ACC_00191,Operations,Operating Expense,41203.09,EUR,UNKNOWN,Completed
FIN_0320991,2026-02-26,ACC_00182,Sales,Revenue,73826.16,SEK,"Arnold, Jones and Johnson",Completed
FIN_0254888,2022-07-22,ACC_00191,Marketing,Purchase,24242.92,EUR,UNKNOWN,Completed
FIN_0322717,2025-08-14,ACC_00169,Human Resources,Purchase,37059.36,EUR,Peck-Ewing,Completed
FIN_0236255,2025-12-12,ACC_00239,Engineering,Revenue,36018.14,SEK,Lopez PLC,Completed
FIN_0022126,2024-03-17,ACC_00093,Marketing,Revenue,53249.29,USD,Villa PLC,Completed
FIN_0344008,2025-08-30,ACC_00228,Human Resources,Revenue,60209.5,SEK,Gross PLC,Completed
FIN_0048414,2025-08-31,ACC_00386,Sales,Payroll,17632.35,SEK,Anderson Group,Completed
FIN_0070331,2023-06-21,ACC_00485,Human Resources,Payroll,25050.22,EUR,Schultz-Hanson,Completed
FIN_0044005,2021-05-11,ACC_00023,Manufacturing,Revenue,5458.97,EUR,Webb Ltd,Pending
FIN_0337218,2022-04-19,ACC_00201,Manufacturing,Purchase,49313.34,USD,Black-Barnett,Completed
FIN_0091894,2023-05-31,ACC_00256,Engineering,Payroll,9521.03,USD,Mccormick-Alexander,Completed
FIN_0261817,2024-08-28,ACC_00145,Supply Chain,Investment,20316.72,USD,Anderson-Green,Completed
FIN_0223500,2022-04-20,ACC_00086,Marketing,Purchase,36568.16,SEK,Wilson-Herrera,Completed
FIN_0390618,2023-10-29,ACC_00410,Finance,Operating Expense,9012.66,USD,Johnson PLC,Completed
FIN_0244140,2026-02-03,ACC_00413,Information Technology,Payroll,5810.92,SEK,Smith Ltd,Completed
FIN_0284170,2021-07-29,ACC_00069,Human Resources,Revenue,96888.32,EUR,Williams-Ryan,Completed
FIN_0487884,2023-04-03,ACC_00358,Engineering,Purchase,44579.59,USD,Jackson-Parsons,Completed
FIN_0269489,2024-05-26,ACC_00326,Finance,Payroll,876.7,INR,Arnold-Murphy,Completed
FIN_0164723,2022-08-24,ACC_00263,Human Resources,Purchase,5641.0,INR,"Edwards, Martinez and Jones",Completed
FIN_0142834,2024-12-19,ACC_00163,Operations,Investment,32561.32,EUR,Weber-Burke,Completed
FIN_0056962,2024-06-30,ACC_00244,Supply Chain,Revenue,21469.3,SEK,"Atkinson, Chase and Sweeney",Completed
FIN_0200772,2025-08-31,ACC_00475,Engineering,Revenue,74347.68,INR,"Martin, Smith and Ellis",Completed
FIN_0270806,2024-07-10,ACC_00094,Supply Chain,Purchase,24807.51,INR,Harmon-Johnson,Completed
FIN_0467853,2024-09-27,ACC_00450,Operations,Payroll,18881.04,EUR,King-Morales,Completed
FIN_0430591,2025-12-26,ACC_00353,Marketing,Operating Expense,14024.6,INR,"Hanson, Davis and Chen",Completed
FIN_0191925,2026-06-17,ACC_00331,Operations,Operating Expense,16054.24,USD,Miller and Sons,Completed
FIN_0453874,2021-06-22,ACC_00310,Supply Chain,Purchase,32590.0,SEK,Martin-Martin,Pending
FIN_0152157,2024-09-26,ACC_00040,Marketing,Revenue,83409.1,EUR,"Jones, Anderson and Cameron",Completed
FIN_0074619,2024-12-20,ACC_00115,Finance,Revenue,1514.76,INR,Boyd-Finley,Completed
FIN_0071595,2022-07-30,ACC_00276,Supply Chain,Operating Expense,41061.71,SEK,UNKNOWN,Pending
FIN_0392684,2024-01-31,ACC_00197,Supply Chain,Revenue,57714.23,SEK,"Adams, Garcia and Salas",Completed
FIN_0475265,2024-03-17,ACC_00247,Information Technology,Purchase,5875.74,EUR,"Sanders, Foster and Collins",Completed
FIN_0063303,2024-03-02,ACC_00004,Information Technology,Operating Expense,46754.98,INR,Calderon PLC,Completed
FIN_0469149,2021-07-08,ACC_00310,Sales,Operating Expense,33850.87,USD,Odonnell-Fleming,Completed
FIN_0270286,2021-04-22,ACC_00408,Sales,Operating Expense,6463.48,SEK,Ayala Inc,Completed
FIN_0234472,2024-01-19,ACC_00250,Finance,Purchase,20933.46,USD,Shaw Ltd,Completed
FIN_0292333,2023-11-07,ACC_00004,Supply Chain,Revenue,2382.79,INR,Jackson PLC,Completed
FIN_0014578,2025-04-18,ACC_00316,Human Resources,Operating Expense,49603.15,SEK,Martin-Flores,Completed
FIN_0195923,2023-03-17,ACC_00356,Supply Chain,Revenue,45752.46,INR,Villa PLC,Completed
FIN_0197095,2025-08-03,ACC_00473,Human Resources,Purchase,6897.29,USD,Brewer PLC,Completed
FIN_0410257,2021-03-03,ACC_00144,Sales,Purchase,32878.58,INR,"Carlson, Hopkins and Murray",Completed
FIN_0181706,2021-09-10,ACC_00130,Supply Chain,Revenue,77591.68,USD,Richardson-Thompson,Completed
FIN_0488443,2021-10-09,ACC_00476,Sales,Revenue,34880.18,INR,Stevens and Sons,Completed
FIN_0402391,2023-05-08,ACC_00277,Engineering,Operating Expense,33767.37,SEK,"Hall, Oconnor and Carlson",Completed
FIN_0345538,2023-10-06,ACC_00272,Sales,Revenue,20549.49,INR,Erickson-Parker,Completed
FIN_0443701,2024-10-12,ACC_00337,Engineering,Revenue,1675.98,INR,Freeman-Gray,Completed
FIN_0036394,2022-05-31,ACC_00282,Human Resources,Operating Expense,12533.06,USD,Moore Inc,Completed
FIN_0343752,2026-03-24,ACC_00190,Finance,Revenue,95124.86,INR,Gomez-Gonzalez,Completed
FIN_0049193,2026-06-05,ACC_00190,Human Resources,Purchase,8513.87,INR,"Lopez, Ryan and Dalton",Completed
FIN_0301043,2024-07-19,ACC_00279,Operations,Operating Expense,13156.45,SEK,Thompson LLC,Completed
FIN_0402561,2025-06-30,ACC_00371,Information Technology,Revenue,72872.03,USD,Byrd Group,Completed
FIN_0082168,2021-04-13,ACC_00352,Operations,Revenue,54185.4,INR,"Moore, Meza and Clarke",Completed
FIN_0414903,2026-01-12,ACC_00366,Engineering,Operating Expense,9318.54,INR,Hubbard-Donovan,Completed
FIN_0142173,2025-04-11,ACC_00224,Human Resources,Purchase,40440.32,EUR,Ellis Group,Completed
FIN_0438983,2025-02-08,ACC_00291,Engineering,Payroll,41494.69,USD,Harvey-Henry,Completed
FIN_0033741,2025-06-02,ACC_00366,Marketing,Investment,28916.93,EUR,Nicholson Group,Pending
FIN_0347477,2025-02-09,ACC_00280,Supply Chain,Revenue,36120.35,SEK,"Molina, Lewis and Lucas",Completed
FIN_0300354,2024-03-17,ACC_00441,Human Resources,Payroll,11396.83,USD,"Henderson, Jackson and Blake",Completed
FIN_0151127,2021-05-30,ACC_00178,Engineering,Payroll,42257.16,SEK,White Ltd,Completed
FIN_0116222,2025-08-12,ACC_00108,Manufacturing,Purchase,43244.78,EUR,Reese-Payne,Completed
FIN_0303260,2022-09-22,ACC_00114,Marketing,Revenue,3707.54,INR,James-Adams,Completed
FIN_0068727,2024-10-20,ACC_00245,Finance,Operating Expense,29832.88,EUR,Freeman-Mitchell,Completed
FIN_0306169,2025-08-20,ACC_00029,Engineering,Revenue,93622.94,INR,Johnson Group,Completed
FIN_0453492,2021-05-02,ACC_00347,Operations,Operating Expense,11094.47,SEK,Benson LLC,Completed
FIN_0406503,2022-06-06,ACC_00155,Engineering,Operating Expense,14083.11,EUR,Thompson and Sons,Completed
FIN_0250380,2023-09-29,ACC_00359,Information Technology,Payroll,31716.32,INR,Mccarty-Brown,Completed
FIN_0311345,2025-03-16,ACC_00497,Operations,Revenue,74139.81,USD,"King, Burns and Davenport",Completed
FIN_0237024,2021-08-27,ACC_00337,Engineering,Payroll,22523.69,EUR,Pierce-Horne,Completed
FIN_0303656,2021-06-20,ACC_00185,Operations,Purchase,45455.4,INR,"Kelly, Allen and Lin",Completed
FIN_0173150,2024-01-23,ACC_00053,Sales,Payroll,44716.56,USD,"Franklin, Sanchez and Ortiz",Completed
FIN_0307134,2023-11-10,ACC_00437,Engineering,Payroll,22842.73,INR,"Williams, Pollard and Sellers",Pending
FIN_0093227,2023-02-04,ACC_00269,Finance,Payroll,3009.22,SEK,"Barnes, Moore and Mack",Completed
FIN_0404426,2024-03-11,ACC_00370,Sales,Revenue,10816.88,INR,Ross-Romero,Pending
FIN_0156971,2022-12-24,ACC_00498,Human Resources,Purchase,7197.87,USD,"Robertson, Edwards and Owen",Completed
FIN_0283274,2026-05-17,ACC_00437,Information Technology,Investment,34851.98,USD,"White, Jordan and Jacobs",Completed
FIN_0175926,2022-12-05,ACC_00207,Manufacturing,Investment,32462.68,USD,Kim-Calderon,Completed
FIN_0028793,2023-03-12,ACC_00267,Human Resources,Revenue,36128.47,USD,Yates-Larson,Completed
FIN_0483333,2023-12-02,ACC_00219,Supply Chain,Purchase,42521.37,INR,Sanchez-Young,Completed
FIN_0269689,2025-12-25,ACC_00283,Sales,Investment,36148.53,INR,"Cameron, Hoffman and Smith",Pending
FIN_0342388,2024-05-12,ACC_00186,Manufacturing,Purchase,45652.93,SEK,Davenport PLC,Completed
FIN_0343302,2024-07-12,ACC_00181,Manufacturing,Payroll,14720.67,EUR,Rosario-Simon,Completed
FIN_0212393,2024-08-03,ACC_00180,Human Resources,Revenue,96969.2,SEK,Nguyen Group,Completed
FIN_0176771,2021-05-22,ACC_00424,Human Resources,Purchase,36642.63,EUR,Doyle and Sons,Failed
FIN_0350486,2024-01-15,ACC_00049,Engineering,Revenue,18020.63,SEK,Bass Group,Completed
FIN_0483909,2023-07-18,ACC_00287,Manufacturing,Operating Expense,15644.67,INR,"Combs, Fields and Diaz",Completed
FIN_0411164,2024-08-08,ACC_00064,Human Resources,Purchase,14118.68,INR,Smith-Freeman,Completed
FIN_0097555,2022-11-27,ACC_00305,Finance,Revenue,73882.86,EUR,"Randolph, Richmond and Smith",Completed
FIN_0119225,2024-12-15,ACC_00022,Marketing,Revenue,79554.16,INR,"Thomas, Leach and Walsh",Completed
FIN_0170320,2024-07-26,ACC_00104,Sales,Purchase,4090.13,USD,UNKNOWN,Completed
FIN_0306862,2024-08-01,ACC_00486,Information Technology,Payroll,32227.92,EUR,Walker LLC,Failed
FIN_0042398,2023-02-14,ACC_00046,Supply Chain,Revenue,64657.82,INR,Patton LLC,Completed
FIN_0057857,2022-03-30,ACC_00445,Operations,Investment,39458.32,SEK,Tran-Lewis,Pending
FIN_0444300,2022-06-22,ACC_00181,Operations,Investment,24107.32,EUR,Buck-Bartlett,Completed
FIN_0297791,2025-06-19,ACC_00094,Operations,Operating Expense,10896.99,EUR,Morales-Hogan,Completed
FIN_0489108,2025-05-17,ACC_00155,Finance,Purchase,27206.3,INR,Coleman LLC,Completed
FIN_0290618,2024-08-26,ACC_00351,Sales,Revenue,69204.46,EUR,Frye Ltd,Completed
FIN_0090107,2021-10-04,ACC_00471,Operations,Revenue,11347.28,EUR,Bishop-Murillo,Failed
FIN_0256640,2025-12-31,ACC_00365,Manufacturing,Payroll,49853.66,SEK,Moore-Johnson,Completed
FIN_0413944,2025-03-20,ACC_00261,Manufacturing,Purchase,36337.85,USD,Hoffman-Good,Completed
FIN_0427371,2022-07-11,ACC_00268,Human Resources,Investment,38367.16,SEK,Greene-Brown,Completed
FIN_0480201,2022-12-01,ACC_00240,Manufacturing,Purchase,44556.5,SEK,Wong-Miller,Completed
FIN_0422067,2022-05-02,ACC_00208,Human Resources,Operating Expense,28237.08,SEK,"Kennedy, Jordan and Delgado",Completed
FIN_0286951,2025-05-04,ACC_00435,Human Resources,Revenue,77958.4,INR,"Rojas, Smith and Brown",Completed
FIN_0440673,2024-10-29,ACC_00359,Sales,Purchase,24306.1,USD,Williams-Koch,Completed
FIN_0368919,2024-10-20,ACC_00211,Sales,Operating Expense,166.12,EUR,Craig Ltd,Pending
FIN_0108361,2025-07-20,ACC_00390,Information Technology,Operating Expense,19606.33,EUR,Olson-Davis,Completed
FIN_0158821,2024-09-02,ACC_00143,Marketing,Purchase,32606.15,INR,Wilson LLC,Completed
FIN_0416316,2023-07-22,ACC_00107,Engineering,Revenue,63273.07,INR,Kelley Group,Completed
FIN_0025706,2026-05-06,ACC_00265,Operations,Payroll,18319.94,SEK,Snyder-Hale,Completed
FIN_0073205,2022-01-22,ACC_00223,Operations,Operating Expense,31467.82,INR,"Stewart, Young and Brown",Completed
FIN_0056557,2026-06-25,ACC_00028,Operations,Revenue,12799.93,SEK,Contreras-Horton,Completed
FIN_0486855,2021-04-23,ACC_00236,Sales,Investment,39127.09,USD,Hickman PLC,Completed
FIN_0462902,2025-10-29,ACC_00146,Manufacturing,Payroll,10905.66,INR,Gonzales PLC,Completed
FIN_0082525,2021-07-01,ACC_00316,Supply Chain,Operating Expense,33480.46,EUR,"Escobar, Wilson and Nelson",Completed
FIN_0404621,2025-01-19,ACC_00303,Information Technology,Payroll,39053.3,SEK,Schneider-Green,Completed
FIN_0255708,2024-05-10,ACC_00288,Sales,Payroll,31757.46,EUR,Howell-Gentry,Pending
FIN_0316004,2022-07-05,ACC_00106,Operations,Purchase,9789.09,SEK,UNKNOWN,Completed
FIN_0365587,2021-02-08,ACC_00329,Manufacturing,Revenue,24098.76,INR,Perez Ltd,Completed
FIN_0451858,2025-08-12,ACC_00218,Finance,Purchase,37923.8,SEK,Smith Inc,Completed
FIN_0353209,2021-05-09,ACC_00372,Sales,Payroll,41589.04,USD,Garcia Ltd,Pending
FIN_0445361,2025-11-20,ACC_00156,Operations,Payroll,17788.76,EUR,"Johnson, Hunt and Davis",Completed
FIN_0040474,2025-02-13,ACC_00314,Marketing,Purchase,10186.72,SEK,Cole-Clarke,Completed
FIN_0436129,2024-03-13,ACC_00100,Marketing,Purchase,15233.85,INR,Garrett Inc,Completed
FIN_0141482,2024-05-22,ACC_00127,Finance,Revenue,22447.46,INR,"Harris, Bryant and Holt",Completed
FIN_0127077,2022-10-13,ACC_00117,Engineering,Revenue,34924.74,SEK,Daniel-Jennings,Completed
FIN_0437540,2021-02-21,ACC_00068,Operations,Operating Expense,23569.69,EUR,"Little, Russell and Anderson",Completed
FIN_0405885,2021-04-22,ACC_00154,Finance,Revenue,20703.87,USD,"White, Mcdonald and Hansen",Completed
FIN_0347545,2025-05-05,ACC_00278,Manufacturing,Payroll,4583.37,INR,James Ltd,Completed
FIN_0363982,2025-09-28,ACC_00128,Human Resources,Payroll,22823.67,EUR,"Holmes, Pearson and Tanner",Completed
FIN_0032602,2022-12-24,ACC_00216,Supply Chain,Revenue,22410.13,USD,Rodriguez LLC,Completed
FIN_0292616,2024-07-08,ACC_00410,Information Technology,Operating Expense,23203.22,INR,"Rodriguez, Gomez and Gonzalez",Completed
FIN_0141240,2024-04-29,ACC_00495,Finance,Operating Expense,49283.62,EUR,Romero-Butler,Completed
FIN_0121294,2021-06-14,ACC_00293,Operations,Revenue,42737.92,SEK,Barber PLC,Completed
FIN_0150548,2021-04-02,ACC_00307,Engineering,Operating Expense,30418.21,SEK,Mcdaniel-Steele,Completed
FIN_0053682,2024-07-06,ACC_00140,Marketing,Payroll,12074.77,EUR,Rodriguez Group,Completed
FIN_0114096,2022-06-27,ACC_00214,Human Resources,Payroll,15288.56,INR,Henson-Strong,Completed
FIN_0047906,2023-02-26,ACC_00293,Operations,Revenue,5635.18,EUR,Roberts Ltd,Completed
FIN_0437065,2023-08-03,ACC_00161,Supply Chain,Purchase,19368.6,INR,"Gutierrez, Short and Bowen",Completed
FIN_0022272,2025-08-14,ACC_00022,Engineering,Purchase,15044.88,SEK,White-Lester,Pending
FIN_0205103,2025-07-20,ACC_00337,Supply Chain,Revenue,43961.3,USD,"Leonard, Barrett and Potts",Completed
FIN_0374535,2026-05-21,ACC_00372,Finance,Operating Expense,44544.86,SEK,"Snow, Chandler and Evans",Completed
FIN_0439188,2024-04-26,ACC_00158,Manufacturing,Operating Expense,4889.22,EUR,"Hale, Benson and Gomez",Completed
FIN_0404649,2023-08-22,ACC_00313,Human Resources,Payroll,13630.89,INR,"Hale, Cervantes and Gray",Completed
FIN_0327588,2021-02-06,ACC_00480,Sales,Payroll,27123.16,SEK,"Anderson, Washington and Morris",Completed
FIN_0342792,2024-01-18,ACC_00460,Finance,Revenue,37081.27,EUR,Santiago Group,Completed
FIN_0415095,2025-07-05,ACC_00131,Human Resources,Revenue,92201.97,EUR,Fernandez Inc,Completed
FIN_0436406,2021-01-20,ACC_00375,Manufacturing,Revenue,49950.36,EUR,"Gray, Patterson and Sosa",Pending
FIN_0169479,2022-05-31,ACC_00190,Finance,Purchase,44366.09,EUR,Alexander-Bennett,Completed
FIN_0142070,2025-11-02,ACC_00253,Finance,Purchase,17814.87,EUR,Williams Inc,Completed
FIN_0439833,2024-01-27,ACC_00249,Information Technology,Payroll,27735.29,EUR,Torres-Williams,Completed
FIN_0254829,2023-01-26,ACC_00133,Engineering,Revenue,89068.35,USD,Martin and Sons,Completed
FIN_0444237,2024-11-28,ACC_00217,Marketing,Purchase,42983.59,INR,Price PLC,Completed
FIN_0404473,2023-12-26,ACC_00018,Engineering,Revenue,89539.6,SEK,Mccoy Group,Completed
FIN_0429183,2024-05-29,ACC_00203,Information Technology,Revenue,34086.96,INR,UNKNOWN,Completed
FIN_0105453,2021-05-29,ACC_00202,Engineering,Investment,18441.17,USD,Richard-Reyes,Completed
FIN_0101919,2023-12-29,ACC_00161,Sales,Revenue,32323.68,USD,Randall LLC,Completed
FIN_0151503,2023-10-21,ACC_00309,Operations,Operating Expense,16201.13,EUR,Burgess-Garcia,Completed
FIN_0032811,2022-01-12,ACC_00369,Human Resources,Purchase,44190.98,USD,Martin-Cross,Completed
FIN_0302230,2021-06-21,ACC_00066,Engineering,Payroll,5268.9,SEK,Stevenson-Mills,Pending
FIN_0385397,2021-07-02,ACC_00419,Sales,Payroll,41858.56,INR,"Barron, Sanford and Gentry",Completed
FIN_0109298,2022-04-27,ACC_00315,Manufacturing,Revenue,47331.48,INR,Lee-Walker,Completed
FIN_0405823,2023-03-06,ACC_00484,Sales,Purchase,32142.8,SEK,Lopez LLC,Completed
FIN_0310186,2024-06-04,ACC_00048,Human Resources,Purchase,36675.58,INR,Cain Inc,Completed
FIN_0112618,2024-02-06,ACC_00441,Human Resources,Investment,37573.64,INR,Jones-Rosales,Completed
FIN_0419383,2025-02-21,ACC_00244,Human Resources,Investment,37547.71,INR,Gomez-Hogan,Completed
FIN_0264230,2024-09-13,ACC_00072,Sales,Purchase,47532.62,INR,Jones-Cox,Completed
FIN_0308678,2022-03-15,ACC_00105,Engineering,Purchase,28912.45,SEK,Thomas-Allen,Completed
FIN_0320285,2021-08-11,ACC_00316,Manufacturing,Purchase,32916.12,EUR,"Walker, Mitchell and Boyle",Completed
FIN_0012631,2025-02-03,ACC_00421,Marketing,Purchase,48966.37,INR,Smith-Cobb,Completed
FIN_0204749,2021-02-25,ACC_00005,Manufacturing,Revenue,99391.41,USD,"Watson, Maldonado and Collier",Completed
FIN_0347625,2024-09-24,ACC_00139,Supply Chain,Purchase,22021.71,SEK,Wilson-Cabrera,Completed
FIN_0107962,2021-05-16,ACC_00394,Human Resources,Revenue,99047.28,EUR,Arnold-Walters,Completed
FIN_0032933,2022-04-14,ACC_00320,Manufacturing,Payroll,25639.45,INR,Price-Jones,Completed
FIN_0158320,2021-01-14,ACC_00355,Finance,Purchase,28104.0,EUR,"Bradford, Hernandez and Berg",Completed
FIN_0014696,2022-01-31,ACC_00136,Marketing,Revenue,77091.92,EUR,"Martinez, Bennett and Brown",Completed
FIN_0104201,2022-10-21,ACC_00249,Marketing,Revenue,56584.25,EUR,"Davis, Reed and Conley",Pending
FIN_0153770,2025-03-21,ACC_00375,Operations,Investment,18262.55,USD,Matthews-Thompson,Completed
FIN_0271231,2024-02-07,ACC_00144,Engineering,Payroll,26603.62,SEK,Tran-Paul,Completed
FIN_0132306,2024-01-10,ACC_00164,Engineering,Revenue,57707.41,USD,"Alvarez, Reid and Butler",Completed
FIN_0463804,2022-05-24,ACC_00018,Finance,Revenue,16622.19,USD,"Cooper, Ferguson and Wolfe",Completed
FIN_0183319,2025-12-14,ACC_00270,Information Technology,Investment,2333.93,EUR,Thompson and Sons,Completed
FIN_0159151,2022-04-22,ACC_00258,Marketing,Purchase,39471.48,USD,"Moore, Moss and Jones",Completed
FIN_0341643,2023-02-08,ACC_00228,Sales,Revenue,14028.44,SEK,Roth Inc,Completed
FIN_0310049,2025-06-01,ACC_00350,Information Technology,Operating Expense,33939.94,SEK,Luna PLC,Completed
FIN_0305033,2024-04-24,ACC_00150,Sales,Payroll,18006.34,EUR,Wilson-Williams,Completed
FIN_0188006,2025-06-26,ACC_00327,Operations,Operating Expense,5065.99,SEK,"Avila, Grant and Gonzalez",Completed
FIN_0101022,2025-02-04,ACC_00333,Engineering,Operating Expense,24564.94,SEK,"Day, Novak and Reyes",Completed
FIN_0185529,2023-11-15,ACC_00243,Human Resources,Revenue,77453.11,SEK,"Gomez, Washington and Vargas",Completed
FIN_0018745,2025-07-03,ACC_00049,Supply Chain,Purchase,18161.46,INR,"Mcgrath, Mitchell and Garcia",Completed
FIN_0148576,2024-06-26,ACC_00086,Finance,Purchase,4034.08,USD,"Mcdonald, Mccoy and Navarro",Completed
FIN_0265996,2026-03-21,ACC_00272,Operations,Operating Expense,13564.6,EUR,Bell-Guerrero,Completed
FIN_0365185,2022-01-22,ACC_00230,Marketing,Operating Expense,30773.99,INR,Rodriguez-Adams,Completed
FIN_0256954,2024-04-22,ACC_00081,Engineering,Revenue,8203.38,EUR,"Fuller, Blair and Wiley",Completed
FIN_0142526,2021-12-01,ACC_00339,Sales,Operating Expense,875.47,SEK,Brooks-Miller,Completed
FIN_0142569,2024-08-31,ACC_00223,Marketing,Payroll,31090.49,USD,"Neal, Anderson and Martin",Completed
FIN_0338797,2022-03-11,ACC_00126,Sales,Payroll,43149.73,EUR,Waller-Davis,Completed
FIN_0403698,2023-05-24,ACC_00420,Marketing,Revenue,13850.54,INR,"Carpenter, Bautista and Miller",Completed
FIN_0275931,2021-02-12,ACC_00126,Sales,Purchase,14235.58,EUR,"Walker, Ramirez and Reeves",Completed
FIN_0184650,2022-09-06,ACC_00472,Supply Chain,Revenue,25507.28,INR,"Martinez, Thomas and Martin",Completed
FIN_0174112,2025-07-27,ACC_00295,Human Resources,Purchase,5226.26,EUR,Jones and Sons,Completed
FIN_0454170,2026-02-12,ACC_00451,Finance,Investment,46821.03,EUR,Patel-Parker,Completed
FIN_0064008,2021-04-29,ACC_00488,Human Resources,Revenue,46456.77,EUR,Rangel-Reynolds,Completed
FIN_0412986,2021-06-02,ACC_00121,Human Resources,Operating Expense,44068.81,INR,Ward Inc,Completed
FIN_0086394,2022-10-02,ACC_00172,Finance,Revenue,45388.47,INR,Glass PLC,Completed
FIN_0456785,2024-05-20,ACC_00003,Human Resources,Purchase,49662.24,USD,Petersen and Sons,Pending
FIN_0491749,2023-06-14,ACC_00350,Manufacturing,Investment,48220.3,INR,"Ferguson, Fowler and Briggs",Completed
FIN_0308992,2025-11-07,ACC_00133,Human Resources,Purchase,20027.78,USD,Carroll-Hubbard,Completed
FIN_0481277,2021-07-01,ACC_00206,Sales,Revenue,28358.04,INR,"West, Powell and Hall",Completed
FIN_0475743,2022-03-06,ACC_00272,Operations,Operating Expense,6357.15,SEK,"Nelson, Peck and Williams",Pending
FIN_0456891,2021-08-10,ACC_00158,Operations,Operating Expense,4998.21,USD,"Davis, Guerrero and Ramos",Completed
FIN_0166986,2022-10-10,ACC_00222,Sales,Revenue,79424.41,SEK,Myers Ltd,Completed
FIN_0069102,2025-01-02,ACC_00215,Finance,Purchase,44012.26,USD,Wong and Sons,Completed
FIN_0165744,2024-11-06,ACC_00459,Operations,Revenue,47237.22,INR,"Jackson, Wolfe and Chapman",Completed
FIN_0246962,2022-02-17,ACC_00326,Information Technology,Revenue,96507.82,SEK,Garcia Inc,Completed
FIN_0031308,2026-06-20,ACC_00243,Finance,Purchase,10141.18,EUR,Hancock-Sanchez,Completed
FIN_0372562,2026-01-05,ACC_00136,Information Technology,Purchase,27682.82,USD,Rivas LLC,Completed
FIN_0191640,2024-01-16,ACC_00104,Operations,Purchase,44572.09,EUR,UNKNOWN,Completed
FIN_0309195,2021-05-28,ACC_00237,Manufacturing,Operating Expense,4848.46,SEK,Jones PLC,Completed
FIN_0224857,2023-02-11,ACC_00186,Marketing,Purchase,39318.81,EUR,"Brown, Spears and Briggs",Completed
FIN_0100463,2023-08-24,ACC_00041,Finance,Operating Expense,48268.13,SEK,"Gonzalez, Smith and Miller",Completed
FIN_0093036,2022-03-30,ACC_00254,Finance,Operating Expense,48395.42,USD,"White, Walker and Lewis",Completed
FIN_0422977,2026-05-20,ACC_00106,Engineering,Revenue,28986.77,INR,"Cain, Smith and Velez",Completed
FIN_0303040,2021-02-14,ACC_00375,Marketing,Purchase,41490.79,SEK,Jackson-Crawford,Completed
FIN_0358455,2022-02-11,ACC_00402,Sales,Revenue,57075.02,SEK,"Hoover, Bennett and Cooper",Completed
FIN_0211808,2023-11-26,ACC_00229,Manufacturing,Payroll,18503.82,INR,UNKNOWN,Completed
FIN_0160582,2023-12-26,ACC_00089,Supply Chain,Operating Expense,6412.26,SEK,"Bailey, Bell and Gray",Completed
FIN_0315835,2021-03-24,ACC_00003,Operations,Revenue,89571.22,SEK,Valencia-Salas,Completed
FIN_0205380,2024-01-03,ACC_00095,Operations,Revenue,26762.77,SEK,Perkins-Harding,Completed
FIN_0213584,2021-06-01,ACC_00350,Information Technology,Operating Expense,41052.49,SEK,Andrews PLC,Completed
FIN_0476914,2024-10-19,ACC_00465,Engineering,Revenue,82068.5,INR,Russell Ltd,Completed
FIN_0396984,2026-02-01,ACC_00021,Finance,Purchase,28374.42,SEK,Flowers-Fox,Completed
FIN_0337570,2022-12-02,ACC_00161,Information Technology,Purchase,40078.14,SEK,"Chandler, Lowe and Hayes",Completed
FIN_0081590,2022-05-08,ACC_00075,Operations,Purchase,13901.15,INR,Martinez PLC,Completed
FIN_0387090,2022-05-28,ACC_00011,Supply Chain,Revenue,63599.32,EUR,"Hunter, Deleon and Fields",Completed
FIN_0405234,2024-01-05,ACC_00500,Human Resources,Revenue,89131.14,EUR,"Hodges, Nguyen and Martin",Completed
FIN_0391222,2022-09-04,ACC_00452,Engineering,Operating Expense,9500.11,SEK,"Miller, Wallace and Ward",Completed
FIN_0017034,2024-01-13,ACC_00377,Sales,Investment,37189.8,SEK,Kelley Inc,Completed
FIN_0475705,2025-06-05,ACC_00245,Marketing,Purchase,49752.19,USD,Ellis-Stephenson,Completed
FIN_0340245,2021-06-20,ACC_00116,Information Technology,Purchase,11469.41,USD,Morris and Sons,Completed
FIN_0094051,2024-10-11,ACC_00172,Marketing,Revenue,94488.54,EUR,Alexander-Nichols,Completed
FIN_0059068,2023-12-14,ACC_00427,Marketing,Operating Expense,27707.52,SEK,Harmon-Santiago,Completed
FIN_0406826,2026-01-24,ACC_00262,Marketing,Purchase,48700.79,EUR,"Meyer, Bailey and Cline",Completed
FIN_0376548,2023-11-07,ACC_00225,Supply Chain,Revenue,30262.26,SEK,Guerra and Sons,Completed
FIN_0364531,2025-06-10,ACC_00430,Engineering,Payroll,25196.82,EUR,"Carlson, Wright and Ferguson",Completed
FIN_0496171,2024-10-31,ACC_00013,Engineering,Revenue,34741.93,USD,Holt-Scott,Completed
FIN_0345691,2024-06-15,ACC_00449,Finance,Revenue,22987.9,USD,Schneider-Jones,Completed
FIN_0287296,2024-01-05,ACC_00036,Manufacturing,Operating Expense,36055.74,INR,Johnson Ltd,Completed
FIN_0342302,2026-04-05,ACC_00427,Operations,Purchase,8646.27,SEK,"Oliver, Gonzalez and Vazquez",Completed
FIN_0238845,2024-10-27,ACC_00454,Manufacturing,Purchase,36369.53,EUR,"Williams, Nguyen and Hampton",Pending
FIN_0403815,2026-05-27,ACC_00322,Information Technology,Payroll,1677.98,SEK,Wilson and Sons,Completed
FIN_0354898,2023-01-16,ACC_00252,Finance,Purchase,44520.97,EUR,"Chambers, Johnson and Perkins",Completed
FIN_0302502,2022-01-24,ACC_00267,Operations,Payroll,23260.89,SEK,Spears Group,Completed
FIN_0180381,2021-07-16,ACC_00243,Information Technology,Purchase,16925.16,INR,Fox-Campos,Pending
FIN_0142596,2024-06-23,ACC_00015,Supply Chain,Purchase,14431.01,INR,Lozano-Campbell,Completed
FIN_0084157,2021-07-22,ACC_00091,Engineering,Payroll,34771.63,INR,"Williams, Keith and Kelly",Completed
FIN_0196620,2026-04-07,ACC_00269,Information Technology,Revenue,66233.51,INR,"Vazquez, Johnson and Tucker",Completed
FIN_0404709,2024-02-26,ACC_00024,Sales,Revenue,80884.25,EUR,"Perez, Cruz and Young",Completed
FIN_0129179,2025-05-21,ACC_00435,Engineering,Operating Expense,45908.58,EUR,"Levy, Joseph and Smith",Completed
FIN_0114208,2023-10-17,ACC_00158,Information Technology,Operating Expense,1470.81,EUR,Cox-Mcconnell,Completed
FIN_0051213,2024-10-02,ACC_00175,Manufacturing,Operating Expense,6305.74,INR,"Chapman, Gonzales and Rhodes",Failed
FIN_0488465,2023-04-12,ACC_00303,Information Technology,Revenue,68023.74,EUR,Smith-Rivera,Completed
FIN_0175757,2023-06-26,ACC_00275,Engineering,Purchase,3142.96,SEK,Miller-Newton,Completed
FIN_0251822,2024-12-10,ACC_00434,Supply Chain,Purchase,47820.27,USD,Sharp-Taylor,Completed
FIN_0379787,2024-05-14,ACC_00056,Human Resources,Payroll,36905.56,INR,Miller and Sons,Completed
FIN_0112168,2021-05-22,ACC_00284,Sales,Revenue,16702.35,EUR,Lee-Brown,Completed
FIN_0140392,2022-07-27,ACC_00392,Marketing,Operating Expense,21310.2,SEK,Thompson Ltd,Completed
FIN_0073606,2024-04-20,ACC_00083,Human Resources,Revenue,95362.12,USD,Bruce PLC,Completed
FIN_0410478,2025-06-11,ACC_00367,Marketing,Purchase,40998.18,EUR,UNKNOWN,Completed
FIN_0066405,2024-07-31,ACC_00497,Human Resources,Operating Expense,35562.49,INR,UNKNOWN,Completed
FIN_0306837,2021-08-25,ACC_00415,Finance,Purchase,10604.57,USD,Barrera Ltd,Completed
FIN_0462775,2025-03-09,ACC_00473,Marketing,Purchase,25811.07,USD,Bowen LLC,Completed
FIN_0166732,2023-12-26,ACC_00360,Operations,Investment,18003.63,USD,Ramirez-Roberts,Completed
FIN_0214343,2024-02-16,ACC_00108,Information Technology,Operating Expense,34211.44,EUR,Cruz PLC,Completed
FIN_0117928,2026-06-09,ACC_00187,Finance,Purchase,13103.78,SEK,"Mcneil, Gonzalez and Pope",Completed
FIN_0211638,2021-04-14,ACC_00229,Sales,Payroll,21146.8,SEK,UNKNOWN,Completed
FIN_0432488,2023-08-16,ACC_00424,Human Resources,Operating Expense,6110.82,SEK,Graham Inc,Completed
FIN_0017390,2022-12-04,ACC_00069,Manufacturing,Operating Expense,25832.28,SEK,Mcknight-Sherman,Completed
FIN_0198795,2025-08-10,ACC_00285,Engineering,Operating Expense,33451.83,SEK,Wiggins-Mullins,Completed
FIN_0029062,2021-10-29,ACC_00043,Information Technology,Revenue,49076.04,EUR,"Smith, Hill and Copeland",Completed
FIN_0282931,2022-05-03,ACC_00224,Human Resources,Payroll,27163.78,SEK,Briggs and Sons,Completed
FIN_0005389,2026-03-24,ACC_00024,Engineering,Operating Expense,11848.45,EUR,Jacobs Group,Completed
FIN_0453853,2022-11-16,ACC_00192,Human Resources,Operating Expense,26664.13,EUR,Herrera-Smith,Completed
FIN_0151133,2022-06-11,ACC_00316,Finance,Purchase,46665.39,EUR,"Johnson, Velez and Cardenas",Completed
FIN_0064530,2023-01-02,ACC_00162,Sales,Revenue,84063.45,EUR,Matthews Group,Completed
FIN_0330630,2023-05-16,ACC_00364,Manufacturing,Operating Expense,45607.07,INR,Taylor-Daniels,Completed
FIN_0359324,2021-06-01,ACC_00291,Marketing,Revenue,79548.22,EUR,"Hampton, Wiley and Zimmerman",Completed
FIN_0279971,2021-05-30,ACC_00072,Supply Chain,Revenue,52366.46,USD,Macdonald LLC,Completed
FIN_0121713,2022-08-07,ACC_00475,Finance,Revenue,72943.06,USD,Hicks LLC,Completed
FIN_0062157,2021-01-28,ACC_00305,Human Resources,Operating Expense,18479.94,SEK,"Marquez, Hunter and Miles",Completed
FIN_0035949,2026-02-03,ACC_00483,Operations,Revenue,74394.66,SEK,Pearson-Brown,Completed
FIN_0112090,2022-06-24,ACC_00109,Manufacturing,Revenue,93538.44,SEK,UNKNOWN,Completed
FIN_0333477,2022-09-13,ACC_00168,Engineering,Operating Expense,29056.72,INR,"Bridges, Nelson and Eaton",Completed
FIN_0411283,2024-10-07,ACC_00284,Supply Chain,Purchase,4798.03,INR,"Johnson, Martinez and Rivas",Completed
FIN_0412402,2023-02-13,ACC_00332,Sales,Revenue,81437.45,USD,"Clark, Ward and Ruiz",Completed
FIN_0142928,2021-06-19,ACC_00287,Finance,Revenue,58920.5,INR,Lawrence and Sons,Failed
FIN_0471998,2021-04-02,ACC_00205,Finance,Operating Expense,40649.7,INR,"Ward, Edwards and Clark",Completed
FIN_0434027,2024-10-26,ACC_00338,Manufacturing,Revenue,10003.78,SEK,Cooper LLC,Completed
FIN_0133398,2022-08-31,ACC_00133,Sales,Revenue,29546.87,SEK,Vang Group,Completed
FIN_0021984,2022-03-19,ACC_00440,Finance,Revenue,69376.04,INR,Fox-Johnson,Completed
FIN_0162938,2022-09-18,ACC_00043,Finance,Payroll,15501.12,INR,"White, Moore and Maldonado",Completed
FIN_0224604,2023-03-13,ACC_00297,Operations,Operating Expense,24599.4,USD,Gibson PLC,Completed
FIN_0137321,2022-05-08,ACC_00388,Human Resources,Revenue,5449.59,INR,Allen-Rogers,Completed
FIN_0389275,2023-05-28,ACC_00147,Manufacturing,Revenue,18807.32,INR,Mendoza-Mendez,Completed
FIN_0380365,2023-03-25,ACC_00453,Information Technology,Payroll,40683.49,SEK,Austin-Perez,Completed
FIN_0317129,2025-04-02,ACC_00199,Manufacturing,Revenue,97133.81,INR,Jones PLC,Completed
FIN_0100946,2024-01-08,ACC_00485,Operations,Payroll,26561.67,EUR,UNKNOWN,Pending
FIN_0330363,2024-11-16,ACC_00345,Sales,Revenue,23923.65,INR,"Miller, Daniel and King",Completed
FIN_0317258,2026-02-28,ACC_00456,Information Technology,Operating Expense,31167.13,SEK,Ayala-Petty,Completed
FIN_0252276,2021-09-02,ACC_00182,Human Resources,Purchase,30401.21,INR,Duke-Beck,Completed
FIN_0406425,2023-12-18,ACC_00341,Human Resources,Investment,32712.16,INR,Bryant Ltd,Completed
FIN_0184139,2021-01-06,ACC_00067,Finance,Operating Expense,44569.32,SEK,"Zimmerman, Rich and Cardenas",Completed
FIN_0250199,2023-02-14,ACC_00359,Operations,Operating Expense,46444.0,USD,"Williams, Hill and Hamilton",Completed
FIN_0272318,2025-03-08,ACC_00272,Supply Chain,Payroll,44434.65,SEK,Green-Blanchard,Completed
FIN_0072894,2021-10-20,ACC_00492,Supply Chain,Revenue,36909.77,USD,"Bradley, Willis and Brown",Completed
FIN_0096835,2021-01-15,ACC_00439,Information Technology,Investment,25042.1,SEK,Nelson Ltd,Completed
FIN_0134835,2023-11-03,ACC_00391,Information Technology,Revenue,38121.63,SEK,Wilson-Tran,Pending
FIN_0135802,2026-06-24,ACC_00318,Information Technology,Operating Expense,5361.25,INR,Brown-Gray,Completed
FIN_0252758,2021-01-19,ACC_00051,Operations,Revenue,60131.82,SEK,Thomas-Thompson,Completed
FIN_0083850,2024-10-27,ACC_00132,Manufacturing,Revenue,98630.34,SEK,Brooks LLC,Completed
FIN_0258135,2025-01-10,ACC_00007,Finance,Purchase,37346.91,USD,"Daniel, Vasquez and Brooks",Completed
FIN_0204316,2026-02-16,ACC_00402,Supply Chain,Purchase,4142.84,EUR,Thomas-Miller,Completed
FIN_0330217,2023-06-17,ACC_00435,Finance,Revenue,40883.19,INR,Johnston-Sutton,Completed
FIN_0218259,2024-02-28,ACC_00363,Information Technology,Investment,35474.21,SEK,King-Kelley,Failed
FIN_0323117,2023-11-11,ACC_00101,Human Resources,Purchase,35848.01,USD,Levine-Jones,Completed
FIN_0118323,2022-08-05,ACC_00404,Human Resources,Purchase,18144.75,SEK,Smith Ltd,Failed
FIN_0098285,2021-07-11,ACC_00432,Human Resources,Purchase,304.05,INR,"Horn, Riggs and Gray",Completed
FIN_0263854,2021-12-19,ACC_00344,Engineering,Revenue,83370.17,USD,Wood PLC,Completed
FIN_0139152,2026-05-11,ACC_00082,Marketing,Payroll,46744.15,INR,Hoffman Ltd,Completed
FIN_0209393,2023-10-28,ACC_00381,Sales,Revenue,81527.05,INR,"Cox, Dalton and Martin",Completed
FIN_0251507,2024-08-17,ACC_00369,Manufacturing,Revenue,5362.29,EUR,"King, Jennings and Poole",Completed
FIN_0163522,2025-02-18,ACC_00051,Operations,Revenue,98556.08,SEK,"Jackson, Torres and Johnson",Completed
FIN_0453230,2023-05-22,ACC_00059,Human Resources,Purchase,1754.33,EUR,"Morris, Rivera and Martin",Completed
FIN_0150476,2021-03-05,ACC_00206,Information Technology,Revenue,46543.05,SEK,Hudson-Smith,Completed
FIN_0476294,2022-11-01,ACC_00457,Engineering,Payroll,23009.22,EUR,UNKNOWN,Pending
FIN_0199907,2024-07-13,ACC_00293,Finance,Purchase,2731.28,USD,"Acevedo, Stone and Graham",Completed
FIN_0274906,2022-06-20,ACC_00102,Engineering,Operating Expense,4845.99,INR,Rodriguez Inc,Completed
FIN_0106967,2023-09-27,ACC_00405,Sales,Purchase,27876.55,USD,"Perez, Rodriguez and Petersen",Completed
FIN_0030338,2023-07-30,ACC_00436,Engineering,Purchase,34060.39,USD,UNKNOWN,Completed
FIN_0347341,2024-09-16,ACC_00257,Marketing,Revenue,66870.13,EUR,"Bradley, Hansen and Grant",Completed
FIN_0074997,2025-06-05,ACC_00385,Manufacturing,Revenue,40388.57,USD,"Hansen, Lewis and Oliver",Completed
FIN_0347903,2023-07-21,ACC_00003,Supply Chain,Revenue,57059.25,EUR,Miller-Anderson,Completed
FIN_0253259,2021-05-04,ACC_00338,Human Resources,Investment,6527.94,INR,UNKNOWN,Completed
FIN_0389422,2024-08-24,ACC_00017,Manufacturing,Investment,33899.05,SEK,"Vega, Weeks and Sullivan",Completed
FIN_0478695,2023-02-15,ACC_00344,Operations,Purchase,40583.58,SEK,Anderson LLC,Completed
FIN_0054034,2023-12-07,ACC_00383,Sales,Revenue,75001.61,SEK,"Brady, Lewis and Rogers",Pending
FIN_0319394,2025-06-21,ACC_00460,Operations,Revenue,50668.42,SEK,"Henderson, Mann and Sandoval",Completed
FIN_0099261,2022-12-27,ACC_00326,Information Technology,Payroll,46109.57,INR,Carr-Summers,Completed
FIN_0449884,2026-03-08,ACC_00431,Marketing,Revenue,70211.66,EUR,Walsh-Lara,Completed
FIN_0405363,2025-03-31,ACC_00344,Supply Chain,Purchase,21223.78,USD,"Jones, Nguyen and Oneal",Completed
FIN_0257953,2021-02-22,ACC_00343,Marketing,Purchase,17887.5,USD,"Thomas, Murphy and Trevino",Completed
FIN_0251881,2025-05-18,ACC_00336,Marketing,Revenue,98150.18,EUR,Edwards LLC,Completed
FIN_0458731,2024-03-21,ACC_00260,Operations,Operating Expense,38395.92,EUR,Jones and Sons,Completed
FIN_0231501,2024-07-01,ACC_00367,Supply Chain,Purchase,47708.47,USD,Walker-Reed,Completed
FIN_0094213,2025-06-04,ACC_00499,Marketing,Purchase,47248.65,USD,Moore-Davis,Completed
FIN_0254837,2022-11-22,ACC_00065,Information Technology,Purchase,41490.24,SEK,Turner-Pratt,Completed
FIN_0086483,2026-03-23,ACC_00316,Information Technology,Revenue,66430.8,SEK,"Jackson, Mayo and Flores",Completed
FIN_0156047,2023-06-15,ACC_00457,Supply Chain,Revenue,10557.74,SEK,Lewis-Ramirez,Completed
FIN_0343235,2021-09-18,ACC_00069,Manufacturing,Operating Expense,29022.85,SEK,"Cole, Thompson and Young",Completed
FIN_0364044,2025-02-09,ACC_00380,Human Resources,Operating Expense,14312.44,INR,Taylor LLC,Pending
FIN_0113162,2021-03-24,ACC_00278,Operations,Purchase,5802.53,EUR,"Dixon, Lynch and Harper",Completed
FIN_0146069,2023-12-05,ACC_00066,Supply Chain,Payroll,17722.74,SEK,Ross Group,Completed
FIN_0163601,2024-06-26,ACC_00493,Information Technology,Operating Expense,39603.78,SEK,Love Group,Completed
FIN_0415039,2024-09-11,ACC_00188,Engineering,Operating Expense,30200.08,INR,Robinson-Vasquez,Completed
FIN_0062094,2025-03-27,ACC_00398,Manufacturing,Payroll,20406.34,USD,"Walker, Young and Lewis",Completed
FIN_0278812,2023-08-10,ACC_00079,Sales,Purchase,29141.83,EUR,Miller-Dean,Failed
FIN_0330124,2025-01-30,ACC_00488,Supply Chain,Operating Expense,10555.24,USD,"Owens, Luna and James",Completed
FIN_0207626,2025-05-24,ACC_00260,Operations,Operating Expense,33994.61,SEK,Johnson Inc,Completed
FIN_0269417,2021-10-03,ACC_00389,Operations,Purchase,31938.02,EUR,"Bennett, Brooks and Yoder",Completed
FIN_0069515,2022-11-08,ACC_00128,Operations,Purchase,49288.68,EUR,"Torres, Taylor and Brewer",Completed
FIN_0195240,2023-09-03,ACC_00418,Engineering,Revenue,33725.0,EUR,"Watkins, Smith and Park",Completed
FIN_0230829,2023-12-14,ACC_00290,Finance,Investment,21906.99,SEK,Baker-Navarro,Completed
FIN_0207468,2021-02-03,ACC_00252,Information Technology,Operating Expense,11745.72,EUR,"Gordon, Patterson and Aguilar",Completed
FIN_0025705,2021-12-16,ACC_00224,Information Technology,Revenue,42888.17,USD,Stokes Inc,Completed
FIN_0076267,2023-04-16,ACC_00201,Human Resources,Purchase,36761.99,INR,David-Montgomery,Completed
FIN_0228561,2022-05-17,ACC_00064,Finance,Payroll,4045.36,INR,"Dominguez, Williams and Sanders",Completed
FIN_0192005,2021-04-29,ACC_00135,Operations,Payroll,35262.48,SEK,Torres-Bennett,Completed
FIN_0099846,2021-12-12,ACC_00208,Sales,Purchase,40075.05,USD,UNKNOWN,Completed
FIN_0142305,2025-01-03,ACC_00439,Information Technology,Revenue,28776.44,INR,"Smith, Duran and Cook",Completed
FIN_0433234,2022-08-07,ACC_00367,Supply Chain,Revenue,64415.5,EUR,Wilson Group,Completed
FIN_0426546,2025-10-15,ACC_00222,Information Technology,Payroll,29002.07,INR,Coleman Inc,Completed
FIN_0115841,2024-11-17,ACC_00085,Supply Chain,Revenue,96868.1,USD,Reed-Duke,Completed
FIN_0347073,2022-09-13,ACC_00249,Operations,Revenue,23789.65,SEK,Harrell LLC,Completed
FIN_0122181,2026-03-23,ACC_00038,Information Technology,Purchase,32229.87,SEK,"Gonzalez, Wells and Green",Completed
FIN_0453712,2024-12-24,ACC_00395,Engineering,Operating Expense,33988.95,INR,Washington-Mason,Completed
FIN_0380195,2021-04-16,ACC_00037,Finance,Purchase,16158.28,EUR,Pierce-Lopez,Failed
FIN_0199993,2023-11-30,ACC_00494,Manufacturing,Revenue,59140.0,SEK,Paul Group,Completed
FIN_0345149,2021-09-13,ACC_00472,Manufacturing,Revenue,3014.16,EUR,Grant-Hodges,Completed
FIN_0104267,2022-04-15,ACC_00069,Information Technology,Payroll,26796.5,EUR,"Gonzalez, Ortega and Jensen",Completed
FIN_0168772,2021-02-04,ACC_00331,Engineering,Payroll,33204.64,INR,Carter-Steele,Completed
FIN_0340372,2024-04-28,ACC_00162,Marketing,Revenue,22764.59,EUR,Cox-Wright,Pending
FIN_0207824,2023-02-26,ACC_00032,Finance,Operating Expense,32745.35,USD,Robertson-Wilson,Completed
FIN_0433252,2021-05-20,ACC_00060,Finance,Revenue,6461.42,INR,Watts-Stephens,Completed
FIN_0138611,2026-03-06,ACC_00401,Marketing,Revenue,35717.19,USD,Leon-Scott,Completed
FIN_0369459,2023-11-07,ACC_00029,Supply Chain,Purchase,37557.7,INR,Matthews-Bennett,Completed
FIN_0084458,2025-02-07,ACC_00287,Supply Chain,Revenue,7531.91,EUR,Alvarado Ltd,Completed
FIN_0034289,2023-08-26,ACC_00055,Engineering,Operating Expense,30073.27,INR,"Lawrence, Murray and White",Completed
FIN_0066590,2023-03-31,ACC_00306,Sales,Operating Expense,18144.04,INR,"Williams, Bean and Mendez",Completed
FIN_0205623,2026-01-17,ACC_00263,Finance,Revenue,99549.94,EUR,"Scott, Leach and Phillips",Completed
FIN_0286997,2022-02-24,ACC_00151,Manufacturing,Operating Expense,22149.0,USD,Flores PLC,Completed
FIN_0027143,2021-08-14,ACC_00008,Operations,Payroll,25565.67,USD,"Wright, Johnson and Scott",Completed
FIN_0132420,2021-10-10,ACC_00486,Supply Chain,Revenue,94018.46,SEK,UNKNOWN,Completed
FIN_0404335,2024-12-09,ACC_00264,Marketing,Operating Expense,39253.55,INR,"Steele, Stokes and Bennett",Completed
FIN_0227391,2024-07-22,ACC_00188,Supply Chain,Payroll,28939.61,EUR,Santiago Inc,Completed
FIN_0436670,2026-03-27,ACC_00384,Human Resources,Operating Expense,25305.53,EUR,Wilson-Carney,Completed
FIN_0090047,2023-04-30,ACC_00164,Marketing,Payroll,7264.99,EUR,"Rodriguez, Brandt and Nichols",Pending
FIN_0329898,2022-05-15,ACC_00121,Operations,Purchase,3220.25,USD,UNKNOWN,Completed
FIN_0273239,2021-06-20,ACC_00023,Information Technology,Revenue,28940.02,USD,UNKNOWN,Completed
FIN_0282802,2021-03-09,ACC_00430,Sales,Operating Expense,30527.67,INR,"Lang, French and Williams",Completed
FIN_0491136,2022-01-12,ACC_00037,Operations,Revenue,12919.21,SEK,Tucker LLC,Completed
FIN_0164932,2022-02-01,ACC_00481,Sales,Purchase,3017.57,INR,UNKNOWN,Completed
FIN_0499198,2024-06-10,ACC_00182,Engineering,Investment,47305.72,SEK,UNKNOWN,Completed
FIN_0409055,2026-05-16,ACC_00499,Human Resources,Investment,39817.44,SEK,"Rivera, Weaver and Stone",Completed
FIN_0221449,2021-12-27,ACC_00004,Operations,Operating Expense,39069.26,SEK,Turner-Matthews,Completed
FIN_0476110,2021-10-11,ACC_00261,Marketing,Operating Expense,19835.68,EUR,"Collins, Flores and Patterson",Completed
FIN_0109677,2022-05-08,ACC_00479,Finance,Revenue,93430.17,EUR,Terrell PLC,Completed
FIN_0332973,2023-07-15,ACC_00370,Finance,Operating Expense,41533.99,SEK,Campbell Inc,Completed
FIN_0471515,2024-10-11,ACC_00469,Human Resources,Operating Expense,46952.03,EUR,"Gomez, Patton and Smith",Completed
FIN_0400793,2022-05-09,ACC_00298,Operations,Revenue,58261.95,EUR,Reid and Sons,Completed
FIN_0169761,2024-08-05,ACC_00173,Sales,Revenue,13643.15,SEK,Bush Inc,Completed
FIN_0106229,2026-02-04,ACC_00077,Engineering,Revenue,53744.01,EUR,"Walker, Middleton and Sandoval",Completed
FIN_0385946,2024-09-18,ACC_00355,Operations,Revenue,59328.52,USD,"Mcmahon, Walker and Chandler",Completed
FIN_0414904,2023-10-19,ACC_00436,Finance,Purchase,9919.23,SEK,Andrade-Flores,Completed
FIN_0068828,2021-05-13,ACC_00199,Finance,Revenue,18782.61,USD,Gonzales-Murphy,Pending
FIN_0383554,2024-01-13,ACC_00103,Sales,Revenue,40038.14,USD,Young and Sons,Completed
FIN_0182093,2026-04-24,ACC_00264,Human Resources,Purchase,20884.46,USD,Melendez-Orr,Completed
FIN_0136958,2024-01-10,ACC_00337,Operations,Purchase,33453.91,USD,"Johnson, Reese and Cameron",Completed
FIN_0422647,2023-01-18,ACC_00217,Supply Chain,Payroll,42525.04,INR,"Lopez, Gardner and Rios",Completed
FIN_0082077,2022-09-05,ACC_00346,Human Resources,Purchase,43498.21,EUR,"Stewart, Abbott and Carter",Completed
FIN_0093646,2022-01-19,ACC_00199,Supply Chain,Purchase,30022.32,USD,Davis LLC,Completed
FIN_0415851,2022-12-29,ACC_00448,Engineering,Revenue,46497.41,EUR,Ellis Ltd,Completed
FIN_0437938,2023-09-10,ACC_00316,Operations,Payroll,5551.23,INR,"Rogers, Campbell and Stuart",Completed
FIN_0416681,2023-03-21,ACC_00192,Sales,Revenue,37000.44,INR,Hopkins-Carey,Completed
FIN_0183566,2023-09-16,ACC_00289,Human Resources,Purchase,34122.67,USD,"Scott, Coleman and Morris",Completed
FIN_0399268,2026-01-15,ACC_00422,Finance,Revenue,9812.2,USD,Armstrong-Anderson,Completed
FIN_0349689,2024-06-15,ACC_00382,Human Resources,Payroll,45452.54,USD,Hernandez-Montoya,Completed
FIN_0120515,2024-11-04,ACC_00058,Finance,Revenue,81635.39,SEK,"Murphy, Howell and Arias",Completed
FIN_0224739,2023-05-08,ACC_00028,Engineering,Revenue,23883.16,SEK,Miller-Hernandez,Pending
FIN_0159393,2024-03-02,ACC_00485,Operations,Purchase,40585.24,SEK,Brooks-Harper,Completed
FIN_0100458,2024-05-13,ACC_00168,Human Resources,Investment,5540.1,USD,"Long, Roberts and Hunt",Completed
FIN_0411994,2025-10-05,ACC_00031,Operations,Purchase,26549.19,USD,Cardenas-Lloyd,Completed
FIN_0341368,2024-07-30,ACC_00188,Finance,Revenue,97598.11,USD,Short-Dixon,Pending
FIN_0351805,2024-07-01,ACC_00417,Manufacturing,Revenue,95086.9,USD,"Wilson, Wolf and Oliver",Completed
FIN_0097728,2024-09-22,ACC_00446,Human Resources,Payroll,39103.72,INR,Hernandez-Parsons,Completed
FIN_0393736,2022-07-17,ACC_00374,Supply Chain,Purchase,48942.07,USD,Smith PLC,Completed
FIN_0197874,2022-06-20,ACC_00072,Engineering,Payroll,42493.46,USD,Cooper Ltd,Completed
FIN_0413422,2024-04-01,ACC_00179,Marketing,Revenue,22241.65,SEK,Allen-Jordan,Completed
FIN_0064655,2023-10-21,ACC_00368,Finance,Revenue,25916.95,EUR,Fernandez-Gordon,Completed
FIN_0397052,2024-01-22,ACC_00023,Marketing,Operating Expense,32264.29,INR,"Stewart, Coleman and Griffin",Completed
FIN_0055749,2025-09-01,ACC_00242,Marketing,Payroll,29090.48,SEK,Brown PLC,Completed
FIN_0202670,2025-08-10,ACC_00290,Information Technology,Revenue,56622.45,EUR,"Clark, Mcneil and Hernandez",Completed
FIN_0195519,2022-06-05,ACC_00317,Finance,Purchase,35055.8,SEK,Leon LLC,Completed
FIN_0401702,2024-10-05,ACC_00379,Manufacturing,Operating Expense,3189.46,INR,Jackson-Mathews,Completed
FIN_0434372,2024-05-18,ACC_00491,Sales,Payroll,31717.57,EUR,"Combs, Barker and Avila",Pending
FIN_0166517,2025-07-17,ACC_00219,Supply Chain,Investment,2010.35,EUR,Walker-Lee,Completed
FIN_0354674,2023-11-13,ACC_00477,Finance,Purchase,12132.41,SEK,Johnston-Martinez,Completed
FIN_0001232,2021-06-09,ACC_00069,Marketing,Payroll,46727.57,INR,Anderson-Mathis,Completed
FIN_0478885,2022-12-16,ACC_00395,Sales,Purchase,32759.11,EUR,Tyler-Scott,Completed
FIN_0213693,2024-12-24,ACC_00089,Operations,Operating Expense,7900.54,EUR,Webb-Wallace,Completed
FIN_0425583,2022-08-26,ACC_00122,Human Resources,Purchase,26660.92,SEK,UNKNOWN,Completed
FIN_0190991,2023-11-27,ACC_00052,Sales,Revenue,99612.47,EUR,"Ramirez, Jimenez and Ramirez",Completed
FIN_0401782,2021-10-20,ACC_00088,Sales,Payroll,7000.22,INR,UNKNOWN,Completed
FIN_0470325,2023-04-01,ACC_00085,Manufacturing,Revenue,18686.87,USD,"Skinner, Williams and Garcia",Completed
FIN_0248748,2025-06-11,ACC_00378,Human Resources,Revenue,45418.85,USD,Kim Inc,Completed
FIN_0423407,2022-11-27,ACC_00373,Manufacturing,Payroll,13339.49,USD,Wright-Montgomery,Completed
FIN_0252770,2024-07-11,ACC_00336,Information Technology,Investment,37596.48,SEK,Martin LLC,Completed
FIN_0388181,2022-11-02,ACC_00195,Sales,Revenue,60766.81,INR,Waller and Sons,Completed
FIN_0491039,2022-10-12,ACC_00015,Marketing,Payroll,47015.39,USD,Wiley-Walker,Completed
FIN_0439542,2026-04-13,ACC_00285,Finance,Purchase,27896.73,USD,"Bryant, Petersen and Bernard",Completed
FIN_0423674,2025-06-11,ACC_00292,Information Technology,Purchase,20303.84,INR,Foley-Vazquez,Pending
FIN_0214675,2021-12-23,ACC_00484,Sales,Purchase,43206.94,INR,Lowe-Horton,Completed
FIN_0463813,2025-03-19,ACC_00330,Human Resources,Operating Expense,46436.51,SEK,"Riley, Schroeder and Morris",Pending
FIN_0047559,2025-10-22,ACC_00354,Finance,Operating Expense,27784.98,INR,"Burke, Smith and Sweeney",Completed
FIN_0256036,2022-05-20,ACC_00072,Manufacturing,Purchase,11942.29,INR,Anderson-Jones,Completed
FIN_0152220,2025-11-15,ACC_00427,Finance,Purchase,21761.95,INR,Wright LLC,Completed
FIN_0007606,2025-07-11,ACC_00247,Operations,Revenue,45427.12,USD,Holland PLC,Completed
FIN_0178648,2024-01-09,ACC_00196,Engineering,Operating Expense,49692.62,EUR,Thomas and Sons,Completed
FIN_0231300,2024-05-16,ACC_00169,Finance,Revenue,62790.77,SEK,Butler and Sons,Pending
FIN_0338349,2026-05-23,ACC_00477,Sales,Payroll,41948.9,EUR,Taylor-Pruitt,Pending
FIN_0065350,2022-05-18,ACC_00249,Human Resources,Revenue,28358.73,USD,Brown and Sons,Completed
FIN_0480828,2023-02-13,ACC_00026,Operations,Operating Expense,4739.15,SEK,Mason-Johnson,Completed
FIN_0385408,2022-11-18,ACC_00465,Human Resources,Operating Expense,31355.16,EUR,Nunez PLC,Completed
FIN_0345665,2023-11-23,ACC_00352,Finance,Revenue,23215.23,SEK,Arroyo-Nelson,Completed
FIN_0386178,2023-10-16,ACC_00167,Information Technology,Operating Expense,19325.96,SEK,Erickson-Acosta,Completed
FIN_0162264,2024-09-30,ACC_00336,Operations,Revenue,59509.48,USD,Boyd Ltd,Completed
FIN_0099376,2021-02-21,ACC_00407,Finance,Operating Expense,30034.84,SEK,Bush PLC,Completed
FIN_0012622,2023-07-14,ACC_00168,Finance,Revenue,1558.76,USD,"Perry, Grant and Soto",Completed
FIN_0018878,2023-04-27,ACC_00133,Operations,Revenue,21253.05,SEK,Brown-Chambers,Pending
FIN_0499510,2021-03-09,ACC_00144,Marketing,Revenue,36901.8,SEK,Herrera LLC,Failed
FIN_0001857,2023-03-06,ACC_00016,Marketing,Operating Expense,19697.48,SEK,UNKNOWN,Completed
FIN_0448704,2023-01-25,ACC_00185,Human Resources,Payroll,49759.02,INR,Bowen Inc,Completed
FIN_0401767,2023-11-14,ACC_00320,Engineering,Payroll,36872.69,INR,Harrison-Hoffman,Completed
FIN_0252303,2025-04-23,ACC_00500,Operations,Payroll,29743.23,USD,Joseph Inc,Completed
FIN_0382973,2022-02-07,ACC_00139,Marketing,Payroll,2013.08,SEK,Parks PLC,Completed
FIN_0059274,2025-02-09,ACC_00005,Operations,Revenue,37791.63,EUR,Brown Ltd,Completed
FIN_0003152,2026-02-25,ACC_00255,Engineering,Purchase,33719.65,INR,"Kelley, Price and West",Completed
FIN_0280961,2024-02-18,ACC_00022,Supply Chain,Purchase,44877.16,EUR,Cameron-Day,Completed
FIN_0160295,2021-10-04,ACC_00041,Information Technology,Purchase,21002.24,EUR,"Williams, Hopkins and Smith",Completed
FIN_0342188,2021-09-18,ACC_00271,Information Technology,Revenue,70667.18,SEK,Smith Inc,Completed
FIN_0318601,2021-02-24,ACC_00414,Operations,Purchase,405.56,USD,Hartman and Sons,Completed
FIN_0180158,2024-06-11,ACC_00275,Operations,Purchase,19934.31,USD,Meadows-Simon,Completed
FIN_0304549,2021-08-13,ACC_00294,Engineering,Purchase,17101.24,EUR,Gonzalez-Wagner,Completed
FIN_0114018,2025-05-02,ACC_00065,Manufacturing,Purchase,28671.27,USD,Anderson Group,Completed
FIN_0260198,2021-11-15,ACC_00442,Human Resources,Operating Expense,32472.22,USD,Mccoy-Hubbard,Completed
FIN_0127157,2022-01-27,ACC_00106,Manufacturing,Revenue,34186.93,EUR,Williams Group,Completed
FIN_0073645,2025-08-12,ACC_00066,Operations,Purchase,28533.81,SEK,Johnson Group,Completed
FIN_0194522,2022-07-29,ACC_00121,Human Resources,Payroll,29981.17,USD,"Hardy, Mccoy and Moore",Completed
FIN_0249595,2023-05-04,ACC_00355,Engineering,Payroll,16974.03,SEK,Parker Group,Completed
FIN_0332633,2023-04-01,ACC_00445,Sales,Purchase,43743.98,SEK,"Boyd, Price and Liu",Completed
FIN_0221159,2025-04-23,ACC_00255,Manufacturing,Payroll,25067.29,EUR,Morgan Group,Completed
FIN_0385678,2025-02-06,ACC_00001,Information Technology,Purchase,40176.82,INR,"Dixon, Curry and Hart",Completed
FIN_0402529,2021-08-24,ACC_00012,Sales,Revenue,2032.5,USD,"Cook, Waters and Pratt",Completed
FIN_0370521,2024-10-03,ACC_00361,Marketing,Purchase,18453.24,INR,Jones Inc,Completed
FIN_0488657,2023-04-26,ACC_00204,Marketing,Payroll,23906.89,USD,"Phillips, Beasley and Moore",Completed
FIN_0359740,2025-05-28,ACC_00441,Engineering,Revenue,52532.92,EUR,Lawrence PLC,Completed
FIN_0220907,2024-12-14,ACC_00036,Supply Chain,Purchase,46401.76,USD,Ingram PLC,Completed
FIN_0485897,2026-05-30,ACC_00156,Engineering,Purchase,29085.18,EUR,"Barnes, Le and Cox",Completed
FIN_0258733,2023-11-07,ACC_00399,Operations,Payroll,44977.81,INR,Sanders-Hawkins,Completed
FIN_0190807,2023-04-08,ACC_00145,Information Technology,Revenue,19136.2,USD,Evans-Phillips,Completed
FIN_0099317,2026-06-20,ACC_00238,Marketing,Purchase,44808.08,INR,"Campbell, Combs and Lozano",Completed
FIN_0231017,2024-07-31,ACC_00488,Marketing,Revenue,84800.02,INR,"Walker, Zuniga and Bean",Pending
FIN_0262910,2026-04-14,ACC_00110,Information Technology,Revenue,60763.66,EUR,Shaw Ltd,Completed
FIN_0178982,2024-10-15,ACC_00321,Sales,Revenue,83737.95,USD,"Christensen, Wright and Taylor",Completed
FIN_0336127,2026-04-14,ACC_00062,Human Resources,Revenue,44984.29,USD,UNKNOWN,Completed
FIN_0111860,2025-01-09,ACC_00489,Supply Chain,Revenue,39190.36,EUR,Rhodes Inc,Pending
FIN_0360486,2021-02-04,ACC_00460,Finance,Operating Expense,39665.3,EUR,Francis Inc,Completed
FIN_0490163,2022-04-08,ACC_00209,Finance,Revenue,18116.75,EUR,Manning-Martin,Completed
FIN_0370916,2023-10-24,ACC_00042,Human Resources,Revenue,92394.86,USD,Rodriguez Group,Completed
FIN_0181730,2024-07-16,ACC_00383,Engineering,Investment,23858.69,SEK,Garcia-Ellis,Completed
FIN_0389224,2024-11-15,ACC_00010,Operations,Operating Expense,22557.94,EUR,"Lang, Garcia and Nash",Completed
FIN_0356511,2024-02-18,ACC_00421,Marketing,Operating Expense,6037.04,INR,James-Pearson,Completed
FIN_0268795,2024-10-21,ACC_00457,Finance,Revenue,23179.69,SEK,Gonzalez-Hudson,Completed
FIN_0126332,2021-11-16,ACC_00190,Marketing,Operating Expense,12435.68,INR,"Sloan, Higgins and Harvey",Completed
FIN_0491623,2024-09-22,ACC_00339,Operations,Investment,15141.0,INR,Jimenez LLC,Completed
FIN_0149455,2023-03-08,ACC_00361,Human Resources,Payroll,26643.59,SEK,Hamilton and Sons,Completed
FIN_0440573,2022-11-14,ACC_00061,Information Technology,Revenue,11205.63,EUR,West Ltd,Completed
FIN_0334855,2024-09-07,ACC_00364,Finance,Revenue,95761.18,EUR,"Mcknight, Bell and Smith",Completed
FIN_0087226,2024-01-17,ACC_00141,Operations,Operating Expense,23021.54,SEK,Bush LLC,Completed
FIN_0413797,2024-02-10,ACC_00320,Supply Chain,Operating Expense,5665.1,INR,Perez-Lopez,Completed
FIN_0147944,2022-12-26,ACC_00010,Marketing,Revenue,95421.77,INR,"Chan, Richardson and Greer",Completed
FIN_0405047,2026-03-11,ACC_00079,Supply Chain,Operating Expense,39345.23,SEK,Mercer-Rogers,Completed
FIN_0340187,2021-07-20,ACC_00250,Human Resources,Operating Expense,17043.19,INR,Perez-Saunders,Completed
FIN_0042273,2025-07-13,ACC_00239,Operations,Revenue,43344.7,SEK,"Turner, Arnold and Andersen",Completed
FIN_0446926,2023-06-03,ACC_00380,Sales,Operating Expense,47148.04,SEK,Perez-Mcneil,Completed
FIN_0317281,2022-02-21,ACC_00165,Manufacturing,Revenue,80773.9,INR,"Donovan, Carey and Beard",Completed
FIN_0112456,2022-05-11,ACC_00483,Human Resources,Purchase,22443.28,EUR,"Boyd, Weber and Peterson",Completed
FIN_0348361,2022-06-25,ACC_00429,Engineering,Operating Expense,10812.49,USD,Espinoza-Walker,Completed
FIN_0198341,2022-08-26,ACC_00084,Marketing,Investment,46064.67,EUR,Smith and Sons,Completed
FIN_0426900,2023-09-23,ACC_00191,Finance,Purchase,6200.07,SEK,Bowman-Taylor,Completed
FIN_0410827,2025-06-19,ACC_00352,Sales,Purchase,11352.64,EUR,Nguyen Ltd,Completed
FIN_0173003,2026-06-22,ACC_00106,Manufacturing,Revenue,18902.68,INR,Oconnor Inc,Completed
FIN_0318134,2022-04-11,ACC_00346,Marketing,Revenue,83348.65,EUR,"Wilkerson, Peterson and Sandoval",Completed
FIN_0215286,2024-05-23,ACC_00089,Supply Chain,Operating Expense,42710.7,SEK,Johnston-Perez,Completed
FIN_0462094,2021-04-02,ACC_00177,Engineering,Revenue,92058.74,USD,Andrews Ltd,Completed
FIN_0296309,2022-05-05,ACC_00471,Supply Chain,Investment,30581.74,EUR,UNKNOWN,Completed
FIN_0391119,2024-01-16,ACC_00459,Human Resources,Revenue,13842.06,USD,"York, Edwards and Johnson",Completed
FIN_0019895,2025-01-24,ACC_00156,Human Resources,Purchase,31381.11,USD,"Mendoza, Bradford and Miranda",Completed
FIN_0267597,2021-12-22,ACC_00026,Finance,Investment,49945.13,EUR,"Kennedy, Carpenter and Buckley",Completed
FIN_0417981,2022-10-05,ACC_00368,Manufacturing,Payroll,35388.82,INR,Livingston LLC,Completed
FIN_0077015,2022-02-20,ACC_00342,Information Technology,Revenue,89605.41,USD,"Henry, Lewis and Duncan",Completed
FIN_0364875,2023-09-10,ACC_00053,Engineering,Operating Expense,1039.14,SEK,Thompson Group,Completed
FIN_0086472,2024-06-12,ACC_00363,Marketing,Purchase,33416.14,USD,Sweeney-Charles,Pending
FIN_0387459,2022-01-16,ACC_00442,Supply Chain,Purchase,8463.96,INR,Holden-Underwood,Completed
FIN_0227325,2021-06-12,ACC_00252,Engineering,Purchase,44841.87,SEK,Krueger-Taylor,Completed
FIN_0394779,2021-01-21,ACC_00483,Operations,Payroll,28137.23,EUR,White and Sons,Completed
FIN_0279398,2024-09-06,ACC_00293,Supply Chain,Purchase,1973.62,USD,Campbell Group,Pending
FIN_0044063,2024-12-24,ACC_00096,Marketing,Purchase,15850.74,USD,"Morales, Riley and Fitzpatrick",Completed
FIN_0446175,2021-08-06,ACC_00022,Engineering,Purchase,24271.63,EUR,Bishop LLC,Completed
FIN_0495210,2024-04-28,ACC_00416,Sales,Revenue,68035.65,EUR,UNKNOWN,Pending
FIN_0195915,2021-02-14,ACC_00427,Marketing,Operating Expense,27988.62,SEK,Villegas-Brown,Completed
FIN_0200645,2025-03-19,ACC_00462,Marketing,Investment,9144.12,USD,Thompson-Williams,Completed
FIN_0221295,2023-05-02,ACC_00168,Supply Chain,Operating Expense,671.35,INR,"Harris, Perry and Johnson",Completed
FIN_0040600,2023-10-02,ACC_00096,Marketing,Operating Expense,41035.22,USD,Mcclain and Sons,Completed
FIN_0296179,2025-12-28,ACC_00013,Human Resources,Purchase,29870.54,EUR,Sharp Ltd,Completed
FIN_0396661,2022-08-09,ACC_00192,Operations,Revenue,14805.06,SEK,Wiggins Ltd,Completed
FIN_0204173,2021-02-28,ACC_00131,Marketing,Operating Expense,37268.32,EUR,Bryant-Rubio,Completed
FIN_0213936,2021-05-23,ACC_00373,Supply Chain,Payroll,44594.77,EUR,Guzman-Hernandez,Completed
FIN_0093364,2021-01-16,ACC_00426,Human Resources,Operating Expense,15164.21,INR,Dixon PLC,Completed
FIN_0190249,2022-09-02,ACC_00491,Supply Chain,Purchase,16304.05,INR,"James, Roach and Mills",Completed
FIN_0436027,2024-12-23,ACC_00199,Supply Chain,Payroll,10463.65,INR,Bowen and Sons,Completed
FIN_0014300,2025-02-25,ACC_00258,Operations,Revenue,26122.12,SEK,Duncan LLC,Completed
FIN_0333093,2023-08-11,ACC_00318,Engineering,Payroll,38733.42,EUR,"Vargas, Michael and Bryan",Completed
FIN_0459802,2022-09-07,ACC_00277,Marketing,Revenue,44759.23,USD,Garcia-Gregory,Completed
FIN_0368423,2023-02-11,ACC_00304,Manufacturing,Payroll,16821.91,SEK,Donovan Ltd,Completed
FIN_0161553,2022-07-28,ACC_00171,Information Technology,Operating Expense,46360.53,EUR,"James, Lam and Owens",Completed
FIN_0036836,2024-11-22,ACC_00207,Finance,Revenue,6715.06,INR,Wood-Schwartz,Completed
FIN_0177001,2021-11-11,ACC_00426,Human Resources,Payroll,35071.46,USD,"Banks, Watkins and Chan",Completed
FIN_0475251,2021-06-09,ACC_00225,Engineering,Revenue,14696.37,INR,Arnold LLC,Completed
FIN_0360136,2024-03-08,ACC_00110,Engineering,Purchase,25165.85,USD,"Burke, Nelson and Jackson",Completed
FIN_0302772,2021-07-21,ACC_00301,Finance,Purchase,41717.64,EUR,"Butler, Ellis and Dickerson",Completed
FIN_0067895,2024-12-20,ACC_00005,Sales,Investment,30479.56,EUR,Smith-Rojas,Completed
FIN_0016313,2023-01-27,ACC_00251,Operations,Payroll,6523.0,EUR,Figueroa Group,Completed
FIN_0067518,2024-05-21,ACC_00420,Information Technology,Purchase,22463.5,SEK,Perry Ltd,Completed
FIN_0190574,2023-06-27,ACC_00305,Manufacturing,Revenue,69286.43,EUR,Klein-Smith,Completed
FIN_0088130,2026-04-08,ACC_00275,Information Technology,Operating Expense,29332.62,INR,"Rowe, Nelson and Johnson",Completed
FIN_0131875,2024-09-16,ACC_00125,Finance,Revenue,41363.16,SEK,Walker PLC,Completed
FIN_0000328,2024-09-23,ACC_00149,Marketing,Operating Expense,11762.23,EUR,Mccormick Ltd,Completed
FIN_0014855,2021-07-29,ACC_00006,Finance,Payroll,49426.41,INR,"Patton, May and Ibarra",Completed
FIN_0093215,2023-10-05,ACC_00193,Manufacturing,Purchase,36283.04,USD,Little-Escobar,Completed
FIN_0375831,2023-12-03,ACC_00001,Information Technology,Purchase,25443.41,SEK,Randall-Matthews,Completed
FIN_0191389,2026-06-02,ACC_00487,Human Resources,Operating Expense,25656.35,USD,Clayton Group,Completed
FIN_0301337,2022-02-22,ACC_00399,Finance,Purchase,28422.03,INR,"Jones, West and Pierce",Completed
FIN_0007758,2026-02-05,ACC_00141,Finance,Revenue,84824.94,INR,Arias-Thomas,Completed
FIN_0467747,2022-02-26,ACC_00404,Engineering,Purchase,10364.47,INR,Gonzalez-Blackburn,Completed
FIN_0201586,2023-01-30,ACC_00414,Engineering,Payroll,37557.6,EUR,"Berg, Johnson and Porter",Completed
FIN_0498594,2024-07-17,ACC_00172,Finance,Payroll,10164.89,SEK,"Mckay, Smith and Morris",Completed
FIN_0083147,2023-02-16,ACC_00251,Supply Chain,Purchase,15019.08,USD,"Ritter, Thomas and Barnes",Pending
FIN_0464491,2024-06-23,ACC_00072,Sales,Revenue,57375.51,USD,Acevedo-Taylor,Completed
FIN_0325572,2024-04-30,ACC_00364,Sales,Operating Expense,4249.19,INR,"Peterson, Jones and Salas",Completed
FIN_0027108,2024-10-25,ACC_00092,Engineering,Operating Expense,1575.24,EUR,Carpenter-Miller,Completed
FIN_0064390,2021-07-04,ACC_00469,Information Technology,Payroll,48776.91,INR,Wall LLC,Completed
FIN_0492611,2026-06-27,ACC_00165,Supply Chain,Operating Expense,37331.8,SEK,Gillespie PLC,Completed
FIN_0498424,2023-02-06,ACC_00279,Human Resources,Operating Expense,9947.12,EUR,Reed-Taylor,Completed
FIN_0453393,2023-12-19,ACC_00228,Operations,Revenue,35484.34,USD,Mitchell-Scott,Completed
FIN_0467080,2022-07-10,ACC_00491,Sales,Revenue,65370.79,INR,Green-Mercado,Completed
FIN_0046284,2025-07-08,ACC_00200,Finance,Revenue,57374.93,USD,"Hicks, Owen and Mendez",Completed
FIN_0077703,2021-11-12,ACC_00107,Supply Chain,Operating Expense,17491.31,INR,Davis and Sons,Completed
FIN_0069333,2024-09-23,ACC_00265,Operations,Operating Expense,40789.26,SEK,Rodriguez Inc,Completed
FIN_0277775,2022-05-22,ACC_00329,Operations,Payroll,45378.93,EUR,Garcia-Villanueva,Completed
FIN_0176256,2022-03-19,ACC_00386,Supply Chain,Revenue,4302.32,EUR,Bell-Hill,Completed
FIN_0247708,2024-03-23,ACC_00089,Marketing,Purchase,24664.46,INR,UNKNOWN,Completed
FIN_0427046,2026-06-14,ACC_00052,Engineering,Purchase,47915.73,SEK,Gates-Lynch,Completed
FIN_0305565,2025-06-30,ACC_00373,Human Resources,Revenue,69214.05,USD,"Hill, Moreno and Garcia",Completed
FIN_0111738,2022-05-24,ACC_00298,Supply Chain,Payroll,47546.32,EUR,Dodson and Sons,Completed
FIN_0279797,2022-08-29,ACC_00353,Operations,Revenue,49340.82,INR,"Walter, Warren and Humphrey",Completed
FIN_0304778,2024-10-08,ACC_00419,Human Resources,Operating Expense,5769.16,USD,Gonzalez and Sons,Completed
FIN_0397140,2024-01-30,ACC_00116,Engineering,Payroll,5991.17,USD,Macias-Young,Completed
FIN_0294258,2026-01-08,ACC_00069,Human Resources,Revenue,87550.69,EUR,Lopez Inc,Completed
FIN_0061965,2025-06-04,ACC_00087,Operations,Operating Expense,4067.96,EUR,"Smith, Alvarez and Cantu",Completed
FIN_0308272,2024-04-24,ACC_00364,Engineering,Operating Expense,35573.83,SEK,"King, Francis and Shea",Completed
FIN_0432947,2021-12-11,ACC_00497,Engineering,Revenue,74519.1,USD,UNKNOWN,Completed
FIN_0223327,2022-09-02,ACC_00448,Marketing,Revenue,90122.67,USD,"Gonzalez, Johnson and Cohen",Completed
FIN_0363978,2025-09-16,ACC_00439,Manufacturing,Payroll,34735.22,USD,Wright PLC,Completed
FIN_0393128,2025-07-23,ACC_00428,Operations,Purchase,6319.37,INR,Martin-Obrien,Completed
FIN_0098955,2024-07-18,ACC_00098,Information Technology,Purchase,25274.46,INR,Gomez LLC,Completed
FIN_0239564,2021-02-11,ACC_00230,Manufacturing,Revenue,62133.76,SEK,Bell-Hernandez,Completed
FIN_0243189,2024-03-21,ACC_00207,Marketing,Purchase,12595.0,EUR,"Anderson, Briggs and Cochran",Completed
FIN_0341432,2025-08-30,ACC_00204,Finance,Operating Expense,41920.83,INR,Lee LLC,Completed
FIN_0327505,2025-05-22,ACC_00380,Information Technology,Purchase,5908.58,INR,Ford PLC,Completed
FIN_0240464,2024-06-24,ACC_00371,Engineering,Operating Expense,33492.1,USD,Marsh and Sons,Completed
FIN_0242171,2022-12-22,ACC_00327,Sales,Payroll,29651.03,INR,"Galvan, Rocha and Fletcher",Completed
FIN_0436612,2021-02-24,ACC_00186,Information Technology,Purchase,18931.89,SEK,Morris-Diaz,Completed
FIN_0234881,2023-03-18,ACC_00258,Information Technology,Revenue,22847.13,EUR,"Smith, Frey and Smith",Completed
FIN_0417789,2024-02-23,ACC_00415,Supply Chain,Payroll,2199.94,EUR,Newton-Gibbs,Completed
FIN_0396565,2021-12-28,ACC_00236,Manufacturing,Revenue,46193.01,SEK,Peters Inc,Completed
FIN_0317785,2023-08-25,ACC_00102,Marketing,Purchase,38198.45,USD,"Wilcox, Garcia and Roberts",Completed
FIN_0086032,2023-04-15,ACC_00303,Engineering,Purchase,23937.66,EUR,"Dean, Bennett and White",Completed
FIN_0020773,2021-03-08,ACC_00307,Finance,Revenue,19189.17,SEK,Ross PLC,Completed
FIN_0226742,2022-04-02,ACC_00234,Operations,Revenue,57553.41,INR,"Knox, Brandt and Henderson",Completed
FIN_0316301,2021-12-17,ACC_00155,Operations,Revenue,59476.31,INR,Taylor Group,Completed
FIN_0293759,2021-12-25,ACC_00488,Finance,Revenue,5864.8,USD,Henry-Ruiz,Failed
FIN_0261029,2026-04-13,ACC_00089,Marketing,Investment,43704.98,INR,Callahan-Smith,Pending
FIN_0099958,2021-04-05,ACC_00240,Sales,Payroll,18531.19,SEK,Hall and Sons,Completed
FIN_0137524,2024-04-06,ACC_00380,Manufacturing,Operating Expense,44739.25,EUR,Jenkins-Lyons,Completed
FIN_0399176,2023-07-28,ACC_00374,Finance,Operating Expense,14226.73,EUR,Stone LLC,Completed
FIN_0494455,2026-03-23,ACC_00350,Engineering,Purchase,6130.59,INR,Ashley Inc,Completed
FIN_0379878,2021-10-03,ACC_00117,Engineering,Purchase,34592.32,SEK,UNKNOWN,Completed
FIN_0010445,2025-10-03,ACC_00064,Finance,Operating Expense,43706.6,SEK,Mcdowell Inc,Completed
FIN_0348578,2025-02-05,ACC_00163,Operations,Revenue,72490.11,SEK,Wilson-Garrett,Completed
FIN_0359627,2023-08-17,ACC_00459,Information Technology,Revenue,36294.71,SEK,"Leblanc, Vega and White",Pending
FIN_0153286,2023-10-09,ACC_00487,Sales,Revenue,74341.26,SEK,Perez-Scott,Completed
FIN_0056837,2022-12-06,ACC_00379,Supply Chain,Revenue,72345.93,USD,Strickland Inc,Completed
FIN_0014954,2025-12-26,ACC_00239,Operations,Payroll,10846.64,SEK,Mendoza PLC,Completed
FIN_0445650,2025-10-08,ACC_00042,Human Resources,Revenue,60778.36,EUR,Collins-Spears,Completed
FIN_0110991,2022-01-22,ACC_00221,Human Resources,Operating Expense,9656.02,EUR,Deleon-Thompson,Completed
FIN_0043303,2024-07-14,ACC_00382,Supply Chain,Revenue,71856.1,USD,Brady-Jones,Completed
FIN_0133911,2024-05-21,ACC_00013,Operations,Investment,22013.0,EUR,Johnson-Herrera,Pending
FIN_0103132,2021-03-02,ACC_00100,Finance,Revenue,1215.39,INR,Stewart Inc,Completed
FIN_0188244,2025-07-14,ACC_00165,Manufacturing,Payroll,17305.53,SEK,Rodriguez PLC,Completed
FIN_0114003,2022-08-18,ACC_00189,Human Resources,Revenue,17222.89,EUR,Reed-Raymond,Completed
FIN_0226427,2024-04-30,ACC_00309,Engineering,Revenue,58634.58,USD,Guzman-Owens,Completed
FIN_0225172,2022-12-29,ACC_00305,Information Technology,Revenue,37121.66,EUR,"Martin, Liu and Evans",Completed
FIN_0461427,2021-03-21,ACC_00071,Finance,Revenue,20781.97,INR,"Smith, Hardin and Baxter",Completed
FIN_0174405,2023-10-18,ACC_00031,Finance,Revenue,5482.77,INR,Meyers and Sons,Completed
FIN_0492536,2021-11-28,ACC_00432,Information Technology,Purchase,28681.76,SEK,"Oconnell, Ortiz and King",Completed
FIN_0371762,2026-04-28,ACC_00243,Human Resources,Operating Expense,32794.55,SEK,Sullivan-Jones,Completed
FIN_0411274,2024-09-05,ACC_00318,Information Technology,Purchase,10805.07,INR,Chavez-Perez,Completed
FIN_0009710,2026-04-23,ACC_00121,Human Resources,Investment,8672.1,USD,Robinson-Herman,Pending
FIN_0387786,2025-08-21,ACC_00459,Operations,Purchase,35778.11,INR,"Ruiz, Jones and Taylor",Completed
FIN_0349156,2023-08-31,ACC_00178,Human Resources,Purchase,24183.95,USD,Kelley and Sons,Completed
FIN_0307998,2021-06-12,ACC_00185,Information Technology,Payroll,39017.77,SEK,"Johnson, Wu and Rogers",Completed
FIN_0466860,2026-01-05,ACC_00357,Engineering,Purchase,19091.13,INR,Pratt Group,Pending
FIN_0038216,2025-04-25,ACC_00037,Finance,Revenue,75451.21,USD,"White, Cummings and Smith",Completed
FIN_0168740,2021-09-28,ACC_00175,Human Resources,Revenue,28055.28,INR,Campos-Cole,Completed
FIN_0102049,2021-09-09,ACC_00041,Manufacturing,Operating Expense,42084.27,INR,Mann-Pugh,Completed
FIN_0210602,2025-08-18,ACC_00085,Information Technology,Purchase,37527.75,USD,Robinson PLC,Completed
FIN_0007019,2022-05-05,ACC_00418,Supply Chain,Purchase,23322.17,INR,Walter Inc,Completed
FIN_0396710,2026-05-27,ACC_00016,Manufacturing,Operating Expense,2014.72,USD,Boyd Inc,Completed
FIN_0109610,2021-06-09,ACC_00130,Manufacturing,Revenue,85557.72,INR,Gardner-Smith,Completed
FIN_0011873,2023-01-31,ACC_00440,Operations,Operating Expense,41454.04,EUR,Benitez Ltd,Completed
FIN_0104069,2024-09-30,ACC_00187,Finance,Revenue,4859.22,USD,Merritt-Jones,Completed
FIN_0031399,2026-03-31,ACC_00175,Sales,Purchase,25180.13,USD,Garner LLC,Completed
FIN_0296674,2026-04-26,ACC_00120,Supply Chain,Revenue,54736.95,USD,"Rodriguez, Thomas and Johnson",Completed
FIN_0214399,2024-02-15,ACC_00041,Information Technology,Purchase,34142.53,USD,"Noble, Wright and Dickson",Completed
FIN_0407395,2021-02-13,ACC_00189,Marketing,Operating Expense,690.38,USD,Anderson-Nichols,Completed
FIN_0454625,2023-07-16,ACC_00236,Supply Chain,Purchase,24331.85,USD,"Cordova, Cox and Hampton",Completed
FIN_0269575,2023-04-26,ACC_00406,Finance,Purchase,31586.69,SEK,Craig and Sons,Completed
FIN_0110517,2023-04-11,ACC_00250,Engineering,Purchase,33872.74,INR,Pace PLC,Completed
FIN_0345675,2024-03-13,ACC_00282,Engineering,Revenue,5181.85,INR,"Garcia, Pearson and Lopez",Completed
FIN_0130841,2024-08-29,ACC_00407,Information Technology,Payroll,49969.13,USD,Robinson-Fleming,Completed
FIN_0261679,2022-12-09,ACC_00291,Human Resources,Revenue,10361.81,USD,Smith Inc,Completed
FIN_0151375,2025-05-26,ACC_00169,Engineering,Purchase,20872.53,USD,"Phillips, Shannon and York",Pending
FIN_0414710,2022-08-24,ACC_00500,Marketing,Revenue,58706.48,USD,"Mercer, Pearson and Ortiz",Completed
FIN_0075194,2025-02-28,ACC_00441,Finance,Revenue,47652.14,SEK,"Williams, Peterson and Cox",Completed
FIN_0149839,2025-05-31,ACC_00182,Human Resources,Purchase,35500.08,SEK,Stewart-Richard,Completed
FIN_0377580,2026-03-11,ACC_00380,Supply Chain,Purchase,15112.03,SEK,Burton-Jones,Pending
FIN_0265580,2023-03-29,ACC_00125,Human Resources,Purchase,39360.55,SEK,Macdonald LLC,Completed
FIN_0109944,2024-03-19,ACC_00142,Engineering,Payroll,4573.83,INR,"Jenkins, Brown and Schwartz",Completed
FIN_0191852,2021-02-06,ACC_00254,Operations,Payroll,3754.02,SEK,"Reyes, Green and Martinez",Completed
FIN_0211824,2021-02-10,ACC_00203,Marketing,Purchase,19715.21,EUR,Mcfarland-Wilson,Pending
FIN_0469879,2024-02-18,ACC_00011,Marketing,Purchase,26330.9,USD,"Medina, Aguirre and Washington",Pending
FIN_0423336,2022-10-03,ACC_00027,Supply Chain,Purchase,31316.95,EUR,Shea LLC,Failed
FIN_0394408,2025-08-16,ACC_00361,Human Resources,Revenue,40140.37,SEK,Ferrell Inc,Completed
FIN_0208037,2026-04-16,ACC_00452,Human Resources,Revenue,17391.69,EUR,"Chandler, Curry and Dixon",Completed
FIN_0472119,2021-10-20,ACC_00274,Manufacturing,Revenue,95506.73,USD,Nelson Group,Completed
FIN_0459881,2022-12-12,ACC_00305,Information Technology,Operating Expense,2172.87,USD,"Beasley, Wilson and Yang",Completed
FIN_0095019,2022-06-29,ACC_00282,Finance,Purchase,46072.39,USD,"Moran, Scott and Young",Completed
FIN_0191039,2021-03-19,ACC_00179,Sales,Purchase,19775.66,USD,Ruiz and Sons,Completed
FIN_0284655,2023-08-12,ACC_00095,Manufacturing,Revenue,43367.13,EUR,Page-Peterson,Completed
FIN_0460693,2026-03-04,ACC_00167,Human Resources,Purchase,44666.72,SEK,"Yates, Webb and Garcia",Completed
FIN_0114519,2022-08-12,ACC_00324,Marketing,Payroll,14925.25,SEK,Perez LLC,Completed
FIN_0310965,2025-06-20,ACC_00383,Sales,Purchase,34401.9,EUR,"Byrd, Edwards and Torres",Completed
FIN_0014257,2021-06-19,ACC_00003,Operations,Operating Expense,26515.18,INR,"Wright, Cook and Barnes",Completed
FIN_0482425,2022-11-03,ACC_00195,Operations,Operating Expense,45431.63,USD,Hughes Inc,Completed
FIN_0135410,2023-05-02,ACC_00370,Manufacturing,Payroll,12131.98,USD,Lopez-Stanley,Completed
FIN_0499789,2025-08-30,ACC_00494,Sales,Payroll,34241.22,EUR,Ellis Inc,Completed
FIN_0211566,2024-03-30,ACC_00110,Marketing,Purchase,7863.3,USD,Robertson Ltd,Completed
FIN_0479019,2021-05-20,ACC_00124,Information Technology,Operating Expense,27653.52,USD,"Davis, Lucas and Torres",Completed
FIN_0206068,2023-09-24,ACC_00321,Finance,Purchase,11281.68,INR,Crawford-Beck,Completed
FIN_0065095,2025-12-05,ACC_00017,Manufacturing,Purchase,21986.56,INR,Owens-Bennett,Completed
FIN_0461050,2022-01-13,ACC_00152,Operations,Operating Expense,38105.28,USD,"Wilson, Hopkins and Aguilar",Completed
FIN_0021668,2021-01-05,ACC_00495,Finance,Revenue,20225.09,SEK,Porter-Simpson,Completed
FIN_0328299,2024-09-22,ACC_00165,Sales,Revenue,54236.9,USD,Prince-Cook,Completed
FIN_0499177,2025-07-02,ACC_00070,Finance,Operating Expense,19806.03,USD,Payne Inc,Completed
FIN_0398483,2025-04-01,ACC_00021,Engineering,Revenue,47053.56,SEK,Neal-Parks,Completed
FIN_0137135,2021-01-22,ACC_00485,Operations,Purchase,44425.42,USD,Austin-Davis,Completed
FIN_0110905,2023-01-31,ACC_00450,Human Resources,Operating Expense,4223.46,USD,Nelson Inc,Completed
FIN_0084130,2023-12-01,ACC_00153,Information Technology,Revenue,93338.86,SEK,Sanchez-Hansen,Completed
FIN_0236955,2022-06-20,ACC_00483,Sales,Payroll,29936.42,INR,Jones PLC,Completed
FIN_0185668,2022-10-13,ACC_00202,Human Resources,Operating Expense,31380.25,EUR,Martinez-White,Completed
FIN_0155566,2022-09-07,ACC_00370,Marketing,Revenue,41914.46,USD,"Sparks, Vazquez and Miller",Completed
FIN_0154379,2022-01-14,ACC_00307,Marketing,Revenue,36124.09,EUR,"Rodriguez, Williams and Nelson",Pending
FIN_0351323,2022-04-19,ACC_00323,Sales,Revenue,26383.5,EUR,"Ford, Cole and Weber",Completed
FIN_0472538,2022-11-28,ACC_00298,Human Resources,Revenue,71602.76,USD,Yu-Carroll,Completed
FIN_0056201,2025-04-17,ACC_00489,Human Resources,Operating Expense,36893.11,USD,Gay Ltd,Completed
FIN_0121659,2021-04-05,ACC_00114,Marketing,Payroll,4560.97,INR,"Crawford, Meyer and Patterson",Completed
FIN_0254968,2021-09-05,ACC_00020,Manufacturing,Operating Expense,21839.49,USD,Adams-Escobar,Completed
FIN_0025286,2022-12-14,ACC_00279,Operations,Investment,25713.25,USD,Little-Hanna,Completed
FIN_0127567,2025-05-17,ACC_00466,Supply Chain,Investment,11158.21,USD,"Henry, Allen and Preston",Completed
FIN_0495514,2024-11-08,ACC_00392,Information Technology,Purchase,21863.39,USD,Reeves LLC,Completed
FIN_0381983,2025-07-23,ACC_00039,Supply Chain,Payroll,29045.74,EUR,"Sullivan, Carrillo and Murphy",Completed
FIN_0410779,2022-11-04,ACC_00482,Human Resources,Revenue,10941.19,USD,Jennings-Medina,Completed
FIN_0157290,2021-08-03,ACC_00373,Supply Chain,Revenue,95119.08,USD,"Roberson, Johnson and Manning",Completed
FIN_0350578,2024-02-08,ACC_00125,Human Resources,Payroll,10169.57,SEK,"Mooney, Moreno and Stanley",Completed
FIN_0258426,2022-01-14,ACC_00200,Manufacturing,Purchase,40214.01,INR,Luna-Ferrell,Completed
FIN_0201220,2022-09-18,ACC_00415,Finance,Revenue,38749.71,USD,UNKNOWN,Completed
FIN_0261655,2026-02-02,ACC_00248,Marketing,Operating Expense,10335.96,USD,Arnold-Bennett,Completed
FIN_0353864,2022-01-14,ACC_00187,Manufacturing,Revenue,57583.78,USD,"Flores, Herrera and Marshall",Completed
FIN_0427039,2023-03-26,ACC_00026,Operations,Payroll,27180.02,INR,Parker-Pearson,Completed
FIN_0081334,2025-05-11,ACC_00117,Manufacturing,Purchase,46349.42,EUR,Cowan-Ellis,Completed
FIN_0342767,2026-03-25,ACC_00239,Finance,Revenue,79872.86,SEK,Johnson-Taylor,Failed
FIN_0135072,2023-04-26,ACC_00023,Human Resources,Operating Expense,1642.2,SEK,Estrada Ltd,Completed
FIN_0331640,2023-06-01,ACC_00213,Information Technology,Purchase,33082.23,EUR,"Mata, Wang and Hayes",Completed
FIN_0119758,2026-03-16,ACC_00317,Human Resources,Purchase,3133.84,INR,Johnson Inc,Completed
FIN_0380205,2024-04-07,ACC_00049,Manufacturing,Revenue,52968.37,SEK,Ingram-Miranda,Completed
FIN_0161449,2024-07-23,ACC_00468,Information Technology,Investment,7565.43,INR,Anderson-Barton,Completed
FIN_0120280,2025-04-08,ACC_00056,Finance,Revenue,60934.39,EUR,Williams-Carroll,Completed
FIN_0464096,2022-09-10,ACC_00056,Marketing,Revenue,23998.53,EUR,"Bryant, Martinez and Estrada",Completed
FIN_0288541,2022-10-20,ACC_00494,Manufacturing,Revenue,15537.3,INR,Stewart-Maxwell,Completed
FIN_0398756,2023-05-16,ACC_00437,Finance,Operating Expense,1934.01,INR,UNKNOWN,Completed
FIN_0251669,2024-07-11,ACC_00252,Operations,Payroll,22598.26,USD,Simmons Group,Completed
FIN_0070514,2022-08-08,ACC_00074,Information Technology,Purchase,27501.6,USD,"Huffman, Rocha and Martin",Completed
FIN_0158257,2023-05-29,ACC_00339,Sales,Payroll,22584.06,SEK,Evans-Jackson,Failed
FIN_0288021,2021-09-06,ACC_00326,Supply Chain,Revenue,47031.84,USD,Herrera and Sons,Completed
FIN_0202639,2025-04-18,ACC_00049,Manufacturing,Payroll,32479.32,SEK,Bell and Sons,Completed
FIN_0226097,2021-07-25,ACC_00284,Operations,Revenue,68488.29,SEK,Brown Inc,Completed
FIN_0290932,2023-07-23,ACC_00249,Operations,Purchase,19999.93,USD,"Finley, Brown and Garza",Pending
FIN_0028306,2022-07-24,ACC_00078,Finance,Operating Expense,223.43,EUR,Thompson-Hanson,Pending
FIN_0152129,2023-12-16,ACC_00174,Operations,Revenue,17211.09,USD,"Chapman, Ward and Nguyen",Completed
FIN_0307388,2021-07-14,ACC_00311,Human Resources,Purchase,19775.75,INR,Williams-Joseph,Pending
FIN_0058062,2023-12-11,ACC_00319,Sales,Operating Expense,33734.69,SEK,"Richardson, Campbell and Gibbs",Completed
FIN_0161060,2021-09-21,ACC_00321,Sales,Operating Expense,22117.61,SEK,Clark and Sons,Completed
FIN_0191019,2022-11-17,ACC_00015,Manufacturing,Payroll,3561.93,USD,"Reilly, Hunt and Molina",Pending
FIN_0010121,2024-01-18,ACC_00101,Human Resources,Operating Expense,5619.87,USD,"Cherry, Thomas and Lee",Completed
FIN_0106185,2023-10-25,ACC_00426,Engineering,Revenue,29740.77,EUR,Miller LLC,Completed
FIN_0193015,2023-12-15,ACC_00390,Supply Chain,Payroll,37209.9,SEK,"Larsen, Mitchell and Wilson",Completed
FIN_0059316,2023-06-09,ACC_00284,Supply Chain,Payroll,27845.1,EUR,Perez PLC,Completed
FIN_0031881,2022-01-19,ACC_00232,Marketing,Operating Expense,26269.32,SEK,Banks-Miller,Completed
FIN_0392368,2022-02-23,ACC_00101,Manufacturing,Revenue,9670.92,INR,"Rodriguez, Moore and Williams",Completed
FIN_0318740,2023-01-21,ACC_00496,Information Technology,Operating Expense,40849.7,EUR,Guzman Group,Completed
FIN_0010417,2022-10-31,ACC_00402,Information Technology,Purchase,17819.48,USD,UNKNOWN,Completed
FIN_0129445,2023-12-21,ACC_00324,Engineering,Operating Expense,9157.88,INR,King-Jones,Completed
FIN_0056775,2026-03-14,ACC_00344,Marketing,Purchase,28738.27,USD,Mccullough-Waters,Completed
FIN_0024092,2025-09-29,ACC_00037,Human Resources,Revenue,88785.46,EUR,Martinez-White,Completed
FIN_0281014,2023-09-01,ACC_00036,Manufacturing,Payroll,9405.74,SEK,Little-Campbell,Completed
FIN_0205418,2021-01-10,ACC_00101,Operations,Payroll,1573.61,INR,Pace-Robinson,Completed
FIN_0198083,2022-05-05,ACC_00284,Information Technology,Revenue,15612.1,USD,Watkins-Le,Completed
FIN_0303066,2022-05-31,ACC_00448,Engineering,Purchase,22187.37,SEK,Santana-Bush,Completed
FIN_0236736,2026-03-07,ACC_00414,Sales,Revenue,8953.33,EUR,UNKNOWN,Completed
FIN_0072130,2021-01-16,ACC_00379,Marketing,Operating Expense,37096.93,INR,Johnson-Robinson,Completed
FIN_0009559,2022-09-03,ACC_00420,Engineering,Investment,41117.66,EUR,Wise-Hendricks,Completed
FIN_0172951,2022-01-24,ACC_00470,Engineering,Purchase,12284.94,EUR,Phillips-Wright,Completed
FIN_0298140,2022-09-26,ACC_00165,Supply Chain,Operating Expense,18715.01,EUR,"Miller, Norton and Jefferson",Completed
FIN_0091270,2022-03-21,ACC_00349,Human Resources,Revenue,77534.22,USD,Maldonado LLC,Completed
FIN_0302071,2026-02-04,ACC_00327,Finance,Purchase,5355.68,USD,Nelson-Clark,Completed
FIN_0350563,2025-07-30,ACC_00465,Manufacturing,Purchase,28121.53,USD,"Castillo, Smith and Beck",Completed
FIN_0023105,2025-12-12,ACC_00197,Marketing,Operating Expense,42169.77,USD,Young-Williams,Completed
FIN_0386955,2022-06-08,ACC_00325,Information Technology,Operating Expense,13566.73,SEK,"Marquez, Hoffman and Jackson",Pending
FIN_0144220,2024-04-02,ACC_00384,Manufacturing,Purchase,3116.38,USD,Rodriguez-Alvarado,Completed
FIN_0036333,2022-12-25,ACC_00264,Supply Chain,Operating Expense,19707.3,SEK,Sanders-Thompson,Completed
FIN_0336492,2021-02-05,ACC_00126,Sales,Revenue,77365.74,USD,Carson-Shields,Pending
FIN_0456718,2023-11-21,ACC_00083,Operations,Purchase,21199.9,EUR,UNKNOWN,Completed
FIN_0281147,2023-07-01,ACC_00055,Marketing,Operating Expense,24875.5,USD,Wilkerson-Hancock,Completed
FIN_0029113,2022-01-22,ACC_00481,Sales,Operating Expense,15095.35,USD,"Morris, Vargas and Jenkins",Completed
FIN_0335929,2026-05-03,ACC_00428,Marketing,Operating Expense,20761.37,USD,"Price, Stewart and Glass",Completed
FIN_0159196,2021-09-28,ACC_00416,Finance,Revenue,34116.17,EUR,Reese-Bennett,Completed
FIN_0211335,2022-06-17,ACC_00260,Information Technology,Investment,24938.32,SEK,"Grant, Brown and Harvey",Completed
FIN_0475017,2021-07-31,ACC_00269,Engineering,Operating Expense,44271.22,SEK,"Whitehead, Allen and Rodriguez",Completed
FIN_0294153,2023-09-03,ACC_00373,Supply Chain,Revenue,4063.66,USD,Huff-Maxwell,Completed
FIN_0497297,2024-06-26,ACC_00391,Information Technology,Purchase,23518.43,EUR,Noble and Sons,Completed
FIN_0002223,2022-09-01,ACC_00498,Manufacturing,Revenue,96185.84,SEK,Phillips LLC,Completed
FIN_0106258,2021-11-03,ACC_00396,Finance,Purchase,4495.8,EUR,Davis-Johnson,Completed
FIN_0464156,2025-12-30,ACC_00029,Manufacturing,Purchase,14677.23,SEK,"Stewart, Roach and Santiago",Completed
FIN_0396020,2026-06-02,ACC_00082,Finance,Purchase,40931.05,USD,Allison-Hogan,Completed
FIN_0271080,2024-02-05,ACC_00302,Human Resources,Operating Expense,12204.36,USD,"Jones, Butler and Taylor",Completed
FIN_0198826,2022-09-30,ACC_00297,Supply Chain,Revenue,72238.03,USD,Cooley-Hardy,Completed
FIN_0055490,2023-05-09,ACC_00253,Supply Chain,Revenue,57209.18,SEK,Lopez-Jones,Completed
FIN_0447020,2021-06-27,ACC_00463,Manufacturing,Purchase,33398.21,INR,Espinoza-Hogan,Completed
FIN_0196184,2025-01-12,ACC_00115,Sales,Purchase,46975.72,EUR,"White, Wang and Patel",Completed
FIN_0275041,2021-09-30,ACC_00069,Marketing,Revenue,64828.69,SEK,Davis-Watkins,Completed
FIN_0185922,2025-08-11,ACC_00404,Information Technology,Purchase,29110.88,SEK,"Wells, Martin and Gallagher",Completed
FIN_0354165,2024-06-02,ACC_00082,Engineering,Payroll,24466.47,EUR,Martin-Collins,Completed
FIN_0456960,2021-12-25,ACC_00193,Human Resources,Revenue,45722.29,INR,Esparza-Ray,Completed
FIN_0215126,2024-01-15,ACC_00049,Manufacturing,Revenue,74158.27,INR,Robinson Inc,Completed
FIN_0052059,2025-08-29,ACC_00428,Engineering,Revenue,8273.65,SEK,Torres PLC,Completed
FIN_0224735,2023-02-01,ACC_00392,Operations,Operating Expense,7595.24,INR,Cameron PLC,Pending
FIN_0124598,2025-10-01,ACC_00009,Manufacturing,Revenue,76468.15,INR,Neal-Lawrence,Completed
FIN_0476358,2025-01-08,ACC_00105,Information Technology,Purchase,8979.46,SEK,Peck-Rodriguez,Completed
FIN_0414014,2026-01-27,ACC_00343,Information Technology,Revenue,41151.24,EUR,Turner LLC,Completed
FIN_0416939,2022-08-17,ACC_00022,Manufacturing,Payroll,48764.23,INR,Stewart-Hensley,Completed
FIN_0051626,2025-12-01,ACC_00246,Information Technology,Purchase,10380.55,INR,"Morris, Martinez and Perkins",Completed
FIN_0356851,2021-03-31,ACC_00044,Finance,Revenue,83323.54,EUR,Robbins-Ward,Completed
FIN_0349711,2024-08-26,ACC_00127,Marketing,Revenue,72461.05,INR,"Oneal, Bright and Harris",Completed
FIN_0077828,2024-07-06,ACC_00088,Marketing,Revenue,14471.67,SEK,Martin and Sons,Completed
FIN_0454266,2023-01-28,ACC_00375,Information Technology,Investment,25008.26,INR,"Miller, Baird and Garcia",Completed
FIN_0305009,2025-08-07,ACC_00492,Engineering,Revenue,702.43,SEK,Martinez Ltd,Completed
FIN_0358794,2023-08-11,ACC_00014,Information Technology,Revenue,89931.7,SEK,Rivera-Decker,Completed
FIN_0165511,2024-05-17,ACC_00456,Information Technology,Operating Expense,17841.43,USD,Rodriguez-Brown,Completed
FIN_0309185,2021-09-11,ACC_00294,Supply Chain,Payroll,24737.52,EUR,UNKNOWN,Completed
FIN_0003116,2026-05-31,ACC_00103,Engineering,Purchase,25591.53,SEK,"Alvarez, Edwards and Aguirre",Completed
FIN_0202156,2025-07-22,ACC_00427,Sales,Purchase,45625.57,INR,Goodwin Ltd,Completed
FIN_0104595,2022-12-16,ACC_00046,Human Resources,Operating Expense,28191.84,EUR,UNKNOWN,Completed
FIN_0312458,2023-10-17,ACC_00031,Finance,Operating Expense,6019.62,EUR,Jones PLC,Completed
FIN_0437648,2022-11-10,ACC_00252,Engineering,Payroll,24193.73,USD,"King, Combs and Morales",Pending
FIN_0282447,2022-05-31,ACC_00492,Human Resources,Investment,15319.85,EUR,UNKNOWN,Completed
FIN_0314102,2026-01-01,ACC_00457,Sales,Payroll,8316.84,INR,Obrien and Sons,Pending
FIN_0015757,2021-05-01,ACC_00254,Operations,Revenue,87777.33,EUR,"White, Mcdonald and Williams",Completed
FIN_0484590,2025-04-04,ACC_00198,Finance,Revenue,99652.75,EUR,Nguyen Inc,Completed
FIN_0097038,2026-03-22,ACC_00436,Sales,Purchase,47982.75,INR,Shaw-Taylor,Completed
FIN_0148622,2025-10-31,ACC_00273,Human Resources,Revenue,51736.12,SEK,Davis-Holmes,Completed
FIN_0382842,2024-07-11,ACC_00357,Sales,Revenue,48518.89,EUR,"Simmons, Thomas and Pope",Completed
FIN_0174343,2024-07-02,ACC_00169,Supply Chain,Purchase,14913.03,INR,Hill Inc,Failed
FIN_0175253,2021-11-26,ACC_00435,Manufacturing,Purchase,3249.4,SEK,"Mcclure, Gonzalez and Dunlap",Completed
FIN_0314171,2022-05-23,ACC_00021,Information Technology,Purchase,28975.18,SEK,Jones and Sons,Completed
FIN_0083713,2022-09-03,ACC_00204,Sales,Payroll,23797.59,EUR,Higgins-Dillon,Pending
FIN_0375366,2022-09-04,ACC_00143,Manufacturing,Purchase,29814.62,SEK,"Wagner, Owen and Thompson",Completed
FIN_0159848,2024-08-13,ACC_00219,Marketing,Payroll,284.74,INR,UNKNOWN,Completed
FIN_0426216,2022-01-22,ACC_00016,Operations,Revenue,71354.46,USD,Heath-Reid,Completed
FIN_0330998,2021-11-10,ACC_00114,Manufacturing,Revenue,56878.1,SEK,Abbott and Sons,Pending
FIN_0427062,2025-05-15,ACC_00480,Manufacturing,Revenue,96905.99,EUR,Snow Inc,Completed
FIN_0149753,2025-05-22,ACC_00189,Finance,Revenue,25716.64,USD,"Knight, Butler and Strickland",Completed
FIN_0450297,2025-06-05,ACC_00447,Engineering,Revenue,68461.9,EUR,"Adams, Burnett and Reyes",Completed
FIN_0477908,2025-05-30,ACC_00085,Finance,Operating Expense,489.3,SEK,Martinez-Patterson,Completed
FIN_0234397,2022-09-18,ACC_00056,Marketing,Purchase,47082.77,USD,Long-Johnson,Completed
FIN_0110871,2022-07-02,ACC_00489,Engineering,Purchase,29595.61,SEK,Grimes Group,Completed
FIN_0384444,2021-07-04,ACC_00179,Human Resources,Payroll,30548.5,EUR,Blake-Guzman,Completed
FIN_0395418,2024-01-20,ACC_00444,Operations,Payroll,22684.3,INR,"Young, Ruiz and Calderon",Completed
FIN_0182389,2021-10-10,ACC_00498,Supply Chain,Operating Expense,39691.75,INR,Morris and Sons,Completed
FIN_0243377,2022-10-22,ACC_00209,Supply Chain,Purchase,9965.62,INR,UNKNOWN,Completed
FIN_0372144,2025-09-12,ACC_00201,Finance,Payroll,1588.59,USD,Rich and Sons,Completed
FIN_0170875,2023-04-03,ACC_00234,Supply Chain,Purchase,5050.02,USD,Thompson-Ware,Completed
FIN_0499608,2026-02-26,ACC_00103,Finance,Operating Expense,5634.77,EUR,UNKNOWN,Pending
FIN_0328617,2023-09-03,ACC_00452,Supply Chain,Revenue,36836.73,SEK,"Howard, Prince and Chang",Completed
FIN_0352569,2021-08-11,ACC_00188,Manufacturing,Purchase,1684.4,EUR,Guerra-Kim,Completed
FIN_0363425,2025-08-24,ACC_00196,Supply Chain,Revenue,3998.9,SEK,"Cole, King and Chambers",Pending
FIN_0195720,2024-05-06,ACC_00215,Human Resources,Revenue,9323.66,SEK,UNKNOWN,Completed
FIN_0418874,2021-01-06,ACC_00378,Engineering,Purchase,3616.97,EUR,Hines and Sons,Completed
FIN_0154694,2021-01-20,ACC_00274,Marketing,Revenue,37209.79,USD,Dalton-Johnson,Completed
FIN_0370860,2025-07-11,ACC_00288,Manufacturing,Operating Expense,18202.85,EUR,"Riley, Edwards and Weber",Completed
FIN_0278132,2021-01-29,ACC_00430,Marketing,Purchase,26315.53,EUR,"Clark, Romero and Jenkins",Completed
FIN_0282181,2021-02-10,ACC_00428,Operations,Operating Expense,27022.66,INR,"Smith, Mitchell and Rivera",Pending
FIN_0067503,2026-02-28,ACC_00352,Sales,Revenue,30368.96,SEK,"Schmidt, Rodriguez and Castillo",Completed
FIN_0159170,2024-07-03,ACC_00480,Supply Chain,Investment,48042.14,SEK,"Brooks, Richardson and Johnson",Completed
FIN_0418540,2022-10-08,ACC_00317,Operations,Investment,12844.05,EUR,Graves LLC,Pending
FIN_0083045,2025-06-02,ACC_00260,Supply Chain,Operating Expense,28949.65,USD,Ballard-Bowman,Completed
FIN_0481224,2022-12-23,ACC_00190,Manufacturing,Purchase,46307.39,SEK,Odonnell-Arnold,Completed
FIN_0176778,2023-10-12,ACC_00315,Finance,Purchase,23074.92,EUR,Guzman-Davis,Completed
FIN_0038907,2026-05-06,ACC_00426,Human Resources,Purchase,25077.21,INR,Calderon-Martinez,Completed
FIN_0012902,2025-04-30,ACC_00103,Supply Chain,Revenue,87673.39,EUR,"King, Massey and Morton",Completed
FIN_0481900,2021-01-14,ACC_00070,Engineering,Operating Expense,18498.01,INR,Morris-Clark,Completed
FIN_0109226,2024-11-14,ACC_00035,Marketing,Operating Expense,26759.33,SEK,UNKNOWN,Completed
FIN_0197933,2026-04-26,ACC_00061,Finance,Revenue,69435.06,SEK,Evans-Owen,Pending
FIN_0085957,2026-03-05,ACC_00323,Finance,Purchase,15534.28,EUR,Estrada PLC,Completed
FIN_0344713,2021-06-29,ACC_00470,Operations,Operating Expense,31192.25,INR,"Patterson, Jackson and Reed",Completed
FIN_0405111,2025-04-15,ACC_00105,Engineering,Operating Expense,14399.26,EUR,"Mcdonald, Stout and Wells",Completed
FIN_0129188,2021-12-20,ACC_00046,Human Resources,Purchase,14311.33,USD,Strong-Johnson,Completed
FIN_0100582,2023-09-23,ACC_00446,Information Technology,Purchase,29585.85,EUR,Marsh-Christian,Completed
FIN_0427441,2021-04-24,ACC_00408,Information Technology,Operating Expense,31659.67,INR,Mann-Cooper,Completed
FIN_0428103,2022-02-19,ACC_00041,Engineering,Purchase,11648.15,SEK,Strickland-Miller,Completed
FIN_0336702,2022-05-17,ACC_00068,Marketing,Purchase,18049.57,INR,"Lane, Anderson and Russell",Completed
FIN_0394448,2024-03-06,ACC_00460,Manufacturing,Revenue,51064.3,USD,"Durham, Howard and Hughes",Completed
FIN_0080944,2023-11-22,ACC_00004,Marketing,Operating Expense,20740.91,INR,Robinson and Sons,Pending
FIN_0228590,2025-11-03,ACC_00345,Sales,Purchase,20815.7,EUR,"Murillo, Murillo and Hull",Completed
FIN_0220338,2022-10-28,ACC_00146,Operations,Purchase,3782.73,INR,UNKNOWN,Completed
FIN_0132869,2022-02-04,ACC_00417,Marketing,Purchase,10228.8,SEK,Gray Group,Completed
FIN_0007494,2025-02-19,ACC_00246,Human Resources,Revenue,4001.92,SEK,Porter Inc,Completed
FIN_0481155,2025-06-07,ACC_00456,Marketing,Purchase,19954.22,EUR,Stevens Group,Completed
FIN_0072393,2021-09-06,ACC_00121,Finance,Revenue,92788.44,SEK,"Brown, Thomas and Garcia",Completed
FIN_0103073,2024-04-06,ACC_00236,Supply Chain,Revenue,54565.07,SEK,Vasquez Group,Completed
FIN_0015992,2024-08-24,ACC_00440,Manufacturing,Revenue,56985.69,USD,"Knox, Hernandez and Mcneil",Completed
FIN_0484287,2023-10-20,ACC_00238,Engineering,Purchase,26401.56,SEK,"Knight, Henderson and Hamilton",Completed
FIN_0030645,2021-03-08,ACC_00353,Supply Chain,Revenue,93299.73,EUR,"Clayton, Benson and Clark",Completed
FIN_0235993,2022-04-12,ACC_00176,Finance,Purchase,359.37,USD,Edwards and Sons,Failed
FIN_0418379,2023-01-06,ACC_00497,Finance,Payroll,22343.36,INR,"Bell, Gutierrez and Young",Completed
FIN_0325546,2026-06-01,ACC_00178,Finance,Purchase,13040.06,INR,"Norris, Jones and White",Completed
FIN_0020977,2023-05-27,ACC_00153,Finance,Revenue,90716.04,INR,Scott-Jones,Completed
FIN_0333810,2023-09-02,ACC_00074,Engineering,Purchase,48697.05,INR,"Jacobs, Summers and Garner",Completed
FIN_0053340,2024-01-08,ACC_00138,Information Technology,Investment,13466.94,USD,Clay Ltd,Completed
FIN_0065333,2022-10-22,ACC_00407,Manufacturing,Investment,9314.11,EUR,"Schmidt, Smith and Rhodes",Completed
FIN_0041545,2023-06-01,ACC_00332,Human Resources,Operating Expense,6083.48,EUR,Smith Ltd,Completed
FIN_0163046,2025-11-03,ACC_00084,Sales,Payroll,42951.87,EUR,Wilson PLC,Completed
FIN_0121769,2024-08-02,ACC_00185,Human Resources,Purchase,7503.77,EUR,Bush Group,Completed
FIN_0404319,2023-01-25,ACC_00233,Operations,Operating Expense,27703.48,SEK,Martin-Bowman,Completed
FIN_0227701,2021-10-01,ACC_00150,Information Technology,Operating Expense,14117.02,EUR,"Miller, Adams and Flowers",Completed
FIN_0221312,2023-06-25,ACC_00263,Engineering,Payroll,35657.55,EUR,"Smith, Fletcher and Perez",Completed
FIN_0227522,2024-12-13,ACC_00258,Engineering,Purchase,48619.16,INR,Gregory Group,Completed
FIN_0054240,2022-04-27,ACC_00316,Operations,Operating Expense,2998.03,INR,"Johnson, Cole and Jackson",Completed
FIN_0348464,2021-01-28,ACC_00180,Marketing,Revenue,39052.3,USD,Wagner Ltd,Completed
FIN_0388101,2023-03-21,ACC_00230,Information Technology,Operating Expense,22625.17,SEK,James-Ryan,Completed
FIN_0358782,2021-01-10,ACC_00373,Manufacturing,Payroll,14387.74,EUR,"Peterson, Martin and Howe",Completed
FIN_0162310,2021-02-22,ACC_00131,Marketing,Purchase,32144.25,USD,Dunn and Sons,Completed
FIN_0077709,2022-12-10,ACC_00074,Manufacturing,Revenue,20014.24,SEK,UNKNOWN,Completed
FIN_0401373,2025-11-12,ACC_00466,Finance,Revenue,32750.03,SEK,Lawrence Inc,Completed
FIN_0472012,2025-11-02,ACC_00447,Operations,Purchase,25087.57,INR,Smith and Sons,Completed
FIN_0061651,2025-09-02,ACC_00031,Supply Chain,Operating Expense,33464.43,USD,Kent-Olson,Completed
FIN_0311231,2021-08-28,ACC_00267,Engineering,Revenue,44548.95,INR,Price and Sons,Completed
FIN_0479738,2024-02-29,ACC_00444,Operations,Payroll,13251.79,EUR,Rivera LLC,Completed
FIN_0037947,2025-12-02,ACC_00243,Marketing,Payroll,4696.17,SEK,Burton-Ayers,Pending
FIN_0463700,2024-02-04,ACC_00060,Operations,Operating Expense,32502.25,EUR,Garcia Inc,Completed
FIN_0254188,2023-11-03,ACC_00242,Sales,Purchase,18634.47,INR,Cooper Group,Completed
FIN_0139939,2024-04-22,ACC_00193,Finance,Operating Expense,34404.51,INR,Santos and Sons,Completed
FIN_0206312,2025-04-04,ACC_00028,Marketing,Payroll,41431.3,EUR,Irwin-Flores,Completed
FIN_0016153,2023-11-07,ACC_00180,Information Technology,Operating Expense,22522.71,SEK,UNKNOWN,Completed
FIN_0311732,2022-08-01,ACC_00144,Information Technology,Purchase,14842.91,EUR,Roth-English,Completed
FIN_0388787,2023-09-16,ACC_00022,Finance,Revenue,38844.84,USD,Robinson-Burns,Completed
FIN_0369358,2021-06-29,ACC_00128,Engineering,Payroll,36382.02,SEK,Brown-Koch,Completed
FIN_0452200,2022-07-05,ACC_00290,Supply Chain,Revenue,39221.26,SEK,"Malone, York and Graham",Completed
FIN_0267036,2021-01-12,ACC_00065,Engineering,Revenue,96528.25,USD,Watson-Roberts,Completed
FIN_0498445,2024-08-05,ACC_00445,Engineering,Operating Expense,19396.01,EUR,"Dickerson, Clark and Vasquez",Completed
FIN_0127242,2024-09-19,ACC_00494,Manufacturing,Operating Expense,41061.45,EUR,"Lawrence, Long and Harrison",Completed
FIN_0083846,2026-03-15,ACC_00359,Marketing,Revenue,92291.91,USD,"Ferguson, Bates and Bradshaw",Completed
FIN_0233711,2024-11-30,ACC_00119,Engineering,Operating Expense,49840.29,INR,Carlson-Benton,Completed
FIN_0044231,2021-01-11,ACC_00017,Marketing,Purchase,19045.49,EUR,UNKNOWN,Completed
FIN_0455734,2026-06-19,ACC_00036,Information Technology,Operating Expense,20971.06,SEK,"Snyder, Hurley and Hodges",Completed
FIN_0086273,2021-05-06,ACC_00410,Finance,Revenue,43111.28,INR,"French, Sutton and Martinez",Pending
FIN_0261570,2023-09-05,ACC_00483,Finance,Operating Expense,19469.56,EUR,"Price, Sweeney and Morgan",Pending
FIN_0138917,2024-12-30,ACC_00254,Information Technology,Payroll,36615.39,INR,UNKNOWN,Completed
FIN_0032904,2023-09-01,ACC_00490,Engineering,Investment,46417.44,EUR,UNKNOWN,Completed
FIN_0295282,2026-05-27,ACC_00260,Human Resources,Revenue,96815.39,EUR,Brown Ltd,Completed
FIN_0272588,2022-02-17,ACC_00094,Manufacturing,Revenue,37223.27,USD,Kramer-Adams,Completed
FIN_0314581,2023-04-27,ACC_00411,Sales,Revenue,37240.68,USD,Randall-Hicks,Completed
FIN_0097208,2025-05-14,ACC_00229,Sales,Revenue,36553.94,SEK,Underwood Group,Completed
FIN_0314827,2021-04-07,ACC_00026,Human Resources,Revenue,31965.19,USD,Vazquez Ltd,Completed
FIN_0098901,2026-01-20,ACC_00439,Manufacturing,Revenue,62415.48,SEK,Hill Group,Completed
FIN_0216717,2021-12-24,ACC_00371,Sales,Operating Expense,38648.16,EUR,Bradford LLC,Completed
FIN_0235714,2021-12-11,ACC_00395,Supply Chain,Revenue,53683.48,SEK,"Ford, Martinez and Scott",Completed
FIN_0276047,2025-07-02,ACC_00058,Finance,Payroll,23295.94,EUR,Shea Ltd,Completed
FIN_0026228,2022-01-17,ACC_00268,Human Resources,Operating Expense,28108.25,INR,Wright LLC,Pending
FIN_0062366,2023-10-31,ACC_00417,Information Technology,Revenue,59181.71,SEK,UNKNOWN,Completed
FIN_0129497,2025-08-13,ACC_00289,Manufacturing,Purchase,11497.15,USD,"Perez, Carter and Woodard",Completed
FIN_0376965,2022-01-25,ACC_00115,Manufacturing,Revenue,22714.28,EUR,Huber-Walls,Failed
FIN_0251375,2021-05-08,ACC_00058,Finance,Purchase,34296.44,INR,Duarte Inc,Pending
FIN_0406414,2021-12-01,ACC_00146,Engineering,Revenue,79106.36,USD,"Villanueva, Turner and Scott",Completed
FIN_0206134,2025-07-16,ACC_00477,Engineering,Revenue,93872.48,SEK,"Peterson, Sanders and Jones",Completed
FIN_0144431,2023-11-08,ACC_00034,Finance,Operating Expense,31882.11,SEK,Santos Ltd,Completed
FIN_0201018,2021-05-13,ACC_00413,Manufacturing,Operating Expense,30760.31,INR,"Elliott, Perez and Curtis",Completed
FIN_0213403,2021-01-30,ACC_00400,Marketing,Revenue,29812.65,USD,Sullivan PLC,Completed
FIN_0258749,2024-07-27,ACC_00073,Marketing,Revenue,76570.34,USD,Jones Ltd,Completed
FIN_0460694,2022-09-21,ACC_00297,Human Resources,Payroll,5022.96,EUR,Miller and Sons,Completed
FIN_0270010,2024-03-09,ACC_00029,Marketing,Purchase,40141.85,SEK,"King, Johnson and Martinez",Completed
FIN_0014743,2023-08-06,ACC_00303,Engineering,Investment,24313.16,EUR,Rodriguez-Anderson,Completed
FIN_0257852,2021-02-19,ACC_00448,Finance,Payroll,599.19,EUR,Williams-Wise,Pending
FIN_0344120,2021-02-14,ACC_00245,Marketing,Revenue,77120.87,EUR,Ball-Bailey,Completed
FIN_0222481,2024-08-23,ACC_00219,Manufacturing,Investment,48230.59,SEK,Barr-Wright,Completed
FIN_0098070,2024-06-20,ACC_00490,Operations,Purchase,46230.51,INR,Washington-Ferrell,Completed
FIN_0184071,2026-01-25,ACC_00208,Information Technology,Revenue,77125.78,INR,Banks LLC,Completed
FIN_0064672,2022-12-09,ACC_00173,Supply Chain,Purchase,46172.61,USD,UNKNOWN,Completed
FIN_0396929,2025-01-23,ACC_00213,Human Resources,Investment,29494.37,SEK,Burns and Sons,Completed
FIN_0439656,2022-05-26,ACC_00117,Human Resources,Revenue,21852.98,EUR,Taylor Inc,Completed
FIN_0470046,2021-05-14,ACC_00482,Engineering,Purchase,47815.34,INR,Perry-Martin,Completed
FIN_0322532,2024-02-28,ACC_00445,Human Resources,Revenue,2658.54,USD,Norman Inc,Completed
FIN_0387591,2025-05-02,ACC_00141,Information Technology,Purchase,33913.57,EUR,"Austin, Smith and Keith",Completed
FIN_0423342,2023-07-10,ACC_00360,Sales,Revenue,63794.88,USD,"Gutierrez, Wright and Sandoval",Completed
FIN_0280134,2025-11-10,ACC_00337,Human Resources,Revenue,40257.51,SEK,UNKNOWN,Completed
FIN_0299024,2023-12-31,ACC_00425,Human Resources,Revenue,97744.39,SEK,Thomas PLC,Completed
FIN_0046836,2026-06-03,ACC_00191,Operations,Purchase,26422.51,INR,Brown LLC,Completed
FIN_0219917,2025-07-18,ACC_00070,Sales,Purchase,28613.05,USD,Vargas Group,Completed
FIN_0076543,2021-08-13,ACC_00040,Manufacturing,Operating Expense,8791.03,USD,Baldwin Ltd,Completed
FIN_0453480,2025-11-10,ACC_00297,Information Technology,Revenue,3404.52,SEK,Moore-Owens,Completed
FIN_0018872,2025-03-22,ACC_00124,Supply Chain,Purchase,41968.4,EUR,Gonzalez LLC,Completed
FIN_0278536,2021-11-24,ACC_00223,Supply Chain,Operating Expense,11851.52,USD,Smith LLC,Completed
FIN_0184073,2025-04-26,ACC_00320,Supply Chain,Revenue,69170.57,USD,Thomas Ltd,Completed
FIN_0248576,2026-04-13,ACC_00093,Marketing,Operating Expense,19558.84,USD,Golden-Long,Completed
FIN_0167962,2023-06-24,ACC_00265,Supply Chain,Investment,24834.67,EUR,Schwartz Group,Completed
FIN_0256051,2024-03-08,ACC_00212,Human Resources,Revenue,28058.46,INR,Smith LLC,Completed
FIN_0440305,2022-11-05,ACC_00187,Marketing,Revenue,37779.13,USD,Ramirez and Sons,Completed
FIN_0138273,2021-07-31,ACC_00051,Engineering,Revenue,62076.23,EUR,Li-Johnson,Completed
FIN_0146648,2022-06-12,ACC_00328,Manufacturing,Operating Expense,1646.69,USD,Harding-Jones,Completed
FIN_0484323,2025-06-04,ACC_00343,Human Resources,Payroll,9160.0,SEK,Price and Sons,Completed
FIN_0015567,2022-05-21,ACC_00185,Engineering,Revenue,58869.01,USD,"Miller, Murillo and Hughes",Completed
FIN_0481100,2022-07-05,ACC_00481,Human Resources,Purchase,44499.15,INR,Maynard-Schultz,Completed
FIN_0160118,2023-08-17,ACC_00497,Operations,Revenue,80531.27,INR,"Phelps, Ward and Martin",Completed
FIN_0422548,2025-02-06,ACC_00132,Information Technology,Operating Expense,23098.71,USD,"Giles, Roy and Marks",Completed
FIN_0460374,2023-09-04,ACC_00241,Engineering,Purchase,6418.4,INR,Carter-Wright,Completed
FIN_0292853,2023-11-08,ACC_00242,Sales,Revenue,27550.63,INR,"Johnson, Phillips and Lopez",Completed
FIN_0020797,2022-06-19,ACC_00420,Sales,Revenue,65726.81,SEK,UNKNOWN,Pending
FIN_0387470,2022-01-31,ACC_00384,Manufacturing,Operating Expense,6249.56,SEK,UNKNOWN,Completed
FIN_0081110,2024-06-09,ACC_00336,Finance,Purchase,49259.66,INR,Gibson-Martinez,Completed
FIN_0027519,2021-10-23,ACC_00375,Human Resources,Revenue,47449.24,SEK,UNKNOWN,Completed
FIN_0030236,2022-04-04,ACC_00478,Human Resources,Revenue,85000.8,SEK,"Mcknight, Lopez and Sutton",Completed
FIN_0272372,2026-02-04,ACC_00474,Engineering,Purchase,14620.35,INR,"Burns, Long and Baker",Completed
FIN_0086802,2021-10-18,ACC_00354,Engineering,Revenue,28975.28,EUR,Larson-Jimenez,Completed
FIN_0413951,2021-01-21,ACC_00492,Finance,Revenue,7309.46,INR,Scott and Sons,Completed
FIN_0073185,2024-03-06,ACC_00347,Operations,Operating Expense,45199.01,EUR,Sharp Ltd,Completed
FIN_0072496,2024-01-28,ACC_00159,Operations,Revenue,43948.0,INR,"Hernandez, Williams and Martin",Pending
FIN_0031043,2021-06-28,ACC_00451,Marketing,Revenue,88289.99,USD,"Benton, Waller and Allison",Completed
FIN_0003442,2024-06-11,ACC_00178,Engineering,Revenue,52973.64,USD,Franco-Ward,Completed
FIN_0460874,2022-01-28,ACC_00184,Human Resources,Operating Expense,35095.12,USD,Bailey-Johnson,Completed
FIN_0446459,2025-09-06,ACC_00300,Marketing,Operating Expense,4309.29,SEK,Cooper PLC,Completed
FIN_0187856,2024-09-13,ACC_00337,Finance,Payroll,40013.76,USD,Hendricks LLC,Completed
FIN_0489771,2021-04-02,ACC_00016,Operations,Revenue,33202.82,SEK,Clark and Sons,Failed
FIN_0325529,2023-04-13,ACC_00416,Operations,Operating Expense,9525.36,EUR,Allen-Park,Completed
FIN_0134738,2021-06-18,ACC_00406,Finance,Purchase,46422.67,INR,Williams Ltd,Completed
FIN_0076327,2025-05-13,ACC_00415,Manufacturing,Revenue,79111.32,INR,Parker-Powell,Completed
FIN_0452260,2023-10-28,ACC_00463,Supply Chain,Operating Expense,30929.66,INR,Maddox-Bowman,Pending
FIN_0223473,2024-10-20,ACC_00411,Information Technology,Operating Expense,29323.35,INR,Green Ltd,Completed
FIN_0459956,2024-08-15,ACC_00441,Information Technology,Purchase,11106.79,EUR,Clark-Alexander,Completed
FIN_0450279,2022-06-21,ACC_00075,Engineering,Operating Expense,33333.44,USD,Rodriguez-Hartman,Completed
FIN_0064071,2025-10-10,ACC_00007,Operations,Revenue,41893.75,USD,Miranda Ltd,Pending
FIN_0432360,2024-03-06,ACC_00128,Supply Chain,Investment,23420.63,SEK,Robles-Jensen,Completed
FIN_0456604,2021-10-24,ACC_00086,Engineering,Purchase,13792.61,EUR,Martin-Hubbard,Completed
FIN_0024032,2021-12-16,ACC_00236,Human Resources,Purchase,16058.83,USD,"Smith, Powers and Alexander",Completed
FIN_0459228,2024-09-18,ACC_00176,Manufacturing,Revenue,73904.7,USD,UNKNOWN,Completed
FIN_0027891,2021-09-30,ACC_00311,Marketing,Revenue,47823.3,USD,Knight Inc,Completed
FIN_0142422,2021-01-09,ACC_00019,Sales,Revenue,87350.9,USD,Robles-Vasquez,Completed
FIN_0206608,2024-05-24,ACC_00497,Supply Chain,Operating Expense,42077.85,EUR,UNKNOWN,Completed
FIN_0441091,2025-10-07,ACC_00064,Marketing,Investment,35244.02,EUR,UNKNOWN,Pending
FIN_0444053,2025-03-19,ACC_00343,Information Technology,Purchase,22690.39,USD,Parks-Harris,Completed
FIN_0237999,2024-04-10,ACC_00459,Information Technology,Revenue,52320.3,EUR,UNKNOWN,Completed
FIN_0337716,2021-05-22,ACC_00153,Operations,Revenue,74354.17,USD,Walker-Smith,Completed
FIN_0014043,2025-06-27,ACC_00238,Information Technology,Revenue,99138.72,USD,Mccullough Inc,Completed
FIN_0210334,2021-11-07,ACC_00300,Finance,Revenue,2079.71,USD,Martin-Bird,Completed
FIN_0034673,2025-03-07,ACC_00114,Finance,Revenue,66581.06,USD,Meyer Group,Completed
FIN_0317039,2024-08-12,ACC_00187,Engineering,Payroll,9566.69,INR,"Hubbard, Joyce and Watkins",Completed
FIN_0131370,2023-11-13,ACC_00433,Information Technology,Payroll,26460.99,SEK,"Hubbard, Smith and Leon",Completed
FIN_0069438,2022-04-01,ACC_00003,Operations,Purchase,36350.39,SEK,"Bennett, Mann and Rose",Completed
FIN_0170863,2022-10-02,ACC_00047,Operations,Revenue,44721.75,EUR,Rodriguez-Spence,Completed
FIN_0165022,2022-11-22,ACC_00245,Operations,Operating Expense,7897.04,SEK,Clark PLC,Completed
FIN_0215780,2025-02-23,ACC_00186,Marketing,Purchase,14945.79,SEK,Adams-Chang,Completed
FIN_0273678,2022-05-18,ACC_00156,Information Technology,Operating Expense,34988.39,INR,"Costa, Hunter and Wright",Completed
FIN_0422198,2026-04-23,ACC_00037,Information Technology,Revenue,19980.73,EUR,Davis Inc,Completed
FIN_0181544,2024-06-11,ACC_00233,Operations,Operating Expense,25001.53,USD,"Rodriguez, Mahoney and Cox",Completed
FIN_0122031,2026-04-09,ACC_00009,Operations,Payroll,5273.4,INR,Irwin Inc,Completed
FIN_0128253,2025-03-12,ACC_00267,Engineering,Revenue,44081.72,SEK,Green-Strickland,Completed
FIN_0099826,2024-04-29,ACC_00454,Sales,Purchase,12095.6,USD,Nguyen and Sons,Completed
FIN_0341203,2022-06-18,ACC_00406,Manufacturing,Revenue,17450.58,INR,"King, Lopez and Wells",Completed
FIN_0217731,2021-04-16,ACC_00406,Marketing,Purchase,29134.47,EUR,"Parrish, Williams and Washington",Completed
FIN_0241487,2021-09-09,ACC_00138,Operations,Purchase,32060.45,USD,Chang-Burns,Completed
FIN_0489526,2026-03-04,ACC_00167,Marketing,Operating Expense,18251.74,USD,"Webb, Warner and Hull",Completed
FIN_0414489,2023-07-27,ACC_00131,Information Technology,Revenue,87265.84,SEK,Miller-Douglas,Completed
FIN_0478424,2022-07-25,ACC_00173,Finance,Revenue,14468.68,SEK,Silva-Wright,Completed
FIN_0060689,2025-12-06,ACC_00340,Manufacturing,Revenue,62583.57,USD,Castro-Kelly,Completed
FIN_0192395,2025-10-04,ACC_00115,Manufacturing,Purchase,43342.12,USD,Johnson-Graham,Completed
FIN_0252746,2023-10-10,ACC_00410,Engineering,Revenue,74323.63,USD,Heath-Sosa,Completed
FIN_0064631,2026-05-12,ACC_00212,Manufacturing,Purchase,36763.94,USD,Dennis-Weaver,Completed
FIN_0223821,2024-06-08,ACC_00138,Information Technology,Revenue,51927.88,EUR,UNKNOWN,Completed
FIN_0454583,2023-05-28,ACC_00126,Operations,Operating Expense,34866.24,INR,"Wilson, Potter and Brown",Completed
FIN_0085203,2023-04-06,ACC_00468,Engineering,Purchase,36640.49,EUR,Williams Ltd,Completed
FIN_0369666,2022-02-05,ACC_00278,Operations,Revenue,65378.58,SEK,Bond Ltd,Completed
FIN_0112570,2023-08-01,ACC_00446,Human Resources,Payroll,14103.64,EUR,Tran-Fields,Completed
FIN_0452331,2026-01-29,ACC_00239,Engineering,Operating Expense,20488.2,EUR,Rivera-Boyd,Completed
FIN_0211346,2023-06-10,ACC_00474,Finance,Payroll,38851.39,SEK,"Walker, Smith and Green",Completed
FIN_0464769,2021-03-30,ACC_00382,Supply Chain,Revenue,41052.51,INR,Smith Ltd,Completed
FIN_0490143,2023-06-30,ACC_00040,Engineering,Purchase,49058.53,EUR,"Mccoy, Sloan and Cantu",Completed
FIN_0051292,2025-06-07,ACC_00060,Sales,Revenue,37145.02,SEK,"Johnson, Golden and Price",Completed
FIN_0464004,2022-01-31,ACC_00308,Manufacturing,Revenue,96683.76,USD,Harrell and Sons,Failed
FIN_0419758,2024-08-14,ACC_00348,Finance,Purchase,32236.26,USD,"Walters, Williamson and Rodriguez",Completed
FIN_0306075,2023-05-21,ACC_00294,Supply Chain,Revenue,28893.93,SEK,"Day, Ward and Spence",Completed
FIN_0364507,2024-03-25,ACC_00083,Finance,Purchase,1976.36,USD,Smith-Hansen,Completed
FIN_0497808,2025-11-22,ACC_00062,Operations,Investment,4349.9,USD,"Tyler, Brown and Russell",Completed
FIN_0307857,2025-06-11,ACC_00297,Operations,Purchase,8792.88,INR,West-Howard,Pending
FIN_0380938,2023-10-09,ACC_00380,Marketing,Purchase,1244.78,INR,"Bradford, Hamilton and Hudson",Completed
FIN_0137946,2025-07-13,ACC_00348,Information Technology,Purchase,19329.33,USD,UNKNOWN,Completed
FIN_0081506,2024-01-20,ACC_00402,Information Technology,Revenue,51666.97,SEK,Fleming-Hutchinson,Pending
FIN_0361298,2024-03-03,ACC_00354,Human Resources,Revenue,15941.34,USD,Hughes Ltd,Completed
FIN_0262470,2026-02-14,ACC_00469,Information Technology,Payroll,42674.04,INR,Johns and Sons,Completed
FIN_0337637,2022-01-06,ACC_00333,Human Resources,Revenue,10480.58,EUR,Morrison-Perkins,Completed
FIN_0272248,2025-07-01,ACC_00190,Supply Chain,Payroll,12760.97,SEK,"Kennedy, Hoover and Vasquez",Completed
FIN_0126265,2026-02-19,ACC_00413,Sales,Payroll,24635.49,INR,Smith-Butler,Completed
FIN_0017279,2025-04-24,ACC_00353,Engineering,Revenue,96697.27,USD,Evans-Cortez,Completed
FIN_0172341,2023-06-06,ACC_00268,Finance,Purchase,574.84,EUR,Solis LLC,Completed
FIN_0442689,2024-04-26,ACC_00195,Manufacturing,Purchase,13406.17,USD,Acevedo and Sons,Completed
FIN_0150442,2025-12-06,ACC_00191,Supply Chain,Revenue,28598.15,USD,Carlson PLC,Completed
FIN_0060215,2024-09-15,ACC_00238,Marketing,Purchase,32166.94,EUR,"Wood, Walsh and Brown",Completed
FIN_0064185,2024-06-23,ACC_00168,Human Resources,Revenue,33748.44,EUR,Kelly-Ryan,Completed
FIN_0275402,2023-03-28,ACC_00002,Supply Chain,Purchase,5544.81,USD,"Sharp, Morris and Mitchell",Completed
FIN_0071824,2024-06-03,ACC_00397,Manufacturing,Revenue,54295.92,SEK,"Smith, Warren and Smith",Completed
FIN_0384415,2024-03-14,ACC_00095,Information Technology,Operating Expense,17053.69,SEK,"Allen, Carter and Marks",Completed
FIN_0373331,2024-05-06,ACC_00097,Marketing,Revenue,77328.13,EUR,"Sullivan, Rios and Bryant",Completed
FIN_0158805,2025-09-06,ACC_00281,Human Resources,Operating Expense,11003.96,SEK,Ward Group,Completed
FIN_0486327,2026-04-23,ACC_00421,Manufacturing,Purchase,22151.9,SEK,Kim Group,Completed
FIN_0233456,2022-03-19,ACC_00049,Operations,Revenue,92582.05,INR,Bennett-Townsend,Completed
FIN_0235422,2024-11-12,ACC_00286,Manufacturing,Investment,20478.84,INR,Shields Ltd,Completed
FIN_0021596,2023-05-01,ACC_00333,Marketing,Investment,19478.15,USD,Thomas-Reynolds,Completed
FIN_0251738,2021-07-20,ACC_00420,Finance,Payroll,42743.21,INR,Lee-Rogers,Completed
FIN_0359048,2023-03-18,ACC_00049,Engineering,Purchase,46452.02,SEK,Dixon and Sons,Completed
FIN_0031912,2024-03-06,ACC_00383,Engineering,Purchase,21781.64,USD,Nguyen-Wilson,Completed
FIN_0155854,2024-02-10,ACC_00440,Marketing,Revenue,85321.41,INR,Rodriguez LLC,Pending
FIN_0219791,2024-04-13,ACC_00482,Human Resources,Payroll,10211.71,INR,Burton LLC,Completed
FIN_0235846,2021-09-30,ACC_00308,Finance,Purchase,47287.1,INR,"Richards, Alexander and Castaneda",Completed
FIN_0396634,2025-04-03,ACC_00218,Manufacturing,Investment,48826.19,EUR,Hughes-Saunders,Completed
FIN_0210592,2025-04-27,ACC_00436,Finance,Purchase,39324.34,USD,Murphy LLC,Completed
FIN_0489141,2022-12-22,ACC_00323,Sales,Purchase,3649.75,EUR,Hammond PLC,Completed
FIN_0195680,2021-11-15,ACC_00327,Manufacturing,Payroll,29058.85,USD,Ramos LLC,Completed
FIN_0264915,2022-12-01,ACC_00113,Marketing,Revenue,75112.09,SEK,"Williams, Jacobs and Smith",Completed
FIN_0410500,2026-01-21,ACC_00212,Marketing,Revenue,56255.13,INR,UNKNOWN,Completed
FIN_0345529,2025-10-21,ACC_00198,Manufacturing,Payroll,20942.94,USD,Powers Inc,Completed
FIN_0027694,2024-06-13,ACC_00230,Supply Chain,Payroll,37112.67,INR,Mcdowell Inc,Completed
FIN_0136980,2025-01-25,ACC_00328,Sales,Investment,49916.05,USD,"Walker, Peters and Robbins",Pending
FIN_0319008,2022-01-25,ACC_00179,Manufacturing,Payroll,49178.3,SEK,Faulkner Ltd,Completed
FIN_0089632,2022-09-19,ACC_00156,Sales,Revenue,18940.97,EUR,UNKNOWN,Completed
FIN_0261387,2021-01-05,ACC_00046,Supply Chain,Purchase,24555.37,INR,Chapman Group,Completed
FIN_0175358,2024-10-07,ACC_00034,Finance,Payroll,21469.78,EUR,"Clay, Bauer and Brown",Completed
FIN_0415319,2021-03-10,ACC_00049,Supply Chain,Revenue,41015.87,USD,Ruiz-Johns,Completed
FIN_0499295,2024-03-08,ACC_00177,Manufacturing,Purchase,27125.68,USD,UNKNOWN,Completed
FIN_0327882,2026-06-23,ACC_00332,Manufacturing,Revenue,62938.26,INR,Holt-Cunningham,Completed
FIN_0268399,2025-07-16,ACC_00366,Supply Chain,Revenue,94525.85,EUR,Davis Ltd,Completed
FIN_0103686,2024-01-23,ACC_00189,Operations,Revenue,87844.27,INR,Miller and Sons,Completed
FIN_0103084,2025-03-07,ACC_00488,Supply Chain,Purchase,2402.97,SEK,Brown-Johnson,Completed
FIN_0332241,2024-04-22,ACC_00247,Marketing,Operating Expense,32771.47,INR,Martinez and Sons,Completed
FIN_0434485,2021-07-28,ACC_00157,Sales,Revenue,1260.65,SEK,Smith-Simmons,Completed
FIN_0393802,2024-09-18,ACC_00371,Manufacturing,Payroll,19703.56,EUR,Greene Group,Completed
FIN_0286496,2024-02-02,ACC_00442,Engineering,Purchase,7505.94,EUR,"Banks, Clark and Williams",Completed
FIN_0054552,2024-07-29,ACC_00290,Marketing,Purchase,14041.08,SEK,UNKNOWN,Completed
FIN_0087984,2026-06-11,ACC_00181,Information Technology,Revenue,60134.47,SEK,Kelley LLC,Completed
FIN_0290777,2023-02-03,ACC_00217,Supply Chain,Purchase,771.08,USD,Thomas-Kim,Completed
FIN_0108063,2026-02-25,ACC_00072,Supply Chain,Revenue,94103.24,EUR,Brown-Perez,Completed
FIN_0276656,2024-12-21,ACC_00051,Finance,Operating Expense,13975.05,INR,UNKNOWN,Completed
FIN_0216215,2021-12-02,ACC_00276,Marketing,Revenue,80222.81,EUR,"Smith, Simmons and Avila",Completed
FIN_0107910,2025-11-24,ACC_00240,Marketing,Revenue,99597.61,EUR,Richards-Spencer,Completed
FIN_0005885,2021-08-21,ACC_00249,Engineering,Revenue,28287.7,SEK,Wu-Garcia,Completed
FIN_0057383,2025-06-27,ACC_00069,Supply Chain,Payroll,11137.63,INR,"Brooks, Clark and Wallace",Completed
FIN_0474929,2022-11-23,ACC_00005,Operations,Investment,15209.03,EUR,"Guerra, Griffin and Solis",Completed
FIN_0204651,2024-01-28,ACC_00266,Sales,Purchase,19771.4,SEK,Olsen and Sons,Completed
FIN_0005093,2025-10-06,ACC_00074,Manufacturing,Purchase,7504.08,INR,"Johnson, Jackson and Scott",Completed
FIN_0086059,2024-02-14,ACC_00142,Operations,Revenue,14611.67,USD,Butler-Barnes,Completed
FIN_0251837,2022-08-16,ACC_00023,Supply Chain,Operating Expense,47467.56,SEK,Santos-Hughes,Completed
FIN_0191046,2023-11-01,ACC_00408,Human Resources,Revenue,91389.41,USD,English PLC,Completed
FIN_0307340,2025-01-24,ACC_00304,Operations,Operating Expense,34303.6,EUR,Ruiz Group,Completed
FIN_0014234,2025-08-19,ACC_00450,Sales,Revenue,84625.32,SEK,Brown LLC,Completed
FIN_0038148,2024-08-15,ACC_00352,Finance,Revenue,25528.6,INR,Owen-Hanson,Completed
FIN_0438429,2024-03-12,ACC_00412,Human Resources,Revenue,21771.31,SEK,Travis-Savage,Pending
FIN_0494879,2024-02-16,ACC_00440,Information Technology,Revenue,43971.83,SEK,"Sandoval, Graham and Rojas",Completed
FIN_0450996,2026-06-16,ACC_00005,Manufacturing,Revenue,12462.2,EUR,Thomas-Smith,Completed
FIN_0064601,2024-02-13,ACC_00052,Finance,Revenue,73693.28,SEK,Gill PLC,Completed
FIN_0266083,2025-11-24,ACC_00027,Manufacturing,Payroll,27926.1,EUR,Vincent Group,Completed
FIN_0029756,2025-08-02,ACC_00236,Sales,Payroll,28745.97,USD,Henson Group,Completed
FIN_0162356,2025-12-18,ACC_00069,Marketing,Purchase,7177.96,INR,"Jensen, Vincent and Johnson",Pending
FIN_0160104,2024-10-01,ACC_00345,Engineering,Operating Expense,39490.01,SEK,Koch-Haynes,Completed
FIN_0488723,2025-04-22,ACC_00494,Sales,Purchase,41939.05,INR,Hurst Ltd,Completed
FIN_0318846,2022-12-13,ACC_00289,Sales,Revenue,13230.76,INR,Cooper PLC,Completed
FIN_0234421,2023-10-20,ACC_00240,Supply Chain,Payroll,20045.0,SEK,Castro-Hernandez,Completed
FIN_0023008,2022-01-29,ACC_00480,Operations,Revenue,68211.14,EUR,Nolan-Dawson,Completed
FIN_0058367,2023-05-24,ACC_00345,Human Resources,Revenue,41232.71,USD,UNKNOWN,Completed
FIN_0250978,2025-07-17,ACC_00112,Finance,Purchase,38774.35,INR,"Khan, Leonard and Gardner",Completed
FIN_0254011,2023-08-30,ACC_00266,Marketing,Purchase,19639.41,EUR,Williams Ltd,Completed
FIN_0424916,2023-01-20,ACC_00159,Finance,Revenue,33782.39,SEK,"Cooke, Webb and Moore",Completed
FIN_0139621,2024-04-12,ACC_00031,Finance,Operating Expense,24504.95,USD,Smith-Roberts,Completed
FIN_0139624,2025-11-11,ACC_00216,Human Resources,Payroll,48894.0,INR,Cameron Group,Completed
FIN_0482086,2021-01-14,ACC_00287,Information Technology,Revenue,46892.9,EUR,Mccoy-Jarvis,Completed
FIN_0159175,2022-01-21,ACC_00275,Engineering,Purchase,40297.19,INR,Jensen-Campos,Completed
FIN_0351145,2023-12-27,ACC_00199,Information Technology,Purchase,38270.45,EUR,Short PLC,Completed
FIN_0069890,2023-03-21,ACC_00357,Human Resources,Operating Expense,29651.77,SEK,"Arroyo, Chambers and Castillo",Completed
FIN_0387444,2021-05-28,ACC_00391,Human Resources,Purchase,10552.8,USD,Harper-Woodward,Completed
FIN_0436959,2021-02-08,ACC_00151,Finance,Operating Expense,44856.6,EUR,Lawson LLC,Completed
FIN_0315797,2025-07-06,ACC_00345,Sales,Investment,17387.12,USD,"Ellison, Green and West",Completed
FIN_0468443,2021-06-16,ACC_00361,Finance,Revenue,39538.39,SEK,Shaffer PLC,Completed
FIN_0280161,2023-09-20,ACC_00060,Supply Chain,Operating Expense,47884.15,EUR,Mann and Sons,Completed
FIN_0397950,2021-05-13,ACC_00384,Sales,Purchase,14473.66,USD,"Palmer, Stevens and Best",Pending
FIN_0142922,2023-12-25,ACC_00056,Sales,Operating Expense,49222.0,EUR,Sullivan-Carlson,Completed
FIN_0377638,2023-08-27,ACC_00176,Human Resources,Purchase,22660.6,INR,Stewart-Davis,Pending
FIN_0272845,2025-03-02,ACC_00423,Marketing,Investment,21488.45,USD,"Hoffman, Lucas and Price",Completed
FIN_0318754,2025-03-19,ACC_00311,Manufacturing,Investment,28063.16,USD,UNKNOWN,Failed
FIN_0165266,2023-07-01,ACC_00093,Information Technology,Operating Expense,35166.23,INR,George Ltd,Completed
FIN_0003211,2021-02-11,ACC_00321,Operations,Revenue,40436.06,USD,Thomas-Stevens,Completed
FIN_0293347,2025-01-13,ACC_00251,Manufacturing,Revenue,94944.53,USD,Rose-Watkins,Completed
FIN_0099494,2024-12-31,ACC_00413,Information Technology,Purchase,17276.95,SEK,King Inc,Completed
FIN_0166028,2024-12-19,ACC_00327,Information Technology,Operating Expense,481.52,EUR,Davis-Johnson,Completed
FIN_0461522,2025-09-19,ACC_00414,Manufacturing,Purchase,42598.4,INR,Garza-Gardner,Completed
FIN_0429936,2025-03-30,ACC_00036,Human Resources,Payroll,27347.44,USD,Arnold-Ball,Completed
FIN_0174463,2025-08-06,ACC_00415,Marketing,Purchase,3434.58,INR,"Sanchez, Moore and Little",Completed
FIN_0312333,2022-09-25,ACC_00471,Engineering,Purchase,4937.08,USD,"Gonzales, Clark and Thornton",Completed
FIN_0459888,2025-10-28,ACC_00403,Marketing,Operating Expense,19180.02,SEK,Little-Coleman,Completed
FIN_0244539,2023-09-16,ACC_00002,Manufacturing,Operating Expense,22880.56,SEK,UNKNOWN,Failed
FIN_0424659,2023-03-26,ACC_00016,Engineering,Payroll,47447.53,INR,"Kelley, Hogan and Lewis",Completed
FIN_0100970,2024-09-17,ACC_00286,Human Resources,Revenue,34307.28,EUR,Rios Ltd,Completed
FIN_0015222,2022-02-14,ACC_00037,Engineering,Payroll,34477.17,USD,Livingston-Newman,Completed
FIN_0194176,2024-02-26,ACC_00369,Finance,Purchase,25977.36,SEK,"Richmond, Johnson and Adkins",Completed
FIN_0079075,2021-05-31,ACC_00469,Supply Chain,Operating Expense,22417.17,USD,"Sanchez, Martinez and Mcclure",Completed
FIN_0456101,2024-02-29,ACC_00053,Operations,Purchase,19791.91,SEK,Mathis LLC,Completed
FIN_0097146,2024-07-01,ACC_00165,Information Technology,Operating Expense,47439.65,INR,Ortiz-Miller,Completed
FIN_0243536,2022-01-19,ACC_00234,Manufacturing,Operating Expense,34069.02,EUR,Meyer-Thompson,Completed
FIN_0495318,2023-08-19,ACC_00219,Engineering,Revenue,19322.99,USD,Faulkner Group,Completed
FIN_0459130,2025-12-06,ACC_00180,Finance,Revenue,1700.48,SEK,Rodriguez Inc,Completed
FIN_0311616,2023-03-02,ACC_00053,Marketing,Purchase,5546.86,SEK,"Cummings, Anderson and Lowery",Completed
FIN_0395884,2024-05-07,ACC_00238,Supply Chain,Revenue,9954.15,SEK,UNKNOWN,Completed
FIN_0367896,2024-02-23,ACC_00417,Marketing,Revenue,68426.5,EUR,Cabrera-Lucas,Completed
FIN_0389838,2026-06-22,ACC_00225,Operations,Purchase,921.12,INR,Gutierrez-Poole,Completed
FIN_0211258,2021-11-11,ACC_00119,Human Resources,Revenue,31352.85,INR,UNKNOWN,Completed
FIN_0034472,2022-10-26,ACC_00060,Operations,Payroll,5778.14,INR,Gordon-Benson,Completed
FIN_0466841,2022-10-31,ACC_00227,Marketing,Revenue,99681.27,USD,"Maddox, Thompson and Thomas",Completed
FIN_0153339,2024-05-08,ACC_00322,Operations,Payroll,10760.39,USD,Browning Group,Completed
FIN_0394812,2022-02-18,ACC_00351,Finance,Revenue,39930.63,EUR,"Woods, Richards and Yang",Completed
FIN_0263565,2022-07-03,ACC_00361,Human Resources,Operating Expense,38269.78,USD,Williams Group,Failed
FIN_0424665,2023-02-09,ACC_00351,Manufacturing,Investment,1920.32,EUR,"Turner, Mooney and Spencer",Completed
FIN_0237632,2022-07-19,ACC_00305,Human Resources,Investment,34227.26,USD,"Hernandez, Bird and Lee",Completed
FIN_0269556,2021-02-04,ACC_00032,Marketing,Operating Expense,17944.33,USD,Smith LLC,Completed
FIN_0178784,2023-12-18,ACC_00287,Engineering,Operating Expense,29092.07,INR,Roberts LLC,Completed
FIN_0002881,2024-05-26,ACC_00237,Supply Chain,Revenue,34116.46,INR,Lynch PLC,Completed
FIN_0407045,2023-04-03,ACC_00014,Operations,Payroll,13502.53,USD,UNKNOWN,Completed
FIN_0167153,2025-07-02,ACC_00253,Supply Chain,Purchase,18139.25,SEK,Turner-Gutierrez,Completed
FIN_0314680,2021-01-13,ACC_00102,Supply Chain,Revenue,17172.05,EUR,"Benitez, Evans and Randall",Completed
FIN_0440159,2025-01-30,ACC_00408,Sales,Operating Expense,40793.84,EUR,Wilson PLC,Completed
FIN_0029589,2023-03-15,ACC_00369,Operations,Purchase,21148.26,USD,"Bates, Hobbs and Arnold",Completed
FIN_0427012,2026-05-12,ACC_00081,Operations,Operating Expense,16151.69,SEK,Garcia Inc,Completed
FIN_0255512,2022-08-07,ACC_00077,Human Resources,Purchase,24456.34,INR,Young Inc,Completed
FIN_0007613,2023-04-24,ACC_00350,Finance,Operating Expense,19562.88,USD,Yates-Chan,Completed
FIN_0144070,2023-12-21,ACC_00368,Human Resources,Payroll,22267.84,USD,"Flynn, Fernandez and Pennington",Completed
FIN_0235106,2024-12-18,ACC_00062,Sales,Operating Expense,44666.09,USD,"Williams, Smith and Shepard",Completed
FIN_0308911,2025-03-20,ACC_00083,Engineering,Purchase,8583.9,EUR,Knox Ltd,Completed
FIN_0235590,2025-10-16,ACC_00263,Marketing,Purchase,7049.47,USD,Blevins Ltd,Completed
FIN_0469563,2024-06-25,ACC_00477,Supply Chain,Payroll,21295.08,INR,Kim-Vaughn,Completed
FIN_0326838,2024-02-15,ACC_00081,Human Resources,Operating Expense,9584.87,SEK,Rivera PLC,Pending
FIN_0364157,2026-06-27,ACC_00354,Operations,Revenue,44503.59,INR,Olson-Robertson,Completed
FIN_0493215,2021-06-04,ACC_00079,Information Technology,Investment,1582.25,EUR,Parks and Sons,Completed
FIN_0496316,2021-01-23,ACC_00336,Marketing,Purchase,27705.96,EUR,"Long, Schmidt and Carroll",Completed
FIN_0234699,2021-05-25,ACC_00310,Sales,Revenue,16247.13,INR,Adams-Johnson,Pending
FIN_0336631,2024-12-06,ACC_00082,Human Resources,Revenue,54235.4,SEK,Freeman-Olson,Completed
FIN_0126837,2026-03-25,ACC_00214,Manufacturing,Purchase,26331.19,SEK,Richmond-Carpenter,Completed
FIN_0269906,2024-01-21,ACC_00038,Manufacturing,Purchase,20552.42,INR,"Gill, Jones and Carlson",Failed
FIN_0431195,2026-05-18,ACC_00440,Marketing,Operating Expense,38119.83,USD,Fisher-Banks,Completed
FIN_0218978,2024-06-02,ACC_00469,Supply Chain,Revenue,75433.3,EUR,UNKNOWN,Completed
FIN_0181159,2025-09-27,ACC_00100,Operations,Revenue,63807.34,USD,"Sims, Li and Williams",Completed
FIN_0186395,2022-12-20,ACC_00446,Supply Chain,Operating Expense,40326.76,EUR,"Pena, Case and Walker",Pending
FIN_0334716,2025-12-03,ACC_00126,Finance,Revenue,66633.48,EUR,Wilkinson-Lucas,Completed
FIN_0308328,2025-06-09,ACC_00260,Human Resources,Purchase,609.58,SEK,"Thomas, Kelly and Johnson",Completed
FIN_0482449,2025-11-26,ACC_00076,Finance,Payroll,40786.7,USD,"Harper, Frederick and Beltran",Completed
FIN_0154027,2022-02-17,ACC_00337,Human Resources,Revenue,96855.53,EUR,Copeland Inc,Completed
FIN_0198912,2022-11-02,ACC_00385,Supply Chain,Revenue,90431.68,INR,"Kennedy, Daugherty and Williams",Completed
FIN_0211961,2022-01-16,ACC_00373,Human Resources,Operating Expense,25810.38,INR,Hurley Inc,Completed
FIN_0032675,2022-01-01,ACC_00180,Sales,Purchase,45992.68,EUR,Kennedy and Sons,Completed
FIN_0388425,2025-11-27,ACC_00270,Information Technology,Purchase,26142.94,INR,Bruce-Weaver,Pending
FIN_0465143,2025-01-12,ACC_00098,Information Technology,Revenue,84250.05,EUR,Watson and Sons,Completed
FIN_0475030,2025-09-05,ACC_00317,Supply Chain,Revenue,42474.06,USD,"Turner, Robertson and Simpson",Pending
FIN_0083656,2023-11-01,ACC_00042,Information Technology,Investment,34965.61,INR,UNKNOWN,Completed
FIN_0308342,2023-10-08,ACC_00094,Finance,Revenue,92237.86,INR,Gibson and Sons,Completed
FIN_0198125,2022-06-24,ACC_00085,Marketing,Purchase,8040.33,USD,Hernandez-Cook,Completed
FIN_0105525,2023-09-05,ACC_00060,Supply Chain,Revenue,96606.37,EUR,Branch-Hayes,Completed
FIN_0105347,2023-03-09,ACC_00159,Operations,Revenue,31376.99,EUR,Clark PLC,Completed
FIN_0323006,2025-02-04,ACC_00377,Human Resources,Revenue,20439.79,SEK,Watkins Ltd,Completed
FIN_0101087,2021-09-15,ACC_00211,Operations,Payroll,49943.52,INR,Smith Group,Completed
FIN_0117733,2023-10-06,ACC_00454,Human Resources,Operating Expense,4357.84,USD,"King, Knight and Johnson",Completed
FIN_0220177,2025-05-20,ACC_00288,Finance,Revenue,89674.29,SEK,UNKNOWN,Completed
FIN_0100846,2026-02-22,ACC_00383,Human Resources,Revenue,54783.43,SEK,King Ltd,Completed
FIN_0149249,2026-01-23,ACC_00189,Information Technology,Revenue,93331.35,SEK,Chambers and Sons,Completed
FIN_0101549,2022-12-26,ACC_00386,Human Resources,Operating Expense,5491.04,SEK,Chambers-Cook,Completed
FIN_0085907,2021-08-13,ACC_00403,Information Technology,Purchase,33675.64,INR,Villanueva LLC,Completed
FIN_0261649,2023-12-14,ACC_00003,Operations,Revenue,28014.25,SEK,"Thompson, Harris and Wallace",Completed
FIN_0137731,2022-02-19,ACC_00106,Information Technology,Revenue,58937.67,SEK,Cameron-George,Completed
FIN_0474013,2023-03-14,ACC_00119,Information Technology,Payroll,37404.58,INR,"Johnson, Santiago and Smith",Completed
FIN_0361938,2026-05-01,ACC_00238,Information Technology,Revenue,65967.78,USD,Rodriguez-Stanton,Pending
FIN_0170227,2024-02-27,ACC_00392,Information Technology,Purchase,15815.95,INR,"Duran, Stephens and Burnett",Completed
FIN_0260958,2022-10-02,ACC_00387,Finance,Investment,43336.1,SEK,"Dougherty, Levy and Hudson",Completed
FIN_0282556,2025-07-13,ACC_00134,Marketing,Revenue,43507.31,USD,UNKNOWN,Completed
FIN_0362974,2025-01-27,ACC_00160,Human Resources,Operating Expense,28724.59,INR,UNKNOWN,Completed
FIN_0458677,2025-11-22,ACC_00436,Manufacturing,Revenue,38352.76,INR,"Carpenter, Brown and Torres",Completed
FIN_0336768,2023-02-18,ACC_00356,Sales,Payroll,48905.54,EUR,Wood-Ray,Completed
FIN_0385979,2026-02-07,ACC_00123,Operations,Operating Expense,36439.73,SEK,"Goodwin, Johnson and Mayer",Completed
FIN_0486892,2025-05-26,ACC_00267,Engineering,Purchase,22961.98,INR,"Allen, Cruz and Graham",Completed
FIN_0101594,2025-02-26,ACC_00232,Human Resources,Payroll,29494.23,SEK,Ortega LLC,Completed
FIN_0119037,2022-02-24,ACC_00124,Manufacturing,Operating Expense,15794.06,SEK,Johnson-Young,Completed
FIN_0097796,2022-04-14,ACC_00022,Supply Chain,Revenue,90190.15,USD,Kelley and Sons,Completed
FIN_0470614,2024-11-17,ACC_00270,Engineering,Revenue,41029.81,USD,"Phelps, Dunn and Oconnell",Completed
FIN_0058899,2021-10-13,ACC_00050,Finance,Purchase,4841.01,USD,Merritt-Marquez,Completed
FIN_0048337,2023-02-06,ACC_00231,Human Resources,Revenue,91900.45,SEK,Lutz LLC,Completed
FIN_0333362,2025-12-25,ACC_00292,Operations,Revenue,29531.96,SEK,Hawkins-Burke,Completed
FIN_0202897,2023-10-27,ACC_00441,Human Resources,Purchase,1558.39,EUR,Murphy-Clayton,Completed
FIN_0487743,2022-12-16,ACC_00317,Engineering,Revenue,20546.49,INR,Hughes Inc,Completed
FIN_0408135,2025-12-30,ACC_00283,Supply Chain,Purchase,32279.51,EUR,"Ford, Jacobs and Jackson",Completed
FIN_0338393,2021-08-20,ACC_00288,Manufacturing,Operating Expense,42825.82,SEK,Taylor-Cameron,Completed
FIN_0034713,2024-12-08,ACC_00179,Marketing,Revenue,49221.65,USD,UNKNOWN,Completed
FIN_0362259,2025-05-19,ACC_00307,Supply Chain,Payroll,15087.84,EUR,Barrett and Sons,Pending
FIN_0226478,2022-11-30,ACC_00128,Marketing,Purchase,31716.13,SEK,"Finley, Mitchell and Flynn",Completed
FIN_0026314,2023-12-09,ACC_00178,Operations,Payroll,47342.24,INR,Rivera and Sons,Pending
FIN_0204681,2025-01-13,ACC_00033,Operations,Revenue,18594.87,INR,Shannon-Schmidt,Completed
FIN_0185301,2023-03-11,ACC_00111,Finance,Operating Expense,4277.46,INR,"Larson, Wells and Hall",Completed
FIN_0298778,2021-04-13,ACC_00017,Finance,Purchase,38944.84,USD,Fuentes-Gallegos,Completed
FIN_0210828,2024-06-19,ACC_00113,Supply Chain,Revenue,64536.27,SEK,Wall LLC,Completed
FIN_0307802,2024-11-20,ACC_00440,Finance,Operating Expense,11499.7,USD,Jensen-Wu,Completed
FIN_0090966,2024-08-08,ACC_00420,Supply Chain,Payroll,10729.92,SEK,"Cochran, Osborne and Graham",Completed
FIN_0037383,2022-11-15,ACC_00006,Manufacturing,Payroll,10423.39,USD,UNKNOWN,Completed
FIN_0345848,2022-07-31,ACC_00344,Manufacturing,Operating Expense,21982.67,USD,"Martin, Payne and Allen",Completed
FIN_0370187,2024-03-22,ACC_00281,Sales,Revenue,12423.73,SEK,Keller-Carson,Completed
FIN_0050774,2023-09-10,ACC_00095,Operations,Payroll,22598.07,SEK,"Jordan, Mercer and Dean",Pending
FIN_0003066,2025-08-08,ACC_00144,Supply Chain,Investment,47932.83,INR,Rodriguez-Owens,Failed
FIN_0306447,2023-01-26,ACC_00298,Information Technology,Revenue,92009.87,EUR,"Snyder, Estrada and Martinez",Completed
FIN_0278735,2022-09-19,ACC_00322,Information Technology,Revenue,25785.92,USD,"Barnes, Jacobson and Franklin",Completed
FIN_0360933,2023-02-11,ACC_00294,Engineering,Operating Expense,28695.07,SEK,Santos-Medina,Completed
FIN_0375620,2025-06-23,ACC_00146,Manufacturing,Purchase,39237.36,SEK,"Vaughn, Chavez and Stewart",Completed
FIN_0493868,2023-06-01,ACC_00040,Marketing,Purchase,492.44,USD,Lucas LLC,Pending
FIN_0485357,2025-03-07,ACC_00407,Information Technology,Operating Expense,49481.16,USD,Murray-Mack,Completed
FIN_0366496,2025-05-30,ACC_00355,Information Technology,Revenue,22142.92,SEK,Murray Ltd,Completed
FIN_0435141,2022-10-08,ACC_00018,Operations,Revenue,60231.56,SEK,"Callahan, Nguyen and Gentry",Completed
FIN_0068508,2021-10-23,ACC_00025,Marketing,Operating Expense,8688.44,USD,"Oliver, Thomas and Espinoza",Completed
FIN_0242017,2023-11-16,ACC_00477,Information Technology,Revenue,77393.74,USD,Jones PLC,Completed
FIN_0144691,2024-12-17,ACC_00208,Information Technology,Operating Expense,27607.86,SEK,Downs Inc,Completed
FIN_0193723,2025-12-07,ACC_00210,Supply Chain,Purchase,13116.99,EUR,Garcia and Sons,Completed
FIN_0224845,2022-10-01,ACC_00368,Sales,Purchase,41523.74,INR,Morgan-Diaz,Completed
FIN_0039466,2021-10-03,ACC_00038,Supply Chain,Purchase,3545.56,INR,Yoder LLC,Completed
FIN_0416431,2021-12-27,ACC_00003,Manufacturing,Purchase,20127.66,USD,"Keller, Leblanc and Brooks",Completed
FIN_0347710,2022-04-11,ACC_00046,Engineering,Purchase,41570.94,EUR,Lopez-Jennings,Completed
FIN_0403783,2022-08-14,ACC_00123,Manufacturing,Operating Expense,32120.33,INR,UNKNOWN,Completed
FIN_0379972,2026-01-09,ACC_00197,Human Resources,Purchase,8556.34,USD,Jones Group,Failed
FIN_0331411,2022-05-25,ACC_00039,Marketing,Investment,22356.58,SEK,Phillips PLC,Completed
FIN_0413144,2023-09-15,ACC_00422,Sales,Purchase,32586.97,SEK,Johnson-Ferguson,Completed
FIN_0017924,2021-12-09,ACC_00181,Manufacturing,Revenue,53993.88,USD,Valdez and Sons,Completed
FIN_0093042,2025-12-19,ACC_00409,Marketing,Purchase,29371.37,INR,Hall Inc,Completed
FIN_0051727,2024-05-20,ACC_00412,Supply Chain,Operating Expense,9813.6,INR,Jackson and Sons,Completed
FIN_0260110,2022-08-05,ACC_00386,Marketing,Revenue,68449.18,USD,"Carlson, Dunn and Obrien",Completed
FIN_0050885,2022-01-16,ACC_00378,Manufacturing,Purchase,41043.59,EUR,Garcia-Crawford,Completed
FIN_0079311,2021-01-09,ACC_00408,Finance,Purchase,39139.06,SEK,Williams PLC,Completed
FIN_0229390,2024-09-21,ACC_00442,Operations,Investment,13429.61,USD,Berry PLC,Completed
FIN_0172234,2026-03-27,ACC_00141,Information Technology,Payroll,219.21,SEK,"Miller, Wright and Brown",Pending
FIN_0251480,2023-01-17,ACC_00140,Operations,Purchase,8423.86,EUR,"Love, Mcgee and Valentine",Completed
FIN_0427085,2025-05-18,ACC_00207,Finance,Revenue,89392.48,USD,"Shelton, Henry and James",Completed
FIN_0269658,2025-04-24,ACC_00404,Manufacturing,Operating Expense,6590.75,INR,"Bray, Chapman and Baker",Completed
FIN_0050313,2022-01-17,ACC_00177,Operations,Operating Expense,40192.73,USD,Owens-Phillips,Completed
FIN_0364928,2023-06-23,ACC_00483,Information Technology,Purchase,31833.49,EUR,Miller Ltd,Completed
FIN_0111439,2026-05-09,ACC_00136,Supply Chain,Operating Expense,43565.2,EUR,Mejia Ltd,Completed
FIN_0374959,2023-04-03,ACC_00437,Manufacturing,Purchase,21281.64,USD,Romero-Brooks,Completed
FIN_0461919,2024-04-26,ACC_00033,Human Resources,Revenue,46909.93,INR,"Haynes, Tran and Benitez",Completed
FIN_0072870,2023-02-10,ACC_00045,Operations,Payroll,7244.94,SEK,Gonzalez and Sons,Completed
FIN_0077175,2021-03-03,ACC_00155,Manufacturing,Revenue,95508.33,INR,"Stewart, Nelson and Nelson",Pending
FIN_0336715,2021-11-05,ACC_00098,Sales,Purchase,37285.3,INR,"Navarro, Gomez and Brown",Completed
FIN_0131313,2021-03-15,ACC_00439,Operations,Payroll,10229.85,USD,"White, Bowman and Williams",Completed
FIN_0223410,2025-02-04,ACC_00155,Information Technology,Payroll,41275.57,EUR,Mendez-Edwards,Completed
FIN_0052547,2021-08-23,ACC_00257,Information Technology,Revenue,95196.94,USD,"Mcclain, Allen and Tucker",Completed
FIN_0285767,2025-05-28,ACC_00467,Engineering,Operating Expense,35384.39,SEK,UNKNOWN,Completed
FIN_0386002,2022-01-08,ACC_00447,Human Resources,Purchase,38200.29,INR,Rios PLC,Completed
FIN_0187597,2023-08-23,ACC_00101,Marketing,Revenue,93376.53,USD,Wagner-Rosales,Completed
FIN_0193193,2023-09-11,ACC_00024,Human Resources,Purchase,45489.38,INR,Nash LLC,Completed
FIN_0308171,2026-05-19,ACC_00013,Information Technology,Revenue,35470.62,INR,Mack-Perez,Completed
FIN_0104925,2026-03-27,ACC_00424,Manufacturing,Payroll,49111.35,INR,Rivera-Wilson,Completed
FIN_0361037,2026-05-26,ACC_00051,Supply Chain,Operating Expense,3284.79,SEK,James-Walker,Completed
FIN_0498904,2025-12-30,ACC_00252,Sales,Revenue,22401.22,INR,Jones-Jones,Completed
FIN_0179457,2024-11-20,ACC_00227,Information Technology,Purchase,9733.41,INR,"Thomas, Williams and Weeks",Pending
FIN_0025890,2021-03-07,ACC_00020,Manufacturing,Purchase,48869.41,EUR,"Miller, Wright and Reilly",Completed
FIN_0013996,2023-09-26,ACC_00193,Supply Chain,Operating Expense,34401.79,USD,"Gonzales, Young and Johnson",Completed
FIN_0367086,2026-05-21,ACC_00187,Finance,Revenue,25349.48,SEK,Hebert-Brown,Completed
FIN_0252909,2021-06-13,ACC_00321,Manufacturing,Purchase,37498.2,SEK,Houston-Parks,Completed
FIN_0147422,2024-03-22,ACC_00370,Finance,Operating Expense,39630.09,USD,Mclaughlin-King,Completed
FIN_0377975,2021-03-04,ACC_00384,Engineering,Operating Expense,18860.06,INR,Frazier Inc,Completed
FIN_0345305,2025-04-08,ACC_00283,Supply Chain,Operating Expense,31729.36,INR,Brooks-Larsen,Completed
FIN_0212814,2025-03-26,ACC_00054,Finance,Revenue,5227.28,EUR,Torres-Ramos,Completed
FIN_0040255,2023-11-04,ACC_00264,Human Resources,Operating Expense,30559.58,SEK,Romero-Powers,Completed
FIN_0243352,2025-08-24,ACC_00072,Manufacturing,Revenue,33274.94,INR,Johnson Inc,Pending
FIN_0297572,2026-02-07,ACC_00265,Marketing,Purchase,14820.07,SEK,Hernandez and Sons,Completed
FIN_0292035,2023-02-16,ACC_00043,Operations,Operating Expense,38659.73,EUR,"Hensley, Hendricks and Soto",Completed
FIN_0150968,2023-09-13,ACC_00305,Human Resources,Payroll,35099.86,USD,"Taylor, Harris and Delgado",Completed
FIN_0000644,2024-10-30,ACC_00335,Sales,Purchase,7304.94,EUR,Flynn Group,Completed
FIN_0260265,2022-12-18,ACC_00090,Human Resources,Purchase,28300.01,SEK,"Scott, Marshall and May",Completed
FIN_0498845,2021-07-22,ACC_00241,Information Technology,Payroll,17904.83,USD,Williams-Green,Completed
FIN_0230186,2022-09-02,ACC_00040,Marketing,Revenue,6364.11,EUR,"Little, Ayala and Jones",Completed
FIN_0096320,2021-06-26,ACC_00407,Marketing,Purchase,15538.89,USD,Campbell Ltd,Completed
FIN_0319908,2021-12-03,ACC_00311,Human Resources,Revenue,73627.54,SEK,Mayo and Sons,Completed
FIN_0263354,2024-08-08,ACC_00011,Human Resources,Operating Expense,7945.13,EUR,UNKNOWN,Completed
FIN_0388414,2025-11-01,ACC_00088,Operations,Revenue,5569.39,INR,Silva-Harris,Pending
FIN_0004702,2024-06-04,ACC_00256,Marketing,Payroll,17455.7,EUR,Lucas PLC,Completed
FIN_0123055,2023-08-22,ACC_00245,Engineering,Purchase,39998.43,SEK,Tanner LLC,Completed
FIN_0061344,2025-11-14,ACC_00443,Operations,Purchase,14098.39,USD,Flores Group,Completed
FIN_0236267,2023-05-12,ACC_00410,Human Resources,Purchase,45114.96,USD,Powell-Crawford,Completed
FIN_0119384,2023-05-24,ACC_00383,Information Technology,Revenue,96209.3,SEK,Hester LLC,Completed
FIN_0134210,2024-07-13,ACC_00170,Manufacturing,Purchase,12035.5,USD,Montgomery Ltd,Completed
FIN_0420418,2022-03-13,ACC_00304,Operations,Payroll,4464.63,INR,"Barnes, Morris and Ballard",Completed
FIN_0066410,2021-03-25,ACC_00198,Information Technology,Payroll,9889.54,INR,Crawford-Wright,Completed
FIN_0398055,2023-09-01,ACC_00434,Operations,Purchase,49174.78,SEK,UNKNOWN,Completed
FIN_0217176,2021-04-18,ACC_00477,Engineering,Revenue,66870.97,EUR,Smith PLC,Completed
FIN_0247727,2021-08-27,ACC_00274,Operations,Operating Expense,28034.69,SEK,"Neal, Johnson and Ewing",Completed
FIN_0026155,2023-10-10,ACC_00156,Finance,Payroll,44535.71,INR,Moore Ltd,Completed
FIN_0053084,2023-09-11,ACC_00345,Engineering,Operating Expense,8663.2,INR,Estes PLC,Completed
FIN_0317647,2023-03-11,ACC_00223,Operations,Purchase,29701.38,SEK,Crawford-Butler,Completed
FIN_0135618,2023-01-28,ACC_00489,Sales,Purchase,38586.62,USD,"Johnson, Foster and Wilson",Completed
FIN_0265199,2022-09-08,ACC_00083,Sales,Operating Expense,45940.04,USD,Meyer-Lewis,Completed
FIN_0001745,2025-11-07,ACC_00062,Information Technology,Operating Expense,22670.94,USD,"Dawson, Moyer and Whitaker",Completed
FIN_0373347,2021-05-12,ACC_00028,Information Technology,Revenue,8386.87,SEK,Baldwin Inc,Completed
FIN_0265156,2024-06-25,ACC_00167,Engineering,Revenue,30833.11,USD,Green PLC,Completed
FIN_0308371,2021-06-23,ACC_00108,Engineering,Revenue,96350.98,INR,Meza-Garcia,Completed
FIN_0360226,2025-12-30,ACC_00142,Supply Chain,Purchase,46858.18,EUR,Barnes Group,Completed
FIN_0114447,2021-03-07,ACC_00212,Information Technology,Revenue,16907.58,SEK,Thompson LLC,Completed
FIN_0356748,2025-04-23,ACC_00366,Finance,Purchase,20489.56,EUR,Peterson-Jacobs,Completed
FIN_0092383,2021-07-01,ACC_00294,Information Technology,Investment,34385.01,SEK,"Hudson, Evans and Flores",Completed
FIN_0320247,2022-04-11,ACC_00051,Human Resources,Purchase,45751.28,INR,Johnson-Huff,Completed
FIN_0489706,2026-01-22,ACC_00068,Sales,Payroll,470.35,EUR,Herman Ltd,Completed
FIN_0349361,2024-01-23,ACC_00406,Engineering,Operating Expense,12273.32,EUR,Craig and Sons,Completed
FIN_0053926,2026-02-11,ACC_00441,Human Resources,Revenue,83694.9,EUR,Miranda PLC,Completed
FIN_0043627,2024-06-26,ACC_00459,Information Technology,Purchase,30181.67,USD,Fischer and Sons,Pending
FIN_0292242,2023-02-10,ACC_00360,Engineering,Purchase,49741.68,USD,Farmer PLC,Completed
FIN_0084639,2025-05-16,ACC_00372,Operations,Operating Expense,47876.25,USD,Price-Durham,Pending
FIN_0344888,2021-10-10,ACC_00076,Manufacturing,Purchase,23726.52,USD,Martin-Holmes,Completed
FIN_0059428,2021-09-08,ACC_00469,Supply Chain,Operating Expense,22814.22,EUR,Pena-Ellis,Completed
FIN_0390968,2026-04-23,ACC_00400,Information Technology,Payroll,16131.86,SEK,"Johnson, Walker and Mayo",Completed
FIN_0031044,2024-05-08,ACC_00221,Finance,Revenue,16352.36,SEK,"Jones, Hurley and Dorsey",Completed
FIN_0394428,2021-10-15,ACC_00474,Information Technology,Operating Expense,9138.23,INR,Farrell PLC,Completed
FIN_0186119,2021-10-21,ACC_00490,Manufacturing,Revenue,83286.2,EUR,Hood-Davis,Completed
FIN_0313192,2021-02-08,ACC_00089,Operations,Revenue,20611.64,INR,"Hahn, Charles and Nelson",Completed
FIN_0462040,2022-08-12,ACC_00321,Finance,Payroll,40334.59,USD,Yoder-Stanton,Completed
FIN_0398743,2024-10-30,ACC_00360,Finance,Payroll,10393.5,USD,Miller LLC,Completed
FIN_0377685,2023-05-01,ACC_00236,Information Technology,Purchase,14437.08,SEK,"Collins, Wood and Bautista",Completed
FIN_0250727,2022-01-24,ACC_00398,Human Resources,Revenue,73553.31,EUR,Ballard-Hodge,Completed
FIN_0174029,2025-01-11,ACC_00402,Supply Chain,Purchase,23824.07,EUR,Young-Harris,Pending
FIN_0443027,2022-12-24,ACC_00187,Engineering,Purchase,26142.32,SEK,Gray Inc,Completed
FIN_0494719,2022-05-27,ACC_00012,Marketing,Purchase,17065.15,SEK,Riley LLC,Completed
FIN_0416569,2025-01-27,ACC_00432,Engineering,Revenue,7761.47,SEK,Cruz-Reed,Completed
FIN_0189025,2024-01-28,ACC_00188,Manufacturing,Revenue,93291.86,INR,Brooks-Gomez,Completed
FIN_0482849,2023-11-02,ACC_00260,Marketing,Revenue,72657.52,INR,Bright-Nelson,Completed
FIN_0268836,2024-06-21,ACC_00155,Manufacturing,Operating Expense,21987.85,USD,"Patrick, Reyes and Jones",Completed
FIN_0318325,2023-06-13,ACC_00413,Marketing,Revenue,32371.48,EUR,UNKNOWN,Completed
FIN_0475886,2025-07-26,ACC_00322,Marketing,Payroll,4956.32,USD,Garrett-Reyes,Completed
FIN_0008267,2021-09-27,ACC_00219,Human Resources,Revenue,48379.41,SEK,"Tucker, Shaw and Pacheco",Pending
FIN_0121368,2021-10-17,ACC_00429,Sales,Purchase,23335.84,EUR,Hernandez PLC,Pending
FIN_0148911,2022-11-26,ACC_00227,Sales,Revenue,23074.01,SEK,Olson-Mata,Completed
FIN_0202994,2025-01-27,ACC_00455,Human Resources,Revenue,42104.98,SEK,"Castaneda, Munoz and Washington",Completed
FIN_0301569,2023-09-29,ACC_00160,Human Resources,Revenue,31748.28,USD,Smith-Phillips,Completed
FIN_0098398,2025-02-17,ACC_00453,Information Technology,Operating Expense,36184.57,SEK,"Stephens, Hurley and Browning",Completed
FIN_0450581,2021-07-16,ACC_00426,Manufacturing,Purchase,4238.12,EUR,"Proctor, Chambers and Stephenson",Completed
FIN_0192616,2021-05-14,ACC_00429,Operations,Purchase,21524.48,SEK,Jones PLC,Completed
FIN_0367976,2023-02-15,ACC_00116,Operations,Payroll,2809.35,USD,Watson and Sons,Completed
FIN_0483498,2021-10-09,ACC_00201,Engineering,Purchase,12931.47,EUR,Martin Inc,Completed
FIN_0472134,2026-04-01,ACC_00448,Sales,Operating Expense,5131.93,USD,Lucas PLC,Completed
FIN_0270669,2024-08-30,ACC_00439,Supply Chain,Purchase,37108.53,INR,Oconnell-Sharp,Completed
FIN_0270862,2022-03-13,ACC_00417,Information Technology,Payroll,24679.21,SEK,Lambert-Page,Completed
FIN_0396141,2021-02-12,ACC_00402,Human Resources,Operating Expense,22907.05,SEK,Parsons and Sons,Completed
FIN_0119908,2026-05-25,ACC_00236,Sales,Payroll,16745.77,INR,"Smith, Ray and Murray",Completed
FIN_0429807,2022-04-16,ACC_00271,Manufacturing,Revenue,88483.68,INR,"Hall, Choi and Carson",Completed
FIN_0410170,2023-03-14,ACC_00091,Information Technology,Payroll,38794.05,USD,"Kirk, Martin and Morgan",Completed
FIN_0249335,2024-12-22,ACC_00328,Supply Chain,Revenue,9611.58,EUR,Flores-Evans,Completed
FIN_0488892,2023-04-11,ACC_00460,Sales,Revenue,70243.61,SEK,"Wiley, Klein and Dunn",Completed
FIN_0263591,2023-11-16,ACC_00325,Supply Chain,Purchase,39376.49,INR,Miller-Hill,Completed
FIN_0465384,2023-04-08,ACC_00469,Sales,Revenue,77706.27,EUR,Garza Group,Completed
FIN_0202663,2023-12-12,ACC_00429,Operations,Purchase,13523.09,EUR,Hammond-Ellis,Completed
FIN_0361954,2023-02-27,ACC_00349,Engineering,Purchase,29587.8,INR,Shea and Sons,Completed
FIN_0154514,2021-09-21,ACC_00472,Engineering,Payroll,48425.11,INR,"Wyatt, Mcneil and Gillespie",Completed
FIN_0120949,2021-04-14,ACC_00415,Engineering,Payroll,47399.73,EUR,"Sullivan, Hahn and Mcmahon",Completed
FIN_0095872,2024-10-29,ACC_00384,Finance,Purchase,11969.28,USD,"Little, Mcknight and Lowery",Completed
FIN_0075882,2022-12-22,ACC_00443,Engineering,Payroll,28485.28,INR,Miller Inc,Completed
FIN_0490925,2024-08-16,ACC_00009,Sales,Investment,24891.39,SEK,Thomas-Watson,Completed
FIN_0496288,2023-07-03,ACC_00045,Human Resources,Payroll,42614.03,EUR,"Lopez, Edwards and Hull",Completed
FIN_0147144,2024-02-23,ACC_00214,Operations,Purchase,25635.28,INR,"Williams, Garcia and Perry",Completed
FIN_0138447,2023-05-06,ACC_00287,Information Technology,Purchase,14716.02,SEK,Garcia and Sons,Completed
FIN_0088552,2023-06-24,ACC_00274,Manufacturing,Investment,19502.71,EUR,Hebert Ltd,Completed
FIN_0463792,2023-10-21,ACC_00085,Marketing,Payroll,29171.8,USD,Alexander and Sons,Completed
FIN_0202810,2024-12-22,ACC_00355,Supply Chain,Revenue,56614.11,EUR,"Fry, Serrano and Martinez",Completed
FIN_0085379,2021-11-26,ACC_00048,Sales,Purchase,26166.9,EUR,Boone-Garcia,Completed
FIN_0044693,2024-06-05,ACC_00338,Sales,Revenue,58137.59,USD,Foley Group,Completed
FIN_0170126,2024-07-01,ACC_00161,Engineering,Purchase,24208.53,USD,Price-Peterson,Completed
FIN_0058941,2025-10-04,ACC_00289,Supply Chain,Operating Expense,25983.03,INR,Willis-Walters,Completed
FIN_0461874,2023-08-05,ACC_00444,Marketing,Revenue,8728.65,EUR,Cooley Inc,Completed
FIN_0143891,2024-10-08,ACC_00101,Information Technology,Purchase,39199.99,SEK,"Roberts, Jones and Spencer",Completed
FIN_0042473,2021-05-22,ACC_00307,Marketing,Operating Expense,21183.78,EUR,Jackson-Calderon,Completed
FIN_0366341,2025-12-04,ACC_00047,Supply Chain,Investment,10384.34,USD,Kirk-Taylor,Completed
FIN_0326396,2022-02-24,ACC_00256,Finance,Operating Expense,24452.95,SEK,"Williams, Gonzalez and Gallagher",Completed
FIN_0059078,2023-10-04,ACC_00280,Marketing,Revenue,74319.23,INR,Kennedy-Patton,Completed
FIN_0208357,2023-03-10,ACC_00457,Operations,Purchase,40921.0,SEK,Marshall Group,Completed
FIN_0159491,2021-02-06,ACC_00492,Engineering,Revenue,5860.63,SEK,"Mitchell, Aguilar and Stone",Completed
FIN_0360427,2021-11-21,ACC_00101,Supply Chain,Payroll,4618.21,INR,"Macdonald, Decker and Coleman",Completed
FIN_0091585,2026-05-24,ACC_00476,Manufacturing,Revenue,64983.62,SEK,"Lee, Smith and Mills",Completed
FIN_0428528,2025-08-17,ACC_00307,Supply Chain,Purchase,30681.55,INR,UNKNOWN,Completed
FIN_0167823,2023-10-11,ACC_00394,Information Technology,Operating Expense,26993.15,SEK,"Hill, Evans and Calhoun",Completed
FIN_0024511,2021-08-22,ACC_00178,Manufacturing,Operating Expense,3163.95,EUR,"Figueroa, Francis and Hernandez",Completed
FIN_0376888,2021-12-31,ACC_00373,Finance,Revenue,96758.35,USD,Lee LLC,Completed
FIN_0283679,2025-06-24,ACC_00306,Engineering,Operating Expense,994.74,EUR,Taylor PLC,Failed
FIN_0242258,2025-08-01,ACC_00424,Finance,Payroll,47908.59,INR,"Knight, Vega and Allen",Completed
FIN_0216149,2025-06-03,ACC_00170,Sales,Revenue,10101.22,EUR,Mcguire Inc,Completed
FIN_0378133,2023-11-27,ACC_00352,Sales,Revenue,4149.45,EUR,"Brock, Ward and Peterson",Completed
FIN_0159681,2025-11-03,ACC_00416,Operations,Payroll,26533.97,USD,Wilson-Fields,Failed
FIN_0268087,2022-02-13,ACC_00224,Marketing,Payroll,22405.39,EUR,Ramos-Miller,Completed
FIN_0412415,2022-10-27,ACC_00477,Finance,Revenue,32435.43,SEK,Gutierrez LLC,Completed
FIN_0181639,2024-09-14,ACC_00288,Manufacturing,Revenue,44299.94,EUR,Fitzgerald Group,Completed
FIN_0398167,2021-12-22,ACC_00333,Information Technology,Purchase,24642.85,INR,Wade-Lucas,Completed
FIN_0135199,2026-01-12,ACC_00205,Information Technology,Revenue,90586.34,INR,"Robinson, Stewart and Caldwell",Completed
FIN_0001221,2025-10-17,ACC_00379,Supply Chain,Revenue,84496.5,SEK,"Perez, Allen and Hernandez",Completed
FIN_0001644,2022-10-30,ACC_00364,Sales,Operating Expense,3068.06,SEK,Mcdowell-Wilkins,Completed
FIN_0351176,2021-08-22,ACC_00245,Information Technology,Purchase,13390.58,USD,Smith-Clark,Completed
FIN_0301259,2022-05-09,ACC_00348,Human Resources,Operating Expense,33688.94,USD,Torres-Cantu,Completed
FIN_0067813,2025-09-28,ACC_00143,Marketing,Payroll,4113.1,SEK,Brown PLC,Completed
FIN_0252640,2022-04-01,ACC_00369,Supply Chain,Payroll,41170.72,SEK,"Montgomery, Flores and Castro",Completed
FIN_0452231,2022-09-07,ACC_00477,Marketing,Revenue,24397.64,USD,"Gould, Marshall and Schultz",Completed
FIN_0073298,2024-09-29,ACC_00334,Finance,Revenue,34410.89,SEK,"Conner, Davis and Scott",Completed
FIN_0266195,2024-03-02,ACC_00357,Manufacturing,Purchase,17118.53,EUR,Abbott-Martinez,Completed
FIN_0021032,2021-02-16,ACC_00463,Human Resources,Payroll,45601.24,INR,UNKNOWN,Completed
FIN_0381456,2021-04-03,ACC_00324,Finance,Operating Expense,467.19,USD,Rivera PLC,Completed
FIN_0397607,2022-05-22,ACC_00384,Human Resources,Operating Expense,15276.39,INR,Willis Group,Completed
FIN_0033457,2022-04-02,ACC_00247,Information Technology,Payroll,39460.59,EUR,Edwards-Jones,Pending
FIN_0462742,2023-02-14,ACC_00132,Marketing,Operating Expense,10681.91,INR,Conway and Sons,Pending
FIN_0051236,2025-02-01,ACC_00062,Manufacturing,Operating Expense,10844.04,SEK,Sanders-Cabrera,Completed
FIN_0177163,2025-04-04,ACC_00074,Human Resources,Operating Expense,36104.38,USD,White and Sons,Completed
FIN_0059996,2024-10-29,ACC_00446,Engineering,Operating Expense,10438.5,EUR,Haley PLC,Completed
FIN_0181233,2021-07-02,ACC_00089,Marketing,Purchase,23789.05,INR,Fry-Barnes,Completed
FIN_0114021,2022-08-04,ACC_00386,Marketing,Revenue,71226.67,INR,Shaw-Parker,Completed
FIN_0084146,2025-01-10,ACC_00216,Manufacturing,Revenue,17720.27,SEK,Miller and Sons,Failed
FIN_0169375,2024-03-09,ACC_00452,Information Technology,Revenue,34508.84,USD,Harris-Franklin,Completed
FIN_0396203,2026-06-21,ACC_00443,Information Technology,Purchase,48120.56,INR,"Nielsen, Finley and Scott",Completed
FIN_0174811,2021-07-15,ACC_00246,Engineering,Revenue,51998.4,SEK,Hall LLC,Completed
FIN_0121540,2025-10-22,ACC_00369,Operations,Revenue,90862.84,USD,"Griffith, Garrett and Bowen",Completed
FIN_0233778,2024-06-25,ACC_00262,Marketing,Revenue,41305.3,USD,Robertson LLC,Completed
FIN_0160713,2022-07-07,ACC_00194,Engineering,Revenue,4256.66,EUR,Reynolds Ltd,Failed
FIN_0418156,2021-06-02,ACC_00480,Sales,Operating Expense,45189.24,EUR,Farrell Ltd,Completed
FIN_0468273,2023-03-11,ACC_00396,Finance,Payroll,9151.9,SEK,Andrews LLC,Pending
FIN_0350961,2023-06-11,ACC_00400,Manufacturing,Payroll,25043.75,EUR,"Rosario, Chase and Martinez",Completed
FIN_0483991,2023-01-12,ACC_00156,Operations,Revenue,1988.71,EUR,Jensen Group,Completed
FIN_0305191,2022-07-07,ACC_00011,Engineering,Revenue,95707.52,EUR,White-Hart,Completed
FIN_0210777,2022-08-22,ACC_00366,Engineering,Operating Expense,33114.18,USD,Lane-Garcia,Completed
FIN_0298895,2026-06-11,ACC_00466,Manufacturing,Payroll,6990.42,EUR,Smith-Mccall,Pending
FIN_0371077,2025-06-08,ACC_00442,Sales,Revenue,38392.77,SEK,Clark-Meyer,Completed
FIN_0315086,2022-05-22,ACC_00311,Supply Chain,Operating Expense,9060.13,INR,"Cannon, Bryant and Thomas",Completed
FIN_0392061,2024-06-13,ACC_00442,Sales,Payroll,14627.31,USD,Mendoza LLC,Completed
FIN_0459603,2024-02-25,ACC_00456,Manufacturing,Purchase,46722.66,INR,"Sutton, Mcmillan and Johnson",Completed
FIN_0253087,2022-11-09,ACC_00011,Marketing,Investment,19489.26,EUR,Martinez-Gordon,Completed
FIN_0232017,2025-11-15,ACC_00193,Information Technology,Investment,9441.99,INR,Jensen Ltd,Completed
FIN_0287477,2021-07-02,ACC_00179,Manufacturing,Purchase,7676.13,SEK,Hunter-Gilbert,Completed
FIN_0060378,2025-12-21,ACC_00034,Operations,Payroll,41128.92,SEK,Cowan Group,Completed
FIN_0243817,2024-05-30,ACC_00276,Supply Chain,Purchase,14503.38,SEK,Kidd-Alvarez,Completed
FIN_0253879,2025-01-12,ACC_00210,Supply Chain,Operating Expense,44303.34,SEK,"Klein, Ward and Becker",Completed
FIN_0284912,2025-03-25,ACC_00148,Human Resources,Revenue,56698.96,INR,Lindsey-Sanchez,Completed
FIN_0183729,2022-08-17,ACC_00430,Sales,Revenue,46156.57,INR,"Terrell, Ford and Callahan",Completed
FIN_0029220,2023-02-20,ACC_00205,Manufacturing,Revenue,18934.57,SEK,Jenkins-Mcfarland,Completed
FIN_0264587,2023-05-17,ACC_00302,Supply Chain,Purchase,13289.94,EUR,Murphy-Krause,Completed
FIN_0317652,2021-03-24,ACC_00052,Manufacturing,Operating Expense,6249.88,INR,Acevedo-Cantu,Completed
