production_id,production_date,machine_id,product_id,location_id,shift,units_produced,defect_count,defect_rate,production_hours,production_status
PROD_0004942,2023-08-13,MACH_000400,PROD_00108,LOC_00193,Evening,457,9,0.0197,6.24,Completed
PROD_0051776,2021-02-04,MACH_000220,PROD_02339,LOC_00106,Night,420,10,0.0238,5.44,Completed
PROD_0115254,2021-07-11,MACH_000766,PROD_00948,LOC_00228,Morning,232,4,0.0172,5.6,In Progress
PROD_0299322,2025-06-28,MACH_000252,PROD_02318,LOC_00189,Night,498,6,0.012,8.02,Completed
PROD_0173571,2024-03-02,MACH_000044,PROD_00863,LOC_00250,Morning,395,10,0.0253,3.1,Completed
PROD_0030863,2022-11-07,MACH_001423,PROD_01246,LOC_00167,Night,259,10,0.0386,3.7,Completed
PROD_0244472,2025-06-15,MACH_000422,PROD_00539,LOC_00155,Night,180,7,0.0389,7.9,Completed
PROD_0127795,2022-04-24,MACH_001288,PROD_02614,LOC_00177,Evening,137,4,0.0292,4.23,Completed
PROD_0071559,2025-08-05,MACH_000681,PROD_02524,LOC_00028,Night,268,3,0.0112,11.83,Completed
PROD_0218012,2024-04-17,MACH_000262,PROD_04597,LOC_00044,Evening,249,9,0.0361,8.03,Completed
PROD_0148209,2023-10-08,MACH_001048,PROD_04260,LOC_00104,Morning,162,0,0.0,3.45,Completed
PROD_0155736,2026-05-13,MACH_000717,PROD_03846,LOC_00207,Evening,404,1,0.0025,4.86,Completed
PROD_0100699,2026-04-01,MACH_000061,PROD_03546,LOC_00016,Night,340,11,0.0324,9.93,Completed
PROD_0241404,2023-10-31,MACH_000195,PROD_04746,LOC_00240,Evening,143,0,0.0,6.95,Completed
PROD_0195273,2022-07-03,MACH_000122,PROD_04390,LOC_00180,Morning,443,3,0.0068,10.48,Completed
PROD_0238664,2023-09-29,MACH_000397,PROD_04212,LOC_00047,Evening,387,9,0.0233,8.96,Failed
PROD_0262958,2021-02-04,MACH_000077,PROD_01504,LOC_00006,Evening,417,17,0.0408,11.0,Completed
PROD_0207083,2022-03-09,MACH_000357,PROD_03783,LOC_00090,Evening,220,2,0.0091,5.34,Failed
PROD_0298897,2023-02-13,MACH_001457,PROD_00209,LOC_00240,Evening,210,0,0.0,9.04,Completed
PROD_0220947,2025-07-30,MACH_000685,PROD_02046,LOC_00180,Evening,294,12,0.0408,2.27,Completed
PROD_0074582,2023-10-18,MACH_001039,PROD_03996,LOC_00024,Evening,200,4,0.02,11.56,Completed
PROD_0253579,2021-09-02,MACH_000215,PROD_01403,LOC_00169,Evening,65,0,0.0,6.57,Completed
PROD_0047621,2022-09-17,MACH_000824,PROD_01240,LOC_00199,Night,463,11,0.0238,5.06,Completed
PROD_0092773,2021-12-13,MACH_000850,PROD_03248,LOC_00220,Night,311,0,0.0,2.81,Completed
PROD_0116905,2025-09-02,MACH_000766,PROD_00806,LOC_00198,Morning,307,6,0.0195,11.47,Completed
PROD_0208353,2022-11-22,MACH_000395,PROD_00775,LOC_00233,Evening,265,8,0.0302,6.44,Completed
PROD_0076045,2025-12-31,MACH_001052,PROD_03157,LOC_00042,Morning,367,6,0.0163,7.61,Completed
PROD_0202668,2025-10-24,MACH_000444,PROD_01102,LOC_00067,Morning,406,18,0.0443,8.46,Completed
PROD_0062135,2025-04-05,MACH_000387,PROD_03022,LOC_00186,Morning,142,3,0.0211,10.08,Completed
PROD_0277354,2022-07-05,MACH_000447,PROD_02111,LOC_00018,Evening,462,0,0.0,11.55,Completed
PROD_0064195,2021-04-08,MACH_000607,PROD_03688,LOC_00011,Night,422,8,0.019,3.79,Completed
PROD_0295823,2023-11-01,MACH_000798,PROD_01963,LOC_00146,Evening,344,9,0.0262,5.17,Completed
PROD_0027392,2022-04-03,MACH_001233,PROD_01102,LOC_00186,Morning,405,9,0.0222,5.61,Completed
PROD_0203501,2022-07-11,MACH_001275,PROD_04535,LOC_00201,Morning,225,1,0.0044,3.89,Completed
PROD_0264506,2021-03-06,MACH_000453,PROD_04585,LOC_00100,Morning,97,0,0.0,7.73,Completed
PROD_0297456,2026-05-10,MACH_001242,PROD_00508,LOC_00110,Night,375,5,0.0133,2.32,Completed
PROD_0137986,2026-02-24,MACH_000232,PROD_04326,LOC_00126,Evening,84,2,0.0238,6.72,Completed
PROD_0047623,2025-09-26,MACH_001185,PROD_00109,LOC_00226,Evening,244,1,0.0041,3.69,Completed
PROD_0021912,2023-12-29,MACH_000280,PROD_03074,LOC_00040,Morning,295,3,0.0102,2.02,Completed
PROD_0094182,2022-04-30,MACH_000108,PROD_04832,LOC_00197,Night,234,3,0.0128,11.17,Completed
PROD_0068118,2024-05-22,MACH_000284,PROD_02630,LOC_00250,Evening,99,0,0.0,2.37,Completed
PROD_0039649,2025-06-05,MACH_000438,PROD_03613,LOC_00205,Morning,324,3,0.0093,6.3,Failed
PROD_0073723,2025-11-27,MACH_000579,PROD_01765,LOC_00012,Morning,242,5,0.0207,8.25,Completed
PROD_0133457,2023-04-04,MACH_001283,PROD_04154,LOC_00229,Night,189,4,0.0212,2.65,UNKNOWN
PROD_0030764,2023-01-16,MACH_000178,PROD_03698,LOC_00071,Evening,231,3,0.013,5.89,Completed
PROD_0058097,2026-01-24,MACH_001122,PROD_03692,LOC_00249,Night,248,4,0.0161,9.84,Completed
PROD_0126980,2026-03-07,MACH_000301,PROD_03779,LOC_00051,Morning,95,3,0.0316,5.04,Completed
PROD_0149637,2025-12-31,MACH_001120,PROD_03238,LOC_00164,Night,349,11,0.0315,2.97,UNKNOWN
PROD_0027811,2023-07-17,MACH_000331,PROD_04103,LOC_00019,Evening,154,1,0.0065,11.14,UNKNOWN
PROD_0272002,2021-08-31,MACH_000972,PROD_01604,LOC_00038,Night,468,15,0.0321,7.09,Completed
PROD_0114618,2022-10-06,MACH_000963,PROD_04795,LOC_00189,Morning,370,4,0.0108,10.88,Completed
PROD_0190694,2026-01-06,MACH_000930,PROD_00063,LOC_00241,Night,173,6,0.0347,11.88,Completed
PROD_0219815,2025-03-18,MACH_000121,PROD_01368,LOC_00117,Night,213,6,0.0282,4.74,Completed
PROD_0067165,2024-06-21,MACH_000994,PROD_04018,LOC_00229,Night,84,2,0.0238,6.34,Completed
PROD_0083962,2022-09-19,MACH_001087,PROD_02776,LOC_00214,Night,342,2,0.0058,11.21,Completed
PROD_0254123,2023-08-09,MACH_000584,PROD_04167,LOC_00192,Evening,258,1,0.0039,2.11,Completed
PROD_0141379,2023-09-10,MACH_000790,PROD_03814,LOC_00172,Morning,250,8,0.032,11.74,Completed
PROD_0151755,2023-04-05,MACH_000775,PROD_02022,LOC_00058,Night,321,3,0.0093,5.12,Completed
PROD_0125014,2025-05-07,MACH_000193,PROD_02670,LOC_00011,Night,429,1,0.0023,11.15,Completed
PROD_0273553,2025-05-20,MACH_001135,PROD_04882,LOC_00133,Morning,253,1,0.004,4.73,Completed
PROD_0201854,2021-08-18,MACH_001132,PROD_03820,LOC_00043,Evening,188,5,0.0266,10.38,Completed
PROD_0099512,2026-06-03,MACH_000248,PROD_00175,LOC_00154,Evening,407,11,0.027,8.37,Completed
PROD_0025141,2021-01-18,MACH_000274,PROD_04461,LOC_00235,Night,348,16,0.046,11.62,Completed
PROD_0007604,2021-11-05,MACH_001413,PROD_03175,LOC_00226,Morning,423,0,0.0,4.11,Completed
PROD_0084096,2021-11-17,MACH_000735,PROD_01972,LOC_00162,Night,154,1,0.0065,8.08,Completed
PROD_0084072,2024-05-09,MACH_001123,PROD_00197,LOC_00068,Evening,158,1,0.0063,8.54,Completed
PROD_0151178,2022-12-29,MACH_000550,PROD_04931,LOC_00242,Night,270,2,0.0074,5.13,Completed
PROD_0294082,2023-12-01,MACH_000694,PROD_04554,LOC_00055,Morning,374,3,0.008,4.82,Completed
PROD_0088695,2024-01-31,MACH_000222,PROD_01884,LOC_00165,Morning,492,18,0.0366,9.32,Completed
PROD_0099933,2023-02-10,MACH_001426,PROD_00926,LOC_00086,Morning,306,3,0.0098,7.48,Completed
PROD_0014443,2021-07-14,MACH_000349,PROD_00234,LOC_00092,Night,203,2,0.0099,8.9,Completed
PROD_0162221,2021-10-27,MACH_000563,PROD_02343,LOC_00178,Evening,304,2,0.0066,8.28,UNKNOWN
PROD_0163632,2024-12-02,MACH_001086,PROD_00997,LOC_00094,Evening,408,14,0.0343,10.08,In Progress
PROD_0049024,2021-11-20,MACH_000496,PROD_03316,LOC_00160,Morning,242,2,0.0083,10.64,Completed
PROD_0080645,2026-05-25,MACH_000907,PROD_02297,LOC_00249,Morning,303,5,0.0165,5.42,Completed
PROD_0274017,2025-10-14,MACH_000011,PROD_04600,LOC_00148,Night,153,4,0.0261,11.74,Completed
PROD_0064877,2021-10-10,MACH_001302,PROD_04680,LOC_00051,Evening,424,12,0.0283,5.95,UNKNOWN
PROD_0156697,2026-05-10,MACH_000690,PROD_02165,LOC_00101,Evening,480,8,0.0167,9.43,Completed
PROD_0295992,2026-05-26,MACH_001209,PROD_00800,LOC_00036,Morning,196,5,0.0255,2.93,Completed
PROD_0192038,2026-02-01,MACH_000284,PROD_03146,LOC_00175,Evening,331,5,0.0151,7.17,Completed
PROD_0118766,2021-10-12,MACH_000711,PROD_01746,LOC_00060,Night,170,2,0.0118,10.58,Completed
PROD_0094749,2021-12-17,MACH_000273,PROD_03808,LOC_00035,Evening,365,10,0.0274,11.11,Completed
PROD_0251765,2026-05-08,MACH_000063,PROD_02297,LOC_00081,Morning,426,0,0.0,5.99,Completed
PROD_0060382,2021-06-12,MACH_000696,PROD_03161,LOC_00106,Night,66,2,0.0303,8.62,Completed
PROD_0283939,2022-03-16,MACH_000363,PROD_01430,LOC_00019,Night,204,1,0.0049,8.99,Completed
PROD_0195996,2022-09-05,MACH_000077,PROD_00776,LOC_00116,Night,261,7,0.0268,10.09,Completed
PROD_0112779,2024-04-09,MACH_000971,PROD_03373,LOC_00140,Evening,150,4,0.0267,7.16,Completed
PROD_0076728,2023-06-26,MACH_000696,PROD_02811,LOC_00109,Morning,358,2,0.0056,5.07,In Progress
PROD_0021436,2024-02-09,MACH_000804,PROD_00400,LOC_00102,Night,488,9,0.0184,11.56,Completed
PROD_0017469,2026-03-29,MACH_000185,PROD_03674,LOC_00152,Evening,459,6,0.0131,10.1,Completed
PROD_0225674,2022-11-06,MACH_001427,PROD_00108,LOC_00215,Morning,470,14,0.0298,9.92,Completed
PROD_0079760,2021-03-23,MACH_000622,PROD_01809,LOC_00094,Night,413,5,0.0121,8.39,Completed
PROD_0257600,2022-10-04,MACH_001084,PROD_02111,LOC_00246,Morning,165,0,0.0,3.73,Completed
PROD_0270721,2025-02-25,MACH_001491,PROD_03804,LOC_00162,Morning,273,6,0.022,4.73,Completed
PROD_0153802,2021-08-08,MACH_000437,PROD_04356,LOC_00167,Evening,333,6,0.018,7.07,Completed
PROD_0092267,2021-09-03,MACH_000041,PROD_03982,LOC_00192,Night,172,7,0.0407,8.73,Completed
PROD_0207330,2026-03-14,MACH_000495,PROD_01631,LOC_00191,Night,477,0,0.0,7.1,Completed
PROD_0243956,2021-05-03,MACH_001297,PROD_01293,LOC_00052,Evening,351,0,0.0,3.7,Completed
PROD_0288929,2022-04-01,MACH_000451,PROD_02527,LOC_00005,Morning,498,18,0.0361,3.64,Completed
PROD_0186601,2025-02-03,MACH_000880,PROD_04133,LOC_00113,Night,95,3,0.0316,6.92,Completed
PROD_0048006,2024-12-15,MACH_000015,PROD_02020,LOC_00153,Morning,225,10,0.0444,2.08,Completed
PROD_0212521,2026-01-26,MACH_000956,PROD_00082,LOC_00166,Night,277,3,0.0108,4.5,Completed
PROD_0294076,2022-07-27,MACH_000408,PROD_02277,LOC_00012,Evening,436,1,0.0023,11.12,In Progress
PROD_0131576,2024-08-30,MACH_000898,PROD_04813,LOC_00108,Evening,260,6,0.0231,2.13,In Progress
PROD_0202058,2026-01-15,MACH_001485,PROD_01432,LOC_00205,Morning,160,1,0.0063,4.41,Completed
PROD_0239161,2026-01-20,MACH_000034,PROD_01642,LOC_00159,Morning,420,18,0.0429,6.2,Completed
PROD_0092612,2022-02-24,MACH_000098,PROD_02966,LOC_00020,Evening,194,1,0.0052,4.2,Completed
PROD_0268352,2022-05-20,MACH_000124,PROD_00413,LOC_00157,Morning,349,3,0.0086,8.91,Completed
PROD_0259110,2025-01-21,MACH_000531,PROD_02572,LOC_00062,Evening,185,2,0.0108,2.07,UNKNOWN
PROD_0265329,2024-05-26,MACH_000792,PROD_00425,LOC_00061,Evening,411,6,0.0146,3.52,Completed
PROD_0229145,2025-07-27,MACH_000014,PROD_04882,LOC_00150,Night,165,2,0.0121,7.65,In Progress
PROD_0261303,2022-09-11,MACH_001259,PROD_03264,LOC_00030,Evening,389,8,0.0206,8.8,Completed
PROD_0084118,2023-01-05,MACH_000700,PROD_01131,LOC_00064,Night,54,0,0.0,4.1,Completed
PROD_0031190,2024-07-31,MACH_000424,PROD_02356,LOC_00140,Morning,316,0,0.0,9.93,In Progress
PROD_0107255,2022-06-01,MACH_000804,PROD_03890,LOC_00238,Evening,87,1,0.0115,4.1,Completed
PROD_0192799,2022-11-17,MACH_000451,PROD_00996,LOC_00137,Night,426,16,0.0376,9.85,Completed
PROD_0028084,2024-10-21,MACH_001135,PROD_04802,LOC_00037,Morning,234,6,0.0256,2.94,Completed
PROD_0118790,2025-11-29,MACH_001275,PROD_01031,LOC_00129,Evening,166,0,0.0,8.53,Completed
PROD_0002153,2021-04-23,MACH_001049,PROD_00069,LOC_00004,Morning,448,11,0.0246,2.83,Completed
PROD_0287027,2026-06-06,MACH_000579,PROD_01982,LOC_00018,Morning,176,1,0.0057,11.44,Completed
PROD_0249170,2023-09-03,MACH_000065,PROD_03422,LOC_00174,Evening,489,22,0.045,6.32,Completed
PROD_0137540,2022-11-21,MACH_001080,PROD_03054,LOC_00233,Evening,90,3,0.0333,3.08,UNKNOWN
PROD_0046292,2024-06-23,MACH_001461,PROD_00596,LOC_00072,Evening,177,5,0.0282,3.79,Completed
PROD_0030234,2023-09-23,MACH_000131,PROD_02968,LOC_00232,Morning,460,3,0.0065,5.0,Completed
PROD_0175146,2022-02-14,MACH_000744,PROD_04455,LOC_00113,Morning,327,3,0.0092,5.16,Completed
PROD_0050677,2022-04-22,MACH_001437,PROD_00092,LOC_00108,Morning,157,2,0.0127,11.22,Completed
PROD_0071571,2023-10-03,MACH_000190,PROD_03994,LOC_00002,Morning,289,10,0.0346,8.77,Failed
PROD_0219844,2024-11-10,MACH_001239,PROD_03016,LOC_00089,Morning,80,2,0.025,5.08,Completed
PROD_0036280,2021-09-30,MACH_000595,PROD_01461,LOC_00083,Evening,239,0,0.0,5.95,Completed
PROD_0066053,2023-09-14,MACH_000705,PROD_00881,LOC_00013,Night,236,8,0.0339,9.48,Completed
PROD_0252610,2024-04-05,MACH_001323,PROD_02447,LOC_00129,Evening,200,9,0.045,6.4,Completed
PROD_0024784,2025-03-09,MACH_000754,PROD_01305,LOC_00016,Evening,366,0,0.0,4.47,Completed
PROD_0299328,2023-08-26,MACH_001254,PROD_00789,LOC_00070,Night,424,8,0.0189,6.45,Completed
PROD_0095350,2021-11-04,MACH_000311,PROD_02433,LOC_00103,Morning,260,3,0.0115,4.92,Completed
PROD_0046333,2022-08-27,MACH_001109,PROD_03241,LOC_00247,Night,318,11,0.0346,8.54,Completed
PROD_0091241,2022-08-21,MACH_001319,PROD_02126,LOC_00250,Morning,105,0,0.0,4.92,Completed
PROD_0005446,2026-04-25,MACH_000559,PROD_03172,LOC_00089,Morning,463,4,0.0086,10.46,In Progress
PROD_0272877,2025-06-14,MACH_000139,PROD_04489,LOC_00198,Night,78,0,0.0,3.33,Completed
PROD_0043812,2025-11-08,MACH_001227,PROD_00443,LOC_00224,Night,89,3,0.0337,6.79,In Progress
PROD_0217083,2023-08-19,MACH_000121,PROD_01180,LOC_00101,Morning,216,3,0.0139,7.21,Failed
PROD_0100371,2025-06-06,MACH_000446,PROD_04671,LOC_00119,Night,274,6,0.0219,10.87,Completed
PROD_0258875,2025-05-16,MACH_000169,PROD_03581,LOC_00152,Night,157,5,0.0318,11.48,Completed
PROD_0121950,2026-04-09,MACH_000442,PROD_02083,LOC_00230,Morning,112,1,0.0089,5.63,Completed
PROD_0212951,2023-07-05,MACH_000099,PROD_04897,LOC_00018,Evening,300,9,0.03,3.49,Completed
PROD_0200058,2023-12-12,MACH_001495,PROD_04187,LOC_00057,Morning,293,11,0.0375,7.38,In Progress
PROD_0229178,2022-10-20,MACH_001280,PROD_01289,LOC_00191,Evening,238,0,0.0,9.06,Completed
PROD_0287839,2026-06-10,MACH_000782,PROD_02341,LOC_00007,Morning,445,13,0.0292,9.76,UNKNOWN
PROD_0213119,2024-02-22,MACH_001411,PROD_02872,LOC_00029,Night,177,0,0.0,8.04,Completed
PROD_0176476,2023-01-03,MACH_000282,PROD_00216,LOC_00147,Evening,269,0,0.0,5.7,Completed
PROD_0118177,2023-07-02,MACH_001081,PROD_02145,LOC_00096,Evening,333,15,0.045,10.45,Completed
PROD_0209025,2025-02-14,MACH_000266,PROD_00834,LOC_00160,Evening,358,1,0.0028,10.33,Completed
PROD_0221907,2021-10-24,MACH_000805,PROD_02029,LOC_00210,Morning,478,20,0.0418,10.95,Completed
PROD_0042494,2026-02-13,MACH_000270,PROD_03642,LOC_00233,Evening,259,0,0.0,11.35,Completed
PROD_0223729,2022-06-09,MACH_000830,PROD_03639,LOC_00128,Evening,380,14,0.0368,7.29,Completed
PROD_0141994,2025-08-31,MACH_001173,PROD_01447,LOC_00008,Evening,100,1,0.01,4.77,Completed
PROD_0055676,2025-02-01,MACH_000574,PROD_00926,LOC_00131,Night,412,1,0.0024,8.83,Completed
PROD_0224088,2023-08-10,MACH_000570,PROD_01202,LOC_00108,Morning,320,5,0.0156,10.96,Completed
PROD_0083656,2025-04-05,MACH_000314,PROD_01531,LOC_00147,Evening,147,3,0.0204,11.83,Completed
PROD_0061918,2025-12-17,MACH_000732,PROD_00427,LOC_00101,Evening,401,4,0.01,9.72,Completed
PROD_0153666,2024-05-09,MACH_000544,PROD_04113,LOC_00093,Night,336,8,0.0238,8.6,Completed
PROD_0155759,2024-08-25,MACH_001203,PROD_02872,LOC_00107,Night,438,18,0.0411,2.52,Completed
PROD_0190394,2022-03-11,MACH_000103,PROD_03767,LOC_00047,Night,374,5,0.0134,5.58,Completed
PROD_0231051,2022-02-20,MACH_000093,PROD_04077,LOC_00045,Morning,288,9,0.0312,5.55,Completed
PROD_0201123,2021-04-05,MACH_001057,PROD_02226,LOC_00194,Night,166,4,0.0241,4.03,Completed
PROD_0059268,2025-07-28,MACH_000418,PROD_01355,LOC_00117,Evening,404,19,0.047,7.4,Completed
PROD_0262488,2021-01-04,MACH_000331,PROD_00296,LOC_00076,Night,228,1,0.0044,7.55,Completed
PROD_0188583,2025-05-17,MACH_001413,PROD_01138,LOC_00148,Night,126,3,0.0238,10.0,Completed
PROD_0131815,2022-05-22,MACH_000882,PROD_02091,LOC_00081,Evening,138,2,0.0145,4.15,Completed
PROD_0073950,2026-06-14,MACH_000783,PROD_03599,LOC_00167,Morning,63,1,0.0159,3.2,Completed
PROD_0154309,2023-10-19,MACH_001156,PROD_01339,LOC_00018,Morning,323,4,0.0124,6.58,Completed
PROD_0167195,2023-01-12,MACH_001400,PROD_02594,LOC_00054,Evening,169,0,0.0,7.77,Completed
PROD_0277394,2024-09-04,MACH_000009,PROD_02007,LOC_00137,Night,56,0,0.0,4.83,Completed
PROD_0196836,2025-06-06,MACH_001163,PROD_02479,LOC_00211,Morning,51,1,0.0196,6.7,Completed
PROD_0091691,2021-03-25,MACH_000543,PROD_02548,LOC_00214,Night,239,9,0.0377,3.08,Completed
PROD_0162087,2022-05-21,MACH_000701,PROD_00824,LOC_00216,Night,387,11,0.0284,10.65,Completed
PROD_0231059,2021-09-22,MACH_000599,PROD_03859,LOC_00018,Night,353,10,0.0283,8.87,Completed
PROD_0054121,2022-10-23,MACH_000332,PROD_04448,LOC_00031,Morning,331,6,0.0181,3.7,Completed
PROD_0247859,2021-06-13,MACH_000938,PROD_01999,LOC_00160,Evening,435,13,0.0299,10.69,Completed
PROD_0098093,2023-06-17,MACH_001266,PROD_02576,LOC_00176,Night,231,0,0.0,3.56,Completed
PROD_0271916,2023-07-03,MACH_000017,PROD_01296,LOC_00043,Morning,142,3,0.0211,3.79,Completed
PROD_0044678,2023-05-25,MACH_000044,PROD_00077,LOC_00116,Night,250,11,0.044,3.93,Completed
PROD_0056079,2024-06-07,MACH_000743,PROD_03766,LOC_00248,Night,289,6,0.0208,6.47,UNKNOWN
PROD_0129376,2021-05-08,MACH_000067,PROD_00814,LOC_00161,Night,154,1,0.0065,7.14,Completed
PROD_0133362,2021-09-14,MACH_000644,PROD_01961,LOC_00101,Morning,97,1,0.0103,10.39,Completed
PROD_0085867,2025-10-24,MACH_000565,PROD_01230,LOC_00066,Night,456,10,0.0219,3.76,Completed
PROD_0191560,2025-06-30,MACH_001185,PROD_02426,LOC_00175,Night,384,3,0.0078,9.39,Completed
PROD_0218729,2024-12-28,MACH_000619,PROD_04758,LOC_00220,Night,347,0,0.0,7.33,Completed
PROD_0208772,2022-09-30,MACH_000639,PROD_01414,LOC_00149,Evening,496,5,0.0101,11.5,Completed
PROD_0109196,2023-12-25,MACH_000071,PROD_04637,LOC_00004,Evening,210,3,0.0143,2.15,UNKNOWN
PROD_0039550,2024-08-29,MACH_001134,PROD_01551,LOC_00215,Night,119,1,0.0084,8.68,Completed
PROD_0169829,2023-08-07,MACH_001017,PROD_03939,LOC_00240,Night,248,8,0.0323,5.84,Completed
PROD_0057417,2025-05-16,MACH_000150,PROD_01179,LOC_00066,Morning,78,0,0.0,11.44,Completed
PROD_0033194,2024-11-29,MACH_000564,PROD_03145,LOC_00022,Evening,472,13,0.0275,4.7,UNKNOWN
PROD_0173866,2024-04-05,MACH_000879,PROD_01503,LOC_00121,Evening,251,0,0.0,5.08,Completed
PROD_0050920,2026-05-27,MACH_000097,PROD_02888,LOC_00110,Morning,76,1,0.0132,9.34,Completed
PROD_0108505,2025-02-13,MACH_000114,PROD_02500,LOC_00063,Night,305,13,0.0426,6.14,UNKNOWN
PROD_0072964,2024-02-01,MACH_000402,PROD_03260,LOC_00099,Morning,322,14,0.0435,8.27,Completed
PROD_0270713,2022-10-29,MACH_000706,PROD_01886,LOC_00087,Morning,123,1,0.0081,3.48,Completed
PROD_0063505,2024-05-14,MACH_001193,PROD_04725,LOC_00016,Evening,176,2,0.0114,2.67,Completed
PROD_0026897,2021-02-17,MACH_000193,PROD_03557,LOC_00246,Morning,412,16,0.0388,5.57,Completed
PROD_0261153,2023-12-14,MACH_001191,PROD_03934,LOC_00049,Morning,300,11,0.0367,9.1,Completed
PROD_0008839,2021-01-05,MACH_000965,PROD_02666,LOC_00077,Evening,369,14,0.0379,11.86,UNKNOWN
PROD_0016065,2026-02-11,MACH_001027,PROD_00882,LOC_00192,Evening,356,4,0.0112,6.69,Completed
PROD_0107662,2022-10-07,MACH_000180,PROD_01823,LOC_00092,Morning,459,21,0.0458,11.93,In Progress
PROD_0130162,2022-03-26,MACH_000081,PROD_01185,LOC_00243,Evening,168,4,0.0238,3.02,Completed
PROD_0179574,2025-06-06,MACH_001077,PROD_04147,LOC_00137,Evening,201,6,0.0299,10.27,Completed
PROD_0116122,2025-03-31,MACH_000706,PROD_02358,LOC_00174,Evening,430,13,0.0302,2.29,Completed
PROD_0032235,2024-01-17,MACH_000865,PROD_04532,LOC_00171,Night,317,5,0.0158,5.44,Completed
PROD_0191737,2023-05-07,MACH_000115,PROD_02830,LOC_00152,Morning,237,2,0.0084,10.06,Completed
PROD_0057457,2023-01-16,MACH_000444,PROD_00786,LOC_00123,Night,338,0,0.0,8.41,In Progress
PROD_0160503,2021-06-22,MACH_000635,PROD_03431,LOC_00141,Evening,93,0,0.0,8.32,Completed
PROD_0215796,2022-08-28,MACH_001231,PROD_01109,LOC_00057,Morning,370,14,0.0378,6.17,Completed
PROD_0126715,2022-02-24,MACH_000517,PROD_00897,LOC_00197,Night,482,21,0.0436,3.52,Completed
PROD_0173048,2023-10-02,MACH_001386,PROD_03990,LOC_00124,Evening,136,0,0.0,3.6,In Progress
PROD_0097727,2025-02-01,MACH_001049,PROD_01862,LOC_00050,Morning,290,12,0.0414,8.08,UNKNOWN
PROD_0193812,2024-07-28,MACH_000506,PROD_03485,LOC_00180,Evening,361,7,0.0194,8.76,Completed
PROD_0017157,2023-07-16,MACH_001495,PROD_04765,LOC_00223,Evening,379,5,0.0132,7.92,Completed
PROD_0071056,2022-01-23,MACH_000431,PROD_02136,LOC_00241,Evening,178,6,0.0337,2.02,Completed
PROD_0193991,2024-03-11,MACH_000236,PROD_00050,LOC_00033,Morning,472,0,0.0,11.11,Completed
PROD_0052060,2026-03-25,MACH_000251,PROD_01935,LOC_00143,Night,232,10,0.0431,2.74,Completed
PROD_0274758,2023-04-12,MACH_000161,PROD_03647,LOC_00097,Night,422,17,0.0403,7.61,Completed
PROD_0001559,2023-01-11,MACH_000248,PROD_03724,LOC_00062,Night,333,5,0.015,6.81,Completed
PROD_0253082,2024-03-18,MACH_001447,PROD_01485,LOC_00090,Night,455,12,0.0264,7.01,Completed
PROD_0181910,2024-05-20,MACH_000435,PROD_04117,LOC_00077,Morning,287,6,0.0209,6.22,Completed
PROD_0145270,2023-06-07,MACH_000303,PROD_03817,LOC_00164,Evening,156,5,0.0321,6.07,Completed
PROD_0186661,2024-08-04,MACH_000865,PROD_03683,LOC_00069,Evening,307,4,0.013,9.95,Completed
PROD_0006480,2023-04-12,MACH_000720,PROD_01428,LOC_00243,Morning,397,11,0.0277,3.32,Completed
PROD_0249415,2021-03-06,MACH_000676,PROD_02791,LOC_00196,Night,323,6,0.0186,7.0,Completed
PROD_0043183,2022-11-14,MACH_001383,PROD_03997,LOC_00084,Morning,136,4,0.0294,2.28,Completed
PROD_0248530,2021-05-05,MACH_000617,PROD_03692,LOC_00101,Morning,180,1,0.0056,9.11,Completed
PROD_0125725,2023-05-05,MACH_001129,PROD_02633,LOC_00056,Night,465,13,0.028,6.38,Completed
PROD_0214269,2023-11-24,MACH_001037,PROD_02873,LOC_00141,Evening,399,0,0.0,3.43,Completed
PROD_0270768,2025-07-14,MACH_001270,PROD_02447,LOC_00076,Night,169,5,0.0296,6.16,Completed
PROD_0141104,2022-12-07,MACH_000736,PROD_02149,LOC_00130,Morning,121,4,0.0331,9.26,Completed
PROD_0292204,2024-08-06,MACH_001329,PROD_00696,LOC_00249,Morning,192,5,0.026,11.65,Completed
PROD_0062009,2022-01-28,MACH_000387,PROD_00050,LOC_00045,Night,70,0,0.0,2.05,Completed
PROD_0089123,2021-03-23,MACH_001339,PROD_04302,LOC_00110,Night,230,0,0.0,4.61,Completed
PROD_0047737,2026-03-05,MACH_001231,PROD_03470,LOC_00127,Evening,473,9,0.019,6.07,Completed
PROD_0222506,2023-04-29,MACH_001176,PROD_04784,LOC_00147,Night,293,1,0.0034,8.7,Completed
PROD_0029629,2024-12-29,MACH_001374,PROD_02197,LOC_00108,Morning,190,7,0.0368,9.06,Completed
PROD_0202217,2023-10-04,MACH_000620,PROD_00801,LOC_00030,Evening,403,15,0.0372,8.07,Completed
PROD_0194829,2022-12-17,MACH_001374,PROD_01914,LOC_00091,Evening,219,3,0.0137,7.38,Completed
PROD_0018650,2023-05-25,MACH_000315,PROD_02895,LOC_00071,Morning,110,3,0.0273,3.0,Completed
PROD_0199021,2024-05-17,MACH_000551,PROD_04648,LOC_00023,Evening,318,3,0.0094,10.94,Completed
PROD_0111555,2021-04-20,MACH_000736,PROD_03274,LOC_00075,Night,230,6,0.0261,11.79,Completed
PROD_0244688,2025-07-25,MACH_000142,PROD_00617,LOC_00197,Evening,366,2,0.0055,4.01,Completed
PROD_0230920,2021-05-16,MACH_000813,PROD_03440,LOC_00113,Evening,432,2,0.0046,2.54,Completed
PROD_0042398,2026-06-21,MACH_000947,PROD_02120,LOC_00171,Evening,243,5,0.0206,4.74,UNKNOWN
PROD_0221947,2023-08-03,MACH_001095,PROD_01259,LOC_00189,Night,373,2,0.0054,8.57,Completed
PROD_0168391,2022-07-11,MACH_001466,PROD_01727,LOC_00145,Evening,243,9,0.037,7.85,Completed
PROD_0175577,2026-02-21,MACH_000672,PROD_02111,LOC_00039,Morning,428,11,0.0257,10.77,Completed
PROD_0153542,2025-12-25,MACH_001477,PROD_03075,LOC_00183,Evening,78,1,0.0128,2.04,Completed
PROD_0074056,2025-03-12,MACH_001441,PROD_00728,LOC_00013,Night,108,1,0.0093,5.06,Completed
PROD_0233829,2023-02-24,MACH_001449,PROD_00483,LOC_00241,Morning,118,0,0.0,3.89,Failed
PROD_0131313,2021-01-02,MACH_001178,PROD_04898,LOC_00061,Night,265,11,0.0415,8.87,Completed
PROD_0224155,2021-03-13,MACH_000776,PROD_00120,LOC_00201,Evening,376,14,0.0372,8.24,Completed
PROD_0266744,2023-07-20,MACH_001227,PROD_01675,LOC_00072,Evening,326,7,0.0215,4.38,Completed
PROD_0015595,2023-08-29,MACH_000046,PROD_00124,LOC_00222,Evening,342,15,0.0439,5.45,Completed
PROD_0227420,2023-11-11,MACH_001494,PROD_04213,LOC_00014,Evening,364,3,0.0082,6.85,Failed
PROD_0115532,2022-07-17,MACH_000560,PROD_01096,LOC_00146,Night,316,12,0.038,2.31,Completed
PROD_0012283,2022-12-20,MACH_001028,PROD_04341,LOC_00037,Evening,376,6,0.016,11.0,Completed
PROD_0021848,2026-02-05,MACH_001024,PROD_02584,LOC_00244,Morning,53,1,0.0189,2.33,Completed
PROD_0086773,2025-10-05,MACH_000021,PROD_02810,LOC_00167,Evening,367,15,0.0409,9.68,Completed
PROD_0193140,2022-12-15,MACH_000172,PROD_01602,LOC_00038,Morning,441,11,0.0249,2.34,Completed
PROD_0100473,2021-07-07,MACH_000690,PROD_04909,LOC_00014,Night,372,17,0.0457,4.95,UNKNOWN
PROD_0177775,2024-09-20,MACH_001457,PROD_03945,LOC_00039,Evening,94,2,0.0213,7.55,Completed
PROD_0224463,2021-02-02,MACH_000676,PROD_02014,LOC_00137,Morning,98,2,0.0204,2.19,Completed
PROD_0255021,2023-10-29,MACH_001295,PROD_04105,LOC_00187,Evening,353,3,0.0085,5.71,Completed
PROD_0140853,2021-04-12,MACH_001380,PROD_01704,LOC_00160,Morning,114,1,0.0088,11.75,Completed
PROD_0006485,2022-03-27,MACH_000450,PROD_03892,LOC_00217,Morning,320,10,0.0312,8.69,Completed
PROD_0097192,2021-05-18,MACH_000661,PROD_04289,LOC_00015,Night,98,2,0.0204,9.94,Completed
PROD_0218797,2021-12-27,MACH_000236,PROD_04743,LOC_00223,Evening,307,5,0.0163,10.86,Completed
PROD_0146935,2021-05-09,MACH_000074,PROD_01560,LOC_00221,Morning,142,5,0.0352,4.8,Completed
PROD_0183991,2026-04-04,MACH_000757,PROD_00724,LOC_00248,Morning,267,10,0.0375,8.34,Completed
PROD_0150348,2023-12-20,MACH_001184,PROD_02776,LOC_00017,Night,212,0,0.0,8.75,Completed
PROD_0291296,2021-11-09,MACH_000474,PROD_02456,LOC_00080,Morning,379,15,0.0396,2.39,Completed
PROD_0175532,2023-04-11,MACH_001174,PROD_01936,LOC_00185,Morning,256,0,0.0,11.83,Completed
PROD_0080285,2022-06-20,MACH_000299,PROD_04308,LOC_00183,Morning,289,9,0.0311,9.85,Completed
PROD_0064298,2025-08-25,MACH_001218,PROD_04361,LOC_00184,Morning,85,0,0.0,10.21,Completed
PROD_0221588,2023-10-06,MACH_001058,PROD_04974,LOC_00165,Morning,460,12,0.0261,6.6,Completed
PROD_0145985,2021-09-25,MACH_000474,PROD_03441,LOC_00073,Evening,393,2,0.0051,4.79,Failed
PROD_0266814,2021-06-22,MACH_000453,PROD_00050,LOC_00189,Night,316,11,0.0348,11.45,Completed
PROD_0053726,2024-04-27,MACH_000764,PROD_00914,LOC_00215,Morning,314,9,0.0287,4.86,Completed
PROD_0171138,2022-04-06,MACH_001159,PROD_00563,LOC_00047,Evening,197,1,0.0051,8.68,Completed
PROD_0212765,2024-10-06,MACH_001015,PROD_03863,LOC_00152,Morning,83,3,0.0361,5.79,Completed
PROD_0030684,2021-08-09,MACH_000673,PROD_04109,LOC_00005,Morning,479,6,0.0125,7.22,Completed
PROD_0204087,2022-05-30,MACH_000434,PROD_01795,LOC_00180,Night,161,3,0.0186,6.41,Completed
PROD_0078595,2021-06-02,MACH_000585,PROD_01750,LOC_00008,Night,211,1,0.0047,5.02,Completed
PROD_0162788,2022-07-06,MACH_000004,PROD_02565,LOC_00159,Morning,51,1,0.0196,10.64,Completed
PROD_0212280,2021-01-01,MACH_000724,PROD_00883,LOC_00030,Night,283,5,0.0177,5.22,Completed
PROD_0033142,2022-02-10,MACH_001013,PROD_02252,LOC_00078,Morning,438,8,0.0183,10.7,Completed
PROD_0013871,2022-09-22,MACH_001396,PROD_01714,LOC_00238,Evening,281,12,0.0427,9.78,Completed
PROD_0205832,2021-07-13,MACH_000389,PROD_00056,LOC_00231,Evening,239,10,0.0418,11.47,Completed
PROD_0285807,2023-02-20,MACH_000900,PROD_04644,LOC_00206,Morning,285,0,0.0,11.65,Completed
PROD_0013821,2021-06-10,MACH_001009,PROD_04866,LOC_00230,Evening,86,0,0.0,11.25,Completed
PROD_0198919,2023-04-21,MACH_001379,PROD_01018,LOC_00146,Night,359,3,0.0084,11.43,Completed
PROD_0165990,2021-02-12,MACH_000375,PROD_01196,LOC_00084,Morning,122,3,0.0246,11.06,In Progress
PROD_0081378,2025-07-09,MACH_001037,PROD_01448,LOC_00026,Morning,434,19,0.0438,5.38,Completed
PROD_0149868,2022-01-10,MACH_000587,PROD_03718,LOC_00053,Night,73,1,0.0137,4.88,Completed
PROD_0192120,2025-04-16,MACH_001419,PROD_04487,LOC_00043,Morning,285,10,0.0351,10.67,Completed
PROD_0180211,2022-01-19,MACH_000158,PROD_03723,LOC_00167,Evening,354,14,0.0395,8.84,UNKNOWN
PROD_0147052,2025-01-26,MACH_001394,PROD_01417,LOC_00097,Morning,54,0,0.0,5.52,Completed
PROD_0127639,2024-07-31,MACH_000231,PROD_03182,LOC_00001,Evening,182,2,0.011,7.08,Completed
PROD_0291868,2021-11-23,MACH_000213,PROD_04208,LOC_00146,Evening,254,1,0.0039,9.38,Completed
PROD_0178583,2022-09-12,MACH_000786,PROD_00953,LOC_00070,Evening,268,9,0.0336,2.42,Completed
PROD_0127545,2022-11-08,MACH_000910,PROD_04070,LOC_00154,Morning,239,9,0.0377,6.43,Completed
PROD_0235718,2025-10-01,MACH_000755,PROD_00053,LOC_00214,Evening,151,4,0.0265,6.7,Completed
PROD_0171724,2022-03-25,MACH_000949,PROD_04154,LOC_00113,Night,319,6,0.0188,4.56,Completed
PROD_0161575,2024-06-29,MACH_000470,PROD_04454,LOC_00157,Morning,234,8,0.0342,10.84,Completed
PROD_0075410,2021-08-12,MACH_000584,PROD_04364,LOC_00222,Morning,282,9,0.0319,9.98,Completed
PROD_0090036,2025-07-18,MACH_001177,PROD_00909,LOC_00088,Night,50,0,0.0,7.35,Completed
PROD_0042841,2024-10-22,MACH_000759,PROD_01529,LOC_00156,Night,355,13,0.0366,7.26,Completed
PROD_0008582,2026-02-07,MACH_000999,PROD_04480,LOC_00194,Evening,215,5,0.0233,2.5,Completed
PROD_0013665,2023-07-17,MACH_000127,PROD_04869,LOC_00216,Night,236,0,0.0,9.96,Completed
PROD_0247465,2021-10-06,MACH_001170,PROD_01109,LOC_00112,Night,113,3,0.0265,2.43,Completed
PROD_0096425,2025-12-29,MACH_001389,PROD_00096,LOC_00059,Morning,294,7,0.0238,8.53,Completed
PROD_0194899,2021-09-21,MACH_000019,PROD_03686,LOC_00020,Evening,274,5,0.0182,8.67,Completed
PROD_0283533,2025-01-13,MACH_001051,PROD_03073,LOC_00204,Night,423,3,0.0071,6.88,UNKNOWN
PROD_0069532,2025-03-12,MACH_001172,PROD_03924,LOC_00080,Night,432,14,0.0324,11.33,Completed
PROD_0237885,2026-01-05,MACH_000084,PROD_00463,LOC_00016,Night,62,1,0.0161,4.11,Completed
PROD_0261894,2026-04-30,MACH_000033,PROD_04477,LOC_00235,Night,227,0,0.0,5.46,UNKNOWN
PROD_0150377,2025-02-25,MACH_000307,PROD_04809,LOC_00150,Evening,461,8,0.0174,4.59,Completed
PROD_0182444,2026-03-03,MACH_001091,PROD_03796,LOC_00112,Night,318,2,0.0063,8.72,Completed
PROD_0224407,2022-10-13,MACH_000142,PROD_04767,LOC_00018,Night,280,3,0.0107,9.92,UNKNOWN
PROD_0171333,2024-02-24,MACH_000214,PROD_01156,LOC_00214,Night,457,11,0.0241,10.09,Completed
PROD_0140443,2022-02-01,MACH_001134,PROD_01022,LOC_00167,Night,55,0,0.0,11.57,Completed
PROD_0154940,2022-09-08,MACH_000991,PROD_03071,LOC_00127,Evening,376,9,0.0239,5.89,Completed
PROD_0131260,2022-10-22,MACH_000771,PROD_01010,LOC_00210,Night,252,11,0.0437,6.55,Completed
PROD_0162294,2025-04-05,MACH_000871,PROD_02596,LOC_00019,Evening,361,17,0.0471,10.5,Completed
PROD_0292710,2021-09-06,MACH_000795,PROD_00490,LOC_00173,Night,149,2,0.0134,3.01,Completed
PROD_0264846,2024-07-12,MACH_000766,PROD_04105,LOC_00082,Night,95,0,0.0,11.7,Completed
PROD_0166132,2023-12-23,MACH_000009,PROD_01859,LOC_00064,Evening,64,0,0.0,6.63,UNKNOWN
PROD_0132329,2025-05-04,MACH_000420,PROD_00151,LOC_00083,Night,292,3,0.0103,8.35,Completed
PROD_0208064,2022-10-31,MACH_000309,PROD_03616,LOC_00100,Evening,353,5,0.0142,3.79,In Progress
PROD_0048323,2025-04-14,MACH_000711,PROD_00380,LOC_00061,Evening,213,1,0.0047,5.02,Completed
PROD_0016625,2022-08-03,MACH_001158,PROD_01101,LOC_00199,Morning,415,16,0.0386,6.88,Completed
PROD_0004735,2024-08-17,MACH_000659,PROD_04455,LOC_00115,Night,179,7,0.0391,7.98,Completed
PROD_0189591,2025-11-13,MACH_000606,PROD_03755,LOC_00156,Morning,455,21,0.0462,6.49,Completed
PROD_0101740,2023-06-28,MACH_000707,PROD_02635,LOC_00226,Morning,394,5,0.0127,8.93,UNKNOWN
PROD_0111001,2022-01-27,MACH_000193,PROD_02938,LOC_00049,Night,193,0,0.0,8.65,Completed
PROD_0198445,2023-09-25,MACH_000286,PROD_00112,LOC_00201,Morning,360,3,0.0083,2.52,Completed
PROD_0016639,2024-07-10,MACH_000444,PROD_04648,LOC_00238,Morning,258,3,0.0116,3.28,Completed
PROD_0055639,2026-01-23,MACH_000796,PROD_00574,LOC_00072,Morning,313,12,0.0383,10.57,Completed
PROD_0258789,2023-01-09,MACH_000878,PROD_02300,LOC_00023,Morning,61,2,0.0328,6.26,Completed
PROD_0238821,2024-02-09,MACH_000749,PROD_02833,LOC_00190,Morning,429,7,0.0163,10.15,Completed
PROD_0115604,2021-01-10,MACH_000471,PROD_00764,LOC_00083,Night,468,3,0.0064,3.46,UNKNOWN
PROD_0246940,2023-08-27,MACH_000641,PROD_01768,LOC_00021,Morning,428,7,0.0164,9.62,Completed
PROD_0191531,2023-02-12,MACH_000215,PROD_02697,LOC_00010,Morning,233,6,0.0258,6.88,Completed
PROD_0011214,2025-03-09,MACH_000616,PROD_04223,LOC_00074,Morning,419,3,0.0072,11.76,Completed
PROD_0027389,2024-03-04,MACH_000884,PROD_03095,LOC_00089,Morning,107,2,0.0187,4.62,Completed
PROD_0229062,2025-03-03,MACH_000539,PROD_02990,LOC_00039,Morning,67,0,0.0,11.22,Completed
PROD_0251978,2025-10-16,MACH_001208,PROD_04689,LOC_00032,Evening,209,5,0.0239,8.04,Completed
PROD_0023367,2024-12-31,MACH_000482,PROD_04721,LOC_00128,Morning,482,3,0.0062,4.86,Failed
PROD_0010058,2021-03-29,MACH_000783,PROD_01176,LOC_00035,Morning,262,12,0.0458,7.55,Completed
PROD_0112594,2025-03-24,MACH_000893,PROD_04250,LOC_00096,Evening,218,6,0.0275,9.59,Completed
PROD_0268566,2022-03-17,MACH_001296,PROD_04366,LOC_00175,Night,392,0,0.0,4.97,Completed
PROD_0157456,2022-12-02,MACH_000217,PROD_04886,LOC_00059,Evening,379,8,0.0211,6.32,Completed
PROD_0059188,2022-05-13,MACH_001091,PROD_00030,LOC_00125,Night,285,1,0.0035,5.56,Completed
PROD_0070373,2022-08-10,MACH_000316,PROD_01114,LOC_00232,Morning,447,12,0.0268,8.33,Completed
PROD_0126008,2023-10-08,MACH_000645,PROD_03866,LOC_00035,Morning,209,0,0.0,9.42,UNKNOWN
PROD_0197381,2022-07-04,MACH_000022,PROD_04442,LOC_00101,Evening,213,1,0.0047,7.42,Completed
PROD_0271739,2021-11-14,MACH_000797,PROD_03320,LOC_00010,Evening,157,4,0.0255,10.19,Completed
PROD_0194636,2022-07-19,MACH_001433,PROD_04559,LOC_00102,Evening,261,9,0.0345,9.02,Completed
PROD_0165243,2026-04-03,MACH_000460,PROD_00473,LOC_00020,Evening,276,4,0.0145,10.59,Completed
PROD_0047839,2025-12-12,MACH_000675,PROD_01055,LOC_00142,Night,455,0,0.0,10.04,Completed
PROD_0029772,2021-01-03,MACH_000281,PROD_00776,LOC_00199,Morning,276,2,0.0072,3.1,Completed
PROD_0257200,2025-01-31,MACH_000768,PROD_03673,LOC_00062,Morning,460,7,0.0152,8.84,Completed
PROD_0061815,2021-04-13,MACH_000850,PROD_03994,LOC_00005,Morning,260,11,0.0423,8.76,Completed
PROD_0208349,2026-01-16,MACH_000988,PROD_00057,LOC_00105,Morning,51,1,0.0196,8.35,Completed
PROD_0191266,2023-01-26,MACH_000242,PROD_02817,LOC_00104,Morning,429,15,0.035,8.39,Completed
PROD_0002158,2025-04-23,MACH_000675,PROD_04727,LOC_00069,Morning,266,3,0.0113,3.37,Completed
PROD_0188785,2024-09-15,MACH_001404,PROD_00272,LOC_00129,Night,422,9,0.0213,3.66,Completed
PROD_0095788,2021-02-08,MACH_000568,PROD_01341,LOC_00142,Night,339,10,0.0295,2.95,Completed
PROD_0238437,2025-10-11,MACH_000760,PROD_01650,LOC_00192,Night,325,14,0.0431,6.76,Completed
PROD_0239164,2022-04-23,MACH_001480,PROD_01069,LOC_00152,Night,122,4,0.0328,9.46,UNKNOWN
PROD_0295073,2024-10-25,MACH_000478,PROD_04934,LOC_00038,Evening,164,5,0.0305,8.99,Completed
PROD_0104339,2021-06-09,MACH_001109,PROD_03858,LOC_00099,Evening,360,1,0.0028,10.35,Failed
PROD_0291608,2025-06-10,MACH_000089,PROD_01364,LOC_00130,Evening,119,4,0.0336,3.18,Completed
PROD_0021709,2021-11-05,MACH_000935,PROD_01845,LOC_00240,Night,391,4,0.0102,11.99,Completed
PROD_0143150,2025-05-18,MACH_000962,PROD_04068,LOC_00197,Evening,193,5,0.0259,7.57,UNKNOWN
PROD_0137149,2023-12-02,MACH_000737,PROD_02520,LOC_00061,Night,470,12,0.0255,7.47,Completed
PROD_0078781,2022-12-07,MACH_000024,PROD_02962,LOC_00062,Morning,474,0,0.0,2.04,Completed
PROD_0092537,2023-06-06,MACH_000055,PROD_00475,LOC_00140,Night,290,6,0.0207,6.31,Completed
PROD_0271295,2021-06-21,MACH_001113,PROD_02938,LOC_00071,Morning,411,0,0.0,3.49,Completed
PROD_0079848,2021-03-05,MACH_001206,PROD_01925,LOC_00193,Night,331,0,0.0,3.97,Completed
PROD_0274307,2022-08-08,MACH_000189,PROD_04659,LOC_00055,Night,201,5,0.0249,9.92,Completed
PROD_0153715,2024-11-01,MACH_000033,PROD_04852,LOC_00084,Night,225,2,0.0089,11.08,UNKNOWN
PROD_0117115,2022-07-20,MACH_000883,PROD_01396,LOC_00106,Morning,187,7,0.0374,11.05,Completed
PROD_0295581,2022-12-24,MACH_001316,PROD_00440,LOC_00165,Morning,319,11,0.0345,9.45,Completed
PROD_0153342,2025-06-09,MACH_000601,PROD_00608,LOC_00243,Night,435,15,0.0345,9.98,Completed
PROD_0242232,2024-08-24,MACH_000980,PROD_03688,LOC_00182,Evening,91,1,0.011,2.62,Completed
PROD_0017421,2024-06-29,MACH_000218,PROD_03575,LOC_00069,Evening,309,5,0.0162,8.64,In Progress
PROD_0052377,2025-09-06,MACH_001191,PROD_00378,LOC_00036,Morning,170,3,0.0176,11.2,Completed
PROD_0071441,2022-07-29,MACH_000597,PROD_03317,LOC_00040,Night,304,0,0.0,7.77,Completed
PROD_0254001,2025-11-21,MACH_001030,PROD_04298,LOC_00063,Evening,261,12,0.046,11.83,Completed
PROD_0199109,2022-08-30,MACH_001296,PROD_00992,LOC_00007,Morning,206,1,0.0049,7.7,Completed
PROD_0146465,2023-07-31,MACH_001404,PROD_02308,LOC_00024,Evening,387,17,0.0439,8.16,Completed
PROD_0154058,2021-08-25,MACH_000858,PROD_01487,LOC_00046,Night,435,19,0.0437,4.86,Completed
PROD_0276395,2023-08-19,MACH_000442,PROD_04382,LOC_00030,Evening,388,0,0.0,10.25,Completed
PROD_0106503,2024-03-17,MACH_000513,PROD_02182,LOC_00189,Evening,150,3,0.02,11.99,Completed
PROD_0084375,2021-11-02,MACH_000099,PROD_01856,LOC_00093,Evening,494,11,0.0223,8.41,Completed
PROD_0253181,2024-12-22,MACH_000417,PROD_02788,LOC_00240,Morning,359,7,0.0195,8.87,Completed
PROD_0236366,2025-02-06,MACH_001038,PROD_03419,LOC_00125,Morning,469,9,0.0192,7.73,Completed
PROD_0182280,2022-03-19,MACH_000993,PROD_01237,LOC_00130,Morning,175,1,0.0057,5.82,Completed
PROD_0221110,2023-04-14,MACH_001499,PROD_02324,LOC_00222,Night,351,13,0.037,10.53,Completed
PROD_0289707,2022-10-17,MACH_001347,PROD_01583,LOC_00172,Evening,211,6,0.0284,2.7,Completed
PROD_0291439,2023-09-02,MACH_000254,PROD_01264,LOC_00062,Morning,132,1,0.0076,9.87,Completed
PROD_0071067,2023-06-07,MACH_000744,PROD_04003,LOC_00207,Evening,487,10,0.0205,6.41,Completed
PROD_0122790,2022-12-07,MACH_001476,PROD_04735,LOC_00112,Evening,306,13,0.0425,9.36,Completed
PROD_0194911,2023-12-10,MACH_000007,PROD_02074,LOC_00031,Night,257,11,0.0428,9.28,Completed
PROD_0145392,2025-05-26,MACH_000429,PROD_01405,LOC_00203,Evening,356,0,0.0,7.65,Completed
PROD_0199165,2023-07-31,MACH_001469,PROD_04550,LOC_00066,Evening,132,5,0.0379,6.82,Completed
PROD_0266383,2025-04-09,MACH_001124,PROD_00536,LOC_00076,Evening,422,1,0.0024,5.17,Completed
PROD_0271415,2022-03-29,MACH_000286,PROD_02977,LOC_00071,Night,215,9,0.0419,5.92,Completed
PROD_0167802,2021-11-04,MACH_000807,PROD_00198,LOC_00015,Morning,474,2,0.0042,5.28,In Progress
PROD_0061372,2022-09-30,MACH_000327,PROD_03550,LOC_00127,Morning,105,4,0.0381,10.19,Completed
PROD_0228791,2026-05-11,MACH_001179,PROD_03158,LOC_00187,Morning,487,19,0.039,10.39,Completed
PROD_0290879,2025-06-13,MACH_000616,PROD_02365,LOC_00081,Night,71,0,0.0,6.92,Completed
PROD_0144981,2024-05-28,MACH_000381,PROD_04055,LOC_00013,Morning,133,2,0.015,7.27,Completed
PROD_0119484,2026-05-16,MACH_001026,PROD_03486,LOC_00072,Evening,331,5,0.0151,7.86,Completed
PROD_0018605,2022-08-11,MACH_001210,PROD_01906,LOC_00065,Night,92,0,0.0,9.18,UNKNOWN
PROD_0138394,2025-05-05,MACH_000551,PROD_03486,LOC_00075,Morning,287,0,0.0,4.2,Completed
PROD_0083164,2023-02-10,MACH_000730,PROD_02485,LOC_00045,Night,50,0,0.0,10.38,In Progress
PROD_0077728,2026-06-15,MACH_000375,PROD_00107,LOC_00026,Night,271,2,0.0074,8.5,Completed
PROD_0224929,2024-07-25,MACH_000448,PROD_01706,LOC_00162,Night,395,14,0.0354,4.56,In Progress
PROD_0028597,2025-03-12,MACH_000136,PROD_03093,LOC_00213,Morning,163,6,0.0368,3.75,Completed
PROD_0157997,2025-01-01,MACH_001316,PROD_03064,LOC_00075,Night,348,15,0.0431,8.82,Completed
PROD_0108955,2023-04-28,MACH_000632,PROD_01179,LOC_00027,Evening,316,5,0.0158,9.94,Completed
PROD_0200858,2025-10-24,MACH_001155,PROD_04775,LOC_00208,Evening,433,16,0.037,7.42,Completed
PROD_0072174,2024-01-23,MACH_000982,PROD_01932,LOC_00037,Evening,107,3,0.028,7.71,Completed
PROD_0106184,2026-02-12,MACH_001407,PROD_02453,LOC_00152,Morning,94,1,0.0106,5.86,In Progress
PROD_0012329,2026-04-19,MACH_001319,PROD_02971,LOC_00108,Night,52,1,0.0192,11.62,Completed
PROD_0264482,2022-02-11,MACH_001020,PROD_00168,LOC_00094,Night,265,8,0.0302,3.7,Failed
PROD_0096135,2021-03-23,MACH_000718,PROD_04289,LOC_00039,Evening,127,0,0.0,6.79,Completed
PROD_0129426,2021-02-08,MACH_000944,PROD_00513,LOC_00100,Night,442,8,0.0181,8.66,Completed
PROD_0080442,2022-05-12,MACH_000610,PROD_00257,LOC_00143,Morning,176,5,0.0284,6.52,In Progress
PROD_0260523,2022-10-11,MACH_000889,PROD_00317,LOC_00177,Morning,442,21,0.0475,8.79,Completed
PROD_0072155,2021-11-27,MACH_000437,PROD_01389,LOC_00122,Night,68,0,0.0,3.06,In Progress
PROD_0093235,2023-02-17,MACH_000143,PROD_03871,LOC_00218,Night,255,1,0.0039,5.44,Completed
PROD_0058503,2025-05-24,MACH_000958,PROD_01981,LOC_00021,Night,238,6,0.0252,5.85,Completed
PROD_0277309,2023-11-23,MACH_001192,PROD_04565,LOC_00046,Night,379,0,0.0,8.67,UNKNOWN
PROD_0151010,2023-08-14,MACH_000226,PROD_00641,LOC_00143,Morning,110,2,0.0182,8.59,Completed
PROD_0090764,2023-04-19,MACH_000423,PROD_01740,LOC_00125,Evening,364,11,0.0302,11.89,Completed
PROD_0275586,2022-07-17,MACH_000888,PROD_02961,LOC_00024,Evening,217,9,0.0415,2.73,Completed
PROD_0077425,2025-08-18,MACH_000504,PROD_04129,LOC_00224,Evening,337,10,0.0297,4.74,UNKNOWN
PROD_0050948,2022-09-07,MACH_001194,PROD_02158,LOC_00241,Morning,311,10,0.0322,4.91,Completed
PROD_0086004,2021-09-01,MACH_001305,PROD_01884,LOC_00197,Morning,248,2,0.0081,7.69,Completed
PROD_0202927,2023-04-06,MACH_000569,PROD_02690,LOC_00063,Night,395,2,0.0051,10.85,Completed
PROD_0052895,2024-06-06,MACH_000013,PROD_00100,LOC_00235,Evening,176,2,0.0114,10.33,Completed
PROD_0152520,2022-01-30,MACH_000226,PROD_04236,LOC_00087,Night,286,2,0.007,4.72,Completed
PROD_0145899,2021-08-26,MACH_000233,PROD_03713,LOC_00194,Night,99,3,0.0303,3.04,Completed
PROD_0133628,2026-04-15,MACH_001236,PROD_01036,LOC_00166,Night,456,14,0.0307,8.03,Completed
PROD_0113026,2021-10-07,MACH_000098,PROD_03511,LOC_00134,Morning,333,15,0.045,5.04,Completed
PROD_0216656,2024-10-28,MACH_000855,PROD_00741,LOC_00192,Morning,257,10,0.0389,8.84,Completed
PROD_0173879,2024-04-21,MACH_000751,PROD_00587,LOC_00212,Morning,324,5,0.0154,4.45,Completed
PROD_0073955,2022-04-09,MACH_000136,PROD_00745,LOC_00043,Evening,295,1,0.0034,4.8,Completed
PROD_0257398,2022-12-05,MACH_001490,PROD_01670,LOC_00121,Night,188,5,0.0266,11.63,Completed
PROD_0103664,2021-08-30,MACH_001121,PROD_01716,LOC_00042,Night,353,7,0.0198,4.92,Completed
PROD_0281911,2026-04-23,MACH_001290,PROD_04026,LOC_00027,Evening,289,13,0.045,9.99,Completed
PROD_0104080,2026-01-27,MACH_000430,PROD_03656,LOC_00140,Night,397,16,0.0403,4.46,Completed
PROD_0083564,2024-08-01,MACH_000030,PROD_03633,LOC_00221,Evening,246,6,0.0244,8.83,Completed
PROD_0028437,2025-10-07,MACH_001114,PROD_00239,LOC_00218,Morning,146,3,0.0205,10.48,Completed
PROD_0206396,2022-07-28,MACH_001362,PROD_02814,LOC_00004,Night,466,1,0.0021,10.72,Completed
PROD_0239721,2025-07-03,MACH_000589,PROD_04399,LOC_00067,Evening,52,1,0.0192,9.99,Completed
PROD_0035660,2024-03-26,MACH_000605,PROD_01100,LOC_00231,Night,298,5,0.0168,9.32,In Progress
PROD_0267857,2025-09-03,MACH_000685,PROD_02569,LOC_00162,Night,432,13,0.0301,6.7,Completed
PROD_0025954,2025-10-29,MACH_000803,PROD_04392,LOC_00065,Night,284,7,0.0246,4.16,Completed
PROD_0108844,2021-08-05,MACH_001173,PROD_02217,LOC_00053,Morning,213,1,0.0047,6.53,Completed
PROD_0050566,2022-12-07,MACH_001378,PROD_01114,LOC_00165,Night,321,1,0.0031,3.92,Completed
PROD_0241575,2026-03-03,MACH_001415,PROD_00252,LOC_00023,Night,311,8,0.0257,4.11,UNKNOWN
PROD_0214652,2023-08-22,MACH_000997,PROD_01247,LOC_00045,Morning,286,9,0.0315,9.19,In Progress
PROD_0014905,2025-08-27,MACH_000779,PROD_04322,LOC_00098,Night,217,5,0.023,7.98,In Progress
PROD_0142218,2024-10-07,MACH_001172,PROD_02490,LOC_00083,Evening,316,5,0.0158,9.81,Completed
PROD_0053742,2021-10-09,MACH_000939,PROD_02176,LOC_00116,Night,203,7,0.0345,7.68,Completed
PROD_0017918,2024-10-18,MACH_000019,PROD_00049,LOC_00239,Night,170,7,0.0412,8.56,In Progress
PROD_0046528,2025-09-11,MACH_000469,PROD_00264,LOC_00201,Evening,447,11,0.0246,3.36,In Progress
PROD_0254259,2021-03-06,MACH_001426,PROD_04758,LOC_00232,Evening,324,1,0.0031,9.96,Completed
PROD_0117733,2024-12-31,MACH_000820,PROD_04748,LOC_00036,Night,62,1,0.0161,9.26,Completed
PROD_0084722,2025-09-03,MACH_000277,PROD_04032,LOC_00125,Morning,260,8,0.0308,3.97,Completed
PROD_0283230,2023-02-18,MACH_000393,PROD_01759,LOC_00213,Morning,243,4,0.0165,7.8,Completed
PROD_0174502,2024-09-03,MACH_000170,PROD_02517,LOC_00058,Morning,357,12,0.0336,9.91,Completed
PROD_0122945,2022-07-19,MACH_000212,PROD_04364,LOC_00039,Evening,374,7,0.0187,7.09,Completed
PROD_0001935,2021-05-08,MACH_000925,PROD_03301,LOC_00190,Morning,402,3,0.0075,7.89,In Progress
PROD_0275794,2022-04-07,MACH_000104,PROD_01004,LOC_00162,Morning,230,2,0.0087,8.68,Completed
PROD_0123229,2025-12-22,MACH_000575,PROD_04091,LOC_00173,Evening,104,3,0.0288,4.78,Completed
PROD_0024601,2024-11-10,MACH_001316,PROD_04523,LOC_00010,Morning,288,6,0.0208,7.11,Completed
PROD_0230992,2021-04-11,MACH_001236,PROD_03796,LOC_00103,Evening,141,2,0.0142,8.87,Completed
PROD_0056773,2024-02-13,MACH_000409,PROD_03264,LOC_00046,Evening,183,8,0.0437,5.64,Completed
PROD_0147504,2023-06-02,MACH_001178,PROD_04996,LOC_00051,Night,176,7,0.0398,6.18,Failed
PROD_0085742,2024-08-07,MACH_000484,PROD_04113,LOC_00089,Night,343,9,0.0262,11.1,In Progress
PROD_0069717,2022-11-08,MACH_000307,PROD_02751,LOC_00173,Evening,395,17,0.043,2.89,Completed
PROD_0264261,2021-08-08,MACH_000286,PROD_04691,LOC_00242,Morning,188,6,0.0319,8.14,UNKNOWN
PROD_0065738,2025-01-26,MACH_000998,PROD_03344,LOC_00104,Evening,106,4,0.0377,11.47,Completed
PROD_0099255,2024-04-20,MACH_000510,PROD_01774,LOC_00249,Night,171,4,0.0234,2.8,Completed
PROD_0223412,2024-07-01,MACH_000388,PROD_04809,LOC_00232,Night,224,0,0.0,7.48,Completed
PROD_0116647,2023-06-02,MACH_000504,PROD_03941,LOC_00185,Morning,441,17,0.0385,10.92,Completed
PROD_0075955,2024-03-09,MACH_000803,PROD_04055,LOC_00164,Morning,233,7,0.03,4.19,UNKNOWN
PROD_0125532,2024-03-13,MACH_001207,PROD_02408,LOC_00188,Night,390,7,0.0179,5.77,Completed
PROD_0236313,2025-06-16,MACH_001228,PROD_01164,LOC_00071,Morning,113,1,0.0088,6.89,Failed
PROD_0076949,2022-12-26,MACH_000403,PROD_02558,LOC_00163,Night,417,1,0.0024,5.74,Completed
PROD_0145528,2023-02-18,MACH_001311,PROD_02964,LOC_00141,Evening,496,16,0.0323,2.66,In Progress
PROD_0164480,2024-03-25,MACH_001289,PROD_03140,LOC_00214,Morning,283,10,0.0353,5.62,Completed
PROD_0282479,2025-07-31,MACH_001102,PROD_01510,LOC_00011,Night,358,16,0.0447,3.39,Completed
PROD_0110105,2023-09-04,MACH_001236,PROD_00930,LOC_00149,Night,72,1,0.0139,9.8,Completed
PROD_0276717,2025-05-09,MACH_001356,PROD_02235,LOC_00158,Morning,176,0,0.0,7.13,Completed
PROD_0021143,2026-01-11,MACH_000249,PROD_04403,LOC_00054,Evening,397,1,0.0025,11.0,Completed
PROD_0151239,2024-03-18,MACH_001231,PROD_04034,LOC_00202,Evening,275,4,0.0145,5.76,Completed
PROD_0286034,2024-07-10,MACH_000008,PROD_00281,LOC_00097,Night,387,13,0.0336,6.54,Completed
PROD_0094010,2023-05-15,MACH_000859,PROD_03355,LOC_00236,Evening,90,1,0.0111,9.16,Completed
PROD_0109339,2026-05-27,MACH_000663,PROD_04574,LOC_00074,Evening,399,6,0.015,3.48,Completed
PROD_0148929,2025-03-03,MACH_000119,PROD_01616,LOC_00037,Morning,473,2,0.0042,9.99,Completed
PROD_0286039,2023-03-13,MACH_001127,PROD_01574,LOC_00091,Evening,341,15,0.044,7.45,Completed
PROD_0029164,2025-11-19,MACH_000304,PROD_02674,LOC_00181,Evening,129,5,0.0388,4.81,Completed
PROD_0202368,2022-11-07,MACH_001425,PROD_00837,LOC_00176,Night,201,0,0.0,9.34,Completed
PROD_0037814,2023-05-02,MACH_000923,PROD_02149,LOC_00099,Morning,360,4,0.0111,3.23,Completed
PROD_0055175,2024-04-13,MACH_001052,PROD_00122,LOC_00210,Night,238,0,0.0,10.89,Completed
PROD_0113508,2021-06-09,MACH_001499,PROD_01143,LOC_00207,Night,229,2,0.0087,11.81,Completed
PROD_0200333,2024-10-14,MACH_000567,PROD_04511,LOC_00201,Morning,290,10,0.0345,2.48,Completed
PROD_0273191,2022-12-28,MACH_000749,PROD_02732,LOC_00057,Evening,358,15,0.0419,8.77,Completed
PROD_0242355,2024-12-30,MACH_001142,PROD_00004,LOC_00066,Night,482,5,0.0104,10.43,Completed
PROD_0093316,2024-08-05,MACH_000875,PROD_03287,LOC_00135,Evening,348,1,0.0029,8.06,Completed
PROD_0265464,2023-02-20,MACH_000131,PROD_04683,LOC_00174,Evening,412,4,0.0097,10.54,Completed
PROD_0290433,2021-01-28,MACH_000759,PROD_01220,LOC_00114,Evening,226,9,0.0398,11.94,Completed
PROD_0237128,2022-08-04,MACH_000375,PROD_02340,LOC_00118,Evening,192,5,0.026,10.39,Completed
PROD_0092372,2021-11-25,MACH_001382,PROD_04546,LOC_00042,Night,486,6,0.0123,8.25,In Progress
PROD_0032068,2022-07-12,MACH_000384,PROD_03939,LOC_00131,Evening,206,2,0.0097,3.58,Completed
PROD_0153032,2022-07-19,MACH_000642,PROD_03497,LOC_00209,Night,415,17,0.041,4.0,Completed
PROD_0211607,2022-06-07,MACH_000173,PROD_03627,LOC_00125,Night,190,0,0.0,7.78,Completed
PROD_0224440,2026-03-13,MACH_000048,PROD_04811,LOC_00154,Evening,302,1,0.0033,2.73,Completed
PROD_0012784,2024-03-23,MACH_001082,PROD_00915,LOC_00203,Night,257,3,0.0117,7.92,In Progress
PROD_0281292,2024-12-06,MACH_000529,PROD_01436,LOC_00102,Night,178,3,0.0169,9.94,Completed
PROD_0281985,2023-03-26,MACH_001350,PROD_03282,LOC_00196,Morning,298,5,0.0168,3.56,Completed
PROD_0265610,2024-03-22,MACH_000914,PROD_03870,LOC_00047,Evening,295,9,0.0305,3.62,Completed
PROD_0230595,2025-04-20,MACH_000722,PROD_01408,LOC_00214,Evening,383,18,0.047,5.02,In Progress
PROD_0022982,2024-02-04,MACH_001175,PROD_02976,LOC_00005,Morning,161,2,0.0124,4.18,Completed
PROD_0068320,2023-09-25,MACH_000828,PROD_00059,LOC_00039,Night,86,0,0.0,11.49,Completed
PROD_0011284,2025-09-26,MACH_000037,PROD_03092,LOC_00095,Night,286,4,0.014,10.71,Completed
PROD_0032855,2021-04-03,MACH_000967,PROD_01460,LOC_00179,Night,322,9,0.028,11.96,In Progress
PROD_0190654,2022-07-12,MACH_000590,PROD_04655,LOC_00157,Evening,359,14,0.039,5.53,Completed
PROD_0154923,2025-08-10,MACH_001095,PROD_01207,LOC_00143,Evening,455,0,0.0,2.61,Completed
PROD_0197082,2023-06-01,MACH_000744,PROD_02413,LOC_00075,Morning,225,10,0.0444,3.06,In Progress
PROD_0128026,2023-12-07,MACH_000870,PROD_00313,LOC_00157,Night,377,2,0.0053,5.67,Failed
PROD_0091678,2022-04-28,MACH_000073,PROD_00283,LOC_00059,Night,275,6,0.0218,3.51,Completed
PROD_0136088,2022-07-21,MACH_000671,PROD_01948,LOC_00186,Evening,390,9,0.0231,11.21,Completed
PROD_0182706,2022-06-16,MACH_000430,PROD_02900,LOC_00052,Morning,87,3,0.0345,8.63,Completed
PROD_0279388,2023-08-12,MACH_000432,PROD_02129,LOC_00100,Morning,324,8,0.0247,2.49,Completed
PROD_0004957,2025-08-09,MACH_001313,PROD_01793,LOC_00198,Night,436,20,0.0459,10.82,Completed
PROD_0157146,2026-04-28,MACH_001408,PROD_00056,LOC_00070,Night,283,3,0.0106,11.32,Completed
PROD_0048689,2026-01-14,MACH_000567,PROD_00766,LOC_00198,Evening,251,10,0.0398,2.95,Completed
PROD_0249115,2021-11-22,MACH_000390,PROD_01593,LOC_00210,Evening,386,2,0.0052,8.86,Completed
PROD_0056227,2026-01-07,MACH_001186,PROD_00297,LOC_00084,Night,307,8,0.0261,11.03,In Progress
PROD_0036313,2022-05-22,MACH_000696,PROD_04615,LOC_00246,Morning,225,6,0.0267,5.56,Completed
PROD_0105699,2024-02-07,MACH_000799,PROD_01177,LOC_00194,Morning,258,4,0.0155,8.39,UNKNOWN
PROD_0229008,2025-09-20,MACH_000566,PROD_00369,LOC_00130,Night,410,0,0.0,8.69,Completed
PROD_0176856,2023-03-08,MACH_001416,PROD_04100,LOC_00242,Night,476,16,0.0336,3.02,Completed
PROD_0022355,2022-05-29,MACH_001382,PROD_04067,LOC_00101,Morning,350,16,0.0457,10.7,Completed
PROD_0207971,2024-09-30,MACH_000234,PROD_04893,LOC_00024,Morning,342,6,0.0175,5.47,Completed
PROD_0297215,2024-10-14,MACH_000263,PROD_00403,LOC_00238,Morning,432,16,0.037,10.52,Completed
PROD_0135512,2025-05-03,MACH_001402,PROD_01793,LOC_00170,Evening,423,20,0.0473,5.18,Completed
PROD_0260470,2022-02-11,MACH_000102,PROD_01793,LOC_00131,Evening,222,6,0.027,9.86,Completed
PROD_0293209,2024-06-18,MACH_000326,PROD_01088,LOC_00217,Evening,193,8,0.0415,3.2,Completed
PROD_0134762,2022-04-28,MACH_000690,PROD_02526,LOC_00036,Morning,223,7,0.0314,5.1,Completed
PROD_0272313,2022-07-22,MACH_000766,PROD_02168,LOC_00236,Morning,139,3,0.0216,8.31,In Progress
PROD_0145390,2021-03-30,MACH_000870,PROD_02712,LOC_00246,Night,199,4,0.0201,9.48,In Progress
PROD_0032198,2024-12-23,MACH_001395,PROD_00509,LOC_00231,Morning,50,0,0.0,9.61,Completed
PROD_0186085,2023-03-15,MACH_000554,PROD_01102,LOC_00033,Morning,441,17,0.0385,6.95,Completed
PROD_0271388,2023-02-09,MACH_001216,PROD_03866,LOC_00123,Evening,82,2,0.0244,3.02,Completed
PROD_0132996,2021-09-04,MACH_001086,PROD_02294,LOC_00129,Evening,120,0,0.0,11.78,Completed
PROD_0192596,2024-02-13,MACH_000938,PROD_03009,LOC_00214,Morning,175,7,0.04,3.86,In Progress
PROD_0290211,2025-11-19,MACH_001455,PROD_00239,LOC_00139,Morning,460,18,0.0391,5.01,Completed
PROD_0083444,2024-06-04,MACH_001277,PROD_02194,LOC_00107,Evening,194,7,0.0361,3.27,Completed
PROD_0124861,2021-12-09,MACH_000680,PROD_02763,LOC_00200,Morning,469,15,0.032,3.2,Completed
PROD_0007706,2021-05-27,MACH_000955,PROD_01569,LOC_00103,Evening,202,9,0.0446,4.86,Completed
PROD_0260423,2021-11-02,MACH_000732,PROD_04343,LOC_00168,Night,335,1,0.003,6.9,Completed
PROD_0181744,2023-02-12,MACH_000834,PROD_03392,LOC_00088,Night,406,8,0.0197,5.48,Completed
PROD_0290213,2025-09-21,MACH_001130,PROD_02772,LOC_00041,Morning,118,4,0.0339,4.49,Completed
PROD_0009062,2026-01-14,MACH_000741,PROD_01223,LOC_00212,Morning,347,4,0.0115,11.29,Completed
PROD_0021023,2024-07-11,MACH_000345,PROD_00354,LOC_00195,Morning,302,9,0.0298,4.96,Completed
PROD_0292037,2022-09-30,MACH_001146,PROD_01833,LOC_00157,Morning,465,13,0.028,5.91,Completed
PROD_0205025,2023-03-20,MACH_000002,PROD_04270,LOC_00224,Evening,146,2,0.0137,3.59,Completed
PROD_0255240,2025-11-29,MACH_001232,PROD_00065,LOC_00174,Night,67,1,0.0149,9.33,Completed
PROD_0055357,2021-04-19,MACH_000707,PROD_02110,LOC_00012,Morning,147,6,0.0408,3.77,Completed
PROD_0040149,2021-05-06,MACH_000041,PROD_02706,LOC_00201,Evening,240,2,0.0083,2.6,Completed
PROD_0262339,2025-08-29,MACH_000672,PROD_03849,LOC_00079,Evening,144,1,0.0069,6.52,Completed
PROD_0157873,2023-02-12,MACH_000240,PROD_02934,LOC_00249,Morning,235,0,0.0,10.76,Completed
PROD_0004087,2026-03-13,MACH_000121,PROD_03833,LOC_00217,Morning,389,16,0.0411,11.72,Completed
PROD_0001709,2022-11-06,MACH_001063,PROD_00288,LOC_00124,Morning,495,7,0.0141,4.27,In Progress
PROD_0199519,2024-04-03,MACH_000747,PROD_04127,LOC_00235,Night,245,8,0.0327,9.01,Completed
PROD_0278816,2025-12-18,MACH_001103,PROD_02409,LOC_00008,Morning,99,2,0.0202,2.52,UNKNOWN
PROD_0295019,2023-08-15,MACH_000847,PROD_04357,LOC_00210,Morning,496,14,0.0282,6.83,Completed
PROD_0118981,2021-02-28,MACH_000446,PROD_01871,LOC_00085,Evening,122,4,0.0328,6.34,Completed
PROD_0122443,2023-09-20,MACH_001366,PROD_01388,LOC_00028,Night,110,2,0.0182,3.44,Completed
PROD_0247467,2023-10-12,MACH_000760,PROD_02467,LOC_00194,Evening,261,3,0.0115,2.53,Completed
PROD_0253411,2022-07-05,MACH_000358,PROD_01793,LOC_00025,Morning,155,2,0.0129,2.72,Completed
PROD_0238890,2022-10-12,MACH_000135,PROD_01675,LOC_00016,Morning,138,1,0.0072,6.6,Completed
PROD_0196665,2021-05-23,MACH_001274,PROD_03046,LOC_00203,Night,53,0,0.0,2.87,Failed
PROD_0290465,2024-06-29,MACH_000906,PROD_01015,LOC_00197,Night,284,1,0.0035,4.79,Completed
PROD_0193964,2025-09-30,MACH_001374,PROD_03752,LOC_00150,Evening,442,14,0.0317,5.32,Completed
PROD_0007876,2022-05-15,MACH_000246,PROD_02849,LOC_00216,Night,408,1,0.0025,9.97,Completed
PROD_0098709,2025-12-08,MACH_000198,PROD_04577,LOC_00190,Night,263,2,0.0076,3.01,Completed
PROD_0119111,2025-04-27,MACH_000716,PROD_02177,LOC_00034,Evening,167,0,0.0,2.62,Completed
PROD_0138009,2024-10-26,MACH_001076,PROD_02803,LOC_00142,Evening,239,5,0.0209,3.23,Completed
PROD_0012952,2022-07-22,MACH_001347,PROD_01133,LOC_00227,Morning,258,1,0.0039,5.82,Completed
PROD_0192498,2021-08-27,MACH_000880,PROD_01297,LOC_00197,Morning,275,6,0.0218,7.14,Completed
PROD_0163409,2021-11-07,MACH_000643,PROD_02608,LOC_00075,Evening,174,2,0.0115,7.7,Completed
PROD_0261641,2023-02-15,MACH_001271,PROD_04783,LOC_00212,Night,303,0,0.0,7.25,In Progress
PROD_0006870,2021-08-01,MACH_000210,PROD_00788,LOC_00097,Evening,488,22,0.0451,3.62,In Progress
PROD_0165581,2022-04-27,MACH_001159,PROD_02302,LOC_00189,Evening,237,5,0.0211,11.84,Completed
PROD_0136768,2025-10-15,MACH_001133,PROD_01761,LOC_00120,Evening,341,4,0.0117,10.94,Completed
PROD_0225732,2022-06-23,MACH_000733,PROD_02329,LOC_00026,Night,217,7,0.0323,7.56,Completed
PROD_0003023,2025-11-20,MACH_000216,PROD_01650,LOC_00161,Night,314,10,0.0318,5.54,Completed
PROD_0196077,2022-01-12,MACH_001092,PROD_01990,LOC_00017,Evening,307,6,0.0195,11.36,UNKNOWN
PROD_0234588,2024-09-07,MACH_000818,PROD_03002,LOC_00243,Night,268,10,0.0373,2.42,In Progress
PROD_0066310,2023-09-22,MACH_001327,PROD_01687,LOC_00234,Evening,107,0,0.0,11.92,Completed
PROD_0057975,2023-04-28,MACH_000197,PROD_03480,LOC_00209,Evening,297,4,0.0135,2.41,Completed
PROD_0140098,2021-01-04,MACH_000251,PROD_04010,LOC_00165,Morning,412,4,0.0097,11.43,Completed
PROD_0032337,2021-09-29,MACH_000780,PROD_00242,LOC_00164,Morning,266,0,0.0,7.07,Completed
PROD_0060784,2026-06-12,MACH_000093,PROD_01086,LOC_00086,Morning,426,6,0.0141,11.0,In Progress
PROD_0230911,2024-05-21,MACH_000124,PROD_02456,LOC_00172,Night,327,0,0.0,4.3,Completed
PROD_0026787,2023-11-16,MACH_001300,PROD_01876,LOC_00132,Morning,239,8,0.0335,5.21,Completed
PROD_0138069,2023-08-19,MACH_000321,PROD_01406,LOC_00246,Night,318,12,0.0377,2.06,Completed
PROD_0180765,2022-02-16,MACH_000460,PROD_02401,LOC_00209,Morning,81,3,0.037,9.62,Completed
PROD_0219327,2024-10-27,MACH_001321,PROD_04221,LOC_00239,Morning,331,12,0.0363,9.25,Completed
PROD_0231867,2024-11-15,MACH_000441,PROD_03016,LOC_00226,Night,249,3,0.012,6.35,Completed
PROD_0067829,2025-02-07,MACH_001435,PROD_01869,LOC_00215,Morning,139,0,0.0,11.25,Completed
PROD_0204207,2024-03-02,MACH_000386,PROD_04315,LOC_00110,Morning,209,6,0.0287,3.76,Completed
PROD_0037391,2022-02-20,MACH_001334,PROD_01454,LOC_00160,Morning,236,6,0.0254,5.71,Completed
PROD_0037187,2026-01-02,MACH_001187,PROD_03660,LOC_00211,Night,324,5,0.0154,5.89,Completed
PROD_0084335,2022-01-09,MACH_000749,PROD_03336,LOC_00145,Evening,144,1,0.0069,2.83,Completed
PROD_0071284,2024-07-22,MACH_000194,PROD_00417,LOC_00029,Morning,458,12,0.0262,7.29,Completed
PROD_0148430,2021-01-27,MACH_001027,PROD_04581,LOC_00067,Morning,208,3,0.0144,10.5,Completed
PROD_0007615,2022-01-13,MACH_000005,PROD_03518,LOC_00235,Night,171,3,0.0175,8.18,Completed
PROD_0140257,2022-03-03,MACH_001338,PROD_04504,LOC_00143,Morning,299,3,0.01,10.6,Completed
PROD_0041176,2022-05-07,MACH_001428,PROD_00529,LOC_00250,Morning,391,1,0.0026,9.05,Completed
PROD_0204659,2023-03-21,MACH_000410,PROD_03706,LOC_00011,Night,342,14,0.0409,3.26,Completed
PROD_0000255,2026-06-26,MACH_001141,PROD_00715,LOC_00051,Night,156,6,0.0385,2.08,Completed
PROD_0291740,2023-02-14,MACH_001362,PROD_04388,LOC_00048,Evening,244,3,0.0123,4.72,Completed
PROD_0078121,2024-01-01,MACH_000060,PROD_01667,LOC_00193,Evening,269,7,0.026,3.52,Completed
PROD_0243906,2022-05-17,MACH_001084,PROD_03098,LOC_00106,Evening,462,4,0.0087,9.93,Completed
PROD_0100630,2022-10-25,MACH_000785,PROD_03173,LOC_00048,Night,457,2,0.0044,2.24,Completed
PROD_0010321,2025-12-06,MACH_000788,PROD_02349,LOC_00088,Night,451,13,0.0288,11.08,Completed
PROD_0039113,2025-05-18,MACH_000699,PROD_03374,LOC_00183,Night,315,5,0.0159,3.62,Completed
PROD_0165421,2024-12-26,MACH_001124,PROD_04025,LOC_00120,Morning,272,8,0.0294,11.99,Completed
PROD_0079870,2023-06-14,MACH_000769,PROD_00087,LOC_00032,Morning,280,6,0.0214,3.33,Completed
PROD_0040304,2024-02-16,MACH_000351,PROD_04510,LOC_00009,Evening,269,0,0.0,11.47,Completed
PROD_0044932,2022-08-20,MACH_001430,PROD_04006,LOC_00060,Morning,422,8,0.019,11.85,Completed
PROD_0183656,2021-10-28,MACH_000865,PROD_02650,LOC_00024,Morning,127,2,0.0157,7.83,Completed
PROD_0275749,2024-12-24,MACH_001357,PROD_03763,LOC_00219,Night,320,2,0.0063,5.72,Completed
PROD_0244054,2025-04-30,MACH_001093,PROD_03801,LOC_00125,Morning,487,10,0.0205,9.24,Completed
PROD_0112184,2024-06-03,MACH_001145,PROD_03078,LOC_00140,Night,473,16,0.0338,9.81,Completed
PROD_0023551,2022-01-26,MACH_000391,PROD_02530,LOC_00001,Evening,490,12,0.0245,2.63,Completed
PROD_0167446,2024-11-22,MACH_000756,PROD_04154,LOC_00148,Night,108,3,0.0278,5.57,Completed
PROD_0047664,2024-01-07,MACH_000549,PROD_02208,LOC_00038,Morning,60,1,0.0167,5.63,Completed
PROD_0233487,2025-08-08,MACH_000662,PROD_00094,LOC_00210,Evening,477,17,0.0356,8.92,Completed
PROD_0214670,2021-04-29,MACH_001199,PROD_00855,LOC_00169,Night,364,5,0.0137,6.84,Completed
PROD_0193841,2023-11-30,MACH_000308,PROD_01586,LOC_00142,Evening,463,9,0.0194,2.29,Completed
PROD_0237419,2024-03-30,MACH_000923,PROD_02225,LOC_00222,Night,284,4,0.0141,5.22,Completed
PROD_0178558,2021-12-22,MACH_000805,PROD_04394,LOC_00074,Evening,312,8,0.0256,10.53,Completed
PROD_0261997,2023-07-16,MACH_000621,PROD_01867,LOC_00022,Morning,85,3,0.0353,5.33,Completed
PROD_0197207,2026-06-07,MACH_001039,PROD_02826,LOC_00244,Night,62,1,0.0161,5.98,Completed
PROD_0014424,2023-12-05,MACH_000433,PROD_03343,LOC_00109,Night,399,8,0.0201,11.69,Failed
PROD_0217457,2022-04-10,MACH_001067,PROD_03367,LOC_00056,Evening,427,13,0.0304,6.06,Completed
PROD_0003492,2021-04-20,MACH_000362,PROD_04299,LOC_00231,Morning,205,0,0.0,10.15,Completed
PROD_0085440,2022-11-05,MACH_000046,PROD_00640,LOC_00093,Night,253,0,0.0,9.23,Completed
PROD_0172234,2024-03-16,MACH_000212,PROD_03465,LOC_00128,Night,113,3,0.0265,2.09,Completed
PROD_0116133,2022-03-13,MACH_000709,PROD_04816,LOC_00170,Evening,324,0,0.0,4.12,Completed
PROD_0144547,2022-06-18,MACH_001313,PROD_04295,LOC_00148,Night,103,3,0.0291,4.58,Completed
PROD_0208037,2023-01-08,MACH_000065,PROD_02943,LOC_00062,Night,245,10,0.0408,11.8,Completed
PROD_0242689,2026-06-19,MACH_000084,PROD_02596,LOC_00152,Evening,235,0,0.0,9.17,Completed
PROD_0168750,2025-05-02,MACH_001255,PROD_03078,LOC_00190,Morning,243,0,0.0,6.57,Completed
PROD_0069769,2023-04-20,MACH_001328,PROD_03656,LOC_00025,Morning,442,20,0.0452,9.12,Completed
PROD_0136621,2022-08-03,MACH_000256,PROD_00889,LOC_00213,Morning,83,1,0.012,6.29,Completed
PROD_0296698,2023-10-12,MACH_001206,PROD_04691,LOC_00027,Night,99,3,0.0303,8.11,UNKNOWN
PROD_0155711,2024-09-14,MACH_000088,PROD_03450,LOC_00225,Evening,289,10,0.0346,6.59,Completed
PROD_0260327,2023-05-27,MACH_001038,PROD_03842,LOC_00126,Morning,179,5,0.0279,11.27,Completed
PROD_0072035,2025-08-14,MACH_001207,PROD_02179,LOC_00014,Evening,321,11,0.0343,10.4,Completed
PROD_0282628,2022-11-19,MACH_000116,PROD_04861,LOC_00099,Evening,296,6,0.0203,11.2,Completed
PROD_0205226,2021-09-06,MACH_000878,PROD_04212,LOC_00224,Morning,189,7,0.037,9.8,Completed
PROD_0257410,2025-01-19,MACH_000263,PROD_00997,LOC_00108,Morning,157,4,0.0255,9.05,Completed
PROD_0294247,2025-04-15,MACH_001466,PROD_04356,LOC_00138,Evening,244,7,0.0287,11.16,Completed
PROD_0121045,2026-02-24,MACH_000850,PROD_04815,LOC_00220,Morning,306,2,0.0065,11.68,Completed
PROD_0293317,2022-05-03,MACH_000038,PROD_04989,LOC_00205,Evening,471,11,0.0234,6.52,Completed
PROD_0040796,2021-03-24,MACH_001050,PROD_03238,LOC_00182,Night,133,3,0.0226,10.96,Failed
PROD_0204325,2025-12-10,MACH_000694,PROD_03195,LOC_00034,Night,58,1,0.0172,9.46,Completed
PROD_0018387,2026-02-20,MACH_000906,PROD_02934,LOC_00062,Evening,303,11,0.0363,7.52,Completed
PROD_0229141,2026-03-30,MACH_001292,PROD_00977,LOC_00019,Night,399,9,0.0226,7.45,Completed
PROD_0050560,2023-04-26,MACH_000777,PROD_04349,LOC_00061,Night,94,2,0.0213,7.16,Completed
PROD_0099135,2024-10-05,MACH_000775,PROD_00613,LOC_00151,Night,130,3,0.0231,10.82,Completed
PROD_0147028,2022-06-10,MACH_000230,PROD_01051,LOC_00135,Night,195,2,0.0103,2.21,Completed
PROD_0000050,2023-01-02,MACH_000269,PROD_04466,LOC_00124,Evening,360,15,0.0417,3.38,Completed
PROD_0283906,2025-04-17,MACH_000802,PROD_03204,LOC_00133,Evening,392,2,0.0051,10.37,Completed
PROD_0134706,2021-09-12,MACH_000968,PROD_01457,LOC_00086,Evening,456,6,0.0132,3.85,Completed
PROD_0099118,2024-11-21,MACH_000061,PROD_03640,LOC_00196,Evening,374,15,0.0401,3.27,In Progress
PROD_0099096,2023-10-07,MACH_000793,PROD_02880,LOC_00213,Evening,253,0,0.0,10.38,Completed
PROD_0155253,2025-02-11,MACH_001143,PROD_04019,LOC_00041,Evening,439,3,0.0068,6.18,Completed
PROD_0254190,2025-05-01,MACH_000305,PROD_01408,LOC_00123,Evening,92,1,0.0109,3.89,Completed
PROD_0291696,2021-05-31,MACH_000707,PROD_04366,LOC_00126,Night,70,0,0.0,5.13,Completed
PROD_0103504,2025-11-08,MACH_000909,PROD_04592,LOC_00087,Evening,488,17,0.0348,7.15,Completed
PROD_0126177,2023-07-19,MACH_000296,PROD_04625,LOC_00113,Morning,153,4,0.0261,7.39,Completed
PROD_0056198,2024-01-22,MACH_000210,PROD_01087,LOC_00050,Evening,205,6,0.0293,7.71,Completed
PROD_0232603,2024-10-21,MACH_001391,PROD_02903,LOC_00031,Morning,220,9,0.0409,3.25,Completed
PROD_0176024,2022-03-21,MACH_000245,PROD_04462,LOC_00157,Morning,474,22,0.0464,7.94,Completed
PROD_0297581,2022-03-13,MACH_000360,PROD_02042,LOC_00042,Night,117,3,0.0256,6.17,Completed
PROD_0019702,2024-10-15,MACH_000904,PROD_02204,LOC_00225,Morning,257,8,0.0311,5.09,Completed
PROD_0246189,2024-05-01,MACH_000700,PROD_04443,LOC_00004,Morning,186,2,0.0108,7.89,In Progress
PROD_0199494,2025-06-17,MACH_001452,PROD_04470,LOC_00005,Night,101,3,0.0297,4.33,Completed
PROD_0186420,2024-01-05,MACH_000726,PROD_02142,LOC_00194,Evening,384,11,0.0286,2.46,Completed
PROD_0229403,2024-02-12,MACH_000435,PROD_03678,LOC_00236,Morning,492,0,0.0,4.85,Completed
PROD_0158344,2021-09-21,MACH_001389,PROD_00048,LOC_00086,Morning,78,0,0.0,11.73,Completed
PROD_0179258,2025-09-04,MACH_000971,PROD_03260,LOC_00117,Evening,466,2,0.0043,4.48,Completed
PROD_0142786,2021-02-06,MACH_000370,PROD_02994,LOC_00020,Evening,296,9,0.0304,4.06,Completed
PROD_0264281,2024-04-27,MACH_000514,PROD_02554,LOC_00045,Night,473,18,0.0381,5.11,In Progress
PROD_0073885,2024-08-17,MACH_000732,PROD_04724,LOC_00028,Night,256,0,0.0,7.78,Completed
PROD_0183131,2024-06-08,MACH_000522,PROD_04398,LOC_00194,Night,445,9,0.0202,10.91,Completed
PROD_0020964,2022-03-13,MACH_000674,PROD_02824,LOC_00092,Evening,154,5,0.0325,2.9,Completed
PROD_0189829,2021-11-28,MACH_000181,PROD_02318,LOC_00210,Morning,386,0,0.0,7.35,Completed
PROD_0294414,2025-04-04,MACH_001209,PROD_00289,LOC_00111,Evening,384,12,0.0312,7.0,Completed
PROD_0130634,2023-12-18,MACH_000451,PROD_01182,LOC_00130,Night,217,2,0.0092,4.1,Failed
PROD_0245741,2025-01-10,MACH_000441,PROD_02612,LOC_00164,Night,440,13,0.0295,3.8,Completed
PROD_0289681,2021-01-20,MACH_000374,PROD_02693,LOC_00088,Morning,321,12,0.0374,8.47,UNKNOWN
PROD_0007412,2024-05-20,MACH_000005,PROD_02165,LOC_00246,Night,419,10,0.0239,11.4,Completed
PROD_0092894,2022-04-04,MACH_000209,PROD_01488,LOC_00069,Morning,89,2,0.0225,9.38,Completed
PROD_0257981,2023-08-23,MACH_001404,PROD_03586,LOC_00232,Evening,323,11,0.0341,11.23,Completed
PROD_0099475,2021-09-08,MACH_001125,PROD_01194,LOC_00138,Morning,158,5,0.0316,3.98,Completed
PROD_0233341,2023-07-13,MACH_001058,PROD_00704,LOC_00142,Morning,297,12,0.0404,9.59,Completed
PROD_0153241,2024-05-06,MACH_001024,PROD_01358,LOC_00071,Morning,333,7,0.021,2.62,Completed
PROD_0214631,2025-08-06,MACH_001163,PROD_04047,LOC_00046,Night,156,6,0.0385,6.36,Completed
PROD_0092818,2025-08-02,MACH_001184,PROD_03732,LOC_00183,Evening,447,11,0.0246,8.29,Completed
PROD_0221700,2022-04-05,MACH_001284,PROD_04616,LOC_00171,Evening,333,4,0.012,6.59,Completed
PROD_0084498,2023-05-15,MACH_000919,PROD_03012,LOC_00039,Evening,120,1,0.0083,8.25,Completed
PROD_0007300,2022-07-12,MACH_000525,PROD_01362,LOC_00121,Morning,130,1,0.0077,11.71,In Progress
PROD_0079998,2025-04-26,MACH_000901,PROD_03866,LOC_00180,Evening,230,9,0.0391,2.02,Completed
PROD_0011547,2024-07-07,MACH_000637,PROD_00125,LOC_00057,Evening,344,0,0.0,3.67,Completed
PROD_0289617,2022-01-21,MACH_000482,PROD_02769,LOC_00211,Evening,470,21,0.0447,2.68,Completed
PROD_0241581,2021-07-09,MACH_000275,PROD_02429,LOC_00168,Morning,151,1,0.0066,3.7,Completed
PROD_0174984,2025-07-29,MACH_000183,PROD_03787,LOC_00102,Night,266,12,0.0451,4.15,Completed
PROD_0165384,2021-05-01,MACH_000845,PROD_03243,LOC_00019,Evening,470,12,0.0255,3.26,Completed
PROD_0214887,2022-06-11,MACH_000045,PROD_03741,LOC_00162,Morning,402,8,0.0199,7.74,Completed
PROD_0272547,2025-07-19,MACH_001398,PROD_04470,LOC_00022,Morning,259,5,0.0193,11.66,Completed
PROD_0090311,2026-01-09,MACH_000846,PROD_04174,LOC_00180,Morning,259,9,0.0347,11.48,Completed
PROD_0134341,2021-11-05,MACH_001399,PROD_04027,LOC_00130,Night,307,4,0.013,11.91,Completed
PROD_0061471,2022-06-12,MACH_000037,PROD_03342,LOC_00038,Night,359,11,0.0306,8.39,Completed
PROD_0187439,2023-10-04,MACH_000697,PROD_00276,LOC_00084,Morning,485,21,0.0433,5.25,In Progress
PROD_0005864,2022-06-07,MACH_001412,PROD_01716,LOC_00203,Night,301,7,0.0233,10.28,UNKNOWN
PROD_0039769,2026-05-10,MACH_000231,PROD_02172,LOC_00095,Morning,481,3,0.0062,7.68,Completed
PROD_0008140,2024-03-03,MACH_001192,PROD_01129,LOC_00069,Night,150,4,0.0267,3.93,In Progress
PROD_0051751,2023-05-22,MACH_000415,PROD_03911,LOC_00076,Night,124,4,0.0323,9.14,Completed
PROD_0177440,2025-03-11,MACH_000512,PROD_03937,LOC_00065,Evening,462,18,0.039,8.02,Completed
PROD_0203053,2022-09-13,MACH_000092,PROD_01548,LOC_00002,Morning,51,1,0.0196,11.44,Completed
PROD_0154370,2024-11-25,MACH_000207,PROD_02297,LOC_00068,Night,316,6,0.019,5.34,Completed
PROD_0238731,2021-03-08,MACH_000629,PROD_01044,LOC_00064,Evening,410,8,0.0195,11.63,In Progress
PROD_0214072,2025-02-08,MACH_000722,PROD_02671,LOC_00076,Evening,102,4,0.0392,5.05,Completed
PROD_0276169,2025-05-12,MACH_001308,PROD_03630,LOC_00183,Morning,313,2,0.0064,2.73,Completed
PROD_0195588,2024-12-12,MACH_000464,PROD_02127,LOC_00232,Night,326,11,0.0337,9.7,Completed
PROD_0233107,2025-08-13,MACH_000088,PROD_02902,LOC_00069,Morning,212,4,0.0189,5.97,Completed
PROD_0021794,2025-06-11,MACH_001051,PROD_03154,LOC_00190,Evening,203,5,0.0246,11.39,Completed
PROD_0178750,2025-05-10,MACH_001165,PROD_01135,LOC_00137,Morning,314,1,0.0032,4.48,Completed
PROD_0031119,2023-05-27,MACH_000910,PROD_03783,LOC_00131,Night,173,0,0.0,8.24,Completed
PROD_0064774,2025-02-01,MACH_000329,PROD_04008,LOC_00245,Evening,228,8,0.0351,7.06,Completed
PROD_0031622,2025-03-14,MACH_000875,PROD_00453,LOC_00166,Evening,287,6,0.0209,9.11,Completed
PROD_0103338,2024-12-07,MACH_000036,PROD_00549,LOC_00073,Morning,347,14,0.0403,3.61,Completed
PROD_0200410,2021-04-13,MACH_001382,PROD_01105,LOC_00073,Morning,156,6,0.0385,4.23,Completed
PROD_0184921,2025-10-17,MACH_001258,PROD_03985,LOC_00112,Night,224,8,0.0357,7.22,Completed
PROD_0157343,2023-09-23,MACH_000300,PROD_01654,LOC_00243,Night,253,9,0.0356,9.18,Completed
PROD_0189251,2024-12-04,MACH_001115,PROD_02210,LOC_00016,Morning,131,0,0.0,11.16,Completed
PROD_0114063,2023-09-14,MACH_001334,PROD_00389,LOC_00185,Evening,497,13,0.0262,4.12,Completed
PROD_0142366,2025-06-24,MACH_000079,PROD_01511,LOC_00228,Evening,471,7,0.0149,2.89,Completed
PROD_0126891,2022-11-14,MACH_000203,PROD_01566,LOC_00160,Morning,400,12,0.03,8.62,Completed
PROD_0083843,2022-04-09,MACH_000098,PROD_00160,LOC_00028,Morning,186,3,0.0161,4.02,In Progress
PROD_0050058,2026-05-11,MACH_000331,PROD_00079,LOC_00210,Night,238,5,0.021,8.99,UNKNOWN
PROD_0289869,2025-03-11,MACH_001104,PROD_02308,LOC_00087,Evening,140,1,0.0071,2.5,In Progress
PROD_0193504,2021-07-27,MACH_001455,PROD_01410,LOC_00093,Evening,388,15,0.0387,2.12,Completed
PROD_0227458,2025-12-13,MACH_000405,PROD_04950,LOC_00019,Night,220,7,0.0318,2.96,Completed
PROD_0072870,2021-09-27,MACH_001074,PROD_03785,LOC_00049,Morning,313,7,0.0224,4.54,Completed
PROD_0159873,2025-09-11,MACH_000340,PROD_02476,LOC_00109,Evening,203,4,0.0197,8.57,Completed
PROD_0245880,2025-10-28,MACH_001484,PROD_04109,LOC_00111,Evening,218,9,0.0413,4.6,Completed
PROD_0115808,2023-04-03,MACH_001285,PROD_04461,LOC_00186,Night,401,4,0.01,7.72,UNKNOWN
PROD_0095086,2021-06-23,MACH_000869,PROD_01179,LOC_00113,Morning,113,0,0.0,10.39,Completed
PROD_0017639,2023-05-23,MACH_000415,PROD_02421,LOC_00176,Morning,317,8,0.0252,11.68,Completed
PROD_0146320,2023-01-01,MACH_001336,PROD_03128,LOC_00013,Night,349,13,0.0372,7.0,Completed
PROD_0116429,2023-08-10,MACH_000645,PROD_01212,LOC_00097,Night,411,13,0.0316,6.54,Completed
PROD_0210920,2022-04-27,MACH_001391,PROD_04986,LOC_00011,Morning,158,5,0.0316,6.87,Completed
PROD_0070785,2025-02-27,MACH_000512,PROD_01717,LOC_00088,Night,281,8,0.0285,6.49,Completed
PROD_0114705,2024-05-18,MACH_001102,PROD_04716,LOC_00198,Night,223,5,0.0224,10.05,Completed
PROD_0047740,2024-12-12,MACH_000549,PROD_03729,LOC_00108,Morning,229,1,0.0044,3.1,Completed
PROD_0024543,2021-11-06,MACH_000726,PROD_04723,LOC_00217,Morning,259,1,0.0039,3.93,Completed
PROD_0175424,2024-11-18,MACH_000598,PROD_03909,LOC_00102,Night,310,10,0.0323,9.75,Completed
PROD_0132837,2024-07-29,MACH_000824,PROD_00381,LOC_00202,Evening,463,12,0.0259,5.58,Completed
PROD_0198168,2025-07-14,MACH_000120,PROD_01102,LOC_00008,Night,230,9,0.0391,8.77,Completed
PROD_0024663,2024-08-11,MACH_000484,PROD_04650,LOC_00044,Morning,419,11,0.0263,10.66,Completed
PROD_0072791,2021-11-01,MACH_000272,PROD_02749,LOC_00038,Morning,463,8,0.0173,2.52,Completed
PROD_0217199,2021-01-27,MACH_000299,PROD_01739,LOC_00226,Evening,193,0,0.0,6.43,Completed
PROD_0285097,2025-06-30,MACH_000517,PROD_01834,LOC_00037,Night,498,6,0.012,6.91,Completed
PROD_0132314,2025-01-30,MACH_001151,PROD_02001,LOC_00116,Evening,251,8,0.0319,6.91,Completed
PROD_0035963,2021-03-02,MACH_000922,PROD_00456,LOC_00237,Morning,366,17,0.0464,8.47,Completed
PROD_0004088,2025-07-04,MACH_000836,PROD_01919,LOC_00242,Night,111,2,0.018,4.51,Completed
PROD_0009164,2023-03-27,MACH_000191,PROD_03257,LOC_00150,Morning,255,1,0.0039,7.05,Completed
PROD_0158832,2022-07-14,MACH_000020,PROD_02849,LOC_00035,Morning,372,4,0.0108,11.92,Completed
PROD_0240409,2021-02-11,MACH_000158,PROD_03110,LOC_00049,Night,330,2,0.0061,4.42,Completed
PROD_0003411,2024-09-04,MACH_000042,PROD_04897,LOC_00123,Night,428,17,0.0397,10.56,Failed
PROD_0070580,2024-06-30,MACH_001192,PROD_01429,LOC_00176,Night,179,5,0.0279,4.51,Completed
PROD_0168262,2025-11-11,MACH_001003,PROD_01783,LOC_00008,Evening,202,9,0.0446,7.65,Completed
PROD_0149659,2021-08-20,MACH_001405,PROD_01035,LOC_00205,Morning,455,16,0.0352,8.61,In Progress
PROD_0263065,2021-03-19,MACH_000651,PROD_00999,LOC_00195,Night,208,7,0.0337,6.75,In Progress
PROD_0199839,2022-12-12,MACH_000761,PROD_04728,LOC_00223,Morning,239,0,0.0,5.55,Completed
PROD_0185053,2021-01-16,MACH_000064,PROD_00068,LOC_00043,Night,138,5,0.0362,6.16,Completed
PROD_0111381,2023-10-13,MACH_000412,PROD_03238,LOC_00136,Evening,470,2,0.0043,8.89,Completed
PROD_0235728,2021-12-12,MACH_000770,PROD_02809,LOC_00129,Morning,246,1,0.0041,6.95,Completed
PROD_0025177,2023-12-16,MACH_000823,PROD_02946,LOC_00041,Evening,435,2,0.0046,2.26,Completed
PROD_0143528,2025-03-14,MACH_001356,PROD_03345,LOC_00022,Evening,406,15,0.0369,8.52,Completed
PROD_0014238,2022-08-20,MACH_000986,PROD_00959,LOC_00170,Night,179,1,0.0056,2.19,Completed
PROD_0194519,2026-04-19,MACH_000542,PROD_02876,LOC_00067,Night,202,8,0.0396,7.12,Completed
PROD_0074548,2021-11-26,MACH_000525,PROD_02041,LOC_00013,Evening,97,3,0.0309,6.04,Completed
PROD_0017025,2021-01-25,MACH_000780,PROD_04005,LOC_00206,Morning,265,9,0.034,11.19,Completed
PROD_0242416,2022-04-10,MACH_000469,PROD_03812,LOC_00014,Night,397,3,0.0076,5.46,Completed
PROD_0247159,2024-07-01,MACH_000745,PROD_01568,LOC_00005,Night,165,0,0.0,3.81,UNKNOWN
PROD_0089481,2025-03-02,MACH_000516,PROD_00613,LOC_00238,Evening,224,4,0.0179,9.12,Completed
PROD_0185958,2021-06-05,MACH_000194,PROD_04206,LOC_00158,Morning,237,2,0.0084,2.05,Completed
PROD_0294164,2023-07-19,MACH_001070,PROD_04846,LOC_00020,Morning,73,1,0.0137,6.53,Completed
PROD_0029480,2022-06-25,MACH_001473,PROD_03932,LOC_00109,Morning,440,16,0.0364,11.07,In Progress
PROD_0244412,2025-12-20,MACH_001324,PROD_03608,LOC_00105,Evening,234,2,0.0085,5.49,Completed
PROD_0245713,2026-05-14,MACH_001459,PROD_04065,LOC_00137,Evening,168,7,0.0417,10.9,Completed
PROD_0119543,2025-06-25,MACH_000765,PROD_00501,LOC_00070,Morning,465,22,0.0473,9.38,Failed
PROD_0083106,2025-03-08,MACH_000449,PROD_00763,LOC_00150,Morning,217,4,0.0184,8.23,Completed
PROD_0169981,2023-12-04,MACH_000371,PROD_00224,LOC_00147,Night,130,5,0.0385,5.44,Failed
PROD_0271770,2025-03-25,MACH_001277,PROD_01467,LOC_00067,Morning,193,4,0.0207,3.1,Completed
PROD_0269410,2026-01-22,MACH_000127,PROD_00312,LOC_00221,Morning,182,2,0.011,5.48,Completed
PROD_0249761,2024-05-07,MACH_001187,PROD_00303,LOC_00024,Evening,456,5,0.011,11.5,Completed
PROD_0032694,2026-03-16,MACH_000734,PROD_00483,LOC_00130,Night,325,1,0.0031,5.95,UNKNOWN
PROD_0287964,2024-02-27,MACH_001167,PROD_02697,LOC_00108,Night,152,2,0.0132,9.53,Completed
PROD_0202078,2023-09-16,MACH_001120,PROD_03367,LOC_00179,Evening,409,18,0.044,11.54,Completed
PROD_0211885,2022-07-29,MACH_000787,PROD_03050,LOC_00054,Night,474,8,0.0169,11.05,Failed
PROD_0231948,2021-04-29,MACH_000271,PROD_03266,LOC_00103,Evening,164,4,0.0244,11.14,Completed
PROD_0087647,2026-03-22,MACH_000613,PROD_01032,LOC_00055,Night,316,12,0.038,6.8,Completed
PROD_0010183,2021-12-27,MACH_000277,PROD_00957,LOC_00003,Morning,151,2,0.0132,4.29,Completed
PROD_0061753,2022-10-25,MACH_001005,PROD_00233,LOC_00215,Night,179,7,0.0391,8.16,In Progress
PROD_0164059,2023-07-02,MACH_001210,PROD_02020,LOC_00130,Evening,453,14,0.0309,9.15,Failed
PROD_0036717,2024-01-01,MACH_000555,PROD_03119,LOC_00055,Morning,348,9,0.0259,4.56,Completed
PROD_0208608,2021-04-23,MACH_000320,PROD_03170,LOC_00230,Morning,396,18,0.0455,5.57,Completed
PROD_0117088,2025-08-17,MACH_000813,PROD_04141,LOC_00058,Night,427,14,0.0328,7.01,Completed
PROD_0041456,2025-02-25,MACH_000899,PROD_04866,LOC_00030,Morning,288,7,0.0243,7.51,Completed
PROD_0122145,2021-12-15,MACH_000764,PROD_02416,LOC_00119,Evening,423,10,0.0236,6.96,Completed
PROD_0069675,2022-06-12,MACH_000543,PROD_03445,LOC_00007,Morning,215,6,0.0279,9.06,Completed
PROD_0087199,2024-01-18,MACH_001225,PROD_03651,LOC_00175,Evening,391,16,0.0409,10.09,Completed
PROD_0273356,2022-06-11,MACH_001094,PROD_02055,LOC_00183,Morning,73,2,0.0274,11.56,Completed
PROD_0168486,2021-02-27,MACH_000886,PROD_02435,LOC_00003,Morning,81,0,0.0,4.14,Completed
PROD_0265249,2026-01-29,MACH_000151,PROD_01901,LOC_00250,Morning,404,5,0.0124,9.65,Failed
PROD_0167076,2024-08-03,MACH_001077,PROD_01121,LOC_00088,Evening,229,8,0.0349,5.23,In Progress
PROD_0227367,2025-03-13,MACH_001008,PROD_02434,LOC_00029,Morning,174,0,0.0,9.32,Completed
PROD_0088083,2024-07-05,MACH_001336,PROD_04479,LOC_00081,Evening,90,1,0.0111,7.99,Completed
PROD_0203410,2021-01-19,MACH_000781,PROD_01171,LOC_00199,Evening,383,12,0.0313,9.76,Completed
PROD_0252814,2023-09-14,MACH_000111,PROD_04556,LOC_00208,Night,437,1,0.0023,5.58,Completed
PROD_0286031,2024-04-14,MACH_000013,PROD_04740,LOC_00096,Night,324,2,0.0062,2.43,Completed
PROD_0241224,2022-05-04,MACH_000599,PROD_01135,LOC_00250,Night,242,2,0.0083,9.0,Completed
PROD_0100595,2025-09-05,MACH_000812,PROD_00839,LOC_00144,Morning,151,0,0.0,5.82,Completed
PROD_0110793,2023-11-30,MACH_001267,PROD_00402,LOC_00010,Night,186,8,0.043,9.73,Completed
PROD_0159532,2026-03-18,MACH_000841,PROD_03073,LOC_00086,Morning,409,15,0.0367,9.28,Completed
PROD_0018684,2025-07-21,MACH_000380,PROD_00360,LOC_00149,Evening,284,5,0.0176,8.75,Completed
PROD_0290869,2024-03-18,MACH_001329,PROD_00907,LOC_00215,Morning,124,4,0.0323,11.0,Completed
PROD_0103758,2025-11-11,MACH_001184,PROD_00612,LOC_00053,Evening,436,5,0.0115,3.51,Completed
PROD_0235943,2026-03-25,MACH_000609,PROD_03578,LOC_00096,Night,157,5,0.0318,8.92,UNKNOWN
PROD_0155019,2022-12-23,MACH_000050,PROD_04568,LOC_00172,Morning,125,1,0.008,2.85,Completed
PROD_0080969,2024-08-07,MACH_000323,PROD_02443,LOC_00066,Morning,248,6,0.0242,10.82,Completed
PROD_0259700,2026-03-23,MACH_000873,PROD_03008,LOC_00158,Morning,78,1,0.0128,6.96,Completed
PROD_0032124,2024-06-01,MACH_001009,PROD_02702,LOC_00170,Evening,77,2,0.026,8.98,Completed
PROD_0152369,2025-12-26,MACH_000221,PROD_02230,LOC_00196,Night,243,8,0.0329,8.93,Completed
PROD_0138858,2025-01-07,MACH_000131,PROD_02249,LOC_00148,Morning,462,1,0.0022,3.18,Completed
PROD_0210614,2021-11-24,MACH_000802,PROD_02928,LOC_00080,Night,323,11,0.0341,3.23,Completed
PROD_0262090,2024-10-20,MACH_000311,PROD_00581,LOC_00205,Night,335,9,0.0269,10.65,Completed
PROD_0123382,2023-02-19,MACH_001382,PROD_03604,LOC_00109,Night,94,1,0.0106,4.25,Completed
PROD_0106532,2022-04-30,MACH_000570,PROD_04975,LOC_00229,Evening,300,3,0.01,11.76,Completed
PROD_0203231,2021-10-30,MACH_001085,PROD_03987,LOC_00119,Morning,475,1,0.0021,11.51,Completed
PROD_0118794,2023-11-24,MACH_000037,PROD_02931,LOC_00184,Evening,362,5,0.0138,5.24,Completed
PROD_0294621,2023-01-01,MACH_000383,PROD_04164,LOC_00198,Morning,144,2,0.0139,5.58,Completed
PROD_0256609,2021-12-28,MACH_000838,PROD_00152,LOC_00149,Morning,152,4,0.0263,7.43,Completed
PROD_0194214,2024-05-08,MACH_000428,PROD_00339,LOC_00062,Night,118,2,0.0169,5.54,Completed
PROD_0074896,2021-10-14,MACH_000889,PROD_02026,LOC_00057,Night,496,22,0.0444,4.1,Completed
PROD_0201526,2025-01-16,MACH_001043,PROD_01403,LOC_00246,Evening,450,0,0.0,10.33,Completed
PROD_0213745,2026-04-15,MACH_000581,PROD_01130,LOC_00035,Evening,422,8,0.019,7.33,Completed
PROD_0294450,2026-05-12,MACH_000160,PROD_00688,LOC_00118,Morning,237,5,0.0211,11.25,Completed
PROD_0179806,2021-05-17,MACH_001232,PROD_01306,LOC_00155,Night,401,19,0.0474,6.7,Completed
PROD_0193189,2025-04-24,MACH_001234,PROD_00876,LOC_00094,Evening,464,22,0.0474,10.9,Completed
PROD_0143527,2021-08-06,MACH_001415,PROD_04858,LOC_00195,Night,179,0,0.0,6.32,Failed
PROD_0026719,2025-10-21,MACH_000469,PROD_01916,LOC_00015,Night,86,3,0.0349,8.76,Completed
PROD_0093209,2025-04-23,MACH_000841,PROD_01738,LOC_00232,Morning,150,2,0.0133,5.31,Completed
PROD_0061428,2024-08-13,MACH_001241,PROD_01416,LOC_00100,Evening,357,2,0.0056,7.34,Completed
PROD_0298592,2022-05-21,MACH_001158,PROD_01958,LOC_00130,Evening,410,12,0.0293,8.1,Completed
PROD_0183137,2021-12-01,MACH_001118,PROD_04051,LOC_00138,Morning,142,2,0.0141,6.44,Completed
PROD_0120465,2022-08-21,MACH_001165,PROD_04535,LOC_00144,Evening,392,15,0.0383,4.92,Failed
PROD_0127684,2024-12-08,MACH_000966,PROD_01888,LOC_00038,Morning,262,5,0.0191,10.07,In Progress
PROD_0257944,2025-04-02,MACH_001215,PROD_01185,LOC_00034,Night,149,0,0.0,11.75,Completed
PROD_0089086,2025-01-14,MACH_000809,PROD_02888,LOC_00202,Morning,277,12,0.0433,9.87,Completed
PROD_0096840,2021-01-07,MACH_001396,PROD_00029,LOC_00051,Night,298,4,0.0134,3.31,Completed
PROD_0218579,2024-10-30,MACH_000707,PROD_03714,LOC_00064,Evening,102,1,0.0098,4.4,UNKNOWN
PROD_0162363,2025-03-05,MACH_001088,PROD_01480,LOC_00153,Night,245,11,0.0449,2.84,Completed
PROD_0232930,2023-01-27,MACH_000357,PROD_01610,LOC_00173,Night,428,16,0.0374,8.41,Completed
PROD_0111251,2023-11-28,MACH_000105,PROD_02906,LOC_00119,Morning,285,12,0.0421,3.04,Completed
PROD_0154982,2024-03-15,MACH_001158,PROD_04088,LOC_00085,Evening,336,4,0.0119,7.93,Completed
PROD_0006227,2024-05-22,MACH_001382,PROD_04874,LOC_00009,Morning,98,1,0.0102,4.34,Completed
PROD_0200238,2021-03-13,MACH_000061,PROD_03596,LOC_00045,Evening,130,3,0.0231,11.7,Completed
PROD_0220030,2023-12-22,MACH_001146,PROD_00295,LOC_00156,Morning,406,0,0.0,6.24,Completed
PROD_0246043,2024-03-13,MACH_000632,PROD_00125,LOC_00056,Evening,100,0,0.0,4.87,Completed
PROD_0028202,2024-01-19,MACH_001314,PROD_02542,LOC_00109,Morning,224,1,0.0045,9.5,Completed
PROD_0267633,2024-02-02,MACH_000060,PROD_01637,LOC_00203,Morning,133,2,0.015,8.03,Completed
PROD_0267150,2026-04-10,MACH_000166,PROD_00296,LOC_00066,Night,77,1,0.013,5.31,Completed
PROD_0241077,2024-09-25,MACH_000727,PROD_03289,LOC_00220,Evening,394,8,0.0203,8.16,Completed
PROD_0018046,2022-03-17,MACH_000337,PROD_02997,LOC_00125,Night,135,3,0.0222,11.2,Completed
PROD_0254762,2024-01-10,MACH_001389,PROD_01055,LOC_00045,Evening,185,6,0.0324,2.6,Completed
PROD_0000403,2023-08-08,MACH_001087,PROD_02071,LOC_00104,Night,244,8,0.0328,10.58,Completed
PROD_0118730,2024-11-28,MACH_000248,PROD_03518,LOC_00053,Night,300,13,0.0433,4.92,Completed
PROD_0041325,2021-01-07,MACH_001385,PROD_03620,LOC_00091,Night,145,1,0.0069,8.2,Completed
PROD_0214782,2023-06-25,MACH_000827,PROD_02954,LOC_00067,Morning,462,9,0.0195,6.26,UNKNOWN
PROD_0148180,2025-03-04,MACH_000633,PROD_04934,LOC_00049,Morning,471,11,0.0234,8.36,Completed
PROD_0071721,2024-02-05,MACH_000272,PROD_01141,LOC_00042,Evening,177,7,0.0395,4.27,Completed
PROD_0168846,2025-10-08,MACH_001389,PROD_00771,LOC_00080,Morning,131,5,0.0382,8.0,Completed
PROD_0023243,2021-05-27,MACH_000691,PROD_01054,LOC_00210,Evening,373,9,0.0241,2.98,In Progress
PROD_0277486,2024-01-01,MACH_000457,PROD_04963,LOC_00218,Night,141,0,0.0,4.63,Completed
PROD_0082904,2022-01-25,MACH_000484,PROD_02974,LOC_00036,Evening,452,1,0.0022,2.59,Completed
PROD_0050307,2023-12-29,MACH_001401,PROD_04038,LOC_00217,Evening,454,5,0.011,6.91,Completed
PROD_0261471,2021-04-08,MACH_000862,PROD_04987,LOC_00142,Morning,342,4,0.0117,5.51,Completed
PROD_0028794,2024-05-04,MACH_000434,PROD_02076,LOC_00069,Morning,202,4,0.0198,8.55,UNKNOWN
PROD_0021241,2023-03-29,MACH_000401,PROD_02255,LOC_00204,Morning,471,15,0.0318,6.0,Completed
PROD_0004607,2024-01-21,MACH_001436,PROD_00574,LOC_00153,Night,345,7,0.0203,9.24,Completed
PROD_0193463,2021-11-09,MACH_000044,PROD_02191,LOC_00003,Evening,136,0,0.0,11.17,Completed
PROD_0166302,2021-09-27,MACH_000935,PROD_01484,LOC_00115,Evening,362,11,0.0304,3.48,In Progress
PROD_0038560,2026-04-11,MACH_001447,PROD_00947,LOC_00202,Evening,437,15,0.0343,4.03,Failed
PROD_0214255,2024-09-24,MACH_000223,PROD_01153,LOC_00088,Morning,134,0,0.0,4.25,Completed
PROD_0028331,2025-09-04,MACH_000690,PROD_00857,LOC_00231,Night,75,1,0.0133,4.36,Completed
PROD_0012392,2022-01-03,MACH_001087,PROD_01781,LOC_00180,Evening,487,19,0.039,10.35,UNKNOWN
PROD_0010848,2025-01-03,MACH_001169,PROD_00565,LOC_00221,Night,223,7,0.0314,4.64,Completed
PROD_0012210,2022-11-20,MACH_000282,PROD_02799,LOC_00039,Morning,193,3,0.0155,5.83,Completed
PROD_0210319,2021-07-26,MACH_000612,PROD_02162,LOC_00008,Morning,388,6,0.0155,3.94,Completed
PROD_0261624,2022-05-01,MACH_001438,PROD_02218,LOC_00012,Morning,131,3,0.0229,6.94,Completed
PROD_0167480,2021-06-17,MACH_000240,PROD_02807,LOC_00115,Night,295,10,0.0339,2.99,Completed
PROD_0095402,2022-06-26,MACH_000718,PROD_04173,LOC_00102,Night,51,0,0.0,6.66,Completed
PROD_0038684,2025-09-26,MACH_000929,PROD_04280,LOC_00067,Night,125,5,0.04,7.84,Completed
PROD_0191282,2021-04-05,MACH_001295,PROD_01788,LOC_00116,Evening,285,7,0.0246,10.09,In Progress
PROD_0020074,2026-03-04,MACH_001196,PROD_01886,LOC_00091,Morning,202,6,0.0297,7.49,Completed
PROD_0158809,2021-12-15,MACH_001206,PROD_00060,LOC_00088,Morning,466,13,0.0279,6.21,Completed
PROD_0246495,2021-09-30,MACH_000898,PROD_02747,LOC_00191,Night,458,6,0.0131,8.0,Completed
PROD_0152860,2025-11-13,MACH_001166,PROD_03132,LOC_00092,Morning,256,3,0.0117,4.76,Completed
PROD_0137469,2021-07-24,MACH_001165,PROD_00499,LOC_00014,Night,240,4,0.0167,11.55,Completed
PROD_0000780,2021-08-24,MACH_000973,PROD_01031,LOC_00155,Evening,132,4,0.0303,10.75,Completed
PROD_0227829,2023-11-21,MACH_000216,PROD_00228,LOC_00204,Evening,103,3,0.0291,9.48,In Progress
PROD_0150091,2025-10-05,MACH_000135,PROD_00423,LOC_00062,Night,63,0,0.0,2.58,Completed
PROD_0151565,2025-10-01,MACH_000817,PROD_04446,LOC_00202,Night,79,0,0.0,7.56,UNKNOWN
PROD_0020612,2024-07-21,MACH_001190,PROD_02332,LOC_00117,Night,306,6,0.0196,5.36,In Progress
PROD_0163394,2022-07-08,MACH_000092,PROD_01944,LOC_00008,Night,242,3,0.0124,3.15,Completed
PROD_0241607,2023-10-29,MACH_001320,PROD_03980,LOC_00025,Night,462,4,0.0087,9.35,UNKNOWN
PROD_0086990,2025-02-15,MACH_001154,PROD_01213,LOC_00167,Night,432,16,0.037,7.57,Failed
PROD_0242122,2026-03-27,MACH_001127,PROD_02969,LOC_00124,Morning,345,0,0.0,7.82,Completed
PROD_0205775,2021-11-27,MACH_000270,PROD_01214,LOC_00015,Morning,91,1,0.011,7.43,Completed
PROD_0084098,2025-06-21,MACH_000527,PROD_03216,LOC_00182,Night,171,1,0.0058,7.94,UNKNOWN
PROD_0175630,2023-06-07,MACH_001129,PROD_04746,LOC_00182,Morning,162,6,0.037,5.86,Completed
PROD_0040461,2022-09-26,MACH_000037,PROD_01529,LOC_00012,Evening,330,2,0.0061,8.3,UNKNOWN
PROD_0274757,2023-11-06,MACH_001091,PROD_03370,LOC_00044,Night,391,16,0.0409,5.62,Completed
PROD_0274812,2025-10-14,MACH_000586,PROD_02213,LOC_00157,Evening,281,0,0.0,11.72,UNKNOWN
PROD_0162192,2021-04-10,MACH_001071,PROD_02310,LOC_00149,Night,393,3,0.0076,7.47,Completed
PROD_0224716,2024-06-04,MACH_001400,PROD_00481,LOC_00037,Night,239,2,0.0084,10.11,Completed
PROD_0122998,2022-10-01,MACH_000637,PROD_03937,LOC_00026,Night,151,3,0.0199,2.03,Completed
PROD_0208675,2025-04-30,MACH_000622,PROD_03431,LOC_00051,Morning,482,19,0.0394,6.16,Completed
PROD_0021741,2022-10-30,MACH_000663,PROD_03679,LOC_00030,Evening,353,7,0.0198,2.85,Completed
PROD_0166157,2023-04-12,MACH_000383,PROD_04234,LOC_00200,Evening,97,3,0.0309,9.29,UNKNOWN
PROD_0188793,2022-04-03,MACH_000768,PROD_03084,LOC_00175,Evening,204,4,0.0196,9.71,Completed
PROD_0059788,2022-09-25,MACH_000396,PROD_04975,LOC_00016,Night,374,16,0.0428,11.22,Completed
PROD_0042515,2022-04-26,MACH_000678,PROD_04793,LOC_00067,Evening,326,7,0.0215,4.59,In Progress
PROD_0283406,2023-03-15,MACH_000518,PROD_04639,LOC_00153,Morning,460,15,0.0326,8.82,Completed
PROD_0237683,2025-10-17,MACH_000347,PROD_03871,LOC_00097,Night,267,10,0.0375,10.93,Completed
PROD_0177705,2022-05-31,MACH_000010,PROD_01649,LOC_00133,Morning,121,0,0.0,7.23,In Progress
PROD_0264971,2024-06-15,MACH_001231,PROD_01883,LOC_00138,Night,53,1,0.0189,6.21,Completed
PROD_0003667,2024-04-25,MACH_001380,PROD_00637,LOC_00172,Morning,91,0,0.0,5.63,Completed
PROD_0212717,2021-11-28,MACH_000185,PROD_04839,LOC_00099,Morning,146,6,0.0411,4.73,Completed
PROD_0022664,2021-06-23,MACH_000669,PROD_01768,LOC_00178,Evening,350,7,0.02,3.57,Completed
PROD_0097011,2022-11-21,MACH_001066,PROD_03864,LOC_00156,Evening,215,2,0.0093,9.16,Completed
PROD_0046700,2023-06-20,MACH_000137,PROD_04723,LOC_00075,Morning,137,1,0.0073,6.83,Completed
PROD_0075487,2024-04-29,MACH_001293,PROD_02525,LOC_00127,Night,486,8,0.0165,9.25,Completed
PROD_0240481,2022-03-16,MACH_000938,PROD_03538,LOC_00125,Evening,428,4,0.0093,10.12,Failed
PROD_0041758,2025-03-02,MACH_001407,PROD_04085,LOC_00226,Morning,199,0,0.0,3.53,Completed
PROD_0116564,2021-10-30,MACH_001177,PROD_03552,LOC_00217,Morning,478,14,0.0293,11.78,Completed
PROD_0199310,2022-03-14,MACH_000507,PROD_02936,LOC_00186,Night,118,2,0.0169,6.94,Completed
PROD_0027295,2021-10-30,MACH_001087,PROD_02548,LOC_00223,Morning,173,6,0.0347,4.25,Completed
PROD_0150765,2021-07-15,MACH_000772,PROD_03476,LOC_00117,Night,267,0,0.0,2.52,Completed
PROD_0058843,2021-01-06,MACH_000875,PROD_00976,LOC_00092,Night,153,4,0.0261,3.76,Completed
PROD_0254964,2023-07-30,MACH_001486,PROD_02898,LOC_00216,Night,105,4,0.0381,6.2,Completed
PROD_0138876,2023-03-29,MACH_000494,PROD_02944,LOC_00134,Evening,191,2,0.0105,7.51,Completed
PROD_0135565,2021-06-30,MACH_001129,PROD_04628,LOC_00011,Night,390,6,0.0154,2.11,Completed
PROD_0259190,2022-03-27,MACH_001392,PROD_00863,LOC_00126,Evening,355,8,0.0225,8.79,Completed
PROD_0143443,2024-06-02,MACH_000630,PROD_02384,LOC_00037,Night,306,12,0.0392,8.53,Completed
PROD_0100493,2024-12-29,MACH_000170,PROD_04505,LOC_00154,Morning,430,11,0.0256,2.44,Completed
PROD_0281513,2022-06-12,MACH_000632,PROD_03419,LOC_00069,Morning,304,7,0.023,10.77,Completed
PROD_0166594,2025-08-22,MACH_001281,PROD_01884,LOC_00175,Evening,383,4,0.0104,7.28,In Progress
PROD_0245479,2021-01-17,MACH_000246,PROD_00263,LOC_00217,Night,471,18,0.0382,5.41,Completed
PROD_0063402,2022-10-09,MACH_000182,PROD_04614,LOC_00230,Evening,297,10,0.0337,9.08,Completed
PROD_0231976,2022-03-08,MACH_000537,PROD_01870,LOC_00178,Evening,462,9,0.0195,6.17,Completed
PROD_0220956,2021-06-30,MACH_000972,PROD_04799,LOC_00042,Night,296,8,0.027,10.67,Completed
PROD_0135008,2024-08-03,MACH_000615,PROD_02181,LOC_00032,Morning,98,2,0.0204,9.57,In Progress
PROD_0087165,2024-03-20,MACH_000309,PROD_00005,LOC_00073,Morning,250,0,0.0,7.06,In Progress
PROD_0265340,2022-01-05,MACH_000843,PROD_00106,LOC_00035,Night,313,9,0.0288,9.39,Completed
PROD_0059651,2021-12-18,MACH_000593,PROD_01584,LOC_00018,Morning,70,0,0.0,5.59,Completed
PROD_0220332,2021-05-31,MACH_001316,PROD_03274,LOC_00181,Evening,305,12,0.0393,10.28,Completed
PROD_0251846,2023-07-12,MACH_000432,PROD_01399,LOC_00045,Night,365,9,0.0247,6.95,Completed
PROD_0105094,2021-09-30,MACH_000544,PROD_01881,LOC_00080,Night,307,7,0.0228,10.99,Completed
PROD_0221072,2022-03-13,MACH_000483,PROD_02713,LOC_00209,Evening,138,0,0.0,7.25,Completed
PROD_0113515,2022-06-27,MACH_000210,PROD_01965,LOC_00144,Evening,258,1,0.0039,10.55,Completed
PROD_0237015,2026-03-12,MACH_000630,PROD_03192,LOC_00026,Evening,283,2,0.0071,11.59,Completed
PROD_0094873,2025-05-21,MACH_000529,PROD_00569,LOC_00174,Evening,468,1,0.0021,4.93,Completed
PROD_0003789,2025-05-19,MACH_000221,PROD_02057,LOC_00141,Evening,122,5,0.041,11.91,Completed
PROD_0206091,2025-10-21,MACH_001452,PROD_03078,LOC_00117,Night,286,5,0.0175,10.03,Completed
PROD_0296608,2022-06-24,MACH_000015,PROD_01618,LOC_00016,Night,91,2,0.022,7.45,In Progress
PROD_0181390,2021-06-30,MACH_001359,PROD_04865,LOC_00219,Evening,63,1,0.0159,10.89,Completed
PROD_0224213,2022-12-03,MACH_000205,PROD_03409,LOC_00130,Evening,300,14,0.0467,7.96,Completed
PROD_0062573,2021-09-05,MACH_000567,PROD_00630,LOC_00100,Night,278,6,0.0216,10.2,Completed
PROD_0241067,2025-06-09,MACH_000791,PROD_01399,LOC_00032,Morning,457,18,0.0394,9.73,Completed
PROD_0125013,2026-01-07,MACH_001334,PROD_03619,LOC_00060,Morning,261,12,0.046,6.43,Completed
PROD_0154950,2021-02-25,MACH_000344,PROD_00680,LOC_00050,Morning,298,4,0.0134,2.58,Completed
PROD_0119360,2022-03-01,MACH_001424,PROD_00509,LOC_00113,Night,346,6,0.0173,11.85,Completed
PROD_0243890,2024-03-21,MACH_000473,PROD_01653,LOC_00154,Morning,160,5,0.0312,10.38,Completed
PROD_0165654,2026-04-18,MACH_001314,PROD_04530,LOC_00080,Night,446,1,0.0022,9.03,Completed
PROD_0170644,2021-12-01,MACH_000685,PROD_04426,LOC_00007,Evening,442,6,0.0136,7.2,Completed
PROD_0256694,2024-11-13,MACH_000522,PROD_00082,LOC_00029,Night,254,4,0.0157,10.95,In Progress
PROD_0213937,2024-04-03,MACH_000106,PROD_00456,LOC_00240,Evening,312,6,0.0192,3.22,In Progress
PROD_0103855,2023-06-28,MACH_000920,PROD_01392,LOC_00219,Night,134,2,0.0149,6.44,Completed
PROD_0026411,2021-09-27,MACH_000135,PROD_01849,LOC_00195,Morning,394,15,0.0381,5.89,Completed
PROD_0135714,2024-12-13,MACH_000706,PROD_03604,LOC_00087,Evening,428,2,0.0047,5.42,Completed
PROD_0237984,2024-10-18,MACH_000954,PROD_03245,LOC_00037,Morning,307,14,0.0456,8.16,Completed
PROD_0057227,2024-05-05,MACH_000810,PROD_03501,LOC_00131,Morning,352,12,0.0341,4.32,Completed
PROD_0261308,2021-07-14,MACH_001053,PROD_03855,LOC_00113,Morning,267,1,0.0037,8.29,Completed
PROD_0011519,2022-02-23,MACH_000488,PROD_01760,LOC_00117,Evening,352,6,0.017,10.31,Completed
PROD_0082246,2022-03-04,MACH_001339,PROD_04369,LOC_00034,Evening,282,1,0.0035,8.41,Completed
PROD_0097243,2021-11-13,MACH_000684,PROD_02065,LOC_00170,Evening,182,6,0.033,8.75,Completed
PROD_0095103,2021-06-19,MACH_001425,PROD_04365,LOC_00147,Evening,181,8,0.0442,9.67,Completed
PROD_0109681,2025-11-24,MACH_001370,PROD_00102,LOC_00197,Morning,215,2,0.0093,7.46,Completed
PROD_0232997,2024-08-11,MACH_000753,PROD_03179,LOC_00163,Night,358,6,0.0168,3.76,Completed
PROD_0273025,2022-06-30,MACH_000632,PROD_03795,LOC_00135,Night,79,1,0.0127,11.97,UNKNOWN
PROD_0238137,2024-12-03,MACH_000067,PROD_00461,LOC_00131,Morning,161,7,0.0435,7.12,UNKNOWN
PROD_0099549,2022-04-18,MACH_000170,PROD_03970,LOC_00179,Morning,104,0,0.0,2.39,In Progress
PROD_0287967,2021-10-16,MACH_000992,PROD_02761,LOC_00176,Morning,78,2,0.0256,5.29,Completed
PROD_0295520,2023-10-26,MACH_001033,PROD_03812,LOC_00214,Evening,443,12,0.0271,4.51,Completed
PROD_0077682,2021-09-11,MACH_001233,PROD_04378,LOC_00121,Morning,84,1,0.0119,9.65,UNKNOWN
PROD_0192746,2021-01-22,MACH_000087,PROD_01343,LOC_00189,Evening,351,13,0.037,9.35,Completed
PROD_0193298,2022-10-08,MACH_000836,PROD_00672,LOC_00220,Night,162,1,0.0062,2.61,Completed
PROD_0171592,2022-02-17,MACH_000633,PROD_00642,LOC_00080,Morning,117,4,0.0342,6.55,Completed
PROD_0128094,2026-02-02,MACH_000675,PROD_00683,LOC_00153,Evening,249,7,0.0281,3.19,Completed
PROD_0123823,2023-07-30,MACH_000638,PROD_00999,LOC_00200,Night,335,8,0.0239,5.32,Completed
PROD_0116057,2022-04-28,MACH_000813,PROD_00905,LOC_00123,Morning,136,1,0.0074,2.82,Completed
PROD_0158736,2021-11-02,MACH_000376,PROD_00019,LOC_00074,Morning,149,5,0.0336,4.29,Completed
PROD_0075726,2021-05-21,MACH_000676,PROD_04599,LOC_00107,Evening,189,7,0.037,11.2,Completed
PROD_0035178,2024-05-05,MACH_000864,PROD_02674,LOC_00102,Evening,82,1,0.0122,10.22,Completed
PROD_0290736,2023-09-12,MACH_000029,PROD_03734,LOC_00019,Evening,215,2,0.0093,6.54,Completed
PROD_0158963,2025-03-12,MACH_001442,PROD_01178,LOC_00153,Morning,123,3,0.0244,4.75,Completed
PROD_0272302,2024-12-12,MACH_001072,PROD_03451,LOC_00017,Morning,243,1,0.0041,10.43,Completed
PROD_0070377,2022-08-23,MACH_000524,PROD_01634,LOC_00114,Night,123,0,0.0,5.2,Completed
PROD_0079303,2025-03-29,MACH_000317,PROD_04077,LOC_00227,Evening,219,6,0.0274,2.48,Completed
PROD_0157836,2022-12-15,MACH_001273,PROD_00755,LOC_00211,Night,130,5,0.0385,11.28,Completed
PROD_0136729,2023-03-20,MACH_000402,PROD_00783,LOC_00090,Morning,314,11,0.035,6.86,Completed
PROD_0209188,2021-09-30,MACH_000899,PROD_04771,LOC_00236,Morning,439,12,0.0273,10.97,Completed
PROD_0281961,2023-11-26,MACH_001365,PROD_00850,LOC_00060,Morning,470,10,0.0213,5.51,Completed
PROD_0222916,2022-10-03,MACH_000691,PROD_03547,LOC_00011,Night,477,9,0.0189,9.75,In Progress
PROD_0187156,2021-07-08,MACH_001391,PROD_01670,LOC_00218,Morning,401,16,0.0399,5.69,Completed
PROD_0187480,2026-03-19,MACH_000261,PROD_04702,LOC_00058,Night,365,11,0.0301,6.32,Completed
PROD_0216939,2025-09-29,MACH_000684,PROD_00697,LOC_00069,Evening,463,1,0.0022,2.67,Completed
PROD_0273385,2025-11-29,MACH_000049,PROD_03779,LOC_00017,Evening,364,16,0.044,3.21,Completed
PROD_0130533,2026-04-16,MACH_000148,PROD_03109,LOC_00045,Night,414,7,0.0169,9.96,Completed
PROD_0155649,2023-03-02,MACH_000359,PROD_04657,LOC_00008,Evening,115,0,0.0,10.7,Completed
PROD_0196617,2022-01-01,MACH_001054,PROD_01342,LOC_00227,Evening,317,14,0.0442,5.21,Completed
PROD_0109965,2024-08-15,MACH_000992,PROD_02850,LOC_00041,Evening,281,13,0.0463,9.11,Completed
PROD_0190367,2021-06-22,MACH_000179,PROD_01732,LOC_00018,Night,173,2,0.0116,5.86,Completed
PROD_0013492,2024-02-14,MACH_000193,PROD_00421,LOC_00052,Evening,210,9,0.0429,6.65,Completed
PROD_0100736,2022-12-26,MACH_000271,PROD_00318,LOC_00036,Morning,107,4,0.0374,5.69,Completed
PROD_0292073,2022-08-26,MACH_000750,PROD_02153,LOC_00066,Evening,473,15,0.0317,7.99,Completed
PROD_0047434,2021-01-29,MACH_001042,PROD_02496,LOC_00223,Evening,456,11,0.0241,8.81,Completed
PROD_0127829,2025-12-29,MACH_000738,PROD_02730,LOC_00176,Evening,178,4,0.0225,11.22,Completed
PROD_0221695,2021-09-02,MACH_000451,PROD_04043,LOC_00163,Evening,299,0,0.0,9.77,Completed
PROD_0155726,2025-04-13,MACH_001480,PROD_03517,LOC_00249,Night,492,11,0.0224,11.99,Completed
PROD_0004374,2023-04-28,MACH_001053,PROD_03755,LOC_00122,Evening,380,8,0.0211,11.77,Completed
PROD_0054112,2023-02-23,MACH_001299,PROD_03264,LOC_00240,Night,183,2,0.0109,6.92,Completed
PROD_0071702,2025-01-12,MACH_001209,PROD_03650,LOC_00157,Evening,126,5,0.0397,10.5,Completed
PROD_0257143,2022-09-30,MACH_000637,PROD_03580,LOC_00048,Night,301,0,0.0,2.14,In Progress
PROD_0108380,2025-08-01,MACH_001105,PROD_01954,LOC_00184,Evening,107,3,0.028,10.14,In Progress
PROD_0160304,2024-03-09,MACH_000834,PROD_00039,LOC_00066,Morning,116,0,0.0,9.62,Completed
PROD_0031516,2025-06-23,MACH_001423,PROD_04354,LOC_00085,Night,325,4,0.0123,11.58,Completed
PROD_0254057,2023-04-10,MACH_000732,PROD_03201,LOC_00195,Evening,176,3,0.017,7.43,Completed
PROD_0141458,2023-03-02,MACH_000670,PROD_02954,LOC_00226,Evening,107,2,0.0187,11.83,Completed
PROD_0263903,2025-08-06,MACH_000313,PROD_03350,LOC_00152,Evening,272,4,0.0147,6.6,Completed
PROD_0013989,2022-10-12,MACH_000504,PROD_04045,LOC_00146,Evening,350,7,0.02,8.65,Completed
PROD_0156217,2024-08-27,MACH_000867,PROD_01570,LOC_00025,Evening,244,1,0.0041,9.25,Completed
PROD_0121141,2022-04-02,MACH_000259,PROD_03501,LOC_00051,Morning,312,1,0.0032,9.5,UNKNOWN
PROD_0141908,2025-09-10,MACH_001421,PROD_02570,LOC_00091,Evening,103,2,0.0194,7.51,Completed
PROD_0125372,2025-12-14,MACH_000465,PROD_01956,LOC_00033,Morning,318,6,0.0189,10.06,Completed
PROD_0104549,2024-03-05,MACH_001207,PROD_03514,LOC_00058,Evening,254,2,0.0079,9.92,Completed
PROD_0140032,2026-06-16,MACH_000066,PROD_02297,LOC_00239,Evening,437,17,0.0389,10.75,In Progress
PROD_0127182,2025-12-20,MACH_000057,PROD_04909,LOC_00111,Evening,138,2,0.0145,10.76,Completed
PROD_0007803,2026-05-05,MACH_001178,PROD_01739,LOC_00131,Morning,68,1,0.0147,5.4,In Progress
PROD_0070115,2024-10-15,MACH_000025,PROD_00682,LOC_00029,Night,394,18,0.0457,7.06,Completed
PROD_0012416,2025-03-10,MACH_000880,PROD_00755,LOC_00226,Evening,243,4,0.0165,3.68,Completed
PROD_0283203,2025-11-05,MACH_001229,PROD_03221,LOC_00047,Evening,499,12,0.024,3.86,Completed
PROD_0286056,2026-06-06,MACH_000973,PROD_03225,LOC_00196,Evening,57,1,0.0175,6.19,Completed
PROD_0267420,2026-06-20,MACH_000777,PROD_01584,LOC_00126,Night,484,1,0.0021,6.76,Completed
PROD_0298849,2021-06-03,MACH_000249,PROD_00594,LOC_00230,Night,366,10,0.0273,9.54,Completed
PROD_0170196,2023-04-04,MACH_000885,PROD_02035,LOC_00095,Morning,123,4,0.0325,8.0,Completed
PROD_0188578,2023-02-07,MACH_001353,PROD_01977,LOC_00175,Evening,244,1,0.0041,8.94,Completed
PROD_0017851,2021-12-26,MACH_000632,PROD_04718,LOC_00121,Night,450,4,0.0089,3.5,Completed
PROD_0215862,2023-01-09,MACH_001182,PROD_03473,LOC_00173,Evening,341,2,0.0059,6.61,Completed
PROD_0245729,2025-01-17,MACH_001007,PROD_02893,LOC_00237,Evening,189,2,0.0106,10.3,Completed
PROD_0269729,2026-03-29,MACH_000144,PROD_00529,LOC_00071,Night,469,17,0.0362,7.31,Completed
PROD_0236156,2026-03-30,MACH_000400,PROD_01926,LOC_00016,Morning,318,9,0.0283,10.44,Completed
PROD_0013195,2025-01-23,MACH_000668,PROD_00597,LOC_00051,Evening,239,0,0.0,10.36,Completed
PROD_0207015,2026-01-10,MACH_001234,PROD_01284,LOC_00106,Night,107,1,0.0093,9.4,Completed
PROD_0119399,2025-08-25,MACH_000123,PROD_01503,LOC_00098,Evening,498,0,0.0,10.39,Completed
PROD_0000239,2024-04-07,MACH_001275,PROD_00126,LOC_00226,Morning,325,7,0.0215,11.87,Completed
PROD_0211965,2025-03-13,MACH_000622,PROD_04845,LOC_00122,Morning,205,9,0.0439,4.24,Completed
PROD_0238586,2023-12-13,MACH_000097,PROD_01066,LOC_00004,Morning,298,4,0.0134,2.97,Completed
PROD_0171406,2021-03-26,MACH_001128,PROD_00115,LOC_00130,Evening,469,19,0.0405,4.79,Completed
PROD_0000678,2026-03-16,MACH_000281,PROD_04934,LOC_00063,Evening,76,0,0.0,11.11,Completed
PROD_0061669,2021-08-02,MACH_000231,PROD_00095,LOC_00227,Evening,348,9,0.0259,3.86,Failed
PROD_0046665,2022-11-20,MACH_000369,PROD_04391,LOC_00078,Night,268,6,0.0224,3.69,Completed
PROD_0165987,2025-06-13,MACH_000734,PROD_04181,LOC_00228,Night,288,2,0.0069,2.08,Completed
PROD_0034948,2026-03-14,MACH_000999,PROD_02080,LOC_00033,Evening,415,11,0.0265,10.42,Completed
PROD_0078353,2022-05-25,MACH_001205,PROD_03744,LOC_00020,Night,419,6,0.0143,7.21,Completed
PROD_0255859,2023-02-02,MACH_001362,PROD_02809,LOC_00181,Night,432,13,0.0301,9.12,Completed
PROD_0058366,2024-11-09,MACH_000924,PROD_02305,LOC_00250,Morning,334,2,0.006,7.92,Completed
PROD_0257171,2025-02-19,MACH_000168,PROD_01622,LOC_00014,Night,108,3,0.0278,8.31,Completed
PROD_0059390,2024-01-05,MACH_001500,PROD_00852,LOC_00001,Evening,202,5,0.0248,9.16,Completed
PROD_0093236,2025-02-21,MACH_001279,PROD_02749,LOC_00177,Morning,83,0,0.0,7.36,Completed
PROD_0190724,2021-06-03,MACH_000688,PROD_01261,LOC_00039,Evening,367,9,0.0245,7.97,Completed
PROD_0158829,2026-05-06,MACH_001497,PROD_03143,LOC_00192,Evening,463,13,0.0281,4.68,Completed
PROD_0018523,2022-05-27,MACH_000386,PROD_03845,LOC_00124,Night,62,1,0.0161,7.48,Completed
PROD_0004315,2022-06-11,MACH_000648,PROD_03303,LOC_00064,Morning,274,6,0.0219,2.21,Completed
PROD_0206624,2024-06-15,MACH_001099,PROD_03254,LOC_00076,Night,420,11,0.0262,6.58,Completed
PROD_0216213,2022-09-28,MACH_001210,PROD_03090,LOC_00051,Night,203,7,0.0345,6.73,Completed
PROD_0291366,2022-01-19,MACH_001487,PROD_00498,LOC_00124,Evening,308,9,0.0292,4.29,UNKNOWN
PROD_0098169,2021-02-19,MACH_000880,PROD_03348,LOC_00194,Evening,258,4,0.0155,5.74,Completed
PROD_0078385,2025-04-08,MACH_001494,PROD_00331,LOC_00102,Night,318,4,0.0126,3.95,Completed
PROD_0258134,2021-06-28,MACH_001105,PROD_04392,LOC_00157,Evening,52,1,0.0192,5.25,Completed
PROD_0075735,2024-05-04,MACH_000929,PROD_00193,LOC_00085,Morning,411,11,0.0268,4.52,Completed
PROD_0242602,2024-12-29,MACH_001085,PROD_01967,LOC_00058,Night,131,5,0.0382,8.02,Completed
PROD_0011370,2025-12-05,MACH_001174,PROD_02314,LOC_00132,Night,229,9,0.0393,9.79,Completed
PROD_0036665,2021-06-20,MACH_000055,PROD_02223,LOC_00041,Night,199,4,0.0201,10.7,Completed
PROD_0154611,2024-04-13,MACH_001006,PROD_01599,LOC_00219,Morning,449,13,0.029,9.61,Completed
PROD_0117752,2022-07-26,MACH_000679,PROD_03857,LOC_00027,Night,71,2,0.0282,5.16,Completed
PROD_0179238,2024-11-28,MACH_000409,PROD_00002,LOC_00002,Night,283,5,0.0177,9.24,Completed
PROD_0077143,2022-11-20,MACH_000142,PROD_04491,LOC_00207,Evening,142,4,0.0282,6.35,Failed
PROD_0062180,2025-06-30,MACH_000094,PROD_03416,LOC_00144,Morning,346,12,0.0347,9.35,Completed
PROD_0219642,2024-10-05,MACH_001057,PROD_03886,LOC_00239,Morning,177,6,0.0339,7.67,Completed
PROD_0008599,2023-04-19,MACH_001305,PROD_01442,LOC_00033,Night,56,0,0.0,7.57,Completed
PROD_0279530,2022-05-09,MACH_000618,PROD_02019,LOC_00171,Night,348,7,0.0201,6.43,Completed
PROD_0007355,2024-08-16,MACH_001479,PROD_03864,LOC_00080,Evening,349,16,0.0458,9.08,Completed
PROD_0291715,2021-03-17,MACH_000892,PROD_00641,LOC_00043,Night,459,14,0.0305,6.7,In Progress
PROD_0233138,2023-03-31,MACH_000463,PROD_04454,LOC_00250,Night,428,4,0.0093,8.3,Completed
PROD_0037061,2022-10-21,MACH_000209,PROD_00470,LOC_00024,Morning,346,1,0.0029,6.49,Completed
PROD_0095135,2025-08-16,MACH_001496,PROD_03050,LOC_00029,Night,171,3,0.0175,6.0,Completed
PROD_0298972,2022-06-17,MACH_001101,PROD_03710,LOC_00232,Morning,191,4,0.0209,11.32,Completed
PROD_0087544,2022-11-26,MACH_001015,PROD_03257,LOC_00029,Evening,296,4,0.0135,6.72,Completed
PROD_0276905,2026-02-20,MACH_000838,PROD_00167,LOC_00238,Night,336,6,0.0179,2.32,Completed
PROD_0286438,2024-05-19,MACH_000648,PROD_03656,LOC_00119,Morning,142,1,0.007,11.07,Completed
PROD_0257909,2025-03-18,MACH_001217,PROD_02394,LOC_00223,Night,54,0,0.0,2.27,Completed
PROD_0165018,2024-05-13,MACH_000568,PROD_01732,LOC_00128,Morning,481,18,0.0374,9.16,Completed
PROD_0277444,2025-09-24,MACH_000190,PROD_01544,LOC_00156,Evening,138,3,0.0217,9.35,In Progress
PROD_0211876,2024-10-19,MACH_000464,PROD_00384,LOC_00081,Evening,418,5,0.012,10.77,In Progress
PROD_0005301,2024-01-01,MACH_000488,PROD_03601,LOC_00156,Morning,351,5,0.0142,3.36,Completed
PROD_0148581,2022-01-20,MACH_001487,PROD_01032,LOC_00196,Evening,442,20,0.0452,10.29,Completed
PROD_0232133,2024-03-03,MACH_000579,PROD_02856,LOC_00220,Evening,89,2,0.0225,10.8,Completed
PROD_0113809,2023-03-16,MACH_000994,PROD_01387,LOC_00067,Evening,225,0,0.0,7.88,Completed
PROD_0025706,2026-03-06,MACH_000125,PROD_01930,LOC_00059,Evening,485,21,0.0433,8.93,Completed
PROD_0206595,2023-05-24,MACH_000052,PROD_00506,LOC_00085,Morning,219,1,0.0046,3.71,Completed
PROD_0106499,2021-05-18,MACH_000546,PROD_00769,LOC_00098,Night,377,10,0.0265,9.21,Completed
PROD_0025989,2024-08-05,MACH_000259,PROD_01816,LOC_00183,Morning,206,5,0.0243,2.86,Completed
PROD_0047181,2022-08-11,MACH_001185,PROD_02995,LOC_00087,Evening,384,4,0.0104,11.85,Completed
PROD_0123989,2023-07-09,MACH_000170,PROD_03726,LOC_00024,Morning,472,5,0.0106,9.45,Completed
PROD_0096065,2026-03-04,MACH_000786,PROD_02725,LOC_00210,Morning,225,2,0.0089,10.06,Completed
PROD_0000773,2021-11-14,MACH_001175,PROD_03741,LOC_00206,Evening,328,15,0.0457,8.2,Completed
PROD_0287280,2021-03-01,MACH_000669,PROD_03349,LOC_00013,Night,51,1,0.0196,4.36,Completed
PROD_0026755,2025-06-11,MACH_000947,PROD_03225,LOC_00104,Morning,226,3,0.0133,4.63,Completed
PROD_0079400,2026-01-04,MACH_000399,PROD_02539,LOC_00230,Night,202,7,0.0347,7.48,Completed
PROD_0231305,2023-04-02,MACH_000700,PROD_04173,LOC_00118,Morning,297,0,0.0,10.18,Completed
PROD_0255883,2025-07-04,MACH_000700,PROD_02318,LOC_00188,Evening,472,17,0.036,5.97,Completed
PROD_0175354,2022-06-04,MACH_001268,PROD_01187,LOC_00212,Evening,374,9,0.0241,2.72,Completed
PROD_0221624,2024-01-04,MACH_001122,PROD_00450,LOC_00039,Morning,76,2,0.0263,3.06,Completed
PROD_0109794,2023-08-06,MACH_000993,PROD_03813,LOC_00094,Evening,340,2,0.0059,9.57,Completed
PROD_0180759,2025-09-09,MACH_001174,PROD_00328,LOC_00074,Morning,418,15,0.0359,2.38,UNKNOWN
PROD_0082852,2025-09-17,MACH_000906,PROD_01499,LOC_00098,Morning,65,2,0.0308,8.17,Completed
PROD_0002564,2021-01-03,MACH_001267,PROD_03961,LOC_00223,Night,373,5,0.0134,10.69,Completed
PROD_0049216,2024-01-08,MACH_001494,PROD_04996,LOC_00122,Night,169,7,0.0414,6.66,Failed
PROD_0003763,2022-06-03,MACH_001233,PROD_01081,LOC_00064,Morning,318,9,0.0283,2.15,Completed
PROD_0191444,2024-10-24,MACH_000734,PROD_00085,LOC_00104,Evening,353,7,0.0198,8.55,Completed
PROD_0286406,2022-07-10,MACH_000091,PROD_03876,LOC_00168,Morning,199,5,0.0251,2.65,Completed
PROD_0022399,2022-09-03,MACH_000220,PROD_03579,LOC_00051,Night,492,8,0.0163,3.51,Failed
PROD_0007910,2021-01-26,MACH_001446,PROD_03822,LOC_00178,Night,456,20,0.0439,9.91,Completed
PROD_0274227,2026-04-28,MACH_000978,PROD_03205,LOC_00146,Morning,253,8,0.0316,10.36,Completed
PROD_0012752,2024-08-06,MACH_000145,PROD_03092,LOC_00219,Evening,58,1,0.0172,2.71,Completed
PROD_0160315,2025-11-04,MACH_001114,PROD_00986,LOC_00248,Morning,467,3,0.0064,8.2,Completed
PROD_0281346,2023-02-04,MACH_001187,PROD_04440,LOC_00033,Evening,408,0,0.0,9.49,Completed
PROD_0092990,2022-06-16,MACH_001187,PROD_00100,LOC_00165,Night,211,3,0.0142,5.56,Completed
PROD_0196260,2022-07-07,MACH_000084,PROD_00206,LOC_00188,Morning,335,4,0.0119,4.86,Completed
PROD_0024471,2023-03-27,MACH_000761,PROD_03950,LOC_00225,Night,498,16,0.0321,10.2,Completed
PROD_0128999,2025-02-11,MACH_000475,PROD_03499,LOC_00031,Evening,250,3,0.012,5.05,Completed
PROD_0297618,2022-07-19,MACH_001337,PROD_00508,LOC_00116,Morning,212,3,0.0142,9.65,Completed
PROD_0244731,2025-07-28,MACH_001335,PROD_00015,LOC_00102,Morning,108,1,0.0093,8.66,Completed
PROD_0152819,2021-06-17,MACH_001433,PROD_02120,LOC_00110,Night,143,6,0.042,6.61,Completed
PROD_0194639,2026-03-24,MACH_001475,PROD_04055,LOC_00188,Evening,396,5,0.0126,10.96,Completed
PROD_0080302,2024-11-17,MACH_000950,PROD_04299,LOC_00041,Evening,370,5,0.0135,11.6,In Progress
PROD_0044204,2022-09-08,MACH_000781,PROD_01299,LOC_00018,Morning,181,4,0.0221,5.53,Completed
PROD_0090831,2024-12-11,MACH_001230,PROD_02569,LOC_00080,Evening,53,1,0.0189,6.13,Completed
PROD_0170330,2026-03-08,MACH_001453,PROD_01546,LOC_00179,Morning,93,1,0.0108,2.97,Completed
PROD_0008549,2023-10-01,MACH_000368,PROD_01230,LOC_00101,Night,157,1,0.0064,7.7,Completed
PROD_0125566,2025-02-08,MACH_001017,PROD_01212,LOC_00232,Night,131,1,0.0076,3.3,Completed
PROD_0209999,2022-01-14,MACH_001198,PROD_03899,LOC_00127,Morning,206,7,0.034,9.79,Completed
PROD_0187988,2023-09-15,MACH_000890,PROD_02263,LOC_00227,Night,298,12,0.0403,6.87,Completed
PROD_0153042,2021-12-11,MACH_000230,PROD_00797,LOC_00217,Morning,223,2,0.009,2.18,Completed
PROD_0079218,2024-10-22,MACH_000949,PROD_00852,LOC_00162,Night,416,17,0.0409,9.55,Completed
PROD_0239689,2022-05-03,MACH_000376,PROD_04778,LOC_00058,Morning,412,17,0.0413,6.74,Completed
PROD_0148690,2022-12-02,MACH_000437,PROD_04708,LOC_00074,Night,161,5,0.0311,9.12,Completed
PROD_0289933,2026-05-18,MACH_000226,PROD_03884,LOC_00060,Night,343,1,0.0029,4.64,Completed
PROD_0137679,2026-01-15,MACH_000105,PROD_00585,LOC_00059,Evening,169,5,0.0296,7.06,Completed
PROD_0147486,2025-01-08,MACH_001233,PROD_01081,LOC_00041,Night,133,5,0.0376,4.03,Completed
PROD_0221592,2024-07-11,MACH_001162,PROD_01790,LOC_00150,Evening,499,8,0.016,10.05,Completed
PROD_0106050,2023-08-21,MACH_000705,PROD_00604,LOC_00150,Morning,129,5,0.0388,7.4,Completed
PROD_0025497,2025-11-15,MACH_000278,PROD_02660,LOC_00053,Morning,414,13,0.0314,10.65,Completed
PROD_0090200,2025-05-29,MACH_001119,PROD_01985,LOC_00023,Night,333,12,0.036,3.01,Completed
PROD_0265869,2026-05-02,MACH_000809,PROD_03041,LOC_00194,Morning,496,20,0.0403,6.51,In Progress
PROD_0106534,2023-07-12,MACH_001126,PROD_02967,LOC_00228,Evening,61,1,0.0164,7.83,Completed
PROD_0268113,2026-04-28,MACH_000342,PROD_02436,LOC_00241,Morning,216,9,0.0417,8.56,UNKNOWN
PROD_0166470,2025-03-11,MACH_000395,PROD_04994,LOC_00189,Morning,486,19,0.0391,5.22,Completed
PROD_0189476,2021-04-11,MACH_000534,PROD_03410,LOC_00042,Night,310,4,0.0129,3.77,Completed
PROD_0299252,2023-01-15,MACH_000206,PROD_04514,LOC_00053,Night,134,3,0.0224,3.16,Completed
PROD_0267649,2023-01-15,MACH_000823,PROD_01884,LOC_00093,Night,302,9,0.0298,6.6,Completed
PROD_0003618,2023-04-18,MACH_000361,PROD_04861,LOC_00182,Morning,90,0,0.0,3.4,Completed
PROD_0144504,2024-12-27,MACH_000442,PROD_01476,LOC_00197,Night,143,5,0.035,7.46,Completed
PROD_0074670,2026-02-08,MACH_001369,PROD_03263,LOC_00016,Evening,83,2,0.0241,4.49,Completed
PROD_0093025,2022-01-18,MACH_000380,PROD_03566,LOC_00173,Night,469,3,0.0064,8.34,Completed
PROD_0063379,2021-08-25,MACH_001314,PROD_00023,LOC_00200,Evening,89,3,0.0337,7.23,Completed
PROD_0171909,2021-05-13,MACH_000199,PROD_00749,LOC_00019,Night,174,2,0.0115,11.48,Completed
PROD_0250570,2023-03-22,MACH_001162,PROD_00139,LOC_00155,Night,389,1,0.0026,10.87,Completed
PROD_0065360,2025-11-06,MACH_000170,PROD_03731,LOC_00089,Morning,431,20,0.0464,8.37,Completed
PROD_0283286,2026-03-21,MACH_001107,PROD_04855,LOC_00119,Morning,126,5,0.0397,3.09,In Progress
PROD_0020551,2025-10-29,MACH_000597,PROD_03677,LOC_00024,Morning,477,19,0.0398,10.77,Completed
PROD_0108420,2023-02-16,MACH_000980,PROD_00345,LOC_00089,Morning,322,6,0.0186,5.31,Completed
PROD_0286168,2025-07-17,MACH_000852,PROD_00422,LOC_00075,Night,163,2,0.0123,7.86,Completed
PROD_0035025,2024-08-09,MACH_000116,PROD_00343,LOC_00249,Morning,326,7,0.0215,6.97,In Progress
PROD_0023427,2025-10-11,MACH_000331,PROD_00844,LOC_00151,Night,162,2,0.0123,3.4,Completed
PROD_0056212,2022-03-01,MACH_000374,PROD_02967,LOC_00121,Evening,55,1,0.0182,6.53,Completed
PROD_0126856,2023-05-25,MACH_000370,PROD_04929,LOC_00231,Night,451,18,0.0399,11.3,Completed
PROD_0264463,2022-05-24,MACH_001266,PROD_03755,LOC_00247,Evening,247,0,0.0,11.59,Completed
PROD_0000120,2021-11-03,MACH_000588,PROD_01571,LOC_00001,Evening,425,1,0.0024,11.91,Completed
PROD_0298648,2025-08-09,MACH_000964,PROD_01160,LOC_00082,Night,386,0,0.0,11.31,Completed
PROD_0296573,2021-04-11,MACH_000206,PROD_04435,LOC_00080,Morning,161,1,0.0062,6.2,Completed
PROD_0069892,2021-02-10,MACH_001398,PROD_03657,LOC_00156,Night,291,1,0.0034,10.72,Completed
PROD_0155818,2025-10-05,MACH_000885,PROD_00458,LOC_00159,Morning,263,6,0.0228,8.42,Completed
PROD_0001583,2021-04-22,MACH_000221,PROD_03189,LOC_00070,Evening,177,4,0.0226,5.86,Completed
PROD_0040729,2026-03-13,MACH_001383,PROD_03848,LOC_00073,Night,372,13,0.0349,9.22,Completed
PROD_0106374,2023-08-28,MACH_001483,PROD_03532,LOC_00247,Evening,281,7,0.0249,11.37,Completed
PROD_0100789,2026-01-08,MACH_000291,PROD_04893,LOC_00195,Morning,418,12,0.0287,9.48,Completed
PROD_0107785,2022-09-14,MACH_000167,PROD_00834,LOC_00072,Evening,284,12,0.0423,8.74,Completed
PROD_0072697,2022-11-07,MACH_000667,PROD_04758,LOC_00185,Evening,343,10,0.0292,4.61,Completed
PROD_0247518,2022-11-19,MACH_001110,PROD_03800,LOC_00234,Evening,169,0,0.0,3.4,Completed
PROD_0164551,2023-01-15,MACH_000672,PROD_02579,LOC_00097,Morning,245,10,0.0408,4.43,Completed
PROD_0185371,2022-01-19,MACH_000964,PROD_00249,LOC_00077,Morning,299,4,0.0134,4.49,Completed
PROD_0200354,2024-12-07,MACH_001248,PROD_03000,LOC_00181,Night,428,14,0.0327,9.33,Completed
PROD_0059466,2025-03-11,MACH_001224,PROD_04810,LOC_00134,Morning,457,8,0.0175,2.6,Completed
PROD_0218257,2025-11-28,MACH_000039,PROD_01375,LOC_00089,Morning,242,7,0.0289,2.72,Failed
PROD_0103036,2022-06-26,MACH_000838,PROD_00713,LOC_00050,Night,304,1,0.0033,5.68,Completed
PROD_0064581,2023-02-15,MACH_000775,PROD_04385,LOC_00182,Morning,208,6,0.0288,8.5,Completed
PROD_0092593,2023-02-27,MACH_001148,PROD_04110,LOC_00103,Night,449,17,0.0379,2.5,Completed
PROD_0087344,2024-02-21,MACH_000402,PROD_04539,LOC_00048,Night,437,11,0.0252,9.78,Completed
PROD_0188165,2025-02-21,MACH_001061,PROD_00529,LOC_00194,Evening,197,2,0.0102,3.76,Completed
PROD_0085097,2023-09-07,MACH_001346,PROD_02630,LOC_00104,Evening,344,4,0.0116,9.63,Completed
PROD_0201492,2023-01-15,MACH_000408,PROD_00638,LOC_00073,Morning,466,2,0.0043,8.74,UNKNOWN
PROD_0124162,2022-09-27,MACH_000308,PROD_00848,LOC_00145,Night,104,4,0.0385,11.1,Completed
PROD_0047899,2024-02-06,MACH_001048,PROD_03302,LOC_00103,Morning,124,5,0.0403,10.17,Completed
PROD_0237604,2025-10-03,MACH_000609,PROD_00615,LOC_00154,Morning,223,3,0.0135,9.84,Completed
PROD_0046763,2022-10-01,MACH_000981,PROD_03341,LOC_00186,Morning,307,11,0.0358,11.1,Completed
PROD_0215509,2022-02-24,MACH_000133,PROD_01522,LOC_00036,Morning,306,10,0.0327,6.1,Completed
PROD_0247453,2024-06-07,MACH_000659,PROD_04856,LOC_00053,Night,235,10,0.0426,4.36,Completed
PROD_0157844,2023-05-03,MACH_000782,PROD_04099,LOC_00146,Morning,467,5,0.0107,10.0,Completed
PROD_0099624,2022-02-20,MACH_000376,PROD_02727,LOC_00016,Night,127,3,0.0236,7.65,Completed
PROD_0060300,2022-01-30,MACH_000422,PROD_01094,LOC_00026,Evening,467,6,0.0128,8.65,In Progress
PROD_0249990,2022-05-01,MACH_000172,PROD_00258,LOC_00126,Morning,150,1,0.0067,3.15,Completed
PROD_0121309,2022-05-16,MACH_000426,PROD_01361,LOC_00204,Morning,360,10,0.0278,10.67,Completed
PROD_0238660,2022-06-24,MACH_000276,PROD_00705,LOC_00028,Night,235,9,0.0383,2.53,Completed
PROD_0073766,2024-05-20,MACH_000664,PROD_02941,LOC_00160,Morning,467,9,0.0193,9.89,Completed
PROD_0118939,2022-05-01,MACH_000014,PROD_02557,LOC_00174,Night,305,7,0.023,11.33,Completed
PROD_0072396,2024-01-27,MACH_000834,PROD_04461,LOC_00007,Morning,60,0,0.0,2.46,UNKNOWN
PROD_0086522,2023-08-22,MACH_000679,PROD_00869,LOC_00185,Night,461,11,0.0239,4.73,UNKNOWN
PROD_0078692,2023-03-22,MACH_000377,PROD_04855,LOC_00114,Morning,121,0,0.0,2.5,Completed
PROD_0149313,2025-07-02,MACH_000372,PROD_03151,LOC_00143,Night,158,2,0.0127,8.05,Completed
PROD_0199233,2024-02-19,MACH_000482,PROD_00849,LOC_00234,Night,463,20,0.0432,7.02,Completed
PROD_0133960,2023-08-23,MACH_000758,PROD_00353,LOC_00163,Evening,250,0,0.0,10.52,Completed
PROD_0230036,2022-03-11,MACH_000591,PROD_03217,LOC_00199,Evening,227,2,0.0088,6.77,Completed
PROD_0085495,2021-09-04,MACH_000246,PROD_04482,LOC_00023,Night,363,13,0.0358,5.49,Completed
PROD_0037963,2022-01-16,MACH_001233,PROD_03555,LOC_00105,Evening,252,8,0.0317,5.87,Completed
PROD_0138607,2021-06-30,MACH_000257,PROD_04949,LOC_00202,Evening,154,3,0.0195,5.83,Completed
PROD_0000697,2024-08-19,MACH_001478,PROD_04132,LOC_00173,Evening,211,5,0.0237,11.17,Completed
PROD_0287656,2026-04-28,MACH_000498,PROD_02441,LOC_00108,Night,386,18,0.0466,10.45,Completed
PROD_0194202,2023-08-13,MACH_000123,PROD_01850,LOC_00217,Night,414,17,0.0411,11.33,Completed
PROD_0022057,2026-05-13,MACH_001495,PROD_04341,LOC_00040,Evening,362,16,0.0442,9.46,Completed
PROD_0118685,2022-11-11,MACH_000533,PROD_03922,LOC_00178,Evening,385,9,0.0234,3.03,Completed
PROD_0200864,2021-11-24,MACH_000830,PROD_02027,LOC_00249,Morning,277,12,0.0433,2.82,In Progress
PROD_0107472,2024-06-23,MACH_000740,PROD_00088,LOC_00036,Evening,463,9,0.0194,6.3,Completed
PROD_0069517,2025-05-29,MACH_000052,PROD_01694,LOC_00215,Morning,397,13,0.0327,8.86,Completed
PROD_0291475,2022-12-14,MACH_000352,PROD_03214,LOC_00199,Morning,232,10,0.0431,5.51,Completed
PROD_0164724,2025-07-18,MACH_000929,PROD_03507,LOC_00133,Night,244,2,0.0082,4.9,Completed
PROD_0069153,2022-08-30,MACH_000754,PROD_00031,LOC_00230,Night,99,1,0.0101,3.63,Completed
PROD_0182396,2021-10-22,MACH_000370,PROD_00034,LOC_00080,Night,318,7,0.022,3.22,Completed
PROD_0232749,2022-11-21,MACH_000590,PROD_01485,LOC_00190,Morning,299,13,0.0435,2.67,Completed
PROD_0290683,2024-04-15,MACH_000514,PROD_01986,LOC_00147,Evening,131,0,0.0,5.86,Failed
PROD_0037206,2023-04-26,MACH_001478,PROD_03599,LOC_00193,Night,185,2,0.0108,4.02,Completed
PROD_0016092,2022-09-03,MACH_000965,PROD_01182,LOC_00022,Morning,206,4,0.0194,10.02,Completed
PROD_0007322,2022-05-18,MACH_001216,PROD_00943,LOC_00092,Evening,115,2,0.0174,4.71,Completed
PROD_0000017,2022-03-19,MACH_001265,PROD_00564,LOC_00096,Evening,228,6,0.0263,2.31,Completed
PROD_0227228,2022-03-31,MACH_001352,PROD_02584,LOC_00039,Night,236,0,0.0,6.13,Completed
PROD_0075357,2021-04-19,MACH_000141,PROD_04296,LOC_00100,Evening,492,15,0.0305,4.44,Completed
PROD_0062771,2024-02-05,MACH_001259,PROD_03787,LOC_00044,Night,199,5,0.0251,9.99,Completed
PROD_0167781,2022-01-03,MACH_000643,PROD_01247,LOC_00175,Evening,274,8,0.0292,4.39,Completed
PROD_0231464,2021-02-22,MACH_001092,PROD_00235,LOC_00122,Morning,454,18,0.0396,8.7,Completed
PROD_0252938,2023-02-01,MACH_000382,PROD_01897,LOC_00158,Evening,467,16,0.0343,5.55,Completed
PROD_0000832,2023-06-03,MACH_000157,PROD_00735,LOC_00132,Evening,66,0,0.0,5.72,Completed
PROD_0084219,2023-08-12,MACH_000665,PROD_00490,LOC_00136,Night,154,4,0.026,9.91,Completed
PROD_0158725,2026-02-21,MACH_000005,PROD_00364,LOC_00023,Night,273,6,0.022,2.01,Completed
PROD_0047772,2025-10-04,MACH_001081,PROD_02342,LOC_00074,Morning,449,17,0.0379,8.97,Completed
PROD_0233569,2021-12-08,MACH_001445,PROD_02391,LOC_00040,Night,139,2,0.0144,10.2,Completed
PROD_0168691,2025-07-04,MACH_000004,PROD_01053,LOC_00140,Morning,262,12,0.0458,4.59,Completed
PROD_0241718,2021-05-27,MACH_000838,PROD_04708,LOC_00198,Morning,224,1,0.0045,10.6,Completed
PROD_0237233,2023-01-10,MACH_000161,PROD_02730,LOC_00072,Morning,254,7,0.0276,9.57,UNKNOWN
PROD_0172824,2024-12-03,MACH_000101,PROD_02122,LOC_00139,Night,441,11,0.0249,8.74,Completed
PROD_0149940,2021-06-01,MACH_000848,PROD_02703,LOC_00002,Night,483,2,0.0041,6.9,UNKNOWN
PROD_0156961,2022-07-26,MACH_000453,PROD_03116,LOC_00118,Night,493,23,0.0467,10.51,In Progress
PROD_0092710,2021-05-18,MACH_001384,PROD_00326,LOC_00222,Night,481,0,0.0,5.89,Completed
PROD_0228481,2023-02-01,MACH_000288,PROD_01248,LOC_00187,Morning,162,5,0.0309,5.0,Failed
PROD_0215620,2025-06-29,MACH_000709,PROD_04423,LOC_00024,Evening,58,0,0.0,4.24,Completed
PROD_0183037,2026-03-21,MACH_000039,PROD_03770,LOC_00080,Night,418,8,0.0191,2.72,Completed
PROD_0063772,2021-06-03,MACH_000896,PROD_04862,LOC_00178,Morning,213,2,0.0094,7.12,Failed
PROD_0025869,2025-01-03,MACH_001290,PROD_02790,LOC_00064,Morning,452,12,0.0265,4.23,Completed
PROD_0135020,2024-10-04,MACH_001091,PROD_02158,LOC_00197,Night,360,15,0.0417,4.07,Completed
PROD_0189973,2021-05-29,MACH_001290,PROD_04976,LOC_00039,Morning,244,10,0.041,11.67,UNKNOWN
PROD_0203970,2023-04-29,MACH_000358,PROD_02966,LOC_00095,Night,118,0,0.0,2.97,Completed
PROD_0159549,2023-10-04,MACH_001219,PROD_00679,LOC_00068,Night,144,6,0.0417,6.42,Completed
PROD_0144243,2022-05-28,MACH_000037,PROD_00244,LOC_00030,Evening,487,5,0.0103,9.98,Completed
PROD_0102929,2025-08-06,MACH_001034,PROD_03184,LOC_00116,Evening,126,3,0.0238,5.44,Completed
PROD_0267473,2026-01-05,MACH_000735,PROD_00137,LOC_00124,Evening,126,5,0.0397,2.87,Completed
PROD_0042098,2023-02-18,MACH_001390,PROD_01576,LOC_00196,Evening,71,1,0.0141,3.83,Completed
PROD_0109231,2026-01-06,MACH_000202,PROD_00169,LOC_00067,Morning,66,2,0.0303,3.8,Completed
PROD_0219312,2022-09-19,MACH_000390,PROD_02945,LOC_00013,Morning,379,11,0.029,3.58,Completed
PROD_0278836,2023-09-27,MACH_000814,PROD_03754,LOC_00032,Evening,168,6,0.0357,5.71,Completed
PROD_0142435,2022-09-12,MACH_001494,PROD_04125,LOC_00079,Morning,226,6,0.0265,9.23,In Progress
PROD_0248163,2024-11-09,MACH_001072,PROD_04860,LOC_00120,Night,338,7,0.0207,5.51,Completed
PROD_0249442,2021-07-05,MACH_000327,PROD_02979,LOC_00003,Night,409,7,0.0171,7.77,Failed
PROD_0253911,2024-08-08,MACH_000450,PROD_03233,LOC_00092,Evening,299,2,0.0067,2.59,Completed
PROD_0117289,2022-01-28,MACH_000867,PROD_01138,LOC_00218,Night,446,12,0.0269,11.22,Completed
PROD_0183211,2022-04-04,MACH_000093,PROD_00824,LOC_00243,Evening,356,6,0.0169,2.65,Completed
PROD_0142922,2024-09-30,MACH_001320,PROD_04360,LOC_00248,Evening,181,6,0.0331,7.35,Completed
PROD_0089678,2024-04-02,MACH_001298,PROD_03227,LOC_00236,Evening,90,0,0.0,2.83,Completed
PROD_0077803,2023-08-28,MACH_000999,PROD_00833,LOC_00217,Morning,237,0,0.0,3.67,In Progress
PROD_0173925,2026-03-04,MACH_000607,PROD_02963,LOC_00203,Morning,230,8,0.0348,3.4,Completed
PROD_0219524,2026-01-06,MACH_001291,PROD_00579,LOC_00040,Morning,148,2,0.0135,5.56,Completed
PROD_0224195,2025-04-23,MACH_001490,PROD_00700,LOC_00045,Evening,337,11,0.0326,10.67,Completed
PROD_0109636,2025-03-24,MACH_000415,PROD_03517,LOC_00159,Night,160,6,0.0375,11.86,Completed
PROD_0032991,2021-02-25,MACH_001443,PROD_02228,LOC_00164,Evening,124,0,0.0,7.89,Completed
PROD_0063964,2022-05-17,MACH_000943,PROD_01216,LOC_00142,Evening,225,5,0.0222,10.83,Completed
PROD_0119095,2024-09-29,MACH_000434,PROD_00004,LOC_00204,Evening,288,3,0.0104,9.51,Completed
PROD_0125472,2025-07-11,MACH_000169,PROD_03565,LOC_00065,Night,479,4,0.0084,4.26,Completed
PROD_0273050,2022-04-20,MACH_000114,PROD_04849,LOC_00008,Night,77,1,0.013,3.72,Completed
PROD_0077942,2021-06-19,MACH_000615,PROD_04664,LOC_00041,Night,140,6,0.0429,3.14,Completed
PROD_0018525,2024-05-24,MACH_000096,PROD_03635,LOC_00183,Evening,388,2,0.0052,5.47,Completed
PROD_0193571,2022-01-17,MACH_000199,PROD_00373,LOC_00179,Night,233,0,0.0,3.17,Completed
PROD_0084417,2022-10-11,MACH_000165,PROD_03400,LOC_00068,Morning,230,1,0.0043,5.07,Completed
PROD_0118944,2022-04-28,MACH_000107,PROD_02363,LOC_00027,Night,420,17,0.0405,9.09,In Progress
PROD_0149721,2025-11-30,MACH_001232,PROD_04368,LOC_00112,Night,233,4,0.0172,6.79,Completed
PROD_0104791,2026-05-09,MACH_001228,PROD_00026,LOC_00214,Morning,183,3,0.0164,9.4,Completed
PROD_0019099,2023-09-17,MACH_001491,PROD_01824,LOC_00202,Night,80,1,0.0125,7.38,Completed
PROD_0213266,2025-07-19,MACH_000557,PROD_03425,LOC_00110,Night,189,0,0.0,3.33,Completed
PROD_0266006,2024-03-27,MACH_000766,PROD_02882,LOC_00198,Morning,195,8,0.041,4.71,Completed
PROD_0082789,2023-12-13,MACH_000956,PROD_01995,LOC_00106,Morning,135,4,0.0296,11.17,Completed
PROD_0017274,2022-11-22,MACH_000536,PROD_00735,LOC_00145,Morning,435,10,0.023,2.75,Completed
PROD_0028448,2021-09-21,MACH_001002,PROD_03790,LOC_00238,Night,60,0,0.0,8.88,Completed
PROD_0174630,2024-05-12,MACH_001049,PROD_02955,LOC_00213,Night,198,0,0.0,7.66,UNKNOWN
PROD_0202306,2021-11-27,MACH_000303,PROD_02712,LOC_00247,Evening,318,4,0.0126,3.81,Completed
PROD_0046659,2023-09-02,MACH_000578,PROD_04885,LOC_00046,Night,489,9,0.0184,7.2,Completed
PROD_0192878,2026-02-04,MACH_001399,PROD_03272,LOC_00017,Evening,191,7,0.0366,4.15,Completed
PROD_0042584,2021-04-22,MACH_000973,PROD_04235,LOC_00135,Night,163,5,0.0307,7.91,Completed
PROD_0230453,2025-03-29,MACH_001231,PROD_04053,LOC_00010,Night,419,1,0.0024,2.31,Completed
PROD_0044632,2023-09-12,MACH_000811,PROD_02975,LOC_00157,Morning,260,12,0.0462,5.69,Completed
PROD_0144308,2021-11-08,MACH_000723,PROD_00440,LOC_00080,Morning,384,13,0.0339,5.19,UNKNOWN
PROD_0138219,2022-04-22,MACH_000646,PROD_03910,LOC_00098,Evening,395,7,0.0177,9.25,UNKNOWN
PROD_0237415,2021-04-27,MACH_000598,PROD_03330,LOC_00057,Night,99,2,0.0202,11.17,Completed
PROD_0224126,2021-02-26,MACH_000726,PROD_03211,LOC_00194,Night,279,6,0.0215,7.82,Completed
PROD_0009976,2021-05-31,MACH_000386,PROD_03494,LOC_00038,Morning,169,4,0.0237,2.38,Completed
PROD_0275318,2025-03-24,MACH_000207,PROD_04132,LOC_00102,Evening,145,6,0.0414,3.94,Completed
PROD_0114967,2021-04-26,MACH_001340,PROD_04836,LOC_00124,Evening,135,0,0.0,10.84,In Progress
PROD_0063534,2021-10-09,MACH_000784,PROD_00130,LOC_00233,Evening,278,1,0.0036,5.09,Completed
PROD_0100294,2024-03-14,MACH_000996,PROD_00453,LOC_00127,Morning,241,1,0.0041,3.84,Completed
PROD_0190314,2022-09-25,MACH_000055,PROD_01046,LOC_00195,Night,284,5,0.0176,2.27,Completed
PROD_0297044,2021-10-29,MACH_000633,PROD_02433,LOC_00201,Evening,329,1,0.003,10.44,Completed
PROD_0103943,2022-02-03,MACH_000564,PROD_02519,LOC_00122,Morning,441,20,0.0454,10.03,Completed
PROD_0107903,2024-01-13,MACH_001414,PROD_02204,LOC_00024,Night,153,2,0.0131,6.79,Completed
PROD_0200129,2022-04-19,MACH_000654,PROD_02068,LOC_00146,Morning,231,6,0.026,5.92,Completed
PROD_0158153,2026-03-22,MACH_001407,PROD_02538,LOC_00133,Night,252,9,0.0357,6.45,Completed
PROD_0186225,2022-06-24,MACH_000190,PROD_02811,LOC_00042,Night,432,20,0.0463,7.21,Completed
PROD_0138619,2024-06-07,MACH_001157,PROD_03052,LOC_00220,Morning,121,5,0.0413,4.19,In Progress
PROD_0066616,2023-04-20,MACH_000972,PROD_02045,LOC_00098,Evening,288,10,0.0347,8.31,Completed
PROD_0083682,2024-01-06,MACH_000412,PROD_01545,LOC_00208,Night,76,1,0.0132,3.72,Completed
PROD_0177725,2026-03-12,MACH_001067,PROD_00264,LOC_00008,Night,172,6,0.0349,3.97,Completed
PROD_0033043,2021-12-14,MACH_000813,PROD_03026,LOC_00024,Evening,134,2,0.0149,8.36,Completed
PROD_0060009,2026-05-12,MACH_000627,PROD_04490,LOC_00179,Night,242,8,0.0331,6.66,Completed
PROD_0030377,2025-09-08,MACH_000021,PROD_03631,LOC_00012,Evening,376,4,0.0106,7.59,Completed
PROD_0261648,2022-12-29,MACH_000827,PROD_00923,LOC_00086,Night,293,8,0.0273,4.5,Completed
PROD_0248964,2022-01-04,MACH_001234,PROD_00769,LOC_00137,Evening,360,7,0.0194,4.74,Completed
PROD_0077410,2021-11-15,MACH_001492,PROD_04213,LOC_00020,Evening,110,4,0.0364,11.94,Completed
PROD_0057238,2022-11-25,MACH_001139,PROD_02847,LOC_00203,Night,157,5,0.0318,6.21,Completed
PROD_0143067,2025-08-05,MACH_000561,PROD_04617,LOC_00152,Morning,296,8,0.027,4.45,Completed
PROD_0220715,2023-06-08,MACH_000435,PROD_04672,LOC_00249,Evening,420,6,0.0143,8.19,UNKNOWN
PROD_0254081,2025-05-04,MACH_000920,PROD_00683,LOC_00102,Night,274,11,0.0401,5.75,Completed
PROD_0032123,2023-11-22,MACH_000165,PROD_04059,LOC_00232,Morning,154,2,0.013,3.94,Completed
PROD_0160417,2025-12-06,MACH_000103,PROD_00872,LOC_00029,Night,343,9,0.0262,11.16,Completed
PROD_0096146,2022-06-08,MACH_001422,PROD_03385,LOC_00096,Night,495,3,0.0061,2.48,Completed
PROD_0189883,2024-07-23,MACH_000251,PROD_01033,LOC_00028,Evening,488,14,0.0287,3.05,Completed
PROD_0235232,2026-05-04,MACH_000726,PROD_00066,LOC_00223,Morning,116,0,0.0,5.05,Completed
PROD_0097623,2025-04-28,MACH_000479,PROD_02913,LOC_00117,Morning,226,10,0.0442,8.38,Completed
PROD_0203360,2022-08-15,MACH_000146,PROD_03021,LOC_00051,Night,99,0,0.0,5.49,Completed
PROD_0109461,2024-01-20,MACH_001112,PROD_00626,LOC_00043,Morning,496,15,0.0302,3.5,Completed
PROD_0150232,2023-10-07,MACH_001359,PROD_03236,LOC_00221,Evening,419,12,0.0286,5.63,Completed
PROD_0102539,2024-10-28,MACH_000800,PROD_03898,LOC_00215,Night,493,18,0.0365,6.77,Completed
PROD_0247037,2024-10-21,MACH_000484,PROD_00731,LOC_00029,Morning,494,7,0.0142,10.28,Completed
PROD_0079740,2023-03-08,MACH_001015,PROD_02179,LOC_00162,Evening,98,1,0.0102,2.79,Completed
PROD_0057079,2024-08-17,MACH_000772,PROD_02430,LOC_00129,Morning,148,5,0.0338,9.97,In Progress
PROD_0229223,2021-07-01,MACH_001025,PROD_04559,LOC_00087,Night,472,21,0.0445,3.73,Completed
PROD_0068777,2026-04-13,MACH_001133,PROD_02470,LOC_00164,Morning,142,3,0.0211,3.82,Completed
PROD_0225032,2022-07-03,MACH_001354,PROD_03263,LOC_00039,Night,388,6,0.0155,6.73,Completed
PROD_0026611,2025-08-17,MACH_000246,PROD_00184,LOC_00148,Night,432,11,0.0255,11.41,Completed
PROD_0297434,2023-03-05,MACH_000552,PROD_04726,LOC_00079,Evening,144,4,0.0278,5.79,Completed
PROD_0058353,2021-08-29,MACH_001115,PROD_00198,LOC_00126,Night,96,0,0.0,10.72,Completed
PROD_0103627,2025-05-31,MACH_000539,PROD_03263,LOC_00183,Night,250,5,0.02,9.68,Completed
PROD_0235701,2024-12-04,MACH_001379,PROD_01848,LOC_00118,Morning,212,1,0.0047,11.32,Completed
PROD_0211968,2022-10-04,MACH_000459,PROD_02472,LOC_00237,Evening,161,1,0.0062,9.14,Completed
PROD_0232106,2022-08-05,MACH_001391,PROD_04337,LOC_00136,Evening,128,3,0.0234,10.76,Completed
PROD_0130497,2024-11-17,MACH_000357,PROD_03958,LOC_00203,Morning,218,4,0.0183,6.66,Completed
PROD_0088079,2023-04-01,MACH_001497,PROD_01131,LOC_00025,Night,484,23,0.0475,4.94,Completed
PROD_0092576,2026-03-25,MACH_000756,PROD_01925,LOC_00213,Night,340,9,0.0265,7.56,In Progress
PROD_0225628,2024-12-04,MACH_000792,PROD_01453,LOC_00229,Night,487,3,0.0062,2.65,Completed
PROD_0067783,2021-09-22,MACH_000371,PROD_04755,LOC_00092,Night,120,2,0.0167,9.77,Completed
PROD_0087347,2023-02-05,MACH_001231,PROD_03240,LOC_00037,Morning,294,8,0.0272,7.62,Completed
PROD_0278001,2024-10-23,MACH_000256,PROD_02763,LOC_00033,Morning,340,6,0.0176,10.75,Completed
PROD_0272310,2024-10-16,MACH_000626,PROD_03254,LOC_00236,Night,386,2,0.0052,6.33,Completed
PROD_0224919,2021-07-10,MACH_000456,PROD_03788,LOC_00223,Evening,375,1,0.0027,7.99,Completed
PROD_0141704,2025-11-13,MACH_000798,PROD_03187,LOC_00092,Night,406,3,0.0074,5.27,Completed
PROD_0219609,2025-12-13,MACH_000719,PROD_00363,LOC_00053,Morning,83,2,0.0241,4.3,Completed
PROD_0006049,2024-04-13,MACH_000861,PROD_01273,LOC_00244,Morning,346,7,0.0202,9.46,Completed
PROD_0188804,2021-12-06,MACH_000748,PROD_00477,LOC_00057,Evening,273,6,0.022,3.92,In Progress
PROD_0258115,2024-03-08,MACH_000300,PROD_03604,LOC_00238,Evening,468,4,0.0085,2.25,Completed
PROD_0106840,2025-01-23,MACH_000928,PROD_01655,LOC_00146,Evening,175,5,0.0286,2.87,In Progress
PROD_0123657,2026-03-28,MACH_000722,PROD_04830,LOC_00130,Morning,90,0,0.0,5.11,Completed
PROD_0008141,2021-01-04,MACH_001055,PROD_00225,LOC_00209,Morning,388,15,0.0387,8.51,Failed
PROD_0234278,2023-06-16,MACH_001348,PROD_01176,LOC_00238,Night,414,14,0.0338,4.59,Completed
PROD_0063751,2026-05-28,MACH_000780,PROD_00246,LOC_00067,Night,84,3,0.0357,5.82,Completed
PROD_0181108,2025-02-02,MACH_001309,PROD_04371,LOC_00224,Night,353,8,0.0227,2.05,Completed
PROD_0189748,2024-02-10,MACH_001491,PROD_02700,LOC_00128,Evening,126,4,0.0317,2.36,Completed
PROD_0202704,2023-04-30,MACH_000656,PROD_03385,LOC_00202,Evening,342,5,0.0146,3.62,Completed
PROD_0297758,2023-10-22,MACH_001128,PROD_04057,LOC_00058,Evening,493,5,0.0101,4.37,Completed
PROD_0139932,2025-11-04,MACH_001364,PROD_01846,LOC_00100,Night,310,13,0.0419,9.67,Completed
PROD_0259809,2023-06-13,MACH_000713,PROD_04643,LOC_00114,Evening,268,4,0.0149,7.51,Completed
PROD_0286108,2023-11-26,MACH_001494,PROD_02414,LOC_00006,Morning,345,5,0.0145,10.32,Completed
PROD_0027076,2025-06-28,MACH_000668,PROD_01657,LOC_00178,Morning,427,7,0.0164,4.88,Completed
PROD_0243088,2022-12-03,MACH_000881,PROD_03962,LOC_00143,Night,460,7,0.0152,7.22,Completed
PROD_0168106,2021-05-16,MACH_000943,PROD_00173,LOC_00005,Night,253,9,0.0356,10.53,Completed
PROD_0276228,2024-05-11,MACH_000285,PROD_00306,LOC_00045,Night,450,0,0.0,9.81,Completed
PROD_0039095,2026-03-31,MACH_000984,PROD_01304,LOC_00135,Night,361,3,0.0083,9.62,Completed
PROD_0248446,2022-08-17,MACH_000010,PROD_00750,LOC_00008,Morning,125,1,0.008,11.54,Completed
PROD_0183878,2023-06-20,MACH_000814,PROD_03820,LOC_00133,Evening,266,2,0.0075,4.5,UNKNOWN
PROD_0095611,2025-09-05,MACH_000509,PROD_01440,LOC_00007,Evening,286,13,0.0455,5.97,Completed
PROD_0035938,2021-12-01,MACH_001220,PROD_04670,LOC_00045,Morning,211,3,0.0142,5.92,Completed
PROD_0292989,2026-04-26,MACH_001101,PROD_01476,LOC_00104,Night,498,2,0.004,4.62,Completed
PROD_0157100,2023-05-26,MACH_001048,PROD_04127,LOC_00186,Evening,176,1,0.0057,2.22,Completed
PROD_0030005,2024-10-08,MACH_000968,PROD_01679,LOC_00008,Evening,55,0,0.0,10.87,Completed
PROD_0068939,2023-09-26,MACH_001451,PROD_02829,LOC_00070,Morning,249,8,0.0321,6.84,Completed
PROD_0274193,2025-05-19,MACH_001061,PROD_01019,LOC_00076,Morning,381,14,0.0367,10.54,Completed
PROD_0000863,2024-10-24,MACH_001250,PROD_00596,LOC_00035,Night,67,0,0.0,3.01,Completed
PROD_0170951,2025-12-03,MACH_000126,PROD_04530,LOC_00093,Evening,215,0,0.0,6.09,UNKNOWN
PROD_0071617,2025-07-02,MACH_000025,PROD_04577,LOC_00018,Evening,84,3,0.0357,10.14,Completed
PROD_0278668,2021-04-22,MACH_001018,PROD_01113,LOC_00064,Morning,418,16,0.0383,2.27,Failed
PROD_0267376,2025-12-01,MACH_001316,PROD_04400,LOC_00046,Night,109,2,0.0183,6.93,Completed
PROD_0067049,2025-05-15,MACH_000335,PROD_04171,LOC_00138,Evening,325,5,0.0154,10.03,Completed
PROD_0042013,2021-08-25,MACH_000194,PROD_01234,LOC_00140,Evening,208,9,0.0433,9.39,Completed
PROD_0188832,2023-10-04,MACH_000801,PROD_00727,LOC_00057,Morning,267,2,0.0075,11.58,Completed
PROD_0070946,2023-10-23,MACH_000114,PROD_00897,LOC_00191,Night,376,2,0.0053,4.26,Completed
PROD_0293640,2021-12-11,MACH_000838,PROD_01450,LOC_00004,Evening,92,1,0.0109,4.94,Completed
PROD_0096120,2022-01-03,MACH_000894,PROD_01361,LOC_00231,Night,485,1,0.0021,8.22,Completed
PROD_0165742,2025-02-05,MACH_001386,PROD_00728,LOC_00026,Evening,125,5,0.04,6.23,Completed
PROD_0276369,2025-09-25,MACH_000763,PROD_04629,LOC_00099,Night,278,12,0.0432,10.06,Completed
PROD_0160608,2023-02-27,MACH_000395,PROD_02295,LOC_00133,Evening,90,1,0.0111,2.85,Completed
PROD_0098684,2023-08-19,MACH_001464,PROD_00403,LOC_00154,Evening,319,14,0.0439,2.59,UNKNOWN
PROD_0152291,2023-09-18,MACH_001238,PROD_04755,LOC_00063,Morning,259,2,0.0077,11.31,Completed
PROD_0294183,2024-08-02,MACH_000926,PROD_01813,LOC_00144,Night,368,6,0.0163,4.47,Completed
PROD_0208171,2024-09-06,MACH_001227,PROD_04993,LOC_00209,Morning,61,1,0.0164,6.88,UNKNOWN
PROD_0046998,2024-12-09,MACH_000162,PROD_04220,LOC_00012,Night,491,14,0.0285,7.61,Completed
PROD_0269596,2024-11-10,MACH_000343,PROD_02964,LOC_00182,Evening,452,3,0.0066,7.72,Completed
PROD_0076646,2025-02-26,MACH_000068,PROD_04116,LOC_00103,Morning,203,4,0.0197,4.68,Completed
PROD_0164181,2022-08-25,MACH_001318,PROD_04248,LOC_00065,Evening,123,0,0.0,4.89,Completed
PROD_0074198,2025-08-13,MACH_000133,PROD_03092,LOC_00191,Evening,433,1,0.0023,8.34,Completed
PROD_0037974,2021-07-23,MACH_000708,PROD_01586,LOC_00025,Morning,187,0,0.0,5.37,UNKNOWN
PROD_0036165,2024-11-18,MACH_000411,PROD_02106,LOC_00202,Evening,231,7,0.0303,9.62,Completed
PROD_0172221,2024-06-20,MACH_000351,PROD_01537,LOC_00098,Evening,253,8,0.0316,9.8,In Progress
PROD_0223260,2023-11-14,MACH_000020,PROD_04925,LOC_00046,Night,128,0,0.0,11.17,Completed
PROD_0003551,2024-05-10,MACH_000064,PROD_03961,LOC_00006,Evening,94,3,0.0319,8.85,Completed
PROD_0133599,2022-05-12,MACH_000514,PROD_03645,LOC_00141,Morning,244,5,0.0205,7.17,Completed
PROD_0044092,2023-03-08,MACH_000498,PROD_00605,LOC_00069,Evening,350,4,0.0114,6.04,Completed
PROD_0298802,2023-06-23,MACH_000400,PROD_01579,LOC_00164,Morning,408,5,0.0123,6.8,Completed
PROD_0004785,2023-12-24,MACH_001204,PROD_03933,LOC_00199,Night,481,11,0.0229,11.48,Completed
PROD_0069914,2022-09-26,MACH_001383,PROD_02313,LOC_00086,Evening,330,12,0.0364,4.27,Completed
PROD_0073554,2025-03-20,MACH_000026,PROD_03134,LOC_00118,Morning,54,1,0.0185,4.45,Completed
PROD_0097112,2024-06-11,MACH_000912,PROD_01619,LOC_00242,Evening,65,0,0.0,6.18,Failed
PROD_0146847,2025-10-31,MACH_001225,PROD_02213,LOC_00047,Evening,370,17,0.0459,6.75,Completed
PROD_0250842,2021-10-23,MACH_000325,PROD_05000,LOC_00152,Morning,131,0,0.0,9.78,Completed
PROD_0208020,2025-01-08,MACH_000308,PROD_01219,LOC_00023,Night,116,0,0.0,9.88,Completed
PROD_0016251,2021-09-12,MACH_000548,PROD_01516,LOC_00249,Night,73,1,0.0137,8.4,In Progress
PROD_0240887,2025-06-28,MACH_000046,PROD_01714,LOC_00074,Morning,149,4,0.0268,4.26,Completed
PROD_0141229,2022-03-11,MACH_000567,PROD_02270,LOC_00033,Morning,218,9,0.0413,10.55,Completed
PROD_0168862,2024-02-29,MACH_001479,PROD_01005,LOC_00187,Morning,55,0,0.0,7.96,UNKNOWN
PROD_0274668,2023-06-26,MACH_001476,PROD_02697,LOC_00151,Evening,132,1,0.0076,11.6,Completed
PROD_0080373,2025-07-06,MACH_000282,PROD_02258,LOC_00127,Evening,429,6,0.014,8.82,Completed
PROD_0026279,2025-07-20,MACH_001021,PROD_00041,LOC_00140,Evening,83,0,0.0,10.56,In Progress
PROD_0255708,2024-04-16,MACH_000079,PROD_04319,LOC_00012,Night,301,6,0.0199,4.52,UNKNOWN
PROD_0016594,2024-02-11,MACH_000847,PROD_03249,LOC_00179,Evening,120,1,0.0083,11.71,Completed
PROD_0103583,2026-03-03,MACH_001273,PROD_00906,LOC_00242,Evening,114,4,0.0351,7.48,Failed
PROD_0175033,2021-02-08,MACH_001270,PROD_04812,LOC_00222,Night,487,17,0.0349,9.92,In Progress
PROD_0190816,2025-01-21,MACH_000020,PROD_03746,LOC_00131,Night,396,16,0.0404,9.65,Completed
PROD_0037538,2026-03-23,MACH_001474,PROD_04729,LOC_00178,Evening,492,14,0.0285,5.31,Completed
PROD_0087885,2021-05-22,MACH_000731,PROD_01690,LOC_00217,Morning,296,11,0.0372,10.84,Completed
PROD_0279403,2025-03-05,MACH_000285,PROD_03705,LOC_00159,Morning,87,3,0.0345,2.56,Completed
PROD_0096960,2023-04-07,MACH_000068,PROD_01739,LOC_00059,Morning,352,3,0.0085,8.13,Completed
PROD_0258993,2026-02-09,MACH_000942,PROD_04994,LOC_00067,Evening,492,23,0.0467,3.48,Failed
PROD_0172725,2025-11-19,MACH_001153,PROD_02737,LOC_00098,Morning,237,0,0.0,11.58,Completed
PROD_0171986,2023-07-30,MACH_000520,PROD_03100,LOC_00083,Evening,488,3,0.0061,11.62,Completed
PROD_0083315,2021-11-09,MACH_000452,PROD_03306,LOC_00083,Evening,195,5,0.0256,4.24,Completed
PROD_0194337,2023-06-23,MACH_001345,PROD_02896,LOC_00078,Night,368,6,0.0163,5.76,In Progress
PROD_0132747,2024-09-30,MACH_001004,PROD_00800,LOC_00076,Evening,235,6,0.0255,2.53,Completed
PROD_0114165,2023-10-07,MACH_001302,PROD_03216,LOC_00193,Night,176,5,0.0284,8.11,Completed
PROD_0232624,2023-09-17,MACH_001218,PROD_04218,LOC_00011,Morning,148,2,0.0135,7.0,Completed
PROD_0273028,2021-07-01,MACH_000900,PROD_03301,LOC_00133,Morning,495,12,0.0242,6.25,Completed
PROD_0241315,2022-12-21,MACH_000701,PROD_03504,LOC_00201,Morning,285,9,0.0316,8.59,Completed
PROD_0185632,2021-03-01,MACH_000235,PROD_00705,LOC_00071,Evening,373,4,0.0107,4.35,Completed
PROD_0162577,2022-01-18,MACH_000263,PROD_00238,LOC_00084,Morning,172,4,0.0233,11.69,Completed
PROD_0048325,2022-03-20,MACH_001085,PROD_03805,LOC_00008,Evening,338,11,0.0325,8.97,Completed
PROD_0209739,2025-04-17,MACH_000737,PROD_00023,LOC_00224,Night,319,2,0.0063,10.39,Completed
PROD_0299091,2021-12-05,MACH_000002,PROD_01273,LOC_00101,Night,449,3,0.0067,9.44,Completed
PROD_0124181,2023-12-11,MACH_000485,PROD_04486,LOC_00189,Morning,99,3,0.0303,2.24,Completed
PROD_0032582,2021-02-14,MACH_000168,PROD_04582,LOC_00057,Morning,390,3,0.0077,10.4,Completed
PROD_0158959,2025-01-11,MACH_000976,PROD_02792,LOC_00061,Evening,270,12,0.0444,10.6,In Progress
PROD_0048643,2023-12-10,MACH_000478,PROD_02091,LOC_00103,Morning,114,4,0.0351,7.04,Completed
PROD_0169184,2026-04-04,MACH_000537,PROD_00594,LOC_00058,Night,172,2,0.0116,8.35,Completed
PROD_0137033,2021-07-12,MACH_001247,PROD_04717,LOC_00063,Morning,284,9,0.0317,8.58,Completed
PROD_0126968,2024-11-29,MACH_001021,PROD_02310,LOC_00206,Evening,218,9,0.0413,9.64,Completed
PROD_0004849,2023-09-10,MACH_001250,PROD_02984,LOC_00224,Morning,109,4,0.0367,5.03,UNKNOWN
PROD_0159184,2022-10-09,MACH_000928,PROD_00755,LOC_00088,Evening,310,14,0.0452,4.81,Completed
PROD_0033096,2024-12-14,MACH_000482,PROD_02772,LOC_00051,Night,248,7,0.0282,7.03,Completed
PROD_0012385,2023-06-20,MACH_000715,PROD_00075,LOC_00084,Morning,93,3,0.0323,10.5,UNKNOWN
PROD_0199992,2022-03-08,MACH_001222,PROD_02749,LOC_00032,Night,314,10,0.0318,2.59,Completed
PROD_0155780,2026-02-09,MACH_000135,PROD_04348,LOC_00188,Night,398,2,0.005,4.79,Completed
PROD_0136832,2021-07-20,MACH_000392,PROD_00243,LOC_00227,Evening,371,12,0.0323,6.25,Completed
PROD_0090040,2022-07-01,MACH_001350,PROD_03137,LOC_00005,Evening,322,7,0.0217,8.37,Completed
PROD_0126970,2021-09-18,MACH_000936,PROD_02762,LOC_00021,Night,345,1,0.0029,4.54,Completed
PROD_0056611,2024-09-14,MACH_000238,PROD_00382,LOC_00041,Night,232,6,0.0259,4.48,In Progress
PROD_0196289,2026-05-23,MACH_000350,PROD_04758,LOC_00216,Night,454,2,0.0044,9.88,Completed
PROD_0145547,2025-08-20,MACH_000120,PROD_04398,LOC_00139,Night,328,5,0.0152,5.6,Completed
PROD_0220261,2024-12-23,MACH_000786,PROD_01211,LOC_00046,Evening,276,2,0.0072,3.19,Completed
PROD_0212009,2023-09-02,MACH_001426,PROD_04492,LOC_00112,Morning,251,10,0.0398,10.4,Completed
PROD_0051435,2024-09-12,MACH_000444,PROD_04934,LOC_00164,Evening,246,3,0.0122,7.97,Completed
PROD_0215852,2024-07-12,MACH_001048,PROD_03943,LOC_00245,Morning,71,0,0.0,5.74,Completed
PROD_0065810,2026-06-26,MACH_001240,PROD_03409,LOC_00161,Morning,498,12,0.0241,11.11,Completed
PROD_0133124,2023-03-27,MACH_000139,PROD_03083,LOC_00045,Morning,381,14,0.0367,2.7,Completed
PROD_0194505,2025-12-07,MACH_000628,PROD_04351,LOC_00095,Evening,147,1,0.0068,3.34,Completed
PROD_0105135,2026-06-15,MACH_000829,PROD_01564,LOC_00110,Night,360,6,0.0167,7.98,Completed
PROD_0084442,2021-09-20,MACH_000294,PROD_02381,LOC_00117,Evening,143,0,0.0,5.82,Completed
PROD_0043353,2024-10-06,MACH_001485,PROD_00481,LOC_00107,Evening,430,4,0.0093,5.62,Completed
PROD_0271273,2021-07-25,MACH_000282,PROD_00020,LOC_00243,Evening,262,10,0.0382,8.94,Completed
PROD_0263062,2024-09-13,MACH_000283,PROD_04382,LOC_00071,Evening,223,4,0.0179,8.33,Completed
PROD_0124622,2025-10-06,MACH_000660,PROD_01995,LOC_00102,Morning,119,2,0.0168,7.0,Completed
PROD_0048584,2023-05-05,MACH_001195,PROD_00862,LOC_00035,Morning,431,10,0.0232,5.01,Completed
PROD_0106970,2021-06-03,MACH_001298,PROD_01725,LOC_00133,Evening,365,2,0.0055,2.14,Failed
PROD_0044130,2022-01-15,MACH_001283,PROD_02346,LOC_00250,Morning,342,7,0.0205,5.65,In Progress
PROD_0206405,2022-01-08,MACH_001262,PROD_02865,LOC_00046,Morning,364,7,0.0192,7.32,Completed
PROD_0083481,2022-11-12,MACH_000626,PROD_04964,LOC_00184,Night,451,21,0.0466,10.69,Completed
PROD_0271054,2021-10-27,MACH_000542,PROD_03683,LOC_00141,Night,209,1,0.0048,6.66,Completed
PROD_0109916,2024-05-09,MACH_001121,PROD_04835,LOC_00042,Morning,284,7,0.0246,11.17,Failed
PROD_0255963,2025-05-08,MACH_001326,PROD_01707,LOC_00145,Morning,496,3,0.006,3.66,Completed
PROD_0164224,2023-08-10,MACH_000136,PROD_01286,LOC_00011,Evening,354,13,0.0367,5.35,Completed
PROD_0165361,2022-11-15,MACH_001106,PROD_01090,LOC_00171,Night,243,5,0.0206,2.7,In Progress
PROD_0246487,2021-12-19,MACH_000792,PROD_01802,LOC_00137,Morning,491,12,0.0244,9.3,Completed
PROD_0241416,2023-03-15,MACH_000020,PROD_01330,LOC_00166,Night,173,1,0.0058,3.0,In Progress
PROD_0114423,2021-01-20,MACH_001320,PROD_00048,LOC_00127,Evening,438,5,0.0114,4.98,In Progress
PROD_0061099,2024-03-04,MACH_001440,PROD_04039,LOC_00203,Evening,63,1,0.0159,2.7,Completed
PROD_0130151,2026-06-23,MACH_000900,PROD_03165,LOC_00036,Night,334,1,0.003,6.63,Completed
PROD_0245725,2021-07-11,MACH_000608,PROD_00157,LOC_00087,Evening,258,9,0.0349,10.9,Completed
PROD_0286044,2021-12-31,MACH_000941,PROD_03496,LOC_00109,Night,253,4,0.0158,5.72,Completed
PROD_0211573,2023-01-07,MACH_001205,PROD_03743,LOC_00045,Evening,65,2,0.0308,6.0,Failed
PROD_0096145,2022-01-25,MACH_001112,PROD_03200,LOC_00181,Night,235,5,0.0213,11.97,Completed
PROD_0193642,2026-02-01,MACH_000595,PROD_03783,LOC_00065,Evening,218,2,0.0092,9.3,Completed
PROD_0199403,2025-09-18,MACH_001480,PROD_04242,LOC_00094,Evening,351,14,0.0399,6.15,Completed
PROD_0014405,2022-01-23,MACH_000815,PROD_00838,LOC_00056,Morning,206,1,0.0049,5.42,Completed
PROD_0106307,2024-07-27,MACH_000397,PROD_00467,LOC_00107,Night,289,9,0.0311,8.98,Completed
PROD_0076003,2023-08-15,MACH_001251,PROD_00070,LOC_00127,Evening,147,1,0.0068,6.24,UNKNOWN
PROD_0068792,2024-03-30,MACH_000013,PROD_02882,LOC_00166,Evening,285,3,0.0105,10.67,Completed
PROD_0012767,2021-06-26,MACH_000359,PROD_02917,LOC_00104,Morning,403,0,0.0,5.1,Completed
PROD_0019927,2023-06-07,MACH_000848,PROD_04746,LOC_00210,Evening,370,7,0.0189,8.15,Completed
PROD_0273966,2025-11-13,MACH_001212,PROD_01465,LOC_00244,Evening,239,7,0.0293,5.17,Completed
PROD_0241738,2024-01-02,MACH_001019,PROD_00373,LOC_00249,Night,177,0,0.0,2.17,Completed
PROD_0279035,2024-10-04,MACH_001085,PROD_04067,LOC_00229,Morning,114,4,0.0351,9.28,Completed
PROD_0078377,2026-06-18,MACH_001323,PROD_01872,LOC_00169,Night,287,8,0.0279,4.69,Completed
PROD_0155646,2023-01-12,MACH_001354,PROD_04299,LOC_00146,Evening,393,2,0.0051,10.25,Failed
PROD_0218033,2025-04-22,MACH_001495,PROD_04293,LOC_00223,Evening,328,12,0.0366,3.5,Completed
PROD_0045279,2025-10-20,MACH_000791,PROD_01669,LOC_00130,Morning,148,6,0.0405,4.11,Completed
PROD_0216932,2023-08-28,MACH_000257,PROD_01690,LOC_00227,Evening,98,0,0.0,8.02,Completed
PROD_0146519,2025-10-14,MACH_000757,PROD_04822,LOC_00100,Morning,310,7,0.0226,10.46,Completed
PROD_0039356,2024-01-01,MACH_000125,PROD_01558,LOC_00103,Night,84,3,0.0357,2.44,Completed
PROD_0083804,2023-10-31,MACH_000364,PROD_00498,LOC_00245,Evening,311,11,0.0354,8.18,In Progress
PROD_0208941,2024-05-23,MACH_001474,PROD_00634,LOC_00042,Night,198,2,0.0101,7.17,Completed
PROD_0203422,2022-08-19,MACH_000709,PROD_00641,LOC_00197,Morning,277,9,0.0325,9.12,Completed
PROD_0163930,2023-08-29,MACH_000898,PROD_02407,LOC_00193,Morning,460,14,0.0304,4.04,Completed
PROD_0293568,2023-04-18,MACH_000411,PROD_04684,LOC_00107,Evening,148,5,0.0338,10.07,Completed
PROD_0220555,2021-03-11,MACH_000768,PROD_02898,LOC_00189,Morning,289,10,0.0346,3.43,Completed
PROD_0195642,2024-07-13,MACH_001385,PROD_03617,LOC_00143,Evening,333,7,0.021,4.88,Completed
PROD_0280058,2024-08-05,MACH_000833,PROD_04487,LOC_00128,Night,151,4,0.0265,4.51,Completed
PROD_0081328,2021-09-25,MACH_000564,PROD_01704,LOC_00091,Night,285,13,0.0456,5.96,Completed
PROD_0042435,2022-04-23,MACH_001192,PROD_02212,LOC_00080,Night,447,13,0.0291,11.38,Completed
PROD_0181109,2024-06-01,MACH_001361,PROD_00030,LOC_00196,Night,176,6,0.0341,5.38,Completed
PROD_0058567,2021-07-15,MACH_001432,PROD_01208,LOC_00242,Night,462,14,0.0303,10.98,Completed
PROD_0188773,2022-03-16,MACH_000890,PROD_01472,LOC_00096,Night,469,19,0.0405,5.05,UNKNOWN
PROD_0236598,2024-06-13,MACH_000238,PROD_03496,LOC_00176,Morning,372,10,0.0269,2.83,Completed
PROD_0186216,2021-03-13,MACH_000929,PROD_04614,LOC_00119,Evening,171,4,0.0234,5.58,Completed
PROD_0289633,2022-12-11,MACH_001214,PROD_04141,LOC_00221,Morning,329,9,0.0274,9.79,Completed
PROD_0189605,2023-08-17,MACH_000773,PROD_03623,LOC_00030,Evening,450,11,0.0244,9.63,Completed
PROD_0027812,2025-12-12,MACH_000559,PROD_02571,LOC_00100,Evening,389,0,0.0,11.43,Completed
PROD_0264005,2021-02-07,MACH_001396,PROD_04690,LOC_00143,Morning,70,2,0.0286,6.92,Completed
PROD_0263574,2023-05-02,MACH_000138,PROD_04238,LOC_00129,Evening,275,12,0.0436,7.74,Completed
PROD_0191857,2022-03-11,MACH_000190,PROD_00344,LOC_00169,Evening,396,8,0.0202,5.7,Completed
PROD_0251855,2021-07-04,MACH_000570,PROD_02453,LOC_00079,Night,97,2,0.0206,8.92,Completed
PROD_0096184,2025-07-11,MACH_000071,PROD_04241,LOC_00123,Morning,375,4,0.0107,3.0,Completed
PROD_0045623,2024-11-29,MACH_001383,PROD_00863,LOC_00023,Morning,232,4,0.0172,9.59,Completed
PROD_0092761,2023-11-22,MACH_000092,PROD_01119,LOC_00146,Morning,132,5,0.0379,8.36,Completed
PROD_0102936,2024-11-07,MACH_000418,PROD_03248,LOC_00114,Night,104,1,0.0096,8.15,Failed
PROD_0194702,2021-10-21,MACH_000302,PROD_03422,LOC_00100,Night,314,7,0.0223,7.9,Completed
PROD_0226341,2022-06-14,MACH_000485,PROD_02593,LOC_00142,Morning,143,2,0.014,6.12,UNKNOWN
PROD_0239330,2024-01-27,MACH_000397,PROD_03365,LOC_00090,Evening,205,5,0.0244,8.97,Completed
PROD_0148264,2023-11-22,MACH_000030,PROD_03024,LOC_00086,Night,301,8,0.0266,11.01,Completed
PROD_0208009,2022-12-27,MACH_000580,PROD_04227,LOC_00047,Evening,208,7,0.0337,6.79,Completed
PROD_0219248,2023-05-22,MACH_000746,PROD_00494,LOC_00043,Evening,379,0,0.0,10.77,Completed
PROD_0216605,2025-05-21,MACH_000094,PROD_04529,LOC_00067,Night,448,14,0.0312,7.77,Completed
PROD_0070150,2021-03-05,MACH_000084,PROD_04235,LOC_00165,Night,198,8,0.0404,4.96,Completed
PROD_0098593,2022-02-24,MACH_000669,PROD_03503,LOC_00132,Night,178,5,0.0281,8.18,Completed
PROD_0141066,2023-01-18,MACH_000092,PROD_02624,LOC_00042,Morning,340,13,0.0382,8.84,Completed
PROD_0181731,2022-10-21,MACH_000907,PROD_04008,LOC_00168,Morning,478,22,0.046,9.24,Completed
PROD_0109342,2021-12-17,MACH_000305,PROD_01022,LOC_00210,Night,497,18,0.0362,5.5,Completed
PROD_0261139,2024-10-09,MACH_000676,PROD_04114,LOC_00080,Morning,417,10,0.024,2.81,Completed
PROD_0105377,2023-04-12,MACH_000794,PROD_00074,LOC_00115,Night,176,5,0.0284,10.03,Completed
PROD_0101072,2025-04-14,MACH_000362,PROD_01336,LOC_00027,Night,118,3,0.0254,10.2,Completed
PROD_0197035,2022-07-05,MACH_000833,PROD_00231,LOC_00039,Night,68,1,0.0147,2.29,Completed
PROD_0189443,2022-10-06,MACH_001334,PROD_03650,LOC_00159,Night,122,3,0.0246,8.73,Completed
PROD_0020764,2021-11-16,MACH_000465,PROD_02271,LOC_00179,Evening,233,7,0.03,9.62,Completed
PROD_0260575,2023-12-23,MACH_000703,PROD_04293,LOC_00201,Morning,418,10,0.0239,6.26,Completed
PROD_0220550,2021-10-25,MACH_001241,PROD_03387,LOC_00202,Evening,182,3,0.0165,4.16,Completed
PROD_0042907,2025-05-13,MACH_001048,PROD_01902,LOC_00229,Evening,130,3,0.0231,6.96,UNKNOWN
PROD_0057059,2021-04-10,MACH_001302,PROD_01308,LOC_00114,Morning,192,7,0.0365,10.73,Completed
PROD_0230914,2026-03-18,MACH_000647,PROD_01450,LOC_00068,Morning,300,5,0.0167,3.29,UNKNOWN
PROD_0020819,2021-12-25,MACH_001058,PROD_02746,LOC_00133,Evening,144,2,0.0139,7.84,UNKNOWN
PROD_0055788,2024-05-17,MACH_001318,PROD_04916,LOC_00198,Morning,333,0,0.0,3.21,In Progress
PROD_0139848,2023-06-30,MACH_000322,PROD_03772,LOC_00065,Evening,242,11,0.0455,9.37,Completed
PROD_0151701,2024-01-15,MACH_000704,PROD_00116,LOC_00039,Evening,122,4,0.0328,9.94,Completed
PROD_0025561,2023-05-30,MACH_000486,PROD_03203,LOC_00103,Evening,465,17,0.0366,4.72,Failed
PROD_0003934,2023-08-26,MACH_001297,PROD_02927,LOC_00120,Night,187,0,0.0,7.41,Completed
PROD_0063923,2024-05-05,MACH_000206,PROD_00616,LOC_00092,Evening,79,0,0.0,2.53,Completed
PROD_0247224,2023-07-22,MACH_001002,PROD_01273,LOC_00177,Morning,306,11,0.0359,5.22,Completed
PROD_0087936,2021-06-28,MACH_000716,PROD_04916,LOC_00107,Evening,171,3,0.0175,11.05,Completed
PROD_0154108,2023-04-03,MACH_000565,PROD_04374,LOC_00119,Evening,126,5,0.0397,6.0,Failed
PROD_0293255,2024-02-05,MACH_000772,PROD_00855,LOC_00133,Night,343,1,0.0029,9.4,Completed
PROD_0025858,2024-06-15,MACH_000719,PROD_03610,LOC_00088,Evening,354,10,0.0282,4.31,Completed
PROD_0066768,2023-08-29,MACH_000737,PROD_00828,LOC_00061,Morning,350,13,0.0371,8.15,Failed
PROD_0264374,2022-12-08,MACH_001035,PROD_04062,LOC_00187,Night,201,9,0.0448,8.86,Completed
PROD_0101550,2023-01-18,MACH_001035,PROD_03934,LOC_00208,Night,108,2,0.0185,11.27,Completed
PROD_0191801,2022-09-25,MACH_000377,PROD_01600,LOC_00234,Morning,286,11,0.0385,8.66,Completed
PROD_0100260,2023-05-30,MACH_000693,PROD_02161,LOC_00086,Evening,462,21,0.0455,4.35,Completed
PROD_0007124,2021-12-04,MACH_000702,PROD_02382,LOC_00117,Night,306,11,0.0359,6.53,Completed
PROD_0256450,2023-06-25,MACH_001337,PROD_03044,LOC_00225,Night,216,7,0.0324,10.51,Completed
PROD_0217682,2024-07-01,MACH_001002,PROD_04583,LOC_00209,Evening,74,0,0.0,9.71,Failed
PROD_0166572,2024-12-03,MACH_000121,PROD_04095,LOC_00042,Evening,179,5,0.0279,8.67,Completed
PROD_0232872,2026-05-11,MACH_001106,PROD_02378,LOC_00237,Night,172,0,0.0,6.13,Failed
PROD_0098711,2021-01-22,MACH_001491,PROD_01459,LOC_00045,Morning,50,1,0.02,9.22,Completed
PROD_0192921,2025-02-01,MACH_000117,PROD_01064,LOC_00083,Evening,438,18,0.0411,3.19,Completed
PROD_0159319,2025-08-02,MACH_000133,PROD_01048,LOC_00170,Night,82,3,0.0366,7.42,Completed
PROD_0040433,2024-04-16,MACH_000762,PROD_00221,LOC_00123,Night,207,4,0.0193,2.74,Completed
PROD_0167009,2026-01-06,MACH_001480,PROD_00283,LOC_00066,Evening,190,2,0.0105,8.88,Completed
PROD_0058676,2022-07-26,MACH_001401,PROD_01521,LOC_00096,Night,262,8,0.0305,5.58,UNKNOWN
PROD_0237377,2025-10-18,MACH_000949,PROD_04638,LOC_00086,Night,333,4,0.012,8.65,Completed
PROD_0156829,2021-09-01,MACH_001063,PROD_03534,LOC_00072,Morning,222,10,0.045,4.26,In Progress
PROD_0275871,2023-05-01,MACH_001156,PROD_03198,LOC_00156,Morning,126,5,0.0397,3.23,Completed
PROD_0174634,2026-02-17,MACH_000314,PROD_04893,LOC_00095,Night,476,15,0.0315,4.88,Completed
PROD_0004245,2025-04-25,MACH_000463,PROD_03335,LOC_00077,Night,381,16,0.042,8.33,UNKNOWN
PROD_0048151,2023-05-12,MACH_000371,PROD_03410,LOC_00087,Night,445,19,0.0427,11.65,Completed
PROD_0116566,2021-11-26,MACH_000268,PROD_00667,LOC_00040,Evening,251,11,0.0438,5.85,Completed
PROD_0216413,2024-07-26,MACH_000794,PROD_01929,LOC_00023,Evening,172,2,0.0116,5.2,Failed
PROD_0143372,2021-12-22,MACH_000896,PROD_04005,LOC_00201,Evening,156,1,0.0064,4.28,Completed
PROD_0016607,2021-02-02,MACH_000392,PROD_04727,LOC_00156,Night,96,2,0.0208,2.84,Completed
PROD_0229997,2023-03-29,MACH_000953,PROD_01119,LOC_00034,Morning,496,9,0.0181,9.41,Completed
PROD_0069690,2021-12-08,MACH_001169,PROD_02605,LOC_00165,Evening,186,4,0.0215,7.09,Completed
PROD_0084175,2022-09-26,MACH_000290,PROD_04474,LOC_00059,Evening,56,0,0.0,7.13,Completed
PROD_0060776,2021-10-31,MACH_000834,PROD_01878,LOC_00125,Night,69,0,0.0,6.03,Completed
PROD_0143769,2022-11-03,MACH_001071,PROD_01336,LOC_00090,Morning,320,10,0.0312,7.15,Completed
PROD_0032857,2022-06-05,MACH_000002,PROD_01349,LOC_00006,Night,359,15,0.0418,6.46,Completed
PROD_0248232,2022-03-17,MACH_001171,PROD_01461,LOC_00047,Morning,498,3,0.006,4.0,Completed
PROD_0056409,2025-11-01,MACH_001007,PROD_03076,LOC_00208,Night,151,2,0.0132,10.17,Completed
PROD_0058325,2026-01-06,MACH_000234,PROD_03577,LOC_00117,Night,82,2,0.0244,6.15,Completed
PROD_0079716,2024-11-12,MACH_000799,PROD_03373,LOC_00135,Morning,258,0,0.0,4.37,Completed
PROD_0051285,2021-12-14,MACH_000314,PROD_04492,LOC_00005,Night,159,6,0.0377,3.62,Completed
PROD_0130681,2024-02-13,MACH_001092,PROD_04265,LOC_00211,Night,55,0,0.0,11.72,Completed
PROD_0097272,2024-04-19,MACH_000274,PROD_01001,LOC_00192,Morning,439,14,0.0319,5.8,Completed
PROD_0247610,2021-05-01,MACH_000365,PROD_03605,LOC_00246,Morning,234,8,0.0342,11.45,Completed
PROD_0101952,2023-03-06,MACH_001014,PROD_01100,LOC_00139,Night,255,6,0.0235,7.32,Completed
PROD_0192979,2024-02-28,MACH_001079,PROD_00711,LOC_00243,Night,115,0,0.0,2.88,Completed
PROD_0092618,2024-12-19,MACH_001044,PROD_03595,LOC_00171,Morning,159,5,0.0314,5.36,Completed
PROD_0181565,2023-02-04,MACH_000620,PROD_04724,LOC_00165,Morning,413,14,0.0339,10.94,Completed
PROD_0142316,2022-08-25,MACH_000879,PROD_04561,LOC_00190,Night,208,9,0.0433,7.71,Completed
PROD_0126786,2023-08-11,MACH_001076,PROD_00915,LOC_00239,Night,444,18,0.0405,4.69,Completed
PROD_0103363,2024-11-17,MACH_000665,PROD_01752,LOC_00178,Morning,206,8,0.0388,4.0,Completed
PROD_0141341,2024-07-28,MACH_000131,PROD_04889,LOC_00006,Night,184,7,0.038,6.73,Completed
PROD_0211460,2022-05-30,MACH_000131,PROD_04692,LOC_00155,Morning,93,3,0.0323,6.17,Completed
PROD_0257116,2024-08-31,MACH_000643,PROD_02836,LOC_00217,Night,368,10,0.0272,8.24,Completed
PROD_0271127,2022-06-02,MACH_001211,PROD_01117,LOC_00039,Morning,424,4,0.0094,3.76,Completed
PROD_0051820,2021-01-07,MACH_000918,PROD_03585,LOC_00100,Night,341,3,0.0088,3.74,Completed
PROD_0124925,2022-08-14,MACH_000385,PROD_02235,LOC_00055,Evening,66,0,0.0,10.87,Completed
PROD_0272717,2021-08-23,MACH_000065,PROD_04305,LOC_00247,Morning,67,2,0.0299,2.04,Completed
PROD_0194377,2022-05-22,MACH_000244,PROD_00078,LOC_00229,Morning,117,3,0.0256,6.77,In Progress
PROD_0140366,2024-12-10,MACH_001178,PROD_03487,LOC_00144,Evening,175,2,0.0114,11.23,In Progress
PROD_0195147,2022-09-28,MACH_000246,PROD_00045,LOC_00197,Morning,64,1,0.0156,2.18,Completed
PROD_0091255,2021-09-04,MACH_000500,PROD_03619,LOC_00226,Evening,444,16,0.036,6.3,Completed
PROD_0292404,2024-07-22,MACH_000574,PROD_00844,LOC_00188,Evening,412,0,0.0,3.3,Completed
PROD_0103244,2022-04-23,MACH_000001,PROD_01661,LOC_00228,Morning,313,14,0.0447,10.24,Completed
PROD_0084643,2024-11-14,MACH_000329,PROD_03661,LOC_00012,Morning,169,1,0.0059,7.44,Completed
PROD_0053656,2024-11-30,MACH_001174,PROD_02385,LOC_00240,Evening,183,4,0.0219,3.96,Completed
PROD_0114997,2024-08-30,MACH_001419,PROD_02037,LOC_00116,Evening,267,12,0.0449,4.48,Completed
PROD_0150109,2021-02-01,MACH_001382,PROD_01776,LOC_00006,Night,479,8,0.0167,5.53,Completed
PROD_0183563,2022-01-16,MACH_001454,PROD_04891,LOC_00204,Night,166,3,0.0181,9.74,Completed
PROD_0147888,2022-06-03,MACH_000461,PROD_04035,LOC_00229,Evening,70,1,0.0143,3.3,Completed
PROD_0223070,2021-04-06,MACH_000211,PROD_04485,LOC_00182,Night,489,17,0.0348,2.83,Completed
PROD_0114191,2023-10-13,MACH_001466,PROD_01455,LOC_00119,Morning,99,1,0.0101,8.58,Completed
PROD_0258021,2021-06-05,MACH_001039,PROD_03763,LOC_00188,Evening,177,6,0.0339,3.84,UNKNOWN
PROD_0268757,2022-08-29,MACH_001276,PROD_02910,LOC_00115,Night,187,5,0.0267,5.63,Completed
PROD_0140411,2026-06-08,MACH_001054,PROD_01096,LOC_00131,Evening,288,0,0.0,3.55,Completed
PROD_0005507,2022-12-21,MACH_000981,PROD_02538,LOC_00249,Morning,397,4,0.0101,2.18,Completed
PROD_0011083,2021-03-15,MACH_000449,PROD_00642,LOC_00093,Evening,428,3,0.007,9.97,Completed
PROD_0071410,2024-03-21,MACH_000556,PROD_04036,LOC_00141,Evening,384,11,0.0286,5.41,Failed
PROD_0046913,2021-06-17,MACH_000394,PROD_04962,LOC_00116,Morning,250,8,0.032,10.53,Completed
PROD_0194434,2024-11-28,MACH_000914,PROD_02413,LOC_00029,Night,488,15,0.0307,7.97,Completed
PROD_0276642,2025-07-08,MACH_000550,PROD_03194,LOC_00053,Morning,347,11,0.0317,5.35,Completed
PROD_0020356,2022-12-09,MACH_000604,PROD_03832,LOC_00162,Morning,450,6,0.0133,2.43,Completed
PROD_0241141,2025-01-09,MACH_000948,PROD_01931,LOC_00179,Evening,314,1,0.0032,8.34,Completed
PROD_0108214,2023-09-24,MACH_000081,PROD_03735,LOC_00001,Morning,435,0,0.0,7.11,Completed
PROD_0188352,2026-01-19,MACH_000468,PROD_00414,LOC_00035,Night,216,1,0.0046,10.36,In Progress
PROD_0139757,2024-09-21,MACH_000480,PROD_02726,LOC_00080,Evening,265,11,0.0415,6.49,In Progress
PROD_0012007,2025-09-06,MACH_001290,PROD_02422,LOC_00073,Morning,319,12,0.0376,3.38,Completed
PROD_0126178,2024-03-08,MACH_000571,PROD_01950,LOC_00221,Morning,271,4,0.0148,3.83,Completed
PROD_0074431,2026-02-22,MACH_001340,PROD_00125,LOC_00133,Night,196,5,0.0255,2.81,Completed
PROD_0158561,2021-07-03,MACH_000013,PROD_01275,LOC_00074,Night,425,7,0.0165,5.98,Completed
PROD_0051342,2023-08-20,MACH_000604,PROD_04577,LOC_00041,Morning,439,0,0.0,12.0,Completed
PROD_0130690,2024-04-10,MACH_000759,PROD_01432,LOC_00246,Evening,241,10,0.0415,5.41,Completed
PROD_0255716,2023-12-15,MACH_001232,PROD_00205,LOC_00062,Night,444,15,0.0338,7.79,Completed
PROD_0103436,2023-03-25,MACH_001106,PROD_02533,LOC_00038,Morning,390,12,0.0308,3.68,Completed
PROD_0001175,2021-01-16,MACH_000077,PROD_00816,LOC_00154,Evening,122,0,0.0,5.82,Completed
PROD_0204694,2025-05-17,MACH_001483,PROD_01357,LOC_00201,Night,387,7,0.0181,2.66,Completed
PROD_0083359,2025-11-12,MACH_001076,PROD_02583,LOC_00011,Night,314,4,0.0127,10.39,Completed
PROD_0090219,2021-01-25,MACH_000230,PROD_00757,LOC_00127,Night,298,4,0.0134,5.48,UNKNOWN
PROD_0208036,2023-12-22,MACH_001176,PROD_02319,LOC_00016,Evening,185,8,0.0432,7.81,Completed
PROD_0129578,2022-11-21,MACH_001299,PROD_04571,LOC_00092,Morning,95,0,0.0,11.53,Completed
PROD_0288919,2021-11-19,MACH_001244,PROD_03098,LOC_00182,Evening,309,4,0.0129,7.05,Completed
PROD_0224329,2021-07-08,MACH_000350,PROD_02646,LOC_00067,Morning,157,5,0.0318,9.38,In Progress
PROD_0239339,2022-03-09,MACH_000004,PROD_01603,LOC_00111,Morning,497,7,0.0141,9.57,Completed
PROD_0237244,2025-06-22,MACH_000896,PROD_04835,LOC_00233,Morning,401,11,0.0274,9.63,Completed
PROD_0192948,2024-03-20,MACH_000174,PROD_04665,LOC_00051,Morning,139,4,0.0288,4.58,Completed
PROD_0011491,2021-11-12,MACH_000776,PROD_04649,LOC_00143,Evening,492,18,0.0366,5.72,Completed
PROD_0089778,2021-01-04,MACH_000889,PROD_04848,LOC_00149,Evening,459,6,0.0131,4.52,Completed
PROD_0273020,2026-04-03,MACH_000187,PROD_03373,LOC_00064,Night,188,2,0.0106,5.06,Completed
PROD_0268396,2025-07-23,MACH_001029,PROD_01722,LOC_00002,Morning,364,4,0.011,5.2,UNKNOWN
PROD_0259890,2025-09-23,MACH_000764,PROD_00932,LOC_00003,Night,67,2,0.0299,11.42,Completed
PROD_0028742,2024-06-16,MACH_000332,PROD_00491,LOC_00164,Night,471,2,0.0042,7.34,In Progress
PROD_0126214,2024-06-30,MACH_000731,PROD_02521,LOC_00102,Night,370,14,0.0378,6.48,Completed
PROD_0199661,2021-07-15,MACH_000676,PROD_02090,LOC_00161,Morning,443,16,0.0361,4.76,Completed
PROD_0229155,2022-12-06,MACH_000285,PROD_04427,LOC_00057,Evening,342,1,0.0029,9.06,In Progress
PROD_0282075,2023-10-31,MACH_001202,PROD_04578,LOC_00221,Evening,149,1,0.0067,4.41,Completed
PROD_0087262,2023-09-24,MACH_000415,PROD_01503,LOC_00150,Night,128,2,0.0156,4.43,Completed
PROD_0136668,2021-10-14,MACH_000902,PROD_02778,LOC_00244,Night,449,17,0.0379,8.47,Completed
PROD_0164599,2023-06-12,MACH_000672,PROD_03742,LOC_00165,Morning,406,2,0.0049,7.65,Completed
PROD_0226479,2023-09-06,MACH_000391,PROD_00235,LOC_00217,Evening,73,2,0.0274,6.55,Completed
PROD_0036246,2021-02-23,MACH_000634,PROD_01703,LOC_00177,Night,225,0,0.0,8.43,Completed
PROD_0253786,2026-05-08,MACH_001293,PROD_03374,LOC_00100,Evening,120,4,0.0333,8.3,Completed
PROD_0035594,2024-09-22,MACH_000787,PROD_02333,LOC_00206,Evening,470,11,0.0234,8.29,Completed
PROD_0249804,2025-03-29,MACH_000369,PROD_00046,LOC_00120,Night,305,0,0.0,10.37,Completed
PROD_0070402,2021-03-09,MACH_000422,PROD_02442,LOC_00223,Morning,397,9,0.0227,9.11,Failed
PROD_0233704,2026-04-25,MACH_000873,PROD_03125,LOC_00155,Morning,219,1,0.0046,9.65,Completed
PROD_0280897,2023-09-08,MACH_001074,PROD_02086,LOC_00233,Night,386,6,0.0155,4.21,Failed
PROD_0229575,2025-01-30,MACH_000634,PROD_00728,LOC_00247,Night,389,5,0.0129,9.49,Completed
PROD_0087909,2024-11-21,MACH_000459,PROD_01478,LOC_00239,Evening,66,0,0.0,3.28,In Progress
PROD_0213737,2024-06-26,MACH_000286,PROD_02983,LOC_00220,Morning,446,6,0.0135,6.56,Completed
PROD_0176118,2024-03-12,MACH_000386,PROD_01373,LOC_00220,Night,65,0,0.0,2.21,Completed
PROD_0147410,2021-06-15,MACH_000625,PROD_02456,LOC_00107,Evening,258,8,0.031,6.21,Completed
PROD_0020676,2025-01-19,MACH_000705,PROD_02178,LOC_00212,Night,477,8,0.0168,6.26,Completed
PROD_0285173,2024-07-07,MACH_000551,PROD_00556,LOC_00151,Night,487,19,0.039,7.26,In Progress
PROD_0215854,2026-02-05,MACH_001490,PROD_01937,LOC_00242,Morning,155,5,0.0323,10.07,Completed
PROD_0005538,2023-12-08,MACH_000574,PROD_02179,LOC_00071,Night,461,21,0.0456,3.64,UNKNOWN
PROD_0138810,2022-01-26,MACH_001395,PROD_02264,LOC_00114,Night,209,0,0.0,6.3,Completed
PROD_0138071,2022-04-14,MACH_001243,PROD_01159,LOC_00127,Evening,177,4,0.0226,2.07,Completed
PROD_0279199,2024-02-19,MACH_001016,PROD_02388,LOC_00077,Morning,382,16,0.0419,8.04,In Progress
PROD_0199978,2022-09-03,MACH_001445,PROD_00217,LOC_00164,Night,187,8,0.0428,10.73,Completed
PROD_0256630,2024-03-21,MACH_000177,PROD_03272,LOC_00103,Night,93,0,0.0,4.46,Completed
PROD_0111656,2022-03-23,MACH_000211,PROD_03791,LOC_00081,Morning,404,8,0.0198,8.66,Failed
PROD_0161383,2026-04-01,MACH_000118,PROD_04152,LOC_00119,Morning,73,2,0.0274,11.92,Completed
PROD_0254250,2026-06-27,MACH_000039,PROD_02259,LOC_00165,Night,456,3,0.0066,2.17,Completed
PROD_0259084,2024-03-23,MACH_000089,PROD_01310,LOC_00135,Evening,114,4,0.0351,10.46,Completed
PROD_0176214,2021-05-14,MACH_000199,PROD_00709,LOC_00037,Night,346,5,0.0145,7.59,Completed
PROD_0159981,2022-04-29,MACH_000572,PROD_03982,LOC_00015,Night,137,0,0.0,9.65,Completed
PROD_0039446,2026-05-12,MACH_000540,PROD_00564,LOC_00152,Morning,138,4,0.029,10.13,Completed
PROD_0179374,2023-03-24,MACH_000393,PROD_01166,LOC_00121,Night,173,7,0.0405,2.56,Completed
PROD_0105615,2022-08-17,MACH_000642,PROD_02808,LOC_00149,Night,461,10,0.0217,2.76,Completed
PROD_0178738,2022-08-16,MACH_001364,PROD_03184,LOC_00173,Night,426,20,0.0469,10.98,Completed
PROD_0237227,2021-06-06,MACH_000235,PROD_01949,LOC_00094,Morning,153,6,0.0392,6.83,UNKNOWN
PROD_0029355,2024-12-20,MACH_000111,PROD_02274,LOC_00137,Night,78,0,0.0,4.7,Completed
PROD_0089545,2023-05-09,MACH_001493,PROD_00297,LOC_00211,Night,118,2,0.0169,3.38,Completed
PROD_0018953,2021-03-27,MACH_000526,PROD_02712,LOC_00028,Night,260,7,0.0269,3.01,Completed
PROD_0213112,2022-03-15,MACH_001185,PROD_00441,LOC_00243,Night,404,3,0.0074,5.47,Completed
PROD_0036362,2023-03-29,MACH_001212,PROD_01261,LOC_00219,Night,182,8,0.044,10.04,Completed
PROD_0262627,2025-03-29,MACH_000786,PROD_01325,LOC_00061,Night,203,7,0.0345,9.91,Completed
PROD_0224952,2025-11-29,MACH_001263,PROD_03882,LOC_00007,Morning,394,17,0.0431,10.28,Completed
PROD_0263836,2021-04-04,MACH_000625,PROD_04122,LOC_00075,Evening,166,0,0.0,4.01,Completed
PROD_0054194,2021-03-12,MACH_001456,PROD_00244,LOC_00061,Night,323,14,0.0433,6.47,Completed
PROD_0195605,2022-12-03,MACH_000956,PROD_04741,LOC_00024,Evening,227,4,0.0176,11.82,Completed
PROD_0226893,2024-08-22,MACH_000378,PROD_02230,LOC_00139,Night,422,20,0.0474,6.11,Completed
PROD_0130186,2024-04-30,MACH_000868,PROD_04341,LOC_00142,Morning,468,3,0.0064,6.36,Completed
PROD_0025108,2023-06-30,MACH_000188,PROD_02142,LOC_00134,Morning,451,1,0.0022,5.54,Completed
PROD_0092895,2026-05-26,MACH_001208,PROD_03172,LOC_00151,Night,350,12,0.0343,5.54,Completed
PROD_0104484,2021-05-21,MACH_000448,PROD_02510,LOC_00084,Night,101,0,0.0,9.23,Completed
PROD_0194198,2024-09-26,MACH_000046,PROD_04201,LOC_00038,Evening,418,10,0.0239,4.65,Completed
PROD_0048855,2026-04-13,MACH_000302,PROD_03005,LOC_00088,Evening,371,8,0.0216,11.64,Completed
PROD_0039977,2025-05-17,MACH_000383,PROD_01006,LOC_00230,Night,302,2,0.0066,2.48,UNKNOWN
PROD_0074503,2025-01-22,MACH_000644,PROD_04381,LOC_00010,Morning,460,17,0.037,10.62,Completed
PROD_0208238,2025-01-07,MACH_001403,PROD_02942,LOC_00024,Evening,362,7,0.0193,5.78,Completed
PROD_0077440,2022-01-21,MACH_000167,PROD_00851,LOC_00065,Night,221,6,0.0271,3.7,Completed
PROD_0128828,2026-05-11,MACH_001131,PROD_03068,LOC_00207,Evening,309,10,0.0324,7.1,Completed
PROD_0237877,2021-05-31,MACH_000652,PROD_04787,LOC_00199,Morning,369,7,0.019,9.45,Completed
PROD_0146081,2025-09-22,MACH_000624,PROD_03415,LOC_00164,Morning,357,8,0.0224,9.83,Completed
PROD_0242508,2022-11-24,MACH_000470,PROD_02516,LOC_00172,Evening,452,17,0.0376,10.96,Completed
PROD_0136649,2026-02-17,MACH_000494,PROD_01211,LOC_00119,Morning,213,6,0.0282,4.98,Completed
PROD_0187649,2021-07-31,MACH_000704,PROD_04513,LOC_00093,Evening,397,15,0.0378,8.12,Completed
PROD_0008602,2021-03-24,MACH_000923,PROD_03564,LOC_00160,Morning,70,1,0.0143,10.58,Completed
PROD_0267416,2025-01-14,MACH_001320,PROD_03223,LOC_00241,Morning,149,0,0.0,11.9,Completed
PROD_0030964,2023-03-08,MACH_000055,PROD_03345,LOC_00033,Morning,284,8,0.0282,9.53,Completed
PROD_0194707,2023-05-27,MACH_000668,PROD_02079,LOC_00179,Night,199,5,0.0251,8.29,Completed
PROD_0200874,2022-12-11,MACH_001257,PROD_04517,LOC_00006,Night,480,19,0.0396,7.69,Completed
PROD_0158634,2022-03-29,MACH_001259,PROD_02565,LOC_00250,Night,82,3,0.0366,6.09,Completed
PROD_0235669,2022-06-30,MACH_001013,PROD_04624,LOC_00235,Night,299,12,0.0401,7.81,Completed
PROD_0006582,2025-03-12,MACH_001088,PROD_02640,LOC_00237,Morning,118,4,0.0339,5.91,Completed
PROD_0066586,2022-10-13,MACH_000627,PROD_03803,LOC_00006,Morning,239,4,0.0167,4.12,Completed
PROD_0178191,2021-08-10,MACH_000998,PROD_00811,LOC_00247,Evening,169,1,0.0059,4.93,Completed
PROD_0071222,2022-10-14,MACH_000695,PROD_02713,LOC_00054,Morning,397,2,0.005,6.91,Completed
PROD_0072496,2024-10-06,MACH_001126,PROD_02661,LOC_00160,Evening,115,4,0.0348,8.53,Completed
PROD_0196753,2024-05-27,MACH_001183,PROD_00918,LOC_00078,Night,479,8,0.0167,4.51,Completed
PROD_0232809,2024-12-22,MACH_001057,PROD_02654,LOC_00013,Evening,152,1,0.0066,5.49,Completed
PROD_0244372,2025-04-10,MACH_000168,PROD_03191,LOC_00025,Night,408,17,0.0417,8.41,Completed
PROD_0131958,2025-02-11,MACH_000162,PROD_02915,LOC_00041,Morning,216,2,0.0093,8.07,Completed
PROD_0115919,2021-07-05,MACH_000519,PROD_01373,LOC_00166,Morning,261,2,0.0077,2.17,Completed
PROD_0148683,2025-02-07,MACH_000849,PROD_02787,LOC_00200,Morning,161,2,0.0124,10.88,Completed
PROD_0045087,2026-03-09,MACH_000448,PROD_02628,LOC_00239,Evening,190,1,0.0053,7.96,Completed
PROD_0047237,2025-10-04,MACH_001043,PROD_04034,LOC_00051,Morning,391,11,0.0281,10.01,Completed
PROD_0234898,2023-06-22,MACH_000886,PROD_00561,LOC_00019,Morning,273,1,0.0037,2.56,Completed
PROD_0282703,2022-09-21,MACH_000518,PROD_01262,LOC_00141,Evening,294,8,0.0272,8.12,Completed
PROD_0267088,2026-02-28,MACH_000183,PROD_02111,LOC_00185,Evening,476,13,0.0273,6.75,Completed
PROD_0150924,2024-03-04,MACH_000445,PROD_01189,LOC_00125,Evening,421,6,0.0143,10.17,Completed
PROD_0129360,2022-03-17,MACH_000526,PROD_00541,LOC_00228,Night,325,10,0.0308,7.7,Completed
PROD_0295912,2023-10-13,MACH_000167,PROD_00884,LOC_00099,Night,423,17,0.0402,7.86,Completed
PROD_0072652,2025-03-05,MACH_000588,PROD_00689,LOC_00231,Morning,431,2,0.0046,8.68,Completed
PROD_0164367,2025-08-19,MACH_001104,PROD_01949,LOC_00040,Evening,474,16,0.0338,4.51,Completed
PROD_0163858,2021-10-15,MACH_001406,PROD_02239,LOC_00011,Morning,404,7,0.0173,11.62,Completed
PROD_0196049,2025-05-05,MACH_000436,PROD_02039,LOC_00020,Night,265,10,0.0377,3.51,Completed
PROD_0120945,2023-06-06,MACH_000578,PROD_04051,LOC_00085,Night,368,1,0.0027,6.48,UNKNOWN
PROD_0163883,2025-07-09,MACH_001256,PROD_03944,LOC_00151,Morning,195,2,0.0103,8.01,Completed
PROD_0062082,2025-09-12,MACH_000450,PROD_01948,LOC_00021,Evening,434,19,0.0438,7.72,In Progress
PROD_0103589,2026-03-15,MACH_001056,PROD_03457,LOC_00011,Morning,104,1,0.0096,4.27,Completed
PROD_0223905,2021-06-20,MACH_000849,PROD_00044,LOC_00107,Morning,117,4,0.0342,7.29,Completed
PROD_0154101,2021-12-18,MACH_000152,PROD_00134,LOC_00235,Night,108,0,0.0,7.19,Completed
PROD_0115697,2021-01-28,MACH_000162,PROD_04393,LOC_00069,Night,245,7,0.0286,11.8,Completed
PROD_0030912,2023-06-26,MACH_000310,PROD_02760,LOC_00042,Night,186,4,0.0215,6.1,In Progress
PROD_0214899,2024-02-26,MACH_001329,PROD_02583,LOC_00047,Night,223,0,0.0,4.51,Completed
PROD_0282988,2021-08-21,MACH_000362,PROD_04495,LOC_00023,Morning,163,6,0.0368,4.85,Completed
PROD_0048312,2025-07-31,MACH_001308,PROD_00972,LOC_00091,Night,201,3,0.0149,9.41,Completed
PROD_0071949,2024-07-11,MACH_001452,PROD_03026,LOC_00143,Morning,435,20,0.046,10.52,Completed
PROD_0229364,2022-01-04,MACH_000214,PROD_01505,LOC_00024,Morning,185,3,0.0162,2.56,Completed
PROD_0199530,2024-12-19,MACH_000136,PROD_01142,LOC_00218,Night,177,1,0.0056,5.82,Completed
PROD_0049985,2025-12-21,MACH_000278,PROD_04307,LOC_00006,Morning,188,0,0.0,11.09,Completed
PROD_0224174,2022-10-09,MACH_000796,PROD_03311,LOC_00162,Evening,254,11,0.0433,5.86,Completed
PROD_0020892,2025-12-21,MACH_001441,PROD_03802,LOC_00236,Morning,477,11,0.0231,6.75,In Progress
PROD_0035101,2025-06-19,MACH_000075,PROD_03643,LOC_00215,Morning,247,9,0.0364,2.33,Completed
PROD_0198071,2023-11-20,MACH_000062,PROD_04330,LOC_00246,Evening,150,0,0.0,2.29,Completed
PROD_0286834,2024-04-13,MACH_001477,PROD_03626,LOC_00155,Morning,365,6,0.0164,8.44,Completed
PROD_0279071,2024-09-09,MACH_000184,PROD_00670,LOC_00221,Night,446,20,0.0448,7.37,Completed
PROD_0002141,2023-03-26,MACH_001184,PROD_02540,LOC_00057,Night,483,7,0.0145,4.04,Completed
PROD_0050432,2023-04-11,MACH_001147,PROD_03098,LOC_00217,Night,359,8,0.0223,12.0,Completed
PROD_0160753,2024-08-04,MACH_001168,PROD_00745,LOC_00062,Morning,360,15,0.0417,6.76,Completed
PROD_0238848,2026-02-21,MACH_001223,PROD_02743,LOC_00105,Morning,231,0,0.0,6.89,Completed
PROD_0019114,2021-08-15,MACH_000323,PROD_00939,LOC_00205,Morning,79,0,0.0,5.55,Completed
PROD_0114002,2022-02-26,MACH_001363,PROD_01662,LOC_00006,Evening,137,1,0.0073,2.3,Completed
PROD_0258900,2025-05-29,MACH_000942,PROD_03184,LOC_00038,Evening,104,1,0.0096,9.82,Completed
PROD_0279489,2022-11-21,MACH_000180,PROD_03393,LOC_00179,Morning,123,1,0.0081,7.48,Completed
PROD_0049925,2024-04-21,MACH_000174,PROD_00557,LOC_00232,Evening,419,12,0.0286,11.85,Completed
PROD_0254926,2023-06-11,MACH_000883,PROD_01715,LOC_00141,Morning,92,0,0.0,5.56,In Progress
PROD_0279808,2022-08-14,MACH_001108,PROD_02605,LOC_00157,Evening,452,7,0.0155,4.06,In Progress
PROD_0262236,2023-07-20,MACH_000087,PROD_01145,LOC_00060,Evening,120,1,0.0083,11.29,Completed
PROD_0294595,2024-05-01,MACH_000775,PROD_02068,LOC_00236,Morning,328,5,0.0152,4.22,Completed
PROD_0034249,2023-12-01,MACH_000181,PROD_03816,LOC_00181,Morning,233,7,0.03,7.35,Completed
PROD_0133264,2026-03-29,MACH_000796,PROD_02475,LOC_00228,Night,89,0,0.0,6.69,Completed
PROD_0195300,2023-09-13,MACH_000363,PROD_03257,LOC_00079,Night,239,2,0.0084,3.54,Completed
PROD_0216460,2023-05-19,MACH_000801,PROD_00052,LOC_00173,Evening,499,15,0.0301,10.69,Completed
PROD_0141783,2022-12-29,MACH_000521,PROD_01925,LOC_00211,Night,369,4,0.0108,8.68,Completed
PROD_0294817,2021-01-09,MACH_000231,PROD_02016,LOC_00241,Morning,116,1,0.0086,7.9,Completed
PROD_0223504,2023-09-05,MACH_000354,PROD_04103,LOC_00131,Morning,226,8,0.0354,9.84,Completed
PROD_0140680,2021-08-10,MACH_000785,PROD_02964,LOC_00158,Night,392,3,0.0077,6.79,Completed
PROD_0153634,2022-04-14,MACH_000456,PROD_00569,LOC_00166,Evening,332,10,0.0301,2.34,Completed
PROD_0162919,2023-08-19,MACH_000227,PROD_02623,LOC_00081,Morning,348,0,0.0,3.72,Completed
PROD_0067795,2025-05-06,MACH_000382,PROD_03735,LOC_00054,Evening,428,13,0.0304,4.25,Completed
PROD_0181524,2021-09-08,MACH_000802,PROD_01937,LOC_00220,Morning,375,10,0.0267,11.96,In Progress
PROD_0028195,2021-07-03,MACH_000925,PROD_03421,LOC_00061,Night,431,17,0.0394,5.28,Completed
PROD_0009658,2025-09-14,MACH_000666,PROD_00308,LOC_00165,Morning,166,2,0.012,3.52,Completed
PROD_0009323,2023-09-13,MACH_001043,PROD_03423,LOC_00059,Morning,408,11,0.027,6.11,In Progress
PROD_0153984,2023-04-12,MACH_000155,PROD_02578,LOC_00093,Evening,146,1,0.0068,3.36,Completed
PROD_0006916,2025-06-06,MACH_001199,PROD_01350,LOC_00186,Night,312,3,0.0096,4.33,Completed
PROD_0245730,2025-12-19,MACH_000589,PROD_03258,LOC_00061,Night,257,2,0.0078,2.41,Failed
PROD_0280069,2024-08-01,MACH_000569,PROD_04008,LOC_00091,Evening,418,15,0.0359,2.15,Completed
PROD_0167289,2021-05-19,MACH_000651,PROD_02816,LOC_00207,Evening,91,0,0.0,11.93,Completed
PROD_0126792,2025-04-16,MACH_000346,PROD_02974,LOC_00002,Evening,365,1,0.0027,8.02,Completed
PROD_0005519,2021-12-21,MACH_000865,PROD_02972,LOC_00089,Morning,100,0,0.0,6.94,Completed
PROD_0261981,2024-05-01,MACH_001482,PROD_03167,LOC_00243,Morning,439,6,0.0137,6.47,UNKNOWN
PROD_0223204,2021-10-25,MACH_001114,PROD_03220,LOC_00104,Morning,220,1,0.0045,4.51,Completed
PROD_0067268,2024-03-21,MACH_001161,PROD_01150,LOC_00120,Night,238,4,0.0168,10.27,Completed
PROD_0271455,2025-04-07,MACH_000909,PROD_02601,LOC_00004,Evening,320,7,0.0219,10.17,Completed
PROD_0280728,2022-03-26,MACH_001158,PROD_04563,LOC_00227,Morning,418,11,0.0263,3.4,Completed
PROD_0094775,2025-12-29,MACH_000746,PROD_04353,LOC_00192,Morning,135,2,0.0148,3.95,Completed
PROD_0254766,2022-06-21,MACH_000817,PROD_03829,LOC_00159,Night,340,1,0.0029,11.54,Failed
PROD_0089846,2025-11-13,MACH_000126,PROD_00375,LOC_00089,Morning,239,3,0.0126,6.38,Completed
PROD_0271566,2022-02-06,MACH_000709,PROD_01906,LOC_00079,Night,405,6,0.0148,6.0,In Progress
PROD_0118435,2026-06-10,MACH_000772,PROD_02600,LOC_00040,Night,407,5,0.0123,5.62,Completed
PROD_0074335,2022-12-03,MACH_001400,PROD_02689,LOC_00221,Morning,138,1,0.0072,7.43,Completed
PROD_0233461,2021-12-14,MACH_000658,PROD_03556,LOC_00027,Night,78,2,0.0256,8.47,Completed
PROD_0262452,2023-04-05,MACH_000244,PROD_04939,LOC_00152,Night,121,0,0.0,2.95,Completed
PROD_0223646,2026-05-18,MACH_001132,PROD_04261,LOC_00008,Morning,487,20,0.0411,2.81,Completed
PROD_0018505,2021-10-01,MACH_000573,PROD_04855,LOC_00213,Evening,464,7,0.0151,5.02,Completed
PROD_0085730,2024-12-12,MACH_000875,PROD_02635,LOC_00036,Night,242,4,0.0165,2.25,In Progress
PROD_0021676,2023-02-10,MACH_000076,PROD_01570,LOC_00041,Morning,357,4,0.0112,10.95,Completed
PROD_0263884,2022-04-02,MACH_000619,PROD_02123,LOC_00240,Evening,73,2,0.0274,11.71,Completed
PROD_0181742,2023-12-15,MACH_000850,PROD_00017,LOC_00032,Morning,348,9,0.0259,2.62,In Progress
PROD_0018839,2024-09-06,MACH_001366,PROD_01419,LOC_00064,Morning,118,3,0.0254,3.54,Completed
PROD_0201380,2023-10-03,MACH_000111,PROD_00899,LOC_00150,Evening,143,3,0.021,7.17,Completed
PROD_0269140,2024-07-02,MACH_001396,PROD_01724,LOC_00029,Morning,113,4,0.0354,11.7,Completed
PROD_0052214,2025-07-11,MACH_000840,PROD_03947,LOC_00051,Evening,126,3,0.0238,4.11,Completed
PROD_0032811,2024-04-28,MACH_000993,PROD_04991,LOC_00114,Evening,52,0,0.0,9.77,Completed
PROD_0285923,2023-03-03,MACH_001318,PROD_02410,LOC_00095,Evening,460,10,0.0217,7.88,Completed
PROD_0240641,2026-02-10,MACH_001058,PROD_03395,LOC_00166,Night,169,4,0.0237,9.65,Completed
PROD_0175595,2026-06-25,MACH_000198,PROD_02391,LOC_00081,Night,489,4,0.0082,7.1,Completed
PROD_0037611,2023-02-14,MACH_001371,PROD_04651,LOC_00197,Night,346,5,0.0145,6.88,Completed
PROD_0176656,2025-01-23,MACH_000966,PROD_03154,LOC_00244,Night,106,4,0.0377,8.05,In Progress
PROD_0079272,2021-04-04,MACH_000794,PROD_02225,LOC_00088,Night,294,1,0.0034,6.0,Completed
PROD_0073802,2023-10-08,MACH_000319,PROD_04605,LOC_00101,Night,227,10,0.0441,8.98,Completed
PROD_0287959,2025-12-24,MACH_000580,PROD_04275,LOC_00198,Evening,164,4,0.0244,3.3,Completed
PROD_0205632,2026-02-19,MACH_001014,PROD_04506,LOC_00035,Morning,294,5,0.017,3.87,Completed
PROD_0127190,2024-05-20,MACH_000688,PROD_00379,LOC_00197,Morning,312,8,0.0256,8.86,Completed
PROD_0272535,2021-10-18,MACH_000048,PROD_02105,LOC_00020,Evening,125,5,0.04,4.62,Completed
PROD_0201595,2025-06-30,MACH_000808,PROD_02510,LOC_00004,Evening,246,3,0.0122,2.45,Completed
PROD_0151692,2022-10-20,MACH_001030,PROD_00191,LOC_00104,Evening,365,3,0.0082,3.4,Completed
PROD_0245511,2026-06-17,MACH_000468,PROD_03006,LOC_00156,Night,115,0,0.0,6.62,Completed
PROD_0055844,2022-03-13,MACH_000931,PROD_02764,LOC_00085,Morning,246,1,0.0041,2.39,Completed
PROD_0168482,2023-09-16,MACH_000917,PROD_01887,LOC_00059,Night,209,6,0.0287,5.88,Completed
PROD_0254439,2021-01-10,MACH_000968,PROD_00579,LOC_00137,Night,276,10,0.0362,7.79,Completed
PROD_0207389,2024-12-07,MACH_000522,PROD_01076,LOC_00046,Night,381,2,0.0052,5.04,Completed
PROD_0003295,2023-10-01,MACH_001146,PROD_03992,LOC_00065,Evening,299,5,0.0167,5.32,Completed
PROD_0279130,2021-01-27,MACH_001229,PROD_03199,LOC_00023,Night,393,18,0.0458,2.84,Completed
PROD_0146436,2021-12-28,MACH_000476,PROD_03056,LOC_00243,Evening,314,3,0.0096,8.8,Completed
PROD_0129081,2021-07-08,MACH_000389,PROD_01936,LOC_00037,Morning,447,18,0.0403,7.92,Completed
PROD_0027901,2023-07-09,MACH_000198,PROD_01477,LOC_00052,Evening,157,3,0.0191,11.16,Completed
PROD_0000372,2024-12-14,MACH_000281,PROD_00424,LOC_00088,Evening,383,16,0.0418,6.79,Failed
PROD_0137599,2021-05-11,MACH_000042,PROD_00768,LOC_00087,Morning,307,8,0.0261,11.51,Completed
PROD_0082439,2025-09-13,MACH_000553,PROD_04217,LOC_00048,Night,356,11,0.0309,3.71,Failed
PROD_0110331,2024-03-08,MACH_000859,PROD_03667,LOC_00116,Night,258,11,0.0426,6.95,Completed
PROD_0181547,2024-02-18,MACH_000167,PROD_00489,LOC_00144,Morning,65,2,0.0308,6.9,Completed
PROD_0073865,2023-12-08,MACH_001333,PROD_00737,LOC_00163,Morning,475,12,0.0253,5.81,UNKNOWN
PROD_0089332,2026-05-28,MACH_001065,PROD_02288,LOC_00038,Night,251,4,0.0159,10.77,UNKNOWN
PROD_0228714,2025-04-28,MACH_001304,PROD_03678,LOC_00233,Night,254,10,0.0394,3.56,Completed
PROD_0297897,2021-02-09,MACH_000014,PROD_04471,LOC_00107,Morning,122,1,0.0082,2.11,Completed
PROD_0089587,2024-07-26,MACH_001448,PROD_04228,LOC_00071,Night,499,11,0.022,6.43,Completed
PROD_0092961,2026-02-06,MACH_001431,PROD_02928,LOC_00095,Night,414,5,0.0121,4.63,Completed
PROD_0214251,2024-08-08,MACH_001140,PROD_04652,LOC_00198,Morning,312,14,0.0449,7.1,Completed
PROD_0235277,2024-07-08,MACH_000527,PROD_03254,LOC_00064,Night,438,4,0.0091,4.19,Completed
PROD_0296075,2025-11-13,MACH_001490,PROD_03437,LOC_00058,Morning,344,6,0.0174,4.54,In Progress
PROD_0281640,2024-06-12,MACH_001084,PROD_01337,LOC_00104,Morning,415,18,0.0434,4.46,Completed
PROD_0136095,2021-04-08,MACH_001283,PROD_02484,LOC_00223,Morning,198,2,0.0101,6.58,Completed
PROD_0188042,2021-09-29,MACH_000301,PROD_01826,LOC_00030,Night,458,13,0.0284,3.38,Completed
PROD_0278845,2025-03-26,MACH_000861,PROD_00214,LOC_00158,Morning,262,2,0.0076,6.74,Completed
PROD_0223616,2025-06-13,MACH_001026,PROD_00714,LOC_00236,Morning,223,2,0.009,11.53,Completed
PROD_0263717,2024-05-19,MACH_001402,PROD_03911,LOC_00138,Morning,159,0,0.0,7.43,Completed
PROD_0179857,2023-05-07,MACH_000983,PROD_03108,LOC_00183,Night,379,3,0.0079,7.76,In Progress
PROD_0259728,2023-08-17,MACH_000127,PROD_02070,LOC_00086,Morning,456,18,0.0395,2.0,Completed
PROD_0271232,2024-04-03,MACH_000638,PROD_02651,LOC_00235,Evening,74,2,0.027,8.14,Completed
PROD_0121369,2021-05-07,MACH_000922,PROD_00579,LOC_00046,Morning,483,17,0.0352,8.5,Failed
PROD_0229972,2025-12-29,MACH_000261,PROD_04521,LOC_00191,Morning,466,14,0.03,6.68,Completed
PROD_0206369,2025-06-21,MACH_000867,PROD_01769,LOC_00145,Evening,287,1,0.0035,6.48,Completed
PROD_0061486,2025-08-24,MACH_000494,PROD_03864,LOC_00118,Morning,102,4,0.0392,5.67,UNKNOWN
PROD_0286946,2024-12-24,MACH_000466,PROD_01443,LOC_00207,Morning,228,5,0.0219,11.72,Completed
PROD_0002549,2024-07-27,MACH_000016,PROD_02793,LOC_00165,Morning,85,1,0.0118,3.8,Completed
PROD_0285800,2021-12-30,MACH_000053,PROD_04145,LOC_00010,Morning,352,8,0.0227,10.45,Completed
PROD_0191415,2023-11-09,MACH_001271,PROD_03347,LOC_00145,Night,69,2,0.029,5.31,Completed
PROD_0012809,2022-01-04,MACH_000906,PROD_00792,LOC_00225,Night,176,2,0.0114,9.51,UNKNOWN
PROD_0181136,2025-08-25,MACH_000727,PROD_00255,LOC_00108,Evening,381,15,0.0394,4.95,Completed
PROD_0071030,2024-03-10,MACH_001417,PROD_00175,LOC_00173,Morning,481,10,0.0208,11.53,Completed
PROD_0207386,2021-02-24,MACH_000836,PROD_00262,LOC_00172,Night,372,5,0.0134,3.63,Completed
PROD_0149839,2021-07-18,MACH_000320,PROD_04300,LOC_00172,Night,168,0,0.0,4.23,Completed
PROD_0221187,2023-10-20,MACH_000467,PROD_04433,LOC_00249,Evening,159,2,0.0126,7.35,Completed
PROD_0275121,2023-02-08,MACH_000479,PROD_00764,LOC_00231,Evening,253,6,0.0237,8.04,Completed
PROD_0013564,2022-04-24,MACH_001384,PROD_02953,LOC_00044,Morning,297,1,0.0034,7.78,Completed
PROD_0067551,2021-09-22,MACH_000370,PROD_04033,LOC_00170,Night,379,16,0.0422,11.96,Completed
PROD_0117288,2024-03-06,MACH_001172,PROD_04753,LOC_00061,Evening,121,2,0.0165,4.55,UNKNOWN
PROD_0257170,2023-09-04,MACH_000124,PROD_03202,LOC_00098,Morning,387,7,0.0181,10.49,Completed
PROD_0057817,2022-06-29,MACH_000218,PROD_02643,LOC_00193,Evening,400,19,0.0475,7.52,Completed
PROD_0246787,2023-03-09,MACH_001010,PROD_03411,LOC_00245,Night,327,4,0.0122,4.53,In Progress
PROD_0031724,2024-06-02,MACH_001404,PROD_01199,LOC_00156,Evening,333,11,0.033,5.98,Completed
PROD_0242823,2021-02-10,MACH_000157,PROD_04847,LOC_00114,Night,414,4,0.0097,9.31,Completed
PROD_0016927,2021-10-04,MACH_001133,PROD_03302,LOC_00184,Evening,222,3,0.0135,7.2,Completed
PROD_0131100,2024-12-13,MACH_000001,PROD_02497,LOC_00126,Evening,492,9,0.0183,2.91,Completed
PROD_0196817,2025-03-20,MACH_001139,PROD_04184,LOC_00160,Morning,70,1,0.0143,4.24,Completed
PROD_0119064,2026-06-19,MACH_000770,PROD_02441,LOC_00121,Night,71,2,0.0282,3.16,Completed
PROD_0167838,2023-05-22,MACH_000358,PROD_00668,LOC_00221,Morning,181,0,0.0,4.55,Completed
PROD_0141976,2024-12-07,MACH_000495,PROD_00472,LOC_00211,Evening,238,1,0.0042,5.62,Completed
PROD_0050672,2026-06-03,MACH_000255,PROD_00264,LOC_00177,Evening,483,2,0.0041,11.54,Completed
PROD_0172139,2023-06-18,MACH_000269,PROD_00814,LOC_00138,Evening,448,17,0.0379,7.2,Completed
PROD_0212772,2025-02-01,MACH_001338,PROD_03203,LOC_00201,Morning,234,6,0.0256,10.89,Completed
PROD_0075322,2025-12-14,MACH_000618,PROD_03116,LOC_00040,Night,197,2,0.0102,8.08,Completed
PROD_0078433,2025-01-03,MACH_001268,PROD_00130,LOC_00061,Evening,80,2,0.025,7.35,Completed
PROD_0130684,2024-02-14,MACH_000291,PROD_04747,LOC_00030,Night,93,3,0.0323,3.76,Completed
PROD_0181043,2023-04-23,MACH_000289,PROD_02637,LOC_00009,Morning,387,4,0.0103,10.88,In Progress
PROD_0169203,2022-08-19,MACH_001050,PROD_00351,LOC_00064,Morning,175,4,0.0229,10.41,Completed
PROD_0276108,2021-05-26,MACH_000512,PROD_02733,LOC_00114,Evening,77,0,0.0,5.3,Completed
PROD_0079632,2023-05-24,MACH_001437,PROD_03264,LOC_00066,Evening,346,1,0.0029,3.12,Completed
PROD_0004869,2023-11-07,MACH_001362,PROD_01995,LOC_00046,Morning,430,16,0.0372,7.01,Completed
PROD_0115920,2024-03-19,MACH_000888,PROD_03220,LOC_00089,Morning,492,3,0.0061,5.85,Completed
PROD_0088895,2024-08-12,MACH_001308,PROD_04471,LOC_00220,Morning,352,10,0.0284,10.43,Completed
PROD_0225114,2024-07-26,MACH_001173,PROD_04472,LOC_00157,Evening,129,2,0.0155,9.08,Completed
PROD_0038476,2022-06-30,MACH_000654,PROD_02286,LOC_00030,Night,140,2,0.0143,9.18,Completed
PROD_0124917,2023-02-22,MACH_001353,PROD_00138,LOC_00065,Evening,209,9,0.0431,7.44,Completed
PROD_0103447,2023-12-13,MACH_000601,PROD_03712,LOC_00015,Evening,114,3,0.0263,10.02,In Progress
PROD_0137798,2021-10-04,MACH_000992,PROD_04244,LOC_00208,Morning,284,11,0.0387,3.04,Completed
PROD_0069790,2025-12-21,MACH_001095,PROD_00476,LOC_00119,Evening,462,16,0.0346,2.15,In Progress
PROD_0279913,2024-10-09,MACH_000678,PROD_00918,LOC_00033,Evening,151,2,0.0132,3.27,Completed
PROD_0076187,2026-06-08,MACH_001220,PROD_02265,LOC_00174,Evening,300,0,0.0,6.57,In Progress
PROD_0192428,2024-03-24,MACH_000630,PROD_03880,LOC_00108,Evening,147,0,0.0,4.37,Completed
PROD_0152269,2022-07-27,MACH_000851,PROD_03335,LOC_00141,Morning,66,0,0.0,2.26,Completed
PROD_0250885,2021-08-20,MACH_001363,PROD_02937,LOC_00156,Evening,234,1,0.0043,6.54,Completed
PROD_0221833,2025-04-11,MACH_000236,PROD_00898,LOC_00190,Evening,278,11,0.0396,2.04,Completed
PROD_0046598,2022-10-16,MACH_000207,PROD_02707,LOC_00131,Morning,87,3,0.0345,9.39,Completed
PROD_0166718,2025-07-20,MACH_000133,PROD_00419,LOC_00124,Evening,294,9,0.0306,9.51,Completed
PROD_0168192,2024-11-03,MACH_001111,PROD_02013,LOC_00092,Morning,121,1,0.0083,6.82,Completed
PROD_0299320,2023-06-25,MACH_001221,PROD_02280,LOC_00177,Morning,209,8,0.0383,11.34,Completed
PROD_0161588,2025-07-11,MACH_000052,PROD_03654,LOC_00210,Evening,130,3,0.0231,5.4,Completed
PROD_0178098,2022-08-01,MACH_000181,PROD_03744,LOC_00237,Evening,496,9,0.0181,9.97,Completed
PROD_0046517,2025-06-23,MACH_000897,PROD_04626,LOC_00058,Night,279,5,0.0179,9.56,Completed
PROD_0154421,2022-12-18,MACH_000428,PROD_01347,LOC_00051,Evening,251,11,0.0438,5.52,Completed
PROD_0199123,2025-04-08,MACH_000045,PROD_01739,LOC_00133,Evening,100,1,0.01,11.71,Completed
PROD_0240246,2026-04-14,MACH_000681,PROD_01333,LOC_00200,Evening,245,6,0.0245,8.09,Completed
PROD_0020129,2024-03-25,MACH_000861,PROD_02580,LOC_00106,Morning,160,2,0.0125,7.3,Completed
PROD_0060877,2021-10-12,MACH_000525,PROD_04023,LOC_00031,Evening,174,5,0.0287,10.32,Completed
PROD_0163962,2025-10-26,MACH_000517,PROD_03136,LOC_00081,Night,168,4,0.0238,11.79,Completed
PROD_0164027,2024-03-26,MACH_000914,PROD_00955,LOC_00038,Morning,144,4,0.0278,3.02,UNKNOWN
PROD_0210872,2024-11-18,MACH_000593,PROD_01583,LOC_00078,Night,161,0,0.0,2.47,Completed
PROD_0145968,2026-05-31,MACH_000161,PROD_01209,LOC_00179,Night,418,7,0.0167,7.05,Completed
PROD_0266293,2023-01-29,MACH_000631,PROD_02242,LOC_00215,Evening,84,1,0.0119,5.76,In Progress
PROD_0227671,2021-11-24,MACH_000696,PROD_00006,LOC_00037,Evening,439,15,0.0342,3.17,Completed
PROD_0215636,2025-12-01,MACH_001437,PROD_04213,LOC_00114,Night,146,6,0.0411,6.38,Completed
PROD_0048254,2021-05-19,MACH_001082,PROD_02527,LOC_00093,Morning,406,12,0.0296,10.72,Completed
PROD_0171602,2024-08-13,MACH_001106,PROD_04282,LOC_00238,Evening,193,2,0.0104,3.31,Completed
PROD_0292301,2023-09-30,MACH_001376,PROD_00438,LOC_00103,Evening,103,1,0.0097,6.62,Completed
PROD_0113563,2022-09-06,MACH_000635,PROD_04634,LOC_00057,Morning,314,9,0.0287,10.69,Completed
PROD_0287875,2021-05-15,MACH_001051,PROD_04234,LOC_00214,Evening,486,21,0.0432,5.16,Completed
PROD_0286800,2025-12-09,MACH_000512,PROD_02451,LOC_00006,Morning,199,0,0.0,10.25,Completed
PROD_0080699,2026-05-14,MACH_000819,PROD_01050,LOC_00052,Evening,278,4,0.0144,4.34,Completed
PROD_0085666,2022-05-06,MACH_001436,PROD_02038,LOC_00219,Evening,230,5,0.0217,6.71,Completed
PROD_0281066,2023-07-15,MACH_000890,PROD_04672,LOC_00065,Morning,295,6,0.0203,7.79,Completed
PROD_0043470,2024-07-17,MACH_001143,PROD_04069,LOC_00227,Evening,301,11,0.0365,7.15,Completed
PROD_0267875,2024-05-26,MACH_001314,PROD_04585,LOC_00176,Evening,148,0,0.0,7.22,Completed
PROD_0265301,2021-08-20,MACH_000565,PROD_02521,LOC_00168,Night,89,1,0.0112,5.34,Completed
PROD_0186947,2021-09-05,MACH_001119,PROD_00872,LOC_00241,Evening,157,6,0.0382,4.9,Completed
PROD_0139379,2024-01-09,MACH_000858,PROD_03086,LOC_00153,Evening,374,6,0.016,8.4,Completed
PROD_0027562,2023-12-15,MACH_000855,PROD_03857,LOC_00224,Morning,317,11,0.0347,3.72,In Progress
PROD_0210607,2025-10-12,MACH_000968,PROD_01364,LOC_00223,Night,327,7,0.0214,3.28,Completed
PROD_0174384,2026-02-23,MACH_000261,PROD_04901,LOC_00019,Morning,56,0,0.0,5.18,Completed
PROD_0245089,2021-12-25,MACH_000495,PROD_03804,LOC_00120,Night,220,7,0.0318,4.08,UNKNOWN
PROD_0294461,2025-10-30,MACH_000086,PROD_01965,LOC_00021,Evening,223,4,0.0179,7.83,Completed
PROD_0163024,2021-08-10,MACH_000984,PROD_00592,LOC_00197,Night,50,1,0.02,6.88,Completed
PROD_0181308,2024-05-14,MACH_000896,PROD_04492,LOC_00239,Evening,223,4,0.0179,3.54,Completed
PROD_0278903,2024-04-03,MACH_001368,PROD_02301,LOC_00037,Night,215,5,0.0233,6.63,Completed
PROD_0102843,2025-02-08,MACH_001077,PROD_03329,LOC_00221,Night,168,6,0.0357,4.15,Completed
PROD_0185811,2026-02-08,MACH_000912,PROD_03732,LOC_00243,Night,336,3,0.0089,10.48,Completed
PROD_0009640,2025-01-14,MACH_000783,PROD_00735,LOC_00189,Night,234,9,0.0385,5.12,Completed
PROD_0191504,2024-05-27,MACH_001405,PROD_00873,LOC_00195,Evening,476,7,0.0147,9.37,Completed
PROD_0112673,2021-08-21,MACH_001136,PROD_01495,LOC_00130,Night,409,6,0.0147,3.28,Completed
PROD_0146256,2024-10-06,MACH_000179,PROD_02334,LOC_00132,Morning,324,10,0.0309,11.3,Completed
PROD_0293431,2024-01-28,MACH_000207,PROD_03883,LOC_00074,Evening,60,0,0.0,3.6,Completed
PROD_0270408,2025-09-26,MACH_001179,PROD_00698,LOC_00104,Evening,425,0,0.0,3.89,Completed
PROD_0289391,2025-09-22,MACH_000825,PROD_00832,LOC_00154,Evening,78,2,0.0256,5.57,Completed
PROD_0020786,2023-12-19,MACH_000836,PROD_02503,LOC_00010,Night,478,6,0.0126,5.11,Completed
PROD_0193280,2021-07-06,MACH_001018,PROD_02204,LOC_00156,Evening,228,3,0.0132,6.74,Completed
PROD_0176256,2023-04-01,MACH_000185,PROD_03207,LOC_00211,Night,318,8,0.0252,9.85,Completed
PROD_0243566,2023-07-14,MACH_000729,PROD_02395,LOC_00062,Night,464,16,0.0345,4.25,Completed
PROD_0242698,2024-11-29,MACH_001376,PROD_02008,LOC_00047,Night,492,7,0.0142,10.72,Completed
PROD_0082611,2023-01-06,MACH_001373,PROD_02586,LOC_00066,Morning,332,3,0.009,3.74,Completed
PROD_0267359,2024-06-16,MACH_000724,PROD_02260,LOC_00136,Evening,393,7,0.0178,4.43,Completed
PROD_0256563,2024-04-10,MACH_000733,PROD_03865,LOC_00148,Evening,222,10,0.045,7.7,In Progress
PROD_0146093,2023-02-12,MACH_000119,PROD_00753,LOC_00152,Morning,295,4,0.0136,5.08,Completed
PROD_0043172,2023-10-17,MACH_000395,PROD_03739,LOC_00150,Morning,353,15,0.0425,9.03,Completed
PROD_0199349,2023-10-15,MACH_000976,PROD_04598,LOC_00035,Morning,110,0,0.0,11.33,Completed
PROD_0074328,2026-05-17,MACH_001118,PROD_04054,LOC_00022,Night,199,2,0.0101,11.84,Completed
PROD_0126940,2021-11-02,MACH_001394,PROD_03561,LOC_00085,Morning,477,7,0.0147,8.42,Completed
PROD_0172544,2024-08-03,MACH_000316,PROD_03331,LOC_00232,Evening,278,11,0.0396,8.76,Completed
PROD_0035273,2023-01-09,MACH_001038,PROD_01838,LOC_00238,Night,102,3,0.0294,7.54,Completed
PROD_0191450,2022-06-18,MACH_001024,PROD_01579,LOC_00024,Evening,239,1,0.0042,2.35,Completed
PROD_0248052,2024-03-20,MACH_001133,PROD_03001,LOC_00126,Night,57,0,0.0,8.13,Completed
PROD_0260443,2021-02-23,MACH_001490,PROD_01425,LOC_00109,Morning,110,0,0.0,7.06,Completed
PROD_0014808,2021-01-22,MACH_001186,PROD_00459,LOC_00229,Night,196,6,0.0306,9.37,Completed
PROD_0027622,2026-03-12,MACH_000992,PROD_02922,LOC_00113,Night,168,3,0.0179,3.85,UNKNOWN
PROD_0003674,2021-12-15,MACH_000130,PROD_00838,LOC_00002,Night,320,3,0.0094,4.93,Completed
PROD_0012153,2026-03-28,MACH_000604,PROD_00882,LOC_00011,Morning,81,2,0.0247,5.69,Completed
PROD_0287531,2023-03-05,MACH_001349,PROD_04973,LOC_00160,Evening,189,5,0.0265,6.69,Completed
PROD_0188010,2026-06-13,MACH_001342,PROD_00481,LOC_00203,Morning,312,12,0.0385,6.02,Completed
PROD_0239510,2023-10-20,MACH_000429,PROD_01077,LOC_00049,Morning,400,7,0.0175,3.55,Completed
PROD_0097329,2021-03-21,MACH_000028,PROD_02047,LOC_00175,Morning,457,7,0.0153,8.68,Completed
PROD_0045962,2021-03-05,MACH_000312,PROD_04038,LOC_00108,Morning,361,1,0.0028,5.68,Completed
PROD_0097796,2024-12-19,MACH_001008,PROD_01443,LOC_00048,Evening,476,16,0.0336,7.39,Completed
PROD_0146080,2023-09-05,MACH_001003,PROD_04026,LOC_00203,Evening,81,3,0.037,7.18,Completed
PROD_0199131,2022-08-09,MACH_000079,PROD_01342,LOC_00095,Morning,243,2,0.0082,10.56,Completed
PROD_0010903,2021-08-20,MACH_000691,PROD_02503,LOC_00089,Evening,440,15,0.0341,8.36,Completed
PROD_0242407,2023-06-20,MACH_000791,PROD_03506,LOC_00219,Evening,452,13,0.0288,7.84,Completed
PROD_0154503,2021-03-29,MACH_001427,PROD_02186,LOC_00246,Morning,150,4,0.0267,2.13,Completed
PROD_0144225,2026-02-11,MACH_000566,PROD_04833,LOC_00147,Night,421,7,0.0166,8.19,Completed
PROD_0208206,2024-11-07,MACH_001125,PROD_02973,LOC_00204,Evening,299,10,0.0334,8.0,In Progress
PROD_0262614,2025-12-09,MACH_000273,PROD_03397,LOC_00100,Evening,229,1,0.0044,5.21,Completed
PROD_0093818,2025-05-30,MACH_000774,PROD_01833,LOC_00035,Evening,81,3,0.037,6.59,Completed
PROD_0174275,2023-12-17,MACH_000462,PROD_04426,LOC_00104,Night,158,3,0.019,11.54,Failed
PROD_0185438,2025-02-10,MACH_000733,PROD_04787,LOC_00098,Night,177,1,0.0056,2.36,UNKNOWN
PROD_0035291,2024-09-01,MACH_000531,PROD_00837,LOC_00044,Evening,189,7,0.037,2.65,UNKNOWN
PROD_0079035,2024-01-20,MACH_000381,PROD_00742,LOC_00162,Evening,430,3,0.007,7.89,Completed
PROD_0197627,2025-08-24,MACH_001040,PROD_03091,LOC_00099,Morning,92,1,0.0109,4.71,In Progress
PROD_0169146,2023-07-27,MACH_000425,PROD_00194,LOC_00043,Night,359,16,0.0446,3.76,In Progress
PROD_0042713,2022-07-29,MACH_000151,PROD_01894,LOC_00135,Evening,459,1,0.0022,6.21,UNKNOWN
PROD_0170264,2024-10-27,MACH_000200,PROD_02565,LOC_00201,Night,423,6,0.0142,7.78,UNKNOWN
PROD_0201495,2023-05-25,MACH_000992,PROD_02235,LOC_00090,Night,175,7,0.04,7.79,Completed
PROD_0042420,2024-04-28,MACH_001071,PROD_04022,LOC_00139,Evening,82,1,0.0122,4.47,Completed
PROD_0172572,2024-02-01,MACH_000498,PROD_00174,LOC_00022,Evening,355,7,0.0197,3.84,Completed
PROD_0288967,2025-05-23,MACH_000931,PROD_04990,LOC_00118,Morning,318,1,0.0031,2.46,Completed
PROD_0142678,2024-06-21,MACH_001373,PROD_02338,LOC_00094,Evening,178,4,0.0225,5.85,Completed
PROD_0020391,2021-05-14,MACH_001146,PROD_02667,LOC_00104,Evening,373,0,0.0,11.04,Completed
PROD_0294348,2024-08-24,MACH_000434,PROD_03743,LOC_00179,Morning,354,16,0.0452,4.56,UNKNOWN
PROD_0045800,2024-05-20,MACH_000454,PROD_01464,LOC_00079,Morning,63,0,0.0,11.48,Completed
PROD_0012015,2021-02-21,MACH_000099,PROD_01060,LOC_00179,Evening,495,17,0.0343,7.58,Completed
PROD_0219492,2021-08-10,MACH_001172,PROD_03700,LOC_00021,Morning,232,2,0.0086,4.81,In Progress
PROD_0102727,2025-07-17,MACH_001019,PROD_00378,LOC_00032,Morning,260,6,0.0231,7.37,Completed
PROD_0179835,2023-07-30,MACH_001432,PROD_04914,LOC_00244,Night,423,0,0.0,10.61,Completed
PROD_0219199,2025-04-07,MACH_001124,PROD_03536,LOC_00246,Night,64,2,0.0312,7.05,Completed
PROD_0002512,2022-07-13,MACH_001034,PROD_00748,LOC_00208,Evening,217,4,0.0184,7.75,Completed
PROD_0127002,2023-11-06,MACH_000283,PROD_04587,LOC_00201,Night,444,15,0.0338,8.86,Completed
PROD_0283213,2026-01-13,MACH_000173,PROD_01139,LOC_00190,Night,264,8,0.0303,4.64,Completed
PROD_0028932,2024-04-06,MACH_000781,PROD_04812,LOC_00089,Morning,473,1,0.0021,10.38,Completed
PROD_0051321,2024-06-09,MACH_000827,PROD_04928,LOC_00097,Morning,106,0,0.0,10.63,Completed
PROD_0190813,2021-10-26,MACH_000461,PROD_04274,LOC_00019,Evening,182,8,0.044,5.1,Completed
PROD_0034854,2025-09-07,MACH_000585,PROD_04474,LOC_00202,Night,100,3,0.03,11.03,Completed
PROD_0285252,2025-04-23,MACH_000473,PROD_01180,LOC_00046,Morning,331,3,0.0091,8.24,In Progress
PROD_0108004,2024-05-04,MACH_001155,PROD_01123,LOC_00032,Evening,389,8,0.0206,7.3,Completed
PROD_0150042,2022-01-14,MACH_001102,PROD_01372,LOC_00202,Evening,67,1,0.0149,2.9,Completed
PROD_0071464,2023-08-05,MACH_000745,PROD_04470,LOC_00022,Evening,139,4,0.0288,9.89,Completed
PROD_0083968,2024-06-01,MACH_000260,PROD_03262,LOC_00120,Evening,74,0,0.0,4.3,Completed
PROD_0186542,2022-06-26,MACH_000214,PROD_03020,LOC_00043,Morning,74,1,0.0135,10.91,Completed
PROD_0058004,2026-05-15,MACH_001463,PROD_02694,LOC_00109,Night,308,12,0.039,7.15,Completed
PROD_0249757,2021-02-19,MACH_000613,PROD_02124,LOC_00202,Evening,393,12,0.0305,7.57,Completed
PROD_0138681,2024-03-17,MACH_000341,PROD_03235,LOC_00203,Night,257,1,0.0039,5.62,Completed
PROD_0037808,2022-07-14,MACH_000980,PROD_00012,LOC_00062,Evening,199,6,0.0302,7.38,Completed
PROD_0087950,2022-09-30,MACH_000689,PROD_03362,LOC_00066,Morning,473,3,0.0063,7.71,Completed
PROD_0113653,2021-05-24,MACH_000773,PROD_00388,LOC_00208,Evening,153,4,0.0261,2.17,Completed
PROD_0099864,2023-01-10,MACH_001288,PROD_02906,LOC_00154,Evening,315,3,0.0095,3.26,Completed
PROD_0202953,2025-04-21,MACH_000582,PROD_04999,LOC_00096,Night,222,9,0.0405,7.31,Completed
PROD_0070236,2021-05-14,MACH_001046,PROD_04646,LOC_00205,Evening,395,4,0.0101,7.46,Completed
PROD_0180934,2025-12-20,MACH_000967,PROD_04182,LOC_00038,Morning,355,15,0.0423,5.76,Completed
PROD_0181999,2021-09-09,MACH_001210,PROD_03940,LOC_00089,Morning,99,3,0.0303,10.65,Completed
PROD_0117134,2026-05-20,MACH_000222,PROD_03673,LOC_00032,Night,115,2,0.0174,3.41,Completed
PROD_0121750,2025-06-23,MACH_001485,PROD_02684,LOC_00142,Night,180,8,0.0444,8.07,In Progress
PROD_0187533,2024-03-05,MACH_000607,PROD_03577,LOC_00021,Morning,200,5,0.025,5.55,Completed
PROD_0036526,2026-06-09,MACH_000252,PROD_02267,LOC_00217,Morning,309,4,0.0129,7.4,Completed
PROD_0000706,2022-09-10,MACH_000611,PROD_03604,LOC_00046,Night,393,15,0.0382,6.05,Completed
PROD_0263417,2023-09-10,MACH_000457,PROD_02082,LOC_00078,Morning,68,2,0.0294,10.01,Completed
PROD_0263624,2025-11-16,MACH_000525,PROD_03537,LOC_00109,Morning,207,4,0.0193,10.65,Completed
PROD_0046602,2025-06-27,MACH_000436,PROD_04718,LOC_00114,Evening,440,15,0.0341,6.56,Completed
PROD_0175598,2023-07-27,MACH_001009,PROD_01173,LOC_00103,Evening,57,0,0.0,7.66,Completed
PROD_0055569,2024-10-13,MACH_000462,PROD_02330,LOC_00185,Morning,384,2,0.0052,4.03,Completed
PROD_0298613,2024-12-21,MACH_000132,PROD_01988,LOC_00196,Night,61,1,0.0164,7.8,Completed
PROD_0012844,2022-07-20,MACH_001283,PROD_03944,LOC_00160,Evening,416,4,0.0096,8.85,Completed
PROD_0171770,2026-01-26,MACH_000979,PROD_01921,LOC_00139,Morning,404,8,0.0198,3.65,Completed
PROD_0236889,2026-02-24,MACH_001192,PROD_04874,LOC_00071,Night,282,13,0.0461,2.56,Completed
PROD_0138226,2023-10-18,MACH_000692,PROD_03318,LOC_00154,Morning,222,3,0.0135,3.75,Completed
PROD_0173772,2023-10-06,MACH_001342,PROD_04403,LOC_00021,Night,69,0,0.0,2.25,Completed
PROD_0125750,2022-03-07,MACH_000064,PROD_02878,LOC_00088,Morning,480,10,0.0208,3.51,Completed
PROD_0099647,2025-03-31,MACH_001387,PROD_04214,LOC_00052,Night,375,14,0.0373,9.38,Completed
PROD_0199111,2024-02-22,MACH_001265,PROD_04793,LOC_00170,Morning,344,12,0.0349,2.37,Completed
PROD_0211245,2026-02-28,MACH_000556,PROD_02195,LOC_00125,Morning,315,10,0.0317,2.19,Completed
PROD_0287345,2025-02-06,MACH_000912,PROD_01803,LOC_00026,Morning,252,5,0.0198,6.76,Completed
PROD_0068455,2026-03-17,MACH_000579,PROD_02149,LOC_00215,Evening,414,8,0.0193,11.5,Completed
PROD_0206129,2026-03-17,MACH_001245,PROD_03990,LOC_00202,Night,136,1,0.0074,6.58,Completed
PROD_0021134,2025-06-02,MACH_000225,PROD_03607,LOC_00175,Night,136,4,0.0294,5.41,Completed
PROD_0041558,2024-01-27,MACH_000199,PROD_03742,LOC_00167,Night,247,10,0.0405,3.57,Completed
PROD_0226808,2022-03-07,MACH_000796,PROD_03953,LOC_00107,Evening,328,15,0.0457,3.37,Completed
PROD_0170618,2021-05-28,MACH_000752,PROD_03299,LOC_00112,Night,214,0,0.0,2.41,Completed
PROD_0151516,2022-09-17,MACH_001359,PROD_04853,LOC_00162,Morning,61,2,0.0328,3.12,Completed
PROD_0141427,2025-01-06,MACH_000431,PROD_04481,LOC_00020,Evening,133,3,0.0226,4.26,Completed
PROD_0120706,2024-06-24,MACH_000439,PROD_01158,LOC_00034,Morning,225,1,0.0044,4.26,Completed
PROD_0165474,2024-04-02,MACH_000797,PROD_04653,LOC_00236,Morning,322,15,0.0466,7.72,Completed
PROD_0173182,2021-07-10,MACH_001467,PROD_03836,LOC_00132,Morning,64,1,0.0156,7.14,Completed
PROD_0208614,2021-12-30,MACH_001145,PROD_01498,LOC_00030,Morning,427,3,0.007,7.71,Failed
PROD_0147057,2024-03-19,MACH_000138,PROD_01397,LOC_00176,Night,345,10,0.029,3.81,UNKNOWN
PROD_0150976,2024-11-01,MACH_000803,PROD_01132,LOC_00191,Evening,190,8,0.0421,11.31,Completed
PROD_0118961,2023-10-13,MACH_000748,PROD_02534,LOC_00231,Evening,177,5,0.0282,11.16,Completed
PROD_0226170,2024-09-16,MACH_000128,PROD_00908,LOC_00131,Evening,229,5,0.0218,3.53,Completed
PROD_0175361,2023-11-12,MACH_001389,PROD_03348,LOC_00132,Morning,478,22,0.046,3.89,Completed
PROD_0270105,2021-07-23,MACH_000524,PROD_00378,LOC_00041,Evening,143,0,0.0,10.94,Completed
PROD_0170499,2025-04-08,MACH_000565,PROD_00712,LOC_00160,Evening,342,1,0.0029,7.54,In Progress
PROD_0199083,2026-01-22,MACH_000542,PROD_00740,LOC_00142,Evening,100,3,0.03,11.39,Completed
PROD_0088924,2021-01-27,MACH_000625,PROD_02430,LOC_00224,Morning,239,7,0.0293,7.47,UNKNOWN
PROD_0224986,2024-12-08,MACH_000732,PROD_00201,LOC_00023,Night,296,12,0.0405,5.96,Completed
PROD_0050481,2023-07-16,MACH_000295,PROD_03247,LOC_00209,Morning,110,2,0.0182,3.9,Completed
PROD_0112230,2026-06-24,MACH_000278,PROD_02701,LOC_00097,Evening,327,11,0.0336,8.93,Completed
PROD_0222367,2021-12-20,MACH_000430,PROD_02068,LOC_00125,Night,247,5,0.0202,11.65,Completed
PROD_0196366,2025-09-17,MACH_000853,PROD_01913,LOC_00003,Evening,90,2,0.0222,11.02,Completed
PROD_0273015,2022-12-09,MACH_001307,PROD_02410,LOC_00127,Evening,259,5,0.0193,3.55,Completed
PROD_0205790,2022-04-02,MACH_001287,PROD_01380,LOC_00052,Morning,262,9,0.0344,4.09,Completed
PROD_0249191,2021-10-16,MACH_000902,PROD_04850,LOC_00141,Evening,172,0,0.0,7.52,Completed
PROD_0272487,2022-07-28,MACH_000781,PROD_02740,LOC_00027,Morning,279,11,0.0394,10.47,Completed
PROD_0294880,2025-11-24,MACH_001436,PROD_02318,LOC_00108,Night,66,0,0.0,2.69,Completed
PROD_0009810,2021-01-01,MACH_001419,PROD_04680,LOC_00225,Evening,274,11,0.0401,5.67,Completed
PROD_0076031,2021-04-27,MACH_000924,PROD_04748,LOC_00122,Evening,173,4,0.0231,8.36,Completed
PROD_0016902,2022-05-01,MACH_000520,PROD_01307,LOC_00152,Night,87,0,0.0,8.58,Completed
PROD_0012996,2024-09-06,MACH_000515,PROD_02051,LOC_00221,Night,222,0,0.0,9.24,Completed
PROD_0094070,2022-02-15,MACH_001248,PROD_02009,LOC_00227,Night,95,2,0.0211,5.2,UNKNOWN
PROD_0109304,2024-06-03,MACH_000730,PROD_04973,LOC_00061,Night,398,15,0.0377,3.69,Completed
PROD_0167558,2024-03-17,MACH_000494,PROD_04679,LOC_00020,Morning,482,10,0.0207,8.3,Completed
PROD_0018409,2024-09-12,MACH_000242,PROD_03396,LOC_00219,Evening,206,3,0.0146,6.35,Completed
PROD_0206650,2023-07-29,MACH_000882,PROD_04955,LOC_00018,Morning,310,5,0.0161,6.54,Completed
PROD_0154086,2022-07-21,MACH_001103,PROD_00200,LOC_00236,Evening,303,8,0.0264,2.9,Completed
PROD_0043614,2026-05-09,MACH_000738,PROD_04435,LOC_00114,Morning,126,4,0.0317,4.15,Completed
PROD_0005601,2021-02-01,MACH_000702,PROD_02458,LOC_00227,Morning,85,1,0.0118,5.47,Completed
PROD_0144789,2022-04-10,MACH_001291,PROD_03537,LOC_00158,Night,60,1,0.0167,8.08,Completed
PROD_0270794,2025-03-22,MACH_001291,PROD_00938,LOC_00056,Night,72,1,0.0139,4.68,Completed
PROD_0076211,2023-07-22,MACH_000246,PROD_04180,LOC_00131,Night,259,11,0.0425,3.11,Completed
PROD_0175737,2025-03-24,MACH_001429,PROD_02994,LOC_00107,Night,183,3,0.0164,8.81,Completed
PROD_0295988,2025-01-06,MACH_001150,PROD_03868,LOC_00181,Morning,56,0,0.0,6.74,Completed
PROD_0079403,2024-03-21,MACH_000236,PROD_04769,LOC_00057,Morning,217,0,0.0,10.44,Completed
PROD_0098934,2022-12-19,MACH_000967,PROD_03735,LOC_00061,Night,430,9,0.0209,10.15,Completed
PROD_0033485,2025-01-02,MACH_000140,PROD_03852,LOC_00067,Evening,108,2,0.0185,8.14,Completed
PROD_0027720,2024-11-22,MACH_000810,PROD_03520,LOC_00208,Evening,212,5,0.0236,8.7,Completed
PROD_0045983,2025-10-29,MACH_000430,PROD_01590,LOC_00175,Morning,123,5,0.0407,2.22,Completed
PROD_0157006,2025-06-05,MACH_000819,PROD_04763,LOC_00165,Morning,468,19,0.0406,10.99,UNKNOWN
PROD_0277978,2021-09-20,MACH_001429,PROD_04151,LOC_00064,Morning,196,6,0.0306,4.1,Completed
PROD_0215270,2023-01-11,MACH_000701,PROD_02818,LOC_00028,Morning,152,2,0.0132,4.87,Completed
PROD_0279486,2022-01-16,MACH_000515,PROD_03150,LOC_00037,Night,201,7,0.0348,4.04,Completed
PROD_0051561,2026-04-09,MACH_000640,PROD_02957,LOC_00101,Night,435,13,0.0299,4.78,Completed
PROD_0245881,2021-11-28,MACH_001247,PROD_03565,LOC_00101,Evening,264,0,0.0,9.24,Completed
PROD_0230417,2024-12-04,MACH_001262,PROD_03685,LOC_00094,Evening,394,7,0.0178,4.63,Completed
PROD_0131086,2022-01-09,MACH_000302,PROD_00097,LOC_00250,Evening,203,4,0.0197,8.13,Completed
PROD_0107702,2021-11-13,MACH_000149,PROD_03314,LOC_00074,Evening,384,13,0.0339,11.86,Completed
PROD_0027039,2024-04-17,MACH_000525,PROD_01888,LOC_00088,Morning,374,13,0.0348,8.75,Completed
PROD_0144911,2021-10-11,MACH_001462,PROD_00915,LOC_00226,Evening,143,3,0.021,9.33,Completed
PROD_0292119,2024-02-11,MACH_001238,PROD_04259,LOC_00139,Evening,92,2,0.0217,11.43,Completed
PROD_0138708,2023-04-03,MACH_000610,PROD_01548,LOC_00037,Night,220,2,0.0091,4.76,Completed
PROD_0078539,2023-12-03,MACH_001225,PROD_01587,LOC_00245,Morning,113,2,0.0177,3.37,Completed
PROD_0126524,2024-06-28,MACH_000883,PROD_00054,LOC_00104,Evening,149,6,0.0403,3.2,Completed
PROD_0201034,2022-07-25,MACH_000776,PROD_00364,LOC_00017,Night,377,14,0.0371,4.85,Completed
PROD_0178801,2021-09-13,MACH_000405,PROD_00987,LOC_00219,Night,366,1,0.0027,11.68,Completed
PROD_0122246,2021-04-13,MACH_000823,PROD_02828,LOC_00248,Night,187,7,0.0374,9.02,Completed
PROD_0080949,2025-09-13,MACH_001161,PROD_02764,LOC_00237,Night,390,8,0.0205,9.4,Completed
PROD_0089165,2022-05-05,MACH_001418,PROD_03370,LOC_00009,Night,65,0,0.0,7.64,Completed
PROD_0144081,2022-11-23,MACH_001155,PROD_00478,LOC_00026,Evening,195,2,0.0103,10.58,Completed
PROD_0113762,2021-11-29,MACH_000037,PROD_03017,LOC_00203,Evening,337,4,0.0119,8.85,Completed
PROD_0173642,2026-04-22,MACH_000358,PROD_00823,LOC_00170,Evening,126,1,0.0079,9.01,Completed
PROD_0221798,2022-07-19,MACH_000537,PROD_02620,LOC_00054,Morning,197,0,0.0,9.88,In Progress
PROD_0187173,2022-12-13,MACH_000085,PROD_03346,LOC_00001,Morning,85,3,0.0353,7.71,Completed
PROD_0048903,2025-07-08,MACH_000860,PROD_01033,LOC_00111,Night,425,6,0.0141,7.38,Completed
PROD_0060859,2022-08-08,MACH_000046,PROD_03783,LOC_00174,Evening,136,1,0.0074,6.8,Completed
PROD_0210712,2026-02-24,MACH_000080,PROD_00457,LOC_00063,Evening,480,2,0.0042,8.24,UNKNOWN
PROD_0271150,2023-06-13,MACH_000102,PROD_02026,LOC_00197,Evening,106,4,0.0377,3.62,Completed
PROD_0065034,2022-09-14,MACH_001305,PROD_00977,LOC_00088,Evening,74,1,0.0135,6.01,Completed
PROD_0023864,2026-04-28,MACH_000232,PROD_03355,LOC_00240,Night,177,5,0.0282,5.84,Completed
PROD_0171448,2022-02-09,MACH_001388,PROD_03789,LOC_00002,Morning,306,0,0.0,3.96,Completed
PROD_0150175,2023-10-10,MACH_000459,PROD_03687,LOC_00002,Evening,116,3,0.0259,5.95,Completed
PROD_0175666,2021-10-29,MACH_000039,PROD_01334,LOC_00236,Morning,95,2,0.0211,10.61,Completed
PROD_0296811,2023-02-08,MACH_000170,PROD_04192,LOC_00069,Night,340,7,0.0206,6.07,Completed
PROD_0176565,2022-11-12,MACH_000899,PROD_01085,LOC_00028,Evening,348,5,0.0144,10.62,Completed
PROD_0103788,2022-03-14,MACH_000788,PROD_02693,LOC_00178,Morning,149,0,0.0,11.12,Completed
PROD_0291685,2026-03-11,MACH_000508,PROD_00846,LOC_00111,Morning,486,18,0.037,5.17,Completed
PROD_0248872,2021-12-08,MACH_000335,PROD_01920,LOC_00052,Night,445,13,0.0292,9.71,UNKNOWN
PROD_0219008,2025-02-20,MACH_000004,PROD_02805,LOC_00160,Evening,162,7,0.0432,2.59,In Progress
PROD_0260241,2022-07-07,MACH_000095,PROD_00688,LOC_00211,Morning,71,2,0.0282,11.04,Completed
PROD_0130859,2021-02-27,MACH_000092,PROD_04714,LOC_00132,Evening,239,7,0.0293,5.01,Completed
PROD_0286293,2022-10-24,MACH_000941,PROD_03508,LOC_00048,Night,66,1,0.0152,5.14,Completed
PROD_0247352,2021-02-17,MACH_001253,PROD_04437,LOC_00236,Evening,348,8,0.023,11.42,Completed
PROD_0083644,2023-10-26,MACH_000102,PROD_04278,LOC_00150,Morning,341,12,0.0352,2.11,Completed
PROD_0224951,2021-06-16,MACH_001471,PROD_00118,LOC_00206,Night,478,2,0.0042,8.75,Completed
PROD_0076025,2025-01-25,MACH_000610,PROD_02622,LOC_00119,Morning,270,11,0.0407,10.56,Completed
PROD_0152564,2023-08-07,MACH_000336,PROD_02474,LOC_00095,Night,487,5,0.0103,7.38,Completed
PROD_0220654,2023-09-27,MACH_000193,PROD_00306,LOC_00037,Morning,385,7,0.0182,3.23,Completed
PROD_0112103,2023-04-27,MACH_000456,PROD_04172,LOC_00063,Evening,231,8,0.0346,7.99,Completed
PROD_0131517,2023-02-19,MACH_000258,PROD_01126,LOC_00006,Night,335,12,0.0358,9.91,Failed
PROD_0002734,2022-10-19,MACH_000751,PROD_00228,LOC_00186,Morning,62,1,0.0161,11.97,Completed
PROD_0205686,2022-07-13,MACH_000317,PROD_02352,LOC_00143,Morning,483,14,0.029,5.92,Completed
PROD_0171382,2021-04-05,MACH_001425,PROD_04602,LOC_00219,Morning,452,21,0.0465,10.59,Failed
PROD_0270817,2023-06-16,MACH_000205,PROD_00673,LOC_00068,Morning,185,2,0.0108,10.05,Failed
PROD_0117150,2024-05-01,MACH_001082,PROD_02773,LOC_00137,Evening,131,2,0.0153,5.75,UNKNOWN
PROD_0181962,2022-03-27,MACH_000608,PROD_01765,LOC_00209,Night,397,5,0.0126,4.86,Completed
PROD_0249180,2024-09-12,MACH_000818,PROD_00939,LOC_00064,Night,425,9,0.0212,8.65,Completed
PROD_0087330,2024-05-21,MACH_000469,PROD_04332,LOC_00044,Morning,239,7,0.0293,8.28,Completed
PROD_0127388,2023-11-09,MACH_000842,PROD_01648,LOC_00159,Evening,484,16,0.0331,8.92,Completed
PROD_0192822,2024-02-17,MACH_000849,PROD_04145,LOC_00005,Morning,183,1,0.0055,3.76,Completed
PROD_0199645,2026-05-11,MACH_000952,PROD_02591,LOC_00027,Night,164,7,0.0427,11.04,Completed
PROD_0058524,2024-04-07,MACH_000993,PROD_00926,LOC_00231,Morning,123,4,0.0325,11.61,Completed
PROD_0280865,2025-08-17,MACH_000345,PROD_02983,LOC_00209,Night,269,7,0.026,7.94,Completed
PROD_0245975,2022-03-08,MACH_000170,PROD_00831,LOC_00220,Evening,459,7,0.0153,3.99,Completed
PROD_0256822,2024-09-27,MACH_001152,PROD_03871,LOC_00189,Evening,295,8,0.0271,9.75,Completed
PROD_0263285,2021-12-24,MACH_001084,PROD_03934,LOC_00057,Morning,109,4,0.0367,11.88,Completed
PROD_0124011,2024-05-15,MACH_001080,PROD_04719,LOC_00009,Night,187,7,0.0374,9.76,Completed
PROD_0283983,2025-04-05,MACH_000628,PROD_03835,LOC_00195,Evening,459,4,0.0087,3.21,Completed
PROD_0177403,2024-05-09,MACH_000775,PROD_04609,LOC_00180,Morning,496,21,0.0423,2.03,Completed
PROD_0066096,2025-04-05,MACH_000404,PROD_03110,LOC_00088,Evening,216,7,0.0324,9.76,Completed
PROD_0176468,2021-12-05,MACH_000820,PROD_04580,LOC_00029,Evening,133,1,0.0075,5.06,Completed
PROD_0050662,2026-04-30,MACH_000912,PROD_04809,LOC_00144,Evening,297,11,0.037,9.95,Completed
PROD_0194867,2023-08-05,MACH_000526,PROD_01611,LOC_00032,Morning,86,1,0.0116,2.37,Completed
PROD_0191535,2022-05-11,MACH_000338,PROD_03785,LOC_00069,Evening,104,2,0.0192,4.68,Completed
PROD_0031121,2021-10-17,MACH_000104,PROD_03353,LOC_00231,Night,391,3,0.0077,10.29,Completed
PROD_0070913,2022-05-26,MACH_000090,PROD_01039,LOC_00243,Night,224,8,0.0357,11.93,Completed
PROD_0228839,2026-06-16,MACH_000927,PROD_00506,LOC_00176,Evening,113,4,0.0354,11.75,Completed
PROD_0062051,2021-02-17,MACH_000840,PROD_04140,LOC_00136,Morning,181,2,0.011,4.69,Completed
PROD_0136127,2021-06-13,MACH_000397,PROD_03982,LOC_00126,Morning,392,18,0.0459,6.88,Completed
PROD_0178306,2024-03-11,MACH_000484,PROD_03003,LOC_00057,Morning,69,2,0.029,3.7,Completed
PROD_0210046,2023-06-17,MACH_000224,PROD_01364,LOC_00145,Morning,271,11,0.0406,2.93,Completed
PROD_0082779,2025-10-03,MACH_000857,PROD_03780,LOC_00050,Evening,451,0,0.0,9.96,Completed
PROD_0134360,2023-06-14,MACH_000929,PROD_04377,LOC_00068,Evening,87,2,0.023,10.12,Completed
PROD_0178167,2022-05-09,MACH_001157,PROD_01508,LOC_00223,Morning,468,22,0.047,5.27,Completed
PROD_0127361,2022-08-24,MACH_000416,PROD_00778,LOC_00031,Morning,127,3,0.0236,9.22,UNKNOWN
PROD_0074379,2022-08-27,MACH_000334,PROD_01620,LOC_00015,Evening,231,7,0.0303,2.91,Completed
PROD_0206836,2023-10-06,MACH_000879,PROD_02224,LOC_00020,Morning,277,8,0.0289,3.77,Completed
PROD_0051979,2021-06-02,MACH_000338,PROD_03402,LOC_00096,Evening,469,1,0.0021,4.72,Completed
PROD_0264120,2025-06-18,MACH_001102,PROD_04243,LOC_00160,Morning,107,2,0.0187,5.32,Completed
PROD_0079383,2021-06-12,MACH_001294,PROD_00376,LOC_00205,Evening,118,0,0.0,10.11,Completed
PROD_0231237,2023-09-13,MACH_000513,PROD_01756,LOC_00200,Evening,112,4,0.0357,8.9,Completed
PROD_0094863,2025-01-28,MACH_001229,PROD_03512,LOC_00021,Morning,163,0,0.0,8.94,Completed
PROD_0019026,2025-06-30,MACH_000964,PROD_03917,LOC_00158,Evening,57,1,0.0175,4.93,Completed
PROD_0230376,2025-07-30,MACH_000768,PROD_00261,LOC_00066,Night,245,11,0.0449,9.94,Failed
PROD_0136630,2021-07-27,MACH_000912,PROD_00744,LOC_00212,Night,485,20,0.0412,3.97,Completed
PROD_0003066,2021-06-21,MACH_001496,PROD_03095,LOC_00190,Evening,65,1,0.0154,5.19,Completed
PROD_0274621,2023-11-11,MACH_000457,PROD_02555,LOC_00152,Evening,381,18,0.0472,2.37,Completed
PROD_0029923,2021-04-09,MACH_000780,PROD_00959,LOC_00141,Night,413,6,0.0145,3.82,Completed
PROD_0191402,2025-12-03,MACH_000900,PROD_04077,LOC_00001,Evening,320,9,0.0281,8.5,Completed
PROD_0107385,2021-12-10,MACH_001316,PROD_00104,LOC_00076,Evening,120,2,0.0167,4.46,Completed
PROD_0120462,2021-06-16,MACH_000832,PROD_00203,LOC_00190,Evening,456,13,0.0285,3.06,Completed
PROD_0130885,2025-10-13,MACH_000363,PROD_00446,LOC_00028,Night,224,0,0.0,6.54,Completed
PROD_0142089,2024-12-26,MACH_001073,PROD_03810,LOC_00101,Morning,442,20,0.0452,10.41,Completed
PROD_0214706,2024-10-17,MACH_000659,PROD_02535,LOC_00150,Night,65,2,0.0308,8.23,Completed
PROD_0127842,2024-03-02,MACH_001300,PROD_00305,LOC_00173,Morning,447,7,0.0157,11.95,Completed
PROD_0147148,2021-01-27,MACH_000778,PROD_00034,LOC_00140,Morning,450,15,0.0333,7.73,In Progress
PROD_0125755,2023-11-11,MACH_001081,PROD_01337,LOC_00137,Morning,74,0,0.0,4.91,Completed
PROD_0095027,2025-04-20,MACH_001211,PROD_02918,LOC_00234,Night,122,1,0.0082,6.58,Completed
PROD_0042884,2021-05-29,MACH_000963,PROD_04850,LOC_00141,Night,494,22,0.0445,4.26,Completed
PROD_0018199,2025-12-21,MACH_000004,PROD_02218,LOC_00130,Morning,405,7,0.0173,8.32,Completed
PROD_0232282,2025-01-29,MACH_001164,PROD_03389,LOC_00143,Night,227,8,0.0352,4.54,Completed
PROD_0116025,2022-11-01,MACH_000587,PROD_00624,LOC_00156,Morning,456,16,0.0351,8.45,Completed
PROD_0123541,2021-11-16,MACH_000304,PROD_03489,LOC_00081,Morning,402,8,0.0199,7.24,Completed
PROD_0127822,2022-04-29,MACH_000512,PROD_03116,LOC_00225,Morning,237,5,0.0211,7.56,Completed
PROD_0192223,2021-09-29,MACH_001406,PROD_01340,LOC_00113,Morning,124,0,0.0,8.08,Completed
PROD_0091441,2021-07-11,MACH_001266,PROD_02153,LOC_00144,Evening,94,1,0.0106,8.13,Completed
PROD_0144467,2024-05-16,MACH_000857,PROD_03176,LOC_00248,Morning,272,11,0.0404,5.01,Completed
PROD_0197044,2021-04-09,MACH_001208,PROD_02348,LOC_00246,Evening,341,7,0.0205,5.58,Completed
PROD_0007144,2024-03-21,MACH_001012,PROD_02773,LOC_00141,Night,56,0,0.0,11.99,Completed
PROD_0135771,2022-07-23,MACH_000750,PROD_01199,LOC_00044,Morning,351,5,0.0142,6.87,Completed
PROD_0251794,2024-03-25,MACH_000954,PROD_02923,LOC_00119,Morning,430,19,0.0442,6.01,Completed
PROD_0030966,2021-05-06,MACH_000859,PROD_03193,LOC_00104,Night,180,5,0.0278,10.62,Completed
PROD_0219209,2024-12-14,MACH_000791,PROD_00820,LOC_00024,Night,100,4,0.04,9.45,Completed
PROD_0021689,2025-02-16,MACH_000551,PROD_04726,LOC_00195,Evening,401,7,0.0175,6.56,Completed
PROD_0004481,2023-09-01,MACH_000962,PROD_02935,LOC_00008,Morning,71,2,0.0282,9.26,Completed
PROD_0208491,2021-06-03,MACH_000383,PROD_01660,LOC_00161,Evening,250,5,0.02,5.64,Completed
PROD_0271557,2022-11-22,MACH_000775,PROD_00947,LOC_00200,Morning,313,7,0.0224,8.95,Completed
PROD_0074222,2022-12-29,MACH_000722,PROD_02971,LOC_00168,Morning,218,5,0.0229,9.94,Completed
PROD_0015320,2024-06-05,MACH_000371,PROD_00505,LOC_00091,Morning,484,22,0.0455,2.42,In Progress
PROD_0160310,2022-05-18,MACH_001319,PROD_04894,LOC_00171,Evening,384,6,0.0156,7.8,In Progress
PROD_0217989,2023-10-26,MACH_001204,PROD_01940,LOC_00240,Evening,459,20,0.0436,5.85,Completed
PROD_0158419,2021-01-09,MACH_000214,PROD_04747,LOC_00114,Night,386,4,0.0104,10.6,Completed
PROD_0075674,2024-08-12,MACH_000091,PROD_02766,LOC_00182,Morning,420,19,0.0452,5.3,Completed
PROD_0258303,2023-08-23,MACH_000554,PROD_03236,LOC_00077,Morning,126,3,0.0238,6.53,Completed
PROD_0199841,2022-09-13,MACH_000288,PROD_02302,LOC_00113,Night,133,2,0.015,8.7,UNKNOWN
PROD_0114686,2025-02-18,MACH_001266,PROD_01473,LOC_00192,Evening,496,1,0.002,9.7,Completed
PROD_0200987,2023-02-27,MACH_001414,PROD_01631,LOC_00232,Night,172,1,0.0058,3.43,Completed
PROD_0133288,2025-06-03,MACH_000031,PROD_03408,LOC_00240,Morning,305,8,0.0262,5.41,UNKNOWN
PROD_0010995,2021-05-24,MACH_001043,PROD_01801,LOC_00213,Morning,78,1,0.0128,9.53,Completed
PROD_0284457,2021-08-21,MACH_001232,PROD_04587,LOC_00074,Morning,133,2,0.015,11.23,In Progress
PROD_0156646,2025-03-20,MACH_001118,PROD_02784,LOC_00248,Night,441,10,0.0227,6.27,Completed
PROD_0062296,2026-06-01,MACH_000259,PROD_04511,LOC_00146,Evening,459,11,0.024,4.36,Completed
PROD_0046865,2024-01-01,MACH_000966,PROD_01700,LOC_00077,Morning,307,6,0.0195,8.04,Completed
PROD_0296575,2023-12-05,MACH_000932,PROD_03146,LOC_00222,Morning,256,3,0.0117,6.27,Completed
PROD_0169507,2025-11-12,MACH_000247,PROD_03252,LOC_00116,Evening,63,2,0.0317,9.81,Completed
PROD_0097147,2024-08-23,MACH_000018,PROD_00095,LOC_00238,Evening,390,4,0.0103,9.0,Completed
PROD_0052242,2025-11-15,MACH_000159,PROD_03269,LOC_00149,Evening,353,15,0.0425,8.83,In Progress
PROD_0160138,2024-05-01,MACH_000481,PROD_00946,LOC_00222,Morning,225,8,0.0356,2.36,Completed
PROD_0019397,2023-12-04,MACH_000353,PROD_04411,LOC_00084,Morning,428,17,0.0397,7.06,UNKNOWN
PROD_0097428,2025-07-10,MACH_000811,PROD_02555,LOC_00119,Night,462,22,0.0476,2.04,Completed
PROD_0001832,2023-09-21,MACH_000618,PROD_02564,LOC_00018,Night,166,3,0.0181,4.02,In Progress
PROD_0023974,2025-01-10,MACH_000891,PROD_03907,LOC_00034,Morning,458,1,0.0022,11.47,Completed
PROD_0159134,2024-02-03,MACH_000479,PROD_01787,LOC_00154,Night,407,6,0.0147,6.23,Completed
PROD_0199018,2023-10-08,MACH_001477,PROD_00063,LOC_00101,Evening,242,9,0.0372,3.41,Completed
PROD_0217793,2025-04-06,MACH_001410,PROD_03190,LOC_00084,Evening,472,3,0.0064,3.08,Completed
PROD_0218863,2026-02-24,MACH_001405,PROD_02176,LOC_00103,Morning,187,6,0.0321,11.79,Completed
PROD_0162836,2024-07-29,MACH_000454,PROD_03371,LOC_00091,Night,385,9,0.0234,3.55,Completed
PROD_0110729,2023-07-26,MACH_000748,PROD_04531,LOC_00104,Night,320,14,0.0437,3.02,Completed
PROD_0160887,2022-04-20,MACH_000164,PROD_01241,LOC_00204,Night,403,5,0.0124,2.57,Completed
PROD_0117347,2025-06-26,MACH_000360,PROD_02855,LOC_00227,Night,467,19,0.0407,10.57,Completed
PROD_0101237,2026-06-05,MACH_000060,PROD_03514,LOC_00020,Morning,270,4,0.0148,10.93,Completed
PROD_0290382,2025-06-09,MACH_000470,PROD_03300,LOC_00021,Evening,380,17,0.0447,9.26,Completed
PROD_0101599,2023-07-10,MACH_001008,PROD_01501,LOC_00009,Evening,144,0,0.0,7.5,Completed
PROD_0002142,2024-02-08,MACH_001420,PROD_02783,LOC_00010,Night,210,1,0.0048,11.42,Completed
PROD_0111286,2026-06-15,MACH_001404,PROD_02832,LOC_00093,Evening,89,2,0.0225,5.34,Completed
PROD_0293435,2024-09-23,MACH_000976,PROD_03637,LOC_00087,Morning,219,5,0.0228,8.22,Completed
PROD_0016407,2024-11-27,MACH_001416,PROD_01843,LOC_00103,Evening,436,14,0.0321,11.42,In Progress
PROD_0205534,2022-05-26,MACH_001488,PROD_01951,LOC_00237,Night,409,17,0.0416,11.46,Completed
PROD_0030483,2021-07-12,MACH_000971,PROD_03506,LOC_00173,Evening,164,4,0.0244,6.53,Completed
PROD_0022388,2021-12-31,MACH_001147,PROD_01633,LOC_00022,Evening,233,3,0.0129,8.01,In Progress
PROD_0226017,2024-12-05,MACH_001060,PROD_01351,LOC_00178,Morning,410,11,0.0268,8.17,In Progress
PROD_0010080,2022-06-21,MACH_000872,PROD_00830,LOC_00181,Morning,391,8,0.0205,7.02,Completed
PROD_0117522,2022-02-21,MACH_000171,PROD_04318,LOC_00066,Evening,169,7,0.0414,3.62,Completed
PROD_0138223,2021-10-05,MACH_000461,PROD_01151,LOC_00021,Morning,280,9,0.0321,3.71,Completed
PROD_0157961,2022-06-23,MACH_000548,PROD_01793,LOC_00206,Night,149,3,0.0201,9.66,Completed
PROD_0030646,2022-01-29,MACH_001307,PROD_04492,LOC_00004,Morning,326,14,0.0429,11.6,Completed
PROD_0025244,2025-04-20,MACH_000416,PROD_02491,LOC_00124,Evening,332,13,0.0392,3.48,UNKNOWN
PROD_0239417,2022-02-06,MACH_000442,PROD_04881,LOC_00098,Evening,237,0,0.0,10.54,Completed
PROD_0189258,2021-01-22,MACH_000824,PROD_03139,LOC_00008,Night,145,6,0.0414,3.39,Completed
PROD_0071524,2021-01-06,MACH_001270,PROD_03337,LOC_00066,Morning,245,7,0.0286,3.78,Completed
PROD_0228723,2022-09-04,MACH_000108,PROD_02580,LOC_00015,Evening,293,2,0.0068,5.37,Completed
PROD_0258679,2024-09-27,MACH_000485,PROD_01804,LOC_00075,Morning,277,6,0.0217,6.97,Failed
PROD_0000257,2021-05-27,MACH_001168,PROD_00106,LOC_00164,Evening,76,2,0.0263,11.3,Completed
PROD_0297230,2022-10-10,MACH_000174,PROD_04915,LOC_00184,Evening,387,16,0.0413,4.18,Completed
PROD_0036800,2023-05-31,MACH_001298,PROD_00230,LOC_00010,Morning,69,0,0.0,5.58,Completed
PROD_0240189,2023-09-19,MACH_000689,PROD_03501,LOC_00006,Morning,377,0,0.0,3.88,Completed
PROD_0244939,2021-12-28,MACH_000064,PROD_03782,LOC_00037,Morning,373,13,0.0349,11.68,Completed
PROD_0199973,2022-01-18,MACH_000443,PROD_01976,LOC_00044,Evening,315,7,0.0222,6.44,Completed
PROD_0011209,2022-10-03,MACH_000705,PROD_01701,LOC_00094,Evening,156,0,0.0,11.47,Completed
PROD_0075535,2025-09-17,MACH_000293,PROD_03436,LOC_00190,Evening,165,0,0.0,10.33,Completed
PROD_0061561,2022-02-27,MACH_000309,PROD_00031,LOC_00172,Night,228,9,0.0395,2.7,Completed
PROD_0162945,2021-03-25,MACH_001061,PROD_04101,LOC_00077,Night,326,1,0.0031,8.32,UNKNOWN
PROD_0149479,2021-12-20,MACH_001136,PROD_03169,LOC_00146,Night,160,2,0.0125,4.94,Completed
PROD_0136587,2025-09-14,MACH_001263,PROD_04746,LOC_00188,Morning,466,4,0.0086,10.47,Completed
PROD_0126974,2022-05-09,MACH_000269,PROD_04188,LOC_00093,Evening,203,4,0.0197,4.17,UNKNOWN
PROD_0068735,2024-05-15,MACH_001406,PROD_04727,LOC_00087,Night,499,18,0.0361,2.72,In Progress
PROD_0203068,2023-05-26,MACH_000827,PROD_01963,LOC_00095,Evening,263,9,0.0342,6.1,Completed
PROD_0011752,2025-10-16,MACH_001195,PROD_00317,LOC_00017,Morning,279,6,0.0215,3.66,Completed
PROD_0219549,2021-11-24,MACH_000797,PROD_00602,LOC_00043,Night,321,14,0.0436,4.21,UNKNOWN
PROD_0296443,2024-07-07,MACH_000756,PROD_03746,LOC_00114,Morning,431,1,0.0023,2.14,Completed
PROD_0120696,2023-05-29,MACH_001324,PROD_00495,LOC_00171,Night,113,2,0.0177,6.12,UNKNOWN
PROD_0289287,2024-03-14,MACH_000806,PROD_00285,LOC_00141,Night,470,12,0.0255,4.12,In Progress
PROD_0071875,2023-11-23,MACH_000531,PROD_04957,LOC_00222,Evening,186,3,0.0161,7.15,Failed
PROD_0084810,2025-09-23,MACH_000385,PROD_00809,LOC_00155,Night,94,0,0.0,5.29,Completed
PROD_0235780,2024-08-09,MACH_001277,PROD_04050,LOC_00160,Night,252,5,0.0198,7.76,Completed
PROD_0108707,2024-12-20,MACH_000759,PROD_03568,LOC_00137,Morning,354,6,0.0169,2.11,Completed
PROD_0290288,2026-02-06,MACH_000522,PROD_04347,LOC_00022,Night,469,7,0.0149,4.51,Completed
PROD_0197356,2023-10-29,MACH_000310,PROD_04811,LOC_00163,Night,198,8,0.0404,8.87,Failed
PROD_0227418,2024-10-07,MACH_000002,PROD_02286,LOC_00202,Night,220,9,0.0409,9.26,Completed
PROD_0299372,2026-03-10,MACH_001029,PROD_04830,LOC_00038,Night,487,5,0.0103,4.55,Completed
PROD_0002149,2025-03-04,MACH_000584,PROD_00570,LOC_00220,Night,448,19,0.0424,3.51,Completed
PROD_0256342,2021-04-27,MACH_000334,PROD_00332,LOC_00127,Evening,453,14,0.0309,4.31,Completed
PROD_0046671,2025-01-28,MACH_001262,PROD_01041,LOC_00115,Evening,428,8,0.0187,8.2,Completed
PROD_0212096,2021-05-12,MACH_000676,PROD_03772,LOC_00026,Morning,210,4,0.019,2.7,In Progress
PROD_0026094,2023-10-01,MACH_001350,PROD_00914,LOC_00113,Morning,176,5,0.0284,5.77,Completed
PROD_0012744,2024-04-03,MACH_001002,PROD_03323,LOC_00172,Morning,253,2,0.0079,11.24,Completed
PROD_0091203,2021-06-20,MACH_000346,PROD_02881,LOC_00199,Night,187,4,0.0214,10.91,Completed
PROD_0213605,2022-06-04,MACH_000769,PROD_01675,LOC_00056,Evening,126,3,0.0238,6.09,Completed
PROD_0002032,2022-02-12,MACH_001344,PROD_01970,LOC_00030,Evening,289,5,0.0173,2.31,Completed
PROD_0036748,2023-02-19,MACH_000263,PROD_03855,LOC_00039,Night,417,15,0.036,11.22,Completed
PROD_0182045,2025-12-14,MACH_000464,PROD_04862,LOC_00139,Evening,87,2,0.023,5.63,UNKNOWN
PROD_0067110,2026-02-08,MACH_001429,PROD_02410,LOC_00218,Night,56,1,0.0179,6.96,Completed
PROD_0171943,2022-04-07,MACH_000923,PROD_02796,LOC_00156,Evening,224,3,0.0134,9.16,Completed
PROD_0013904,2021-01-05,MACH_000094,PROD_04750,LOC_00180,Evening,320,2,0.0063,7.71,Completed
PROD_0074947,2025-11-09,MACH_000552,PROD_04193,LOC_00189,Night,128,1,0.0078,2.02,Completed
PROD_0188880,2023-10-02,MACH_000090,PROD_04081,LOC_00139,Morning,436,10,0.0229,6.13,Completed
PROD_0097438,2024-08-24,MACH_001232,PROD_00531,LOC_00123,Evening,374,16,0.0428,2.95,Completed
PROD_0014652,2022-04-03,MACH_001035,PROD_03631,LOC_00052,Evening,108,3,0.0278,4.57,Completed
PROD_0048499,2022-09-18,MACH_001402,PROD_00831,LOC_00247,Evening,197,6,0.0305,11.94,UNKNOWN
PROD_0046111,2025-04-07,MACH_000473,PROD_00636,LOC_00018,Morning,172,3,0.0174,5.09,Completed
PROD_0046098,2023-03-18,MACH_001157,PROD_04870,LOC_00214,Morning,310,2,0.0065,8.96,Completed
PROD_0290507,2023-03-01,MACH_000723,PROD_02095,LOC_00094,Night,451,3,0.0067,8.85,Completed
PROD_0138848,2023-03-19,MACH_000775,PROD_00706,LOC_00100,Morning,286,10,0.035,10.38,Completed
PROD_0077142,2025-12-24,MACH_001272,PROD_03182,LOC_00001,Morning,103,1,0.0097,6.29,Completed
PROD_0292110,2021-11-08,MACH_000965,PROD_01541,LOC_00105,Evening,436,3,0.0069,8.06,Completed
PROD_0095974,2024-12-20,MACH_001325,PROD_02123,LOC_00230,Evening,384,17,0.0443,10.44,Completed
PROD_0108439,2022-07-15,MACH_000719,PROD_00790,LOC_00037,Night,321,3,0.0093,5.02,Completed
PROD_0248784,2023-09-04,MACH_001152,PROD_02164,LOC_00169,Evening,300,10,0.0333,10.91,Completed
PROD_0270433,2026-03-20,MACH_000150,PROD_02189,LOC_00183,Morning,255,2,0.0078,8.07,Completed
PROD_0123846,2021-07-09,MACH_001027,PROD_00662,LOC_00008,Night,366,2,0.0055,6.83,Completed
PROD_0041210,2026-05-29,MACH_000392,PROD_03371,LOC_00056,Morning,424,9,0.0212,8.95,Completed
PROD_0192882,2022-03-31,MACH_000758,PROD_00151,LOC_00144,Evening,226,1,0.0044,9.8,Completed
PROD_0021245,2026-01-26,MACH_000283,PROD_01648,LOC_00159,Evening,242,1,0.0041,9.23,Completed
PROD_0240441,2022-05-13,MACH_000817,PROD_04639,LOC_00147,Night,116,4,0.0345,7.75,Completed
PROD_0174223,2022-01-31,MACH_001075,PROD_03960,LOC_00065,Morning,70,1,0.0143,10.77,Completed
PROD_0000929,2025-01-09,MACH_000640,PROD_00173,LOC_00035,Night,402,15,0.0373,5.97,Completed
PROD_0265768,2022-04-03,MACH_000420,PROD_04621,LOC_00109,Evening,51,0,0.0,11.74,Completed
PROD_0160318,2021-05-16,MACH_001182,PROD_04693,LOC_00156,Night,128,0,0.0,8.96,Completed
PROD_0092561,2023-07-14,MACH_000697,PROD_00145,LOC_00096,Evening,275,5,0.0182,2.55,Completed
PROD_0165168,2023-01-18,MACH_001488,PROD_04994,LOC_00052,Morning,350,10,0.0286,9.76,In Progress
PROD_0272543,2021-12-31,MACH_000281,PROD_03556,LOC_00187,Night,179,7,0.0391,8.8,Completed
PROD_0029604,2024-09-08,MACH_000111,PROD_04387,LOC_00223,Morning,156,2,0.0128,3.71,Completed
PROD_0012787,2023-07-22,MACH_000097,PROD_00474,LOC_00022,Evening,195,8,0.041,3.59,Completed
PROD_0105092,2021-01-10,MACH_000742,PROD_02190,LOC_00054,Night,491,15,0.0305,8.1,Completed
PROD_0205674,2025-09-13,MACH_001276,PROD_02165,LOC_00138,Night,205,0,0.0,4.77,Completed
PROD_0015563,2023-12-26,MACH_001086,PROD_03520,LOC_00047,Night,158,4,0.0253,4.67,Completed
PROD_0138744,2024-08-13,MACH_000536,PROD_01816,LOC_00055,Morning,425,5,0.0118,3.92,Failed
PROD_0003691,2023-09-12,MACH_000094,PROD_00576,LOC_00004,Evening,414,11,0.0266,4.79,UNKNOWN
PROD_0220662,2025-02-05,MACH_000732,PROD_03027,LOC_00110,Night,124,1,0.0081,4.21,Completed
PROD_0117098,2026-04-07,MACH_000738,PROD_00908,LOC_00209,Evening,438,11,0.0251,6.89,Completed
PROD_0276726,2023-05-10,MACH_000074,PROD_02855,LOC_00044,Night,195,5,0.0256,4.01,Completed
PROD_0289148,2026-04-12,MACH_001409,PROD_03421,LOC_00086,Evening,449,17,0.0379,6.7,Completed
PROD_0147679,2025-05-23,MACH_001249,PROD_01081,LOC_00173,Night,282,0,0.0,6.46,Completed
PROD_0144606,2022-09-05,MACH_000721,PROD_00946,LOC_00245,Morning,125,4,0.032,4.06,Completed
PROD_0210542,2022-08-08,MACH_000587,PROD_02668,LOC_00176,Evening,239,2,0.0084,11.52,Failed
PROD_0115208,2022-03-20,MACH_001268,PROD_03471,LOC_00157,Night,367,12,0.0327,9.61,Completed
PROD_0186462,2025-06-24,MACH_000784,PROD_01370,LOC_00119,Morning,329,7,0.0213,11.05,Completed
PROD_0190569,2025-11-14,MACH_000944,PROD_01402,LOC_00094,Morning,137,4,0.0292,10.3,Completed
PROD_0008443,2025-11-17,MACH_000354,PROD_00766,LOC_00159,Morning,449,13,0.029,8.51,Completed
PROD_0060005,2023-03-21,MACH_000651,PROD_03140,LOC_00021,Morning,179,2,0.0112,7.0,Completed
PROD_0057055,2022-08-26,MACH_001060,PROD_00112,LOC_00176,Evening,214,1,0.0047,5.24,Completed
PROD_0059230,2021-03-16,MACH_001050,PROD_01948,LOC_00066,Evening,398,9,0.0226,2.86,UNKNOWN
PROD_0181897,2022-05-27,MACH_000336,PROD_00070,LOC_00044,Night,197,8,0.0406,6.19,Completed
PROD_0200154,2024-07-22,MACH_000050,PROD_04966,LOC_00006,Morning,291,6,0.0206,8.63,In Progress
PROD_0224932,2022-05-15,MACH_001155,PROD_00641,LOC_00216,Night,346,13,0.0376,11.94,Completed
PROD_0185924,2022-12-23,MACH_000818,PROD_03770,LOC_00077,Night,433,2,0.0046,8.84,Completed
PROD_0051662,2022-08-22,MACH_000248,PROD_02118,LOC_00249,Night,365,1,0.0027,7.03,Completed
PROD_0044850,2021-08-06,MACH_000359,PROD_02682,LOC_00169,Night,431,14,0.0325,2.65,Completed
PROD_0095001,2021-11-04,MACH_000834,PROD_03717,LOC_00050,Evening,123,4,0.0325,11.72,UNKNOWN
PROD_0162161,2024-01-13,MACH_000770,PROD_01067,LOC_00066,Evening,162,3,0.0185,7.43,Completed
PROD_0236094,2024-06-13,MACH_001369,PROD_04511,LOC_00200,Evening,101,2,0.0198,5.41,Failed
PROD_0013533,2024-06-06,MACH_001397,PROD_04262,LOC_00029,Morning,436,7,0.0161,4.57,Completed
PROD_0240324,2021-05-10,MACH_001229,PROD_04084,LOC_00157,Night,477,14,0.0294,5.64,Completed
PROD_0062256,2025-05-11,MACH_001072,PROD_01530,LOC_00211,Evening,89,1,0.0112,11.45,Completed
PROD_0189187,2022-11-21,MACH_000203,PROD_01066,LOC_00188,Night,437,10,0.0229,3.27,Completed
PROD_0154296,2021-10-30,MACH_000808,PROD_01157,LOC_00075,Evening,359,16,0.0446,11.73,Completed
PROD_0201805,2025-03-31,MACH_001030,PROD_02659,LOC_00129,Morning,340,7,0.0206,2.85,Completed
PROD_0105259,2021-02-03,MACH_000800,PROD_03292,LOC_00082,Evening,283,7,0.0247,4.61,Completed
PROD_0298767,2024-02-09,MACH_001245,PROD_00521,LOC_00138,Morning,271,0,0.0,2.28,Completed
PROD_0176936,2023-07-08,MACH_000320,PROD_00391,LOC_00103,Morning,60,0,0.0,8.49,Completed
PROD_0272746,2024-05-06,MACH_000971,PROD_03842,LOC_00133,Morning,429,12,0.028,2.74,Completed
PROD_0189977,2021-08-05,MACH_001024,PROD_04403,LOC_00128,Morning,88,1,0.0114,9.24,UNKNOWN
PROD_0175263,2023-08-03,MACH_000384,PROD_03318,LOC_00180,Morning,420,4,0.0095,2.21,Completed
PROD_0031180,2025-05-27,MACH_000415,PROD_04447,LOC_00062,Night,127,5,0.0394,4.85,Completed
PROD_0245474,2025-03-31,MACH_000593,PROD_03462,LOC_00177,Evening,187,5,0.0267,9.28,In Progress
PROD_0016104,2021-01-24,MACH_000589,PROD_03803,LOC_00134,Morning,392,8,0.0204,6.03,Completed
PROD_0265516,2023-04-15,MACH_001204,PROD_02987,LOC_00182,Night,153,3,0.0196,3.2,In Progress
PROD_0222462,2021-09-03,MACH_001428,PROD_00488,LOC_00237,Evening,237,9,0.038,3.9,In Progress
PROD_0242200,2021-06-20,MACH_000368,PROD_03889,LOC_00030,Night,344,2,0.0058,8.89,Completed
PROD_0288209,2022-03-12,MACH_000985,PROD_02773,LOC_00098,Night,201,2,0.01,2.5,Completed
PROD_0223706,2021-01-29,MACH_000421,PROD_01202,LOC_00095,Evening,299,10,0.0334,11.77,Completed
PROD_0180772,2021-04-20,MACH_000135,PROD_02254,LOC_00056,Evening,199,3,0.0151,5.54,UNKNOWN
PROD_0161084,2023-11-10,MACH_000198,PROD_03613,LOC_00180,Morning,332,14,0.0422,2.93,Completed
PROD_0209645,2021-02-10,MACH_000381,PROD_03763,LOC_00062,Evening,70,1,0.0143,8.41,Failed
PROD_0241257,2021-06-13,MACH_000713,PROD_00615,LOC_00107,Morning,135,4,0.0296,3.17,Completed
PROD_0078137,2024-08-27,MACH_000464,PROD_01047,LOC_00142,Night,335,0,0.0,9.8,Completed
PROD_0055081,2021-03-19,MACH_001412,PROD_03824,LOC_00086,Night,381,16,0.042,11.07,Completed
PROD_0152129,2025-01-05,MACH_000957,PROD_00263,LOC_00226,Night,325,8,0.0246,3.92,Completed
PROD_0218004,2022-06-09,MACH_001342,PROD_04693,LOC_00053,Morning,280,6,0.0214,3.86,Completed
PROD_0145573,2022-09-28,MACH_001415,PROD_02568,LOC_00045,Morning,134,3,0.0224,10.89,In Progress
PROD_0194295,2022-11-01,MACH_000206,PROD_04564,LOC_00040,Evening,124,4,0.0323,3.2,In Progress
PROD_0197137,2025-05-15,MACH_001073,PROD_03203,LOC_00114,Morning,446,12,0.0269,2.59,Completed
PROD_0017217,2021-04-18,MACH_000689,PROD_01631,LOC_00209,Morning,398,7,0.0176,7.71,Completed
PROD_0287309,2025-01-17,MACH_000983,PROD_02942,LOC_00013,Evening,59,1,0.0169,5.33,Completed
PROD_0032518,2022-01-20,MACH_000824,PROD_04378,LOC_00221,Evening,201,7,0.0348,4.88,Completed
PROD_0237145,2025-05-25,MACH_000325,PROD_04849,LOC_00155,Morning,121,5,0.0413,11.34,Completed
PROD_0014177,2025-08-08,MACH_000117,PROD_03128,LOC_00160,Evening,450,13,0.0289,7.98,Completed
PROD_0281274,2025-08-05,MACH_000833,PROD_04144,LOC_00097,Morning,432,20,0.0463,4.85,Completed
PROD_0182605,2024-03-17,MACH_001213,PROD_02593,LOC_00143,Evening,67,2,0.0299,4.01,In Progress
PROD_0092728,2024-07-12,MACH_001110,PROD_04588,LOC_00076,Night,408,12,0.0294,6.45,Completed
PROD_0247671,2024-07-21,MACH_001422,PROD_03897,LOC_00150,Morning,106,0,0.0,11.48,Completed
PROD_0296204,2024-04-18,MACH_001092,PROD_00637,LOC_00051,Night,114,0,0.0,11.07,Completed
PROD_0101602,2022-02-02,MACH_001347,PROD_01955,LOC_00237,Night,82,2,0.0244,9.06,Completed
PROD_0011859,2023-03-09,MACH_001451,PROD_02989,LOC_00154,Morning,148,2,0.0135,5.47,Completed
PROD_0102577,2023-05-11,MACH_001123,PROD_04359,LOC_00082,Evening,317,7,0.0221,7.12,Completed
PROD_0257443,2025-11-16,MACH_000144,PROD_01889,LOC_00191,Morning,291,0,0.0,2.53,Completed
PROD_0053644,2026-01-28,MACH_000584,PROD_01125,LOC_00186,Morning,293,5,0.0171,7.98,Completed
PROD_0019094,2022-09-04,MACH_001297,PROD_03986,LOC_00160,Evening,249,7,0.0281,11.39,Completed
PROD_0265870,2025-11-03,MACH_001121,PROD_03444,LOC_00226,Morning,347,13,0.0375,6.13,Completed
PROD_0122498,2021-12-15,MACH_000889,PROD_00530,LOC_00051,Night,261,7,0.0268,2.11,Completed
PROD_0251424,2021-02-03,MACH_000777,PROD_00523,LOC_00237,Night,450,15,0.0333,2.98,Completed
PROD_0034666,2023-02-19,MACH_000682,PROD_02688,LOC_00028,Night,260,12,0.0462,2.37,In Progress
PROD_0158646,2025-06-08,MACH_000148,PROD_00417,LOC_00187,Morning,119,0,0.0,5.4,Completed
PROD_0204814,2025-12-10,MACH_000370,PROD_03141,LOC_00240,Night,340,13,0.0382,2.05,Completed
PROD_0000731,2023-08-02,MACH_000033,PROD_01548,LOC_00118,Evening,406,9,0.0222,2.1,Completed
PROD_0031865,2022-01-16,MACH_000905,PROD_03873,LOC_00116,Night,356,13,0.0365,2.06,Completed
PROD_0162149,2021-11-08,MACH_000642,PROD_00804,LOC_00075,Morning,200,5,0.025,9.03,UNKNOWN
PROD_0197830,2024-06-09,MACH_001424,PROD_04975,LOC_00250,Morning,88,0,0.0,7.98,Completed
PROD_0093675,2021-12-01,MACH_000823,PROD_04546,LOC_00122,Evening,460,14,0.0304,5.84,Completed
PROD_0009713,2022-05-20,MACH_001411,PROD_01213,LOC_00234,Evening,133,4,0.0301,10.11,Completed
PROD_0239282,2022-04-27,MACH_000044,PROD_00928,LOC_00152,Morning,303,11,0.0363,5.5,Completed
PROD_0080903,2026-01-18,MACH_000359,PROD_00395,LOC_00101,Morning,198,3,0.0152,7.16,In Progress
PROD_0137905,2021-12-08,MACH_000768,PROD_01534,LOC_00017,Evening,389,10,0.0257,11.93,In Progress
PROD_0046424,2025-05-24,MACH_000238,PROD_02542,LOC_00214,Morning,58,1,0.0172,5.42,Completed
PROD_0256060,2024-04-01,MACH_000948,PROD_02662,LOC_00096,Evening,385,13,0.0338,4.2,Completed
PROD_0182618,2024-12-28,MACH_001067,PROD_02332,LOC_00209,Evening,259,6,0.0232,6.99,Completed
PROD_0186711,2021-02-05,MACH_000456,PROD_04958,LOC_00246,Night,208,1,0.0048,2.88,Completed
PROD_0277149,2023-09-25,MACH_001484,PROD_02565,LOC_00189,Evening,226,4,0.0177,4.3,Completed
PROD_0161369,2024-05-30,MACH_000397,PROD_00363,LOC_00077,Night,478,21,0.0439,3.58,Completed
PROD_0140919,2025-04-22,MACH_001484,PROD_04770,LOC_00136,Night,113,3,0.0265,10.03,Completed
PROD_0039824,2022-12-28,MACH_000217,PROD_00914,LOC_00207,Morning,71,0,0.0,11.15,Completed
PROD_0043622,2022-01-13,MACH_000657,PROD_03447,LOC_00084,Morning,296,13,0.0439,4.97,Completed
PROD_0154911,2024-02-17,MACH_000711,PROD_04792,LOC_00137,Night,435,7,0.0161,4.34,Completed
PROD_0112796,2022-08-05,MACH_001419,PROD_02850,LOC_00135,Night,159,6,0.0377,5.74,Completed
PROD_0277859,2026-05-27,MACH_000225,PROD_04194,LOC_00175,Evening,115,3,0.0261,8.0,Completed
PROD_0223977,2023-06-17,MACH_000919,PROD_03649,LOC_00136,Morning,496,8,0.0161,6.84,Completed
PROD_0159366,2024-03-22,MACH_000527,PROD_02591,LOC_00176,Night,76,2,0.0263,7.02,Completed
PROD_0115693,2025-08-08,MACH_001167,PROD_03685,LOC_00021,Night,378,13,0.0344,8.42,Completed
PROD_0017309,2025-05-27,MACH_000651,PROD_03305,LOC_00109,Night,320,10,0.0312,4.15,Completed
PROD_0072717,2025-11-23,MACH_001452,PROD_01646,LOC_00142,Night,206,0,0.0,9.06,Completed
PROD_0026587,2025-09-28,MACH_001309,PROD_00119,LOC_00104,Morning,281,13,0.0463,8.34,Completed
PROD_0019292,2024-02-28,MACH_001251,PROD_04517,LOC_00156,Evening,81,3,0.037,7.52,Completed
PROD_0202996,2021-10-26,MACH_000201,PROD_03489,LOC_00129,Evening,94,1,0.0106,8.02,Completed
PROD_0136310,2024-01-12,MACH_000585,PROD_01616,LOC_00182,Morning,384,17,0.0443,2.23,Completed
PROD_0040061,2022-02-11,MACH_000486,PROD_02635,LOC_00016,Night,267,3,0.0112,6.61,Completed
PROD_0150203,2024-04-03,MACH_000322,PROD_03677,LOC_00011,Morning,284,1,0.0035,7.38,Completed
PROD_0266856,2025-05-04,MACH_000722,PROD_02735,LOC_00057,Night,71,2,0.0282,2.11,Completed
PROD_0075740,2023-08-09,MACH_001398,PROD_02997,LOC_00199,Evening,217,6,0.0276,9.23,Completed
PROD_0151059,2023-12-25,MACH_000779,PROD_03390,LOC_00031,Night,143,2,0.014,11.31,Completed
PROD_0058983,2025-11-03,MACH_000321,PROD_02809,LOC_00126,Night,105,1,0.0095,3.52,Completed
PROD_0086376,2022-10-11,MACH_000822,PROD_00687,LOC_00207,Night,376,2,0.0053,4.51,Completed
PROD_0156692,2022-08-09,MACH_000192,PROD_04302,LOC_00173,Night,112,1,0.0089,2.93,UNKNOWN
PROD_0206879,2022-08-03,MACH_001214,PROD_03070,LOC_00155,Evening,465,14,0.0301,8.25,Completed
PROD_0081707,2021-06-30,MACH_000953,PROD_00691,LOC_00012,Evening,152,4,0.0263,11.0,Completed
PROD_0206587,2021-08-03,MACH_000401,PROD_04681,LOC_00117,Night,107,2,0.0187,4.36,Completed
PROD_0180815,2025-01-14,MACH_001127,PROD_00336,LOC_00175,Morning,353,4,0.0113,2.74,Completed
PROD_0271250,2024-03-22,MACH_000406,PROD_00649,LOC_00061,Evening,470,18,0.0383,5.44,In Progress
PROD_0088868,2024-12-01,MACH_000028,PROD_01432,LOC_00071,Morning,450,11,0.0244,3.47,Completed
PROD_0263871,2022-06-04,MACH_001009,PROD_01955,LOC_00126,Evening,393,12,0.0305,6.68,Completed
PROD_0284232,2021-06-18,MACH_001306,PROD_04341,LOC_00168,Night,92,0,0.0,3.35,Failed
PROD_0269502,2025-08-27,MACH_000157,PROD_04996,LOC_00231,Night,284,7,0.0246,8.72,Completed
PROD_0143973,2021-02-27,MACH_000979,PROD_00840,LOC_00074,Morning,215,1,0.0047,8.92,Completed
PROD_0064495,2022-01-03,MACH_001184,PROD_01044,LOC_00136,Night,196,5,0.0255,5.38,Completed
PROD_0061803,2024-07-04,MACH_000820,PROD_01751,LOC_00170,Morning,469,2,0.0043,11.35,Completed
PROD_0051709,2022-04-28,MACH_000379,PROD_02834,LOC_00181,Morning,313,0,0.0,11.09,Completed
PROD_0240570,2022-05-15,MACH_000142,PROD_03823,LOC_00233,Evening,99,3,0.0303,7.52,In Progress
PROD_0113612,2021-12-11,MACH_000464,PROD_01050,LOC_00018,Morning,458,18,0.0393,2.06,Completed
PROD_0138036,2023-02-21,MACH_001314,PROD_03025,LOC_00116,Evening,487,21,0.0431,10.32,Completed
PROD_0072506,2023-07-21,MACH_000704,PROD_01041,LOC_00034,Night,452,11,0.0243,8.54,Completed
PROD_0248033,2023-12-10,MACH_001120,PROD_04268,LOC_00063,Morning,67,2,0.0299,7.26,Completed
PROD_0023541,2024-11-24,MACH_000459,PROD_03603,LOC_00037,Morning,467,4,0.0086,8.08,Completed
PROD_0212976,2024-01-24,MACH_000465,PROD_01186,LOC_00011,Evening,447,1,0.0022,10.1,Completed
PROD_0054132,2022-07-08,MACH_000667,PROD_04936,LOC_00039,Morning,312,1,0.0032,3.78,Completed
PROD_0013097,2026-03-26,MACH_000519,PROD_04542,LOC_00030,Morning,55,0,0.0,10.3,Completed
PROD_0227637,2022-01-04,MACH_001195,PROD_02681,LOC_00032,Morning,228,6,0.0263,4.48,Completed
PROD_0292567,2024-04-08,MACH_001310,PROD_02104,LOC_00058,Night,228,8,0.0351,11.31,Completed
PROD_0135123,2023-12-25,MACH_000886,PROD_01632,LOC_00006,Night,433,14,0.0323,6.92,Completed
PROD_0048048,2026-05-22,MACH_000839,PROD_00567,LOC_00057,Evening,321,3,0.0093,8.58,Completed
PROD_0126354,2025-08-21,MACH_000159,PROD_00987,LOC_00023,Evening,481,9,0.0187,2.62,In Progress
PROD_0032534,2021-04-02,MACH_000105,PROD_00471,LOC_00209,Night,413,16,0.0387,11.94,Completed
PROD_0208005,2021-02-28,MACH_001402,PROD_04461,LOC_00052,Morning,152,0,0.0,9.05,Completed
PROD_0032298,2024-09-14,MACH_000594,PROD_00988,LOC_00017,Evening,213,3,0.0141,11.53,Completed
PROD_0107195,2021-04-19,MACH_000205,PROD_04364,LOC_00009,Evening,173,3,0.0173,5.28,Completed
PROD_0174471,2026-04-20,MACH_000985,PROD_02929,LOC_00141,Evening,207,3,0.0145,8.14,Completed
PROD_0117585,2021-07-26,MACH_001237,PROD_00284,LOC_00093,Evening,444,5,0.0113,3.1,Completed
PROD_0274247,2022-11-07,MACH_000139,PROD_01971,LOC_00179,Morning,127,4,0.0315,7.02,Completed
PROD_0238955,2023-03-01,MACH_001136,PROD_02672,LOC_00026,Night,96,0,0.0,5.5,Completed
PROD_0049721,2023-11-14,MACH_000152,PROD_00545,LOC_00106,Night,135,2,0.0148,11.1,Completed
PROD_0172774,2022-12-10,MACH_001115,PROD_04967,LOC_00089,Morning,497,6,0.0121,8.31,Completed
PROD_0078322,2025-10-05,MACH_000927,PROD_01569,LOC_00031,Morning,389,13,0.0334,11.88,Completed
PROD_0083229,2023-05-21,MACH_000691,PROD_04356,LOC_00024,Morning,475,10,0.0211,5.66,Completed
PROD_0029077,2025-08-28,MACH_000047,PROD_02801,LOC_00026,Morning,168,4,0.0238,2.53,Completed
PROD_0081377,2021-09-17,MACH_000678,PROD_01562,LOC_00172,Morning,99,0,0.0,4.09,Completed
PROD_0188864,2022-02-10,MACH_000565,PROD_01179,LOC_00106,Morning,372,17,0.0457,6.11,Failed
PROD_0218677,2024-12-20,MACH_000660,PROD_00647,LOC_00195,Evening,136,5,0.0368,9.91,Completed
PROD_0229585,2023-03-19,MACH_000636,PROD_04674,LOC_00226,Morning,98,2,0.0204,6.21,Completed
PROD_0158389,2021-10-09,MACH_000257,PROD_02147,LOC_00022,Morning,281,8,0.0285,4.08,Completed
PROD_0180094,2024-04-06,MACH_000050,PROD_01010,LOC_00142,Night,259,8,0.0309,6.49,Completed
PROD_0064788,2024-12-31,MACH_000392,PROD_00940,LOC_00165,Morning,465,14,0.0301,8.22,Completed
PROD_0156737,2023-05-27,MACH_000377,PROD_04239,LOC_00084,Night,366,2,0.0055,4.13,Completed
PROD_0269032,2023-09-09,MACH_000855,PROD_01438,LOC_00236,Morning,309,5,0.0162,11.07,Completed
PROD_0270035,2023-01-17,MACH_000141,PROD_03586,LOC_00061,Morning,382,1,0.0026,9.32,Completed
PROD_0297536,2024-10-16,MACH_000686,PROD_01776,LOC_00121,Evening,430,15,0.0349,5.5,Completed
PROD_0068483,2022-10-06,MACH_000708,PROD_00316,LOC_00185,Morning,132,4,0.0303,9.59,Completed
PROD_0035106,2021-04-29,MACH_000596,PROD_02802,LOC_00246,Morning,56,1,0.0179,8.1,Completed
PROD_0212063,2022-12-06,MACH_000109,PROD_01192,LOC_00029,Evening,181,3,0.0166,10.78,Completed
PROD_0134349,2025-05-26,MACH_001398,PROD_00285,LOC_00173,Night,463,21,0.0454,11.46,Completed
PROD_0295937,2024-12-12,MACH_001063,PROD_03207,LOC_00196,Evening,322,13,0.0404,8.75,Completed
PROD_0011649,2025-03-31,MACH_000566,PROD_02459,LOC_00021,Night,268,11,0.041,5.55,Completed
PROD_0073872,2025-06-22,MACH_001326,PROD_02769,LOC_00083,Evening,64,0,0.0,9.22,Completed
PROD_0081793,2023-09-17,MACH_000857,PROD_04540,LOC_00203,Morning,352,2,0.0057,6.06,Completed
PROD_0235040,2021-05-17,MACH_000505,PROD_03119,LOC_00159,Morning,234,9,0.0385,11.43,Completed
PROD_0244989,2026-02-28,MACH_000933,PROD_02284,LOC_00051,Morning,433,11,0.0254,9.51,Completed
PROD_0267774,2024-08-14,MACH_000319,PROD_00555,LOC_00144,Evening,107,3,0.028,10.78,Completed
PROD_0264098,2026-06-07,MACH_000677,PROD_02759,LOC_00167,Evening,148,4,0.027,8.05,Failed
PROD_0228018,2021-01-24,MACH_000245,PROD_00970,LOC_00179,Evening,249,7,0.0281,9.49,Completed
PROD_0167385,2022-12-28,MACH_000087,PROD_02570,LOC_00148,Morning,452,18,0.0398,8.87,Completed
PROD_0055455,2024-11-29,MACH_000791,PROD_03547,LOC_00143,Night,474,2,0.0042,2.28,Completed
PROD_0041522,2021-06-07,MACH_000547,PROD_00273,LOC_00099,Night,402,14,0.0348,3.89,Completed
PROD_0282453,2021-05-21,MACH_001453,PROD_02165,LOC_00141,Night,129,1,0.0078,5.72,Completed
PROD_0212530,2025-01-15,MACH_000780,PROD_04966,LOC_00088,Night,340,4,0.0118,8.72,Completed
PROD_0126274,2023-03-08,MACH_001245,PROD_01772,LOC_00209,Morning,268,3,0.0112,4.58,Completed
PROD_0011360,2022-11-22,MACH_000361,PROD_02795,LOC_00056,Evening,114,3,0.0263,10.24,Completed
PROD_0074634,2023-02-12,MACH_000670,PROD_01580,LOC_00026,Morning,342,11,0.0322,9.39,Completed
PROD_0193732,2023-06-26,MACH_000953,PROD_04434,LOC_00168,Morning,233,0,0.0,2.86,UNKNOWN
PROD_0163698,2025-05-24,MACH_000171,PROD_03199,LOC_00173,Morning,80,3,0.0375,6.79,Completed
PROD_0052012,2024-12-11,MACH_001098,PROD_04638,LOC_00076,Morning,155,4,0.0258,10.53,In Progress
PROD_0273984,2026-06-24,MACH_001024,PROD_02420,LOC_00183,Night,188,5,0.0266,3.65,Completed
PROD_0072342,2022-05-21,MACH_000309,PROD_02466,LOC_00107,Night,381,12,0.0315,9.35,Completed
PROD_0020756,2025-10-31,MACH_000280,PROD_03205,LOC_00091,Night,122,3,0.0246,5.25,Completed
PROD_0109050,2024-09-15,MACH_000417,PROD_03297,LOC_00115,Evening,286,3,0.0105,5.48,Completed
PROD_0047981,2022-04-26,MACH_000419,PROD_01239,LOC_00007,Evening,391,18,0.046,2.97,Completed
PROD_0265151,2022-04-05,MACH_001442,PROD_02805,LOC_00170,Morning,252,11,0.0437,5.85,Completed
PROD_0182124,2021-06-09,MACH_000696,PROD_01259,LOC_00063,Morning,177,3,0.0169,5.75,Completed
PROD_0226835,2024-05-03,MACH_000879,PROD_01143,LOC_00161,Evening,261,7,0.0268,8.51,Completed
PROD_0083245,2021-12-15,MACH_000628,PROD_03942,LOC_00199,Evening,257,3,0.0117,5.7,Completed
PROD_0245345,2026-01-10,MACH_001383,PROD_02693,LOC_00096,Night,459,16,0.0349,10.87,Completed
PROD_0029865,2025-12-21,MACH_000140,PROD_00291,LOC_00027,Evening,301,10,0.0332,6.65,Completed
PROD_0096751,2022-12-20,MACH_001450,PROD_03143,LOC_00001,Night,368,11,0.0299,4.01,UNKNOWN
PROD_0273842,2024-07-31,MACH_000495,PROD_01030,LOC_00069,Night,289,9,0.0311,5.62,Completed
PROD_0225092,2022-02-26,MACH_000585,PROD_03513,LOC_00076,Morning,258,7,0.0271,4.8,Completed
PROD_0259018,2022-04-11,MACH_000442,PROD_00238,LOC_00030,Evening,327,4,0.0122,11.59,Completed
PROD_0038181,2024-03-10,MACH_000329,PROD_01892,LOC_00128,Night,465,6,0.0129,8.13,Completed
PROD_0041960,2022-01-02,MACH_001177,PROD_00388,LOC_00144,Night,126,4,0.0317,7.88,Completed
PROD_0173521,2022-10-16,MACH_001368,PROD_03939,LOC_00099,Night,114,4,0.0351,4.95,Completed
PROD_0241322,2023-04-16,MACH_000159,PROD_02509,LOC_00237,Night,333,0,0.0,7.34,In Progress
PROD_0164889,2022-08-13,MACH_000193,PROD_02305,LOC_00159,Night,169,3,0.0178,7.92,Completed
PROD_0142410,2025-01-27,MACH_000308,PROD_01938,LOC_00188,Evening,447,18,0.0403,7.41,Completed
PROD_0041428,2023-02-23,MACH_001013,PROD_00579,LOC_00128,Night,125,2,0.016,9.74,In Progress
PROD_0124279,2024-04-29,MACH_000888,PROD_00106,LOC_00145,Morning,357,9,0.0252,3.93,Completed
PROD_0152945,2023-12-11,MACH_000164,PROD_02107,LOC_00044,Evening,92,1,0.0109,7.57,Completed
PROD_0228160,2025-04-11,MACH_001223,PROD_03823,LOC_00241,Night,321,1,0.0031,6.34,Completed
PROD_0235774,2024-02-04,MACH_000899,PROD_04518,LOC_00050,Evening,328,4,0.0122,4.41,Completed
PROD_0229368,2024-12-29,MACH_000757,PROD_03719,LOC_00248,Night,136,3,0.0221,4.95,Completed
PROD_0067698,2024-07-25,MACH_001116,PROD_01152,LOC_00139,Morning,278,8,0.0288,4.66,Completed
PROD_0296052,2021-07-23,MACH_001415,PROD_00719,LOC_00079,Morning,396,13,0.0328,10.99,Completed
PROD_0168237,2025-03-05,MACH_000085,PROD_01404,LOC_00230,Evening,266,9,0.0338,2.4,Completed
PROD_0059036,2023-07-20,MACH_000576,PROD_04700,LOC_00001,Morning,161,2,0.0124,6.38,Completed
PROD_0142733,2022-06-09,MACH_000975,PROD_04068,LOC_00161,Night,200,5,0.025,9.77,Completed
PROD_0156943,2025-01-02,MACH_000902,PROD_01194,LOC_00118,Night,238,3,0.0126,7.42,Completed
PROD_0276623,2025-04-07,MACH_000754,PROD_04471,LOC_00082,Morning,288,0,0.0,7.0,Completed
PROD_0025086,2024-11-13,MACH_000504,PROD_01626,LOC_00004,Night,172,4,0.0233,10.02,Completed
PROD_0168869,2022-04-14,MACH_000516,PROD_00901,LOC_00123,Night,149,6,0.0403,10.31,Completed
PROD_0294505,2026-05-30,MACH_000433,PROD_04206,LOC_00213,Morning,441,6,0.0136,11.48,Completed
PROD_0107582,2022-03-24,MACH_000610,PROD_01870,LOC_00156,Evening,71,0,0.0,6.6,Completed
PROD_0024073,2026-06-25,MACH_001206,PROD_04210,LOC_00043,Morning,69,1,0.0145,6.36,Completed
PROD_0073437,2025-08-03,MACH_000409,PROD_00183,LOC_00057,Evening,435,2,0.0046,3.06,Completed
PROD_0203490,2025-10-11,MACH_001115,PROD_02203,LOC_00007,Night,346,11,0.0318,6.54,Completed
PROD_0154999,2021-02-10,MACH_000710,PROD_00945,LOC_00195,Evening,407,10,0.0246,2.96,Completed
PROD_0219233,2024-10-03,MACH_000838,PROD_04742,LOC_00223,Evening,79,0,0.0,4.65,Completed
PROD_0290009,2022-06-24,MACH_000733,PROD_02844,LOC_00016,Night,373,4,0.0107,3.95,In Progress
PROD_0292123,2021-02-02,MACH_000351,PROD_02244,LOC_00012,Night,385,12,0.0312,10.31,Completed
PROD_0107828,2025-07-22,MACH_001408,PROD_02223,LOC_00173,Night,154,6,0.039,6.26,In Progress
PROD_0001745,2026-01-21,MACH_001452,PROD_04447,LOC_00013,Evening,127,2,0.0157,2.04,Completed
PROD_0216296,2022-11-23,MACH_001056,PROD_00291,LOC_00115,Morning,310,6,0.0194,2.06,Completed
PROD_0025368,2026-02-03,MACH_001411,PROD_00639,LOC_00053,Morning,218,1,0.0046,8.86,Completed
PROD_0150155,2025-04-21,MACH_001009,PROD_01929,LOC_00117,Night,356,9,0.0253,7.45,Completed
PROD_0286427,2026-06-12,MACH_001057,PROD_03630,LOC_00035,Morning,265,0,0.0,4.39,Completed
PROD_0098714,2023-07-29,MACH_000936,PROD_04148,LOC_00217,Morning,304,9,0.0296,9.66,Completed
PROD_0236509,2024-07-14,MACH_000105,PROD_01331,LOC_00227,Morning,404,0,0.0,10.62,Completed
PROD_0125348,2025-11-27,MACH_001077,PROD_00297,LOC_00053,Evening,460,15,0.0326,10.45,Completed
PROD_0297248,2021-03-23,MACH_001389,PROD_03919,LOC_00151,Morning,312,11,0.0353,2.98,Completed
PROD_0291372,2024-03-18,MACH_001480,PROD_01361,LOC_00138,Night,466,18,0.0386,7.96,Completed
PROD_0136958,2021-02-02,MACH_000520,PROD_01769,LOC_00040,Morning,427,2,0.0047,10.39,Completed
PROD_0160646,2021-07-08,MACH_001057,PROD_02012,LOC_00078,Morning,152,2,0.0132,3.91,Completed
PROD_0119710,2025-06-15,MACH_000916,PROD_01969,LOC_00077,Evening,265,0,0.0,3.73,UNKNOWN
PROD_0047179,2022-05-09,MACH_000303,PROD_04295,LOC_00205,Morning,489,0,0.0,10.77,Completed
PROD_0135442,2021-12-02,MACH_001064,PROD_00765,LOC_00208,Evening,200,4,0.02,5.76,Completed
PROD_0022215,2023-03-05,MACH_000562,PROD_03082,LOC_00047,Night,195,8,0.041,2.58,Completed
PROD_0068715,2024-06-21,MACH_001252,PROD_02745,LOC_00091,Morning,449,9,0.02,4.85,Completed
PROD_0216321,2022-10-25,MACH_001433,PROD_04376,LOC_00239,Evening,496,15,0.0302,2.28,Completed
PROD_0249072,2023-10-18,MACH_001073,PROD_02702,LOC_00017,Evening,249,8,0.0321,2.08,Completed
PROD_0296337,2023-11-01,MACH_000727,PROD_04215,LOC_00076,Morning,280,7,0.025,10.41,Completed
PROD_0105503,2022-04-06,MACH_001462,PROD_03730,LOC_00127,Evening,206,0,0.0,11.37,Completed
PROD_0085711,2021-10-17,MACH_001386,PROD_00508,LOC_00076,Morning,221,5,0.0226,6.14,Completed
PROD_0038224,2026-05-11,MACH_001369,PROD_03206,LOC_00227,Night,328,6,0.0183,7.87,Completed
PROD_0034434,2026-04-16,MACH_001179,PROD_03584,LOC_00200,Evening,371,13,0.035,2.02,Completed
PROD_0271813,2023-12-10,MACH_000544,PROD_04818,LOC_00007,Night,99,3,0.0303,6.67,Completed
PROD_0252840,2025-12-21,MACH_000938,PROD_00731,LOC_00182,Night,350,3,0.0086,6.73,In Progress
PROD_0177258,2024-09-26,MACH_000452,PROD_03104,LOC_00019,Night,122,5,0.041,8.28,In Progress
PROD_0154243,2021-08-24,MACH_000690,PROD_00678,LOC_00093,Evening,340,13,0.0382,4.43,Completed
PROD_0112113,2022-11-11,MACH_000670,PROD_04058,LOC_00233,Evening,73,0,0.0,7.05,Completed
PROD_0222379,2022-07-15,MACH_000766,PROD_02160,LOC_00143,Evening,87,3,0.0345,9.11,Completed
PROD_0139596,2022-03-29,MACH_000609,PROD_03031,LOC_00016,Evening,402,15,0.0373,4.37,In Progress
PROD_0252808,2024-03-24,MACH_001017,PROD_01210,LOC_00184,Morning,494,18,0.0364,10.71,Completed
PROD_0166792,2024-08-06,MACH_001386,PROD_04348,LOC_00018,Morning,221,1,0.0045,10.82,Completed
PROD_0056648,2021-06-28,MACH_001243,PROD_01547,LOC_00085,Evening,177,6,0.0339,6.15,Completed
PROD_0158310,2025-10-08,MACH_001335,PROD_00518,LOC_00024,Morning,413,18,0.0436,7.61,Completed
PROD_0126886,2022-03-01,MACH_001403,PROD_02769,LOC_00083,Morning,158,4,0.0253,8.43,Completed
PROD_0088103,2025-08-24,MACH_000568,PROD_00157,LOC_00036,Evening,82,3,0.0366,4.29,Completed
PROD_0134479,2026-04-23,MACH_000844,PROD_00807,LOC_00096,Morning,477,10,0.021,3.38,Completed
PROD_0068243,2025-09-07,MACH_000180,PROD_03924,LOC_00248,Evening,253,0,0.0,11.65,Completed
PROD_0126290,2025-06-17,MACH_001009,PROD_00678,LOC_00087,Morning,320,7,0.0219,8.93,UNKNOWN
PROD_0003798,2026-03-20,MACH_001363,PROD_00351,LOC_00137,Morning,373,2,0.0054,4.29,Completed
PROD_0090779,2026-03-26,MACH_000876,PROD_00079,LOC_00239,Night,339,2,0.0059,7.91,Completed
PROD_0095675,2023-10-21,MACH_001364,PROD_03237,LOC_00215,Morning,364,3,0.0082,4.39,UNKNOWN
PROD_0047454,2022-03-09,MACH_000092,PROD_04940,LOC_00011,Evening,308,2,0.0065,8.47,Completed
PROD_0060350,2025-03-12,MACH_000486,PROD_00758,LOC_00034,Night,284,2,0.007,5.51,UNKNOWN
PROD_0061668,2025-02-22,MACH_001105,PROD_04683,LOC_00155,Night,157,0,0.0,11.76,Completed
PROD_0201404,2022-04-29,MACH_000339,PROD_02604,LOC_00147,Evening,323,6,0.0186,9.95,Completed
PROD_0237241,2022-08-31,MACH_000696,PROD_01925,LOC_00004,Night,422,9,0.0213,7.94,UNKNOWN
PROD_0097941,2021-04-22,MACH_000136,PROD_03785,LOC_00135,Night,79,0,0.0,5.84,Completed
PROD_0284290,2023-04-10,MACH_001362,PROD_01372,LOC_00177,Night,212,4,0.0189,6.68,Completed
PROD_0285151,2025-10-03,MACH_001315,PROD_00177,LOC_00238,Night,129,0,0.0,3.13,Completed
PROD_0266416,2021-07-14,MACH_000825,PROD_03792,LOC_00198,Evening,411,7,0.017,6.35,Completed
PROD_0259437,2021-08-18,MACH_001385,PROD_00329,LOC_00225,Night,171,5,0.0292,3.94,Completed
PROD_0094330,2022-07-07,MACH_001203,PROD_00304,LOC_00243,Night,289,6,0.0208,2.48,In Progress
PROD_0019011,2022-08-15,MACH_000604,PROD_01473,LOC_00008,Night,91,3,0.033,6.77,Completed
PROD_0058498,2024-10-20,MACH_000192,PROD_00962,LOC_00033,Evening,340,0,0.0,5.93,Completed
PROD_0183584,2025-03-13,MACH_000129,PROD_01379,LOC_00156,Evening,458,14,0.0306,7.88,Completed
PROD_0286444,2021-02-27,MACH_001083,PROD_04082,LOC_00055,Night,412,11,0.0267,7.15,In Progress
PROD_0289664,2021-08-12,MACH_000041,PROD_04825,LOC_00221,Morning,486,9,0.0185,11.78,UNKNOWN
PROD_0044244,2022-06-11,MACH_001472,PROD_04909,LOC_00054,Morning,300,14,0.0467,7.43,UNKNOWN
PROD_0185885,2021-10-26,MACH_000501,PROD_01264,LOC_00177,Night,453,11,0.0243,4.17,Completed
PROD_0114070,2022-12-13,MACH_000012,PROD_01758,LOC_00116,Morning,260,3,0.0115,2.73,Completed
PROD_0119164,2023-03-04,MACH_001105,PROD_02399,LOC_00046,Morning,222,7,0.0315,9.74,Completed
PROD_0017696,2024-08-03,MACH_001358,PROD_02431,LOC_00012,Night,327,4,0.0122,10.75,Completed
PROD_0230962,2022-10-20,MACH_001244,PROD_03715,LOC_00203,Night,403,4,0.0099,3.84,Completed
PROD_0068213,2021-08-27,MACH_000983,PROD_00103,LOC_00202,Morning,129,3,0.0233,10.03,In Progress
PROD_0141022,2025-02-11,MACH_001438,PROD_02294,LOC_00022,Night,84,1,0.0119,9.39,Completed
PROD_0003463,2024-10-05,MACH_001296,PROD_03098,LOC_00237,Evening,388,15,0.0387,11.74,UNKNOWN
PROD_0190352,2025-08-28,MACH_001279,PROD_01016,LOC_00248,Evening,203,8,0.0394,5.53,Completed
PROD_0121060,2025-10-30,MACH_001056,PROD_03307,LOC_00153,Evening,459,11,0.024,3.39,Completed
PROD_0215147,2023-09-20,MACH_000030,PROD_02739,LOC_00119,Morning,484,7,0.0145,8.35,Completed
PROD_0061443,2021-04-14,MACH_001011,PROD_01733,LOC_00222,Evening,177,0,0.0,3.88,UNKNOWN
PROD_0050567,2021-06-23,MACH_000076,PROD_04443,LOC_00036,Evening,95,2,0.0211,10.84,In Progress
PROD_0046364,2023-11-24,MACH_000978,PROD_03408,LOC_00018,Morning,440,13,0.0295,9.8,Completed
PROD_0031868,2023-04-07,MACH_000470,PROD_04143,LOC_00213,Evening,428,10,0.0234,10.39,Completed
PROD_0179396,2021-08-11,MACH_001149,PROD_00067,LOC_00101,Morning,338,4,0.0118,2.4,Completed
PROD_0299068,2025-11-25,MACH_000041,PROD_03265,LOC_00221,Morning,199,5,0.0251,8.87,Completed
PROD_0137121,2025-03-27,MACH_001386,PROD_04305,LOC_00137,Morning,364,1,0.0027,3.83,Completed
PROD_0104582,2024-11-04,MACH_000934,PROD_01522,LOC_00017,Night,124,4,0.0323,3.19,Completed
PROD_0282401,2025-06-23,MACH_000346,PROD_02607,LOC_00136,Night,418,4,0.0096,8.81,UNKNOWN
PROD_0215130,2021-01-23,MACH_000017,PROD_03564,LOC_00037,Evening,257,9,0.035,3.71,Completed
PROD_0111878,2023-10-19,MACH_000296,PROD_01455,LOC_00058,Evening,289,10,0.0346,8.53,In Progress
PROD_0157077,2021-07-10,MACH_000817,PROD_01153,LOC_00106,Morning,398,5,0.0126,11.7,Completed
PROD_0085576,2024-12-03,MACH_000231,PROD_02203,LOC_00182,Night,288,7,0.0243,8.57,Completed
PROD_0200878,2023-11-22,MACH_000745,PROD_04766,LOC_00211,Morning,165,6,0.0364,3.64,Completed
PROD_0286941,2024-12-25,MACH_000139,PROD_02366,LOC_00229,Evening,478,6,0.0126,10.19,Completed
PROD_0226267,2026-03-08,MACH_000477,PROD_00550,LOC_00019,Night,415,14,0.0337,2.65,Completed
PROD_0115571,2024-11-08,MACH_001341,PROD_00972,LOC_00195,Evening,318,0,0.0,11.47,UNKNOWN
PROD_0295243,2026-06-07,MACH_001346,PROD_04101,LOC_00064,Night,190,1,0.0053,7.28,Completed
PROD_0279412,2025-11-27,MACH_000432,PROD_03144,LOC_00143,Evening,269,5,0.0186,4.98,Completed
PROD_0209811,2022-09-14,MACH_000058,PROD_02514,LOC_00096,Morning,308,10,0.0325,6.69,Completed
PROD_0162865,2026-03-14,MACH_000294,PROD_04163,LOC_00198,Evening,365,7,0.0192,7.97,Completed
PROD_0186114,2023-11-28,MACH_000306,PROD_01823,LOC_00017,Evening,174,1,0.0057,7.85,Completed
PROD_0219368,2025-05-15,MACH_001091,PROD_03271,LOC_00122,Night,416,1,0.0024,3.92,Completed
PROD_0076890,2021-06-27,MACH_000844,PROD_01906,LOC_00110,Night,453,14,0.0309,7.71,Completed
PROD_0201398,2024-09-01,MACH_001365,PROD_04736,LOC_00100,Evening,390,5,0.0128,5.62,Completed
PROD_0289860,2026-02-07,MACH_000198,PROD_02227,LOC_00169,Evening,109,2,0.0183,4.92,Completed
PROD_0052077,2023-10-19,MACH_001387,PROD_02809,LOC_00035,Evening,339,4,0.0118,3.35,Completed
PROD_0219264,2024-09-15,MACH_001197,PROD_04070,LOC_00158,Night,402,6,0.0149,7.69,UNKNOWN
PROD_0138053,2025-07-22,MACH_000843,PROD_02715,LOC_00122,Morning,182,1,0.0055,7.8,Completed
PROD_0177105,2024-11-03,MACH_000332,PROD_02359,LOC_00207,Evening,112,1,0.0089,5.44,Completed
PROD_0245925,2021-12-23,MACH_000500,PROD_01433,LOC_00065,Evening,368,17,0.0462,10.61,In Progress
PROD_0209385,2021-09-09,MACH_000653,PROD_01116,LOC_00205,Evening,391,12,0.0307,6.56,UNKNOWN
PROD_0139811,2023-11-20,MACH_000282,PROD_03499,LOC_00162,Night,109,0,0.0,8.75,Completed
PROD_0142457,2022-09-03,MACH_000336,PROD_03145,LOC_00089,Night,155,5,0.0323,8.13,Completed
PROD_0253321,2021-09-24,MACH_000685,PROD_04859,LOC_00125,Evening,306,2,0.0065,9.12,Completed
PROD_0221836,2023-05-20,MACH_001484,PROD_01157,LOC_00115,Night,141,4,0.0284,9.77,UNKNOWN
PROD_0242544,2024-01-05,MACH_000086,PROD_01416,LOC_00241,Morning,350,15,0.0429,10.92,Completed
PROD_0074051,2026-02-14,MACH_000753,PROD_04044,LOC_00096,Evening,397,12,0.0302,8.43,Completed
PROD_0068322,2021-11-15,MACH_001342,PROD_02742,LOC_00108,Morning,245,9,0.0367,2.93,Completed
PROD_0192888,2025-02-23,MACH_001281,PROD_01855,LOC_00242,Morning,459,1,0.0022,4.52,Completed
PROD_0085697,2024-08-10,MACH_000293,PROD_01692,LOC_00081,Evening,279,10,0.0358,6.28,Completed
PROD_0147500,2025-06-14,MACH_000772,PROD_02092,LOC_00218,Evening,209,5,0.0239,7.83,Completed
PROD_0073173,2022-08-13,MACH_000953,PROD_02277,LOC_00022,Evening,465,3,0.0065,3.27,Completed
PROD_0167300,2022-07-18,MACH_000684,PROD_04166,LOC_00105,Evening,65,0,0.0,2.14,Completed
PROD_0041294,2024-01-02,MACH_001260,PROD_01186,LOC_00163,Night,293,6,0.0205,5.12,Completed
PROD_0284793,2023-03-07,MACH_000450,PROD_04635,LOC_00221,Morning,254,4,0.0157,11.86,Completed
PROD_0118962,2023-06-15,MACH_000141,PROD_00772,LOC_00218,Night,453,2,0.0044,3.53,Completed
PROD_0208576,2023-01-20,MACH_000358,PROD_02320,LOC_00231,Night,97,1,0.0103,2.54,Completed
PROD_0212126,2024-07-29,MACH_000652,PROD_03391,LOC_00112,Night,222,1,0.0045,2.85,Completed
PROD_0266412,2023-05-14,MACH_001303,PROD_00630,LOC_00223,Night,460,10,0.0217,3.97,Completed
PROD_0258151,2022-04-20,MACH_001102,PROD_01881,LOC_00238,Evening,62,1,0.0161,9.91,Completed
PROD_0043487,2025-07-02,MACH_000546,PROD_02871,LOC_00242,Night,184,0,0.0,6.46,UNKNOWN
PROD_0102662,2024-01-20,MACH_000467,PROD_02589,LOC_00188,Morning,321,11,0.0343,10.63,Completed
PROD_0219386,2022-06-02,MACH_001148,PROD_03207,LOC_00135,Morning,112,2,0.0179,3.78,In Progress
PROD_0234092,2024-01-25,MACH_000234,PROD_00024,LOC_00210,Night,112,4,0.0357,2.35,Completed
PROD_0214554,2023-04-09,MACH_000436,PROD_01927,LOC_00193,Night,333,0,0.0,9.33,Completed
PROD_0155139,2021-02-14,MACH_001016,PROD_04944,LOC_00174,Night,335,8,0.0239,6.42,Completed
PROD_0179990,2022-05-30,MACH_001132,PROD_01346,LOC_00132,Evening,58,0,0.0,7.87,Completed
PROD_0083183,2021-03-22,MACH_000243,PROD_02192,LOC_00035,Night,312,2,0.0064,7.96,Completed
PROD_0157019,2021-05-28,MACH_001340,PROD_01675,LOC_00135,Evening,125,5,0.04,10.98,Completed
PROD_0200101,2022-12-17,MACH_000467,PROD_02416,LOC_00135,Night,178,6,0.0337,9.88,Completed
PROD_0222022,2024-10-09,MACH_000127,PROD_03959,LOC_00079,Morning,263,1,0.0038,7.71,Completed
PROD_0029204,2026-03-01,MACH_000371,PROD_02794,LOC_00143,Night,226,1,0.0044,4.53,Completed
PROD_0187268,2021-08-01,MACH_000107,PROD_02824,LOC_00081,Evening,410,18,0.0439,8.09,In Progress
PROD_0157689,2023-01-26,MACH_001403,PROD_04196,LOC_00175,Evening,60,2,0.0333,3.23,In Progress
PROD_0202132,2023-06-22,MACH_000323,PROD_02686,LOC_00121,Night,228,3,0.0132,3.46,Completed
PROD_0150614,2023-10-14,MACH_000887,PROD_04421,LOC_00162,Night,484,22,0.0455,4.24,Completed
PROD_0060952,2022-01-03,MACH_001005,PROD_03661,LOC_00168,Night,120,0,0.0,5.69,UNKNOWN
PROD_0297579,2026-06-13,MACH_000868,PROD_04520,LOC_00218,Morning,311,4,0.0129,11.64,Completed
PROD_0156156,2022-12-06,MACH_001450,PROD_04924,LOC_00008,Morning,61,2,0.0328,5.03,Completed
PROD_0145628,2023-09-04,MACH_000344,PROD_03832,LOC_00096,Night,481,3,0.0062,3.43,Completed
PROD_0201919,2023-11-13,MACH_000560,PROD_00891,LOC_00074,Evening,272,10,0.0368,5.55,Completed
PROD_0042089,2021-10-10,MACH_000968,PROD_03429,LOC_00013,Morning,248,2,0.0081,5.87,Completed
PROD_0292752,2022-11-15,MACH_000505,PROD_00416,LOC_00197,Morning,60,2,0.0333,3.22,Completed
PROD_0059439,2022-09-29,MACH_000670,PROD_01826,LOC_00160,Night,338,15,0.0444,9.29,Completed
PROD_0208721,2024-02-06,MACH_000582,PROD_03592,LOC_00147,Evening,425,1,0.0024,4.53,Completed
PROD_0206934,2023-09-03,MACH_000608,PROD_04332,LOC_00185,Morning,236,9,0.0381,8.45,Completed
PROD_0081203,2025-02-27,MACH_000138,PROD_01421,LOC_00247,Morning,408,15,0.0368,11.99,Completed
PROD_0035989,2025-10-20,MACH_001462,PROD_04124,LOC_00083,Morning,424,10,0.0236,3.24,Completed
PROD_0206229,2021-02-23,MACH_000171,PROD_04778,LOC_00149,Morning,492,10,0.0203,8.66,Completed
PROD_0194590,2023-03-15,MACH_000747,PROD_02639,LOC_00010,Morning,314,7,0.0223,2.9,Completed
PROD_0239305,2022-07-18,MACH_001388,PROD_00470,LOC_00216,Morning,346,11,0.0318,7.18,Completed
PROD_0195784,2024-04-29,MACH_001142,PROD_00981,LOC_00031,Evening,118,0,0.0,2.14,In Progress
PROD_0046696,2022-10-06,MACH_000162,PROD_01819,LOC_00113,Morning,308,4,0.013,7.79,Completed
PROD_0267162,2025-01-06,MACH_000288,PROD_04781,LOC_00137,Evening,477,7,0.0147,11.18,Completed
PROD_0084082,2025-02-16,MACH_000291,PROD_03141,LOC_00210,Morning,476,11,0.0231,9.27,Completed
PROD_0135445,2021-04-03,MACH_001120,PROD_01413,LOC_00141,Morning,148,2,0.0135,11.22,Completed
PROD_0209633,2022-04-26,MACH_000502,PROD_00532,LOC_00220,Night,434,7,0.0161,6.54,Completed
PROD_0165423,2025-06-03,MACH_000501,PROD_00630,LOC_00163,Night,443,19,0.0429,2.2,Completed
PROD_0013208,2025-02-16,MACH_001465,PROD_03834,LOC_00011,Morning,323,7,0.0217,10.45,Completed
PROD_0127177,2025-02-07,MACH_000153,PROD_01122,LOC_00009,Morning,132,5,0.0379,2.49,UNKNOWN
PROD_0004912,2025-05-06,MACH_000285,PROD_01186,LOC_00078,Evening,489,1,0.002,6.1,Completed
PROD_0042527,2025-11-16,MACH_000170,PROD_03428,LOC_00156,Evening,55,0,0.0,2.38,Completed
PROD_0045359,2026-02-09,MACH_000238,PROD_01064,LOC_00220,Night,276,4,0.0145,8.77,Completed
PROD_0151719,2024-03-05,MACH_000547,PROD_03434,LOC_00202,Evening,413,1,0.0024,4.22,Completed
PROD_0028914,2024-08-01,MACH_000843,PROD_01212,LOC_00204,Evening,208,1,0.0048,10.18,Completed
PROD_0206118,2024-11-21,MACH_001269,PROD_02222,LOC_00234,Night,357,9,0.0252,2.05,UNKNOWN
PROD_0102350,2024-05-14,MACH_000140,PROD_03224,LOC_00233,Night,302,13,0.043,8.36,Completed
PROD_0010309,2023-05-16,MACH_000875,PROD_02090,LOC_00159,Morning,213,4,0.0188,7.06,Completed
PROD_0054836,2024-01-25,MACH_000472,PROD_00610,LOC_00221,Evening,282,6,0.0213,11.43,Completed
PROD_0130501,2023-12-08,MACH_001141,PROD_04712,LOC_00049,Night,201,7,0.0348,4.63,Completed
PROD_0253738,2024-11-23,MACH_000682,PROD_02940,LOC_00221,Morning,366,12,0.0328,4.62,Completed
PROD_0040381,2021-01-16,MACH_000300,PROD_03244,LOC_00095,Morning,149,6,0.0403,8.15,Completed
PROD_0121487,2025-06-29,MACH_000368,PROD_01082,LOC_00239,Night,488,19,0.0389,7.31,Completed
PROD_0040348,2024-09-18,MACH_001030,PROD_00776,LOC_00054,Evening,118,3,0.0254,8.62,Completed
PROD_0177076,2021-09-27,MACH_001158,PROD_01786,LOC_00140,Night,290,0,0.0,6.78,Completed
PROD_0038301,2021-02-07,MACH_000585,PROD_04666,LOC_00141,Evening,68,0,0.0,8.9,Completed
PROD_0271076,2024-06-11,MACH_000208,PROD_04505,LOC_00091,Night,58,0,0.0,5.01,Completed
PROD_0287678,2024-03-26,MACH_000613,PROD_00277,LOC_00058,Night,301,0,0.0,11.7,Completed
PROD_0143120,2021-10-23,MACH_001417,PROD_01020,LOC_00017,Night,300,11,0.0367,11.57,Completed
PROD_0142662,2022-03-05,MACH_000002,PROD_04348,LOC_00163,Night,399,2,0.005,6.62,Completed
PROD_0100108,2022-06-10,MACH_000861,PROD_00183,LOC_00081,Morning,442,8,0.0181,9.15,Completed
PROD_0104643,2021-07-07,MACH_000863,PROD_04775,LOC_00162,Evening,390,0,0.0,5.64,Completed
PROD_0053019,2026-06-28,MACH_000928,PROD_02177,LOC_00047,Evening,117,2,0.0171,10.17,UNKNOWN
PROD_0021828,2022-10-04,MACH_000050,PROD_03090,LOC_00249,Night,132,3,0.0227,8.18,Completed
PROD_0171661,2023-06-22,MACH_000433,PROD_01027,LOC_00099,Morning,146,6,0.0411,2.91,Completed
PROD_0089100,2025-03-07,MACH_000966,PROD_01526,LOC_00120,Evening,367,4,0.0109,5.45,Completed
PROD_0155460,2024-08-17,MACH_000156,PROD_00150,LOC_00117,Night,481,19,0.0395,4.87,Completed
PROD_0113978,2023-12-29,MACH_000368,PROD_04956,LOC_00028,Evening,280,7,0.025,10.19,Completed
PROD_0184737,2026-06-24,MACH_000622,PROD_02424,LOC_00146,Night,75,2,0.0267,2.93,Completed
PROD_0154512,2021-11-14,MACH_000612,PROD_04697,LOC_00231,Evening,435,11,0.0253,7.46,Completed
PROD_0241960,2022-07-09,MACH_000867,PROD_02570,LOC_00154,Evening,451,15,0.0333,7.41,Completed
PROD_0296445,2022-08-08,MACH_000702,PROD_03821,LOC_00027,Evening,212,1,0.0047,3.08,Completed
PROD_0233216,2023-05-19,MACH_000474,PROD_00443,LOC_00236,Night,448,1,0.0022,8.83,Completed
PROD_0167941,2021-11-06,MACH_000505,PROD_04713,LOC_00198,Evening,366,16,0.0437,9.14,Completed
PROD_0096728,2023-07-09,MACH_001461,PROD_02393,LOC_00018,Night,203,5,0.0246,4.88,Completed
PROD_0183858,2025-10-14,MACH_000881,PROD_01719,LOC_00064,Evening,90,0,0.0,6.45,Completed
PROD_0020766,2021-11-29,MACH_000267,PROD_00763,LOC_00129,Night,52,0,0.0,9.65,Completed
PROD_0261425,2024-11-27,MACH_000889,PROD_04961,LOC_00002,Night,122,1,0.0082,2.12,In Progress
PROD_0138209,2024-09-15,MACH_001124,PROD_03247,LOC_00211,Night,111,2,0.018,7.16,Completed
PROD_0036476,2023-07-19,MACH_001274,PROD_02606,LOC_00226,Night,404,8,0.0198,5.22,Completed
PROD_0298196,2022-12-18,MACH_000473,PROD_00501,LOC_00182,Night,119,2,0.0168,10.51,Completed
PROD_0240048,2026-03-07,MACH_000951,PROD_04502,LOC_00246,Evening,241,0,0.0,3.19,Completed
PROD_0177402,2022-05-27,MACH_000211,PROD_04317,LOC_00128,Morning,296,3,0.0101,8.67,Completed
PROD_0117665,2022-03-08,MACH_000128,PROD_00128,LOC_00017,Night,163,0,0.0,2.97,Completed
PROD_0176749,2025-01-22,MACH_000428,PROD_03008,LOC_00171,Night,439,3,0.0068,3.96,UNKNOWN
PROD_0272851,2022-07-17,MACH_000518,PROD_03303,LOC_00149,Evening,162,4,0.0247,2.34,Completed
PROD_0227390,2022-01-20,MACH_000707,PROD_01750,LOC_00128,Evening,397,2,0.005,6.76,Completed
PROD_0043025,2024-01-16,MACH_000364,PROD_02353,LOC_00098,Night,335,0,0.0,6.2,UNKNOWN
PROD_0032331,2023-11-21,MACH_000394,PROD_01611,LOC_00219,Evening,285,7,0.0246,11.96,Completed
PROD_0043463,2025-05-25,MACH_000148,PROD_03879,LOC_00218,Morning,487,4,0.0082,4.83,Completed
PROD_0289098,2022-08-03,MACH_001424,PROD_01409,LOC_00085,Morning,471,0,0.0,8.43,Completed
PROD_0278025,2025-07-26,MACH_001057,PROD_00202,LOC_00122,Morning,184,3,0.0163,9.21,Failed
PROD_0252248,2024-11-01,MACH_001480,PROD_04655,LOC_00142,Morning,456,16,0.0351,2.6,UNKNOWN
PROD_0119006,2021-12-05,MACH_001273,PROD_04728,LOC_00134,Night,295,4,0.0136,3.67,Completed
PROD_0116204,2024-12-26,MACH_000662,PROD_00073,LOC_00025,Evening,491,3,0.0061,7.76,Completed
PROD_0267652,2023-07-11,MACH_001433,PROD_03938,LOC_00176,Night,408,8,0.0196,7.23,Completed
PROD_0222460,2021-09-10,MACH_000909,PROD_01725,LOC_00203,Morning,267,12,0.0449,8.1,Completed
PROD_0196845,2023-09-24,MACH_001234,PROD_00646,LOC_00088,Morning,145,4,0.0276,5.44,Completed
PROD_0160113,2021-06-08,MACH_001019,PROD_02632,LOC_00115,Evening,277,6,0.0217,6.06,In Progress
PROD_0281503,2025-04-11,MACH_001194,PROD_01099,LOC_00045,Evening,439,0,0.0,9.41,Failed
PROD_0233992,2022-02-13,MACH_000168,PROD_04166,LOC_00139,Evening,211,2,0.0095,11.33,Completed
PROD_0211351,2024-04-01,MACH_001019,PROD_01272,LOC_00142,Night,132,5,0.0379,3.47,Completed
PROD_0261712,2022-09-23,MACH_001493,PROD_00784,LOC_00102,Evening,284,0,0.0,11.18,Completed
PROD_0052756,2025-12-25,MACH_001382,PROD_03676,LOC_00003,Evening,419,12,0.0286,6.29,Completed
PROD_0297652,2022-09-18,MACH_001167,PROD_01624,LOC_00036,Morning,111,0,0.0,2.67,Completed
PROD_0041124,2025-12-07,MACH_000509,PROD_00067,LOC_00146,Night,351,8,0.0228,3.87,Completed
PROD_0009482,2023-01-10,MACH_001438,PROD_02048,LOC_00209,Evening,316,5,0.0158,2.77,Completed
PROD_0094325,2024-02-29,MACH_000311,PROD_01769,LOC_00232,Night,351,11,0.0313,3.75,Failed
PROD_0084859,2021-05-26,MACH_000930,PROD_02613,LOC_00086,Night,116,2,0.0172,2.3,Completed
PROD_0189154,2021-10-05,MACH_000595,PROD_04472,LOC_00205,Night,153,0,0.0,10.66,Completed
PROD_0071265,2025-06-27,MACH_001157,PROD_00492,LOC_00046,Night,277,4,0.0144,3.75,Completed
PROD_0028172,2024-12-23,MACH_001384,PROD_02473,LOC_00168,Evening,86,1,0.0116,3.35,Completed
PROD_0068600,2026-01-14,MACH_001175,PROD_00393,LOC_00194,Morning,321,8,0.0249,4.28,In Progress
PROD_0021588,2025-07-11,MACH_000490,PROD_04984,LOC_00120,Evening,60,1,0.0167,3.03,Completed
PROD_0193025,2023-02-13,MACH_000103,PROD_02777,LOC_00199,Night,268,1,0.0037,6.95,Completed
PROD_0288246,2022-04-29,MACH_000043,PROD_01132,LOC_00152,Evening,127,0,0.0,2.15,Completed
PROD_0038705,2021-11-29,MACH_000588,PROD_04309,LOC_00244,Night,425,14,0.0329,10.78,Completed
PROD_0172861,2025-01-12,MACH_000374,PROD_01069,LOC_00103,Night,329,6,0.0182,4.38,Completed
PROD_0150780,2025-10-19,MACH_000899,PROD_03463,LOC_00082,Night,395,0,0.0,11.21,Completed
PROD_0035638,2023-11-13,MACH_001434,PROD_04181,LOC_00097,Night,395,6,0.0152,10.12,Completed
PROD_0092600,2024-05-04,MACH_000886,PROD_00322,LOC_00006,Evening,219,3,0.0137,6.57,Completed
PROD_0026202,2026-01-24,MACH_000225,PROD_02550,LOC_00240,Night,284,5,0.0176,8.6,Failed
PROD_0091099,2022-09-11,MACH_000217,PROD_02536,LOC_00155,Evening,144,5,0.0347,8.85,Completed
PROD_0025122,2024-12-19,MACH_001269,PROD_01607,LOC_00028,Morning,156,1,0.0064,9.64,Completed
PROD_0107487,2022-02-22,MACH_000891,PROD_03735,LOC_00155,Morning,127,0,0.0,9.34,Completed
PROD_0198612,2024-11-09,MACH_000243,PROD_03633,LOC_00058,Evening,477,0,0.0,7.45,Completed
PROD_0013716,2023-01-08,MACH_000867,PROD_04060,LOC_00055,Night,120,2,0.0167,6.45,Completed
PROD_0290257,2021-06-04,MACH_000669,PROD_04341,LOC_00013,Morning,127,5,0.0394,7.01,Failed
PROD_0269805,2025-02-23,MACH_000953,PROD_02580,LOC_00020,Night,152,0,0.0,6.5,Completed
PROD_0245184,2023-12-19,MACH_001329,PROD_02254,LOC_00221,Morning,393,10,0.0254,9.16,Completed
PROD_0292352,2022-12-13,MACH_000569,PROD_03342,LOC_00089,Morning,458,10,0.0218,3.46,Completed
PROD_0051899,2025-02-17,MACH_000685,PROD_00410,LOC_00175,Evening,376,0,0.0,11.47,Completed
PROD_0071311,2022-09-08,MACH_001416,PROD_04058,LOC_00037,Night,426,19,0.0446,10.61,Completed
PROD_0227476,2025-08-05,MACH_001161,PROD_03402,LOC_00073,Evening,450,14,0.0311,7.91,Completed
PROD_0099308,2022-06-14,MACH_001443,PROD_02255,LOC_00008,Morning,298,6,0.0201,8.97,Completed
PROD_0169347,2025-05-20,MACH_001095,PROD_01716,LOC_00136,Morning,294,12,0.0408,5.07,Completed
PROD_0017885,2022-05-02,MACH_000731,PROD_03573,LOC_00250,Night,441,18,0.0408,7.02,Completed
PROD_0183425,2023-03-27,MACH_001132,PROD_02123,LOC_00018,Evening,201,4,0.0199,5.85,Completed
PROD_0251876,2025-04-26,MACH_000858,PROD_02557,LOC_00147,Night,485,8,0.0165,7.41,Completed
PROD_0253964,2025-04-14,MACH_000128,PROD_01215,LOC_00221,Morning,146,1,0.0068,10.6,Completed
PROD_0111927,2023-10-04,MACH_000507,PROD_04860,LOC_00240,Night,260,7,0.0269,3.84,Completed
PROD_0002905,2021-12-20,MACH_001173,PROD_04219,LOC_00036,Night,164,7,0.0427,3.97,Completed
PROD_0265207,2025-11-29,MACH_001343,PROD_03610,LOC_00150,Morning,200,5,0.025,3.97,UNKNOWN
PROD_0162384,2022-03-24,MACH_001151,PROD_04699,LOC_00098,Evening,478,21,0.0439,2.24,Completed
PROD_0257726,2021-09-05,MACH_001197,PROD_00036,LOC_00173,Morning,205,8,0.039,6.73,In Progress
PROD_0246831,2021-05-04,MACH_000512,PROD_01478,LOC_00195,Evening,483,15,0.0311,3.8,Completed
PROD_0280782,2023-08-11,MACH_000175,PROD_02126,LOC_00080,Morning,372,15,0.0403,4.48,Completed
PROD_0165511,2022-09-30,MACH_000502,PROD_03592,LOC_00106,Morning,240,10,0.0417,8.27,Completed
PROD_0173706,2023-12-15,MACH_000850,PROD_00789,LOC_00193,Evening,368,9,0.0245,3.81,Completed
PROD_0118309,2025-04-24,MACH_001042,PROD_01617,LOC_00244,Night,126,4,0.0317,11.93,Completed
PROD_0111920,2025-03-30,MACH_000371,PROD_04648,LOC_00047,Evening,280,3,0.0107,2.96,Completed
PROD_0133621,2024-11-02,MACH_001391,PROD_03541,LOC_00147,Morning,431,13,0.0302,9.73,Completed
PROD_0038199,2025-05-03,MACH_000948,PROD_04235,LOC_00063,Morning,86,0,0.0,6.76,Completed
PROD_0083304,2022-09-09,MACH_001225,PROD_04213,LOC_00187,Evening,448,6,0.0134,7.09,Completed
PROD_0217062,2025-04-24,MACH_001129,PROD_00154,LOC_00085,Morning,251,5,0.0199,7.7,Completed
PROD_0191186,2023-02-09,MACH_000771,PROD_04060,LOC_00229,Night,461,16,0.0347,9.8,Completed
PROD_0092874,2024-02-20,MACH_000330,PROD_01974,LOC_00089,Night,374,13,0.0348,6.92,Completed
PROD_0232987,2023-01-22,MACH_000719,PROD_01448,LOC_00093,Night,446,10,0.0224,5.03,Completed
PROD_0170369,2024-04-09,MACH_001424,PROD_02611,LOC_00019,Evening,368,15,0.0408,6.08,Completed
PROD_0112058,2022-03-14,MACH_000659,PROD_03944,LOC_00061,Morning,434,3,0.0069,11.24,Completed
PROD_0051515,2021-11-15,MACH_001210,PROD_02436,LOC_00007,Night,107,0,0.0,7.76,Completed
PROD_0202562,2025-12-18,MACH_000241,PROD_02024,LOC_00036,Night,491,20,0.0407,2.3,Completed
PROD_0011908,2025-07-08,MACH_000137,PROD_01087,LOC_00077,Night,336,9,0.0268,11.44,Completed
PROD_0128333,2022-10-26,MACH_000499,PROD_00240,LOC_00011,Morning,137,5,0.0365,2.28,Completed
PROD_0265580,2025-06-18,MACH_000329,PROD_00311,LOC_00101,Night,289,0,0.0,6.95,Completed
PROD_0012721,2022-01-31,MACH_001287,PROD_04481,LOC_00077,Night,55,1,0.0182,8.28,Completed
PROD_0073577,2022-06-21,MACH_000883,PROD_00638,LOC_00169,Morning,463,19,0.041,10.79,Completed
PROD_0058635,2022-03-13,MACH_001047,PROD_03820,LOC_00087,Evening,99,1,0.0101,8.13,UNKNOWN
PROD_0137979,2025-12-19,MACH_000222,PROD_02139,LOC_00152,Morning,415,6,0.0145,10.89,Completed
PROD_0236027,2026-03-24,MACH_001328,PROD_01470,LOC_00199,Night,496,9,0.0181,7.19,UNKNOWN
PROD_0133970,2023-04-03,MACH_001485,PROD_04742,LOC_00181,Morning,83,2,0.0241,2.92,Completed
PROD_0167934,2021-11-19,MACH_001024,PROD_01436,LOC_00205,Evening,472,10,0.0212,10.29,Completed
PROD_0048506,2024-08-15,MACH_001187,PROD_03196,LOC_00116,Night,54,0,0.0,11.26,Completed
PROD_0102302,2023-03-09,MACH_000128,PROD_02862,LOC_00101,Night,365,9,0.0247,2.39,Completed
PROD_0089642,2022-12-13,MACH_000907,PROD_00114,LOC_00239,Evening,482,15,0.0311,2.77,Completed
PROD_0212059,2024-02-25,MACH_000268,PROD_03092,LOC_00099,Night,276,4,0.0145,9.39,Completed
PROD_0283209,2024-02-26,MACH_000630,PROD_00390,LOC_00118,Evening,339,15,0.0442,9.93,Completed
PROD_0018585,2022-11-29,MACH_000810,PROD_00908,LOC_00021,Evening,429,1,0.0023,6.33,UNKNOWN
PROD_0032279,2025-05-15,MACH_000350,PROD_00288,LOC_00245,Evening,152,5,0.0329,6.6,Completed
PROD_0180600,2025-06-24,MACH_000937,PROD_02548,LOC_00182,Morning,314,5,0.0159,6.2,Completed
PROD_0090549,2021-06-24,MACH_000861,PROD_02080,LOC_00118,Morning,156,2,0.0128,3.6,In Progress
PROD_0131416,2022-11-07,MACH_000643,PROD_02937,LOC_00023,Morning,107,2,0.0187,7.85,Completed
PROD_0105317,2022-09-23,MACH_000229,PROD_04190,LOC_00200,Evening,330,4,0.0121,9.3,Completed
PROD_0055523,2024-12-08,MACH_001204,PROD_04871,LOC_00151,Night,461,9,0.0195,10.08,In Progress
PROD_0232517,2021-04-12,MACH_001429,PROD_04255,LOC_00185,Evening,300,9,0.03,7.3,In Progress
PROD_0119951,2025-04-11,MACH_000943,PROD_01593,LOC_00117,Morning,195,8,0.041,3.99,Completed
PROD_0008216,2021-10-18,MACH_001438,PROD_04087,LOC_00132,Evening,191,5,0.0262,8.01,Completed
PROD_0234229,2026-06-24,MACH_000544,PROD_00730,LOC_00085,Evening,417,5,0.012,2.45,Completed
PROD_0143111,2025-02-05,MACH_000455,PROD_02468,LOC_00168,Evening,139,5,0.036,2.68,Failed
PROD_0040655,2022-11-08,MACH_000401,PROD_03320,LOC_00001,Morning,386,10,0.0259,5.65,Completed
PROD_0201755,2022-08-27,MACH_000163,PROD_01598,LOC_00191,Night,343,1,0.0029,11.96,Completed
PROD_0087045,2022-06-01,MACH_000095,PROD_01009,LOC_00199,Night,181,2,0.011,9.94,Completed
PROD_0061427,2023-12-22,MACH_001270,PROD_01422,LOC_00016,Night,279,5,0.0179,6.19,Completed
PROD_0117758,2024-01-10,MACH_000977,PROD_00017,LOC_00184,Evening,344,13,0.0378,3.27,Completed
PROD_0158848,2021-08-05,MACH_000113,PROD_01436,LOC_00001,Morning,253,8,0.0316,4.59,Completed
PROD_0248442,2021-11-23,MACH_000207,PROD_03370,LOC_00125,Evening,471,15,0.0318,7.56,UNKNOWN
PROD_0034656,2024-06-12,MACH_001073,PROD_01949,LOC_00145,Night,490,22,0.0449,4.56,Completed
PROD_0058402,2025-04-23,MACH_000115,PROD_01223,LOC_00229,Evening,282,8,0.0284,8.76,Completed
PROD_0049264,2023-02-17,MACH_000624,PROD_03651,LOC_00092,Evening,145,1,0.0069,3.95,UNKNOWN
PROD_0139669,2024-08-01,MACH_000228,PROD_03951,LOC_00041,Morning,195,3,0.0154,6.83,Completed
PROD_0180158,2025-08-13,MACH_000847,PROD_04327,LOC_00078,Night,92,0,0.0,10.55,Completed
PROD_0096413,2024-05-21,MACH_000745,PROD_03953,LOC_00122,Morning,424,15,0.0354,8.72,Completed
PROD_0186593,2021-02-26,MACH_000891,PROD_03661,LOC_00185,Evening,230,2,0.0087,6.35,Completed
PROD_0120336,2022-03-10,MACH_000720,PROD_02917,LOC_00189,Evening,395,6,0.0152,9.05,In Progress
PROD_0258380,2025-07-08,MACH_000075,PROD_03088,LOC_00225,Morning,241,7,0.029,5.48,Completed
PROD_0261010,2022-11-27,MACH_000459,PROD_01211,LOC_00121,Evening,372,13,0.0349,7.43,Completed
PROD_0007019,2023-09-28,MACH_000015,PROD_00088,LOC_00216,Night,86,0,0.0,4.54,Completed
PROD_0007142,2022-02-11,MACH_000253,PROD_01630,LOC_00033,Evening,113,2,0.0177,8.41,Completed
PROD_0145078,2025-02-25,MACH_000999,PROD_02059,LOC_00240,Night,150,4,0.0267,4.67,Completed
PROD_0189366,2023-05-02,MACH_001233,PROD_01515,LOC_00211,Night,314,3,0.0096,4.45,Completed
PROD_0237810,2026-06-28,MACH_000773,PROD_00358,LOC_00136,Evening,125,1,0.008,5.1,Completed
PROD_0210805,2026-05-13,MACH_000873,PROD_00278,LOC_00245,Night,294,5,0.017,11.13,Completed
PROD_0135408,2021-09-10,MACH_000939,PROD_02942,LOC_00052,Night,204,2,0.0098,4.04,Completed
PROD_0187743,2023-08-12,MACH_001373,PROD_04586,LOC_00079,Night,276,12,0.0435,11.39,Completed
PROD_0211430,2024-02-16,MACH_001234,PROD_04813,LOC_00052,Evening,438,7,0.016,10.61,Completed
PROD_0205803,2024-09-20,MACH_000152,PROD_01166,LOC_00015,Morning,134,5,0.0373,3.54,Completed
PROD_0239361,2025-06-26,MACH_000036,PROD_01015,LOC_00143,Evening,169,0,0.0,5.78,Completed
PROD_0072404,2025-09-06,MACH_000934,PROD_04623,LOC_00228,Evening,495,3,0.0061,5.03,Completed
PROD_0193978,2025-03-17,MACH_000241,PROD_00560,LOC_00093,Morning,373,8,0.0214,3.5,Completed
PROD_0244566,2021-07-02,MACH_000518,PROD_04215,LOC_00011,Evening,377,8,0.0212,2.43,Failed
PROD_0135767,2021-07-05,MACH_000199,PROD_01164,LOC_00209,Morning,431,12,0.0278,6.9,Completed
PROD_0248169,2023-06-02,MACH_000480,PROD_02869,LOC_00164,Morning,409,2,0.0049,9.92,Completed
PROD_0082536,2023-10-26,MACH_000241,PROD_00720,LOC_00220,Morning,307,12,0.0391,4.17,Completed
PROD_0010164,2024-05-04,MACH_000338,PROD_01718,LOC_00093,Night,275,12,0.0436,9.4,Completed
PROD_0184270,2024-09-30,MACH_000702,PROD_00507,LOC_00082,Morning,82,0,0.0,11.86,Completed
PROD_0297510,2023-02-27,MACH_001070,PROD_02263,LOC_00188,Night,59,0,0.0,7.86,Completed
PROD_0112041,2026-04-03,MACH_000723,PROD_00392,LOC_00165,Morning,190,1,0.0053,2.88,Completed
PROD_0210281,2026-03-08,MACH_000814,PROD_00679,LOC_00136,Morning,334,0,0.0,9.82,Completed
PROD_0142226,2022-10-12,MACH_001445,PROD_04505,LOC_00197,Night,141,1,0.0071,6.06,Completed
PROD_0129198,2025-12-03,MACH_000793,PROD_00887,LOC_00224,Evening,416,2,0.0048,9.83,Completed
PROD_0030019,2026-03-04,MACH_000907,PROD_02078,LOC_00138,Evening,265,9,0.034,7.7,Completed
PROD_0002634,2024-10-01,MACH_000673,PROD_00741,LOC_00234,Morning,195,5,0.0256,11.42,UNKNOWN
PROD_0138713,2023-03-05,MACH_000493,PROD_04782,LOC_00118,Night,211,8,0.0379,8.2,Completed
PROD_0054890,2021-02-17,MACH_000567,PROD_00985,LOC_00098,Night,498,7,0.0141,4.48,Completed
PROD_0031597,2023-12-14,MACH_001149,PROD_01655,LOC_00015,Morning,69,1,0.0145,10.02,In Progress
PROD_0124774,2023-05-14,MACH_001045,PROD_03123,LOC_00219,Night,71,0,0.0,11.27,Completed
PROD_0298927,2025-03-13,MACH_000034,PROD_00196,LOC_00046,Evening,133,4,0.0301,7.24,Completed
PROD_0280550,2024-12-13,MACH_000332,PROD_00185,LOC_00001,Evening,426,20,0.0469,5.22,Completed
PROD_0244700,2026-05-10,MACH_000457,PROD_03983,LOC_00027,Evening,218,7,0.0321,4.39,Completed
PROD_0084594,2021-06-19,MACH_000500,PROD_02268,LOC_00156,Evening,456,14,0.0307,8.69,Completed
PROD_0106716,2025-06-18,MACH_000498,PROD_01166,LOC_00141,Evening,437,19,0.0435,10.9,Completed
PROD_0298258,2024-06-26,MACH_000313,PROD_04468,LOC_00001,Night,494,0,0.0,4.78,Completed
PROD_0126101,2025-01-21,MACH_000569,PROD_02709,LOC_00065,Night,366,9,0.0246,7.52,Completed
PROD_0059622,2024-06-24,MACH_001417,PROD_04868,LOC_00165,Night,418,7,0.0167,6.49,In Progress
PROD_0176703,2025-06-12,MACH_000872,PROD_03755,LOC_00070,Morning,369,4,0.0108,7.87,Completed
PROD_0246134,2022-05-06,MACH_001323,PROD_01889,LOC_00136,Evening,417,1,0.0024,3.62,Completed
PROD_0057688,2024-10-23,MACH_000704,PROD_03846,LOC_00103,Night,162,4,0.0247,6.1,Completed
PROD_0067978,2025-06-30,MACH_000747,PROD_01720,LOC_00029,Night,224,4,0.0179,8.16,Completed
PROD_0052509,2024-07-03,MACH_001318,PROD_01840,LOC_00167,Morning,170,0,0.0,7.27,Completed
PROD_0080779,2023-07-24,MACH_001348,PROD_00865,LOC_00122,Night,317,13,0.041,3.73,Completed
PROD_0015164,2024-04-03,MACH_000594,PROD_02513,LOC_00070,Morning,119,0,0.0,8.95,Completed
PROD_0019146,2025-04-16,MACH_000333,PROD_02274,LOC_00248,Evening,76,1,0.0132,4.33,Completed
PROD_0269310,2025-10-11,MACH_000288,PROD_04991,LOC_00213,Morning,54,1,0.0185,7.66,Completed
PROD_0042789,2021-04-22,MACH_000526,PROD_02007,LOC_00056,Night,88,3,0.0341,8.36,Completed
PROD_0111409,2024-05-08,MACH_000153,PROD_00269,LOC_00041,Evening,449,2,0.0045,4.67,Completed
PROD_0156523,2022-10-29,MACH_001321,PROD_02380,LOC_00009,Morning,185,8,0.0432,6.7,Completed
PROD_0096025,2024-10-19,MACH_000636,PROD_00397,LOC_00035,Evening,320,8,0.025,10.2,Completed
PROD_0252767,2021-07-12,MACH_000665,PROD_02633,LOC_00250,Night,237,6,0.0253,6.59,Completed
PROD_0148790,2022-08-05,MACH_000230,PROD_01433,LOC_00053,Evening,67,1,0.0149,4.93,Completed
PROD_0036140,2023-01-12,MACH_000767,PROD_03922,LOC_00108,Evening,488,9,0.0184,6.02,Failed
PROD_0014521,2025-11-08,MACH_000197,PROD_03239,LOC_00226,Morning,264,1,0.0038,4.55,Completed
PROD_0111324,2025-06-05,MACH_001043,PROD_03615,LOC_00245,Morning,296,7,0.0236,8.08,Completed
PROD_0273384,2024-03-27,MACH_000757,PROD_00614,LOC_00134,Morning,257,0,0.0,10.35,Completed
PROD_0279090,2022-06-30,MACH_000971,PROD_04494,LOC_00167,Evening,340,5,0.0147,3.9,Completed
PROD_0201477,2025-08-02,MACH_000516,PROD_02456,LOC_00016,Morning,477,18,0.0377,7.62,Completed
PROD_0282716,2021-09-15,MACH_001048,PROD_01716,LOC_00198,Morning,351,8,0.0228,8.65,Completed
PROD_0237183,2026-04-02,MACH_000246,PROD_01410,LOC_00128,Evening,362,15,0.0414,6.55,In Progress
PROD_0224158,2026-01-17,MACH_000430,PROD_00273,LOC_00109,Night,373,2,0.0054,9.64,Completed
PROD_0159540,2023-03-30,MACH_000779,PROD_03043,LOC_00008,Morning,421,17,0.0404,2.24,Completed
PROD_0017657,2025-02-22,MACH_001392,PROD_00200,LOC_00208,Evening,340,13,0.0382,6.27,Failed
PROD_0102849,2021-04-30,MACH_001061,PROD_00571,LOC_00213,Night,133,1,0.0075,8.17,Completed
PROD_0215770,2021-07-28,MACH_000393,PROD_04993,LOC_00012,Evening,217,9,0.0415,10.44,In Progress
PROD_0027514,2021-11-30,MACH_001000,PROD_01311,LOC_00087,Night,277,3,0.0108,11.48,Completed
PROD_0090658,2026-03-05,MACH_000907,PROD_03181,LOC_00037,Morning,111,3,0.027,6.33,Completed
PROD_0240438,2024-09-21,MACH_000434,PROD_00929,LOC_00128,Morning,155,3,0.0194,2.98,In Progress
PROD_0080721,2024-12-24,MACH_001361,PROD_04088,LOC_00170,Morning,317,7,0.0221,7.39,Completed
PROD_0211663,2026-05-20,MACH_000844,PROD_00435,LOC_00072,Morning,101,0,0.0,9.58,Completed
PROD_0164441,2021-06-26,MACH_000311,PROD_00184,LOC_00076,Morning,480,6,0.0125,2.68,Completed
PROD_0001046,2023-10-27,MACH_000661,PROD_00243,LOC_00241,Morning,170,4,0.0235,11.87,Completed
PROD_0203914,2023-10-18,MACH_000835,PROD_00825,LOC_00044,Evening,221,10,0.0452,9.7,In Progress
PROD_0177425,2022-11-10,MACH_000319,PROD_01581,LOC_00148,Morning,417,11,0.0264,11.06,Completed
PROD_0141973,2022-04-08,MACH_001272,PROD_01098,LOC_00126,Evening,383,12,0.0313,2.23,Completed
PROD_0062278,2022-06-09,MACH_000845,PROD_04309,LOC_00244,Evening,397,12,0.0302,6.31,Completed
PROD_0206498,2021-12-06,MACH_000254,PROD_04668,LOC_00201,Evening,471,22,0.0467,6.92,Completed
PROD_0082214,2022-10-13,MACH_000861,PROD_03172,LOC_00095,Night,416,18,0.0433,7.21,Completed
PROD_0179722,2025-04-05,MACH_000221,PROD_04084,LOC_00176,Morning,474,8,0.0169,5.86,Completed
PROD_0150600,2022-01-03,MACH_000221,PROD_00318,LOC_00061,Morning,283,13,0.0459,10.43,Completed
PROD_0024012,2023-07-20,MACH_000337,PROD_02070,LOC_00166,Evening,276,2,0.0072,8.73,In Progress
PROD_0108668,2023-10-05,MACH_000839,PROD_03718,LOC_00121,Morning,125,4,0.032,4.32,Completed
PROD_0110453,2022-12-13,MACH_001332,PROD_04776,LOC_00094,Night,268,9,0.0336,4.47,Completed
PROD_0293334,2025-04-18,MACH_000050,PROD_04766,LOC_00044,Morning,369,12,0.0325,10.31,Completed
PROD_0297574,2026-06-10,MACH_000632,PROD_01584,LOC_00187,Evening,204,8,0.0392,2.57,Completed
PROD_0133841,2021-12-23,MACH_000153,PROD_02988,LOC_00047,Morning,470,16,0.034,5.9,Completed
PROD_0038163,2022-11-07,MACH_001159,PROD_04812,LOC_00107,Morning,194,3,0.0155,10.63,Completed
PROD_0023565,2026-04-05,MACH_000699,PROD_02880,LOC_00001,Night,318,10,0.0314,3.25,Completed
PROD_0285964,2023-01-25,MACH_000179,PROD_01492,LOC_00004,Morning,210,8,0.0381,8.07,Completed
PROD_0127079,2025-04-20,MACH_000298,PROD_04433,LOC_00203,Morning,469,15,0.032,11.52,Completed
PROD_0190261,2023-07-10,MACH_000411,PROD_00271,LOC_00242,Night,136,2,0.0147,3.76,Completed
PROD_0004304,2024-11-06,MACH_001104,PROD_03693,LOC_00205,Evening,135,2,0.0148,3.62,Completed
PROD_0030320,2026-06-26,MACH_001401,PROD_03981,LOC_00145,Evening,138,3,0.0217,6.68,In Progress
PROD_0272891,2023-04-20,MACH_000085,PROD_01178,LOC_00105,Evening,206,0,0.0,7.62,UNKNOWN
PROD_0289641,2025-01-02,MACH_001373,PROD_01470,LOC_00154,Evening,212,5,0.0236,11.89,In Progress
PROD_0094497,2024-06-22,MACH_000445,PROD_00924,LOC_00001,Night,82,0,0.0,10.75,In Progress
PROD_0253137,2023-08-03,MACH_001208,PROD_00391,LOC_00175,Night,472,11,0.0233,9.86,Completed
PROD_0232024,2025-05-13,MACH_000272,PROD_04922,LOC_00245,Night,99,1,0.0101,7.08,Completed
PROD_0133164,2023-06-30,MACH_001274,PROD_03469,LOC_00149,Morning,199,4,0.0201,11.66,Completed
PROD_0105322,2024-10-26,MACH_000427,PROD_04329,LOC_00208,Morning,218,2,0.0092,5.09,Completed
PROD_0204592,2022-04-28,MACH_001380,PROD_00393,LOC_00078,Night,213,8,0.0376,9.74,Completed
PROD_0033344,2022-05-11,MACH_001197,PROD_01731,LOC_00003,Evening,136,4,0.0294,4.31,Completed
PROD_0205166,2025-06-06,MACH_001407,PROD_03916,LOC_00207,Evening,450,11,0.0244,10.22,Failed
PROD_0070538,2025-10-12,MACH_001041,PROD_00483,LOC_00067,Morning,424,1,0.0024,10.24,Completed
PROD_0180642,2024-03-25,MACH_000206,PROD_04091,LOC_00019,Morning,200,1,0.005,8.21,Completed
PROD_0009087,2023-07-24,MACH_000380,PROD_04553,LOC_00004,Night,424,14,0.033,3.93,Completed
PROD_0296961,2026-03-08,MACH_000002,PROD_03744,LOC_00156,Night,398,16,0.0402,2.1,Completed
PROD_0137217,2025-04-08,MACH_000352,PROD_02097,LOC_00123,Evening,303,1,0.0033,7.44,Completed
PROD_0017912,2022-05-15,MACH_000565,PROD_00831,LOC_00182,Evening,52,0,0.0,9.46,Completed
PROD_0005298,2022-04-20,MACH_001058,PROD_03553,LOC_00148,Night,285,6,0.0211,3.17,Completed
PROD_0264302,2023-08-23,MACH_000293,PROD_02305,LOC_00188,Night,137,1,0.0073,8.11,Completed
PROD_0132601,2024-05-30,MACH_000340,PROD_00712,LOC_00035,Morning,147,6,0.0408,2.14,Completed
PROD_0084576,2024-07-10,MACH_000138,PROD_03621,LOC_00010,Morning,375,2,0.0053,5.85,Completed
PROD_0041467,2024-09-28,MACH_000460,PROD_02287,LOC_00231,Night,335,8,0.0239,5.73,Completed
PROD_0085524,2021-07-17,MACH_000743,PROD_02674,LOC_00128,Night,92,0,0.0,7.86,Completed
PROD_0185355,2024-11-01,MACH_001184,PROD_03809,LOC_00183,Night,377,4,0.0106,5.38,Completed
PROD_0265457,2023-02-28,MACH_000358,PROD_03744,LOC_00116,Morning,81,2,0.0247,9.34,Completed
PROD_0039424,2025-12-02,MACH_000495,PROD_01788,LOC_00029,Morning,243,0,0.0,5.11,Completed
PROD_0026591,2026-01-06,MACH_001263,PROD_00421,LOC_00036,Night,338,12,0.0355,10.64,Completed
PROD_0266058,2021-10-14,MACH_001365,PROD_02277,LOC_00038,Evening,387,8,0.0207,9.93,Completed
PROD_0126127,2024-12-09,MACH_000510,PROD_01552,LOC_00132,Morning,311,13,0.0418,9.57,Completed
PROD_0293249,2021-03-27,MACH_000131,PROD_01102,LOC_00155,Night,342,6,0.0175,2.05,UNKNOWN
PROD_0263761,2024-05-22,MACH_000439,PROD_01762,LOC_00218,Night,283,7,0.0247,3.85,Completed
PROD_0131077,2025-03-01,MACH_000445,PROD_02811,LOC_00221,Evening,105,2,0.019,3.06,Completed
PROD_0005749,2024-06-24,MACH_000344,PROD_03170,LOC_00068,Evening,254,4,0.0157,9.51,Completed
PROD_0177058,2021-06-09,MACH_001000,PROD_04255,LOC_00020,Night,137,1,0.0073,11.82,Completed
PROD_0292387,2025-03-24,MACH_000380,PROD_02131,LOC_00086,Evening,386,0,0.0,5.02,Completed
PROD_0062912,2025-08-06,MACH_000698,PROD_02168,LOC_00239,Morning,398,8,0.0201,8.28,Failed
PROD_0124598,2025-01-21,MACH_000510,PROD_02312,LOC_00052,Night,361,13,0.036,8.04,Completed
PROD_0272475,2022-07-21,MACH_000209,PROD_04021,LOC_00066,Evening,129,0,0.0,7.22,Completed
PROD_0170411,2024-12-21,MACH_001209,PROD_00096,LOC_00008,Morning,282,4,0.0142,11.52,Completed
PROD_0282037,2022-12-14,MACH_001486,PROD_00708,LOC_00235,Evening,139,0,0.0,8.53,Completed
PROD_0147873,2025-07-06,MACH_000927,PROD_03377,LOC_00177,Evening,283,8,0.0283,5.67,Completed
PROD_0081149,2025-08-02,MACH_000690,PROD_00214,LOC_00032,Evening,338,11,0.0325,10.96,Completed
PROD_0206116,2026-03-26,MACH_000405,PROD_01369,LOC_00213,Night,295,9,0.0305,3.65,Completed
PROD_0062890,2025-11-23,MACH_000262,PROD_04603,LOC_00182,Evening,184,1,0.0054,7.32,UNKNOWN
PROD_0237249,2023-12-19,MACH_000507,PROD_04989,LOC_00100,Evening,68,0,0.0,6.59,Completed
PROD_0009629,2025-07-01,MACH_000511,PROD_00735,LOC_00038,Evening,257,1,0.0039,4.5,Completed
PROD_0178405,2022-03-29,MACH_000491,PROD_01217,LOC_00053,Evening,279,5,0.0179,3.76,Completed
PROD_0112269,2021-11-19,MACH_001309,PROD_04143,LOC_00215,Evening,183,6,0.0328,4.74,Completed
PROD_0273098,2023-08-19,MACH_000510,PROD_02906,LOC_00214,Evening,133,2,0.015,10.39,Completed
PROD_0145205,2025-02-06,MACH_000937,PROD_02264,LOC_00209,Evening,472,8,0.0169,6.22,Completed
PROD_0259560,2023-07-17,MACH_001095,PROD_01310,LOC_00141,Evening,337,7,0.0208,2.7,Completed
PROD_0298219,2024-06-30,MACH_001389,PROD_02444,LOC_00112,Night,119,0,0.0,9.36,Completed
PROD_0057494,2025-04-18,MACH_000699,PROD_01762,LOC_00153,Evening,117,3,0.0256,6.12,Failed
PROD_0056475,2023-08-18,MACH_001473,PROD_00032,LOC_00151,Night,267,9,0.0337,2.66,In Progress
PROD_0047011,2025-03-25,MACH_000668,PROD_01083,LOC_00010,Morning,430,2,0.0047,5.21,Completed
PROD_0212461,2021-05-30,MACH_000761,PROD_00107,LOC_00047,Night,374,17,0.0455,9.87,In Progress
PROD_0043150,2024-07-17,MACH_001236,PROD_02226,LOC_00108,Night,350,4,0.0114,2.18,Completed
PROD_0094498,2023-03-02,MACH_001059,PROD_01459,LOC_00151,Morning,62,0,0.0,9.44,Completed
PROD_0283417,2024-04-23,MACH_000388,PROD_01883,LOC_00008,Night,118,2,0.0169,5.44,Completed
PROD_0135303,2021-11-14,MACH_001321,PROD_03248,LOC_00213,Evening,496,8,0.0161,7.53,Completed
PROD_0198981,2022-07-14,MACH_000187,PROD_01218,LOC_00237,Night,332,8,0.0241,11.47,Completed
PROD_0129753,2025-10-22,MACH_001105,PROD_02600,LOC_00154,Evening,324,5,0.0154,10.99,Completed
PROD_0215030,2026-03-15,MACH_000702,PROD_02934,LOC_00137,Night,67,2,0.0299,6.55,Completed
PROD_0295663,2025-03-19,MACH_001300,PROD_00431,LOC_00008,Night,158,2,0.0127,6.08,Completed
PROD_0117866,2023-04-22,MACH_000108,PROD_03015,LOC_00041,Morning,423,9,0.0213,4.38,Completed
PROD_0213596,2022-07-20,MACH_001126,PROD_02328,LOC_00090,Night,285,7,0.0246,11.85,Completed
PROD_0291237,2023-07-08,MACH_000084,PROD_02678,LOC_00094,Evening,494,13,0.0263,5.32,Completed
PROD_0066566,2022-01-15,MACH_000398,PROD_01756,LOC_00037,Morning,282,13,0.0461,3.14,Completed
PROD_0239672,2021-09-03,MACH_000408,PROD_01416,LOC_00148,Morning,170,0,0.0,2.31,Completed
PROD_0260256,2022-01-11,MACH_000676,PROD_01414,LOC_00020,Night,466,3,0.0064,8.26,Completed
PROD_0272852,2023-11-18,MACH_001171,PROD_01414,LOC_00227,Night,239,4,0.0167,10.99,Completed
PROD_0070329,2022-08-06,MACH_000754,PROD_04173,LOC_00138,Evening,57,1,0.0175,4.36,Completed
PROD_0058394,2022-07-26,MACH_000605,PROD_01454,LOC_00144,Evening,409,1,0.0024,6.46,Completed
PROD_0158437,2023-08-05,MACH_001321,PROD_02891,LOC_00021,Evening,221,0,0.0,7.91,Completed
PROD_0208312,2022-11-02,MACH_001285,PROD_00069,LOC_00245,Evening,55,1,0.0182,6.94,Completed
PROD_0219729,2023-06-18,MACH_000878,PROD_02815,LOC_00048,Night,445,5,0.0112,8.43,Completed
PROD_0148917,2023-02-19,MACH_001235,PROD_04233,LOC_00017,Evening,190,1,0.0053,8.89,In Progress
PROD_0183499,2023-04-23,MACH_000541,PROD_04376,LOC_00179,Night,479,20,0.0418,7.66,Completed
PROD_0277408,2022-05-30,MACH_001110,PROD_00159,LOC_00049,Evening,261,7,0.0268,11.09,Completed
PROD_0224312,2024-12-01,MACH_000892,PROD_00234,LOC_00192,Evening,482,14,0.029,3.92,UNKNOWN
PROD_0092419,2023-03-17,MACH_001289,PROD_03373,LOC_00054,Evening,437,8,0.0183,2.28,Completed
PROD_0260179,2022-01-22,MACH_000935,PROD_04030,LOC_00197,Evening,347,15,0.0432,3.24,UNKNOWN
PROD_0079195,2025-03-19,MACH_001453,PROD_04825,LOC_00201,Morning,280,5,0.0179,9.13,Completed
PROD_0053936,2023-12-26,MACH_000632,PROD_00116,LOC_00116,Night,490,8,0.0163,2.63,Completed
PROD_0140612,2023-11-14,MACH_001305,PROD_02060,LOC_00182,Night,97,1,0.0103,7.07,Failed
PROD_0019998,2023-06-23,MACH_000569,PROD_02994,LOC_00167,Night,197,4,0.0203,3.13,Completed
PROD_0101449,2022-06-19,MACH_001167,PROD_04674,LOC_00145,Morning,317,12,0.0379,6.49,Completed
PROD_0159544,2024-12-15,MACH_000724,PROD_03285,LOC_00124,Evening,274,3,0.0109,3.29,Completed
PROD_0169985,2025-05-29,MACH_000744,PROD_03198,LOC_00003,Morning,50,1,0.02,7.34,Completed
PROD_0262667,2024-08-12,MACH_000014,PROD_00769,LOC_00150,Morning,323,2,0.0062,4.23,Completed
PROD_0015201,2023-09-13,MACH_000698,PROD_00485,LOC_00032,Night,247,1,0.004,11.13,Completed
PROD_0235892,2022-12-25,MACH_000320,PROD_04732,LOC_00218,Night,419,5,0.0119,10.06,Completed
PROD_0227076,2026-03-20,MACH_001267,PROD_04055,LOC_00240,Morning,388,7,0.018,3.08,Completed
PROD_0162462,2026-04-17,MACH_000753,PROD_03101,LOC_00204,Night,340,10,0.0294,6.65,Completed
PROD_0087983,2021-09-30,MACH_000897,PROD_03007,LOC_00131,Evening,409,1,0.0024,10.0,Completed
PROD_0248509,2023-06-16,MACH_000954,PROD_03513,LOC_00027,Night,301,6,0.0199,9.02,Completed
PROD_0223694,2025-05-10,MACH_000716,PROD_01674,LOC_00222,Evening,167,1,0.006,7.07,Failed
PROD_0020881,2023-07-19,MACH_001254,PROD_02206,LOC_00117,Night,444,3,0.0068,9.31,Completed
PROD_0097980,2025-05-17,MACH_000846,PROD_02077,LOC_00006,Night,435,1,0.0023,2.89,Completed
PROD_0030857,2023-01-03,MACH_001038,PROD_04879,LOC_00227,Morning,328,9,0.0274,5.66,Failed
PROD_0162079,2026-02-05,MACH_000462,PROD_03504,LOC_00045,Night,66,1,0.0152,8.35,Completed
PROD_0087754,2022-02-27,MACH_000373,PROD_02740,LOC_00178,Night,459,2,0.0044,10.24,Completed
PROD_0166067,2022-03-03,MACH_001325,PROD_01119,LOC_00109,Evening,227,10,0.0441,8.81,Completed
PROD_0187736,2023-04-03,MACH_001150,PROD_00222,LOC_00112,Evening,495,18,0.0364,2.94,Completed
PROD_0020430,2022-04-03,MACH_001007,PROD_00308,LOC_00129,Morning,383,3,0.0078,3.69,Completed
PROD_0116926,2022-01-08,MACH_001225,PROD_01194,LOC_00032,Morning,250,0,0.0,4.64,Completed
PROD_0111942,2024-10-13,MACH_000671,PROD_03427,LOC_00188,Night,161,5,0.0311,5.34,Completed
PROD_0220090,2025-09-28,MACH_000983,PROD_00765,LOC_00068,Night,489,19,0.0389,11.85,UNKNOWN
PROD_0071407,2025-03-19,MACH_000630,PROD_02899,LOC_00047,Morning,265,12,0.0453,11.59,Completed
PROD_0014286,2023-11-25,MACH_001382,PROD_04224,LOC_00047,Morning,285,2,0.007,5.28,Completed
PROD_0211361,2025-01-15,MACH_000694,PROD_02946,LOC_00036,Evening,407,13,0.0319,6.07,Completed
PROD_0061206,2021-04-08,MACH_001475,PROD_01148,LOC_00064,Evening,132,5,0.0379,8.09,Completed
PROD_0163909,2021-05-31,MACH_000659,PROD_02890,LOC_00056,Morning,115,2,0.0174,6.84,UNKNOWN
PROD_0012582,2024-11-12,MACH_000315,PROD_02806,LOC_00236,Evening,79,0,0.0,5.18,In Progress
PROD_0032893,2026-05-17,MACH_001150,PROD_01771,LOC_00224,Evening,229,2,0.0087,11.92,Completed
PROD_0228796,2024-04-21,MACH_000790,PROD_01045,LOC_00006,Morning,140,3,0.0214,3.08,Completed
PROD_0195157,2025-07-16,MACH_000411,PROD_00549,LOC_00062,Night,415,18,0.0434,6.94,Completed
PROD_0032937,2026-03-18,MACH_000168,PROD_03323,LOC_00091,Night,186,2,0.0108,11.47,Completed
PROD_0029485,2024-06-10,MACH_000802,PROD_03245,LOC_00052,Evening,441,14,0.0317,5.97,Completed
PROD_0058345,2025-04-26,MACH_000343,PROD_01016,LOC_00080,Morning,221,6,0.0271,6.9,Completed
PROD_0007356,2021-01-22,MACH_000210,PROD_02306,LOC_00041,Night,140,6,0.0429,9.9,Completed
PROD_0138192,2024-10-28,MACH_001125,PROD_04766,LOC_00144,Evening,90,0,0.0,8.39,Completed
PROD_0177369,2021-08-09,MACH_000647,PROD_04895,LOC_00113,Evening,82,0,0.0,6.0,Completed
PROD_0031340,2023-07-17,MACH_000412,PROD_04852,LOC_00175,Morning,204,4,0.0196,2.03,Completed
PROD_0263856,2021-06-15,MACH_000554,PROD_00847,LOC_00106,Night,433,1,0.0023,11.79,Completed
PROD_0240761,2022-12-12,MACH_001095,PROD_00320,LOC_00117,Evening,394,9,0.0228,8.15,Completed
PROD_0062226,2025-05-04,MACH_001477,PROD_00520,LOC_00133,Night,103,3,0.0291,9.23,UNKNOWN
PROD_0223855,2025-10-18,MACH_000543,PROD_01703,LOC_00143,Evening,309,9,0.0291,6.98,Completed
PROD_0083810,2024-10-03,MACH_001030,PROD_00535,LOC_00208,Evening,291,2,0.0069,5.69,Completed
PROD_0207517,2026-04-09,MACH_000024,PROD_03936,LOC_00124,Morning,113,2,0.0177,10.66,Completed
PROD_0158357,2024-09-01,MACH_000700,PROD_03083,LOC_00159,Night,208,6,0.0288,2.88,Failed
PROD_0121198,2024-11-08,MACH_000599,PROD_03189,LOC_00136,Evening,432,15,0.0347,4.65,Completed
PROD_0079747,2022-07-14,MACH_001318,PROD_02578,LOC_00159,Evening,231,7,0.0303,7.87,Completed
PROD_0044451,2023-04-02,MACH_000583,PROD_03246,LOC_00148,Morning,74,2,0.027,6.89,Failed
PROD_0138660,2023-11-25,MACH_000276,PROD_00555,LOC_00007,Evening,443,4,0.009,11.83,Completed
PROD_0275243,2024-11-16,MACH_000385,PROD_01870,LOC_00076,Night,349,11,0.0315,3.02,Completed
PROD_0163734,2021-05-09,MACH_001133,PROD_02946,LOC_00099,Evening,141,2,0.0142,4.05,Completed
PROD_0209903,2024-03-09,MACH_000602,PROD_04072,LOC_00208,Evening,409,13,0.0318,6.32,Completed
PROD_0024102,2022-11-06,MACH_000571,PROD_03054,LOC_00165,Evening,353,6,0.017,2.38,Completed
PROD_0105217,2022-05-03,MACH_000645,PROD_03942,LOC_00124,Morning,181,3,0.0166,3.18,Completed
PROD_0043255,2025-08-15,MACH_000900,PROD_00536,LOC_00129,Evening,93,1,0.0108,2.6,Completed
PROD_0244148,2025-03-05,MACH_001252,PROD_03213,LOC_00110,Evening,413,18,0.0436,3.68,Completed
PROD_0208378,2022-06-26,MACH_000057,PROD_02555,LOC_00239,Night,329,2,0.0061,10.57,Completed
PROD_0150200,2024-11-18,MACH_000411,PROD_02761,LOC_00107,Evening,402,10,0.0249,8.8,In Progress
PROD_0068762,2022-09-28,MACH_000111,PROD_03729,LOC_00201,Evening,58,0,0.0,4.8,Completed
PROD_0085379,2024-09-15,MACH_001016,PROD_01148,LOC_00204,Evening,480,6,0.0125,5.95,Completed
PROD_0184387,2024-01-06,MACH_000159,PROD_03378,LOC_00220,Evening,243,3,0.0123,10.29,Completed
PROD_0013572,2024-11-30,MACH_000316,PROD_04108,LOC_00123,Evening,442,4,0.009,5.31,UNKNOWN
PROD_0089184,2025-11-12,MACH_000216,PROD_01478,LOC_00054,Morning,465,2,0.0043,9.33,Completed
PROD_0040862,2024-07-25,MACH_000463,PROD_00021,LOC_00210,Evening,323,13,0.0402,5.38,Completed
PROD_0274752,2024-10-15,MACH_001443,PROD_03419,LOC_00126,Night,455,20,0.044,5.36,Completed
PROD_0127117,2025-09-13,MACH_001144,PROD_01538,LOC_00092,Evening,244,2,0.0082,9.65,Completed
PROD_0134944,2023-03-03,MACH_001073,PROD_04520,LOC_00221,Night,303,2,0.0066,2.05,Completed
PROD_0013623,2024-07-17,MACH_000228,PROD_00715,LOC_00110,Night,351,7,0.0199,4.51,Completed
PROD_0115316,2024-09-05,MACH_000513,PROD_00358,LOC_00139,Night,496,5,0.0101,7.19,Completed
PROD_0037289,2023-05-24,MACH_000574,PROD_03737,LOC_00017,Night,288,11,0.0382,4.74,Completed
PROD_0099212,2026-05-07,MACH_001165,PROD_03401,LOC_00248,Evening,362,15,0.0414,6.4,Completed
PROD_0226217,2021-10-29,MACH_000887,PROD_00433,LOC_00028,Night,150,5,0.0333,11.35,Completed
PROD_0115307,2022-03-14,MACH_000893,PROD_04468,LOC_00048,Evening,154,5,0.0325,7.81,Completed
PROD_0000518,2021-06-14,MACH_000403,PROD_04692,LOC_00227,Night,90,3,0.0333,2.92,Completed
PROD_0288083,2022-06-01,MACH_001396,PROD_02846,LOC_00024,Night,232,4,0.0172,5.83,Completed
PROD_0045890,2023-03-10,MACH_000693,PROD_03100,LOC_00040,Morning,488,17,0.0348,4.73,Completed
PROD_0253795,2025-03-03,MACH_001170,PROD_00797,LOC_00106,Night,257,2,0.0078,6.72,Completed
PROD_0090985,2026-05-16,MACH_001196,PROD_02481,LOC_00038,Morning,180,2,0.0111,3.42,UNKNOWN
PROD_0242106,2025-02-08,MACH_000844,PROD_00366,LOC_00178,Morning,306,12,0.0392,9.76,Completed
PROD_0264530,2025-09-16,MACH_001264,PROD_01209,LOC_00044,Evening,300,9,0.03,8.15,Completed
PROD_0253625,2024-05-11,MACH_000502,PROD_03087,LOC_00223,Morning,487,19,0.039,7.69,Completed
PROD_0299804,2022-12-23,MACH_000508,PROD_03498,LOC_00193,Night,404,9,0.0223,3.21,Completed
PROD_0089020,2022-01-05,MACH_001294,PROD_03200,LOC_00160,Evening,246,6,0.0244,11.58,Completed
PROD_0033007,2026-06-13,MACH_000456,PROD_02146,LOC_00091,Morning,248,4,0.0161,5.9,Completed
PROD_0071146,2023-01-03,MACH_000104,PROD_02876,LOC_00102,Evening,383,15,0.0392,8.09,Completed
PROD_0072649,2026-02-12,MACH_001140,PROD_02056,LOC_00170,Evening,355,12,0.0338,9.93,Completed
PROD_0126330,2023-04-07,MACH_000920,PROD_03809,LOC_00202,Evening,101,4,0.0396,4.65,Completed
PROD_0115200,2025-08-01,MACH_000356,PROD_04923,LOC_00144,Evening,253,10,0.0395,3.62,UNKNOWN
PROD_0022703,2024-05-18,MACH_000919,PROD_00577,LOC_00035,Night,230,10,0.0435,6.41,Completed
PROD_0184808,2023-06-06,MACH_000123,PROD_00629,LOC_00172,Morning,467,11,0.0236,11.58,Completed
PROD_0262338,2023-02-12,MACH_000494,PROD_03224,LOC_00017,Morning,310,9,0.029,6.15,UNKNOWN
PROD_0070170,2026-05-23,MACH_000835,PROD_00734,LOC_00153,Evening,489,8,0.0164,8.91,Completed
PROD_0176902,2021-09-01,MACH_000971,PROD_01859,LOC_00196,Morning,405,9,0.0222,6.38,Completed
PROD_0124538,2021-03-31,MACH_001235,PROD_02641,LOC_00188,Morning,60,2,0.0333,7.66,In Progress
PROD_0107622,2022-05-28,MACH_000654,PROD_03643,LOC_00212,Morning,449,11,0.0245,11.57,In Progress
PROD_0188411,2022-01-05,MACH_001207,PROD_04548,LOC_00247,Evening,196,7,0.0357,10.6,Completed
PROD_0149460,2021-03-16,MACH_000834,PROD_03634,LOC_00060,Morning,259,6,0.0232,5.67,Completed
PROD_0184525,2025-02-08,MACH_000256,PROD_00058,LOC_00148,Night,434,18,0.0415,9.26,Completed
PROD_0066461,2024-07-18,MACH_001496,PROD_03555,LOC_00187,Night,57,1,0.0175,4.25,Completed
PROD_0217089,2024-11-06,MACH_001265,PROD_04751,LOC_00239,Evening,99,3,0.0303,4.27,UNKNOWN
PROD_0177006,2021-05-24,MACH_000668,PROD_03952,LOC_00041,Evening,369,9,0.0244,5.78,Completed
PROD_0110607,2024-09-03,MACH_000749,PROD_00050,LOC_00122,Night,312,10,0.0321,8.8,Completed
PROD_0225353,2023-12-12,MACH_000615,PROD_01516,LOC_00206,Morning,72,0,0.0,3.88,Completed
PROD_0157529,2022-12-31,MACH_000865,PROD_04595,LOC_00067,Morning,395,6,0.0152,4.17,Completed
PROD_0061007,2023-06-24,MACH_001162,PROD_00918,LOC_00012,Morning,438,8,0.0183,7.91,Completed
PROD_0070714,2025-07-14,MACH_000727,PROD_04202,LOC_00136,Morning,238,9,0.0378,2.76,Completed
PROD_0256593,2023-01-10,MACH_000351,PROD_03205,LOC_00046,Night,192,0,0.0,2.08,Completed
PROD_0083493,2023-11-03,MACH_001049,PROD_04627,LOC_00083,Morning,333,13,0.039,11.68,Completed
PROD_0253417,2021-03-20,MACH_000354,PROD_04532,LOC_00163,Evening,261,6,0.023,6.16,Completed
PROD_0195311,2021-03-11,MACH_001432,PROD_00826,LOC_00224,Evening,54,1,0.0185,7.26,Completed
PROD_0031975,2024-10-11,MACH_001347,PROD_01360,LOC_00075,Evening,149,5,0.0336,11.58,Completed
PROD_0296771,2022-10-15,MACH_000296,PROD_03657,LOC_00194,Night,318,3,0.0094,4.39,Completed
PROD_0252347,2022-08-11,MACH_001371,PROD_00627,LOC_00073,Evening,342,3,0.0088,2.09,Completed
PROD_0138709,2024-12-15,MACH_000239,PROD_01483,LOC_00068,Evening,291,8,0.0275,5.04,Completed
PROD_0170365,2025-12-31,MACH_000133,PROD_03177,LOC_00026,Morning,163,2,0.0123,7.94,Completed
PROD_0091844,2023-10-01,MACH_000605,PROD_03812,LOC_00086,Night,382,7,0.0183,9.37,Completed
PROD_0243670,2026-06-22,MACH_001198,PROD_02389,LOC_00231,Morning,162,7,0.0432,3.48,Completed
PROD_0087846,2021-10-08,MACH_000926,PROD_02080,LOC_00071,Evening,192,7,0.0365,6.38,Completed
PROD_0166139,2024-09-12,MACH_000505,PROD_00486,LOC_00203,Night,279,0,0.0,8.3,Completed
PROD_0260297,2023-06-04,MACH_001333,PROD_03604,LOC_00025,Evening,486,22,0.0453,2.49,Completed
PROD_0161185,2026-02-24,MACH_001264,PROD_01416,LOC_00130,Evening,433,18,0.0416,10.27,Completed
PROD_0260971,2024-02-05,MACH_000388,PROD_02874,LOC_00219,Night,154,1,0.0065,4.0,Completed
PROD_0046710,2025-03-22,MACH_000953,PROD_03583,LOC_00032,Night,363,7,0.0193,9.94,Completed
PROD_0162666,2022-08-02,MACH_000483,PROD_03491,LOC_00239,Night,291,13,0.0447,10.1,Completed
PROD_0107141,2021-12-16,MACH_000473,PROD_01376,LOC_00246,Evening,170,5,0.0294,10.32,Completed
PROD_0209796,2022-05-24,MACH_000575,PROD_01058,LOC_00228,Morning,236,3,0.0127,11.07,Completed
PROD_0113141,2023-07-11,MACH_001295,PROD_02106,LOC_00067,Night,419,5,0.0119,6.72,Completed
PROD_0220025,2022-04-18,MACH_001395,PROD_00125,LOC_00138,Morning,470,15,0.0319,8.96,Completed
PROD_0113916,2023-06-15,MACH_000888,PROD_00049,LOC_00056,Morning,75,1,0.0133,2.85,Completed
PROD_0239617,2021-07-11,MACH_001031,PROD_01829,LOC_00017,Morning,370,7,0.0189,11.72,Completed
PROD_0243250,2023-10-04,MACH_000429,PROD_01953,LOC_00140,Morning,255,2,0.0078,6.1,Completed
PROD_0289389,2022-04-25,MACH_000170,PROD_04321,LOC_00136,Night,436,14,0.0321,5.16,Completed
PROD_0205838,2021-01-19,MACH_000590,PROD_02381,LOC_00155,Evening,355,4,0.0113,3.99,Completed
PROD_0173211,2024-03-20,MACH_000748,PROD_03392,LOC_00167,Night,123,4,0.0325,3.82,UNKNOWN
PROD_0182003,2025-08-03,MACH_000188,PROD_01486,LOC_00080,Evening,385,10,0.026,11.68,Completed
PROD_0064453,2023-05-29,MACH_000255,PROD_03784,LOC_00110,Morning,60,0,0.0,6.61,Completed
PROD_0180523,2025-05-22,MACH_000913,PROD_04528,LOC_00153,Night,172,4,0.0233,11.0,Completed
PROD_0299902,2026-02-08,MACH_000423,PROD_01926,LOC_00066,Night,158,1,0.0063,2.69,Completed
PROD_0017384,2022-04-26,MACH_001161,PROD_04313,LOC_00217,Evening,264,6,0.0227,11.14,Completed
PROD_0238082,2024-12-03,MACH_000813,PROD_02343,LOC_00041,Evening,173,2,0.0116,7.75,Completed
PROD_0209070,2021-01-20,MACH_001360,PROD_01640,LOC_00155,Morning,452,15,0.0332,9.26,Completed
PROD_0275219,2024-12-04,MACH_001157,PROD_00253,LOC_00015,Morning,127,3,0.0236,2.29,Completed
PROD_0103480,2025-03-17,MACH_001368,PROD_03062,LOC_00228,Morning,189,6,0.0317,7.35,Completed
PROD_0294219,2025-07-07,MACH_001293,PROD_04207,LOC_00204,Night,188,0,0.0,7.44,Completed
PROD_0256703,2022-08-30,MACH_001434,PROD_01513,LOC_00127,Morning,200,1,0.005,9.63,Completed
PROD_0271955,2023-06-20,MACH_001289,PROD_03847,LOC_00027,Night,468,11,0.0235,11.21,Completed
PROD_0248130,2023-07-27,MACH_000114,PROD_00420,LOC_00118,Morning,369,10,0.0271,9.95,Completed
PROD_0273452,2025-10-19,MACH_001428,PROD_03353,LOC_00031,Morning,222,7,0.0315,7.41,Completed
PROD_0191778,2025-06-02,MACH_000038,PROD_01885,LOC_00110,Evening,312,11,0.0353,11.68,Completed
PROD_0292083,2023-04-17,MACH_000183,PROD_01038,LOC_00027,Night,293,10,0.0341,3.44,Completed
PROD_0103215,2024-07-05,MACH_000273,PROD_04655,LOC_00130,Night,104,2,0.0192,4.49,Completed
PROD_0156160,2025-10-15,MACH_000045,PROD_00278,LOC_00001,Evening,407,12,0.0295,5.43,Completed
PROD_0187953,2024-08-27,MACH_001101,PROD_01068,LOC_00040,Morning,84,0,0.0,6.42,Completed
PROD_0297340,2024-09-18,MACH_000311,PROD_01507,LOC_00016,Evening,183,7,0.0383,7.71,Completed
PROD_0298588,2025-05-14,MACH_000998,PROD_02508,LOC_00029,Evening,101,3,0.0297,3.02,Completed
PROD_0158130,2025-03-22,MACH_000258,PROD_04829,LOC_00178,Night,288,5,0.0174,8.17,Completed
PROD_0127629,2024-06-11,MACH_001398,PROD_02182,LOC_00235,Night,414,14,0.0338,3.29,Completed
PROD_0216340,2026-06-04,MACH_001434,PROD_03226,LOC_00165,Morning,381,15,0.0394,9.5,Failed
PROD_0167622,2024-01-09,MACH_000425,PROD_03799,LOC_00104,Evening,442,6,0.0136,11.06,Completed
PROD_0298488,2022-03-18,MACH_000161,PROD_01582,LOC_00004,Night,184,5,0.0272,11.43,Completed
PROD_0258438,2024-11-17,MACH_000959,PROD_03389,LOC_00144,Evening,266,7,0.0263,2.8,Completed
PROD_0253985,2026-06-13,MACH_001122,PROD_01890,LOC_00188,Night,122,4,0.0328,8.82,UNKNOWN
PROD_0074627,2022-07-13,MACH_001182,PROD_00373,LOC_00159,Night,215,1,0.0047,11.25,Completed
PROD_0100046,2022-04-28,MACH_000408,PROD_04959,LOC_00125,Morning,162,6,0.037,6.68,In Progress
PROD_0221938,2023-07-08,MACH_001441,PROD_03723,LOC_00223,Evening,458,17,0.0371,7.81,Completed
PROD_0137943,2023-04-05,MACH_000048,PROD_04004,LOC_00174,Evening,406,19,0.0468,3.16,Completed
PROD_0188556,2022-09-11,MACH_000441,PROD_04444,LOC_00164,Evening,88,2,0.0227,6.01,Completed
PROD_0249748,2024-11-07,MACH_001385,PROD_00330,LOC_00196,Morning,406,16,0.0394,6.35,In Progress
PROD_0255732,2021-10-16,MACH_000919,PROD_00790,LOC_00138,Morning,335,0,0.0,9.39,Completed
PROD_0011526,2024-01-29,MACH_001268,PROD_03876,LOC_00011,Night,303,1,0.0033,11.23,Completed
PROD_0102526,2021-01-28,MACH_001322,PROD_04833,LOC_00181,Morning,457,2,0.0044,8.48,UNKNOWN
PROD_0213308,2023-06-20,MACH_000057,PROD_03728,LOC_00192,Morning,220,3,0.0136,5.87,Completed
PROD_0119385,2024-10-31,MACH_000269,PROD_02566,LOC_00113,Morning,66,0,0.0,7.52,Completed
PROD_0262636,2025-01-01,MACH_000666,PROD_03579,LOC_00073,Morning,249,5,0.0201,5.87,UNKNOWN
PROD_0266944,2026-04-28,MACH_001151,PROD_02450,LOC_00013,Night,202,7,0.0347,7.44,Completed
PROD_0249674,2024-11-23,MACH_000438,PROD_02101,LOC_00114,Morning,308,14,0.0455,3.21,In Progress
PROD_0075159,2026-02-02,MACH_000758,PROD_04079,LOC_00064,Night,114,4,0.0351,2.56,Completed
PROD_0079045,2021-11-06,MACH_001129,PROD_01948,LOC_00073,Morning,455,21,0.0462,6.71,Completed
PROD_0228556,2021-07-24,MACH_001175,PROD_00511,LOC_00054,Night,58,1,0.0172,6.04,Completed
PROD_0171117,2021-01-28,MACH_000916,PROD_04540,LOC_00248,Morning,189,5,0.0265,5.17,Completed
PROD_0082131,2021-03-28,MACH_000213,PROD_01852,LOC_00216,Evening,297,9,0.0303,10.65,Completed
PROD_0068462,2022-07-02,MACH_001137,PROD_01088,LOC_00016,Evening,73,0,0.0,2.87,Completed
PROD_0080796,2023-10-17,MACH_000771,PROD_02431,LOC_00001,Night,206,2,0.0097,6.13,Completed
PROD_0025890,2026-01-27,MACH_001050,PROD_01274,LOC_00086,Night,358,7,0.0196,11.3,Completed
PROD_0090143,2026-05-08,MACH_001124,PROD_04650,LOC_00134,Evening,407,5,0.0123,11.64,Completed
PROD_0245112,2025-12-22,MACH_000126,PROD_04758,LOC_00087,Morning,79,0,0.0,6.54,Completed
PROD_0282870,2021-01-07,MACH_000062,PROD_01642,LOC_00069,Evening,476,12,0.0252,8.56,Completed
PROD_0251531,2021-10-07,MACH_000188,PROD_03009,LOC_00042,Night,140,4,0.0286,10.91,Completed
PROD_0055875,2024-05-13,MACH_000748,PROD_01230,LOC_00189,Night,263,4,0.0152,8.13,Completed
PROD_0084588,2023-03-08,MACH_000705,PROD_03765,LOC_00181,Night,75,0,0.0,8.61,Completed
PROD_0181438,2023-11-14,MACH_000617,PROD_00057,LOC_00160,Evening,369,15,0.0407,7.56,Completed
PROD_0057761,2021-07-14,MACH_000555,PROD_00792,LOC_00176,Night,113,2,0.0177,11.71,Completed
PROD_0174665,2022-04-08,MACH_000390,PROD_03454,LOC_00015,Night,387,15,0.0388,11.36,Completed
PROD_0193873,2024-03-04,MACH_000700,PROD_00282,LOC_00098,Morning,437,11,0.0252,6.68,Completed
PROD_0017477,2022-09-28,MACH_000872,PROD_00757,LOC_00042,Morning,237,6,0.0253,6.28,Completed
PROD_0122402,2021-01-12,MACH_000479,PROD_02430,LOC_00137,Night,287,3,0.0105,11.41,Completed
PROD_0147069,2022-01-12,MACH_001490,PROD_01304,LOC_00171,Night,167,6,0.0359,7.56,UNKNOWN
PROD_0202152,2025-05-24,MACH_001245,PROD_00622,LOC_00095,Evening,318,14,0.044,5.32,Completed
PROD_0067811,2023-02-25,MACH_000792,PROD_01131,LOC_00116,Evening,382,11,0.0288,3.3,Completed
PROD_0015644,2024-03-04,MACH_000151,PROD_01541,LOC_00087,Morning,374,4,0.0107,10.2,Completed
PROD_0011194,2024-05-02,MACH_000609,PROD_02678,LOC_00155,Evening,253,8,0.0316,3.59,Completed
PROD_0166261,2025-08-02,MACH_000662,PROD_03708,LOC_00222,Morning,116,4,0.0345,4.18,Completed
PROD_0233371,2024-12-06,MACH_000367,PROD_03163,LOC_00006,Evening,93,0,0.0,11.98,UNKNOWN
PROD_0204254,2023-05-27,MACH_000633,PROD_02920,LOC_00076,Morning,413,2,0.0048,5.1,Failed
PROD_0151524,2023-11-22,MACH_000392,PROD_00104,LOC_00080,Morning,338,7,0.0207,4.01,Completed
PROD_0055033,2022-08-07,MACH_000501,PROD_04695,LOC_00203,Evening,288,1,0.0035,3.3,Completed
PROD_0248166,2025-10-26,MACH_000639,PROD_02327,LOC_00223,Evening,155,5,0.0323,10.35,Completed
PROD_0278738,2026-01-14,MACH_000726,PROD_03563,LOC_00046,Morning,328,8,0.0244,10.0,Completed
PROD_0053050,2023-08-09,MACH_001245,PROD_04837,LOC_00245,Night,290,10,0.0345,10.53,Failed
PROD_0209441,2022-06-20,MACH_000797,PROD_02085,LOC_00143,Morning,341,0,0.0,8.02,Completed
PROD_0163676,2021-04-08,MACH_000640,PROD_03896,LOC_00180,Night,373,11,0.0295,2.97,Completed
PROD_0150461,2024-08-23,MACH_001237,PROD_03018,LOC_00177,Night,63,1,0.0159,2.51,Failed
PROD_0208815,2021-12-09,MACH_000523,PROD_01970,LOC_00220,Night,201,2,0.01,4.48,Completed
PROD_0123780,2022-08-22,MACH_000678,PROD_04226,LOC_00084,Evening,99,3,0.0303,10.91,Completed
PROD_0267169,2022-07-20,MACH_000106,PROD_02098,LOC_00084,Morning,413,5,0.0121,2.34,Completed
PROD_0066112,2023-06-09,MACH_000578,PROD_01801,LOC_00190,Evening,481,1,0.0021,10.5,Completed
PROD_0258546,2024-11-17,MACH_001247,PROD_01972,LOC_00167,Night,163,7,0.0429,9.09,Completed
PROD_0194196,2022-08-03,MACH_000823,PROD_02072,LOC_00201,Evening,429,4,0.0093,10.11,Completed
PROD_0119760,2021-12-04,MACH_000503,PROD_02474,LOC_00181,Morning,282,8,0.0284,4.19,Completed
PROD_0064257,2021-08-16,MACH_001169,PROD_00462,LOC_00113,Morning,198,1,0.0051,10.5,In Progress
PROD_0158387,2022-01-21,MACH_000351,PROD_01535,LOC_00158,Night,86,3,0.0349,4.54,Completed
PROD_0063091,2025-05-14,MACH_000983,PROD_02467,LOC_00029,Night,83,0,0.0,5.27,Completed
PROD_0288783,2026-05-05,MACH_001492,PROD_02988,LOC_00176,Night,297,11,0.037,2.7,Completed
PROD_0081189,2025-03-12,MACH_000561,PROD_03344,LOC_00248,Morning,485,13,0.0268,7.86,Completed
PROD_0081667,2024-01-31,MACH_000710,PROD_00984,LOC_00044,Night,297,10,0.0337,4.8,In Progress
PROD_0018817,2023-12-04,MACH_000620,PROD_01705,LOC_00067,Evening,152,3,0.0197,10.13,Completed
PROD_0095121,2023-07-23,MACH_001422,PROD_04659,LOC_00097,Evening,441,4,0.0091,3.89,Completed
PROD_0283290,2021-03-07,MACH_001094,PROD_04905,LOC_00155,Night,225,9,0.04,7.49,Completed
PROD_0168003,2023-09-28,MACH_000947,PROD_04480,LOC_00032,Night,475,19,0.04,10.78,Completed
PROD_0170830,2022-10-07,MACH_000902,PROD_02790,LOC_00008,Morning,52,0,0.0,7.67,In Progress
PROD_0040992,2025-06-14,MACH_000088,PROD_04945,LOC_00116,Evening,229,2,0.0087,9.21,Completed
PROD_0158889,2025-01-07,MACH_000674,PROD_01660,LOC_00053,Morning,430,8,0.0186,8.46,Completed
PROD_0148915,2025-12-23,MACH_001137,PROD_02072,LOC_00038,Evening,487,3,0.0062,11.04,Completed
PROD_0143201,2022-05-05,MACH_001288,PROD_01022,LOC_00204,Night,108,1,0.0093,10.46,Completed
PROD_0111109,2021-01-30,MACH_001070,PROD_03348,LOC_00037,Evening,459,10,0.0218,11.96,Completed
PROD_0145232,2025-01-06,MACH_001102,PROD_04021,LOC_00089,Night,52,1,0.0192,3.76,Completed
PROD_0278219,2023-04-30,MACH_001478,PROD_00076,LOC_00082,Evening,302,1,0.0033,2.06,Completed
PROD_0187245,2024-12-22,MACH_000681,PROD_01250,LOC_00094,Night,467,16,0.0343,11.59,Completed
PROD_0016990,2021-06-08,MACH_001059,PROD_03098,LOC_00199,Evening,149,5,0.0336,5.43,Completed
PROD_0017121,2022-05-03,MACH_000179,PROD_03147,LOC_00156,Night,55,1,0.0182,7.95,Completed
PROD_0133237,2022-12-27,MACH_001214,PROD_04377,LOC_00110,Morning,118,0,0.0,11.65,UNKNOWN
PROD_0013388,2021-05-17,MACH_000815,PROD_03664,LOC_00024,Morning,284,11,0.0387,7.21,Completed
PROD_0012029,2023-06-14,MACH_000221,PROD_00123,LOC_00133,Evening,345,10,0.029,9.05,Completed
PROD_0165256,2021-08-05,MACH_001016,PROD_02464,LOC_00128,Night,367,14,0.0381,4.44,Completed
PROD_0295354,2026-01-29,MACH_000206,PROD_00413,LOC_00054,Night,204,2,0.0098,9.79,Completed
PROD_0157993,2025-02-24,MACH_000562,PROD_00219,LOC_00168,Evening,373,16,0.0429,6.34,Completed
PROD_0273890,2025-04-01,MACH_000849,PROD_00215,LOC_00009,Evening,176,5,0.0284,2.95,Completed
PROD_0171011,2021-09-02,MACH_000606,PROD_00072,LOC_00071,Night,277,0,0.0,5.88,Failed
PROD_0265099,2024-12-11,MACH_000637,PROD_00981,LOC_00178,Morning,111,2,0.018,4.23,Completed
PROD_0182416,2023-12-19,MACH_000081,PROD_01035,LOC_00207,Night,63,2,0.0317,4.27,Completed
PROD_0161572,2021-04-01,MACH_001369,PROD_00158,LOC_00088,Night,498,8,0.0161,9.52,Completed
PROD_0240919,2024-01-12,MACH_000201,PROD_01910,LOC_00233,Morning,138,1,0.0072,2.09,Completed
PROD_0263668,2022-02-13,MACH_000078,PROD_00071,LOC_00164,Morning,111,2,0.018,5.23,Completed
PROD_0218197,2022-08-24,MACH_000544,PROD_01300,LOC_00185,Morning,212,9,0.0425,5.72,UNKNOWN
PROD_0288521,2021-12-06,MACH_001000,PROD_03596,LOC_00119,Morning,370,0,0.0,8.62,Completed
PROD_0251946,2026-01-22,MACH_000137,PROD_01781,LOC_00229,Evening,201,6,0.0299,7.16,Completed
PROD_0056056,2026-05-04,MACH_000354,PROD_03992,LOC_00016,Evening,295,1,0.0034,3.29,Completed
PROD_0071596,2021-06-20,MACH_000632,PROD_01678,LOC_00150,Night,133,2,0.015,9.95,In Progress
PROD_0199457,2026-01-10,MACH_001289,PROD_03685,LOC_00213,Evening,57,1,0.0175,2.9,Completed
PROD_0297032,2025-07-11,MACH_000858,PROD_02260,LOC_00108,Morning,83,1,0.012,8.2,Completed
PROD_0122462,2024-06-14,MACH_000340,PROD_00500,LOC_00218,Morning,229,0,0.0,10.0,Failed
PROD_0165319,2025-10-15,MACH_000331,PROD_02772,LOC_00125,Evening,377,9,0.0239,10.67,Completed
PROD_0061420,2022-05-02,MACH_000258,PROD_01776,LOC_00164,Evening,335,9,0.0269,9.37,Completed
PROD_0162243,2026-02-18,MACH_001284,PROD_04036,LOC_00069,Night,405,9,0.0222,6.73,Completed
PROD_0071321,2023-09-01,MACH_001447,PROD_03924,LOC_00073,Evening,372,5,0.0134,5.09,Completed
PROD_0012620,2021-09-28,MACH_001399,PROD_00385,LOC_00076,Night,128,2,0.0156,4.44,Completed
PROD_0051710,2025-08-08,MACH_000036,PROD_00774,LOC_00184,Evening,84,0,0.0,6.4,Completed
PROD_0099238,2023-07-20,MACH_001151,PROD_04018,LOC_00012,Evening,60,2,0.0333,3.22,Completed
PROD_0224737,2021-03-02,MACH_001171,PROD_03968,LOC_00144,Morning,430,10,0.0233,3.3,In Progress
PROD_0294638,2021-01-14,MACH_001117,PROD_01576,LOC_00187,Morning,421,4,0.0095,10.72,Completed
PROD_0270484,2024-02-29,MACH_000070,PROD_00763,LOC_00143,Morning,194,5,0.0258,2.63,Completed
PROD_0211066,2025-07-23,MACH_001394,PROD_04497,LOC_00100,Night,234,6,0.0256,2.72,Completed
PROD_0184865,2024-11-20,MACH_000704,PROD_03249,LOC_00248,Night,208,7,0.0337,3.44,Completed
PROD_0187689,2023-09-26,MACH_001380,PROD_02921,LOC_00101,Evening,442,18,0.0407,6.53,Completed
PROD_0162589,2024-10-28,MACH_001445,PROD_04208,LOC_00214,Night,454,1,0.0022,2.12,Completed
PROD_0264402,2023-11-18,MACH_001347,PROD_04361,LOC_00017,Evening,336,8,0.0238,4.92,Completed
PROD_0006877,2024-06-17,MACH_000684,PROD_03190,LOC_00144,Night,131,2,0.0153,7.44,Completed
PROD_0274535,2024-03-11,MACH_001454,PROD_01497,LOC_00237,Night,245,6,0.0245,2.42,Completed
PROD_0091772,2021-06-06,MACH_001306,PROD_00081,LOC_00020,Evening,234,0,0.0,5.46,Completed
PROD_0261277,2024-04-15,MACH_001206,PROD_03450,LOC_00219,Evening,267,0,0.0,5.52,Completed
PROD_0152433,2023-07-13,MACH_000509,PROD_01681,LOC_00227,Evening,210,6,0.0286,2.45,Completed
PROD_0090110,2023-03-06,MACH_000958,PROD_02998,LOC_00152,Morning,184,0,0.0,2.24,Completed
PROD_0017642,2025-09-21,MACH_001187,PROD_00274,LOC_00183,Night,406,17,0.0419,3.06,Completed
PROD_0184428,2025-10-22,MACH_001317,PROD_02078,LOC_00149,Evening,190,8,0.0421,10.6,In Progress
PROD_0128602,2025-09-17,MACH_001362,PROD_03166,LOC_00068,Evening,261,6,0.023,5.88,Completed
PROD_0192563,2026-01-29,MACH_000073,PROD_04256,LOC_00204,Evening,448,0,0.0,4.93,Completed
PROD_0269927,2023-10-12,MACH_000135,PROD_00056,LOC_00019,Morning,117,3,0.0256,11.6,In Progress
PROD_0000143,2022-06-16,MACH_001395,PROD_03058,LOC_00194,Evening,68,1,0.0147,2.66,Completed
PROD_0056523,2025-06-09,MACH_000638,PROD_04919,LOC_00055,Night,78,1,0.0128,5.72,Completed
PROD_0025112,2022-08-24,MACH_000536,PROD_04250,LOC_00064,Night,156,1,0.0064,5.4,Completed
PROD_0021734,2025-06-13,MACH_000044,PROD_00513,LOC_00225,Evening,398,5,0.0126,6.49,Completed
PROD_0084159,2026-01-26,MACH_000685,PROD_01365,LOC_00122,Evening,216,0,0.0,8.2,Completed
PROD_0298289,2026-01-03,MACH_000946,PROD_02163,LOC_00073,Evening,242,3,0.0124,11.59,In Progress
PROD_0134191,2021-09-03,MACH_000766,PROD_00212,LOC_00044,Morning,451,4,0.0089,7.79,Completed
PROD_0020916,2024-04-25,MACH_000065,PROD_01940,LOC_00090,Morning,188,4,0.0213,5.56,Failed
PROD_0085174,2024-09-04,MACH_000897,PROD_04797,LOC_00101,Morning,484,17,0.0351,9.25,Completed
PROD_0031718,2024-12-09,MACH_000589,PROD_01141,LOC_00187,Evening,250,2,0.008,10.53,Completed
PROD_0122052,2025-03-26,MACH_000803,PROD_02384,LOC_00242,Evening,75,0,0.0,7.67,Completed
PROD_0181282,2022-01-04,MACH_001433,PROD_04497,LOC_00152,Morning,164,2,0.0122,6.8,Completed
PROD_0193902,2022-09-05,MACH_001041,PROD_01032,LOC_00197,Night,195,5,0.0256,7.39,Completed
PROD_0047067,2022-03-20,MACH_000850,PROD_03759,LOC_00102,Morning,473,20,0.0423,12.0,UNKNOWN
PROD_0184379,2022-01-30,MACH_001262,PROD_04027,LOC_00086,Night,312,11,0.0353,6.22,UNKNOWN
PROD_0162298,2021-05-04,MACH_001211,PROD_04296,LOC_00231,Morning,338,14,0.0414,5.64,Completed
PROD_0201186,2021-11-14,MACH_000403,PROD_03654,LOC_00024,Evening,62,1,0.0161,4.01,Completed
PROD_0011874,2022-04-08,MACH_000506,PROD_03855,LOC_00004,Morning,322,9,0.028,2.65,Completed
PROD_0044815,2021-07-25,MACH_000261,PROD_02994,LOC_00143,Morning,485,22,0.0454,11.59,Completed
PROD_0073863,2026-03-26,MACH_000705,PROD_03618,LOC_00123,Morning,82,0,0.0,11.73,In Progress
PROD_0245643,2026-02-14,MACH_001071,PROD_00459,LOC_00127,Evening,91,1,0.011,10.0,Completed
PROD_0040646,2025-07-18,MACH_000042,PROD_03382,LOC_00022,Morning,153,1,0.0065,2.52,Failed
PROD_0085513,2021-03-02,MACH_001442,PROD_02091,LOC_00014,Evening,181,7,0.0387,2.99,Completed
PROD_0070916,2021-11-27,MACH_001129,PROD_03038,LOC_00025,Night,97,1,0.0103,6.07,Completed
PROD_0078165,2022-01-30,MACH_000095,PROD_04153,LOC_00043,Night,255,5,0.0196,3.27,Completed
PROD_0162969,2026-05-28,MACH_000071,PROD_00770,LOC_00240,Night,310,4,0.0129,11.14,Completed
PROD_0001837,2021-01-19,MACH_000135,PROD_03890,LOC_00242,Evening,263,6,0.0228,10.55,In Progress
PROD_0284469,2022-11-24,MACH_000643,PROD_02640,LOC_00029,Evening,174,5,0.0287,8.61,Completed
PROD_0146331,2022-01-05,MACH_000995,PROD_01294,LOC_00108,Evening,475,4,0.0084,4.46,Completed
PROD_0288863,2023-03-26,MACH_000746,PROD_02106,LOC_00007,Evening,396,4,0.0101,3.04,Completed
PROD_0077411,2024-03-22,MACH_000201,PROD_03549,LOC_00053,Morning,341,3,0.0088,2.56,Completed
PROD_0186823,2021-11-17,MACH_000683,PROD_04702,LOC_00181,Morning,439,20,0.0456,2.71,UNKNOWN
PROD_0161868,2022-05-03,MACH_001197,PROD_02919,LOC_00249,Night,104,3,0.0288,2.82,Completed
PROD_0228521,2023-06-24,MACH_000162,PROD_00294,LOC_00157,Night,483,7,0.0145,5.07,Completed
PROD_0094305,2025-02-08,MACH_000558,PROD_03918,LOC_00137,Evening,100,3,0.03,5.34,Completed
PROD_0069800,2025-11-13,MACH_001395,PROD_03981,LOC_00073,Evening,230,3,0.013,8.86,Completed
PROD_0228865,2025-02-28,MACH_000452,PROD_04689,LOC_00130,Evening,219,8,0.0365,4.12,Completed
PROD_0019078,2021-09-30,MACH_000790,PROD_04461,LOC_00067,Morning,111,1,0.009,7.85,Completed
PROD_0013650,2026-03-29,MACH_000413,PROD_04794,LOC_00019,Night,427,20,0.0468,3.42,Completed
PROD_0090774,2022-08-29,MACH_001151,PROD_01670,LOC_00043,Evening,72,1,0.0139,2.78,Completed
PROD_0204639,2023-07-13,MACH_001320,PROD_03164,LOC_00005,Night,457,17,0.0372,11.36,Completed
PROD_0222163,2025-04-16,MACH_000515,PROD_03245,LOC_00145,Night,337,10,0.0297,3.17,Completed
PROD_0225494,2021-01-19,MACH_001095,PROD_03264,LOC_00185,Morning,267,12,0.0449,3.44,Completed
PROD_0051421,2026-02-12,MACH_000169,PROD_02813,LOC_00089,Morning,84,2,0.0238,3.08,Completed
PROD_0092047,2024-12-19,MACH_000365,PROD_00842,LOC_00030,Evening,124,5,0.0403,2.84,Completed
PROD_0252590,2022-06-25,MACH_000868,PROD_03035,LOC_00216,Evening,76,1,0.0132,10.98,Completed
PROD_0078425,2022-10-02,MACH_000300,PROD_02244,LOC_00212,Night,321,9,0.028,8.49,Completed
PROD_0241169,2025-07-28,MACH_000390,PROD_00018,LOC_00037,Evening,462,18,0.039,8.85,Completed
PROD_0252830,2023-01-30,MACH_000913,PROD_03820,LOC_00160,Night,88,3,0.0341,5.24,Completed
PROD_0152358,2023-10-10,MACH_000944,PROD_00452,LOC_00167,Morning,495,14,0.0283,10.15,Completed
PROD_0141848,2023-04-25,MACH_000471,PROD_03497,LOC_00160,Evening,425,16,0.0376,5.06,Completed
PROD_0006131,2024-01-17,MACH_001313,PROD_04617,LOC_00140,Evening,244,5,0.0205,4.33,UNKNOWN
PROD_0217890,2022-02-20,MACH_000147,PROD_04932,LOC_00124,Morning,229,10,0.0437,5.75,Completed
PROD_0127437,2021-06-17,MACH_001428,PROD_00329,LOC_00021,Morning,65,1,0.0154,8.17,Completed
PROD_0216552,2026-02-05,MACH_001024,PROD_03865,LOC_00004,Morning,453,17,0.0375,2.44,Completed
PROD_0285775,2025-12-19,MACH_000620,PROD_03736,LOC_00218,Evening,351,10,0.0285,11.44,In Progress
PROD_0156712,2022-08-26,MACH_000837,PROD_01117,LOC_00145,Night,426,4,0.0094,6.03,Completed
PROD_0100363,2023-08-17,MACH_000736,PROD_01525,LOC_00221,Morning,337,10,0.0297,7.63,Completed
PROD_0200795,2025-03-19,MACH_000238,PROD_04033,LOC_00148,Morning,422,20,0.0474,11.98,In Progress
PROD_0222257,2023-02-14,MACH_000360,PROD_03229,LOC_00215,Morning,354,5,0.0141,6.77,Completed
PROD_0261068,2021-04-16,MACH_000136,PROD_00535,LOC_00046,Evening,429,14,0.0326,2.34,Completed
PROD_0161836,2024-12-05,MACH_000051,PROD_02059,LOC_00163,Night,220,8,0.0364,10.59,Completed
PROD_0020373,2022-07-31,MACH_001145,PROD_01154,LOC_00178,Evening,450,11,0.0244,4.33,Completed
PROD_0238096,2022-01-27,MACH_000816,PROD_03666,LOC_00249,Night,102,2,0.0196,5.13,Completed
PROD_0099985,2025-09-28,MACH_001401,PROD_01017,LOC_00005,Night,422,4,0.0095,10.32,UNKNOWN
PROD_0291793,2023-04-30,MACH_001322,PROD_04143,LOC_00034,Evening,367,13,0.0354,2.25,Failed
PROD_0007708,2025-02-12,MACH_001234,PROD_02994,LOC_00227,Evening,272,9,0.0331,4.51,Completed
PROD_0131638,2023-03-09,MACH_001326,PROD_04926,LOC_00172,Night,181,4,0.0221,2.24,Completed
PROD_0196056,2025-08-24,MACH_000292,PROD_02239,LOC_00216,Night,184,6,0.0326,7.89,Completed
PROD_0205865,2025-03-03,MACH_000162,PROD_01479,LOC_00233,Night,281,1,0.0036,6.21,Completed
PROD_0069560,2022-10-24,MACH_000535,PROD_02680,LOC_00082,Night,411,10,0.0243,7.82,In Progress
PROD_0204778,2021-01-13,MACH_000046,PROD_01218,LOC_00059,Evening,328,2,0.0061,4.0,Completed
PROD_0214672,2021-05-21,MACH_001092,PROD_02121,LOC_00047,Evening,190,7,0.0368,7.32,Completed
PROD_0027022,2024-02-25,MACH_000215,PROD_03447,LOC_00154,Morning,413,9,0.0218,7.26,Completed
PROD_0272800,2021-05-10,MACH_000877,PROD_02205,LOC_00222,Night,289,0,0.0,5.19,UNKNOWN
PROD_0027068,2022-12-26,MACH_001011,PROD_00675,LOC_00012,Evening,305,8,0.0262,11.63,Completed
PROD_0282000,2022-02-16,MACH_001062,PROD_04378,LOC_00173,Morning,355,6,0.0169,11.97,Completed
PROD_0238380,2026-04-25,MACH_000189,PROD_02722,LOC_00053,Night,161,1,0.0062,4.87,Completed
PROD_0202291,2022-11-22,MACH_000264,PROD_00243,LOC_00187,Morning,435,3,0.0069,4.65,Completed
PROD_0042004,2021-05-03,MACH_000339,PROD_02914,LOC_00048,Evening,302,4,0.0132,11.03,Completed
PROD_0233733,2021-06-27,MACH_000202,PROD_02049,LOC_00110,Night,138,2,0.0145,3.15,Completed
PROD_0146402,2021-02-02,MACH_000473,PROD_04261,LOC_00012,Evening,339,13,0.0383,2.39,Completed
PROD_0246871,2023-04-09,MACH_000435,PROD_01371,LOC_00236,Evening,402,10,0.0249,8.05,Completed
PROD_0073587,2022-06-18,MACH_000551,PROD_03048,LOC_00217,Evening,88,3,0.0341,10.15,Completed
PROD_0245368,2024-08-26,MACH_000920,PROD_00036,LOC_00037,Morning,65,2,0.0308,5.55,UNKNOWN
PROD_0257198,2025-05-09,MACH_000772,PROD_01397,LOC_00094,Evening,487,19,0.039,3.39,Completed
PROD_0260153,2023-03-17,MACH_000074,PROD_04740,LOC_00203,Evening,336,0,0.0,9.87,In Progress
PROD_0156294,2022-12-23,MACH_000950,PROD_03509,LOC_00214,Night,247,2,0.0081,3.74,Completed
PROD_0287342,2024-10-05,MACH_000262,PROD_00664,LOC_00192,Morning,81,0,0.0,4.93,Completed
PROD_0205580,2026-04-07,MACH_000785,PROD_00873,LOC_00005,Night,468,17,0.0363,8.19,Completed
PROD_0073327,2025-06-14,MACH_000654,PROD_03912,LOC_00070,Night,318,6,0.0189,8.02,Completed
PROD_0012937,2021-09-15,MACH_001195,PROD_04293,LOC_00072,Night,285,11,0.0386,8.59,Completed
PROD_0291240,2023-08-27,MACH_000409,PROD_03788,LOC_00197,Night,53,0,0.0,7.36,Completed
PROD_0190934,2025-02-23,MACH_000346,PROD_01951,LOC_00027,Morning,319,4,0.0125,4.27,Completed
PROD_0137230,2021-10-12,MACH_001207,PROD_04231,LOC_00244,Evening,152,3,0.0197,7.56,Completed
PROD_0003020,2021-03-04,MACH_000318,PROD_01482,LOC_00201,Morning,349,2,0.0057,9.32,Completed
PROD_0042122,2022-10-02,MACH_001153,PROD_01746,LOC_00110,Night,113,1,0.0088,9.36,Completed
PROD_0081563,2026-03-18,MACH_000039,PROD_03776,LOC_00169,Evening,406,13,0.032,7.22,Completed
PROD_0248982,2021-01-15,MACH_000792,PROD_01757,LOC_00094,Evening,248,11,0.0444,3.61,Completed
PROD_0223714,2025-11-13,MACH_000473,PROD_02592,LOC_00106,Evening,137,2,0.0146,10.4,Completed
PROD_0123165,2024-01-08,MACH_000971,PROD_04545,LOC_00091,Night,384,17,0.0443,3.15,Completed
PROD_0246676,2021-12-26,MACH_000490,PROD_00802,LOC_00003,Night,55,1,0.0182,5.9,Completed
PROD_0150937,2023-06-08,MACH_001024,PROD_00681,LOC_00141,Night,126,5,0.0397,9.33,Completed
PROD_0276255,2021-10-14,MACH_000990,PROD_03209,LOC_00195,Morning,277,10,0.0361,7.63,Completed
PROD_0041493,2024-04-28,MACH_000889,PROD_03188,LOC_00086,Night,278,6,0.0216,4.53,Completed
PROD_0250819,2023-08-25,MACH_000076,PROD_02092,LOC_00062,Morning,445,5,0.0112,11.72,Completed
PROD_0097855,2023-08-20,MACH_000954,PROD_04358,LOC_00191,Night,300,12,0.04,2.33,Completed
PROD_0241345,2021-08-21,MACH_000711,PROD_00741,LOC_00057,Morning,202,8,0.0396,11.85,Completed
PROD_0037334,2022-05-13,MACH_000694,PROD_00439,LOC_00202,Night,239,8,0.0335,5.79,Completed
PROD_0094930,2023-05-09,MACH_000508,PROD_03747,LOC_00078,Morning,426,9,0.0211,11.37,Completed
PROD_0035711,2023-04-03,MACH_000898,PROD_04526,LOC_00019,Evening,313,6,0.0192,3.63,Completed
PROD_0091031,2023-03-09,MACH_000797,PROD_02827,LOC_00016,Evening,129,3,0.0233,4.93,Completed
PROD_0131939,2022-05-29,MACH_000032,PROD_02960,LOC_00051,Morning,164,1,0.0061,6.78,Completed
PROD_0036877,2022-05-11,MACH_001047,PROD_00956,LOC_00221,Morning,353,6,0.017,9.86,In Progress
PROD_0111516,2022-12-18,MACH_000453,PROD_02275,LOC_00032,Morning,373,15,0.0402,7.56,Completed
PROD_0237841,2025-04-28,MACH_000739,PROD_00381,LOC_00217,Night,68,2,0.0294,2.64,Completed
PROD_0021343,2025-08-13,MACH_001168,PROD_03110,LOC_00044,Evening,454,21,0.0463,3.04,Completed
PROD_0153229,2024-05-18,MACH_000034,PROD_03148,LOC_00056,Evening,401,16,0.0399,6.65,In Progress
PROD_0044655,2024-09-21,MACH_001254,PROD_03422,LOC_00148,Morning,280,0,0.0,6.47,Completed
PROD_0239436,2021-08-27,MACH_000963,PROD_02967,LOC_00213,Evening,457,1,0.0022,2.65,Completed
PROD_0258267,2022-02-28,MACH_000189,PROD_01290,LOC_00047,Evening,58,0,0.0,7.63,Completed
PROD_0243064,2022-09-26,MACH_000066,PROD_04437,LOC_00237,Morning,374,1,0.0027,8.89,Completed
PROD_0237380,2021-08-23,MACH_001443,PROD_01369,LOC_00071,Night,463,2,0.0043,6.06,Completed
PROD_0069377,2026-06-13,MACH_000290,PROD_02602,LOC_00152,Morning,409,19,0.0465,8.3,Completed
PROD_0007571,2022-04-01,MACH_000693,PROD_01164,LOC_00209,Morning,494,15,0.0304,11.72,Completed
PROD_0028668,2021-08-24,MACH_000745,PROD_00642,LOC_00090,Morning,329,0,0.0,9.89,Completed
PROD_0011784,2021-09-18,MACH_000390,PROD_00771,LOC_00113,Evening,227,9,0.0396,11.51,Completed
PROD_0212141,2023-01-19,MACH_001101,PROD_03649,LOC_00219,Night,452,18,0.0398,9.21,Completed
PROD_0014543,2022-08-16,MACH_000262,PROD_03931,LOC_00220,Night,412,6,0.0146,4.47,Completed
PROD_0196057,2024-06-14,MACH_000171,PROD_02385,LOC_00108,Evening,308,6,0.0195,8.5,Completed
PROD_0253514,2022-03-05,MACH_000465,PROD_03295,LOC_00031,Morning,65,1,0.0154,11.84,Completed
PROD_0289396,2022-11-05,MACH_001209,PROD_04643,LOC_00076,Night,135,0,0.0,10.09,Completed
PROD_0234637,2022-08-19,MACH_000535,PROD_04752,LOC_00171,Night,246,3,0.0122,9.41,Completed
PROD_0161278,2022-05-01,MACH_000322,PROD_00468,LOC_00203,Night,256,7,0.0273,5.04,Completed
PROD_0152305,2026-01-20,MACH_000095,PROD_01821,LOC_00220,Night,88,2,0.0227,7.2,Completed
PROD_0166482,2024-04-10,MACH_000140,PROD_01814,LOC_00059,Evening,182,7,0.0385,10.48,Completed
PROD_0013718,2024-04-27,MACH_000650,PROD_00273,LOC_00187,Night,221,5,0.0226,5.53,Completed
PROD_0249399,2022-02-23,MACH_001259,PROD_00145,LOC_00016,Evening,445,6,0.0135,6.77,Completed
PROD_0287953,2023-01-06,MACH_001495,PROD_00563,LOC_00114,Morning,214,5,0.0234,2.84,Completed
PROD_0082050,2022-05-01,MACH_000971,PROD_02082,LOC_00116,Morning,271,0,0.0,9.27,Completed
PROD_0098174,2021-12-21,MACH_001354,PROD_01740,LOC_00160,Night,128,4,0.0312,5.46,Completed
PROD_0087107,2025-04-01,MACH_000922,PROD_04358,LOC_00080,Evening,200,1,0.005,7.56,Completed
PROD_0018519,2024-01-15,MACH_001082,PROD_00433,LOC_00050,Evening,153,4,0.0261,11.22,In Progress
PROD_0010257,2021-04-14,MACH_000211,PROD_03207,LOC_00064,Night,495,5,0.0101,11.19,Completed
PROD_0085760,2025-01-01,MACH_001458,PROD_02241,LOC_00173,Evening,314,14,0.0446,2.35,Completed
PROD_0260563,2024-10-21,MACH_001078,PROD_04344,LOC_00210,Night,180,2,0.0111,6.85,Completed
PROD_0031941,2025-05-24,MACH_001172,PROD_03103,LOC_00181,Evening,124,4,0.0323,2.56,Completed
PROD_0116810,2025-05-08,MACH_000309,PROD_02282,LOC_00169,Night,376,5,0.0133,2.4,Completed
PROD_0082098,2021-05-08,MACH_000930,PROD_00872,LOC_00160,Evening,383,5,0.0131,9.28,Completed
PROD_0274155,2021-01-26,MACH_000441,PROD_00792,LOC_00121,Evening,340,4,0.0118,3.99,Completed
PROD_0128806,2021-08-26,MACH_001490,PROD_01268,LOC_00216,Morning,496,4,0.0081,6.22,Completed
PROD_0117712,2024-02-03,MACH_000525,PROD_01817,LOC_00036,Evening,52,0,0.0,3.76,Completed
PROD_0181195,2021-07-06,MACH_000624,PROD_03653,LOC_00110,Night,143,5,0.035,6.7,Completed
PROD_0075927,2022-10-17,MACH_000433,PROD_04112,LOC_00026,Evening,191,5,0.0262,4.26,Completed
PROD_0052094,2022-04-07,MACH_000076,PROD_04470,LOC_00240,Night,498,2,0.004,11.07,Completed
PROD_0065441,2023-07-08,MACH_001252,PROD_03348,LOC_00048,Morning,214,0,0.0,10.71,Completed
PROD_0113426,2024-06-10,MACH_000764,PROD_03193,LOC_00098,Morning,409,1,0.0024,3.41,Completed
PROD_0220883,2023-01-31,MACH_000238,PROD_01281,LOC_00021,Night,481,19,0.0395,11.47,Completed
PROD_0060509,2025-10-27,MACH_001356,PROD_04902,LOC_00235,Night,443,5,0.0113,5.49,Completed
PROD_0182197,2021-07-30,MACH_000285,PROD_03511,LOC_00205,Night,399,3,0.0075,10.42,Completed
PROD_0145371,2024-01-28,MACH_000677,PROD_00942,LOC_00079,Night,330,6,0.0182,7.98,Completed
PROD_0207771,2023-04-05,MACH_000483,PROD_01026,LOC_00135,Night,425,16,0.0376,4.3,Completed
PROD_0264525,2025-10-12,MACH_000656,PROD_03658,LOC_00161,Morning,298,6,0.0201,7.3,Completed
PROD_0092713,2021-10-07,MACH_000787,PROD_04285,LOC_00153,Evening,89,1,0.0112,3.65,Failed
PROD_0006055,2022-03-23,MACH_001100,PROD_01870,LOC_00041,Evening,339,1,0.0029,11.13,Completed
PROD_0286851,2021-12-03,MACH_001492,PROD_00888,LOC_00235,Evening,346,3,0.0087,10.81,Completed
PROD_0080349,2023-11-02,MACH_001105,PROD_01979,LOC_00114,Night,491,21,0.0428,10.74,Completed
PROD_0049307,2023-12-29,MACH_000571,PROD_02045,LOC_00203,Morning,136,1,0.0074,4.31,Completed
PROD_0145136,2023-03-05,MACH_001453,PROD_00417,LOC_00211,Night,408,1,0.0025,4.39,Completed
PROD_0258103,2021-03-27,MACH_000805,PROD_01750,LOC_00249,Morning,169,0,0.0,7.46,UNKNOWN
PROD_0199896,2024-01-27,MACH_000565,PROD_02100,LOC_00080,Evening,365,6,0.0164,10.0,Completed
PROD_0147377,2022-12-07,MACH_001119,PROD_02231,LOC_00031,Evening,133,0,0.0,11.5,Completed
PROD_0020847,2021-09-24,MACH_001220,PROD_01325,LOC_00007,Night,106,2,0.0189,5.82,Completed
PROD_0190059,2024-09-01,MACH_001307,PROD_02759,LOC_00084,Night,384,10,0.026,4.82,Completed
PROD_0080697,2022-11-08,MACH_000565,PROD_04167,LOC_00154,Evening,192,1,0.0052,9.74,Completed
PROD_0085665,2025-09-28,MACH_000423,PROD_04834,LOC_00165,Evening,167,6,0.0359,9.22,Completed
PROD_0250168,2023-08-17,MACH_000014,PROD_03431,LOC_00215,Evening,53,0,0.0,8.85,Completed
PROD_0043755,2022-03-23,MACH_000766,PROD_02926,LOC_00077,Morning,484,9,0.0186,9.85,Completed
PROD_0288658,2021-10-17,MACH_000480,PROD_03913,LOC_00225,Evening,355,8,0.0225,3.05,Completed
PROD_0157124,2021-08-18,MACH_001109,PROD_04796,LOC_00021,Evening,389,2,0.0051,3.49,Completed
PROD_0115731,2023-10-26,MACH_000514,PROD_00801,LOC_00129,Morning,121,5,0.0413,10.13,Completed
PROD_0098616,2022-02-07,MACH_000186,PROD_02405,LOC_00029,Night,62,2,0.0323,8.48,Completed
PROD_0113643,2022-12-29,MACH_000825,PROD_01965,LOC_00087,Night,226,8,0.0354,2.37,Completed
PROD_0165691,2022-04-19,MACH_000018,PROD_03586,LOC_00164,Night,488,3,0.0061,5.67,Completed
PROD_0254387,2024-03-19,MACH_000425,PROD_01240,LOC_00021,Night,273,5,0.0183,8.14,Completed
PROD_0271904,2021-06-09,MACH_000688,PROD_03241,LOC_00164,Morning,468,22,0.047,11.32,UNKNOWN
PROD_0063189,2023-07-24,MACH_000951,PROD_04133,LOC_00009,Night,460,14,0.0304,7.36,Completed
PROD_0128571,2022-03-17,MACH_000015,PROD_02712,LOC_00204,Night,87,0,0.0,5.05,Completed
PROD_0201522,2023-04-26,MACH_000498,PROD_01081,LOC_00126,Morning,370,10,0.027,5.23,Completed
PROD_0007846,2022-10-27,MACH_001223,PROD_03410,LOC_00038,Night,427,5,0.0117,9.65,Completed
PROD_0090798,2025-12-02,MACH_000574,PROD_00947,LOC_00113,Morning,185,3,0.0162,3.07,Completed
PROD_0209549,2023-01-04,MACH_001104,PROD_00526,LOC_00035,Evening,156,3,0.0192,9.9,Completed
PROD_0107954,2022-05-31,MACH_000609,PROD_04179,LOC_00128,Morning,427,8,0.0187,11.9,Completed
PROD_0136382,2021-09-01,MACH_000133,PROD_01441,LOC_00035,Evening,221,5,0.0226,5.41,Completed
PROD_0292413,2022-04-23,MACH_000424,PROD_03071,LOC_00179,Morning,123,0,0.0,4.02,Completed
PROD_0004169,2022-02-05,MACH_000761,PROD_01328,LOC_00248,Evening,496,10,0.0202,3.0,Completed
PROD_0213548,2023-01-27,MACH_000493,PROD_01700,LOC_00048,Morning,375,8,0.0213,4.81,Completed
PROD_0067625,2021-06-03,MACH_000093,PROD_03485,LOC_00008,Morning,110,3,0.0273,4.86,Completed
PROD_0040472,2024-09-20,MACH_000167,PROD_00816,LOC_00152,Night,435,11,0.0253,11.91,Completed
PROD_0060762,2022-09-21,MACH_000124,PROD_01013,LOC_00046,Morning,160,3,0.0187,5.7,Completed
PROD_0145319,2024-04-05,MACH_000429,PROD_02541,LOC_00144,Morning,165,0,0.0,9.2,Completed
PROD_0012641,2023-11-10,MACH_000725,PROD_03645,LOC_00061,Evening,276,12,0.0435,7.14,Completed
PROD_0065449,2021-06-04,MACH_000142,PROD_02966,LOC_00229,Morning,92,1,0.0109,10.21,Failed
PROD_0149999,2026-06-22,MACH_000217,PROD_00194,LOC_00034,Night,225,7,0.0311,10.44,UNKNOWN
PROD_0197759,2021-04-10,MACH_001021,PROD_00330,LOC_00221,Night,269,8,0.0297,5.23,Completed
PROD_0200320,2024-04-25,MACH_001385,PROD_00221,LOC_00016,Morning,363,1,0.0028,6.27,Completed
PROD_0146651,2022-08-27,MACH_001018,PROD_03587,LOC_00162,Evening,319,12,0.0376,10.75,Completed
PROD_0266249,2023-12-20,MACH_000256,PROD_01079,LOC_00090,Evening,315,0,0.0,9.56,Completed
PROD_0049926,2024-02-02,MACH_001138,PROD_03115,LOC_00133,Morning,80,1,0.0125,3.43,Completed
PROD_0133954,2023-03-07,MACH_000526,PROD_01274,LOC_00128,Evening,447,16,0.0358,10.28,Completed
PROD_0288089,2023-04-15,MACH_000536,PROD_01976,LOC_00062,Evening,62,1,0.0161,11.71,Completed
PROD_0223622,2026-02-10,MACH_001209,PROD_01944,LOC_00106,Evening,130,1,0.0077,3.96,Completed
PROD_0280666,2024-10-27,MACH_000421,PROD_03591,LOC_00152,Night,213,9,0.0423,3.64,Completed
PROD_0042460,2025-08-27,MACH_001313,PROD_03536,LOC_00194,Morning,483,19,0.0393,3.98,Completed
PROD_0086250,2025-03-04,MACH_000585,PROD_02685,LOC_00089,Evening,162,7,0.0432,4.15,Completed
PROD_0139942,2026-03-25,MACH_000441,PROD_03971,LOC_00165,Night,139,2,0.0144,3.41,Completed
PROD_0126576,2024-07-15,MACH_000999,PROD_04728,LOC_00216,Evening,272,6,0.0221,3.85,Completed
PROD_0024713,2025-04-19,MACH_000973,PROD_02724,LOC_00238,Night,285,10,0.0351,10.41,Completed
PROD_0183914,2023-08-13,MACH_001174,PROD_00530,LOC_00161,Night,451,3,0.0067,3.05,Completed
PROD_0000129,2025-10-29,MACH_000755,PROD_01956,LOC_00036,Evening,381,18,0.0472,9.72,Completed
PROD_0148662,2021-02-10,MACH_001172,PROD_00195,LOC_00042,Night,85,0,0.0,11.39,Completed
PROD_0093641,2026-06-16,MACH_000946,PROD_03957,LOC_00196,Night,233,7,0.03,4.53,Completed
PROD_0230529,2021-04-02,MACH_000226,PROD_03110,LOC_00005,Evening,263,10,0.038,2.08,In Progress
PROD_0229863,2021-09-15,MACH_001079,PROD_02380,LOC_00176,Night,434,3,0.0069,4.88,Completed
PROD_0231581,2026-06-14,MACH_000892,PROD_00016,LOC_00190,Evening,225,0,0.0,3.71,Failed
PROD_0129881,2023-10-03,MACH_000208,PROD_02164,LOC_00200,Night,347,3,0.0086,7.3,Completed
PROD_0002449,2021-08-18,MACH_000188,PROD_02800,LOC_00102,Evening,330,7,0.0212,4.1,Completed
PROD_0146077,2022-06-07,MACH_001483,PROD_02311,LOC_00088,Night,152,4,0.0263,4.88,Completed
PROD_0094766,2025-03-27,MACH_000717,PROD_01668,LOC_00184,Evening,79,0,0.0,9.03,Completed
PROD_0043881,2023-06-15,MACH_000658,PROD_01753,LOC_00230,Evening,470,21,0.0447,7.43,Completed
PROD_0054376,2025-03-19,MACH_001119,PROD_00372,LOC_00072,Night,213,9,0.0423,8.67,Completed
PROD_0216589,2023-10-04,MACH_000510,PROD_01470,LOC_00165,Evening,93,0,0.0,10.43,Completed
PROD_0090533,2026-01-11,MACH_000240,PROD_00710,LOC_00250,Evening,152,0,0.0,10.01,Completed
PROD_0156011,2025-12-02,MACH_001099,PROD_02276,LOC_00137,Night,325,13,0.04,7.92,Completed
PROD_0046120,2021-09-21,MACH_001004,PROD_01745,LOC_00147,Morning,484,4,0.0083,3.73,Completed
PROD_0150137,2021-07-17,MACH_000702,PROD_02424,LOC_00108,Night,396,11,0.0278,5.17,Completed
PROD_0071001,2022-07-25,MACH_001045,PROD_00501,LOC_00205,Night,454,5,0.011,8.22,Completed
PROD_0112436,2024-03-23,MACH_000301,PROD_03949,LOC_00183,Morning,407,15,0.0369,8.65,Completed
PROD_0080024,2022-12-31,MACH_000091,PROD_03259,LOC_00214,Night,338,7,0.0207,8.46,Completed
PROD_0142974,2025-10-03,MACH_000414,PROD_01551,LOC_00119,Night,153,6,0.0392,3.92,Completed
PROD_0093518,2023-12-18,MACH_000906,PROD_01631,LOC_00186,Night,129,4,0.031,3.61,In Progress
PROD_0114555,2023-05-27,MACH_000224,PROD_01534,LOC_00001,Morning,233,2,0.0086,5.24,Completed
PROD_0158628,2025-04-06,MACH_000610,PROD_00641,LOC_00115,Evening,457,16,0.035,4.47,Completed
PROD_0146407,2024-08-26,MACH_001474,PROD_00290,LOC_00245,Evening,116,1,0.0086,3.12,Completed
PROD_0125559,2025-02-25,MACH_000791,PROD_01260,LOC_00043,Night,100,0,0.0,6.31,Completed
PROD_0242667,2023-07-13,MACH_000728,PROD_04252,LOC_00137,Morning,86,0,0.0,2.3,Completed
PROD_0183833,2025-06-16,MACH_000409,PROD_00617,LOC_00089,Morning,431,17,0.0394,6.85,Completed
PROD_0145537,2021-03-09,MACH_000613,PROD_03881,LOC_00239,Night,55,0,0.0,4.08,Completed
PROD_0052973,2023-09-05,MACH_001234,PROD_00956,LOC_00111,Morning,357,14,0.0392,8.02,Completed
PROD_0262550,2024-02-04,MACH_000472,PROD_01716,LOC_00106,Evening,252,11,0.0437,9.76,Completed
PROD_0267061,2022-10-31,MACH_000407,PROD_04756,LOC_00046,Evening,451,0,0.0,11.26,In Progress
PROD_0225838,2022-05-04,MACH_000277,PROD_00361,LOC_00088,Night,242,8,0.0331,9.75,Completed
PROD_0079042,2023-06-30,MACH_000479,PROD_00882,LOC_00088,Morning,476,8,0.0168,5.28,Completed
PROD_0191574,2024-09-13,MACH_000176,PROD_02255,LOC_00191,Night,139,1,0.0072,5.18,Completed
PROD_0107558,2023-02-07,MACH_000103,PROD_02850,LOC_00024,Evening,73,1,0.0137,9.97,Completed
PROD_0117244,2023-11-05,MACH_000598,PROD_04058,LOC_00244,Morning,332,4,0.012,6.99,Completed
PROD_0083966,2022-11-10,MACH_000869,PROD_01656,LOC_00248,Night,387,6,0.0155,5.5,Failed
PROD_0151847,2022-08-27,MACH_000151,PROD_03484,LOC_00096,Morning,465,10,0.0215,11.98,Completed
PROD_0220884,2024-09-26,MACH_000522,PROD_02034,LOC_00057,Night,443,9,0.0203,3.09,Completed
PROD_0005605,2021-06-28,MACH_000414,PROD_00692,LOC_00037,Night,349,6,0.0172,4.89,Completed
PROD_0173133,2024-03-28,MACH_000332,PROD_02127,LOC_00221,Night,169,0,0.0,2.1,Failed
PROD_0224721,2022-10-21,MACH_000757,PROD_02251,LOC_00064,Night,271,5,0.0185,6.24,Completed
PROD_0065616,2021-01-02,MACH_000364,PROD_01686,LOC_00213,Morning,398,3,0.0075,7.61,Completed
PROD_0046571,2021-06-06,MACH_000280,PROD_01851,LOC_00004,Morning,129,4,0.031,10.79,Completed
PROD_0118381,2025-11-15,MACH_001320,PROD_02391,LOC_00200,Morning,388,2,0.0052,7.04,Completed
PROD_0246328,2023-03-28,MACH_000224,PROD_03685,LOC_00019,Evening,146,0,0.0,2.28,Completed
PROD_0105767,2021-09-19,MACH_000457,PROD_00504,LOC_00020,Morning,169,6,0.0355,5.52,Completed
PROD_0281027,2022-05-12,MACH_001147,PROD_00195,LOC_00223,Night,262,3,0.0115,10.52,Completed
PROD_0279112,2022-07-08,MACH_001369,PROD_03238,LOC_00088,Evening,203,9,0.0443,7.12,UNKNOWN
PROD_0272716,2021-06-25,MACH_000803,PROD_00069,LOC_00242,Morning,201,7,0.0348,11.49,Completed
PROD_0285987,2021-03-08,MACH_000658,PROD_00637,LOC_00098,Evening,153,5,0.0327,7.49,In Progress
PROD_0144736,2026-05-29,MACH_000057,PROD_00197,LOC_00072,Evening,297,4,0.0135,6.46,Completed
PROD_0291821,2025-05-08,MACH_000718,PROD_00356,LOC_00233,Morning,285,5,0.0175,3.81,Completed
PROD_0137574,2024-04-21,MACH_000484,PROD_01690,LOC_00002,Night,413,14,0.0339,2.66,Completed
PROD_0087738,2024-08-28,MACH_000043,PROD_02207,LOC_00110,Evening,498,20,0.0402,5.14,Completed
PROD_0150895,2022-03-11,MACH_001494,PROD_01904,LOC_00187,Morning,419,6,0.0143,11.77,Completed
PROD_0024437,2025-07-18,MACH_001317,PROD_01689,LOC_00043,Evening,439,3,0.0068,8.18,Completed
PROD_0204385,2023-07-19,MACH_000684,PROD_01837,LOC_00005,Evening,413,0,0.0,8.07,Completed
PROD_0299029,2025-05-23,MACH_001200,PROD_04723,LOC_00150,Night,414,6,0.0145,6.23,Completed
PROD_0243058,2021-03-20,MACH_001490,PROD_03509,LOC_00226,Morning,134,5,0.0373,8.24,Completed
PROD_0114800,2023-03-02,MACH_000671,PROD_00251,LOC_00011,Morning,120,1,0.0083,6.57,Completed
PROD_0072358,2024-01-05,MACH_000133,PROD_03096,LOC_00185,Night,408,7,0.0172,9.75,Completed
PROD_0268105,2023-10-24,MACH_001215,PROD_03814,LOC_00046,Night,236,6,0.0254,4.97,Completed
PROD_0180138,2023-12-26,MACH_000652,PROD_04103,LOC_00197,Evening,415,0,0.0,6.5,UNKNOWN
PROD_0213389,2024-08-31,MACH_000898,PROD_00817,LOC_00182,Night,410,5,0.0122,8.62,Completed
PROD_0002686,2025-11-14,MACH_001343,PROD_01262,LOC_00033,Morning,318,10,0.0314,8.88,Completed
PROD_0135136,2023-11-30,MACH_001288,PROD_04460,LOC_00164,Morning,474,0,0.0,8.54,UNKNOWN
PROD_0092328,2023-10-04,MACH_001057,PROD_02456,LOC_00225,Night,90,1,0.0111,10.3,Completed
PROD_0004096,2024-04-17,MACH_001015,PROD_02974,LOC_00006,Morning,481,2,0.0042,11.41,Completed
PROD_0002046,2024-01-27,MACH_001233,PROD_00903,LOC_00017,Night,378,9,0.0238,8.71,Completed
PROD_0243335,2021-05-30,MACH_000941,PROD_02763,LOC_00155,Evening,451,3,0.0067,7.41,Completed
PROD_0220148,2021-04-29,MACH_001325,PROD_01479,LOC_00069,Night,119,1,0.0084,5.14,Completed
PROD_0282438,2022-01-10,MACH_000740,PROD_02486,LOC_00008,Morning,57,1,0.0175,8.57,Completed
PROD_0008753,2021-11-23,MACH_001367,PROD_03390,LOC_00103,Morning,358,13,0.0363,4.81,Completed
PROD_0191885,2023-03-08,MACH_001247,PROD_03835,LOC_00220,Morning,89,0,0.0,2.2,UNKNOWN
PROD_0237562,2022-06-08,MACH_001387,PROD_04458,LOC_00046,Evening,240,0,0.0,6.19,Completed
PROD_0295923,2021-11-30,MACH_000837,PROD_00139,LOC_00013,Night,344,3,0.0087,8.61,Completed
PROD_0274157,2023-12-12,MACH_001157,PROD_00242,LOC_00060,Morning,426,12,0.0282,2.09,Completed
PROD_0149552,2022-04-19,MACH_000643,PROD_03203,LOC_00022,Morning,397,10,0.0252,11.09,Completed
PROD_0081947,2024-07-26,MACH_000091,PROD_00532,LOC_00119,Evening,372,15,0.0403,11.29,Completed
PROD_0267427,2026-05-28,MACH_000166,PROD_04362,LOC_00194,Evening,242,7,0.0289,10.9,Completed
PROD_0169183,2025-12-27,MACH_000376,PROD_01904,LOC_00010,Morning,74,0,0.0,5.63,Completed
PROD_0143071,2023-11-18,MACH_000297,PROD_02351,LOC_00164,Morning,106,4,0.0377,3.96,Completed
PROD_0038478,2023-06-23,MACH_000050,PROD_04361,LOC_00104,Night,170,0,0.0,6.0,Completed
PROD_0147348,2024-10-23,MACH_001062,PROD_00101,LOC_00076,Evening,417,1,0.0024,6.28,Completed
PROD_0029971,2021-06-06,MACH_000815,PROD_04203,LOC_00222,Morning,115,2,0.0174,6.02,Completed
PROD_0145412,2025-03-05,MACH_000198,PROD_01445,LOC_00038,Evening,120,3,0.025,10.54,Completed
PROD_0248475,2022-03-06,MACH_000936,PROD_03303,LOC_00236,Morning,245,8,0.0327,6.01,Completed
PROD_0083432,2024-06-27,MACH_000386,PROD_01491,LOC_00242,Morning,454,3,0.0066,11.72,Completed
PROD_0068222,2021-04-05,MACH_000395,PROD_03168,LOC_00025,Evening,333,4,0.012,8.31,Completed
PROD_0131906,2021-11-07,MACH_000437,PROD_01747,LOC_00040,Evening,357,1,0.0028,6.35,Completed
PROD_0044319,2025-11-11,MACH_000298,PROD_04234,LOC_00207,Morning,465,1,0.0022,8.03,Completed
PROD_0037830,2026-02-06,MACH_000019,PROD_04914,LOC_00105,Morning,57,1,0.0175,9.1,Completed
PROD_0191927,2023-08-16,MACH_001181,PROD_03421,LOC_00239,Evening,128,5,0.0391,7.53,Completed
PROD_0270991,2024-12-11,MACH_001357,PROD_03396,LOC_00086,Evening,488,14,0.0287,2.8,Completed
PROD_0020763,2021-05-12,MACH_000531,PROD_01504,LOC_00156,Night,456,4,0.0088,4.53,Completed
PROD_0194987,2022-03-19,MACH_000488,PROD_00542,LOC_00206,Night,167,7,0.0419,2.97,Failed
PROD_0137316,2025-07-31,MACH_001234,PROD_03274,LOC_00144,Night,389,14,0.036,8.19,In Progress
PROD_0242070,2023-10-24,MACH_001423,PROD_00360,LOC_00143,Morning,227,6,0.0264,2.79,Completed
PROD_0004892,2024-10-28,MACH_000354,PROD_00281,LOC_00066,Evening,379,15,0.0396,4.74,Completed
PROD_0007795,2026-06-11,MACH_000883,PROD_02460,LOC_00228,Evening,411,2,0.0049,5.35,Completed
PROD_0195317,2021-12-10,MACH_000757,PROD_02738,LOC_00115,Evening,475,17,0.0358,10.08,Completed
PROD_0049817,2024-03-23,MACH_001218,PROD_01224,LOC_00025,Evening,244,6,0.0246,7.21,Completed
PROD_0140170,2023-07-13,MACH_000617,PROD_02576,LOC_00164,Evening,397,5,0.0126,6.55,Completed
PROD_0229548,2022-05-16,MACH_001225,PROD_03206,LOC_00002,Evening,204,6,0.0294,7.82,Completed
PROD_0212819,2022-04-25,MACH_000181,PROD_02199,LOC_00033,Night,224,9,0.0402,3.08,Completed
PROD_0163739,2024-04-09,MACH_000644,PROD_03761,LOC_00016,Morning,234,7,0.0299,2.26,Completed
PROD_0073625,2024-03-14,MACH_001216,PROD_02242,LOC_00081,Evening,187,2,0.0107,8.16,Completed
PROD_0103235,2025-07-24,MACH_000873,PROD_02661,LOC_00107,Evening,472,18,0.0381,9.05,Completed
PROD_0296871,2024-08-23,MACH_000689,PROD_04802,LOC_00197,Evening,236,7,0.0297,10.05,Completed
PROD_0281569,2024-10-06,MACH_000602,PROD_02252,LOC_00185,Evening,67,1,0.0149,2.47,Completed
PROD_0073588,2025-05-22,MACH_000671,PROD_00174,LOC_00238,Night,442,14,0.0317,9.55,Completed
PROD_0184390,2023-12-31,MACH_001371,PROD_04646,LOC_00202,Morning,154,1,0.0065,9.46,Completed
PROD_0125454,2026-02-25,MACH_000668,PROD_03173,LOC_00162,Night,217,5,0.023,7.37,Completed
PROD_0027364,2021-06-13,MACH_001153,PROD_00805,LOC_00242,Morning,310,10,0.0323,6.27,In Progress
PROD_0101881,2022-12-18,MACH_000730,PROD_04317,LOC_00026,Evening,429,14,0.0326,10.01,Completed
PROD_0049962,2021-03-09,MACH_000534,PROD_01697,LOC_00221,Evening,174,1,0.0057,10.81,Completed
PROD_0193246,2023-08-19,MACH_000016,PROD_00714,LOC_00058,Morning,281,4,0.0142,10.54,Completed
PROD_0234861,2024-01-24,MACH_000184,PROD_03587,LOC_00196,Evening,100,2,0.02,9.98,Completed
PROD_0126882,2025-11-04,MACH_000828,PROD_00757,LOC_00081,Evening,319,12,0.0376,9.83,Completed
PROD_0277772,2026-03-16,MACH_000524,PROD_04501,LOC_00221,Evening,240,9,0.0375,5.27,Completed
PROD_0182521,2021-02-13,MACH_000086,PROD_00465,LOC_00198,Morning,467,5,0.0107,5.82,Completed
PROD_0068331,2022-10-09,MACH_001255,PROD_02092,LOC_00017,Evening,219,4,0.0183,9.96,Completed
PROD_0110472,2025-09-04,MACH_000895,PROD_04563,LOC_00146,Morning,307,7,0.0228,11.35,Completed
PROD_0117436,2024-10-20,MACH_001455,PROD_03340,LOC_00124,Evening,220,3,0.0136,3.64,Completed
PROD_0073325,2022-06-17,MACH_000458,PROD_01542,LOC_00070,Evening,130,4,0.0308,2.68,In Progress
PROD_0078011,2026-03-30,MACH_000913,PROD_02249,LOC_00144,Morning,133,5,0.0376,8.9,Completed
PROD_0265544,2026-04-21,MACH_000420,PROD_04223,LOC_00108,Night,420,13,0.031,10.98,UNKNOWN
PROD_0121017,2021-04-20,MACH_000814,PROD_03403,LOC_00125,Evening,92,0,0.0,7.51,Completed
PROD_0236901,2024-03-07,MACH_000739,PROD_02868,LOC_00037,Morning,375,4,0.0107,7.68,In Progress
PROD_0077559,2022-01-12,MACH_001253,PROD_01427,LOC_00077,Morning,199,0,0.0,7.15,Completed
PROD_0195675,2024-08-23,MACH_001206,PROD_04754,LOC_00124,Evening,320,7,0.0219,6.06,Completed
PROD_0254677,2025-09-10,MACH_000126,PROD_03224,LOC_00184,Evening,56,0,0.0,7.01,Completed
PROD_0120008,2024-01-09,MACH_001279,PROD_00222,LOC_00034,Morning,245,9,0.0367,3.26,Completed
PROD_0293338,2024-08-08,MACH_000421,PROD_03941,LOC_00079,Evening,328,9,0.0274,9.04,Completed
PROD_0056820,2022-03-25,MACH_000595,PROD_02986,LOC_00239,Night,215,6,0.0279,11.45,Completed
PROD_0177393,2022-05-11,MACH_001123,PROD_03543,LOC_00036,Night,177,7,0.0395,4.16,Completed
PROD_0071250,2023-05-05,MACH_000527,PROD_00983,LOC_00190,Morning,361,9,0.0249,5.76,Completed
PROD_0234599,2026-02-09,MACH_000681,PROD_00032,LOC_00113,Evening,467,6,0.0128,2.2,Completed
PROD_0093420,2021-10-19,MACH_001401,PROD_00460,LOC_00177,Night,455,10,0.022,6.99,Completed
PROD_0097867,2025-05-19,MACH_000806,PROD_03681,LOC_00244,Morning,138,5,0.0362,4.93,In Progress
PROD_0088392,2026-01-31,MACH_000444,PROD_03683,LOC_00122,Evening,184,1,0.0054,6.45,Failed
PROD_0030303,2026-02-05,MACH_001220,PROD_00336,LOC_00244,Evening,326,11,0.0337,8.55,Completed
PROD_0011099,2023-07-09,MACH_000427,PROD_04532,LOC_00079,Evening,330,6,0.0182,5.93,Completed
PROD_0155499,2025-11-28,MACH_000390,PROD_01465,LOC_00081,Night,255,10,0.0392,3.63,Completed
PROD_0241663,2023-01-13,MACH_001060,PROD_02295,LOC_00019,Night,215,4,0.0186,8.46,Completed
PROD_0155276,2025-12-29,MACH_000512,PROD_04088,LOC_00177,Night,401,11,0.0274,11.1,Completed
PROD_0236847,2021-01-26,MACH_000787,PROD_03756,LOC_00065,Morning,476,18,0.0378,4.65,Completed
PROD_0106967,2023-07-09,MACH_001014,PROD_04436,LOC_00143,Night,90,0,0.0,4.08,Completed
PROD_0108299,2023-04-06,MACH_000466,PROD_03231,LOC_00007,Evening,110,3,0.0273,8.18,Completed
PROD_0143197,2021-03-23,MACH_001454,PROD_00685,LOC_00079,Morning,218,6,0.0275,8.54,Completed
PROD_0059430,2024-04-10,MACH_000603,PROD_03743,LOC_00076,Night,414,15,0.0362,11.7,Completed
PROD_0124054,2025-04-29,MACH_001471,PROD_03007,LOC_00149,Night,151,1,0.0066,3.02,Completed
PROD_0239591,2024-10-28,MACH_001066,PROD_00443,LOC_00069,Morning,319,8,0.0251,11.83,Completed
PROD_0289084,2026-02-07,MACH_001072,PROD_04285,LOC_00118,Morning,361,13,0.036,10.31,Completed
PROD_0228967,2022-10-25,MACH_000835,PROD_01913,LOC_00121,Night,309,9,0.0291,3.62,Completed
PROD_0296366,2023-09-14,MACH_000146,PROD_01266,LOC_00045,Evening,191,4,0.0209,8.78,Completed
PROD_0201220,2023-01-11,MACH_000096,PROD_00294,LOC_00030,Evening,413,15,0.0363,4.77,Completed
PROD_0003647,2025-05-22,MACH_000936,PROD_01798,LOC_00076,Night,493,14,0.0284,4.21,Completed
PROD_0143579,2025-07-29,MACH_000121,PROD_00373,LOC_00071,Evening,74,2,0.027,3.79,Completed
PROD_0069357,2022-08-19,MACH_000171,PROD_00003,LOC_00130,Morning,361,12,0.0332,2.42,Completed
PROD_0196715,2024-05-27,MACH_001282,PROD_03891,LOC_00167,Evening,56,1,0.0179,8.0,Completed
PROD_0167946,2023-11-20,MACH_001095,PROD_00544,LOC_00110,Evening,214,8,0.0374,8.86,Completed
PROD_0298662,2023-10-11,MACH_000692,PROD_02934,LOC_00067,Evening,280,7,0.025,4.63,Completed
PROD_0230264,2021-01-17,MACH_001332,PROD_00692,LOC_00067,Morning,197,1,0.0051,3.91,UNKNOWN
PROD_0299333,2021-02-07,MACH_001424,PROD_01528,LOC_00240,Morning,165,2,0.0121,6.97,In Progress
PROD_0031965,2024-07-28,MACH_001406,PROD_03503,LOC_00011,Night,124,5,0.0403,7.64,Completed
PROD_0081987,2022-12-06,MACH_000808,PROD_01801,LOC_00188,Evening,155,2,0.0129,5.84,Completed
PROD_0009311,2024-03-08,MACH_000257,PROD_00681,LOC_00138,Night,277,2,0.0072,11.37,Completed
PROD_0258872,2021-06-11,MACH_000049,PROD_04849,LOC_00130,Night,78,0,0.0,11.62,Completed
PROD_0277901,2024-01-14,MACH_000804,PROD_04305,LOC_00244,Evening,234,6,0.0256,4.8,Completed
PROD_0022043,2021-03-17,MACH_000488,PROD_02305,LOC_00130,Evening,334,3,0.009,8.6,Completed
PROD_0190909,2025-05-26,MACH_000720,PROD_03117,LOC_00092,Morning,236,10,0.0424,9.18,In Progress
PROD_0035769,2022-09-05,MACH_000870,PROD_01363,LOC_00195,Morning,88,2,0.0227,9.49,Completed
PROD_0165744,2022-05-25,MACH_000469,PROD_02940,LOC_00071,Morning,315,7,0.0222,5.63,Completed
PROD_0264655,2021-02-16,MACH_000595,PROD_01408,LOC_00025,Night,395,8,0.0203,6.86,Completed
PROD_0291795,2021-05-05,MACH_000811,PROD_04203,LOC_00140,Morning,59,1,0.0169,5.71,Completed
PROD_0100037,2024-06-26,MACH_001283,PROD_04781,LOC_00024,Evening,387,4,0.0103,4.24,Completed
PROD_0177388,2025-04-03,MACH_001083,PROD_03048,LOC_00018,Morning,117,0,0.0,5.84,Completed
PROD_0051010,2021-06-08,MACH_000130,PROD_02862,LOC_00029,Morning,55,1,0.0182,7.67,Completed
PROD_0019383,2021-08-27,MACH_001395,PROD_00435,LOC_00084,Night,421,19,0.0451,5.76,In Progress
PROD_0284926,2025-08-22,MACH_000554,PROD_00268,LOC_00225,Night,91,1,0.011,7.12,Completed
PROD_0036121,2023-03-07,MACH_000276,PROD_03358,LOC_00141,Evening,175,6,0.0343,9.66,Completed
PROD_0143834,2025-04-01,MACH_000970,PROD_00662,LOC_00034,Evening,370,17,0.0459,3.62,Completed
PROD_0023475,2021-05-20,MACH_000630,PROD_02164,LOC_00224,Morning,330,6,0.0182,10.26,Completed
PROD_0228672,2024-02-08,MACH_000732,PROD_01051,LOC_00109,Morning,106,0,0.0,7.42,Completed
PROD_0097708,2025-05-23,MACH_001206,PROD_03077,LOC_00066,Evening,132,5,0.0379,6.46,UNKNOWN
PROD_0296132,2021-10-10,MACH_001086,PROD_02653,LOC_00023,Night,460,11,0.0239,5.32,Completed
PROD_0156340,2022-04-09,MACH_000781,PROD_02080,LOC_00026,Morning,390,0,0.0,4.19,Completed
PROD_0279023,2022-04-27,MACH_000544,PROD_04705,LOC_00226,Night,133,5,0.0376,7.91,Completed
PROD_0107709,2022-10-25,MACH_000873,PROD_01862,LOC_00110,Evening,362,2,0.0055,7.36,Completed
PROD_0113483,2025-01-12,MACH_001191,PROD_00985,LOC_00182,Morning,94,0,0.0,10.88,Completed
PROD_0047376,2022-11-07,MACH_000830,PROD_00490,LOC_00176,Night,406,7,0.0172,2.67,Completed
PROD_0116499,2021-08-27,MACH_000527,PROD_00055,LOC_00031,Evening,408,9,0.0221,7.84,Completed
PROD_0249038,2026-05-08,MACH_000414,PROD_00290,LOC_00011,Morning,116,1,0.0086,11.6,Completed
PROD_0128402,2025-10-22,MACH_000602,PROD_04487,LOC_00209,Night,241,9,0.0373,7.09,Completed
PROD_0203497,2022-12-21,MACH_001050,PROD_01369,LOC_00145,Night,483,22,0.0455,2.42,Completed
PROD_0239698,2024-02-20,MACH_001290,PROD_02170,LOC_00241,Night,215,0,0.0,9.77,Completed
PROD_0127682,2023-11-05,MACH_001465,PROD_02815,LOC_00115,Night,370,7,0.0189,6.87,Completed
PROD_0242665,2025-11-01,MACH_000385,PROD_00822,LOC_00036,Evening,345,6,0.0174,10.51,Completed
PROD_0040363,2022-03-08,MACH_001383,PROD_01769,LOC_00053,Morning,73,1,0.0137,6.55,Completed
PROD_0283566,2023-06-02,MACH_001416,PROD_01287,LOC_00143,Evening,438,13,0.0297,6.28,Completed
PROD_0100971,2025-03-06,MACH_001495,PROD_00638,LOC_00211,Evening,419,5,0.0119,9.75,Completed
PROD_0011965,2023-04-26,MACH_000560,PROD_04808,LOC_00156,Evening,428,15,0.035,2.23,Completed
PROD_0195127,2025-09-28,MACH_001075,PROD_02223,LOC_00215,Morning,455,17,0.0374,9.96,Completed
PROD_0074996,2025-12-17,MACH_000619,PROD_00070,LOC_00092,Morning,54,0,0.0,8.57,Completed
PROD_0273034,2024-09-07,MACH_000884,PROD_03413,LOC_00043,Night,235,3,0.0128,8.55,Completed
PROD_0232052,2026-06-22,MACH_000417,PROD_01356,LOC_00161,Night,61,0,0.0,10.34,Completed
PROD_0118973,2026-04-14,MACH_000574,PROD_03111,LOC_00026,Morning,332,11,0.0331,10.98,Completed
PROD_0094336,2025-05-17,MACH_000643,PROD_00337,LOC_00161,Night,370,8,0.0216,6.44,Completed
PROD_0082840,2025-04-13,MACH_000539,PROD_01588,LOC_00046,Morning,492,10,0.0203,4.42,Completed
PROD_0087364,2021-09-25,MACH_000641,PROD_00430,LOC_00044,Morning,432,7,0.0162,4.78,Completed
PROD_0244794,2023-03-13,MACH_000530,PROD_03030,LOC_00102,Evening,112,0,0.0,8.99,Completed
PROD_0001404,2025-05-12,MACH_000649,PROD_03821,LOC_00097,Evening,379,16,0.0422,7.1,Completed
PROD_0149013,2022-06-13,MACH_001087,PROD_00133,LOC_00120,Morning,421,0,0.0,6.75,Completed
PROD_0129353,2025-07-16,MACH_001418,PROD_02929,LOC_00014,Night,245,2,0.0082,3.95,Completed
PROD_0282950,2026-06-12,MACH_000433,PROD_00168,LOC_00088,Night,336,14,0.0417,10.23,Completed
PROD_0092423,2024-11-23,MACH_001354,PROD_03157,LOC_00065,Morning,74,0,0.0,4.75,Completed
PROD_0215735,2023-08-27,MACH_000669,PROD_02694,LOC_00245,Evening,220,10,0.0455,6.47,Completed
PROD_0017794,2024-07-01,MACH_000955,PROD_00680,LOC_00142,Morning,184,1,0.0054,3.65,Completed
PROD_0182426,2022-08-21,MACH_000117,PROD_03520,LOC_00141,Evening,227,4,0.0176,2.9,Completed
PROD_0220872,2025-04-19,MACH_001096,PROD_04912,LOC_00058,Evening,200,7,0.035,2.47,Completed
PROD_0058998,2025-09-28,MACH_001246,PROD_02283,LOC_00127,Evening,113,2,0.0177,8.0,Completed
PROD_0088031,2022-08-11,MACH_000098,PROD_02958,LOC_00021,Evening,83,0,0.0,11.78,Completed
PROD_0044541,2023-07-02,MACH_001222,PROD_02800,LOC_00233,Morning,421,1,0.0024,6.11,Completed
PROD_0281883,2024-12-28,MACH_000969,PROD_02496,LOC_00149,Morning,85,2,0.0235,7.6,Completed
PROD_0107440,2021-12-12,MACH_000050,PROD_01302,LOC_00210,Evening,83,2,0.0241,6.56,Completed
PROD_0150434,2026-05-19,MACH_001352,PROD_03130,LOC_00095,Morning,241,11,0.0456,6.61,In Progress
PROD_0080532,2023-05-04,MACH_000670,PROD_04366,LOC_00080,Night,241,10,0.0415,4.34,Completed
PROD_0290191,2022-12-24,MACH_000355,PROD_02609,LOC_00122,Night,201,1,0.005,5.31,Completed
PROD_0050870,2024-04-19,MACH_001098,PROD_00831,LOC_00058,Morning,64,1,0.0156,6.51,Completed
PROD_0078809,2022-12-15,MACH_000123,PROD_02546,LOC_00023,Morning,139,3,0.0216,7.8,Completed
PROD_0177314,2021-11-05,MACH_001382,PROD_04568,LOC_00087,Evening,176,4,0.0227,4.9,Completed
PROD_0183203,2023-05-07,MACH_000555,PROD_04423,LOC_00191,Morning,189,7,0.037,4.86,Completed
PROD_0109720,2023-11-18,MACH_000216,PROD_02988,LOC_00133,Morning,129,5,0.0388,6.38,Completed
PROD_0018315,2023-09-26,MACH_000625,PROD_00319,LOC_00158,Morning,481,3,0.0062,5.38,Completed
PROD_0090236,2022-02-25,MACH_000615,PROD_01980,LOC_00201,Morning,358,11,0.0307,6.93,Completed
PROD_0213617,2023-12-06,MACH_000556,PROD_01991,LOC_00049,Evening,127,5,0.0394,4.82,Completed
PROD_0151472,2021-04-03,MACH_001073,PROD_02658,LOC_00238,Night,307,2,0.0065,5.92,UNKNOWN
PROD_0139391,2024-03-25,MACH_000225,PROD_02195,LOC_00149,Evening,263,11,0.0418,8.78,Completed
PROD_0216184,2022-02-02,MACH_001336,PROD_01349,LOC_00154,Night,189,6,0.0317,10.05,Completed
PROD_0080702,2025-03-10,MACH_000643,PROD_02994,LOC_00239,Night,374,14,0.0374,7.22,Completed
PROD_0162664,2021-05-10,MACH_000984,PROD_02056,LOC_00067,Morning,491,21,0.0428,5.87,Completed
PROD_0012295,2024-02-28,MACH_000233,PROD_00793,LOC_00055,Morning,339,3,0.0088,7.19,Completed
PROD_0184278,2025-12-25,MACH_001198,PROD_03412,LOC_00105,Night,207,7,0.0338,8.17,Completed
PROD_0146640,2022-09-14,MACH_000576,PROD_01523,LOC_00234,Morning,379,3,0.0079,9.92,Completed
PROD_0231165,2023-07-05,MACH_000849,PROD_03038,LOC_00176,Morning,130,5,0.0385,10.18,Completed
PROD_0028264,2024-10-09,MACH_001049,PROD_03437,LOC_00244,Morning,213,0,0.0,5.06,Completed
PROD_0225622,2021-07-18,MACH_000822,PROD_02866,LOC_00160,Morning,339,9,0.0265,6.06,Completed
PROD_0157813,2022-01-15,MACH_001458,PROD_01972,LOC_00221,Night,484,21,0.0434,9.9,Completed
PROD_0243445,2022-11-24,MACH_000859,PROD_03911,LOC_00215,Evening,287,12,0.0418,4.62,Completed
PROD_0138638,2023-05-13,MACH_001204,PROD_00520,LOC_00136,Night,127,1,0.0079,10.12,Completed
PROD_0089229,2023-04-17,MACH_000813,PROD_00419,LOC_00019,Morning,473,7,0.0148,11.28,Completed
PROD_0167716,2021-01-31,MACH_000024,PROD_00569,LOC_00216,Evening,495,8,0.0162,10.43,Completed
PROD_0227354,2022-12-20,MACH_001491,PROD_02980,LOC_00033,Morning,275,7,0.0255,8.36,In Progress
PROD_0251551,2026-03-26,MACH_000937,PROD_02334,LOC_00204,Night,440,5,0.0114,7.58,Completed
PROD_0228747,2021-09-17,MACH_001291,PROD_04476,LOC_00175,Morning,138,3,0.0217,9.23,Completed
PROD_0035457,2025-01-15,MACH_001398,PROD_04186,LOC_00003,Evening,285,9,0.0316,6.62,Completed
PROD_0067762,2024-06-15,MACH_000901,PROD_02251,LOC_00002,Morning,358,8,0.0223,10.17,Completed
PROD_0058731,2025-02-24,MACH_000815,PROD_03936,LOC_00071,Night,255,7,0.0275,9.83,Completed
PROD_0081045,2023-06-14,MACH_001486,PROD_01897,LOC_00054,Morning,82,1,0.0122,8.47,Completed
PROD_0254842,2022-01-19,MACH_001009,PROD_02881,LOC_00155,Night,82,1,0.0122,7.11,In Progress
PROD_0289177,2026-03-10,MACH_000960,PROD_04928,LOC_00176,Morning,172,5,0.0291,9.17,Completed
PROD_0014474,2021-01-01,MACH_001355,PROD_04465,LOC_00214,Evening,295,0,0.0,5.47,Completed
PROD_0006307,2025-09-27,MACH_001049,PROD_00703,LOC_00132,Night,348,7,0.0201,4.11,Completed
PROD_0267450,2022-01-25,MACH_000708,PROD_00188,LOC_00145,Night,409,11,0.0269,10.81,Completed
PROD_0160267,2024-08-14,MACH_000924,PROD_03883,LOC_00224,Night,333,13,0.039,5.68,Completed
PROD_0101615,2024-08-24,MACH_001456,PROD_03822,LOC_00189,Morning,227,0,0.0,6.82,Completed
PROD_0020121,2023-04-23,MACH_001407,PROD_02236,LOC_00005,Evening,92,0,0.0,7.57,Completed
PROD_0101389,2025-04-02,MACH_000550,PROD_03892,LOC_00211,Evening,171,2,0.0117,10.11,Completed
PROD_0179507,2026-01-31,MACH_000603,PROD_04384,LOC_00179,Morning,200,8,0.04,11.96,Completed
PROD_0064911,2026-05-16,MACH_001408,PROD_04614,LOC_00095,Night,368,15,0.0408,6.35,Completed
PROD_0178563,2026-01-22,MACH_000840,PROD_01125,LOC_00076,Night,394,11,0.0279,6.44,Completed
PROD_0183811,2024-07-10,MACH_000051,PROD_04511,LOC_00200,Night,358,10,0.0279,8.46,Completed
PROD_0095053,2024-04-11,MACH_000618,PROD_01344,LOC_00036,Evening,331,5,0.0151,7.04,In Progress
PROD_0115276,2023-08-21,MACH_000019,PROD_04070,LOC_00083,Night,387,10,0.0258,5.15,Completed
PROD_0082473,2024-01-10,MACH_001430,PROD_03693,LOC_00213,Morning,401,2,0.005,11.39,UNKNOWN
PROD_0004423,2025-03-28,MACH_000780,PROD_02135,LOC_00189,Night,448,5,0.0112,4.65,Completed
PROD_0121824,2023-05-31,MACH_001486,PROD_04381,LOC_00120,Night,317,9,0.0284,2.63,Completed
PROD_0218157,2021-04-03,MACH_000887,PROD_02461,LOC_00023,Night,433,2,0.0046,4.98,Completed
PROD_0029475,2021-06-15,MACH_000489,PROD_03236,LOC_00162,Morning,496,3,0.006,7.72,Completed
PROD_0278124,2021-10-09,MACH_000133,PROD_01037,LOC_00061,Morning,154,5,0.0325,7.1,Completed
PROD_0225143,2022-01-16,MACH_001364,PROD_01061,LOC_00012,Morning,459,3,0.0065,10.53,In Progress
PROD_0010142,2023-07-19,MACH_000135,PROD_02621,LOC_00014,Evening,299,8,0.0268,4.26,Completed
PROD_0104482,2025-06-22,MACH_000570,PROD_02633,LOC_00221,Evening,204,4,0.0196,7.67,Completed
PROD_0137507,2022-07-25,MACH_001337,PROD_00275,LOC_00097,Morning,116,0,0.0,5.89,Completed
PROD_0048156,2022-10-12,MACH_000937,PROD_01210,LOC_00096,Night,68,2,0.0294,5.63,Completed
PROD_0243537,2022-09-22,MACH_000022,PROD_02902,LOC_00106,Night,68,1,0.0147,5.78,Completed
PROD_0271217,2024-04-16,MACH_000453,PROD_02838,LOC_00072,Night,457,20,0.0438,4.25,Completed
PROD_0235205,2022-10-22,MACH_000500,PROD_00741,LOC_00178,Night,313,6,0.0192,6.93,Failed
PROD_0030460,2022-09-05,MACH_001199,PROD_04187,LOC_00076,Night,240,6,0.025,2.32,Completed
PROD_0155700,2025-07-12,MACH_000065,PROD_00354,LOC_00070,Evening,325,7,0.0215,3.66,Completed
PROD_0253152,2025-10-30,MACH_001457,PROD_01870,LOC_00095,Evening,192,7,0.0365,9.92,Completed
PROD_0023058,2025-08-16,MACH_001207,PROD_02940,LOC_00198,Night,89,0,0.0,5.27,Failed
PROD_0014274,2026-06-09,MACH_001099,PROD_00600,LOC_00126,Evening,347,15,0.0432,5.23,Completed
PROD_0108962,2025-06-21,MACH_001317,PROD_01662,LOC_00184,Evening,264,1,0.0038,5.08,Completed
PROD_0253869,2022-06-06,MACH_000855,PROD_02589,LOC_00153,Evening,474,11,0.0232,7.06,Completed
PROD_0063017,2024-05-06,MACH_000375,PROD_04497,LOC_00103,Night,368,7,0.019,2.52,Completed
PROD_0290153,2022-09-26,MACH_001009,PROD_01198,LOC_00104,Night,320,4,0.0125,6.39,Completed
PROD_0032790,2023-04-10,MACH_000072,PROD_03421,LOC_00041,Morning,417,6,0.0144,11.83,Completed
PROD_0279894,2024-04-11,MACH_001089,PROD_01519,LOC_00057,Morning,185,2,0.0108,2.03,Completed
PROD_0233994,2025-09-28,MACH_001187,PROD_00122,LOC_00064,Morning,455,18,0.0396,11.57,Completed
PROD_0021683,2023-03-27,MACH_000365,PROD_04919,LOC_00016,Night,277,9,0.0325,6.95,In Progress
PROD_0118110,2021-11-13,MACH_000165,PROD_02417,LOC_00065,Evening,487,21,0.0431,8.79,Completed
PROD_0141602,2024-01-16,MACH_001397,PROD_04989,LOC_00054,Evening,423,12,0.0284,6.79,Completed
PROD_0238277,2025-05-22,MACH_000788,PROD_01001,LOC_00215,Night,490,3,0.0061,5.43,Completed
PROD_0279863,2025-05-27,MACH_000291,PROD_00105,LOC_00093,Evening,334,11,0.0329,9.06,Completed
PROD_0121567,2023-09-30,MACH_000895,PROD_01283,LOC_00049,Evening,279,7,0.0251,11.93,Completed
PROD_0015603,2024-09-05,MACH_001305,PROD_00158,LOC_00219,Morning,123,0,0.0,11.48,Completed
PROD_0040187,2023-11-15,MACH_000896,PROD_00105,LOC_00129,Evening,463,22,0.0475,9.8,In Progress
PROD_0152069,2021-12-11,MACH_001481,PROD_02571,LOC_00071,Evening,426,11,0.0258,11.39,Completed
PROD_0156701,2024-07-26,MACH_001225,PROD_03559,LOC_00245,Night,398,10,0.0251,3.43,Completed
PROD_0297964,2022-09-13,MACH_000985,PROD_03434,LOC_00059,Morning,205,9,0.0439,5.27,Completed
PROD_0118227,2023-10-29,MACH_001179,PROD_00690,LOC_00032,Evening,325,12,0.0369,6.97,Completed
PROD_0281627,2026-06-29,MACH_001194,PROD_03257,LOC_00097,Night,410,8,0.0195,10.79,In Progress
PROD_0118350,2021-02-15,MACH_000214,PROD_04782,LOC_00090,Evening,299,11,0.0368,6.7,Completed
PROD_0131273,2025-03-09,MACH_000426,PROD_04115,LOC_00047,Morning,173,0,0.0,7.27,Completed
PROD_0084104,2022-06-30,MACH_000790,PROD_01364,LOC_00225,Morning,242,5,0.0207,10.4,Completed
PROD_0117295,2023-08-17,MACH_001471,PROD_04802,LOC_00037,Morning,56,0,0.0,9.39,Completed
PROD_0104083,2022-03-16,MACH_001357,PROD_02279,LOC_00200,Morning,179,1,0.0056,6.09,Completed
PROD_0293788,2024-09-11,MACH_000924,PROD_04405,LOC_00103,Morning,247,9,0.0364,4.78,Completed
PROD_0153218,2021-08-15,MACH_001155,PROD_00773,LOC_00055,Night,224,5,0.0223,7.44,Completed
PROD_0269585,2022-04-04,MACH_000307,PROD_01555,LOC_00088,Evening,197,5,0.0254,10.64,Completed
PROD_0166419,2023-04-22,MACH_001412,PROD_02424,LOC_00081,Morning,51,0,0.0,3.73,In Progress
PROD_0009924,2026-06-07,MACH_000591,PROD_01236,LOC_00013,Morning,269,8,0.0297,4.21,Completed
PROD_0220734,2022-09-18,MACH_001091,PROD_04177,LOC_00202,Night,85,3,0.0353,10.76,Failed
PROD_0163226,2024-06-06,MACH_000238,PROD_01681,LOC_00242,Night,428,4,0.0093,2.61,Completed
PROD_0285336,2023-04-30,MACH_000979,PROD_01536,LOC_00176,Night,437,13,0.0297,8.55,Completed
PROD_0028408,2024-10-18,MACH_000691,PROD_00570,LOC_00135,Morning,498,6,0.012,6.33,In Progress
PROD_0175529,2021-03-25,MACH_000251,PROD_03671,LOC_00003,Evening,154,0,0.0,4.81,Completed
PROD_0067331,2022-01-04,MACH_000125,PROD_01778,LOC_00059,Morning,52,0,0.0,2.41,Completed
PROD_0292749,2021-08-01,MACH_001064,PROD_03920,LOC_00104,Morning,455,14,0.0308,8.08,Completed
PROD_0179946,2022-07-12,MACH_001399,PROD_04070,LOC_00135,Morning,91,2,0.022,7.96,Completed
PROD_0127621,2022-02-23,MACH_000060,PROD_02909,LOC_00118,Night,394,2,0.0051,3.6,Completed
PROD_0180071,2021-08-05,MACH_000940,PROD_04293,LOC_00219,Night,167,3,0.018,10.94,Completed
PROD_0207121,2022-07-31,MACH_000711,PROD_01691,LOC_00170,Evening,361,14,0.0388,10.13,Completed
PROD_0190438,2025-10-06,MACH_001394,PROD_04682,LOC_00228,Morning,452,16,0.0354,11.89,In Progress
PROD_0246278,2025-10-19,MACH_000251,PROD_01722,LOC_00019,Night,120,1,0.0083,3.55,In Progress
PROD_0026186,2022-08-17,MACH_001142,PROD_02953,LOC_00146,Morning,268,6,0.0224,2.08,Completed
PROD_0231120,2026-04-27,MACH_000722,PROD_04210,LOC_00160,Evening,274,12,0.0438,2.7,Completed
PROD_0106169,2025-04-22,MACH_000385,PROD_00791,LOC_00217,Night,443,18,0.0406,8.48,Completed
PROD_0072680,2026-05-29,MACH_000279,PROD_03848,LOC_00004,Evening,253,0,0.0,9.42,Completed
PROD_0129132,2021-03-09,MACH_001144,PROD_01706,LOC_00045,Morning,310,4,0.0129,5.41,Completed
PROD_0290313,2022-11-19,MACH_000321,PROD_01521,LOC_00140,Morning,82,0,0.0,3.06,Completed
PROD_0131735,2021-05-01,MACH_001287,PROD_04611,LOC_00048,Night,475,15,0.0316,5.06,Completed
PROD_0260722,2022-07-22,MACH_001318,PROD_00749,LOC_00229,Evening,426,6,0.0141,8.48,Completed
PROD_0095428,2025-09-21,MACH_001261,PROD_01905,LOC_00091,Morning,185,0,0.0,6.07,Completed
PROD_0100556,2025-08-03,MACH_000370,PROD_00049,LOC_00028,Evening,287,6,0.0209,5.83,Completed
PROD_0119857,2021-01-16,MACH_000884,PROD_02391,LOC_00155,Night,103,1,0.0097,2.05,Completed
PROD_0287499,2021-10-02,MACH_001191,PROD_01663,LOC_00143,Evening,227,10,0.0441,6.56,Completed
PROD_0081872,2025-01-31,MACH_000083,PROD_04806,LOC_00098,Evening,226,2,0.0088,6.82,Completed
PROD_0148247,2022-08-01,MACH_001080,PROD_01147,LOC_00065,Morning,339,15,0.0442,5.06,Completed
PROD_0128822,2022-10-23,MACH_001092,PROD_04445,LOC_00015,Morning,378,10,0.0265,3.71,Completed
PROD_0257073,2022-12-20,MACH_001449,PROD_03626,LOC_00083,Evening,333,11,0.033,9.5,Completed
PROD_0137499,2022-09-16,MACH_000774,PROD_02540,LOC_00071,Night,354,4,0.0113,2.38,Completed
PROD_0265170,2025-12-09,MACH_000259,PROD_04476,LOC_00250,Evening,429,12,0.028,9.22,Completed
PROD_0142970,2022-09-17,MACH_000846,PROD_01968,LOC_00177,Morning,62,0,0.0,9.92,Completed
PROD_0211939,2024-06-07,MACH_001186,PROD_01613,LOC_00231,Morning,342,4,0.0117,5.27,Completed
PROD_0259554,2024-02-03,MACH_000729,PROD_04240,LOC_00083,Evening,352,6,0.017,4.48,In Progress
PROD_0172437,2025-12-27,MACH_001316,PROD_03536,LOC_00247,Night,170,7,0.0412,8.02,Completed
PROD_0261597,2024-10-21,MACH_000542,PROD_04933,LOC_00187,Morning,381,18,0.0472,8.64,Completed
PROD_0195462,2024-02-10,MACH_000103,PROD_04009,LOC_00192,Evening,427,5,0.0117,5.84,Completed
PROD_0025622,2023-10-25,MACH_001186,PROD_04317,LOC_00234,Night,440,15,0.0341,3.66,Completed
PROD_0279166,2025-03-30,MACH_001115,PROD_04345,LOC_00207,Morning,136,0,0.0,7.85,Completed
PROD_0008635,2026-01-31,MACH_000319,PROD_01598,LOC_00078,Evening,472,21,0.0445,8.71,Failed
PROD_0001193,2021-08-20,MACH_000537,PROD_00268,LOC_00149,Morning,189,4,0.0212,11.17,Completed
PROD_0114924,2025-02-27,MACH_000203,PROD_01748,LOC_00129,Morning,405,4,0.0099,3.93,Completed
PROD_0178810,2024-07-29,MACH_001169,PROD_04014,LOC_00050,Evening,403,8,0.0199,7.16,Completed
PROD_0206287,2021-03-11,MACH_000806,PROD_03124,LOC_00074,Evening,54,0,0.0,6.72,Completed
PROD_0262492,2023-06-30,MACH_000874,PROD_00414,LOC_00053,Night,258,4,0.0155,7.81,Completed
PROD_0076001,2024-03-19,MACH_001006,PROD_02569,LOC_00206,Night,286,10,0.035,3.94,Completed
PROD_0011786,2022-03-29,MACH_001442,PROD_04747,LOC_00086,Evening,406,18,0.0443,2.88,Completed
PROD_0205671,2022-01-10,MACH_000811,PROD_02545,LOC_00076,Night,220,9,0.0409,8.16,Completed
PROD_0206042,2023-10-09,MACH_000689,PROD_02631,LOC_00078,Morning,225,2,0.0089,5.12,Completed
PROD_0135298,2022-11-30,MACH_000406,PROD_04856,LOC_00024,Morning,270,3,0.0111,11.47,Completed
PROD_0183163,2022-04-23,MACH_001144,PROD_04028,LOC_00086,Evening,224,5,0.0223,4.48,Completed
PROD_0191586,2023-04-15,MACH_000581,PROD_00245,LOC_00034,Morning,192,6,0.0312,10.65,Completed
PROD_0239599,2025-06-29,MACH_000181,PROD_01674,LOC_00128,Night,418,3,0.0072,3.88,Completed
PROD_0070469,2023-03-26,MACH_001172,PROD_04449,LOC_00066,Night,330,6,0.0182,3.97,Completed
PROD_0119513,2024-08-15,MACH_000032,PROD_02637,LOC_00213,Evening,184,8,0.0435,9.04,In Progress
PROD_0270421,2023-11-20,MACH_000409,PROD_01559,LOC_00116,Evening,84,2,0.0238,11.74,Completed
PROD_0146103,2021-08-29,MACH_000282,PROD_01368,LOC_00024,Night,120,2,0.0167,4.77,In Progress
PROD_0098336,2021-12-23,MACH_000306,PROD_03992,LOC_00056,Evening,251,6,0.0239,11.63,In Progress
PROD_0096443,2026-01-29,MACH_000115,PROD_02638,LOC_00090,Night,190,2,0.0105,10.4,Completed
PROD_0245116,2023-09-09,MACH_000830,PROD_03958,LOC_00155,Evening,308,12,0.039,2.22,Completed
PROD_0268473,2025-09-20,MACH_001039,PROD_00772,LOC_00211,Night,56,0,0.0,3.85,UNKNOWN
PROD_0220303,2026-01-17,MACH_001009,PROD_04258,LOC_00049,Evening,404,0,0.0,2.54,In Progress
PROD_0011257,2025-10-21,MACH_000479,PROD_02827,LOC_00082,Evening,164,5,0.0305,5.75,Completed
PROD_0273810,2026-02-22,MACH_001118,PROD_04261,LOC_00049,Morning,265,8,0.0302,11.56,Completed
PROD_0093528,2021-04-08,MACH_001478,PROD_00702,LOC_00176,Evening,298,7,0.0235,9.57,Completed
PROD_0078629,2021-05-09,MACH_001413,PROD_03341,LOC_00089,Evening,349,0,0.0,5.52,Completed
PROD_0282859,2025-07-16,MACH_000108,PROD_04913,LOC_00042,Night,440,7,0.0159,7.94,Completed
PROD_0177153,2026-02-02,MACH_001125,PROD_04924,LOC_00043,Night,135,3,0.0222,3.73,Completed
PROD_0258492,2024-09-20,MACH_001414,PROD_00560,LOC_00135,Morning,359,0,0.0,7.23,UNKNOWN
PROD_0081229,2026-01-27,MACH_000813,PROD_00249,LOC_00209,Evening,367,6,0.0163,5.14,Completed
PROD_0151382,2026-06-26,MACH_000108,PROD_04300,LOC_00033,Morning,472,2,0.0042,9.53,Completed
PROD_0123985,2022-07-26,MACH_000672,PROD_01419,LOC_00208,Night,332,15,0.0452,2.4,UNKNOWN
PROD_0075622,2023-09-08,MACH_000656,PROD_00019,LOC_00093,Night,472,3,0.0064,8.03,Completed
PROD_0179598,2021-02-07,MACH_001154,PROD_01850,LOC_00212,Morning,191,6,0.0314,9.82,Completed
PROD_0112056,2022-02-12,MACH_000736,PROD_03146,LOC_00229,Morning,434,3,0.0069,11.21,Completed
PROD_0195203,2022-02-07,MACH_000065,PROD_04140,LOC_00125,Night,195,6,0.0308,6.97,Completed
PROD_0034954,2025-02-06,MACH_000393,PROD_04124,LOC_00126,Morning,435,2,0.0046,6.15,Completed
PROD_0035669,2022-11-06,MACH_000083,PROD_02016,LOC_00188,Evening,223,9,0.0404,9.62,Completed
PROD_0286321,2022-12-03,MACH_001041,PROD_03891,LOC_00139,Night,116,0,0.0,10.33,Completed
PROD_0098919,2026-06-07,MACH_000640,PROD_04852,LOC_00182,Morning,172,5,0.0291,5.88,Completed
PROD_0192970,2021-02-15,MACH_001156,PROD_03323,LOC_00183,Night,165,1,0.0061,7.59,Completed
PROD_0279080,2024-12-31,MACH_000737,PROD_02264,LOC_00116,Evening,284,9,0.0317,4.47,Completed
PROD_0231075,2023-03-08,MACH_000597,PROD_03880,LOC_00192,Evening,388,10,0.0258,11.85,Completed
PROD_0001106,2025-10-08,MACH_001021,PROD_02064,LOC_00167,Morning,245,1,0.0041,4.12,Failed
PROD_0030490,2021-01-10,MACH_000897,PROD_02189,LOC_00166,Evening,262,8,0.0305,9.48,Completed
PROD_0067728,2023-10-30,MACH_000393,PROD_04564,LOC_00053,Night,424,17,0.0401,8.92,Completed
PROD_0195803,2023-06-27,MACH_000714,PROD_02723,LOC_00014,Morning,109,4,0.0367,11.02,Completed
PROD_0148967,2021-07-19,MACH_001030,PROD_02797,LOC_00094,Morning,388,7,0.018,10.82,Completed
PROD_0037736,2021-06-29,MACH_001265,PROD_00679,LOC_00214,Evening,397,15,0.0378,10.59,Completed
PROD_0193402,2024-09-18,MACH_001403,PROD_02816,LOC_00014,Morning,106,0,0.0,9.69,Failed
PROD_0153975,2023-07-23,MACH_000050,PROD_02237,LOC_00031,Night,194,0,0.0,2.44,Completed
PROD_0202538,2022-04-28,MACH_000039,PROD_00610,LOC_00214,Evening,324,8,0.0247,9.83,Completed
PROD_0118900,2021-08-05,MACH_000709,PROD_01687,LOC_00172,Night,410,0,0.0,5.71,Completed
PROD_0212639,2023-11-18,MACH_000617,PROD_01178,LOC_00220,Evening,301,9,0.0299,10.61,Completed
PROD_0126709,2025-02-18,MACH_001329,PROD_00307,LOC_00053,Morning,56,1,0.0179,3.28,Completed
PROD_0068851,2021-08-04,MACH_000171,PROD_04585,LOC_00110,Morning,121,2,0.0165,2.08,Completed
PROD_0130417,2023-01-25,MACH_000325,PROD_03656,LOC_00099,Evening,277,12,0.0433,2.38,Completed
PROD_0065884,2025-03-31,MACH_001328,PROD_01115,LOC_00141,Morning,359,3,0.0084,6.44,Completed
PROD_0290451,2022-11-17,MACH_000016,PROD_04847,LOC_00112,Morning,475,3,0.0063,3.16,Failed
PROD_0187325,2022-01-03,MACH_000560,PROD_00029,LOC_00206,Morning,325,4,0.0123,6.67,Completed
PROD_0047794,2022-02-15,MACH_001389,PROD_04065,LOC_00139,Morning,196,1,0.0051,7.23,Completed
PROD_0102228,2025-10-02,MACH_000753,PROD_03087,LOC_00160,Evening,175,5,0.0286,7.26,Completed
PROD_0201010,2023-01-13,MACH_001202,PROD_04362,LOC_00038,Evening,140,0,0.0,3.49,Completed
PROD_0026442,2022-02-01,MACH_000147,PROD_02382,LOC_00199,Evening,456,15,0.0329,7.57,Completed
PROD_0058505,2021-08-02,MACH_001194,PROD_00151,LOC_00079,Evening,277,5,0.0181,9.54,Completed
PROD_0061028,2023-01-20,MACH_000685,PROD_03866,LOC_00190,Night,62,1,0.0161,11.3,Completed
PROD_0166987,2021-04-06,MACH_000840,PROD_03500,LOC_00161,Morning,365,6,0.0164,11.09,Completed
PROD_0252374,2022-04-17,MACH_000437,PROD_01973,LOC_00052,Morning,203,1,0.0049,7.34,Completed
PROD_0267001,2021-05-12,MACH_000753,PROD_02931,LOC_00118,Night,257,2,0.0078,5.22,Completed
PROD_0205013,2023-08-24,MACH_001003,PROD_04026,LOC_00008,Morning,69,1,0.0145,11.43,Completed
PROD_0037895,2024-02-07,MACH_001065,PROD_02120,LOC_00081,Morning,62,1,0.0161,10.2,Completed
PROD_0100603,2026-03-12,MACH_000137,PROD_01188,LOC_00179,Morning,452,11,0.0243,2.26,Completed
PROD_0119525,2024-05-11,MACH_000218,PROD_03201,LOC_00107,Night,362,8,0.0221,8.85,Completed
PROD_0183210,2022-10-14,MACH_000176,PROD_01150,LOC_00171,Morning,133,0,0.0,10.76,Completed
PROD_0188957,2023-07-19,MACH_000683,PROD_03277,LOC_00072,Morning,471,2,0.0042,6.31,Completed
PROD_0168233,2025-02-01,MACH_001491,PROD_03252,LOC_00065,Evening,459,20,0.0436,6.49,In Progress
PROD_0067395,2023-11-20,MACH_000508,PROD_02023,LOC_00088,Evening,308,1,0.0032,4.77,Completed
PROD_0216432,2026-05-27,MACH_000066,PROD_01093,LOC_00154,Night,406,6,0.0148,9.12,Completed
PROD_0042614,2025-04-15,MACH_001056,PROD_01164,LOC_00199,Morning,57,1,0.0175,11.15,Completed
PROD_0237349,2024-04-28,MACH_000727,PROD_02575,LOC_00014,Evening,128,3,0.0234,3.75,Failed
PROD_0241489,2025-12-24,MACH_000889,PROD_01015,LOC_00024,Night,459,17,0.037,7.15,Completed
PROD_0170710,2025-07-25,MACH_000892,PROD_03615,LOC_00171,Morning,342,1,0.0029,4.61,Completed
PROD_0222488,2023-03-09,MACH_000960,PROD_01252,LOC_00174,Evening,304,2,0.0066,4.01,UNKNOWN
PROD_0278484,2024-07-04,MACH_001088,PROD_03506,LOC_00023,Night,236,10,0.0424,5.93,Completed
PROD_0267024,2024-03-10,MACH_001278,PROD_04827,LOC_00125,Evening,425,2,0.0047,2.74,Completed
PROD_0132033,2024-02-03,MACH_000922,PROD_03163,LOC_00188,Night,85,1,0.0118,7.53,In Progress
PROD_0130517,2024-03-15,MACH_000411,PROD_00509,LOC_00129,Evening,465,18,0.0387,6.91,Completed
PROD_0045841,2024-02-26,MACH_001126,PROD_04732,LOC_00180,Morning,350,12,0.0343,3.42,Completed
PROD_0291669,2024-02-26,MACH_001453,PROD_04745,LOC_00093,Morning,69,2,0.029,10.17,Completed
PROD_0059601,2023-12-11,MACH_001155,PROD_04533,LOC_00023,Night,305,9,0.0295,4.53,UNKNOWN
PROD_0214254,2025-06-13,MACH_000106,PROD_01103,LOC_00164,Morning,270,12,0.0444,2.67,Completed
PROD_0202607,2026-04-12,MACH_000542,PROD_03279,LOC_00051,Morning,56,0,0.0,5.86,In Progress
PROD_0197621,2025-11-30,MACH_000896,PROD_02100,LOC_00146,Morning,164,7,0.0427,6.83,UNKNOWN
PROD_0277115,2023-07-02,MACH_001001,PROD_03917,LOC_00162,Evening,468,4,0.0085,4.08,Completed
PROD_0238213,2021-04-12,MACH_000755,PROD_02104,LOC_00162,Night,168,6,0.0357,4.74,Completed
PROD_0084505,2025-08-08,MACH_000582,PROD_01711,LOC_00094,Evening,331,12,0.0363,5.41,Completed
PROD_0042248,2021-05-03,MACH_000088,PROD_04934,LOC_00023,Evening,150,4,0.0267,4.91,Completed
PROD_0169069,2023-06-04,MACH_000713,PROD_02717,LOC_00149,Evening,292,1,0.0034,4.24,Completed
PROD_0017420,2025-12-14,MACH_001241,PROD_03922,LOC_00216,Night,224,9,0.0402,5.2,Completed
PROD_0020666,2023-12-13,MACH_000025,PROD_04743,LOC_00024,Night,77,2,0.026,4.31,Failed
PROD_0207544,2024-01-20,MACH_000215,PROD_02547,LOC_00158,Night,403,9,0.0223,5.48,Completed
PROD_0239257,2026-02-22,MACH_000132,PROD_03973,LOC_00050,Night,327,6,0.0183,2.85,Completed
PROD_0205316,2025-03-02,MACH_001308,PROD_03101,LOC_00113,Night,406,3,0.0074,2.75,Completed
PROD_0112839,2021-12-27,MACH_001195,PROD_03151,LOC_00035,Morning,381,2,0.0052,7.21,Completed
PROD_0266297,2021-03-25,MACH_000157,PROD_00674,LOC_00192,Night,233,4,0.0172,11.03,Completed
PROD_0170969,2021-03-30,MACH_000211,PROD_03869,LOC_00164,Morning,306,6,0.0196,6.7,Completed
PROD_0196440,2026-03-08,MACH_001123,PROD_02086,LOC_00030,Evening,358,8,0.0223,3.75,Completed
PROD_0287021,2026-06-08,MACH_000478,PROD_01253,LOC_00163,Morning,300,9,0.03,9.48,UNKNOWN
PROD_0118700,2024-07-13,MACH_001110,PROD_02849,LOC_00218,Evening,68,1,0.0147,2.38,Completed
PROD_0106887,2021-10-20,MACH_000718,PROD_00761,LOC_00107,Night,106,2,0.0189,3.32,Completed
PROD_0218890,2024-12-07,MACH_000155,PROD_04492,LOC_00161,Morning,367,8,0.0218,3.44,UNKNOWN
PROD_0097503,2022-01-17,MACH_001008,PROD_04261,LOC_00177,Morning,55,0,0.0,5.5,Completed
PROD_0215273,2023-09-23,MACH_000299,PROD_00929,LOC_00157,Morning,285,9,0.0316,9.2,Completed
PROD_0234080,2026-02-04,MACH_000350,PROD_03624,LOC_00181,Morning,223,6,0.0269,10.27,Completed
PROD_0002504,2024-03-04,MACH_000167,PROD_04396,LOC_00028,Evening,392,7,0.0179,4.39,Completed
PROD_0039899,2024-10-03,MACH_001213,PROD_02366,LOC_00074,Morning,259,7,0.027,3.82,Completed
PROD_0130244,2021-04-27,MACH_001332,PROD_01860,LOC_00044,Evening,354,14,0.0395,4.55,Completed
PROD_0071227,2021-11-08,MACH_000836,PROD_04775,LOC_00153,Morning,438,16,0.0365,5.75,Completed
PROD_0056506,2021-10-18,MACH_000769,PROD_03082,LOC_00111,Evening,416,4,0.0096,5.63,Completed
PROD_0076192,2021-09-03,MACH_001160,PROD_00173,LOC_00165,Morning,113,0,0.0,3.8,Completed
PROD_0185477,2025-06-24,MACH_000241,PROD_03632,LOC_00093,Morning,252,8,0.0317,9.66,Completed
PROD_0276138,2023-11-07,MACH_000750,PROD_02511,LOC_00088,Night,65,1,0.0154,10.68,Completed
PROD_0049639,2023-11-14,MACH_000119,PROD_03915,LOC_00012,Night,233,8,0.0343,10.31,Completed
PROD_0151368,2024-06-10,MACH_000408,PROD_01754,LOC_00222,Morning,263,7,0.0266,4.78,Completed
PROD_0047745,2023-05-01,MACH_000250,PROD_00952,LOC_00130,Evening,68,0,0.0,7.67,UNKNOWN
PROD_0260189,2024-07-17,MACH_000894,PROD_02134,LOC_00188,Night,66,2,0.0303,9.05,Completed
PROD_0009930,2022-02-08,MACH_000834,PROD_01635,LOC_00030,Evening,50,0,0.0,5.29,Completed
PROD_0261581,2021-05-04,MACH_000462,PROD_04849,LOC_00230,Evening,326,15,0.046,10.4,Completed
PROD_0115320,2021-02-08,MACH_000044,PROD_01472,LOC_00040,Evening,123,5,0.0407,6.48,Completed
PROD_0123841,2025-11-15,MACH_000837,PROD_02372,LOC_00178,Evening,281,6,0.0214,11.17,Completed
PROD_0223946,2026-04-18,MACH_000949,PROD_01156,LOC_00034,Evening,446,8,0.0179,2.1,Completed
PROD_0216473,2026-06-05,MACH_000676,PROD_04515,LOC_00142,Night,339,7,0.0206,3.64,UNKNOWN
PROD_0241320,2021-06-22,MACH_000263,PROD_03647,LOC_00018,Night,361,16,0.0443,4.24,Completed
PROD_0127171,2024-12-02,MACH_000480,PROD_04126,LOC_00203,Night,141,2,0.0142,4.91,Completed
PROD_0133678,2023-01-29,MACH_001204,PROD_02314,LOC_00005,Evening,68,0,0.0,5.15,Failed
PROD_0204332,2026-05-07,MACH_000654,PROD_04779,LOC_00225,Night,418,17,0.0407,10.31,Completed
PROD_0222335,2026-05-29,MACH_000388,PROD_03128,LOC_00090,Evening,292,8,0.0274,8.94,Completed
PROD_0195984,2025-03-07,MACH_000190,PROD_04824,LOC_00247,Night,155,3,0.0194,4.98,In Progress
PROD_0171266,2022-10-13,MACH_000935,PROD_01824,LOC_00056,Morning,104,1,0.0096,4.4,Completed
PROD_0039010,2023-12-19,MACH_001038,PROD_03246,LOC_00085,Morning,50,1,0.02,10.16,Completed
PROD_0135755,2022-06-13,MACH_000299,PROD_03688,LOC_00199,Night,491,22,0.0448,4.64,Completed
PROD_0013346,2025-10-23,MACH_001053,PROD_03279,LOC_00172,Morning,413,9,0.0218,9.39,Completed
PROD_0289935,2022-12-15,MACH_001193,PROD_04279,LOC_00230,Morning,374,17,0.0455,9.54,Completed
PROD_0086686,2026-04-26,MACH_001449,PROD_01308,LOC_00195,Evening,335,3,0.009,6.61,Completed
PROD_0218836,2021-05-26,MACH_001188,PROD_03199,LOC_00071,Night,201,2,0.01,4.22,Completed
PROD_0094586,2021-05-23,MACH_001476,PROD_02762,LOC_00075,Night,177,7,0.0395,10.28,Completed
PROD_0056000,2024-05-17,MACH_001152,PROD_03814,LOC_00073,Night,318,0,0.0,8.05,Completed
PROD_0107569,2021-07-02,MACH_001455,PROD_00501,LOC_00117,Morning,136,1,0.0074,11.99,Completed
PROD_0247432,2026-01-26,MACH_000141,PROD_00702,LOC_00061,Evening,311,9,0.0289,11.9,Completed
PROD_0169648,2026-05-22,MACH_000432,PROD_01542,LOC_00207,Night,378,11,0.0291,2.97,Completed
PROD_0034247,2025-01-28,MACH_001203,PROD_02690,LOC_00243,Evening,185,5,0.027,7.16,Completed
PROD_0184243,2025-07-30,MACH_000138,PROD_01282,LOC_00200,Night,372,10,0.0269,10.94,Completed
PROD_0244529,2024-10-31,MACH_001046,PROD_01372,LOC_00150,Evening,332,9,0.0271,6.82,Completed
PROD_0060048,2024-07-13,MACH_000158,PROD_01518,LOC_00173,Night,237,2,0.0084,6.29,UNKNOWN
PROD_0089048,2021-08-07,MACH_001282,PROD_00954,LOC_00149,Morning,145,0,0.0,8.05,Completed
PROD_0088672,2023-08-02,MACH_001406,PROD_03980,LOC_00034,Evening,476,13,0.0273,4.65,Completed
PROD_0115281,2024-09-08,MACH_001200,PROD_04810,LOC_00092,Morning,121,2,0.0165,9.35,Completed
PROD_0273316,2022-10-07,MACH_001278,PROD_04468,LOC_00189,Morning,170,6,0.0353,6.26,Completed
PROD_0035965,2025-01-14,MACH_000522,PROD_01167,LOC_00089,Evening,340,13,0.0382,11.98,Completed
PROD_0047180,2025-05-05,MACH_001328,PROD_02851,LOC_00168,Night,151,6,0.0397,5.16,UNKNOWN
PROD_0033135,2025-04-24,MACH_000680,PROD_04858,LOC_00072,Evening,312,8,0.0256,11.44,Completed
PROD_0148830,2022-02-27,MACH_001270,PROD_01834,LOC_00134,Morning,118,3,0.0254,3.86,Completed
PROD_0236275,2021-07-14,MACH_001074,PROD_00502,LOC_00191,Night,466,16,0.0343,4.29,In Progress
PROD_0106401,2021-02-14,MACH_000993,PROD_04978,LOC_00078,Night,204,9,0.0441,7.31,Completed
PROD_0191390,2021-07-26,MACH_000166,PROD_04396,LOC_00155,Morning,367,9,0.0245,3.98,Completed
PROD_0242934,2022-04-08,MACH_000746,PROD_03961,LOC_00094,Evening,381,12,0.0315,2.49,Completed
PROD_0186624,2024-01-08,MACH_001323,PROD_02943,LOC_00090,Evening,315,13,0.0413,2.69,Completed
PROD_0273158,2022-01-19,MACH_000877,PROD_02861,LOC_00058,Night,403,17,0.0422,4.55,Completed
PROD_0126791,2022-05-08,MACH_000973,PROD_01908,LOC_00115,Morning,293,1,0.0034,11.2,Completed
PROD_0095719,2025-06-29,MACH_001083,PROD_03378,LOC_00113,Evening,316,7,0.0222,10.13,Completed
PROD_0076508,2025-08-29,MACH_000619,PROD_02437,LOC_00101,Night,317,0,0.0,6.71,Completed
PROD_0164133,2024-07-21,MACH_000856,PROD_04152,LOC_00218,Night,130,5,0.0385,10.5,Completed
PROD_0113994,2023-06-16,MACH_000587,PROD_03535,LOC_00115,Morning,225,0,0.0,8.12,Completed
PROD_0137699,2025-04-08,MACH_000275,PROD_02149,LOC_00206,Evening,256,1,0.0039,11.61,UNKNOWN
PROD_0087287,2025-01-13,MACH_000119,PROD_00476,LOC_00129,Morning,67,0,0.0,2.37,Completed
PROD_0008232,2021-12-27,MACH_000516,PROD_03340,LOC_00154,Morning,422,10,0.0237,2.18,Completed
PROD_0207478,2024-07-03,MACH_001277,PROD_04685,LOC_00053,Morning,468,2,0.0043,3.25,Completed
PROD_0083626,2022-10-12,MACH_000029,PROD_03021,LOC_00069,Night,474,3,0.0063,8.89,Completed
PROD_0068876,2024-10-18,MACH_001327,PROD_03893,LOC_00248,Night,423,14,0.0331,4.01,Completed
PROD_0294400,2021-09-12,MACH_001200,PROD_01161,LOC_00242,Morning,387,11,0.0284,8.88,Completed
PROD_0206040,2024-01-15,MACH_000390,PROD_03216,LOC_00138,Morning,162,5,0.0309,6.7,Completed
PROD_0075248,2022-07-06,MACH_001431,PROD_04437,LOC_00176,Evening,204,0,0.0,4.02,In Progress
PROD_0066971,2022-01-12,MACH_001160,PROD_00019,LOC_00141,Night,315,12,0.0381,10.68,Completed
PROD_0229631,2023-06-04,MACH_000673,PROD_02095,LOC_00121,Morning,216,5,0.0231,7.91,Completed
PROD_0117605,2022-04-02,MACH_000083,PROD_03504,LOC_00182,Evening,217,8,0.0369,9.63,Completed
PROD_0280134,2024-07-03,MACH_001289,PROD_00204,LOC_00120,Night,165,1,0.0061,5.19,Completed
PROD_0114422,2026-06-02,MACH_001430,PROD_04618,LOC_00157,Night,333,11,0.033,9.95,Completed
PROD_0176810,2022-12-18,MACH_000763,PROD_04159,LOC_00113,Night,445,17,0.0382,5.98,Completed
PROD_0168409,2021-12-02,MACH_000762,PROD_03538,LOC_00025,Morning,314,11,0.035,9.86,In Progress
PROD_0166705,2024-05-13,MACH_001379,PROD_00465,LOC_00053,Morning,216,7,0.0324,4.2,Completed
PROD_0282586,2025-10-08,MACH_001449,PROD_00261,LOC_00192,Morning,440,9,0.0205,10.03,Completed
PROD_0180399,2023-10-09,MACH_001106,PROD_01733,LOC_00013,Evening,355,2,0.0056,7.99,Completed
PROD_0186785,2025-06-23,MACH_000996,PROD_00946,LOC_00082,Morning,467,13,0.0278,10.07,Completed
PROD_0165647,2023-05-15,MACH_000108,PROD_01603,LOC_00045,Evening,348,15,0.0431,10.89,Completed
PROD_0177057,2024-06-06,MACH_000662,PROD_03743,LOC_00149,Evening,163,1,0.0061,2.61,Completed
PROD_0036819,2023-12-10,MACH_000727,PROD_00373,LOC_00005,Evening,147,1,0.0068,7.9,UNKNOWN
PROD_0132759,2021-04-11,MACH_000682,PROD_00021,LOC_00061,Evening,476,19,0.0399,10.76,Completed
PROD_0114496,2022-08-23,MACH_000872,PROD_01987,LOC_00235,Evening,151,1,0.0066,6.08,Completed
PROD_0000545,2022-09-18,MACH_000646,PROD_03090,LOC_00094,Evening,153,4,0.0261,10.63,Completed
PROD_0086470,2022-06-14,MACH_001328,PROD_03435,LOC_00166,Night,90,3,0.0333,7.27,Completed
PROD_0160363,2022-04-02,MACH_001465,PROD_04052,LOC_00001,Night,421,3,0.0071,4.98,Completed
PROD_0256793,2025-03-29,MACH_001078,PROD_00902,LOC_00185,Night,477,6,0.0126,10.18,Completed
PROD_0248782,2022-12-24,MACH_000699,PROD_02188,LOC_00143,Night,314,7,0.0223,9.02,Completed
PROD_0146012,2025-10-10,MACH_000259,PROD_02017,LOC_00043,Evening,287,3,0.0105,9.53,Completed
PROD_0185946,2023-11-28,MACH_001391,PROD_02339,LOC_00136,Evening,255,6,0.0235,5.85,Completed
PROD_0131524,2023-07-12,MACH_001011,PROD_00320,LOC_00109,Morning,474,10,0.0211,3.79,Completed
PROD_0290125,2021-01-12,MACH_001147,PROD_00697,LOC_00144,Morning,79,1,0.0127,5.91,Completed
PROD_0090543,2025-11-12,MACH_001435,PROD_04901,LOC_00184,Night,418,13,0.0311,8.69,Completed
PROD_0131330,2024-11-01,MACH_001415,PROD_03286,LOC_00022,Evening,262,0,0.0,8.7,Completed
PROD_0006894,2025-06-12,MACH_001413,PROD_02630,LOC_00060,Morning,417,3,0.0072,6.5,Completed
PROD_0163961,2022-09-14,MACH_000343,PROD_00158,LOC_00169,Morning,188,1,0.0053,7.2,Completed
PROD_0071518,2024-03-16,MACH_001261,PROD_00484,LOC_00195,Morning,355,0,0.0,11.52,Completed
PROD_0167204,2024-01-08,MACH_001334,PROD_03654,LOC_00022,Morning,246,8,0.0325,3.27,Completed
PROD_0120950,2021-12-01,MACH_000810,PROD_03158,LOC_00119,Evening,498,17,0.0341,6.5,Completed
PROD_0050675,2022-03-17,MACH_000445,PROD_04956,LOC_00098,Morning,226,1,0.0044,8.24,Completed
PROD_0272130,2025-09-11,MACH_000777,PROD_04997,LOC_00071,Evening,328,2,0.0061,5.83,Completed
PROD_0166881,2023-04-14,MACH_000889,PROD_02355,LOC_00150,Evening,235,4,0.017,3.55,Completed
PROD_0051520,2022-09-23,MACH_001216,PROD_00202,LOC_00079,Evening,342,15,0.0439,7.2,Completed
PROD_0067573,2023-08-24,MACH_000361,PROD_00380,LOC_00039,Morning,84,3,0.0357,5.84,Completed
PROD_0182018,2025-06-15,MACH_001490,PROD_02805,LOC_00016,Night,58,1,0.0172,6.27,Completed
PROD_0148749,2023-09-01,MACH_000465,PROD_03576,LOC_00148,Morning,432,20,0.0463,2.32,Completed
PROD_0286195,2023-05-26,MACH_000472,PROD_02365,LOC_00089,Morning,357,13,0.0364,7.14,Completed
PROD_0127875,2026-06-04,MACH_000416,PROD_00182,LOC_00103,Night,197,3,0.0152,10.38,Completed
PROD_0218880,2023-05-03,MACH_001108,PROD_04495,LOC_00095,Night,386,9,0.0233,8.12,Completed
PROD_0193180,2025-06-22,MACH_000354,PROD_01216,LOC_00194,Evening,365,0,0.0,11.49,Completed
PROD_0129920,2025-09-24,MACH_000655,PROD_01215,LOC_00016,Evening,72,2,0.0278,7.56,Completed
PROD_0195956,2023-02-28,MACH_001131,PROD_00193,LOC_00128,Evening,407,6,0.0147,7.4,Completed
PROD_0226867,2021-11-26,MACH_001200,PROD_00295,LOC_00202,Evening,87,1,0.0115,9.68,Completed
PROD_0274075,2021-06-03,MACH_000167,PROD_04886,LOC_00153,Night,338,2,0.0059,9.5,Completed
PROD_0089297,2024-01-15,MACH_000673,PROD_03778,LOC_00245,Morning,292,10,0.0342,10.96,Completed
PROD_0205911,2021-07-26,MACH_000960,PROD_01825,LOC_00120,Evening,228,0,0.0,7.99,Completed
PROD_0208486,2025-02-08,MACH_000338,PROD_04457,LOC_00087,Morning,340,1,0.0029,3.27,Completed
PROD_0149310,2024-11-04,MACH_001313,PROD_04705,LOC_00104,Morning,121,0,0.0,8.82,Completed
PROD_0194380,2025-03-01,MACH_000612,PROD_00047,LOC_00178,Night,474,20,0.0422,5.26,Completed
PROD_0029426,2023-03-13,MACH_000319,PROD_02623,LOC_00107,Night,181,7,0.0387,6.83,Completed
PROD_0128005,2025-07-12,MACH_001126,PROD_01020,LOC_00177,Night,112,0,0.0,10.0,Completed
PROD_0016101,2023-06-03,MACH_000228,PROD_00670,LOC_00176,Night,450,20,0.0444,2.38,Completed
PROD_0151713,2023-05-10,MACH_000446,PROD_00261,LOC_00228,Night,77,1,0.013,9.29,UNKNOWN
PROD_0278735,2024-04-02,MACH_000532,PROD_02454,LOC_00002,Morning,250,5,0.02,9.79,Completed
PROD_0269667,2021-07-10,MACH_000557,PROD_03684,LOC_00027,Morning,414,0,0.0,6.97,Completed
PROD_0252154,2023-09-27,MACH_001356,PROD_03464,LOC_00027,Evening,131,1,0.0076,5.53,Completed
PROD_0021376,2023-06-07,MACH_001354,PROD_02790,LOC_00081,Morning,489,2,0.0041,6.44,Completed
PROD_0227842,2022-10-24,MACH_000997,PROD_00847,LOC_00199,Evening,199,3,0.0151,4.23,Completed
PROD_0100380,2022-12-23,MACH_000185,PROD_01144,LOC_00006,Morning,168,7,0.0417,11.58,In Progress
PROD_0277142,2024-05-07,MACH_001036,PROD_03336,LOC_00171,Evening,227,2,0.0088,4.58,In Progress
PROD_0041692,2026-04-17,MACH_000081,PROD_03930,LOC_00126,Night,325,4,0.0123,3.27,In Progress
PROD_0245193,2022-11-17,MACH_000230,PROD_03479,LOC_00101,Evening,245,0,0.0,10.76,Completed
PROD_0196640,2022-09-18,MACH_000179,PROD_01615,LOC_00117,Morning,89,3,0.0337,11.94,Completed
PROD_0178453,2023-02-10,MACH_000254,PROD_01091,LOC_00231,Morning,149,4,0.0268,2.6,Completed
PROD_0045666,2023-12-28,MACH_000299,PROD_00573,LOC_00055,Morning,327,5,0.0153,11.69,Completed
PROD_0154581,2026-05-05,MACH_000339,PROD_00963,LOC_00094,Night,261,10,0.0383,10.32,Completed
PROD_0280057,2023-12-18,MACH_000186,PROD_02349,LOC_00179,Evening,295,13,0.0441,11.36,Completed
PROD_0274317,2025-02-21,MACH_000618,PROD_00252,LOC_00086,Evening,188,2,0.0106,7.21,Completed
PROD_0134169,2022-05-27,MACH_001335,PROD_00699,LOC_00037,Evening,450,13,0.0289,2.62,Completed
PROD_0279349,2021-07-08,MACH_000050,PROD_01902,LOC_00041,Morning,233,5,0.0215,9.11,Completed
PROD_0293579,2023-02-01,MACH_000367,PROD_03299,LOC_00004,Morning,123,3,0.0244,9.13,Completed
PROD_0299034,2022-07-24,MACH_001371,PROD_03683,LOC_00026,Night,393,5,0.0127,10.03,Completed
PROD_0289672,2023-08-10,MACH_000106,PROD_01456,LOC_00190,Night,131,4,0.0305,11.59,Failed
PROD_0139689,2022-09-25,MACH_000614,PROD_00624,LOC_00028,Morning,394,13,0.033,3.79,In Progress
PROD_0071038,2021-01-20,MACH_001393,PROD_01771,LOC_00084,Night,94,1,0.0106,2.47,Completed
PROD_0217878,2022-05-21,MACH_000723,PROD_00208,LOC_00060,Night,361,8,0.0222,6.78,Completed
PROD_0293945,2023-10-19,MACH_000742,PROD_02634,LOC_00128,Morning,250,6,0.024,10.62,Completed
PROD_0046986,2026-05-28,MACH_000678,PROD_03800,LOC_00221,Evening,135,5,0.037,10.88,Completed
PROD_0255147,2025-09-09,MACH_001131,PROD_04250,LOC_00058,Night,268,10,0.0373,5.42,Completed
PROD_0017848,2024-10-25,MACH_000962,PROD_01957,LOC_00246,Morning,160,5,0.0312,5.5,UNKNOWN
PROD_0150444,2023-11-13,MACH_000320,PROD_02498,LOC_00187,Evening,144,0,0.0,7.46,Completed
PROD_0199802,2026-01-30,MACH_000172,PROD_04040,LOC_00184,Morning,149,3,0.0201,3.94,Completed
PROD_0165428,2022-11-28,MACH_000564,PROD_01298,LOC_00235,Evening,276,6,0.0217,2.38,Completed
PROD_0282348,2024-01-03,MACH_001479,PROD_01516,LOC_00241,Night,420,2,0.0048,8.54,Completed
PROD_0190981,2026-03-09,MACH_001134,PROD_01490,LOC_00123,Morning,463,9,0.0194,3.51,Completed
PROD_0185777,2024-06-20,MACH_001272,PROD_03866,LOC_00042,Morning,75,0,0.0,10.76,Completed
PROD_0153063,2024-08-26,MACH_001286,PROD_02231,LOC_00062,Night,333,12,0.036,2.51,Completed
PROD_0264507,2021-07-30,MACH_000079,PROD_00376,LOC_00174,Morning,285,1,0.0035,6.39,Completed
PROD_0084312,2023-12-20,MACH_000610,PROD_04815,LOC_00112,Night,217,5,0.023,5.77,UNKNOWN
PROD_0236386,2023-09-22,MACH_000274,PROD_00657,LOC_00159,Morning,495,5,0.0101,6.81,UNKNOWN
PROD_0228726,2024-10-19,MACH_000967,PROD_04863,LOC_00238,Morning,188,8,0.0426,10.44,Completed
PROD_0035790,2025-12-08,MACH_001476,PROD_04449,LOC_00008,Evening,378,15,0.0397,9.04,Completed
PROD_0185784,2024-12-20,MACH_000143,PROD_00483,LOC_00040,Night,402,7,0.0174,7.12,Completed
PROD_0047738,2024-09-25,MACH_001429,PROD_04891,LOC_00228,Evening,210,7,0.0333,3.23,UNKNOWN
PROD_0231765,2024-04-20,MACH_000648,PROD_01029,LOC_00143,Night,396,1,0.0025,5.58,Completed
PROD_0031244,2022-02-20,MACH_000503,PROD_01029,LOC_00087,Night,272,0,0.0,5.21,In Progress
PROD_0064723,2022-06-06,MACH_000815,PROD_01868,LOC_00204,Morning,163,6,0.0368,6.24,Completed
PROD_0169382,2025-02-07,MACH_001089,PROD_04137,LOC_00094,Morning,369,14,0.0379,2.89,Completed
PROD_0192407,2021-07-23,MACH_001259,PROD_01826,LOC_00224,Night,344,6,0.0174,6.3,Completed
PROD_0099881,2024-04-18,MACH_000892,PROD_03973,LOC_00247,Morning,467,15,0.0321,2.36,Completed
PROD_0213126,2023-12-13,MACH_000490,PROD_04635,LOC_00208,Night,234,5,0.0214,2.38,Completed
PROD_0276252,2023-11-05,MACH_000190,PROD_00748,LOC_00047,Morning,258,2,0.0078,10.08,Completed
PROD_0172656,2024-08-09,MACH_000662,PROD_02601,LOC_00119,Night,147,2,0.0136,10.38,Completed
PROD_0022787,2025-06-09,MACH_001010,PROD_02728,LOC_00100,Evening,307,13,0.0423,4.7,Completed
PROD_0122327,2024-10-06,MACH_001110,PROD_03025,LOC_00200,Evening,351,7,0.0199,4.39,Completed
PROD_0206254,2025-09-09,MACH_001491,PROD_02955,LOC_00029,Night,152,4,0.0263,4.9,Completed
PROD_0044794,2026-06-26,MACH_000615,PROD_02505,LOC_00032,Evening,418,8,0.0191,9.46,Completed
PROD_0269212,2021-09-13,MACH_000307,PROD_00983,LOC_00037,Night,394,9,0.0228,9.78,Completed
PROD_0292568,2021-11-06,MACH_000729,PROD_02209,LOC_00054,Night,76,2,0.0263,2.79,Completed
PROD_0280390,2026-04-27,MACH_000105,PROD_01670,LOC_00044,Morning,378,15,0.0397,11.15,Completed
PROD_0118004,2024-09-23,MACH_001093,PROD_03544,LOC_00230,Night,472,0,0.0,10.58,Completed
PROD_0071163,2022-10-16,MACH_000160,PROD_01099,LOC_00225,Evening,248,2,0.0081,8.82,Completed
PROD_0165698,2022-07-27,MACH_000756,PROD_03498,LOC_00052,Evening,361,8,0.0222,4.37,Completed
PROD_0055965,2025-07-19,MACH_000729,PROD_03359,LOC_00241,Night,291,10,0.0344,6.14,Completed
PROD_0286446,2022-05-26,MACH_000003,PROD_02003,LOC_00102,Evening,466,1,0.0021,3.81,Completed
PROD_0287277,2022-03-22,MACH_000222,PROD_04904,LOC_00084,Morning,452,18,0.0398,9.03,Completed
PROD_0017071,2022-06-20,MACH_001112,PROD_00005,LOC_00102,Night,327,8,0.0245,8.37,Completed
PROD_0249398,2023-04-25,MACH_000656,PROD_00649,LOC_00149,Morning,492,21,0.0427,4.91,Completed
PROD_0063032,2025-05-29,MACH_001469,PROD_01812,LOC_00116,Morning,102,4,0.0392,11.62,Completed
PROD_0269586,2021-08-07,MACH_000369,PROD_04199,LOC_00019,Night,397,18,0.0453,4.28,In Progress
PROD_0063517,2021-12-08,MACH_000387,PROD_03574,LOC_00177,Night,344,12,0.0349,5.73,Completed
PROD_0117425,2023-08-29,MACH_001397,PROD_03832,LOC_00026,Morning,123,5,0.0407,9.99,Completed
PROD_0198649,2026-06-10,MACH_000373,PROD_04415,LOC_00222,Night,474,5,0.0105,2.22,Completed
PROD_0273504,2023-03-08,MACH_001397,PROD_03412,LOC_00079,Morning,353,11,0.0312,10.95,Completed
PROD_0010551,2021-09-21,MACH_001302,PROD_04683,LOC_00054,Evening,299,11,0.0368,10.87,Completed
PROD_0124765,2025-02-17,MACH_001448,PROD_00862,LOC_00187,Night,267,3,0.0112,4.58,Completed
PROD_0023723,2024-12-10,MACH_000412,PROD_00057,LOC_00013,Evening,173,2,0.0116,2.17,Completed
PROD_0125470,2025-05-15,MACH_000360,PROD_03304,LOC_00192,Night,391,6,0.0153,7.0,Completed
PROD_0232642,2025-12-15,MACH_000272,PROD_01434,LOC_00087,Evening,461,20,0.0434,2.45,Completed
PROD_0007918,2023-09-10,MACH_001351,PROD_03920,LOC_00115,Night,387,18,0.0465,3.76,Completed
PROD_0127914,2024-11-28,MACH_001107,PROD_04043,LOC_00074,Morning,191,2,0.0105,4.51,Completed
PROD_0065610,2021-04-25,MACH_000709,PROD_00304,LOC_00245,Night,85,2,0.0235,2.88,Completed
PROD_0177480,2023-09-05,MACH_001330,PROD_01192,LOC_00059,Morning,396,6,0.0152,7.79,Completed
PROD_0232092,2025-10-23,MACH_000788,PROD_00291,LOC_00056,Evening,331,11,0.0332,4.79,In Progress
PROD_0257519,2022-04-18,MACH_000948,PROD_04077,LOC_00117,Morning,236,0,0.0,9.1,Completed
PROD_0121699,2025-01-22,MACH_001088,PROD_03979,LOC_00144,Morning,328,5,0.0152,9.98,In Progress
PROD_0035022,2021-05-16,MACH_000311,PROD_02170,LOC_00205,Evening,400,11,0.0275,11.56,Completed
PROD_0181980,2021-05-05,MACH_000320,PROD_04035,LOC_00228,Morning,288,9,0.0312,2.74,Completed
PROD_0056218,2025-10-29,MACH_000397,PROD_00402,LOC_00126,Night,318,1,0.0031,6.99,Completed
PROD_0239899,2026-05-20,MACH_000854,PROD_04160,LOC_00205,Morning,417,6,0.0144,11.52,Completed
PROD_0092383,2025-11-14,MACH_001204,PROD_04837,LOC_00160,Morning,85,2,0.0235,11.16,Completed
PROD_0197636,2022-07-09,MACH_000721,PROD_03614,LOC_00162,Night,445,12,0.027,10.38,Completed
PROD_0238051,2024-09-16,MACH_001322,PROD_02744,LOC_00225,Evening,422,1,0.0024,7.64,Completed
PROD_0231886,2024-08-17,MACH_000631,PROD_02514,LOC_00065,Morning,169,4,0.0237,11.93,Completed
PROD_0182889,2025-12-23,MACH_000542,PROD_03689,LOC_00200,Morning,143,5,0.035,8.41,Completed
PROD_0173623,2025-10-09,MACH_000193,PROD_04037,LOC_00133,Morning,371,11,0.0296,9.23,Completed
PROD_0156334,2023-05-12,MACH_000504,PROD_00275,LOC_00104,Evening,461,19,0.0412,2.39,Completed
PROD_0263906,2023-11-18,MACH_001128,PROD_04022,LOC_00063,Night,340,1,0.0029,2.36,Completed
PROD_0211756,2023-12-06,MACH_001033,PROD_01424,LOC_00188,Night,271,5,0.0185,4.35,Completed
PROD_0073414,2022-02-23,MACH_001421,PROD_03287,LOC_00216,Night,177,3,0.0169,4.82,Completed
PROD_0291537,2024-02-06,MACH_000370,PROD_03430,LOC_00144,Morning,441,10,0.0227,3.1,Completed
PROD_0245020,2023-08-23,MACH_001267,PROD_01966,LOC_00083,Evening,186,3,0.0161,4.42,Completed
PROD_0009814,2022-02-14,MACH_000627,PROD_00285,LOC_00196,Night,327,9,0.0275,10.03,Completed
PROD_0242791,2021-04-11,MACH_001154,PROD_04406,LOC_00124,Night,210,7,0.0333,9.65,Completed
PROD_0126211,2023-09-15,MACH_001492,PROD_04855,LOC_00165,Morning,124,5,0.0403,2.89,Completed
PROD_0082573,2023-10-11,MACH_000224,PROD_01266,LOC_00147,Morning,320,6,0.0187,11.31,Completed
PROD_0261345,2025-10-27,MACH_000618,PROD_00676,LOC_00236,Morning,442,10,0.0226,2.32,Completed
PROD_0134494,2025-10-23,MACH_001006,PROD_00326,LOC_00037,Night,259,7,0.027,10.91,Completed
PROD_0247616,2023-11-07,MACH_000622,PROD_01033,LOC_00237,Evening,207,4,0.0193,4.44,Completed
PROD_0236103,2026-05-10,MACH_000882,PROD_03098,LOC_00231,Morning,151,3,0.0199,2.72,Completed
PROD_0106048,2021-01-28,MACH_000257,PROD_04224,LOC_00072,Night,136,2,0.0147,7.16,Completed
PROD_0193941,2023-02-02,MACH_000040,PROD_03844,LOC_00140,Morning,68,2,0.0294,4.23,Completed
PROD_0199544,2023-09-11,MACH_000132,PROD_01954,LOC_00244,Morning,282,10,0.0355,2.71,Completed
PROD_0232059,2021-01-29,MACH_000252,PROD_00233,LOC_00134,Night,304,13,0.0428,7.05,Completed
PROD_0278199,2024-05-30,MACH_000517,PROD_02382,LOC_00044,Morning,299,11,0.0368,7.7,Completed
PROD_0000173,2023-08-07,MACH_001373,PROD_00921,LOC_00141,Evening,88,0,0.0,5.15,Completed
PROD_0249705,2022-03-26,MACH_000713,PROD_03860,LOC_00229,Morning,221,7,0.0317,4.22,Completed
PROD_0279115,2022-09-03,MACH_000870,PROD_02043,LOC_00112,Night,174,4,0.023,7.59,Completed
PROD_0182856,2022-04-25,MACH_001273,PROD_01279,LOC_00190,Night,318,3,0.0094,7.36,In Progress
PROD_0159989,2025-07-19,MACH_000429,PROD_03788,LOC_00151,Morning,460,21,0.0457,4.63,Completed
PROD_0145465,2026-04-05,MACH_001031,PROD_02947,LOC_00033,Morning,491,0,0.0,9.7,Completed
PROD_0220133,2021-10-06,MACH_000425,PROD_02677,LOC_00110,Night,170,2,0.0118,4.24,Completed
PROD_0048996,2022-02-19,MACH_000423,PROD_03514,LOC_00069,Night,238,8,0.0336,11.17,In Progress
PROD_0083045,2022-09-05,MACH_000124,PROD_00249,LOC_00242,Night,472,9,0.0191,9.92,Completed
PROD_0216580,2024-11-25,MACH_000214,PROD_03091,LOC_00198,Night,89,1,0.0112,4.44,Completed
PROD_0204401,2021-09-18,MACH_001020,PROD_01687,LOC_00129,Night,424,1,0.0024,4.01,Completed
PROD_0221978,2022-11-01,MACH_000416,PROD_04320,LOC_00190,Evening,267,4,0.015,8.16,Completed
PROD_0190726,2022-07-20,MACH_000873,PROD_00629,LOC_00053,Night,120,5,0.0417,5.34,UNKNOWN
PROD_0217646,2022-08-15,MACH_000740,PROD_00307,LOC_00083,Evening,239,7,0.0293,3.72,Failed
PROD_0123390,2024-01-08,MACH_001436,PROD_03129,LOC_00192,Evening,433,9,0.0208,10.6,Completed
PROD_0090747,2023-10-05,MACH_000609,PROD_00629,LOC_00039,Evening,481,5,0.0104,2.63,Completed
PROD_0021860,2026-05-24,MACH_001193,PROD_02274,LOC_00109,Night,50,0,0.0,11.07,Completed
PROD_0066509,2023-03-29,MACH_000809,PROD_03817,LOC_00229,Night,108,2,0.0185,11.12,Completed
PROD_0084182,2023-01-13,MACH_000292,PROD_04020,LOC_00017,Morning,353,4,0.0113,5.78,In Progress
PROD_0186481,2021-02-28,MACH_000889,PROD_00130,LOC_00099,Evening,352,15,0.0426,10.13,Completed
PROD_0083498,2022-01-30,MACH_000661,PROD_02139,LOC_00226,Morning,153,0,0.0,7.23,Completed
PROD_0088127,2024-12-29,MACH_001125,PROD_02868,LOC_00226,Morning,230,1,0.0043,9.2,Completed
PROD_0203100,2024-08-10,MACH_000235,PROD_02628,LOC_00217,Morning,249,0,0.0,10.63,Completed
PROD_0168046,2025-03-18,MACH_000845,PROD_01604,LOC_00189,Night,352,11,0.0312,2.69,Completed
PROD_0257597,2025-06-15,MACH_000058,PROD_03236,LOC_00042,Night,79,0,0.0,9.16,Completed
PROD_0117857,2021-04-29,MACH_001142,PROD_02961,LOC_00013,Evening,255,4,0.0157,4.02,Completed
PROD_0223240,2024-06-25,MACH_000692,PROD_03159,LOC_00084,Morning,358,11,0.0307,9.86,Completed
PROD_0065595,2023-07-08,MACH_000408,PROD_02114,LOC_00141,Night,227,4,0.0176,10.76,Completed
PROD_0170412,2022-08-20,MACH_000812,PROD_03311,LOC_00001,Morning,271,9,0.0332,9.67,Completed
PROD_0036650,2025-03-01,MACH_000230,PROD_02586,LOC_00217,Morning,340,9,0.0265,11.24,Completed
PROD_0238846,2025-01-04,MACH_000556,PROD_02754,LOC_00249,Night,302,14,0.0464,11.34,Completed
PROD_0249518,2024-02-04,MACH_001282,PROD_01596,LOC_00167,Night,366,8,0.0219,2.53,Completed
PROD_0076749,2021-01-28,MACH_001213,PROD_01564,LOC_00202,Morning,270,8,0.0296,10.49,Completed
PROD_0194274,2021-07-06,MACH_001290,PROD_00332,LOC_00088,Night,437,10,0.0229,3.09,Completed
PROD_0108736,2021-06-30,MACH_001191,PROD_03499,LOC_00050,Evening,157,5,0.0318,10.61,Completed
PROD_0290399,2023-10-18,MACH_001227,PROD_00914,LOC_00001,Evening,449,17,0.0379,4.7,Completed
PROD_0113028,2023-08-15,MACH_000145,PROD_00632,LOC_00021,Night,479,19,0.0397,9.31,Completed
PROD_0002919,2022-09-12,MACH_000929,PROD_02858,LOC_00130,Night,153,6,0.0392,10.56,Completed
PROD_0172114,2024-05-18,MACH_001213,PROD_02127,LOC_00091,Morning,349,3,0.0086,6.08,Completed
PROD_0210050,2022-12-30,MACH_000709,PROD_03396,LOC_00108,Morning,69,0,0.0,8.01,Completed
PROD_0037600,2022-01-08,MACH_001347,PROD_02884,LOC_00079,Night,280,9,0.0321,6.01,Completed
PROD_0100008,2025-09-22,MACH_000348,PROD_03168,LOC_00129,Evening,133,4,0.0301,7.07,Completed
PROD_0036207,2021-09-08,MACH_001379,PROD_04319,LOC_00186,Morning,234,4,0.0171,7.73,In Progress
PROD_0153693,2023-12-31,MACH_001155,PROD_00740,LOC_00031,Morning,170,6,0.0353,9.59,Completed
PROD_0113403,2025-12-09,MACH_001049,PROD_02257,LOC_00139,Evening,224,1,0.0045,5.66,Completed
PROD_0122729,2024-01-13,MACH_000377,PROD_01797,LOC_00182,Night,436,14,0.0321,7.71,Completed
PROD_0264594,2022-10-30,MACH_000710,PROD_03502,LOC_00147,Evening,306,7,0.0229,4.83,Completed
PROD_0033832,2022-07-18,MACH_000045,PROD_00186,LOC_00089,Night,442,12,0.0271,2.88,Completed
PROD_0277431,2022-12-30,MACH_000212,PROD_04348,LOC_00142,Night,445,7,0.0157,6.72,Completed
PROD_0186384,2025-10-09,MACH_000998,PROD_02402,LOC_00128,Night,291,10,0.0344,5.84,Completed
PROD_0273279,2021-07-16,MACH_000480,PROD_00516,LOC_00236,Morning,228,10,0.0439,11.85,Completed
PROD_0272652,2022-04-09,MACH_000326,PROD_03149,LOC_00176,Night,141,3,0.0213,11.35,Completed
PROD_0256322,2023-01-11,MACH_001205,PROD_00898,LOC_00093,Evening,388,0,0.0,11.26,Completed
PROD_0258885,2024-11-23,MACH_000154,PROD_00071,LOC_00060,Evening,324,6,0.0185,3.11,Completed
PROD_0152327,2025-05-02,MACH_000688,PROD_02291,LOC_00218,Evening,401,7,0.0175,6.51,Completed
PROD_0136912,2023-09-13,MACH_000089,PROD_02940,LOC_00171,Night,496,16,0.0323,2.94,Completed
PROD_0278123,2025-01-04,MACH_000969,PROD_00427,LOC_00209,Evening,417,1,0.0024,3.53,Completed
PROD_0124624,2021-03-06,MACH_000632,PROD_00487,LOC_00045,Night,428,0,0.0,6.55,Completed
PROD_0211556,2023-02-02,MACH_000839,PROD_01952,LOC_00126,Night,187,4,0.0214,6.53,Completed
PROD_0205159,2022-09-06,MACH_001378,PROD_00831,LOC_00025,Morning,449,14,0.0312,5.1,In Progress
PROD_0215164,2023-10-12,MACH_000096,PROD_00221,LOC_00025,Night,335,11,0.0328,6.78,Completed
PROD_0031171,2024-10-09,MACH_000928,PROD_04959,LOC_00163,Evening,75,2,0.0267,6.82,Completed
PROD_0284896,2024-06-18,MACH_000548,PROD_02329,LOC_00219,Night,126,0,0.0,3.23,Completed
PROD_0175567,2026-03-25,MACH_000760,PROD_03973,LOC_00234,Evening,371,0,0.0,8.0,Completed
PROD_0151031,2023-10-02,MACH_000631,PROD_03879,LOC_00061,Morning,247,8,0.0324,5.1,In Progress
PROD_0014232,2023-12-22,MACH_000846,PROD_03737,LOC_00093,Evening,50,1,0.02,10.65,Completed
PROD_0157903,2023-02-28,MACH_000625,PROD_04442,LOC_00198,Morning,487,10,0.0205,5.58,UNKNOWN
PROD_0207291,2026-01-14,MACH_001100,PROD_03537,LOC_00096,Night,205,7,0.0341,10.09,Completed
PROD_0049654,2025-09-03,MACH_001369,PROD_01486,LOC_00040,Evening,480,1,0.0021,4.54,Completed
PROD_0030486,2022-02-17,MACH_000444,PROD_01624,LOC_00174,Evening,276,4,0.0145,9.12,Completed
PROD_0097859,2024-08-07,MACH_001188,PROD_02881,LOC_00098,Morning,192,6,0.0312,4.99,Completed
PROD_0203396,2025-07-07,MACH_000953,PROD_04060,LOC_00064,Evening,452,11,0.0243,11.11,Completed
PROD_0262353,2023-09-17,MACH_000544,PROD_00848,LOC_00014,Evening,309,2,0.0065,7.31,In Progress
PROD_0055511,2023-12-14,MACH_000542,PROD_02540,LOC_00215,Night,166,4,0.0241,11.38,Completed
PROD_0131750,2023-04-10,MACH_000426,PROD_01723,LOC_00196,Night,477,15,0.0314,6.95,Completed
PROD_0066073,2026-04-05,MACH_000809,PROD_03661,LOC_00041,Morning,272,4,0.0147,4.36,Completed
PROD_0100854,2025-11-01,MACH_000329,PROD_02444,LOC_00070,Night,367,10,0.0272,8.07,Completed
PROD_0201969,2024-01-08,MACH_000312,PROD_04974,LOC_00243,Morning,452,14,0.031,7.47,Failed
PROD_0028033,2025-01-25,MACH_001270,PROD_03583,LOC_00102,Night,264,12,0.0455,8.4,Completed
PROD_0154346,2023-01-05,MACH_000231,PROD_01795,LOC_00055,Morning,240,11,0.0458,7.83,Completed
PROD_0233414,2023-11-12,MACH_001379,PROD_01959,LOC_00139,Morning,267,3,0.0112,2.5,Completed
PROD_0227652,2022-11-18,MACH_000611,PROD_02213,LOC_00132,Evening,385,2,0.0052,6.0,UNKNOWN
PROD_0233547,2026-01-10,MACH_001330,PROD_02200,LOC_00198,Night,215,0,0.0,9.58,Completed
PROD_0222363,2021-06-01,MACH_000618,PROD_03796,LOC_00245,Morning,397,11,0.0277,11.38,Failed
PROD_0202785,2023-10-22,MACH_000637,PROD_01283,LOC_00060,Morning,194,5,0.0258,3.63,Completed
PROD_0070417,2024-03-31,MACH_000568,PROD_00877,LOC_00076,Morning,299,12,0.0401,2.78,Completed
PROD_0184113,2022-07-01,MACH_000602,PROD_00616,LOC_00010,Night,306,1,0.0033,2.73,Completed
PROD_0267391,2021-02-04,MACH_001058,PROD_02177,LOC_00083,Morning,344,4,0.0116,6.55,Completed
PROD_0108023,2021-12-21,MACH_000301,PROD_01592,LOC_00024,Night,344,3,0.0087,10.97,In Progress
PROD_0120320,2021-04-01,MACH_000678,PROD_03546,LOC_00236,Evening,417,9,0.0216,11.26,UNKNOWN
PROD_0030078,2021-10-22,MACH_000765,PROD_03278,LOC_00223,Morning,190,1,0.0053,11.3,Completed
PROD_0228402,2025-07-17,MACH_000146,PROD_04025,LOC_00136,Night,116,0,0.0,2.01,Completed
PROD_0249186,2021-01-19,MACH_001206,PROD_04868,LOC_00023,Morning,182,2,0.011,4.9,Completed
PROD_0054499,2025-10-09,MACH_000778,PROD_04824,LOC_00110,Evening,497,15,0.0302,2.58,Completed
PROD_0116766,2023-09-17,MACH_001029,PROD_04306,LOC_00162,Morning,270,7,0.0259,5.38,Completed
PROD_0266339,2023-03-14,MACH_000372,PROD_02412,LOC_00128,Morning,180,6,0.0333,9.4,In Progress
PROD_0039130,2026-06-25,MACH_000438,PROD_00134,LOC_00040,Night,293,8,0.0273,4.72,Completed
PROD_0193938,2025-06-23,MACH_000628,PROD_00866,LOC_00129,Morning,251,5,0.0199,4.06,Completed
PROD_0011288,2024-12-07,MACH_000219,PROD_01522,LOC_00249,Evening,365,4,0.011,8.28,Completed
PROD_0293757,2024-12-19,MACH_000034,PROD_02914,LOC_00023,Night,313,0,0.0,4.71,Completed
PROD_0042624,2026-05-07,MACH_001078,PROD_00630,LOC_00023,Night,384,3,0.0078,9.49,Completed
PROD_0198048,2023-05-30,MACH_000363,PROD_01370,LOC_00091,Night,54,1,0.0185,7.47,Completed
PROD_0136212,2023-03-03,MACH_000506,PROD_01639,LOC_00079,Night,260,11,0.0423,11.32,Completed
PROD_0125777,2024-12-19,MACH_000330,PROD_04650,LOC_00038,Night,374,13,0.0348,7.09,Completed
PROD_0081940,2026-05-26,MACH_000119,PROD_00629,LOC_00090,Morning,496,10,0.0202,10.49,Completed
PROD_0244282,2023-01-14,MACH_000820,PROD_03179,LOC_00096,Evening,256,10,0.0391,8.26,Completed
PROD_0297497,2022-05-26,MACH_000200,PROD_04955,LOC_00039,Morning,50,0,0.0,11.15,Completed
PROD_0095812,2022-04-15,MACH_000133,PROD_04787,LOC_00069,Night,125,1,0.008,9.37,Completed
PROD_0227356,2023-05-28,MACH_000341,PROD_01203,LOC_00035,Night,487,21,0.0431,11.18,Completed
PROD_0129354,2023-11-17,MACH_000391,PROD_04570,LOC_00138,Morning,249,11,0.0442,3.84,Completed
PROD_0220154,2024-08-14,MACH_001094,PROD_02945,LOC_00019,Evening,278,2,0.0072,10.3,Completed
PROD_0026256,2026-03-25,MACH_001072,PROD_01232,LOC_00012,Evening,251,11,0.0438,7.61,Completed
PROD_0254508,2025-11-26,MACH_001080,PROD_01550,LOC_00045,Morning,298,10,0.0336,4.7,Completed
PROD_0135490,2025-12-15,MACH_000440,PROD_00246,LOC_00217,Night,376,10,0.0266,11.55,UNKNOWN
PROD_0193887,2021-11-12,MACH_001259,PROD_00429,LOC_00118,Morning,295,11,0.0373,7.34,Completed
PROD_0123768,2023-11-05,MACH_000264,PROD_02901,LOC_00206,Night,300,12,0.04,9.79,Completed
PROD_0124386,2022-07-02,MACH_001381,PROD_01215,LOC_00219,Night,287,12,0.0418,6.13,Completed
PROD_0228687,2024-05-02,MACH_000355,PROD_01126,LOC_00239,Night,246,8,0.0325,8.13,Completed
PROD_0268197,2023-10-31,MACH_001404,PROD_03397,LOC_00032,Night,491,15,0.0305,11.24,Completed
PROD_0238087,2023-05-12,MACH_000714,PROD_03297,LOC_00111,Evening,441,16,0.0363,3.82,Completed
PROD_0180092,2024-09-28,MACH_000895,PROD_00193,LOC_00130,Night,305,3,0.0098,6.37,Completed
PROD_0249993,2025-03-19,MACH_001404,PROD_04938,LOC_00019,Night,53,1,0.0189,2.64,Completed
PROD_0287270,2022-01-01,MACH_001037,PROD_00764,LOC_00081,Night,196,0,0.0,6.45,Completed
PROD_0112939,2021-01-26,MACH_000665,PROD_02030,LOC_00085,Morning,88,1,0.0114,3.12,Completed
PROD_0268098,2021-01-11,MACH_001230,PROD_02153,LOC_00100,Night,159,0,0.0,8.35,Completed
PROD_0182929,2025-04-30,MACH_001058,PROD_01153,LOC_00081,Morning,407,6,0.0147,11.29,Completed
PROD_0059094,2022-01-23,MACH_000015,PROD_00325,LOC_00116,Night,330,7,0.0212,9.74,Completed
PROD_0259119,2021-02-18,MACH_001070,PROD_04434,LOC_00024,Morning,100,1,0.01,9.78,Completed
PROD_0229449,2025-12-23,MACH_000719,PROD_02066,LOC_00156,Evening,405,17,0.042,2.27,Completed
PROD_0171420,2023-11-24,MACH_001163,PROD_01168,LOC_00166,Evening,424,16,0.0377,5.94,Completed
PROD_0162046,2022-05-22,MACH_000980,PROD_01713,LOC_00195,Night,457,20,0.0438,10.82,Completed
PROD_0142816,2025-08-27,MACH_000955,PROD_04208,LOC_00016,Night,281,7,0.0249,6.82,Completed
PROD_0236198,2026-01-18,MACH_000259,PROD_00349,LOC_00069,Night,441,12,0.0272,6.8,Completed
PROD_0005239,2026-01-06,MACH_000044,PROD_04912,LOC_00099,Evening,388,16,0.0412,9.85,In Progress
PROD_0115706,2026-02-02,MACH_001342,PROD_00529,LOC_00081,Morning,278,9,0.0324,3.74,Completed
PROD_0085781,2023-09-25,MACH_000360,PROD_01157,LOC_00012,Morning,133,5,0.0376,5.61,Completed
PROD_0077704,2021-11-05,MACH_000751,PROD_04256,LOC_00159,Evening,167,2,0.012,2.3,Completed
PROD_0054054,2026-02-01,MACH_000978,PROD_02051,LOC_00037,Evening,302,8,0.0265,11.04,In Progress
PROD_0056100,2025-11-06,MACH_000591,PROD_03282,LOC_00238,Night,326,10,0.0307,8.53,Completed
PROD_0176045,2025-07-03,MACH_000197,PROD_04101,LOC_00053,Evening,393,5,0.0127,11.74,Completed
PROD_0013689,2022-05-13,MACH_000771,PROD_02119,LOC_00103,Night,202,1,0.005,4.34,Completed
PROD_0249860,2024-01-06,MACH_001296,PROD_02643,LOC_00053,Evening,238,0,0.0,4.53,In Progress
PROD_0150153,2023-01-14,MACH_000159,PROD_04760,LOC_00003,Evening,66,2,0.0303,4.97,Completed
PROD_0083062,2025-04-14,MACH_000985,PROD_04363,LOC_00204,Evening,332,3,0.009,4.28,Completed
PROD_0138182,2023-12-23,MACH_000428,PROD_00543,LOC_00077,Morning,489,11,0.0225,4.95,Completed
PROD_0202159,2021-11-04,MACH_001121,PROD_02008,LOC_00176,Evening,438,11,0.0251,5.97,Completed
PROD_0092234,2023-08-26,MACH_000065,PROD_00571,LOC_00075,Night,207,8,0.0386,3.73,Completed
PROD_0239212,2022-11-23,MACH_000526,PROD_01615,LOC_00200,Morning,494,19,0.0385,3.59,Completed
PROD_0261904,2024-02-09,MACH_001403,PROD_00996,LOC_00174,Evening,345,7,0.0203,3.38,Completed
PROD_0208231,2024-03-09,MACH_000702,PROD_04622,LOC_00158,Morning,81,2,0.0247,2.71,Completed
PROD_0040185,2024-07-08,MACH_000959,PROD_01723,LOC_00105,Evening,309,12,0.0388,7.02,In Progress
PROD_0130534,2023-04-08,MACH_000681,PROD_04252,LOC_00195,Night,294,7,0.0238,9.13,Failed
PROD_0178047,2024-11-16,MACH_001406,PROD_01012,LOC_00204,Morning,471,12,0.0255,8.71,Completed
PROD_0161822,2026-02-17,MACH_000222,PROD_02533,LOC_00096,Morning,411,7,0.017,2.9,Completed
PROD_0015479,2023-05-09,MACH_000357,PROD_03446,LOC_00113,Night,239,8,0.0335,9.14,Completed
PROD_0188262,2026-02-07,MACH_000724,PROD_00886,LOC_00004,Night,311,6,0.0193,8.16,Completed
PROD_0171582,2023-09-05,MACH_000065,PROD_04427,LOC_00041,Morning,209,2,0.0096,3.02,Completed
PROD_0247592,2023-09-20,MACH_001410,PROD_02359,LOC_00189,Evening,199,8,0.0402,11.68,Completed
PROD_0105695,2024-12-25,MACH_000088,PROD_01890,LOC_00221,Morning,323,8,0.0248,7.81,Failed
PROD_0161798,2024-06-11,MACH_000933,PROD_02262,LOC_00139,Evening,130,0,0.0,4.25,Completed
PROD_0117138,2021-06-26,MACH_000581,PROD_01894,LOC_00006,Night,434,15,0.0346,11.39,Completed
PROD_0029100,2025-10-16,MACH_000999,PROD_00067,LOC_00022,Morning,130,5,0.0385,9.68,Completed
PROD_0231072,2022-04-29,MACH_000150,PROD_04130,LOC_00034,Night,410,11,0.0268,11.77,Completed
PROD_0004980,2021-09-27,MACH_001400,PROD_02650,LOC_00072,Morning,408,15,0.0368,6.4,Completed
PROD_0240756,2024-11-04,MACH_000397,PROD_03884,LOC_00090,Evening,167,5,0.0299,8.86,Completed
PROD_0049464,2025-04-22,MACH_000685,PROD_03497,LOC_00149,Evening,142,3,0.0211,7.31,Completed
PROD_0011067,2023-09-10,MACH_000034,PROD_04966,LOC_00088,Morning,205,0,0.0,4.78,Completed
PROD_0231645,2022-10-16,MACH_001030,PROD_01920,LOC_00133,Evening,270,10,0.037,10.0,Completed
PROD_0185988,2024-02-15,MACH_001465,PROD_04929,LOC_00200,Night,105,4,0.0381,6.64,Completed
PROD_0280380,2023-06-16,MACH_000885,PROD_01934,LOC_00131,Evening,200,5,0.025,5.47,Completed
PROD_0089934,2024-03-19,MACH_000564,PROD_02927,LOC_00019,Evening,218,7,0.0321,9.4,Completed
PROD_0007834,2026-03-13,MACH_000954,PROD_00304,LOC_00072,Morning,68,2,0.0294,2.08,Completed
PROD_0176380,2021-01-19,MACH_001476,PROD_02292,LOC_00166,Morning,354,5,0.0141,7.65,Completed
PROD_0053264,2025-05-28,MACH_000578,PROD_04494,LOC_00134,Night,491,10,0.0204,4.41,Completed
PROD_0293864,2024-07-20,MACH_000264,PROD_01459,LOC_00006,Evening,435,17,0.0391,10.8,Completed
PROD_0159222,2025-11-29,MACH_001393,PROD_00056,LOC_00105,Morning,224,1,0.0045,10.36,Completed
PROD_0065433,2021-02-17,MACH_000661,PROD_00468,LOC_00226,Morning,263,2,0.0076,10.93,Completed
PROD_0055539,2021-11-13,MACH_000925,PROD_01557,LOC_00191,Evening,187,7,0.0374,2.74,Completed
PROD_0024867,2023-06-14,MACH_000445,PROD_02511,LOC_00237,Morning,178,7,0.0393,10.83,Completed
PROD_0207196,2025-02-05,MACH_000027,PROD_04121,LOC_00232,Morning,465,13,0.028,10.37,Completed
PROD_0131668,2023-03-04,MACH_001294,PROD_01369,LOC_00008,Evening,76,2,0.0263,3.04,Completed
PROD_0158795,2024-08-07,MACH_001131,PROD_03555,LOC_00171,Evening,276,10,0.0362,8.03,Completed
PROD_0044300,2026-01-11,MACH_000129,PROD_00692,LOC_00079,Morning,168,4,0.0238,2.26,Completed
PROD_0280751,2022-01-05,MACH_000164,PROD_01332,LOC_00124,Night,360,10,0.0278,3.35,Completed
PROD_0252200,2023-02-25,MACH_000065,PROD_01240,LOC_00046,Evening,483,2,0.0041,4.27,Completed
PROD_0089918,2023-10-28,MACH_000897,PROD_02862,LOC_00238,Morning,136,2,0.0147,4.08,Completed
PROD_0143059,2022-03-01,MACH_001206,PROD_01862,LOC_00215,Evening,381,2,0.0052,5.1,Completed
PROD_0201642,2021-04-19,MACH_000282,PROD_00603,LOC_00167,Morning,231,4,0.0173,9.72,Completed
PROD_0223532,2022-11-10,MACH_000813,PROD_03209,LOC_00230,Evening,380,11,0.0289,2.29,Failed
PROD_0189868,2024-10-23,MACH_001489,PROD_02184,LOC_00061,Evening,109,0,0.0,4.57,Completed
PROD_0240731,2024-04-17,MACH_000148,PROD_03877,LOC_00070,Evening,301,7,0.0233,10.52,Completed
PROD_0122651,2023-10-20,MACH_000196,PROD_03612,LOC_00044,Morning,340,0,0.0,10.2,Completed
PROD_0191434,2023-04-07,MACH_000824,PROD_00714,LOC_00182,Evening,239,9,0.0377,2.33,In Progress
PROD_0035141,2025-03-16,MACH_001288,PROD_00557,LOC_00096,Night,481,23,0.0478,4.69,Completed
PROD_0016235,2021-10-18,MACH_000279,PROD_03883,LOC_00069,Morning,248,0,0.0,4.19,Completed
PROD_0082162,2023-05-26,MACH_000977,PROD_01403,LOC_00195,Morning,136,5,0.0368,2.5,Completed
PROD_0010693,2025-10-08,MACH_000315,PROD_04622,LOC_00171,Evening,340,0,0.0,2.56,Completed
PROD_0168867,2025-08-13,MACH_001304,PROD_04606,LOC_00179,Evening,138,0,0.0,5.99,Completed
PROD_0294107,2021-09-25,MACH_001497,PROD_03678,LOC_00167,Night,87,2,0.023,9.05,Completed
PROD_0190469,2025-05-20,MACH_000501,PROD_00483,LOC_00143,Night,319,12,0.0376,6.66,Completed
PROD_0220966,2023-02-13,MACH_001354,PROD_01323,LOC_00003,Morning,439,13,0.0296,10.56,Completed
PROD_0181285,2026-04-24,MACH_001460,PROD_03344,LOC_00030,Evening,139,0,0.0,11.1,Completed
PROD_0178321,2023-06-17,MACH_000375,PROD_03811,LOC_00063,Morning,313,2,0.0064,7.6,Completed
PROD_0063947,2023-04-29,MACH_000420,PROD_04386,LOC_00065,Morning,422,1,0.0024,8.33,Completed
PROD_0279396,2021-04-18,MACH_001377,PROD_04542,LOC_00173,Morning,369,10,0.0271,3.51,Completed
PROD_0222802,2024-04-19,MACH_000998,PROD_04813,LOC_00041,Morning,275,8,0.0291,5.09,Completed
PROD_0133911,2025-01-19,MACH_000958,PROD_04098,LOC_00222,Evening,414,6,0.0145,5.26,Completed
PROD_0273464,2024-09-20,MACH_000165,PROD_00916,LOC_00146,Night,341,1,0.0029,7.75,Completed
PROD_0174191,2022-01-05,MACH_000499,PROD_00085,LOC_00199,Evening,52,1,0.0192,4.24,Failed
PROD_0279339,2025-11-02,MACH_001082,PROD_04754,LOC_00077,Night,361,11,0.0305,3.16,Completed
PROD_0135658,2022-01-02,MACH_000021,PROD_00659,LOC_00055,Night,345,7,0.0203,5.79,Completed
PROD_0286200,2022-01-20,MACH_000860,PROD_03172,LOC_00007,Morning,221,2,0.009,4.37,Completed
PROD_0161491,2025-07-09,MACH_000339,PROD_01425,LOC_00190,Evening,397,18,0.0453,5.39,Completed
PROD_0042881,2022-02-22,MACH_001460,PROD_01985,LOC_00231,Night,394,15,0.0381,5.18,Completed
PROD_0160430,2025-10-04,MACH_001451,PROD_03881,LOC_00182,Morning,228,2,0.0088,11.55,Completed
PROD_0070964,2023-12-08,MACH_001462,PROD_04196,LOC_00097,Evening,116,1,0.0086,9.03,Completed
PROD_0235541,2024-05-16,MACH_001213,PROD_00752,LOC_00047,Morning,109,2,0.0183,11.61,UNKNOWN
PROD_0144915,2023-04-21,MACH_000866,PROD_02487,LOC_00091,Evening,249,9,0.0361,4.81,Completed
PROD_0028428,2022-12-03,MACH_001451,PROD_02408,LOC_00169,Evening,490,5,0.0102,11.67,Completed
PROD_0264062,2022-10-07,MACH_000946,PROD_03510,LOC_00235,Morning,290,3,0.0103,8.09,Completed
PROD_0182315,2023-03-05,MACH_000519,PROD_01479,LOC_00238,Evening,408,12,0.0294,10.23,Completed
PROD_0292188,2021-01-26,MACH_000740,PROD_04455,LOC_00130,Night,268,2,0.0075,2.48,Completed
PROD_0273084,2024-09-16,MACH_000595,PROD_04006,LOC_00120,Evening,211,7,0.0332,10.94,Completed
PROD_0094129,2021-05-22,MACH_000114,PROD_03357,LOC_00009,Night,227,4,0.0176,4.14,Completed
PROD_0266860,2024-01-02,MACH_001394,PROD_03861,LOC_00057,Night,131,5,0.0382,6.59,Failed
PROD_0265160,2022-02-19,MACH_000632,PROD_02126,LOC_00105,Morning,273,7,0.0256,8.64,Completed
PROD_0212957,2025-12-03,MACH_001016,PROD_00730,LOC_00070,Night,363,8,0.022,5.59,UNKNOWN
PROD_0218652,2024-11-28,MACH_000955,PROD_03456,LOC_00045,Morning,418,11,0.0263,5.44,Completed
PROD_0121200,2024-01-02,MACH_000976,PROD_00959,LOC_00046,Evening,283,5,0.0177,9.47,Completed
PROD_0226925,2021-11-06,MACH_000082,PROD_03094,LOC_00034,Morning,309,13,0.0421,9.44,Completed
PROD_0073695,2024-04-14,MACH_000462,PROD_00134,LOC_00026,Night,268,7,0.0261,4.77,Completed
PROD_0263938,2023-08-03,MACH_000310,PROD_02553,LOC_00147,Night,71,0,0.0,7.47,Completed
PROD_0178304,2022-06-27,MACH_000944,PROD_00938,LOC_00193,Evening,118,2,0.0169,7.32,Completed
PROD_0153708,2023-07-20,MACH_000963,PROD_01641,LOC_00104,Evening,361,7,0.0194,3.26,Completed
PROD_0000031,2025-06-08,MACH_000881,PROD_02050,LOC_00129,Evening,193,8,0.0415,10.17,Completed
PROD_0221554,2026-04-27,MACH_001071,PROD_02598,LOC_00142,Morning,404,10,0.0248,10.48,Completed
PROD_0199318,2025-04-26,MACH_000343,PROD_00642,LOC_00008,Night,196,2,0.0102,8.54,Completed
PROD_0063594,2026-01-15,MACH_000471,PROD_03513,LOC_00076,Evening,146,2,0.0137,10.55,Completed
PROD_0022365,2021-09-30,MACH_000884,PROD_03884,LOC_00234,Evening,365,0,0.0,7.02,UNKNOWN
PROD_0093364,2025-09-12,MACH_000123,PROD_00204,LOC_00074,Morning,242,10,0.0413,8.46,Completed
PROD_0102889,2026-05-18,MACH_000754,PROD_03131,LOC_00055,Night,330,11,0.0333,6.46,Failed
PROD_0292055,2022-09-03,MACH_000567,PROD_03649,LOC_00020,Morning,187,6,0.0321,6.86,Completed
PROD_0007686,2025-10-13,MACH_001339,PROD_04710,LOC_00118,Morning,486,9,0.0185,2.44,Completed
PROD_0232224,2022-08-20,MACH_000728,PROD_01851,LOC_00174,Morning,280,4,0.0143,11.61,Completed
PROD_0207444,2022-02-18,MACH_001084,PROD_03368,LOC_00205,Evening,416,4,0.0096,11.39,Completed
PROD_0248655,2022-08-24,MACH_000663,PROD_00263,LOC_00208,Evening,102,2,0.0196,5.85,Completed
PROD_0128641,2021-11-20,MACH_000214,PROD_01483,LOC_00068,Morning,402,8,0.0199,9.85,Completed
PROD_0135507,2023-01-27,MACH_000002,PROD_03066,LOC_00187,Evening,52,0,0.0,6.07,UNKNOWN
PROD_0031462,2024-07-15,MACH_000995,PROD_02473,LOC_00097,Morning,235,2,0.0085,8.45,Completed
PROD_0181705,2025-04-12,MACH_001380,PROD_00742,LOC_00071,Night,127,4,0.0315,10.83,Completed
PROD_0008822,2024-04-27,MACH_001216,PROD_04052,LOC_00074,Night,172,7,0.0407,10.52,Failed
PROD_0231247,2021-12-22,MACH_000956,PROD_01269,LOC_00248,Evening,479,1,0.0021,5.74,Completed
PROD_0194824,2021-06-15,MACH_000716,PROD_03432,LOC_00076,Morning,321,14,0.0436,9.3,Completed
PROD_0269307,2025-05-22,MACH_001143,PROD_02924,LOC_00243,Morning,429,12,0.028,10.92,Completed
PROD_0253288,2022-10-20,MACH_001207,PROD_01765,LOC_00059,Evening,63,2,0.0317,11.09,Completed
PROD_0096172,2023-03-02,MACH_000681,PROD_03640,LOC_00117,Night,54,1,0.0185,6.93,Completed
PROD_0240572,2021-05-17,MACH_000850,PROD_01036,LOC_00039,Evening,455,9,0.0198,10.0,In Progress
PROD_0259929,2024-04-28,MACH_001251,PROD_03657,LOC_00110,Evening,60,1,0.0167,10.02,Completed
PROD_0026774,2025-01-09,MACH_000460,PROD_00677,LOC_00249,Night,86,3,0.0349,6.58,Completed
PROD_0155172,2023-02-25,MACH_000705,PROD_01712,LOC_00183,Morning,291,3,0.0103,5.54,Completed
PROD_0261064,2024-02-04,MACH_000886,PROD_01135,LOC_00136,Evening,85,0,0.0,7.62,Completed
PROD_0269311,2024-06-18,MACH_000909,PROD_01315,LOC_00222,Evening,487,1,0.0021,10.45,Completed
PROD_0273420,2021-08-08,MACH_000520,PROD_01864,LOC_00033,Night,99,2,0.0202,9.71,Completed
PROD_0249885,2025-07-30,MACH_001405,PROD_03659,LOC_00174,Evening,434,5,0.0115,6.96,Completed
PROD_0109414,2023-08-17,MACH_000510,PROD_03444,LOC_00102,Night,185,3,0.0162,9.97,Completed
PROD_0196313,2023-01-31,MACH_000287,PROD_00545,LOC_00067,Morning,261,4,0.0153,3.19,In Progress
PROD_0150456,2023-01-05,MACH_001093,PROD_02932,LOC_00064,Night,60,1,0.0167,6.15,Completed
PROD_0201207,2025-05-28,MACH_001473,PROD_04021,LOC_00096,Morning,433,12,0.0277,11.15,Completed
PROD_0196185,2024-07-26,MACH_000952,PROD_02778,LOC_00169,Night,349,16,0.0458,11.86,Completed
PROD_0193952,2023-04-21,MACH_001390,PROD_02969,LOC_00197,Night,402,9,0.0224,11.36,In Progress
PROD_0242636,2023-06-07,MACH_000913,PROD_01142,LOC_00241,Evening,258,0,0.0,2.1,Completed
PROD_0153530,2026-04-05,MACH_000145,PROD_00704,LOC_00001,Night,260,9,0.0346,9.11,Completed
PROD_0083096,2023-01-31,MACH_000256,PROD_01349,LOC_00238,Morning,400,10,0.025,3.33,In Progress
PROD_0062320,2021-01-26,MACH_001186,PROD_02834,LOC_00209,Morning,165,6,0.0364,2.92,Completed
PROD_0005980,2022-07-11,MACH_000966,PROD_04618,LOC_00201,Evening,436,14,0.0321,9.43,Completed
PROD_0159310,2024-03-07,MACH_001175,PROD_03516,LOC_00136,Evening,192,5,0.026,4.18,Completed
PROD_0287672,2025-02-03,MACH_000882,PROD_02626,LOC_00110,Evening,267,1,0.0037,2.07,Completed
PROD_0183222,2024-06-27,MACH_000786,PROD_02864,LOC_00045,Evening,207,3,0.0145,7.07,Completed
PROD_0291444,2021-01-19,MACH_001117,PROD_00984,LOC_00232,Evening,364,11,0.0302,11.05,Completed
PROD_0165253,2024-11-01,MACH_000339,PROD_02910,LOC_00038,Evening,272,2,0.0074,6.59,In Progress
PROD_0191222,2026-01-27,MACH_000511,PROD_01398,LOC_00227,Morning,169,7,0.0414,5.23,Completed
PROD_0162874,2023-05-25,MACH_001440,PROD_04967,LOC_00089,Evening,52,0,0.0,6.33,Completed
PROD_0285499,2023-05-25,MACH_000816,PROD_02708,LOC_00137,Morning,246,6,0.0244,2.38,Completed
PROD_0209297,2024-10-23,MACH_001113,PROD_00300,LOC_00058,Night,409,1,0.0024,2.78,Completed
PROD_0111661,2025-06-17,MACH_000284,PROD_00118,LOC_00228,Morning,351,16,0.0456,2.3,Completed
PROD_0223270,2022-10-05,MACH_001039,PROD_04148,LOC_00158,Night,232,7,0.0302,5.41,Completed
PROD_0147627,2024-10-04,MACH_000834,PROD_03844,LOC_00123,Night,423,0,0.0,3.75,Completed
PROD_0081301,2024-07-12,MACH_000802,PROD_03185,LOC_00014,Night,109,4,0.0367,5.2,Completed
PROD_0159817,2024-08-17,MACH_000692,PROD_04432,LOC_00104,Night,118,2,0.0169,4.38,Completed
PROD_0136964,2025-08-15,MACH_001019,PROD_02966,LOC_00041,Night,204,3,0.0147,9.86,Completed
PROD_0009841,2023-09-16,MACH_000929,PROD_04581,LOC_00105,Evening,346,2,0.0058,8.59,Completed
PROD_0123731,2026-03-03,MACH_001469,PROD_00057,LOC_00124,Evening,360,7,0.0194,11.35,Completed
PROD_0056975,2026-01-08,MACH_001464,PROD_03195,LOC_00087,Night,150,2,0.0133,5.37,Completed
PROD_0108187,2026-06-07,MACH_000646,PROD_03879,LOC_00243,Morning,322,11,0.0342,6.95,Completed
PROD_0242629,2023-02-02,MACH_000734,PROD_02275,LOC_00085,Morning,401,5,0.0125,6.76,Completed
PROD_0120359,2023-01-11,MACH_001130,PROD_01326,LOC_00231,Morning,144,2,0.0139,4.6,Completed
PROD_0216987,2023-10-27,MACH_001335,PROD_04789,LOC_00058,Evening,156,6,0.0385,10.96,In Progress
PROD_0126629,2021-12-18,MACH_001024,PROD_03072,LOC_00024,Evening,163,5,0.0307,6.46,Completed
PROD_0044480,2025-09-02,MACH_000030,PROD_00877,LOC_00037,Evening,164,7,0.0427,5.43,In Progress
PROD_0195185,2026-06-29,MACH_001432,PROD_00499,LOC_00105,Evening,456,10,0.0219,5.89,Completed
PROD_0025489,2023-12-15,MACH_001486,PROD_00625,LOC_00100,Night,181,8,0.0442,10.93,Completed
PROD_0194675,2023-08-28,MACH_001330,PROD_01191,LOC_00181,Night,196,5,0.0255,4.7,In Progress
PROD_0099338,2024-04-10,MACH_001244,PROD_02667,LOC_00149,Night,294,7,0.0238,10.62,Completed
PROD_0130262,2026-01-13,MACH_001247,PROD_01060,LOC_00046,Morning,263,11,0.0418,10.08,In Progress
PROD_0250563,2025-11-09,MACH_000754,PROD_02542,LOC_00163,Night,111,0,0.0,6.18,Completed
PROD_0286689,2023-03-10,MACH_000249,PROD_04744,LOC_00187,Evening,418,7,0.0167,6.81,Completed
PROD_0226161,2025-04-18,MACH_000079,PROD_04417,LOC_00129,Morning,176,4,0.0227,6.55,Completed
PROD_0235479,2023-10-20,MACH_000709,PROD_02995,LOC_00052,Evening,187,4,0.0214,6.77,Completed
PROD_0120257,2025-05-13,MACH_000758,PROD_04280,LOC_00138,Morning,163,5,0.0307,4.95,In Progress
PROD_0280776,2022-01-17,MACH_000777,PROD_02917,LOC_00184,Night,289,3,0.0104,8.96,In Progress
PROD_0040974,2026-05-12,MACH_000236,PROD_03943,LOC_00188,Night,321,1,0.0031,3.89,Completed
PROD_0206335,2022-01-27,MACH_000026,PROD_04907,LOC_00167,Morning,230,1,0.0043,8.94,Completed
PROD_0166758,2022-04-24,MACH_001474,PROD_01065,LOC_00068,Morning,153,4,0.0261,3.67,Completed
PROD_0275860,2021-02-17,MACH_000231,PROD_00404,LOC_00035,Night,295,4,0.0136,9.31,Failed
PROD_0165916,2025-12-31,MACH_001368,PROD_01803,LOC_00026,Morning,125,5,0.04,7.55,Completed
PROD_0094514,2022-08-09,MACH_000660,PROD_04085,LOC_00234,Evening,311,6,0.0193,11.17,Failed
PROD_0232493,2025-03-13,MACH_000247,PROD_02557,LOC_00232,Night,211,0,0.0,10.34,UNKNOWN
PROD_0189840,2022-06-28,MACH_001311,PROD_00801,LOC_00181,Night,257,2,0.0078,3.8,Completed
PROD_0243097,2024-02-17,MACH_000120,PROD_04262,LOC_00029,Night,185,0,0.0,10.0,Completed
PROD_0111475,2021-09-23,MACH_001099,PROD_00001,LOC_00135,Night,237,1,0.0042,8.15,Completed
PROD_0204729,2022-07-20,MACH_000790,PROD_04610,LOC_00245,Evening,164,2,0.0122,2.42,Completed
PROD_0115756,2021-03-08,MACH_000909,PROD_02469,LOC_00119,Night,349,3,0.0086,6.66,Completed
PROD_0028666,2024-03-01,MACH_000528,PROD_00490,LOC_00037,Night,365,16,0.0438,2.78,In Progress
PROD_0178041,2023-11-29,MACH_000187,PROD_00655,LOC_00035,Night,218,1,0.0046,5.59,Completed
PROD_0050889,2023-07-28,MACH_000051,PROD_04685,LOC_00151,Evening,94,1,0.0106,9.15,Completed
PROD_0214536,2023-09-23,MACH_001414,PROD_03736,LOC_00063,Night,171,2,0.0117,4.14,Completed
PROD_0168300,2023-09-20,MACH_001470,PROD_03468,LOC_00234,Morning,412,9,0.0218,3.34,Completed
PROD_0011034,2023-02-10,MACH_001174,PROD_04952,LOC_00155,Morning,451,2,0.0044,6.56,Completed
PROD_0240215,2022-03-18,MACH_000252,PROD_02070,LOC_00109,Night,177,6,0.0339,8.25,Completed
PROD_0225422,2021-09-04,MACH_000199,PROD_04291,LOC_00042,Evening,92,1,0.0109,3.31,Completed
PROD_0104044,2021-04-15,MACH_001071,PROD_04676,LOC_00182,Morning,191,8,0.0419,8.48,Completed
PROD_0021949,2024-01-02,MACH_000774,PROD_00742,LOC_00101,Morning,452,10,0.0221,2.5,Completed
PROD_0281539,2022-11-14,MACH_001237,PROD_03396,LOC_00197,Night,400,8,0.02,7.03,Completed
PROD_0021040,2023-09-22,MACH_000113,PROD_02089,LOC_00128,Night,486,10,0.0206,10.75,Completed
PROD_0170266,2021-01-07,MACH_000496,PROD_03245,LOC_00056,Morning,193,7,0.0363,9.12,Completed
PROD_0130043,2025-05-26,MACH_001006,PROD_03497,LOC_00110,Evening,161,4,0.0248,8.73,UNKNOWN
PROD_0211380,2021-01-22,MACH_000672,PROD_02377,LOC_00128,Evening,429,16,0.0373,8.57,Completed
PROD_0008362,2021-08-09,MACH_000998,PROD_02973,LOC_00180,Evening,353,15,0.0425,11.85,Completed
PROD_0202682,2025-06-08,MACH_000135,PROD_00372,LOC_00105,Night,267,12,0.0449,9.47,Completed
PROD_0008123,2025-01-16,MACH_000349,PROD_04490,LOC_00068,Evening,276,2,0.0072,6.83,Completed
PROD_0256320,2021-07-16,MACH_001301,PROD_00084,LOC_00046,Morning,261,5,0.0192,4.83,Completed
PROD_0288573,2025-12-21,MACH_000521,PROD_00019,LOC_00078,Evening,361,2,0.0055,6.71,Completed
PROD_0177738,2022-04-09,MACH_000884,PROD_02052,LOC_00037,Evening,320,14,0.0437,9.39,Completed
PROD_0004149,2022-04-07,MACH_000618,PROD_04120,LOC_00007,Night,100,1,0.01,10.59,Completed
PROD_0141488,2022-08-07,MACH_000588,PROD_02043,LOC_00162,Morning,482,18,0.0373,11.96,Completed
PROD_0239879,2026-03-22,MACH_000359,PROD_02831,LOC_00132,Evening,114,3,0.0263,7.13,Failed
PROD_0095727,2022-07-06,MACH_000792,PROD_00123,LOC_00039,Night,181,3,0.0166,6.13,Completed
PROD_0263609,2023-06-12,MACH_000326,PROD_04914,LOC_00195,Night,261,4,0.0153,3.29,Completed
PROD_0184285,2023-10-29,MACH_001281,PROD_04331,LOC_00051,Night,83,0,0.0,4.04,Completed
PROD_0298047,2022-01-06,MACH_000984,PROD_04341,LOC_00171,Morning,471,10,0.0212,9.39,Completed
PROD_0239446,2022-02-02,MACH_000502,PROD_01290,LOC_00144,Evening,56,1,0.0179,8.37,Completed
PROD_0194267,2022-01-13,MACH_000738,PROD_03236,LOC_00196,Morning,140,1,0.0071,4.32,Completed
PROD_0209879,2024-03-15,MACH_000522,PROD_02942,LOC_00118,Evening,400,6,0.015,4.38,Completed
PROD_0150121,2021-02-17,MACH_001188,PROD_03401,LOC_00012,Evening,369,6,0.0163,5.2,Completed
PROD_0103021,2024-11-27,MACH_000011,PROD_01759,LOC_00070,Evening,234,7,0.0299,3.73,Failed
PROD_0231426,2024-07-20,MACH_000872,PROD_01343,LOC_00013,Night,57,0,0.0,10.0,Completed
PROD_0142512,2025-11-20,MACH_001131,PROD_02925,LOC_00019,Evening,92,0,0.0,7.38,Completed
PROD_0173076,2022-07-20,MACH_000111,PROD_00832,LOC_00097,Night,128,1,0.0078,4.42,In Progress
PROD_0232004,2024-08-03,MACH_001335,PROD_00305,LOC_00137,Evening,334,9,0.0269,11.46,Completed
PROD_0278943,2025-04-04,MACH_001254,PROD_02608,LOC_00206,Night,302,6,0.0199,7.42,Completed
PROD_0271112,2026-02-24,MACH_000484,PROD_02799,LOC_00203,Morning,369,16,0.0434,5.57,Completed
PROD_0061985,2022-07-24,MACH_000001,PROD_02896,LOC_00250,Morning,493,3,0.0061,4.3,Completed
PROD_0047447,2021-11-08,MACH_000291,PROD_01874,LOC_00075,Evening,363,10,0.0275,4.87,Completed
PROD_0023900,2022-09-04,MACH_000699,PROD_00597,LOC_00090,Morning,373,17,0.0456,11.38,Completed
PROD_0093301,2025-04-18,MACH_000746,PROD_01935,LOC_00063,Morning,271,1,0.0037,10.04,Completed
PROD_0070911,2023-08-13,MACH_001056,PROD_02869,LOC_00219,Night,478,3,0.0063,8.73,Completed
PROD_0236434,2022-10-16,MACH_001009,PROD_01356,LOC_00241,Night,401,15,0.0374,7.22,Completed
PROD_0139320,2023-07-09,MACH_000281,PROD_01712,LOC_00223,Night,348,3,0.0086,2.57,Completed
PROD_0074341,2025-04-11,MACH_000717,PROD_00026,LOC_00047,Morning,283,3,0.0106,10.95,Completed
PROD_0210297,2021-10-11,MACH_000910,PROD_01450,LOC_00080,Evening,483,2,0.0041,7.1,Completed
PROD_0039605,2025-12-27,MACH_000403,PROD_04414,LOC_00025,Evening,439,10,0.0228,4.48,UNKNOWN
PROD_0112584,2023-04-01,MACH_000947,PROD_04163,LOC_00038,Evening,229,9,0.0393,6.81,Failed
PROD_0254022,2025-06-25,MACH_001323,PROD_04533,LOC_00069,Evening,455,3,0.0066,5.75,Completed
PROD_0114632,2023-06-28,MACH_001423,PROD_04531,LOC_00092,Morning,52,0,0.0,6.63,Completed
PROD_0262651,2024-06-11,MACH_000018,PROD_04456,LOC_00216,Morning,445,19,0.0427,10.81,In Progress
PROD_0294983,2024-12-28,MACH_000192,PROD_03905,LOC_00121,Morning,335,9,0.0269,6.99,Completed
PROD_0287112,2026-02-28,MACH_001239,PROD_02945,LOC_00046,Morning,312,5,0.016,4.3,Completed
PROD_0110012,2026-04-07,MACH_000155,PROD_04870,LOC_00001,Evening,306,4,0.0131,4.49,Completed
PROD_0226053,2022-12-21,MACH_001434,PROD_01576,LOC_00069,Evening,291,1,0.0034,2.75,Completed
PROD_0160884,2024-05-08,MACH_000640,PROD_02750,LOC_00210,Morning,393,4,0.0102,6.41,Completed
PROD_0165134,2021-01-16,MACH_000547,PROD_03994,LOC_00001,Morning,461,22,0.0477,7.08,Completed
PROD_0287665,2025-03-02,MACH_000769,PROD_01791,LOC_00180,Evening,410,5,0.0122,8.47,Completed
PROD_0102728,2021-11-02,MACH_000357,PROD_01668,LOC_00089,Evening,354,6,0.0169,8.86,Completed
PROD_0210548,2024-09-26,MACH_001342,PROD_01293,LOC_00196,Morning,238,7,0.0294,3.79,Completed
PROD_0247972,2021-09-10,MACH_000369,PROD_04772,LOC_00205,Morning,335,1,0.003,3.32,Completed
PROD_0080161,2023-12-18,MACH_001229,PROD_03814,LOC_00181,Night,165,1,0.0061,5.15,Completed
PROD_0280532,2025-04-02,MACH_000786,PROD_00817,LOC_00029,Night,204,7,0.0343,7.6,Failed
PROD_0037183,2026-04-28,MACH_000062,PROD_03517,LOC_00054,Evening,390,4,0.0103,11.6,Completed
PROD_0168177,2026-06-10,MACH_000813,PROD_02449,LOC_00146,Night,350,13,0.0371,11.76,Completed
PROD_0255593,2025-01-09,MACH_000555,PROD_04872,LOC_00224,Evening,450,8,0.0178,5.39,Completed
PROD_0001764,2022-01-21,MACH_001383,PROD_02979,LOC_00228,Evening,469,2,0.0043,7.59,Completed
PROD_0247790,2025-12-28,MACH_000067,PROD_02460,LOC_00207,Morning,470,13,0.0277,4.51,Completed
PROD_0030686,2023-07-16,MACH_000575,PROD_02173,LOC_00045,Night,417,6,0.0144,11.28,Completed
PROD_0127799,2025-07-28,MACH_000126,PROD_04782,LOC_00127,Night,353,12,0.034,7.75,Completed
PROD_0174444,2022-12-07,MACH_001287,PROD_01565,LOC_00014,Morning,235,8,0.034,11.37,Completed
PROD_0049759,2026-03-29,MACH_001233,PROD_00692,LOC_00219,Morning,78,2,0.0256,4.98,Completed
PROD_0002914,2024-02-04,MACH_001479,PROD_03850,LOC_00099,Evening,79,1,0.0127,5.13,Completed
PROD_0243047,2025-03-18,MACH_001350,PROD_00846,LOC_00199,Morning,382,5,0.0131,7.73,Completed
PROD_0138785,2021-02-22,MACH_000823,PROD_01146,LOC_00080,Morning,138,1,0.0072,5.99,Completed
PROD_0160280,2021-10-28,MACH_000993,PROD_02491,LOC_00182,Evening,68,0,0.0,8.2,Failed
PROD_0161231,2023-02-06,MACH_001462,PROD_03147,LOC_00223,Morning,70,1,0.0143,10.2,Completed
PROD_0164494,2023-05-20,MACH_000595,PROD_03398,LOC_00171,Evening,87,0,0.0,6.33,Completed
PROD_0114575,2023-08-09,MACH_001202,PROD_00407,LOC_00199,Night,308,2,0.0065,11.05,Completed
PROD_0036284,2025-10-17,MACH_000389,PROD_00006,LOC_00131,Evening,389,12,0.0308,4.63,In Progress
PROD_0034072,2023-03-30,MACH_000647,PROD_03478,LOC_00016,Night,131,4,0.0305,7.8,Completed
PROD_0090191,2022-07-11,MACH_000279,PROD_00269,LOC_00095,Morning,153,0,0.0,2.83,Completed
PROD_0112681,2025-06-01,MACH_001120,PROD_03546,LOC_00053,Morning,339,3,0.0088,10.89,Completed
PROD_0200467,2026-05-01,MACH_001009,PROD_02710,LOC_00100,Morning,211,7,0.0332,3.27,Completed
PROD_0271427,2022-07-14,MACH_000550,PROD_02379,LOC_00126,Morning,180,0,0.0,4.05,Failed
PROD_0091161,2021-02-21,MACH_000976,PROD_02065,LOC_00168,Evening,239,0,0.0,8.42,In Progress
PROD_0042997,2021-12-06,MACH_001237,PROD_04555,LOC_00076,Night,400,0,0.0,9.65,In Progress
PROD_0163602,2021-03-10,MACH_000637,PROD_03686,LOC_00199,Evening,326,15,0.046,4.76,Completed
PROD_0138140,2022-04-09,MACH_001443,PROD_04510,LOC_00039,Morning,50,0,0.0,5.49,Completed
PROD_0063120,2022-08-06,MACH_001046,PROD_04506,LOC_00244,Morning,272,4,0.0147,4.85,Completed
PROD_0237838,2022-04-12,MACH_001369,PROD_04109,LOC_00153,Morning,55,0,0.0,3.87,Completed
PROD_0255013,2023-04-23,MACH_001438,PROD_00832,LOC_00174,Evening,331,14,0.0423,9.12,Completed
PROD_0180009,2022-04-08,MACH_001230,PROD_00723,LOC_00236,Evening,462,1,0.0022,2.26,Completed
PROD_0080553,2021-05-08,MACH_000690,PROD_04006,LOC_00055,Night,241,2,0.0083,7.39,Completed
PROD_0276427,2025-07-26,MACH_000897,PROD_02911,LOC_00213,Evening,407,9,0.0221,7.12,Completed
PROD_0074910,2024-05-04,MACH_000544,PROD_00464,LOC_00001,Evening,282,8,0.0284,2.89,Completed
PROD_0019311,2021-09-12,MACH_000992,PROD_04657,LOC_00093,Morning,162,6,0.037,7.62,Completed
PROD_0271934,2025-08-24,MACH_000225,PROD_01677,LOC_00142,Morning,313,9,0.0288,7.09,Completed
PROD_0126193,2022-12-15,MACH_000239,PROD_01400,LOC_00025,Evening,428,11,0.0257,11.84,Completed
PROD_0170036,2025-06-10,MACH_000043,PROD_04702,LOC_00116,Night,352,1,0.0028,11.27,Completed
PROD_0069607,2025-05-06,MACH_000257,PROD_03217,LOC_00065,Night,269,9,0.0335,3.68,Completed
PROD_0208585,2023-05-05,MACH_000266,PROD_00068,LOC_00211,Morning,152,6,0.0395,4.33,Completed
PROD_0200139,2025-01-17,MACH_000212,PROD_01575,LOC_00178,Night,89,0,0.0,4.2,Completed
PROD_0113185,2023-12-31,MACH_000430,PROD_02162,LOC_00163,Evening,247,8,0.0324,2.42,Completed
PROD_0244144,2022-07-31,MACH_001017,PROD_01306,LOC_00115,Night,167,1,0.006,5.97,Completed
PROD_0117926,2022-11-30,MACH_000955,PROD_04400,LOC_00185,Night,339,5,0.0147,3.26,Completed
PROD_0165334,2023-04-30,MACH_000691,PROD_03937,LOC_00013,Evening,156,0,0.0,3.32,Completed
PROD_0062145,2024-02-01,MACH_000765,PROD_01851,LOC_00138,Night,372,0,0.0,6.45,Completed
PROD_0252082,2021-09-23,MACH_001335,PROD_04109,LOC_00137,Night,433,15,0.0346,8.19,In Progress
PROD_0208248,2022-09-25,MACH_000211,PROD_04768,LOC_00205,Night,328,9,0.0274,4.76,Completed
PROD_0205822,2023-07-28,MACH_000265,PROD_02766,LOC_00075,Evening,251,0,0.0,8.75,Completed
PROD_0060801,2026-01-22,MACH_000768,PROD_03666,LOC_00069,Morning,376,13,0.0346,7.4,Completed
PROD_0132060,2026-01-26,MACH_000896,PROD_02141,LOC_00012,Morning,319,10,0.0313,6.85,In Progress
PROD_0066478,2026-02-21,MACH_001343,PROD_04464,LOC_00134,Morning,190,6,0.0316,10.16,UNKNOWN
PROD_0019797,2021-02-09,MACH_001052,PROD_04164,LOC_00099,Evening,236,5,0.0212,9.16,Completed
PROD_0091537,2025-01-04,MACH_000362,PROD_01335,LOC_00170,Evening,144,1,0.0069,5.31,Completed
PROD_0126921,2022-03-07,MACH_000758,PROD_04480,LOC_00072,Morning,237,5,0.0211,9.45,In Progress
PROD_0173122,2023-01-10,MACH_000869,PROD_03040,LOC_00225,Morning,307,11,0.0358,7.53,Completed
PROD_0117339,2021-02-03,MACH_001484,PROD_03513,LOC_00181,Morning,419,15,0.0358,10.51,Completed
PROD_0243719,2021-02-22,MACH_000451,PROD_03173,LOC_00097,Night,283,8,0.0283,10.82,Completed
PROD_0052543,2025-02-28,MACH_000573,PROD_01032,LOC_00109,Morning,435,5,0.0115,10.47,Completed
PROD_0180509,2025-11-23,MACH_000346,PROD_03169,LOC_00068,Morning,397,12,0.0302,2.38,Completed
PROD_0088559,2021-08-21,MACH_000522,PROD_03033,LOC_00164,Evening,407,5,0.0123,5.53,In Progress
PROD_0091824,2024-02-20,MACH_001393,PROD_01592,LOC_00244,Night,171,4,0.0234,8.38,Completed
PROD_0175858,2024-12-24,MACH_001054,PROD_03546,LOC_00229,Morning,297,2,0.0067,9.55,Completed
PROD_0037049,2025-05-06,MACH_000073,PROD_04396,LOC_00085,Evening,187,6,0.0321,11.73,Completed
PROD_0245859,2022-03-19,MACH_000120,PROD_03973,LOC_00031,Morning,438,4,0.0091,3.42,In Progress
PROD_0075864,2022-09-04,MACH_001279,PROD_01956,LOC_00127,Night,164,2,0.0122,4.42,Completed
PROD_0070920,2024-04-21,MACH_000345,PROD_00747,LOC_00033,Night,242,3,0.0124,7.67,Completed
PROD_0034873,2021-07-01,MACH_000217,PROD_03293,LOC_00161,Morning,198,1,0.0051,4.27,Completed
PROD_0246659,2025-02-07,MACH_000490,PROD_01751,LOC_00153,Evening,332,15,0.0452,9.22,Completed
PROD_0203212,2021-03-13,MACH_001472,PROD_02531,LOC_00180,Morning,359,2,0.0056,10.58,In Progress
PROD_0236758,2021-02-05,MACH_000958,PROD_01834,LOC_00046,Morning,420,8,0.019,4.75,Completed
PROD_0274847,2025-07-29,MACH_000797,PROD_00733,LOC_00110,Evening,241,10,0.0415,9.62,Completed
PROD_0085633,2023-08-25,MACH_000776,PROD_03357,LOC_00074,Morning,394,5,0.0127,3.29,Completed
PROD_0139738,2022-07-16,MACH_000310,PROD_04461,LOC_00240,Morning,288,1,0.0035,6.17,Completed
PROD_0270432,2024-07-14,MACH_001321,PROD_03706,LOC_00019,Evening,360,11,0.0306,6.23,Completed
PROD_0196365,2022-09-12,MACH_000988,PROD_02754,LOC_00202,Morning,297,5,0.0168,3.51,In Progress
PROD_0073900,2022-09-28,MACH_001496,PROD_03194,LOC_00189,Night,406,5,0.0123,7.46,Completed
PROD_0273700,2025-03-30,MACH_000890,PROD_04075,LOC_00068,Evening,100,2,0.02,9.28,Completed
PROD_0075737,2026-01-31,MACH_000982,PROD_02201,LOC_00057,Morning,153,3,0.0196,10.56,Completed
PROD_0145024,2025-07-30,MACH_000904,PROD_00883,LOC_00155,Evening,456,15,0.0329,4.66,Completed
PROD_0253785,2024-12-13,MACH_000305,PROD_01121,LOC_00050,Evening,239,4,0.0167,8.56,Completed
PROD_0003243,2021-10-28,MACH_001055,PROD_03042,LOC_00164,Night,432,6,0.0139,8.84,Completed
PROD_0047890,2022-03-17,MACH_000328,PROD_02235,LOC_00083,Evening,283,0,0.0,7.32,Completed
PROD_0256487,2025-03-01,MACH_000825,PROD_00625,LOC_00069,Evening,102,3,0.0294,8.76,Completed
PROD_0212046,2025-05-19,MACH_000159,PROD_00081,LOC_00139,Morning,232,4,0.0172,6.29,Completed
PROD_0247249,2024-05-19,MACH_000051,PROD_01104,LOC_00055,Morning,89,1,0.0112,7.77,UNKNOWN
PROD_0174682,2025-05-16,MACH_000519,PROD_04475,LOC_00024,Morning,381,15,0.0394,9.96,UNKNOWN
PROD_0191739,2023-02-11,MACH_000296,PROD_03255,LOC_00083,Night,115,4,0.0348,9.27,Completed
PROD_0093800,2021-05-26,MACH_000004,PROD_01952,LOC_00217,Night,268,7,0.0261,11.93,Completed
PROD_0198796,2026-03-07,MACH_000983,PROD_03070,LOC_00173,Night,177,3,0.0169,2.43,Completed
PROD_0170558,2025-05-04,MACH_001032,PROD_02644,LOC_00117,Evening,254,0,0.0,4.08,UNKNOWN
PROD_0157994,2024-10-19,MACH_000889,PROD_02500,LOC_00074,Morning,490,21,0.0429,4.99,Completed
PROD_0232366,2025-08-21,MACH_001151,PROD_00709,LOC_00153,Evening,319,5,0.0157,2.28,Completed
PROD_0211144,2021-04-29,MACH_000655,PROD_04661,LOC_00134,Morning,461,13,0.0282,5.12,Completed
PROD_0107902,2025-05-04,MACH_000845,PROD_04824,LOC_00015,Night,240,6,0.025,9.48,UNKNOWN
PROD_0104539,2022-03-21,MACH_000056,PROD_02734,LOC_00177,Morning,202,0,0.0,2.72,Completed
PROD_0041777,2022-06-07,MACH_000618,PROD_00503,LOC_00040,Morning,73,2,0.0274,3.23,In Progress
PROD_0256737,2022-08-26,MACH_001160,PROD_02422,LOC_00036,Morning,203,5,0.0246,9.82,Completed
PROD_0110034,2023-12-15,MACH_001186,PROD_03400,LOC_00043,Night,155,5,0.0323,10.43,Completed
PROD_0185950,2026-03-21,MACH_000472,PROD_01014,LOC_00075,Evening,248,11,0.0444,3.94,Completed
PROD_0156184,2024-02-05,MACH_000203,PROD_04889,LOC_00141,Night,140,6,0.0429,11.25,Completed
PROD_0271144,2026-05-06,MACH_000680,PROD_04028,LOC_00213,Night,195,5,0.0256,4.23,Completed
PROD_0068495,2021-09-21,MACH_001417,PROD_04717,LOC_00127,Evening,302,8,0.0265,3.92,Completed
PROD_0031649,2023-06-26,MACH_001376,PROD_03386,LOC_00208,Night,130,2,0.0154,9.57,Completed
PROD_0032328,2023-07-04,MACH_001193,PROD_00412,LOC_00109,Morning,151,2,0.0132,11.29,Failed
PROD_0138747,2021-02-21,MACH_001397,PROD_01343,LOC_00208,Morning,473,14,0.0296,9.83,In Progress
PROD_0151826,2024-01-01,MACH_000333,PROD_00356,LOC_00204,Evening,470,15,0.0319,6.84,Completed
PROD_0067380,2021-04-17,MACH_000260,PROD_01717,LOC_00002,Night,109,1,0.0092,10.84,Completed
PROD_0151585,2023-03-30,MACH_000492,PROD_02562,LOC_00056,Morning,97,3,0.0309,3.98,Completed
PROD_0069595,2022-02-28,MACH_000975,PROD_00486,LOC_00120,Evening,389,18,0.0463,6.76,Completed
PROD_0262972,2026-05-22,MACH_000937,PROD_01188,LOC_00098,Evening,356,0,0.0,3.62,Completed
PROD_0250558,2022-09-01,MACH_001235,PROD_03206,LOC_00088,Evening,168,0,0.0,2.38,Completed
PROD_0187995,2024-11-16,MACH_001479,PROD_00448,LOC_00205,Night,448,20,0.0446,4.21,Completed
PROD_0057446,2026-03-15,MACH_001061,PROD_03225,LOC_00227,Morning,146,0,0.0,6.85,UNKNOWN
PROD_0074120,2023-12-27,MACH_000301,PROD_03555,LOC_00070,Night,218,3,0.0138,9.49,Completed
PROD_0161339,2024-11-15,MACH_000034,PROD_01435,LOC_00220,Evening,362,9,0.0249,3.71,Completed
PROD_0063430,2025-05-09,MACH_001412,PROD_01932,LOC_00229,Evening,404,10,0.0248,10.49,Completed
PROD_0119235,2021-02-18,MACH_001119,PROD_01612,LOC_00122,Evening,110,0,0.0,3.44,Failed
PROD_0048550,2023-11-25,MACH_000619,PROD_04157,LOC_00022,Morning,380,7,0.0184,2.32,In Progress
PROD_0060169,2023-11-20,MACH_001014,PROD_03153,LOC_00181,Night,64,1,0.0156,8.44,Completed
PROD_0234244,2024-07-28,MACH_000549,PROD_02241,LOC_00134,Evening,397,6,0.0151,10.06,Completed
PROD_0188947,2022-10-28,MACH_001322,PROD_00409,LOC_00005,Night,209,0,0.0,4.83,Completed
PROD_0078242,2022-05-01,MACH_000249,PROD_00406,LOC_00132,Morning,234,2,0.0085,7.53,Completed
PROD_0190308,2025-04-02,MACH_001364,PROD_00429,LOC_00032,Night,84,3,0.0357,10.17,Completed
PROD_0124008,2021-05-24,MACH_000586,PROD_03920,LOC_00028,Night,347,11,0.0317,9.3,Completed
PROD_0284828,2025-09-23,MACH_001059,PROD_04242,LOC_00227,Evening,457,1,0.0022,9.97,UNKNOWN
PROD_0038031,2025-03-15,MACH_000998,PROD_00991,LOC_00071,Evening,189,2,0.0106,7.78,Completed
PROD_0084422,2026-03-13,MACH_000663,PROD_02819,LOC_00106,Evening,64,1,0.0156,10.84,Completed
PROD_0105956,2024-06-06,MACH_000555,PROD_04545,LOC_00148,Morning,332,4,0.012,6.73,UNKNOWN
PROD_0148582,2023-10-24,MACH_000537,PROD_04993,LOC_00122,Night,374,8,0.0214,9.54,Completed
PROD_0270447,2024-08-17,MACH_000763,PROD_00172,LOC_00030,Morning,264,7,0.0265,9.87,Completed
PROD_0126140,2025-11-12,MACH_000092,PROD_02961,LOC_00066,Night,476,0,0.0,6.94,Completed
PROD_0222327,2023-03-18,MACH_000181,PROD_00180,LOC_00029,Morning,195,0,0.0,9.71,Completed
PROD_0093128,2024-05-04,MACH_000615,PROD_03911,LOC_00030,Night,237,2,0.0084,10.84,Completed
PROD_0061301,2026-04-11,MACH_000154,PROD_03241,LOC_00170,Evening,438,6,0.0137,11.5,Completed
PROD_0138522,2024-01-14,MACH_000384,PROD_01662,LOC_00164,Evening,375,5,0.0133,9.54,UNKNOWN
PROD_0259131,2023-02-26,MACH_001147,PROD_00160,LOC_00024,Morning,467,9,0.0193,8.75,Completed
PROD_0044741,2023-09-19,MACH_001439,PROD_02501,LOC_00030,Evening,56,0,0.0,7.45,Completed
PROD_0068523,2021-11-12,MACH_000080,PROD_02972,LOC_00169,Evening,467,7,0.015,3.95,Completed
PROD_0186117,2022-07-12,MACH_001251,PROD_04379,LOC_00128,Evening,440,0,0.0,7.7,Completed
PROD_0148141,2025-01-25,MACH_000103,PROD_02652,LOC_00155,Night,260,0,0.0,4.96,Completed
PROD_0133120,2024-12-11,MACH_001438,PROD_00551,LOC_00136,Evening,314,2,0.0064,11.83,Completed
PROD_0271285,2022-09-26,MACH_001257,PROD_02396,LOC_00216,Morning,61,2,0.0328,8.97,Completed
PROD_0266546,2025-01-19,MACH_000281,PROD_01855,LOC_00146,Night,177,7,0.0395,8.18,Completed
PROD_0229075,2021-02-28,MACH_000713,PROD_04994,LOC_00118,Evening,203,8,0.0394,2.22,Completed
PROD_0295396,2023-06-11,MACH_001259,PROD_01757,LOC_00124,Evening,129,2,0.0155,6.77,Completed
PROD_0294391,2025-05-03,MACH_001442,PROD_01963,LOC_00138,Morning,398,14,0.0352,7.55,UNKNOWN
PROD_0023957,2022-05-21,MACH_000065,PROD_01068,LOC_00219,Night,125,3,0.024,10.66,Failed
PROD_0009800,2022-03-25,MACH_000525,PROD_02437,LOC_00081,Night,212,0,0.0,11.65,Completed
PROD_0216325,2026-01-25,MACH_000560,PROD_03518,LOC_00014,Morning,241,0,0.0,10.08,Completed
PROD_0067590,2023-08-06,MACH_001047,PROD_02057,LOC_00100,Night,462,8,0.0173,7.07,Completed
PROD_0272406,2022-04-22,MACH_001207,PROD_01153,LOC_00099,Morning,308,13,0.0422,2.41,Completed
PROD_0042519,2025-08-23,MACH_000460,PROD_00274,LOC_00109,Night,311,10,0.0322,4.6,Completed
PROD_0005312,2026-05-28,MACH_000053,PROD_03776,LOC_00172,Night,385,0,0.0,4.62,Completed
PROD_0024700,2023-02-05,MACH_001312,PROD_01636,LOC_00233,Morning,434,0,0.0,4.78,Completed
PROD_0174552,2024-10-24,MACH_000853,PROD_00924,LOC_00024,Morning,281,2,0.0071,3.85,Completed
PROD_0251223,2025-05-20,MACH_000514,PROD_00735,LOC_00065,Morning,423,9,0.0213,3.27,Failed
PROD_0253289,2024-02-06,MACH_000529,PROD_01608,LOC_00159,Night,389,11,0.0283,8.16,Completed
PROD_0034638,2023-01-19,MACH_000564,PROD_02513,LOC_00053,Night,246,11,0.0447,11.05,UNKNOWN
PROD_0142638,2021-11-17,MACH_000642,PROD_02541,LOC_00135,Evening,321,12,0.0374,6.23,Completed
PROD_0057163,2026-01-11,MACH_001444,PROD_04540,LOC_00152,Morning,232,8,0.0345,3.57,Completed
PROD_0274413,2025-03-24,MACH_001442,PROD_03133,LOC_00122,Evening,199,2,0.0101,9.33,Completed
PROD_0240542,2021-05-11,MACH_001369,PROD_02226,LOC_00171,Evening,154,1,0.0065,7.89,Completed
PROD_0163643,2024-02-03,MACH_000275,PROD_03338,LOC_00067,Morning,56,1,0.0179,7.12,UNKNOWN
PROD_0294040,2023-12-26,MACH_001302,PROD_03998,LOC_00002,Evening,164,3,0.0183,3.61,Completed
PROD_0284150,2024-01-15,MACH_000391,PROD_00801,LOC_00053,Evening,334,5,0.015,5.67,Completed
PROD_0162116,2024-06-11,MACH_000066,PROD_02148,LOC_00211,Morning,482,8,0.0166,2.15,Completed
PROD_0068215,2021-01-15,MACH_000742,PROD_02096,LOC_00197,Night,171,4,0.0234,5.44,Completed
PROD_0074339,2021-10-02,MACH_000112,PROD_04140,LOC_00233,Night,206,2,0.0097,9.51,In Progress
PROD_0003711,2025-07-11,MACH_000206,PROD_01460,LOC_00023,Evening,319,0,0.0,8.99,Completed
PROD_0044979,2025-10-05,MACH_001412,PROD_01923,LOC_00250,Evening,226,8,0.0354,2.24,Completed
PROD_0121608,2021-04-22,MACH_001388,PROD_01646,LOC_00137,Morning,134,2,0.0149,10.58,Completed
PROD_0217381,2024-04-12,MACH_000899,PROD_01342,LOC_00208,Night,146,2,0.0137,6.98,Completed
PROD_0177427,2024-04-18,MACH_001093,PROD_00086,LOC_00117,Evening,95,0,0.0,3.29,Completed
PROD_0026525,2021-05-13,MACH_001175,PROD_00315,LOC_00103,Evening,80,1,0.0125,5.77,Completed
PROD_0161391,2022-02-10,MACH_000450,PROD_03569,LOC_00126,Morning,201,0,0.0,6.2,Completed
PROD_0079784,2024-12-05,MACH_000896,PROD_01341,LOC_00045,Morning,189,1,0.0053,9.12,Failed
PROD_0004251,2021-05-01,MACH_000164,PROD_01448,LOC_00030,Evening,236,3,0.0127,3.2,Completed
PROD_0099013,2021-04-07,MACH_001368,PROD_04076,LOC_00112,Evening,491,9,0.0183,8.11,Completed
PROD_0179902,2025-11-16,MACH_000317,PROD_00213,LOC_00019,Night,130,4,0.0308,6.26,Completed
PROD_0067351,2024-03-07,MACH_001029,PROD_02600,LOC_00168,Morning,232,1,0.0043,2.42,Completed
PROD_0129302,2021-01-11,MACH_000025,PROD_00172,LOC_00232,Evening,228,1,0.0044,4.39,Completed
PROD_0181457,2022-08-05,MACH_000689,PROD_01414,LOC_00179,Night,470,21,0.0447,5.07,In Progress
PROD_0262297,2023-01-20,MACH_001465,PROD_03980,LOC_00114,Evening,490,16,0.0327,5.74,Completed
PROD_0155336,2026-06-03,MACH_000291,PROD_01524,LOC_00151,Morning,355,14,0.0394,10.85,Completed
PROD_0122675,2024-10-24,MACH_000360,PROD_02189,LOC_00172,Night,238,8,0.0336,11.73,Completed
PROD_0223930,2022-01-30,MACH_000281,PROD_01111,LOC_00051,Night,359,1,0.0028,3.22,Completed
PROD_0173559,2021-03-14,MACH_000611,PROD_00215,LOC_00154,Evening,289,4,0.0138,8.77,Completed
PROD_0191695,2021-11-12,MACH_000938,PROD_00726,LOC_00214,Night,246,3,0.0122,9.6,Completed
PROD_0041234,2024-07-28,MACH_000190,PROD_03324,LOC_00039,Night,331,13,0.0393,6.93,Completed
PROD_0140849,2023-07-05,MACH_000210,PROD_02256,LOC_00064,Night,457,5,0.0109,8.14,In Progress
PROD_0070486,2023-01-23,MACH_000691,PROD_03653,LOC_00177,Evening,91,2,0.022,7.47,Completed
PROD_0072283,2024-03-02,MACH_000367,PROD_00291,LOC_00075,Morning,290,12,0.0414,5.16,Completed
PROD_0272116,2022-02-28,MACH_000293,PROD_03303,LOC_00186,Evening,491,6,0.0122,7.0,Completed
PROD_0084610,2021-10-09,MACH_000702,PROD_02026,LOC_00209,Night,273,1,0.0037,2.62,Completed
PROD_0218283,2023-04-28,MACH_000175,PROD_01635,LOC_00035,Evening,278,0,0.0,4.02,Completed
PROD_0223409,2021-06-26,MACH_000563,PROD_02892,LOC_00058,Night,392,11,0.0281,11.89,Completed
PROD_0299515,2023-12-01,MACH_001385,PROD_00881,LOC_00035,Night,385,4,0.0104,10.85,Completed
PROD_0081935,2025-04-21,MACH_000838,PROD_04856,LOC_00054,Night,263,11,0.0418,3.92,Completed
PROD_0191972,2024-09-12,MACH_000977,PROD_00157,LOC_00040,Evening,224,5,0.0223,8.19,Completed
PROD_0190742,2024-07-11,MACH_001474,PROD_01744,LOC_00193,Evening,84,1,0.0119,11.23,Completed
PROD_0272935,2021-01-14,MACH_001253,PROD_02156,LOC_00162,Evening,324,6,0.0185,10.64,Completed
PROD_0213340,2025-10-18,MACH_001102,PROD_00143,LOC_00136,Night,291,9,0.0309,11.52,Completed
PROD_0154847,2026-02-23,MACH_001385,PROD_02055,LOC_00179,Morning,195,5,0.0256,10.18,Completed
PROD_0129885,2021-08-30,MACH_000966,PROD_03809,LOC_00154,Night,484,1,0.0021,8.23,In Progress
PROD_0087196,2021-05-07,MACH_001365,PROD_03317,LOC_00201,Night,80,3,0.0375,10.02,Completed
PROD_0123466,2022-12-20,MACH_000275,PROD_04995,LOC_00166,Morning,281,5,0.0178,8.73,Completed
PROD_0150035,2022-05-22,MACH_000688,PROD_01007,LOC_00203,Night,147,5,0.034,3.8,Completed
PROD_0282105,2024-02-15,MACH_000721,PROD_03805,LOC_00197,Evening,312,2,0.0064,10.06,Completed
PROD_0157340,2023-09-02,MACH_001295,PROD_00558,LOC_00036,Evening,341,0,0.0,4.18,Completed
PROD_0161313,2021-10-15,MACH_001076,PROD_01180,LOC_00080,Morning,456,19,0.0417,6.09,Completed
PROD_0095724,2024-03-25,MACH_000717,PROD_03292,LOC_00054,Evening,489,17,0.0348,5.55,Completed
PROD_0031513,2021-05-17,MACH_001317,PROD_04420,LOC_00221,Evening,408,16,0.0392,3.73,Completed
PROD_0053158,2025-11-01,MACH_000646,PROD_03982,LOC_00035,Night,308,1,0.0032,8.5,Completed
PROD_0262739,2024-08-11,MACH_000385,PROD_02150,LOC_00180,Evening,350,10,0.0286,11.69,Failed
PROD_0190354,2023-06-08,MACH_000226,PROD_03359,LOC_00056,Evening,242,9,0.0372,9.36,Completed
PROD_0094610,2025-11-22,MACH_001477,PROD_04310,LOC_00050,Night,55,1,0.0182,2.51,Completed
PROD_0222043,2022-01-31,MACH_000326,PROD_04111,LOC_00087,Evening,131,3,0.0229,6.8,Completed
PROD_0132171,2023-01-18,MACH_000589,PROD_01756,LOC_00207,Morning,373,2,0.0054,11.66,UNKNOWN
PROD_0054189,2022-07-21,MACH_000991,PROD_03831,LOC_00109,Morning,100,0,0.0,3.13,Completed
PROD_0045340,2023-08-09,MACH_001473,PROD_02988,LOC_00064,Morning,116,1,0.0086,6.71,Completed
PROD_0181760,2025-05-26,MACH_000958,PROD_03828,LOC_00200,Morning,376,5,0.0133,2.88,UNKNOWN
PROD_0061897,2023-09-22,MACH_000717,PROD_02596,LOC_00185,Morning,425,5,0.0118,4.69,Completed
PROD_0173362,2023-06-27,MACH_001190,PROD_00702,LOC_00090,Night,447,0,0.0,6.04,Completed
PROD_0033268,2023-05-03,MACH_001429,PROD_01767,LOC_00168,Morning,103,4,0.0388,7.37,Completed
PROD_0175499,2023-11-02,MACH_000256,PROD_04224,LOC_00174,Morning,237,10,0.0422,2.93,Completed
PROD_0038974,2024-04-26,MACH_001018,PROD_01800,LOC_00145,Evening,477,15,0.0314,5.38,Completed
PROD_0217833,2025-02-07,MACH_001414,PROD_00508,LOC_00116,Morning,232,7,0.0302,5.54,Completed
PROD_0233764,2026-04-05,MACH_000499,PROD_01574,LOC_00155,Evening,85,2,0.0235,11.26,In Progress
PROD_0080916,2023-09-18,MACH_000184,PROD_04889,LOC_00085,Morning,440,17,0.0386,11.54,Completed
PROD_0150148,2023-12-05,MACH_000857,PROD_01232,LOC_00102,Morning,402,5,0.0124,5.63,Completed
PROD_0104361,2024-08-14,MACH_000733,PROD_03406,LOC_00028,Morning,99,2,0.0202,6.04,Completed
PROD_0095084,2024-11-04,MACH_000473,PROD_03122,LOC_00120,Morning,182,5,0.0275,6.19,Completed
PROD_0097247,2021-06-23,MACH_001177,PROD_02983,LOC_00025,Morning,248,7,0.0282,11.24,Completed
PROD_0081926,2022-07-07,MACH_000123,PROD_03542,LOC_00078,Morning,150,0,0.0,9.97,Completed
PROD_0292861,2024-01-15,MACH_000437,PROD_03839,LOC_00217,Evening,106,3,0.0283,9.31,Completed
PROD_0055420,2026-02-27,MACH_001409,PROD_00212,LOC_00075,Night,212,6,0.0283,4.46,Completed
PROD_0248620,2023-07-06,MACH_000770,PROD_02680,LOC_00066,Evening,333,12,0.036,4.54,Completed
PROD_0219645,2025-08-04,MACH_000132,PROD_00102,LOC_00119,Night,420,14,0.0333,3.33,Completed
PROD_0235405,2025-03-15,MACH_000335,PROD_04626,LOC_00184,Night,109,1,0.0092,10.2,Completed
PROD_0184985,2023-03-02,MACH_001418,PROD_04415,LOC_00056,Night,134,1,0.0075,2.27,Completed
PROD_0247531,2024-01-03,MACH_000247,PROD_00932,LOC_00216,Night,75,2,0.0267,8.52,Completed
PROD_0031821,2025-12-26,MACH_000804,PROD_03984,LOC_00049,Night,310,9,0.029,4.41,Completed
PROD_0000683,2021-12-15,MACH_000649,PROD_04714,LOC_00095,Night,349,9,0.0258,2.81,Completed
PROD_0272724,2021-12-27,MACH_001141,PROD_00838,LOC_00217,Evening,348,14,0.0402,7.05,Completed
PROD_0274767,2022-11-01,MACH_000236,PROD_02084,LOC_00055,Night,259,4,0.0154,2.19,In Progress
PROD_0013431,2022-09-01,MACH_001153,PROD_04279,LOC_00234,Night,485,2,0.0041,10.02,Completed
PROD_0084114,2021-12-06,MACH_000295,PROD_04114,LOC_00135,Morning,295,1,0.0034,10.13,Completed
PROD_0082643,2024-08-04,MACH_000173,PROD_00376,LOC_00243,Night,424,19,0.0448,5.72,Completed
PROD_0140370,2026-03-31,MACH_001084,PROD_01740,LOC_00045,Night,141,2,0.0142,9.72,Completed
PROD_0153773,2021-03-17,MACH_001224,PROD_00838,LOC_00134,Night,52,0,0.0,2.59,Completed
PROD_0241537,2023-05-13,MACH_000208,PROD_02621,LOC_00060,Night,255,1,0.0039,3.24,Completed
PROD_0079529,2026-04-07,MACH_000169,PROD_02899,LOC_00064,Night,339,11,0.0324,6.41,Completed
PROD_0287490,2025-10-12,MACH_000047,PROD_01848,LOC_00238,Evening,305,2,0.0066,2.85,Completed
PROD_0062201,2026-01-10,MACH_000634,PROD_04008,LOC_00100,Evening,426,18,0.0423,11.25,UNKNOWN
PROD_0250507,2026-05-07,MACH_000531,PROD_03804,LOC_00020,Evening,483,14,0.029,10.73,Completed
PROD_0168419,2024-12-19,MACH_001266,PROD_01948,LOC_00131,Night,227,10,0.0441,10.38,Completed
PROD_0186999,2021-10-25,MACH_000005,PROD_03620,LOC_00146,Night,158,3,0.019,10.09,Completed
PROD_0055533,2026-06-14,MACH_000437,PROD_03115,LOC_00146,Evening,97,1,0.0103,6.98,Completed
PROD_0114473,2024-06-14,MACH_000296,PROD_00808,LOC_00238,Evening,489,11,0.0225,7.88,In Progress
PROD_0151767,2021-09-15,MACH_000334,PROD_03686,LOC_00132,Morning,157,1,0.0064,6.27,Completed
PROD_0215983,2026-03-08,MACH_000138,PROD_01286,LOC_00093,Morning,166,5,0.0301,4.92,UNKNOWN
PROD_0278592,2025-07-23,MACH_000145,PROD_03821,LOC_00131,Evening,455,15,0.033,11.37,Completed
PROD_0143656,2023-09-16,MACH_001372,PROD_00575,LOC_00070,Morning,98,1,0.0102,6.72,Completed
PROD_0133232,2022-11-16,MACH_000376,PROD_04949,LOC_00111,Night,270,6,0.0222,7.47,Completed
PROD_0279722,2023-01-01,MACH_000950,PROD_03161,LOC_00145,Morning,399,0,0.0,8.18,Completed
PROD_0244834,2024-04-28,MACH_001312,PROD_00283,LOC_00215,Evening,311,3,0.0096,5.29,Completed
PROD_0017377,2025-07-05,MACH_001199,PROD_00779,LOC_00177,Morning,415,3,0.0072,3.53,Completed
PROD_0245324,2025-06-11,MACH_000632,PROD_02371,LOC_00027,Evening,247,7,0.0283,3.57,Completed
PROD_0124424,2025-01-08,MACH_000016,PROD_03081,LOC_00071,Night,494,11,0.0223,2.14,Completed
PROD_0084618,2022-04-29,MACH_001177,PROD_00428,LOC_00186,Evening,226,3,0.0133,7.49,Completed
PROD_0219265,2022-08-30,MACH_000646,PROD_03067,LOC_00103,Morning,307,12,0.0391,2.65,Completed
PROD_0199046,2024-04-08,MACH_000630,PROD_02601,LOC_00003,Night,332,1,0.003,2.3,Completed
PROD_0200909,2025-01-14,MACH_000476,PROD_01542,LOC_00008,Night,51,0,0.0,10.62,Completed
PROD_0246918,2023-07-14,MACH_001101,PROD_01770,LOC_00071,Night,160,4,0.025,5.37,Completed
PROD_0079492,2023-11-30,MACH_001282,PROD_03778,LOC_00052,Morning,438,3,0.0068,6.3,Completed
PROD_0017412,2022-06-23,MACH_000932,PROD_02800,LOC_00147,Evening,89,2,0.0225,9.63,UNKNOWN
PROD_0271140,2024-05-26,MACH_001092,PROD_02396,LOC_00109,Morning,127,2,0.0157,5.56,Completed
PROD_0013868,2023-08-24,MACH_000859,PROD_04238,LOC_00101,Morning,118,3,0.0254,5.52,Completed
PROD_0258464,2026-03-17,MACH_001194,PROD_00155,LOC_00124,Evening,492,4,0.0081,6.33,UNKNOWN
PROD_0071803,2025-03-11,MACH_000458,PROD_00540,LOC_00046,Evening,167,5,0.0299,8.68,Completed
PROD_0140210,2024-01-27,MACH_001111,PROD_04940,LOC_00170,Morning,358,8,0.0223,4.37,In Progress
PROD_0004038,2022-12-28,MACH_000500,PROD_04924,LOC_00227,Morning,360,6,0.0167,6.49,Completed
PROD_0007034,2023-08-08,MACH_000253,PROD_04295,LOC_00056,Night,365,9,0.0247,5.67,UNKNOWN
PROD_0161847,2021-10-18,MACH_001213,PROD_03268,LOC_00003,Evening,230,7,0.0304,10.65,In Progress
PROD_0110654,2024-05-15,MACH_000239,PROD_00297,LOC_00039,Evening,112,3,0.0268,3.32,Completed
PROD_0125480,2023-06-10,MACH_000716,PROD_00119,LOC_00232,Evening,330,3,0.0091,6.42,Completed
PROD_0012805,2025-05-07,MACH_001447,PROD_03730,LOC_00112,Night,342,7,0.0205,6.61,Completed
PROD_0166738,2025-05-16,MACH_000015,PROD_00533,LOC_00060,Morning,50,1,0.02,7.27,Completed
PROD_0270722,2026-02-06,MACH_000674,PROD_04785,LOC_00167,Morning,397,5,0.0126,6.65,Completed
PROD_0045990,2023-10-24,MACH_000993,PROD_03254,LOC_00078,Evening,251,1,0.004,9.36,UNKNOWN
PROD_0165846,2024-01-18,MACH_000980,PROD_02711,LOC_00047,Night,240,10,0.0417,9.33,Completed
PROD_0051723,2024-01-10,MACH_000806,PROD_01133,LOC_00161,Morning,156,5,0.0321,5.87,Completed
PROD_0223041,2023-02-16,MACH_000252,PROD_03272,LOC_00106,Morning,255,5,0.0196,4.94,Completed
PROD_0003696,2022-03-18,MACH_000625,PROD_03727,LOC_00167,Morning,287,0,0.0,8.38,Completed
PROD_0258573,2025-04-26,MACH_000075,PROD_03237,LOC_00190,Evening,352,6,0.017,7.4,Completed
PROD_0188714,2024-05-28,MACH_000880,PROD_03487,LOC_00183,Night,76,2,0.0263,5.98,Completed
PROD_0142257,2022-11-09,MACH_001081,PROD_03485,LOC_00169,Evening,226,2,0.0088,10.48,Completed
PROD_0086491,2024-09-21,MACH_001169,PROD_02995,LOC_00028,Evening,110,0,0.0,5.18,UNKNOWN
PROD_0182556,2025-07-16,MACH_000838,PROD_01631,LOC_00009,Evening,223,0,0.0,10.57,Completed
PROD_0140569,2025-11-02,MACH_000805,PROD_00240,LOC_00026,Evening,363,16,0.0441,3.28,Completed
PROD_0203551,2025-06-15,MACH_001458,PROD_00034,LOC_00135,Night,98,3,0.0306,6.57,Completed
PROD_0169837,2024-04-14,MACH_001412,PROD_03198,LOC_00129,Evening,136,2,0.0147,4.46,Completed
PROD_0009420,2023-11-24,MACH_000028,PROD_02701,LOC_00085,Night,282,11,0.039,11.65,Completed
PROD_0168642,2022-09-27,MACH_000105,PROD_02587,LOC_00051,Morning,71,1,0.0141,9.09,UNKNOWN
PROD_0144578,2022-12-02,MACH_001237,PROD_02016,LOC_00161,Evening,110,3,0.0273,3.34,Completed
PROD_0075075,2024-08-17,MACH_000400,PROD_00308,LOC_00120,Morning,221,4,0.0181,9.44,Completed
PROD_0207772,2023-12-06,MACH_001109,PROD_04429,LOC_00120,Morning,60,2,0.0333,6.44,Completed
PROD_0276296,2024-08-24,MACH_000705,PROD_00966,LOC_00245,Night,466,17,0.0365,3.13,Completed
PROD_0059425,2024-01-30,MACH_001248,PROD_00158,LOC_00233,Evening,223,8,0.0359,2.55,Completed
PROD_0239211,2021-06-23,MACH_000894,PROD_03435,LOC_00063,Evening,371,8,0.0216,5.25,Failed
PROD_0057754,2023-09-19,MACH_000478,PROD_02681,LOC_00094,Morning,106,3,0.0283,3.03,Completed
PROD_0093708,2023-03-07,MACH_000610,PROD_02418,LOC_00117,Evening,125,1,0.008,11.85,Completed
PROD_0157734,2023-04-01,MACH_001326,PROD_01585,LOC_00001,Morning,196,4,0.0204,7.93,Completed
PROD_0186875,2021-06-19,MACH_000343,PROD_00224,LOC_00154,Evening,107,0,0.0,8.41,Completed
PROD_0192200,2024-08-13,MACH_001078,PROD_03085,LOC_00076,Morning,328,7,0.0213,5.96,Failed
PROD_0093490,2023-08-09,MACH_000416,PROD_04379,LOC_00187,Morning,246,7,0.0285,3.95,Completed
PROD_0265798,2021-05-23,MACH_001320,PROD_04853,LOC_00032,Night,186,6,0.0323,2.21,Completed
PROD_0287051,2021-10-11,MACH_000307,PROD_04027,LOC_00154,Morning,291,3,0.0103,8.86,Completed
PROD_0095509,2024-04-18,MACH_000081,PROD_04267,LOC_00009,Evening,281,3,0.0107,5.9,Completed
PROD_0053285,2021-06-25,MACH_000825,PROD_02031,LOC_00140,Night,78,0,0.0,5.44,Completed
PROD_0034781,2021-03-03,MACH_001349,PROD_04548,LOC_00096,Morning,302,14,0.0464,3.82,Completed
PROD_0186537,2023-07-27,MACH_001406,PROD_01715,LOC_00037,Morning,338,3,0.0089,9.33,Completed
PROD_0276531,2021-12-13,MACH_000925,PROD_02619,LOC_00071,Night,268,2,0.0075,9.14,Completed
PROD_0131285,2024-06-09,MACH_000893,PROD_02430,LOC_00165,Evening,344,2,0.0058,10.85,Completed
PROD_0225464,2022-08-25,MACH_001001,PROD_01891,LOC_00120,Evening,231,4,0.0173,9.24,Completed
PROD_0289063,2021-11-02,MACH_000444,PROD_02612,LOC_00244,Night,268,7,0.0261,2.06,In Progress
PROD_0213677,2022-08-03,MACH_000207,PROD_00570,LOC_00113,Evening,282,10,0.0355,8.76,Completed
PROD_0180236,2024-09-10,MACH_001006,PROD_04438,LOC_00198,Night,109,4,0.0367,11.28,Completed
PROD_0281960,2021-04-23,MACH_000998,PROD_02254,LOC_00038,Night,373,15,0.0402,8.59,Completed
PROD_0282680,2022-04-30,MACH_000791,PROD_03334,LOC_00049,Night,305,7,0.023,6.41,Completed
PROD_0062283,2021-07-25,MACH_000509,PROD_04813,LOC_00229,Evening,50,1,0.02,8.79,Completed
PROD_0159884,2025-08-05,MACH_000982,PROD_01622,LOC_00193,Morning,146,2,0.0137,9.09,Completed
PROD_0164522,2022-11-16,MACH_001410,PROD_04318,LOC_00046,Night,257,11,0.0428,4.37,Completed
PROD_0113423,2022-01-01,MACH_001296,PROD_03745,LOC_00087,Morning,448,9,0.0201,8.02,Completed
PROD_0066317,2024-05-22,MACH_000414,PROD_00160,LOC_00221,Evening,395,10,0.0253,3.74,Completed
PROD_0198051,2021-10-20,MACH_000569,PROD_04372,LOC_00080,Night,481,3,0.0062,7.95,Completed
PROD_0032581,2021-10-08,MACH_000517,PROD_03155,LOC_00126,Morning,131,5,0.0382,10.98,Completed
PROD_0134032,2023-08-04,MACH_000650,PROD_02095,LOC_00078,Evening,404,3,0.0074,3.56,Completed
PROD_0095253,2024-12-23,MACH_000730,PROD_04811,LOC_00219,Night,478,5,0.0105,9.85,Completed
PROD_0173107,2022-05-30,MACH_000073,PROD_02855,LOC_00181,Evening,401,1,0.0025,7.77,Completed
PROD_0257196,2022-02-28,MACH_000600,PROD_01923,LOC_00156,Morning,172,7,0.0407,7.63,Completed
PROD_0013897,2023-12-20,MACH_000009,PROD_04406,LOC_00133,Night,224,1,0.0045,5.51,Completed
PROD_0154049,2026-05-04,MACH_000305,PROD_02079,LOC_00208,Evening,52,1,0.0192,3.77,Completed
PROD_0236559,2026-05-03,MACH_001019,PROD_01146,LOC_00083,Morning,324,1,0.0031,3.35,Completed
PROD_0138406,2025-08-30,MACH_000987,PROD_01933,LOC_00144,Night,288,5,0.0174,10.49,In Progress
PROD_0259180,2021-11-20,MACH_001090,PROD_03001,LOC_00163,Morning,258,9,0.0349,3.91,Completed
PROD_0048769,2024-06-03,MACH_001481,PROD_00425,LOC_00234,Morning,98,1,0.0102,2.03,Completed
PROD_0096990,2021-06-26,MACH_000149,PROD_02265,LOC_00090,Night,391,13,0.0332,5.44,Completed
PROD_0173422,2022-08-10,MACH_000173,PROD_03929,LOC_00142,Night,248,11,0.0444,8.93,Completed
PROD_0162906,2025-05-18,MACH_000648,PROD_04312,LOC_00084,Evening,395,8,0.0203,9.73,Completed
PROD_0203328,2022-12-26,MACH_000712,PROD_04607,LOC_00077,Night,218,8,0.0367,9.69,UNKNOWN
PROD_0257465,2021-12-07,MACH_001057,PROD_04292,LOC_00030,Evening,87,1,0.0115,8.68,Completed
PROD_0165974,2021-10-11,MACH_001300,PROD_03990,LOC_00025,Morning,485,16,0.033,5.41,Completed
PROD_0110588,2023-03-11,MACH_001352,PROD_02610,LOC_00083,Evening,491,19,0.0387,3.48,Completed
PROD_0116399,2026-06-07,MACH_000536,PROD_00779,LOC_00033,Evening,326,4,0.0123,2.78,UNKNOWN
PROD_0058694,2026-04-07,MACH_000895,PROD_02906,LOC_00040,Morning,436,1,0.0023,3.29,Completed
PROD_0160429,2023-09-16,MACH_000289,PROD_02610,LOC_00039,Night,411,14,0.0341,10.82,Completed
PROD_0048217,2024-02-27,MACH_000692,PROD_02336,LOC_00108,Night,447,16,0.0358,3.45,Completed
PROD_0074483,2021-11-29,MACH_000325,PROD_03980,LOC_00067,Night,207,5,0.0242,7.94,Completed
PROD_0281600,2024-01-02,MACH_000025,PROD_01935,LOC_00049,Night,304,12,0.0395,3.85,Failed
PROD_0175353,2021-07-24,MACH_001166,PROD_02461,LOC_00038,Evening,109,4,0.0367,2.26,Completed
PROD_0260643,2022-04-02,MACH_000240,PROD_03059,LOC_00170,Morning,118,1,0.0085,8.83,Completed
PROD_0085566,2025-08-30,MACH_000315,PROD_02875,LOC_00150,Morning,424,16,0.0377,11.55,Completed
PROD_0094047,2023-07-23,MACH_001429,PROD_03977,LOC_00190,Morning,225,0,0.0,5.25,Completed
PROD_0286928,2021-12-21,MACH_001055,PROD_01798,LOC_00218,Evening,360,9,0.025,5.89,Completed
PROD_0252815,2024-01-18,MACH_000882,PROD_00689,LOC_00058,Evening,224,4,0.0179,5.28,Completed
PROD_0150709,2023-05-27,MACH_000334,PROD_00251,LOC_00208,Evening,158,3,0.019,11.06,In Progress
PROD_0128529,2024-02-17,MACH_000552,PROD_04453,LOC_00065,Morning,487,10,0.0205,4.03,Completed
PROD_0297156,2022-11-02,MACH_000414,PROD_04994,LOC_00227,Evening,170,7,0.0412,4.32,UNKNOWN
PROD_0221383,2021-06-11,MACH_000805,PROD_02330,LOC_00048,Morning,450,20,0.0444,4.25,Completed
PROD_0230415,2022-11-08,MACH_000355,PROD_03929,LOC_00114,Night,185,4,0.0216,4.43,Completed
PROD_0039811,2024-06-01,MACH_000226,PROD_01961,LOC_00140,Morning,279,3,0.0108,2.79,Completed
PROD_0244401,2023-11-17,MACH_001311,PROD_04742,LOC_00146,Night,162,5,0.0309,7.42,Completed
PROD_0290532,2021-05-21,MACH_000997,PROD_02703,LOC_00225,Evening,385,12,0.0312,8.45,Completed
PROD_0028525,2023-07-13,MACH_000940,PROD_00958,LOC_00182,Morning,499,2,0.004,4.68,Completed
PROD_0251336,2023-09-05,MACH_000790,PROD_04381,LOC_00146,Morning,114,2,0.0175,5.52,Completed
PROD_0045026,2023-02-13,MACH_000826,PROD_00146,LOC_00104,Night,405,4,0.0099,11.11,Completed
PROD_0092775,2023-12-04,MACH_000060,PROD_00958,LOC_00113,Night,477,13,0.0273,4.41,Completed
PROD_0096165,2025-12-04,MACH_000247,PROD_01453,LOC_00031,Evening,141,5,0.0355,10.24,UNKNOWN
PROD_0215171,2026-01-11,MACH_001421,PROD_02738,LOC_00011,Evening,327,11,0.0336,7.64,Completed
PROD_0228874,2022-04-14,MACH_000725,PROD_00275,LOC_00083,Night,362,13,0.0359,11.1,Completed
PROD_0047089,2022-12-11,MACH_001158,PROD_00786,LOC_00090,Evening,279,12,0.043,7.14,Completed
PROD_0100663,2025-06-12,MACH_000875,PROD_01469,LOC_00033,Night,401,13,0.0324,9.19,In Progress
PROD_0217245,2026-03-18,MACH_000551,PROD_03110,LOC_00083,Morning,462,13,0.0281,3.11,In Progress
PROD_0152232,2024-03-01,MACH_000854,PROD_01106,LOC_00164,Morning,68,1,0.0147,2.15,Completed
PROD_0101134,2022-09-03,MACH_000277,PROD_00681,LOC_00036,Evening,306,4,0.0131,10.73,Completed
PROD_0098061,2021-11-26,MACH_000386,PROD_04807,LOC_00098,Evening,133,4,0.0301,8.98,Completed
PROD_0111957,2021-03-28,MACH_000957,PROD_00023,LOC_00045,Night,120,0,0.0,4.1,Completed
PROD_0294816,2023-07-01,MACH_000094,PROD_04419,LOC_00022,Morning,355,0,0.0,7.26,Completed
PROD_0011048,2022-11-04,MACH_000502,PROD_04737,LOC_00150,Morning,93,2,0.0215,3.91,Completed
PROD_0286520,2022-01-15,MACH_000600,PROD_04777,LOC_00246,Night,79,2,0.0253,10.18,Failed
PROD_0173207,2022-02-11,MACH_000058,PROD_04757,LOC_00073,Morning,347,9,0.0259,6.73,Completed
PROD_0011405,2024-10-15,MACH_000588,PROD_03430,LOC_00019,Night,164,2,0.0122,11.25,Completed
PROD_0229497,2026-05-26,MACH_000410,PROD_03744,LOC_00158,Evening,320,12,0.0375,9.58,Completed
PROD_0137196,2024-09-11,MACH_001052,PROD_03606,LOC_00218,Evening,321,11,0.0343,10.16,Completed
PROD_0109232,2025-01-10,MACH_001055,PROD_04916,LOC_00098,Evening,204,2,0.0098,2.06,Completed
PROD_0063813,2023-05-16,MACH_000219,PROD_03324,LOC_00229,Night,378,14,0.037,10.45,Completed
PROD_0107430,2025-11-22,MACH_001052,PROD_04155,LOC_00208,Morning,435,8,0.0184,5.16,Completed
PROD_0222382,2021-07-13,MACH_000926,PROD_03905,LOC_00057,Night,299,12,0.0401,3.32,Failed
PROD_0043343,2024-02-15,MACH_000868,PROD_04086,LOC_00118,Evening,405,11,0.0272,5.45,Completed
PROD_0283615,2021-03-08,MACH_000921,PROD_02107,LOC_00036,Morning,487,21,0.0431,11.4,Completed
PROD_0177400,2023-03-15,MACH_000383,PROD_02791,LOC_00137,Evening,242,5,0.0207,9.05,Completed
PROD_0017030,2026-02-25,MACH_000165,PROD_00468,LOC_00048,Evening,496,6,0.0121,4.14,Completed
PROD_0001685,2024-09-26,MACH_001118,PROD_04890,LOC_00084,Evening,355,14,0.0394,6.4,Completed
PROD_0066885,2021-08-29,MACH_000621,PROD_01544,LOC_00111,Night,488,21,0.043,11.28,Completed
PROD_0082670,2026-02-26,MACH_000301,PROD_01453,LOC_00149,Night,196,8,0.0408,7.98,Completed
PROD_0035801,2025-09-29,MACH_001104,PROD_03614,LOC_00056,Night,293,10,0.0341,5.93,Completed
PROD_0065167,2023-09-12,MACH_000503,PROD_01962,LOC_00104,Night,451,13,0.0288,7.36,Completed
PROD_0175401,2023-07-30,MACH_000815,PROD_04777,LOC_00201,Night,390,18,0.0462,3.37,Completed
PROD_0262609,2025-04-16,MACH_000112,PROD_02537,LOC_00076,Evening,82,2,0.0244,8.65,Completed
PROD_0042902,2022-02-02,MACH_000719,PROD_03665,LOC_00231,Morning,409,8,0.0196,10.9,Completed
PROD_0044615,2026-02-01,MACH_001181,PROD_01013,LOC_00155,Night,376,8,0.0213,6.65,Completed
PROD_0099288,2022-06-15,MACH_001331,PROD_00212,LOC_00249,Night,226,4,0.0177,3.04,Completed
PROD_0109207,2021-02-11,MACH_000731,PROD_04407,LOC_00216,Night,197,0,0.0,8.92,Completed
PROD_0061231,2021-06-05,MACH_000654,PROD_01670,LOC_00227,Morning,243,4,0.0165,7.39,Completed
PROD_0120503,2023-07-31,MACH_000865,PROD_02126,LOC_00088,Evening,255,3,0.0118,10.5,Completed
PROD_0263687,2024-03-21,MACH_000117,PROD_00441,LOC_00139,Evening,72,2,0.0278,9.78,Completed
PROD_0012704,2025-04-26,MACH_000752,PROD_02799,LOC_00236,Night,130,2,0.0154,4.79,Completed
PROD_0048337,2025-09-07,MACH_000894,PROD_02391,LOC_00035,Evening,137,2,0.0146,3.04,Completed
PROD_0069013,2022-03-07,MACH_000572,PROD_03342,LOC_00092,Night,452,11,0.0243,3.2,Completed
PROD_0157119,2023-05-22,MACH_000329,PROD_04642,LOC_00104,Night,264,11,0.0417,2.64,Completed
PROD_0239200,2025-07-08,MACH_000785,PROD_01051,LOC_00053,Night,330,15,0.0455,10.68,Completed
PROD_0046348,2025-10-01,MACH_000913,PROD_02502,LOC_00049,Evening,75,0,0.0,8.0,Completed
PROD_0272777,2021-07-19,MACH_000204,PROD_03098,LOC_00057,Evening,482,2,0.0041,5.79,Completed
PROD_0186687,2022-03-09,MACH_001373,PROD_03059,LOC_00194,Morning,304,3,0.0099,9.31,Completed
PROD_0253036,2026-06-29,MACH_001269,PROD_00182,LOC_00159,Night,259,2,0.0077,6.23,UNKNOWN
PROD_0202841,2024-05-29,MACH_000437,PROD_00559,LOC_00142,Evening,127,1,0.0079,4.55,UNKNOWN
PROD_0068727,2021-02-19,MACH_000297,PROD_00507,LOC_00137,Night,196,7,0.0357,8.94,Completed
PROD_0223610,2021-12-18,MACH_000806,PROD_00562,LOC_00110,Morning,454,18,0.0396,8.11,Completed
PROD_0181684,2023-12-07,MACH_000641,PROD_03991,LOC_00050,Night,185,6,0.0324,11.76,Completed
PROD_0142667,2025-05-26,MACH_000150,PROD_01849,LOC_00047,Night,228,7,0.0307,2.98,Completed
PROD_0267736,2025-02-03,MACH_000295,PROD_01628,LOC_00199,Morning,201,0,0.0,11.87,Completed
PROD_0258571,2021-04-21,MACH_001045,PROD_03235,LOC_00104,Evening,313,1,0.0032,6.0,Completed
PROD_0156886,2025-08-02,MACH_000291,PROD_01660,LOC_00167,Night,243,9,0.037,5.85,Completed
PROD_0001167,2023-03-04,MACH_000105,PROD_01729,LOC_00233,Evening,487,4,0.0082,9.69,Completed
PROD_0037317,2024-07-05,MACH_000973,PROD_00874,LOC_00162,Morning,111,1,0.009,3.61,Completed
PROD_0188448,2022-08-02,MACH_000004,PROD_01544,LOC_00169,Evening,488,16,0.0328,8.66,Completed
PROD_0290883,2022-09-25,MACH_000814,PROD_03147,LOC_00075,Evening,447,12,0.0268,10.23,Completed
PROD_0176128,2023-06-28,MACH_000242,PROD_02013,LOC_00002,Morning,84,0,0.0,2.29,Completed
PROD_0082415,2021-01-27,MACH_000315,PROD_02947,LOC_00154,Night,340,11,0.0324,3.56,Completed
PROD_0290029,2021-11-13,MACH_000834,PROD_00170,LOC_00075,Evening,196,5,0.0255,10.29,Completed
PROD_0221366,2023-10-31,MACH_000940,PROD_01564,LOC_00155,Evening,393,15,0.0382,8.57,Completed
PROD_0112032,2022-07-13,MACH_000206,PROD_00234,LOC_00136,Morning,267,3,0.0112,6.45,Failed
PROD_0241066,2023-08-08,MACH_000907,PROD_02167,LOC_00154,Morning,306,13,0.0425,2.04,Completed
PROD_0106581,2025-08-24,MACH_000697,PROD_00997,LOC_00149,Evening,412,17,0.0413,7.77,Completed
PROD_0041083,2025-06-10,MACH_001253,PROD_03338,LOC_00161,Night,263,3,0.0114,2.93,UNKNOWN
PROD_0202262,2022-01-10,MACH_001479,PROD_03049,LOC_00121,Morning,63,2,0.0317,8.3,Completed
PROD_0119686,2021-12-02,MACH_000889,PROD_01530,LOC_00227,Evening,248,0,0.0,9.56,Completed
PROD_0233633,2024-02-28,MACH_000816,PROD_04061,LOC_00140,Evening,93,1,0.0108,11.85,Completed
PROD_0141184,2024-08-01,MACH_000211,PROD_01128,LOC_00001,Night,167,4,0.024,8.55,Completed
PROD_0140755,2021-04-28,MACH_000530,PROD_02826,LOC_00068,Evening,362,11,0.0304,8.99,In Progress
PROD_0216305,2026-03-21,MACH_000162,PROD_04074,LOC_00130,Morning,83,1,0.012,5.5,Completed
PROD_0069120,2021-04-19,MACH_001008,PROD_02112,LOC_00070,Morning,57,0,0.0,11.34,Completed
PROD_0034762,2022-04-04,MACH_000802,PROD_04673,LOC_00209,Night,255,2,0.0078,10.1,In Progress
PROD_0013707,2025-02-12,MACH_001229,PROD_04778,LOC_00120,Morning,362,8,0.0221,11.05,Completed
PROD_0187442,2026-06-22,MACH_000177,PROD_03300,LOC_00175,Evening,161,0,0.0,7.07,Completed
PROD_0196055,2021-09-18,MACH_001106,PROD_03302,LOC_00201,Night,241,3,0.0124,4.3,Completed
PROD_0158429,2026-05-11,MACH_001058,PROD_04661,LOC_00168,Morning,102,4,0.0392,7.76,Completed
PROD_0113129,2024-03-29,MACH_000722,PROD_02108,LOC_00165,Night,275,0,0.0,3.35,In Progress
PROD_0027716,2025-04-25,MACH_000692,PROD_01860,LOC_00100,Evening,414,4,0.0097,6.68,Completed
PROD_0250929,2021-04-20,MACH_000251,PROD_00727,LOC_00225,Night,352,8,0.0227,3.14,Completed
PROD_0135991,2025-06-14,MACH_000941,PROD_03236,LOC_00229,Night,340,5,0.0147,6.37,Completed
PROD_0269068,2021-04-27,MACH_001041,PROD_03700,LOC_00115,Night,58,1,0.0172,10.65,In Progress
PROD_0254983,2024-01-14,MACH_000077,PROD_02664,LOC_00045,Night,240,6,0.025,4.11,Completed
PROD_0087626,2026-02-27,MACH_000350,PROD_00018,LOC_00049,Evening,108,2,0.0185,10.01,Completed
PROD_0175475,2022-03-18,MACH_001175,PROD_03687,LOC_00045,Night,133,4,0.0301,9.51,Completed
PROD_0246906,2021-08-11,MACH_000793,PROD_00408,LOC_00122,Night,207,0,0.0,6.78,Completed
PROD_0189828,2024-06-29,MACH_000197,PROD_03652,LOC_00219,Night,138,5,0.0362,7.67,Completed
PROD_0008260,2023-10-20,MACH_000933,PROD_00754,LOC_00151,Night,126,1,0.0079,6.67,Completed
PROD_0027106,2022-04-04,MACH_000099,PROD_00654,LOC_00217,Evening,413,16,0.0387,10.71,Completed
PROD_0056460,2026-04-13,MACH_000410,PROD_04463,LOC_00203,Morning,468,12,0.0256,10.14,Completed
PROD_0242107,2021-06-26,MACH_000951,PROD_01040,LOC_00008,Morning,137,0,0.0,2.95,Completed
PROD_0225676,2021-08-13,MACH_000037,PROD_03543,LOC_00026,Evening,423,5,0.0118,7.69,Completed
PROD_0129566,2021-07-19,MACH_001062,PROD_00796,LOC_00014,Evening,392,17,0.0434,2.76,Completed
PROD_0296030,2021-06-24,MACH_000346,PROD_02205,LOC_00223,Evening,433,11,0.0254,11.54,Completed
PROD_0017084,2023-01-27,MACH_001210,PROD_04550,LOC_00001,Night,415,12,0.0289,6.59,Completed
PROD_0105564,2024-08-23,MACH_000304,PROD_01298,LOC_00115,Night,477,19,0.0398,4.33,Completed
PROD_0046861,2021-09-02,MACH_001095,PROD_01666,LOC_00177,Evening,492,23,0.0467,8.31,Completed
PROD_0291159,2021-06-27,MACH_000787,PROD_01147,LOC_00150,Evening,224,3,0.0134,8.49,Completed
PROD_0287654,2025-04-25,MACH_000332,PROD_02095,LOC_00095,Morning,162,3,0.0185,11.43,Completed
PROD_0108321,2021-12-02,MACH_000402,PROD_01665,LOC_00009,Morning,367,1,0.0027,10.56,Completed
PROD_0228887,2022-08-05,MACH_001189,PROD_02753,LOC_00208,Night,460,9,0.0196,6.28,Completed
PROD_0097831,2026-03-05,MACH_001110,PROD_00510,LOC_00179,Night,181,2,0.011,4.83,Completed
PROD_0163972,2023-11-12,MACH_000113,PROD_01461,LOC_00108,Morning,382,10,0.0262,8.93,Completed
PROD_0259407,2025-02-05,MACH_001287,PROD_01213,LOC_00125,Evening,410,17,0.0415,7.65,Completed
PROD_0029799,2024-03-06,MACH_000981,PROD_03165,LOC_00148,Evening,140,4,0.0286,5.58,Completed
PROD_0271828,2021-10-30,MACH_000821,PROD_02134,LOC_00227,Morning,285,0,0.0,7.13,Completed
PROD_0293225,2022-02-23,MACH_000410,PROD_03258,LOC_00189,Night,77,0,0.0,11.25,Completed
PROD_0110856,2023-07-05,MACH_001298,PROD_03977,LOC_00175,Night,71,2,0.0282,2.75,Completed
PROD_0061523,2023-12-16,MACH_000258,PROD_04043,LOC_00140,Night,414,2,0.0048,10.17,Completed
PROD_0290962,2021-07-09,MACH_001053,PROD_03290,LOC_00174,Evening,404,0,0.0,11.71,Completed
PROD_0175553,2026-05-12,MACH_000285,PROD_03933,LOC_00047,Evening,315,6,0.019,9.07,Completed
PROD_0265522,2024-07-04,MACH_000561,PROD_04498,LOC_00089,Night,375,17,0.0453,6.86,Completed
PROD_0293052,2023-01-04,MACH_001348,PROD_03028,LOC_00174,Evening,73,1,0.0137,4.87,Completed
PROD_0033680,2024-09-12,MACH_000502,PROD_04156,LOC_00186,Evening,52,0,0.0,8.26,In Progress
PROD_0001250,2024-05-18,MACH_001229,PROD_01849,LOC_00081,Night,413,9,0.0218,4.98,Completed
PROD_0083643,2021-07-06,MACH_001413,PROD_04130,LOC_00084,Night,187,2,0.0107,7.97,Completed
PROD_0071193,2021-01-28,MACH_000537,PROD_00680,LOC_00069,Evening,204,6,0.0294,3.98,Completed
PROD_0239210,2025-02-11,MACH_000117,PROD_01905,LOC_00174,Evening,416,10,0.024,5.17,Completed
PROD_0053856,2022-01-21,MACH_000054,PROD_03372,LOC_00110,Night,407,16,0.0393,11.67,Completed
PROD_0198956,2024-05-11,MACH_001125,PROD_00906,LOC_00210,Night,189,8,0.0423,5.65,Completed
PROD_0218746,2021-08-23,MACH_000373,PROD_01239,LOC_00130,Morning,91,0,0.0,8.45,Completed
PROD_0123773,2022-08-26,MACH_001222,PROD_00158,LOC_00068,Night,362,11,0.0304,8.94,Completed
PROD_0075748,2023-02-28,MACH_001327,PROD_00813,LOC_00204,Morning,215,1,0.0047,11.51,Completed
PROD_0272957,2023-10-02,MACH_000390,PROD_01796,LOC_00045,Morning,144,4,0.0278,2.36,Completed
PROD_0232349,2022-12-28,MACH_000474,PROD_04887,LOC_00244,Evening,463,3,0.0065,3.75,Completed
PROD_0213504,2024-07-08,MACH_000552,PROD_02314,LOC_00118,Evening,72,0,0.0,4.28,Completed
PROD_0155695,2024-03-16,MACH_000138,PROD_04832,LOC_00062,Evening,93,3,0.0323,10.53,Completed
PROD_0206263,2021-09-03,MACH_001093,PROD_01313,LOC_00039,Night,220,2,0.0091,7.91,Completed
PROD_0100030,2026-05-13,MACH_000283,PROD_00155,LOC_00215,Morning,135,2,0.0148,11.66,Completed
PROD_0274033,2026-02-16,MACH_000692,PROD_03963,LOC_00183,Morning,181,3,0.0166,4.69,Completed
PROD_0242885,2022-03-24,MACH_001366,PROD_03071,LOC_00059,Night,329,1,0.003,7.25,In Progress
PROD_0010564,2025-05-09,MACH_000303,PROD_00927,LOC_00207,Night,265,10,0.0377,2.77,Completed
PROD_0210427,2023-07-15,MACH_000156,PROD_01301,LOC_00147,Evening,329,8,0.0243,3.41,Completed
PROD_0248905,2026-05-06,MACH_001146,PROD_01901,LOC_00181,Night,472,11,0.0233,11.69,Completed
PROD_0054436,2023-10-18,MACH_000578,PROD_04200,LOC_00208,Morning,359,16,0.0446,11.09,Completed
PROD_0064697,2024-07-31,MACH_001410,PROD_03342,LOC_00007,Evening,196,4,0.0204,3.47,Completed
PROD_0247572,2025-03-25,MACH_001072,PROD_00095,LOC_00111,Evening,432,5,0.0116,10.38,Completed
PROD_0046953,2025-06-27,MACH_001159,PROD_02580,LOC_00108,Night,201,1,0.005,5.7,Completed
PROD_0051695,2025-01-25,MACH_000661,PROD_01414,LOC_00044,Night,163,6,0.0368,6.85,In Progress
PROD_0293421,2023-05-06,MACH_000211,PROD_01071,LOC_00221,Morning,195,8,0.041,10.49,Completed
PROD_0178850,2021-07-12,MACH_000324,PROD_01377,LOC_00137,Evening,411,7,0.017,11.97,Completed
PROD_0152287,2021-02-26,MACH_001228,PROD_04984,LOC_00039,Night,485,5,0.0103,3.41,Completed
PROD_0135080,2025-01-22,MACH_001446,PROD_02201,LOC_00065,Night,77,0,0.0,3.13,Completed
PROD_0130518,2024-03-28,MACH_001405,PROD_03710,LOC_00025,Evening,494,15,0.0304,11.8,Completed
PROD_0119875,2021-10-21,MACH_000794,PROD_03022,LOC_00070,Night,153,4,0.0261,3.93,Completed
PROD_0199175,2025-11-18,MACH_001170,PROD_01736,LOC_00126,Night,69,1,0.0145,5.31,UNKNOWN
PROD_0180150,2023-03-23,MACH_000844,PROD_03997,LOC_00250,Morning,222,4,0.018,11.4,Completed
PROD_0185561,2022-10-03,MACH_000552,PROD_00485,LOC_00228,Morning,253,4,0.0158,8.34,Completed
PROD_0074592,2024-02-29,MACH_000057,PROD_03579,LOC_00016,Morning,412,16,0.0388,8.16,Completed
PROD_0234547,2023-02-17,MACH_000012,PROD_01577,LOC_00180,Evening,70,0,0.0,2.94,Completed
PROD_0083590,2021-06-25,MACH_001438,PROD_04437,LOC_00175,Morning,162,0,0.0,10.35,Failed
PROD_0166020,2023-01-16,MACH_001316,PROD_03157,LOC_00201,Night,93,1,0.0108,3.3,Completed
PROD_0046587,2022-04-12,MACH_001454,PROD_00817,LOC_00193,Morning,184,5,0.0272,10.49,Completed
PROD_0235421,2026-01-31,MACH_001332,PROD_00629,LOC_00011,Evening,296,6,0.0203,2.54,Completed
PROD_0194187,2023-10-19,MACH_000642,PROD_04099,LOC_00038,Evening,145,5,0.0345,11.91,Completed
PROD_0017653,2026-03-26,MACH_000507,PROD_04765,LOC_00177,Morning,262,9,0.0344,7.28,Completed
PROD_0266079,2023-08-07,MACH_001415,PROD_03651,LOC_00175,Night,477,11,0.0231,11.38,UNKNOWN
PROD_0002883,2022-03-16,MACH_001035,PROD_02841,LOC_00189,Evening,477,11,0.0231,2.33,Completed
PROD_0270580,2024-04-06,MACH_001136,PROD_04585,LOC_00013,Morning,132,4,0.0303,12.0,Completed
PROD_0189908,2024-11-10,MACH_000965,PROD_03992,LOC_00230,Morning,492,6,0.0122,11.59,Completed
PROD_0196875,2024-04-13,MACH_000497,PROD_02548,LOC_00053,Night,348,3,0.0086,2.11,Completed
PROD_0007222,2024-11-11,MACH_001170,PROD_04994,LOC_00153,Evening,113,1,0.0088,8.06,Completed
PROD_0228337,2021-04-22,MACH_001031,PROD_04488,LOC_00172,Evening,100,4,0.04,5.33,Completed
PROD_0199319,2024-03-19,MACH_000287,PROD_03242,LOC_00093,Evening,216,8,0.037,3.18,Completed
PROD_0086524,2025-03-27,MACH_000144,PROD_01544,LOC_00017,Morning,323,8,0.0248,3.52,Completed
PROD_0249340,2023-08-02,MACH_000037,PROD_04506,LOC_00199,Night,231,4,0.0173,10.51,UNKNOWN
PROD_0034905,2025-12-16,MACH_000854,PROD_00244,LOC_00027,Morning,206,7,0.034,7.46,Completed
PROD_0082112,2022-05-25,MACH_001491,PROD_03064,LOC_00006,Evening,109,0,0.0,2.67,In Progress
PROD_0248573,2024-05-03,MACH_000231,PROD_02921,LOC_00017,Night,385,9,0.0234,3.66,In Progress
PROD_0238428,2023-12-30,MACH_001141,PROD_03206,LOC_00214,Evening,498,22,0.0442,3.37,In Progress
PROD_0065091,2024-02-17,MACH_000241,PROD_00745,LOC_00238,Evening,235,6,0.0255,10.35,Completed
PROD_0185193,2025-11-22,MACH_001358,PROD_01357,LOC_00247,Morning,224,7,0.0312,11.69,Failed
PROD_0241562,2026-01-30,MACH_001333,PROD_03149,LOC_00207,Night,343,1,0.0029,10.98,UNKNOWN
PROD_0137119,2021-05-20,MACH_001396,PROD_00615,LOC_00222,Morning,423,13,0.0307,4.06,Completed
PROD_0059442,2025-08-08,MACH_000273,PROD_04750,LOC_00221,Night,392,1,0.0026,2.82,Completed
PROD_0069500,2022-08-07,MACH_000983,PROD_00094,LOC_00229,Evening,324,6,0.0185,9.66,Completed
PROD_0060464,2024-06-15,MACH_000763,PROD_01818,LOC_00012,Evening,311,2,0.0064,4.7,In Progress
PROD_0072240,2021-01-17,MACH_000098,PROD_04105,LOC_00150,Evening,329,3,0.0091,8.6,Completed
PROD_0262692,2024-05-28,MACH_001331,PROD_03692,LOC_00032,Evening,282,13,0.0461,3.41,Completed
PROD_0042032,2024-06-17,MACH_000029,PROD_01074,LOC_00167,Morning,323,9,0.0279,3.84,Completed
PROD_0268447,2023-11-16,MACH_001377,PROD_02555,LOC_00053,Evening,361,0,0.0,11.88,Completed
PROD_0174991,2025-10-11,MACH_000584,PROD_00724,LOC_00214,Morning,118,3,0.0254,7.14,Completed
PROD_0256057,2026-06-16,MACH_000142,PROD_01986,LOC_00134,Morning,56,1,0.0179,3.75,Completed
PROD_0163290,2023-04-23,MACH_000125,PROD_01458,LOC_00056,Night,259,11,0.0425,9.78,Completed
PROD_0210725,2024-02-26,MACH_000767,PROD_03264,LOC_00207,Evening,209,3,0.0144,7.55,Completed
PROD_0133941,2026-06-22,MACH_000800,PROD_02797,LOC_00016,Morning,153,3,0.0196,11.25,Completed
PROD_0213180,2021-09-04,MACH_001063,PROD_02665,LOC_00101,Night,472,12,0.0254,5.98,Completed
PROD_0173478,2024-08-08,MACH_000882,PROD_03966,LOC_00118,Night,393,4,0.0102,7.46,Completed
PROD_0179798,2024-11-01,MACH_000132,PROD_00722,LOC_00056,Evening,264,5,0.0189,5.38,Completed
PROD_0250888,2023-08-07,MACH_000567,PROD_02564,LOC_00062,Night,328,14,0.0427,2.54,Completed
PROD_0243953,2023-02-20,MACH_000710,PROD_03788,LOC_00091,Morning,384,3,0.0078,8.94,Completed
PROD_0197927,2022-05-31,MACH_000860,PROD_02055,LOC_00010,Morning,329,0,0.0,11.0,Completed
PROD_0296946,2022-11-16,MACH_000283,PROD_03866,LOC_00103,Morning,359,1,0.0028,2.13,Failed
PROD_0284578,2025-08-01,MACH_000262,PROD_00026,LOC_00199,Evening,61,2,0.0328,2.58,Completed
PROD_0129372,2025-03-05,MACH_001103,PROD_02281,LOC_00211,Morning,55,0,0.0,10.24,Completed
PROD_0085290,2021-03-19,MACH_000468,PROD_03644,LOC_00071,Evening,185,4,0.0216,2.29,Completed
PROD_0031282,2025-12-05,MACH_000489,PROD_04996,LOC_00057,Morning,323,3,0.0093,2.99,Completed
PROD_0195972,2021-02-04,MACH_001000,PROD_02535,LOC_00197,Evening,127,4,0.0315,5.41,Completed
PROD_0204435,2023-02-22,MACH_000307,PROD_01378,LOC_00233,Evening,87,1,0.0115,3.5,UNKNOWN
PROD_0264905,2024-08-17,MACH_000915,PROD_04797,LOC_00020,Evening,56,0,0.0,7.74,Completed
PROD_0018401,2026-02-16,MACH_000187,PROD_01068,LOC_00182,Morning,468,13,0.0278,11.0,Completed
PROD_0223603,2023-01-26,MACH_001414,PROD_03465,LOC_00064,Evening,54,1,0.0185,8.08,Completed
PROD_0124384,2021-10-06,MACH_000228,PROD_00254,LOC_00127,Morning,300,7,0.0233,6.41,Failed
PROD_0028086,2023-05-06,MACH_000209,PROD_00475,LOC_00084,Night,152,4,0.0263,4.86,Completed
PROD_0226809,2023-08-17,MACH_001141,PROD_01809,LOC_00057,Morning,274,12,0.0438,11.1,Completed
PROD_0005003,2023-11-09,MACH_000787,PROD_03101,LOC_00018,Morning,438,10,0.0228,5.46,Completed
PROD_0174298,2023-05-01,MACH_000014,PROD_02240,LOC_00016,Morning,442,10,0.0226,6.7,Completed
PROD_0244696,2025-02-06,MACH_000558,PROD_04882,LOC_00152,Night,274,7,0.0255,11.01,Completed
PROD_0175244,2026-03-25,MACH_001133,PROD_02796,LOC_00187,Night,159,5,0.0314,11.46,Completed
PROD_0149251,2025-09-19,MACH_001113,PROD_03039,LOC_00098,Morning,256,6,0.0234,6.09,UNKNOWN
PROD_0210850,2021-06-14,MACH_000466,PROD_02237,LOC_00010,Night,265,4,0.0151,11.46,Completed
PROD_0277542,2026-04-25,MACH_000780,PROD_02533,LOC_00202,Evening,72,2,0.0278,2.78,Completed
PROD_0184231,2025-05-15,MACH_000540,PROD_01689,LOC_00080,Night,103,3,0.0291,5.28,In Progress
PROD_0017713,2021-04-01,MACH_001315,PROD_01599,LOC_00075,Night,438,9,0.0205,10.55,Completed
PROD_0204498,2023-04-28,MACH_001456,PROD_00528,LOC_00086,Evening,426,3,0.007,11.83,UNKNOWN
PROD_0094110,2021-11-29,MACH_001213,PROD_02315,LOC_00066,Morning,464,14,0.0302,2.31,Completed
PROD_0157282,2025-02-18,MACH_001115,PROD_02727,LOC_00240,Evening,424,17,0.0401,3.1,Completed
PROD_0279918,2022-03-12,MACH_000698,PROD_03026,LOC_00224,Evening,69,1,0.0145,3.91,Completed
PROD_0086586,2024-10-24,MACH_000774,PROD_04905,LOC_00217,Morning,246,9,0.0366,2.99,Completed
PROD_0186550,2025-09-08,MACH_000351,PROD_02041,LOC_00169,Evening,365,7,0.0192,9.75,Completed
PROD_0209060,2025-10-15,MACH_001093,PROD_03595,LOC_00037,Night,490,1,0.002,4.46,In Progress
PROD_0239260,2026-03-21,MACH_000426,PROD_03706,LOC_00240,Morning,182,1,0.0055,5.73,Completed
PROD_0167616,2025-01-02,MACH_001439,PROD_02685,LOC_00023,Evening,485,13,0.0268,9.56,Completed
PROD_0003914,2026-05-22,MACH_000730,PROD_02504,LOC_00092,Morning,389,12,0.0308,7.24,Completed
PROD_0278913,2023-04-29,MACH_000937,PROD_00117,LOC_00054,Morning,259,11,0.0425,7.83,Completed
PROD_0285953,2022-07-19,MACH_001199,PROD_02679,LOC_00077,Evening,367,6,0.0163,9.23,Failed
PROD_0074453,2025-09-24,MACH_001068,PROD_03703,LOC_00100,Night,382,3,0.0079,6.41,Completed
PROD_0137135,2026-03-08,MACH_001340,PROD_02397,LOC_00153,Morning,413,5,0.0121,11.95,Completed
PROD_0288796,2026-02-24,MACH_001143,PROD_02951,LOC_00110,Night,236,0,0.0,7.5,Completed
PROD_0152397,2021-10-11,MACH_000701,PROD_03328,LOC_00061,Evening,99,1,0.0101,2.56,Completed
PROD_0159383,2024-11-16,MACH_000034,PROD_04835,LOC_00233,Morning,343,4,0.0117,2.95,Completed
PROD_0063695,2023-02-13,MACH_000079,PROD_04540,LOC_00140,Evening,492,12,0.0244,3.21,Completed
PROD_0095412,2021-11-10,MACH_000925,PROD_02629,LOC_00074,Night,154,2,0.013,8.03,Completed
PROD_0152721,2023-01-06,MACH_001393,PROD_00413,LOC_00017,Night,77,0,0.0,9.26,Completed
PROD_0182481,2022-12-22,MACH_000195,PROD_04487,LOC_00247,Evening,472,0,0.0,5.44,Completed
PROD_0167609,2023-11-12,MACH_000156,PROD_00740,LOC_00071,Night,163,0,0.0,2.26,Completed
PROD_0232221,2022-10-24,MACH_000347,PROD_04578,LOC_00049,Night,462,2,0.0043,4.32,Completed
PROD_0222315,2023-02-26,MACH_000014,PROD_00277,LOC_00097,Morning,323,6,0.0186,7.16,Completed
PROD_0056074,2025-12-16,MACH_000919,PROD_02019,LOC_00090,Morning,108,1,0.0093,10.44,Completed
PROD_0201329,2025-02-12,MACH_001238,PROD_04383,LOC_00001,Morning,318,2,0.0063,11.19,Completed
PROD_0273438,2023-10-15,MACH_000226,PROD_03528,LOC_00035,Night,109,1,0.0092,9.6,Failed
PROD_0293345,2026-01-03,MACH_000863,PROD_04516,LOC_00194,Morning,369,11,0.0298,10.3,Completed
PROD_0177421,2023-06-21,MACH_000680,PROD_04011,LOC_00030,Evening,175,6,0.0343,8.85,Completed
PROD_0156559,2025-07-26,MACH_000567,PROD_00932,LOC_00201,Night,73,1,0.0137,9.6,Completed
PROD_0039644,2026-04-19,MACH_000793,PROD_00466,LOC_00075,Night,72,2,0.0278,8.95,Completed
PROD_0154258,2026-01-10,MACH_000618,PROD_03063,LOC_00118,Night,132,3,0.0227,4.8,UNKNOWN
PROD_0216291,2023-06-11,MACH_000115,PROD_01388,LOC_00203,Night,414,7,0.0169,5.71,Completed
PROD_0267092,2023-02-13,MACH_000387,PROD_01656,LOC_00214,Night,146,1,0.0068,5.7,Completed
PROD_0294640,2025-03-06,MACH_000919,PROD_00285,LOC_00150,Morning,343,14,0.0408,5.77,Completed
PROD_0161246,2021-03-05,MACH_000693,PROD_00532,LOC_00048,Night,93,0,0.0,7.28,Completed
PROD_0149864,2025-05-18,MACH_000765,PROD_03377,LOC_00174,Morning,327,3,0.0092,2.79,Completed
PROD_0057960,2026-06-25,MACH_000297,PROD_01956,LOC_00220,Morning,418,1,0.0024,2.51,Completed
PROD_0291255,2022-10-11,MACH_000100,PROD_03965,LOC_00233,Night,199,6,0.0302,2.45,Completed
PROD_0055235,2026-03-31,MACH_000126,PROD_04351,LOC_00150,Night,75,0,0.0,9.58,Completed
PROD_0237518,2022-04-29,MACH_000575,PROD_00556,LOC_00074,Evening,492,22,0.0447,6.15,Completed
PROD_0034602,2024-09-26,MACH_000782,PROD_03108,LOC_00133,Evening,473,13,0.0275,5.24,Completed
PROD_0184951,2022-04-24,MACH_001311,PROD_03231,LOC_00121,Morning,267,9,0.0337,6.89,Completed
PROD_0185684,2024-07-18,MACH_001070,PROD_01338,LOC_00028,Night,81,3,0.037,7.71,Completed
PROD_0185509,2026-06-14,MACH_000234,PROD_01954,LOC_00199,Morning,203,8,0.0394,5.91,UNKNOWN
PROD_0273381,2022-06-26,MACH_001104,PROD_02293,LOC_00007,Morning,455,1,0.0022,10.37,Failed
PROD_0014263,2024-07-24,MACH_000509,PROD_02995,LOC_00173,Evening,213,2,0.0094,5.93,Completed
PROD_0223756,2022-12-27,MACH_001033,PROD_03538,LOC_00056,Evening,104,1,0.0096,5.03,UNKNOWN
PROD_0089697,2025-06-09,MACH_000814,PROD_04041,LOC_00122,Night,305,8,0.0262,8.99,Completed
PROD_0006001,2023-04-22,MACH_000806,PROD_00816,LOC_00217,Morning,417,2,0.0048,7.06,Completed
PROD_0041728,2024-09-16,MACH_000189,PROD_03479,LOC_00218,Evening,181,1,0.0055,6.56,Completed
PROD_0135894,2023-01-06,MACH_000189,PROD_03709,LOC_00187,Evening,222,2,0.009,10.39,Completed
PROD_0047711,2024-07-10,MACH_000062,PROD_03981,LOC_00163,Morning,401,2,0.005,4.46,Completed
PROD_0080449,2024-09-28,MACH_000423,PROD_03643,LOC_00125,Evening,209,2,0.0096,5.24,In Progress
PROD_0078919,2024-08-31,MACH_000683,PROD_04309,LOC_00115,Night,281,1,0.0036,2.09,Completed
PROD_0220260,2026-01-29,MACH_001335,PROD_03768,LOC_00067,Night,165,5,0.0303,3.13,Completed
PROD_0140641,2023-11-18,MACH_001115,PROD_01504,LOC_00090,Morning,73,2,0.0274,5.97,Completed
PROD_0259123,2023-07-08,MACH_001279,PROD_01615,LOC_00248,Evening,317,4,0.0126,2.64,Completed
PROD_0206801,2025-07-01,MACH_001352,PROD_02234,LOC_00119,Morning,126,0,0.0,10.71,Completed
PROD_0159936,2023-11-12,MACH_000825,PROD_00203,LOC_00194,Evening,218,4,0.0183,5.72,Completed
PROD_0192581,2024-08-30,MACH_000706,PROD_04843,LOC_00093,Night,322,12,0.0373,4.26,Completed
PROD_0031296,2023-07-12,MACH_000699,PROD_00068,LOC_00160,Night,297,4,0.0135,6.92,Completed
PROD_0052575,2024-08-20,MACH_000631,PROD_03346,LOC_00117,Morning,281,12,0.0427,5.05,Completed
PROD_0284496,2022-07-10,MACH_000744,PROD_00968,LOC_00099,Night,361,13,0.036,7.68,Completed
PROD_0242219,2024-03-14,MACH_000369,PROD_04936,LOC_00139,Evening,411,2,0.0049,8.25,Completed
PROD_0163097,2024-09-18,MACH_000495,PROD_00361,LOC_00175,Night,244,4,0.0164,2.48,Completed
PROD_0131081,2021-05-25,MACH_000579,PROD_01558,LOC_00246,Night,238,2,0.0084,8.8,In Progress
PROD_0116981,2022-12-01,MACH_001400,PROD_01887,LOC_00165,Morning,444,8,0.018,5.13,Completed
PROD_0053852,2021-05-12,MACH_001079,PROD_02569,LOC_00114,Evening,88,2,0.0227,5.69,In Progress
PROD_0220010,2024-01-06,MACH_001059,PROD_01624,LOC_00147,Evening,354,5,0.0141,10.34,Completed
PROD_0054845,2021-02-27,MACH_000361,PROD_02135,LOC_00071,Evening,268,11,0.041,4.35,Completed
PROD_0047565,2026-04-07,MACH_000208,PROD_01411,LOC_00157,Evening,359,9,0.0251,11.84,Completed
PROD_0218764,2021-04-03,MACH_000644,PROD_04687,LOC_00168,Morning,354,15,0.0424,2.17,Completed
PROD_0168612,2022-02-15,MACH_001372,PROD_01574,LOC_00071,Night,282,9,0.0319,4.65,Completed
PROD_0049701,2025-07-17,MACH_001112,PROD_00452,LOC_00158,Evening,124,0,0.0,6.24,Completed
PROD_0098501,2024-07-30,MACH_000534,PROD_00357,LOC_00071,Evening,149,4,0.0268,6.06,Completed
PROD_0203098,2023-04-08,MACH_000855,PROD_00181,LOC_00047,Morning,393,11,0.028,11.82,Completed
PROD_0194039,2022-10-30,MACH_000862,PROD_00843,LOC_00205,Evening,67,1,0.0149,5.94,In Progress
PROD_0203140,2023-04-28,MACH_000566,PROD_02602,LOC_00201,Morning,202,6,0.0297,6.55,Completed
PROD_0124232,2024-03-15,MACH_000604,PROD_00080,LOC_00053,Evening,208,1,0.0048,8.6,Completed
PROD_0170335,2022-07-14,MACH_000027,PROD_02080,LOC_00090,Morning,319,13,0.0408,4.44,UNKNOWN
PROD_0200947,2024-03-31,MACH_000732,PROD_04113,LOC_00052,Night,485,18,0.0371,3.77,Completed
PROD_0212515,2021-11-21,MACH_001137,PROD_01238,LOC_00167,Morning,255,9,0.0353,8.7,Completed
PROD_0253121,2024-07-05,MACH_000196,PROD_02169,LOC_00161,Night,189,2,0.0106,4.8,Completed
PROD_0104398,2025-11-30,MACH_001426,PROD_01233,LOC_00032,Night,110,1,0.0091,3.78,Completed
PROD_0176529,2023-04-21,MACH_000878,PROD_00821,LOC_00182,Night,279,12,0.043,11.25,Completed
PROD_0078517,2021-10-02,MACH_000276,PROD_04560,LOC_00184,Morning,364,8,0.022,7.5,Failed
PROD_0005096,2026-02-25,MACH_000568,PROD_03839,LOC_00216,Night,425,3,0.0071,5.3,Completed
PROD_0187994,2024-02-22,MACH_001155,PROD_04910,LOC_00191,Morning,266,4,0.015,6.16,Completed
PROD_0091090,2021-12-14,MACH_001322,PROD_00050,LOC_00058,Evening,56,1,0.0179,6.04,In Progress
PROD_0007993,2022-01-01,MACH_000303,PROD_00418,LOC_00068,Morning,88,1,0.0114,6.27,Completed
PROD_0108712,2021-07-19,MACH_001365,PROD_03424,LOC_00088,Morning,215,5,0.0233,6.59,Completed
PROD_0277792,2023-01-16,MACH_000307,PROD_04688,LOC_00026,Morning,247,5,0.0202,9.56,Completed
PROD_0253342,2024-01-04,MACH_000360,PROD_00071,LOC_00070,Morning,195,2,0.0103,11.14,Completed
PROD_0276756,2024-08-09,MACH_000841,PROD_00339,LOC_00087,Night,496,4,0.0081,3.72,Completed
PROD_0120843,2022-10-04,MACH_000948,PROD_02924,LOC_00082,Evening,423,5,0.0118,4.87,UNKNOWN
PROD_0034556,2024-05-20,MACH_000906,PROD_00142,LOC_00122,Morning,61,2,0.0328,2.04,Completed
PROD_0276567,2024-01-08,MACH_001214,PROD_00349,LOC_00179,Evening,331,6,0.0181,5.4,Completed
PROD_0017968,2022-06-05,MACH_001126,PROD_01061,LOC_00220,Night,127,0,0.0,4.37,In Progress
PROD_0206676,2022-02-13,MACH_000329,PROD_01298,LOC_00076,Night,69,0,0.0,11.4,Completed
PROD_0070394,2021-03-21,MACH_001170,PROD_01167,LOC_00174,Evening,93,3,0.0323,8.38,Completed
PROD_0020989,2022-04-11,MACH_001040,PROD_02854,LOC_00208,Night,279,11,0.0394,3.11,In Progress
PROD_0088217,2022-05-31,MACH_001494,PROD_04692,LOC_00234,Night,249,1,0.004,7.27,In Progress
PROD_0278775,2023-10-15,MACH_000096,PROD_01320,LOC_00129,Night,228,0,0.0,6.85,Completed
PROD_0199183,2025-03-29,MACH_001421,PROD_02799,LOC_00047,Evening,410,9,0.022,10.61,Completed
PROD_0128371,2024-09-08,MACH_000738,PROD_03963,LOC_00087,Night,335,14,0.0418,3.73,Completed
PROD_0078565,2021-12-11,MACH_000836,PROD_04602,LOC_00057,Evening,217,9,0.0415,6.64,UNKNOWN
PROD_0063723,2021-09-15,MACH_001228,PROD_00134,LOC_00187,Morning,320,12,0.0375,4.21,Completed
PROD_0060144,2026-06-09,MACH_001485,PROD_02597,LOC_00080,Morning,327,8,0.0245,8.94,Completed
PROD_0149428,2025-06-03,MACH_001270,PROD_03868,LOC_00116,Morning,197,6,0.0305,2.06,Completed
PROD_0061594,2022-11-16,MACH_001404,PROD_02646,LOC_00106,Night,231,10,0.0433,8.4,Completed
PROD_0217356,2023-01-21,MACH_000309,PROD_04255,LOC_00038,Night,220,8,0.0364,5.53,Failed
PROD_0192533,2024-05-24,MACH_000354,PROD_04430,LOC_00032,Night,233,6,0.0258,2.09,Completed
PROD_0278054,2023-10-04,MACH_000944,PROD_01803,LOC_00081,Night,334,7,0.021,6.09,Completed
PROD_0103059,2022-02-16,MACH_000079,PROD_03410,LOC_00141,Evening,79,1,0.0127,3.21,Completed
PROD_0166769,2021-11-03,MACH_000799,PROD_00333,LOC_00129,Night,193,0,0.0,3.58,Completed
PROD_0260414,2024-06-13,MACH_000829,PROD_04134,LOC_00226,Night,402,4,0.01,11.11,Completed
PROD_0148975,2024-06-15,MACH_000400,PROD_00363,LOC_00233,Evening,264,0,0.0,6.98,Completed
PROD_0015346,2023-07-06,MACH_001500,PROD_02690,LOC_00186,Evening,353,16,0.0453,10.04,Completed
PROD_0227605,2021-04-10,MACH_000397,PROD_04119,LOC_00151,Night,324,7,0.0216,3.47,Completed
PROD_0243123,2025-03-22,MACH_000021,PROD_00991,LOC_00030,Morning,186,4,0.0215,11.44,Completed
PROD_0088455,2024-07-31,MACH_000092,PROD_02128,LOC_00138,Night,451,7,0.0155,5.56,Failed
PROD_0138917,2024-04-24,MACH_000946,PROD_04945,LOC_00076,Evening,314,3,0.0096,11.81,Completed
PROD_0253809,2021-03-18,MACH_000010,PROD_03518,LOC_00141,Morning,327,10,0.0306,5.44,In Progress
PROD_0155148,2021-04-18,MACH_000938,PROD_02937,LOC_00150,Morning,310,1,0.0032,5.17,Completed
PROD_0258676,2025-08-02,MACH_000156,PROD_00842,LOC_00177,Evening,475,7,0.0147,8.94,Completed
PROD_0155299,2025-11-17,MACH_001122,PROD_04186,LOC_00108,Morning,170,5,0.0294,6.46,Completed
PROD_0154828,2023-01-15,MACH_000880,PROD_00532,LOC_00218,Morning,226,8,0.0354,5.06,In Progress
PROD_0244192,2021-11-04,MACH_001062,PROD_02331,LOC_00245,Morning,242,4,0.0165,11.5,Completed
PROD_0243606,2022-06-09,MACH_001416,PROD_03912,LOC_00069,Evening,352,9,0.0256,2.54,Completed
PROD_0037400,2021-02-01,MACH_000478,PROD_01286,LOC_00201,Morning,199,3,0.0151,2.14,Completed
PROD_0019025,2023-12-11,MACH_001199,PROD_02413,LOC_00101,Night,419,12,0.0286,5.6,Completed
PROD_0193428,2024-05-12,MACH_000868,PROD_02288,LOC_00022,Night,285,11,0.0386,8.08,Completed
PROD_0199899,2025-12-30,MACH_000982,PROD_04619,LOC_00017,Morning,339,10,0.0295,6.83,In Progress
PROD_0035818,2026-04-25,MACH_000713,PROD_00668,LOC_00111,Morning,404,17,0.0421,2.76,Completed
PROD_0206756,2024-04-12,MACH_000999,PROD_03373,LOC_00181,Night,440,2,0.0045,10.62,Completed
PROD_0223277,2025-09-11,MACH_000524,PROD_03704,LOC_00166,Night,120,2,0.0167,11.06,Completed
PROD_0290915,2023-04-08,MACH_001135,PROD_01896,LOC_00211,Evening,430,6,0.014,4.2,Completed
PROD_0063371,2023-03-16,MACH_001006,PROD_03186,LOC_00093,Morning,160,3,0.0187,9.93,Completed
PROD_0154403,2021-11-12,MACH_000634,PROD_04096,LOC_00048,Morning,465,14,0.0301,8.97,Completed
PROD_0042525,2023-11-01,MACH_000303,PROD_02298,LOC_00212,Evening,164,5,0.0305,5.8,Completed
PROD_0266316,2023-01-27,MACH_000971,PROD_04684,LOC_00072,Morning,314,7,0.0223,12.0,Completed
PROD_0243003,2021-03-17,MACH_001394,PROD_00130,LOC_00157,Evening,186,2,0.0108,8.39,Completed
PROD_0166487,2024-05-11,MACH_000373,PROD_01663,LOC_00216,Evening,163,2,0.0123,3.14,Completed
PROD_0247437,2026-01-10,MACH_000517,PROD_01804,LOC_00138,Night,110,1,0.0091,11.2,Completed
PROD_0124070,2024-12-29,MACH_000285,PROD_02522,LOC_00050,Night,428,1,0.0023,5.98,Completed
PROD_0253780,2024-12-05,MACH_001197,PROD_04786,LOC_00134,Morning,361,3,0.0083,2.57,Completed
PROD_0034448,2021-04-09,MACH_000325,PROD_04233,LOC_00094,Morning,428,18,0.0421,2.2,Completed
PROD_0265278,2022-03-30,MACH_001381,PROD_03889,LOC_00005,Night,313,5,0.016,5.5,Completed
PROD_0109712,2021-09-12,MACH_000267,PROD_00974,LOC_00123,Morning,97,2,0.0206,9.9,Completed
PROD_0077100,2022-01-10,MACH_000798,PROD_03039,LOC_00112,Evening,205,9,0.0439,8.3,Completed
PROD_0283035,2025-07-09,MACH_000613,PROD_00529,LOC_00109,Evening,53,0,0.0,7.34,UNKNOWN
PROD_0216324,2024-04-10,MACH_001050,PROD_04016,LOC_00003,Evening,315,10,0.0317,2.1,Completed
PROD_0074658,2025-07-20,MACH_000266,PROD_00845,LOC_00149,Morning,51,1,0.0196,2.82,Completed
PROD_0115346,2021-08-05,MACH_000710,PROD_03342,LOC_00031,Night,412,9,0.0218,5.17,Completed
PROD_0254626,2023-11-17,MACH_000698,PROD_00584,LOC_00167,Morning,440,12,0.0273,7.99,Completed
PROD_0020260,2021-11-14,MACH_000145,PROD_00486,LOC_00109,Morning,130,1,0.0077,4.06,In Progress
PROD_0296937,2022-03-28,MACH_001421,PROD_01714,LOC_00078,Morning,296,12,0.0405,4.01,Completed
PROD_0017855,2023-04-10,MACH_000966,PROD_00096,LOC_00213,Morning,201,5,0.0249,7.99,Completed
PROD_0227988,2024-07-20,MACH_001308,PROD_00246,LOC_00225,Night,125,1,0.008,10.24,Completed
PROD_0198382,2026-04-28,MACH_001361,PROD_03676,LOC_00122,Evening,369,1,0.0027,8.16,Completed
PROD_0006443,2024-12-10,MACH_000237,PROD_01395,LOC_00170,Morning,467,16,0.0343,9.28,Completed
PROD_0293063,2022-06-20,MACH_000171,PROD_04455,LOC_00057,Morning,314,1,0.0032,8.97,Completed
PROD_0127971,2022-10-15,MACH_001465,PROD_01541,LOC_00138,Morning,458,10,0.0218,7.54,Completed
PROD_0234996,2025-08-27,MACH_000423,PROD_00637,LOC_00124,Evening,119,2,0.0168,5.14,Completed
PROD_0292909,2023-10-26,MACH_000232,PROD_01950,LOC_00038,Morning,396,12,0.0303,11.4,Completed
PROD_0260502,2024-04-30,MACH_001229,PROD_02452,LOC_00119,Evening,117,0,0.0,8.23,Completed
PROD_0286594,2026-04-28,MACH_000357,PROD_03679,LOC_00213,Night,449,19,0.0423,6.56,Completed
PROD_0088624,2025-07-17,MACH_000544,PROD_04031,LOC_00121,Morning,311,11,0.0354,5.36,Completed
PROD_0128101,2023-07-20,MACH_000036,PROD_02903,LOC_00243,Morning,247,5,0.0202,7.39,Completed
PROD_0119075,2026-06-03,MACH_000379,PROD_00246,LOC_00045,Morning,206,1,0.0049,4.52,Completed
PROD_0149220,2026-06-07,MACH_001399,PROD_01353,LOC_00154,Night,137,4,0.0292,3.5,Completed
PROD_0221874,2021-02-11,MACH_000358,PROD_01217,LOC_00088,Morning,444,1,0.0023,8.61,Completed
PROD_0112125,2022-02-07,MACH_000301,PROD_02240,LOC_00131,Evening,289,8,0.0277,2.83,Completed
PROD_0292958,2021-04-06,MACH_000590,PROD_01802,LOC_00090,Night,475,3,0.0063,9.45,Completed
PROD_0080596,2024-06-29,MACH_000372,PROD_00480,LOC_00190,Evening,64,1,0.0156,6.44,Completed
PROD_0106489,2024-04-18,MACH_001446,PROD_01948,LOC_00154,Night,280,12,0.0429,2.4,In Progress
PROD_0215192,2022-11-25,MACH_000948,PROD_04293,LOC_00169,Night,295,2,0.0068,6.68,Completed
PROD_0164249,2022-06-03,MACH_000436,PROD_03853,LOC_00204,Evening,73,1,0.0137,9.52,Completed
PROD_0115365,2025-08-30,MACH_001392,PROD_03179,LOC_00121,Morning,259,8,0.0309,7.53,Completed
PROD_0151627,2025-08-18,MACH_000559,PROD_02011,LOC_00059,Night,194,1,0.0052,8.97,Completed
PROD_0288900,2022-09-13,MACH_001238,PROD_00636,LOC_00077,Night,220,10,0.0455,8.83,Completed
PROD_0228526,2022-07-12,MACH_000897,PROD_02486,LOC_00040,Evening,80,3,0.0375,8.69,Completed
PROD_0176458,2022-08-26,MACH_001029,PROD_02822,LOC_00003,Evening,201,0,0.0,11.2,Completed
PROD_0269362,2024-07-30,MACH_001013,PROD_03165,LOC_00189,Morning,331,5,0.0151,11.75,Completed
PROD_0129878,2023-12-23,MACH_000054,PROD_00315,LOC_00070,Morning,250,5,0.02,5.89,Completed
PROD_0056720,2023-09-23,MACH_000729,PROD_04745,LOC_00030,Night,154,0,0.0,9.67,Completed
PROD_0016848,2021-05-23,MACH_000791,PROD_03980,LOC_00110,Morning,486,23,0.0473,5.55,Completed
PROD_0295859,2025-08-13,MACH_000917,PROD_04499,LOC_00154,Night,271,10,0.0369,5.11,Completed
PROD_0288696,2026-01-31,MACH_001174,PROD_01867,LOC_00242,Morning,432,20,0.0463,3.35,Completed
PROD_0147850,2026-05-09,MACH_001106,PROD_04530,LOC_00060,Evening,390,16,0.041,9.91,Completed
PROD_0033809,2026-03-27,MACH_000980,PROD_00887,LOC_00135,Evening,77,2,0.026,7.09,Completed
PROD_0068837,2022-05-21,MACH_000885,PROD_04508,LOC_00162,Evening,175,7,0.04,10.05,Completed
PROD_0003871,2024-03-13,MACH_001476,PROD_03046,LOC_00050,Morning,453,4,0.0088,4.26,Completed
PROD_0045782,2026-03-02,MACH_000403,PROD_02570,LOC_00231,Morning,125,2,0.016,3.17,Completed
PROD_0102738,2021-08-12,MACH_000682,PROD_04663,LOC_00106,Morning,154,6,0.039,2.25,Completed
PROD_0014570,2023-11-20,MACH_000276,PROD_01863,LOC_00133,Morning,215,2,0.0093,5.42,In Progress
PROD_0233754,2024-11-28,MACH_001038,PROD_02091,LOC_00025,Night,339,8,0.0236,2.29,Completed
PROD_0184170,2023-12-01,MACH_000862,PROD_02396,LOC_00237,Morning,125,4,0.032,10.33,UNKNOWN
PROD_0011045,2023-06-23,MACH_000423,PROD_01327,LOC_00126,Evening,346,9,0.026,11.26,Completed
PROD_0150864,2025-11-02,MACH_000308,PROD_00009,LOC_00114,Evening,180,4,0.0222,4.09,Completed
PROD_0248443,2023-08-06,MACH_000400,PROD_02831,LOC_00039,Night,275,12,0.0436,3.58,Completed
PROD_0296968,2024-09-05,MACH_001200,PROD_03184,LOC_00111,Night,219,1,0.0046,5.09,Failed
PROD_0217511,2024-09-20,MACH_000212,PROD_00044,LOC_00189,Night,123,5,0.0407,4.84,Completed
PROD_0221011,2024-05-27,MACH_001325,PROD_01776,LOC_00156,Morning,180,0,0.0,3.39,Failed
PROD_0293377,2022-04-02,MACH_000514,PROD_02107,LOC_00182,Evening,233,5,0.0215,2.6,In Progress
PROD_0142800,2023-11-13,MACH_000595,PROD_00506,LOC_00196,Night,298,2,0.0067,10.88,Completed
PROD_0141270,2024-11-20,MACH_000487,PROD_02598,LOC_00015,Night,266,0,0.0,11.51,Completed
PROD_0000437,2022-05-15,MACH_001034,PROD_01590,LOC_00052,Evening,386,9,0.0233,9.2,Completed
PROD_0194619,2022-07-31,MACH_000013,PROD_01121,LOC_00157,Night,149,1,0.0067,2.36,Completed
PROD_0000088,2023-10-20,MACH_000105,PROD_00511,LOC_00129,Morning,364,12,0.033,10.42,Completed
PROD_0071460,2026-01-11,MACH_000766,PROD_03028,LOC_00016,Night,121,2,0.0165,7.55,Completed
PROD_0191453,2022-01-14,MACH_000158,PROD_01295,LOC_00080,Evening,96,2,0.0208,5.83,Completed
PROD_0152446,2021-03-04,MACH_001245,PROD_04096,LOC_00043,Evening,483,3,0.0062,8.34,Completed
PROD_0065129,2023-08-17,MACH_000762,PROD_03962,LOC_00213,Night,473,12,0.0254,6.53,Completed
PROD_0265376,2025-12-30,MACH_001450,PROD_02786,LOC_00051,Morning,425,7,0.0165,3.4,Completed
PROD_0216633,2024-01-07,MACH_000621,PROD_01894,LOC_00226,Evening,379,0,0.0,3.25,Completed
PROD_0284233,2021-04-02,MACH_000057,PROD_00615,LOC_00111,Morning,329,8,0.0243,7.31,Completed
PROD_0138396,2021-05-05,MACH_001393,PROD_00493,LOC_00204,Night,241,11,0.0456,10.57,UNKNOWN
PROD_0127841,2023-03-18,MACH_000787,PROD_03728,LOC_00001,Evening,474,3,0.0063,11.91,Completed
PROD_0023054,2024-03-13,MACH_000328,PROD_02695,LOC_00149,Morning,293,1,0.0034,2.78,Failed
PROD_0016086,2023-10-17,MACH_000514,PROD_04312,LOC_00154,Morning,382,10,0.0262,11.53,Completed
PROD_0292599,2026-01-23,MACH_000695,PROD_00265,LOC_00110,Night,390,2,0.0051,8.98,Completed
PROD_0032637,2025-02-10,MACH_000088,PROD_00582,LOC_00072,Morning,83,0,0.0,10.45,Completed
PROD_0173390,2021-01-10,MACH_000471,PROD_00604,LOC_00019,Evening,356,12,0.0337,10.57,Failed
PROD_0299035,2023-03-29,MACH_001131,PROD_01165,LOC_00118,Morning,52,0,0.0,4.43,Completed
PROD_0125979,2021-10-18,MACH_000621,PROD_03745,LOC_00123,Evening,334,12,0.0359,3.01,Completed
PROD_0163873,2025-08-01,MACH_001316,PROD_03069,LOC_00191,Evening,237,3,0.0127,9.69,Completed
PROD_0233300,2025-07-25,MACH_000070,PROD_01889,LOC_00178,Evening,397,3,0.0076,10.69,Completed
PROD_0236938,2021-03-08,MACH_000369,PROD_02391,LOC_00177,Morning,427,19,0.0445,7.37,Failed
PROD_0263600,2025-06-12,MACH_000352,PROD_00978,LOC_00151,Evening,363,11,0.0303,7.45,Completed
PROD_0271349,2024-02-07,MACH_000247,PROD_00786,LOC_00057,Night,166,1,0.006,10.31,UNKNOWN
PROD_0088897,2021-08-16,MACH_000243,PROD_04945,LOC_00035,Evening,120,3,0.025,2.35,Completed
PROD_0258629,2021-01-09,MACH_001263,PROD_01887,LOC_00019,Morning,112,3,0.0268,2.61,UNKNOWN
PROD_0253013,2024-08-26,MACH_000074,PROD_00026,LOC_00233,Night,436,7,0.0161,6.7,Completed
PROD_0030753,2025-11-18,MACH_000347,PROD_03521,LOC_00226,Night,124,3,0.0242,10.92,Completed
PROD_0222990,2025-06-05,MACH_000693,PROD_00957,LOC_00171,Night,238,6,0.0252,11.74,Completed
PROD_0085202,2021-04-11,MACH_000094,PROD_01585,LOC_00184,Evening,419,2,0.0048,10.76,Completed
PROD_0102243,2023-11-18,MACH_000298,PROD_01836,LOC_00032,Evening,336,6,0.0179,8.63,Completed
PROD_0269424,2022-06-06,MACH_000921,PROD_04683,LOC_00169,Morning,92,3,0.0326,7.31,Completed
PROD_0137100,2024-05-07,MACH_000811,PROD_04928,LOC_00186,Night,69,1,0.0145,2.39,Completed
PROD_0219584,2025-12-18,MACH_000243,PROD_04128,LOC_00079,Morning,424,20,0.0472,7.26,Completed
PROD_0053892,2023-06-17,MACH_000955,PROD_04012,LOC_00194,Evening,58,0,0.0,4.01,Completed
PROD_0256228,2021-10-26,MACH_000371,PROD_02362,LOC_00036,Morning,455,20,0.044,3.6,Failed
PROD_0017273,2025-07-13,MACH_000365,PROD_03753,LOC_00232,Evening,308,14,0.0455,4.38,Completed
PROD_0123034,2022-05-05,MACH_001310,PROD_00687,LOC_00218,Night,442,19,0.043,5.14,Failed
PROD_0099746,2021-12-27,MACH_001182,PROD_01754,LOC_00204,Evening,102,4,0.0392,10.51,Failed
PROD_0017934,2021-03-28,MACH_000534,PROD_04165,LOC_00180,Morning,337,3,0.0089,7.22,Completed
PROD_0154366,2025-06-10,MACH_001089,PROD_00442,LOC_00033,Evening,264,4,0.0152,4.89,Completed
PROD_0008661,2024-10-29,MACH_000393,PROD_00756,LOC_00160,Evening,136,5,0.0368,3.49,Completed
PROD_0079691,2024-03-09,MACH_000077,PROD_00641,LOC_00088,Night,63,2,0.0317,10.64,Completed
PROD_0020431,2021-12-14,MACH_000196,PROD_00901,LOC_00098,Evening,299,10,0.0334,2.32,UNKNOWN
PROD_0129318,2025-09-08,MACH_001289,PROD_04667,LOC_00051,Morning,276,10,0.0362,10.59,Completed
PROD_0046757,2021-10-22,MACH_000710,PROD_03463,LOC_00012,Evening,350,15,0.0429,10.97,Completed
PROD_0271642,2021-11-09,MACH_000554,PROD_01469,LOC_00146,Morning,486,20,0.0412,8.26,Completed
PROD_0124057,2024-09-09,MACH_000754,PROD_01095,LOC_00018,Morning,362,9,0.0249,11.41,Completed
PROD_0219664,2021-02-16,MACH_001322,PROD_00539,LOC_00185,Evening,90,2,0.0222,7.19,Completed
PROD_0165702,2026-06-04,MACH_000692,PROD_04575,LOC_00026,Morning,67,2,0.0299,5.58,Failed
PROD_0050310,2022-06-01,MACH_000878,PROD_00713,LOC_00119,Evening,145,6,0.0414,11.4,Completed
PROD_0150367,2025-04-18,MACH_000684,PROD_03421,LOC_00103,Night,437,0,0.0,3.8,Completed
PROD_0031531,2025-09-04,MACH_001061,PROD_03766,LOC_00117,Morning,75,2,0.0267,7.92,Completed
PROD_0271811,2025-12-04,MACH_001358,PROD_04680,LOC_00061,Night,409,11,0.0269,3.65,Failed
PROD_0227185,2022-12-13,MACH_000791,PROD_00356,LOC_00201,Morning,133,5,0.0376,5.61,Completed
PROD_0215581,2023-11-07,MACH_000888,PROD_02388,LOC_00179,Morning,331,11,0.0332,8.0,UNKNOWN
PROD_0197761,2023-05-10,MACH_001189,PROD_03513,LOC_00246,Morning,378,4,0.0106,9.85,Completed
PROD_0105278,2024-05-30,MACH_000108,PROD_03873,LOC_00175,Evening,175,3,0.0171,4.21,Completed
PROD_0120065,2021-03-15,MACH_001499,PROD_02586,LOC_00195,Evening,493,21,0.0426,3.96,Completed
PROD_0067185,2021-09-14,MACH_000504,PROD_02600,LOC_00010,Evening,104,1,0.0096,4.12,Completed
PROD_0221277,2023-05-29,MACH_001197,PROD_04202,LOC_00081,Evening,261,9,0.0345,3.46,Completed
PROD_0187653,2025-09-12,MACH_000207,PROD_02306,LOC_00003,Morning,350,11,0.0314,5.79,Completed
PROD_0148495,2023-05-02,MACH_001328,PROD_03717,LOC_00127,Morning,306,13,0.0425,3.42,Completed
PROD_0292550,2022-05-04,MACH_000103,PROD_04242,LOC_00107,Morning,322,7,0.0217,10.83,Completed
PROD_0079452,2022-04-03,MACH_000185,PROD_03971,LOC_00006,Morning,271,11,0.0406,4.4,Completed
PROD_0008747,2025-09-26,MACH_001296,PROD_04181,LOC_00005,Night,451,19,0.0421,5.69,In Progress
PROD_0040293,2022-05-01,MACH_000219,PROD_04838,LOC_00076,Morning,415,18,0.0434,6.03,Completed
PROD_0073273,2024-11-22,MACH_000959,PROD_02167,LOC_00233,Night,94,2,0.0213,3.72,Completed
PROD_0199644,2026-06-05,MACH_000183,PROD_02160,LOC_00016,Morning,387,3,0.0078,4.28,Completed
PROD_0107433,2024-09-27,MACH_001047,PROD_00896,LOC_00154,Night,176,2,0.0114,10.41,Failed
PROD_0043081,2024-01-12,MACH_001110,PROD_04826,LOC_00201,Night,346,12,0.0347,10.91,UNKNOWN
PROD_0114670,2025-03-30,MACH_000694,PROD_04983,LOC_00209,Night,108,2,0.0185,2.71,Completed
PROD_0239423,2025-06-17,MACH_000510,PROD_02149,LOC_00220,Morning,229,8,0.0349,3.15,Completed
PROD_0175599,2024-04-08,MACH_001205,PROD_02292,LOC_00165,Night,370,4,0.0108,9.89,Completed
PROD_0201559,2023-05-10,MACH_000168,PROD_01132,LOC_00062,Morning,298,7,0.0235,5.7,Completed
PROD_0143348,2021-05-29,MACH_000741,PROD_00552,LOC_00190,Evening,400,2,0.005,2.4,In Progress
PROD_0236276,2025-08-14,MACH_000101,PROD_03297,LOC_00245,Night,143,0,0.0,9.3,Failed
PROD_0171862,2021-03-02,MACH_000685,PROD_03804,LOC_00133,Morning,389,18,0.0463,10.93,Completed
PROD_0181807,2023-05-25,MACH_000353,PROD_03983,LOC_00172,Night,91,3,0.033,3.92,Completed
PROD_0263041,2023-07-02,MACH_001465,PROD_04873,LOC_00065,Morning,477,19,0.0398,11.53,Completed
PROD_0243623,2022-05-02,MACH_000081,PROD_00151,LOC_00013,Morning,489,10,0.0204,11.03,Completed
PROD_0048365,2021-10-04,MACH_000736,PROD_00035,LOC_00154,Night,227,9,0.0396,4.83,Completed
PROD_0155335,2022-03-31,MACH_000991,PROD_04022,LOC_00141,Night,289,10,0.0346,2.04,Completed
PROD_0082917,2022-12-06,MACH_000216,PROD_03964,LOC_00059,Evening,106,0,0.0,9.48,Completed
PROD_0004601,2025-09-13,MACH_000078,PROD_02899,LOC_00085,Morning,219,9,0.0411,9.01,Completed
PROD_0109992,2021-12-21,MACH_000896,PROD_02593,LOC_00012,Night,312,11,0.0353,3.94,Completed
PROD_0010488,2022-08-07,MACH_001434,PROD_01621,LOC_00101,Night,189,2,0.0106,11.29,Completed
PROD_0045451,2025-02-25,MACH_000810,PROD_04068,LOC_00036,Evening,92,0,0.0,4.15,UNKNOWN
PROD_0059144,2023-01-14,MACH_001208,PROD_03171,LOC_00123,Morning,51,0,0.0,3.08,In Progress
PROD_0190113,2025-11-29,MACH_000529,PROD_03963,LOC_00174,Evening,369,7,0.019,5.77,In Progress
PROD_0241020,2024-09-25,MACH_001171,PROD_01450,LOC_00120,Night,332,12,0.0361,2.83,Completed
PROD_0245906,2023-12-05,MACH_001440,PROD_01231,LOC_00210,Night,445,1,0.0022,11.17,Completed
PROD_0231232,2023-04-07,MACH_000708,PROD_04444,LOC_00154,Evening,493,3,0.0061,7.57,Completed
PROD_0070868,2025-08-08,MACH_000038,PROD_04814,LOC_00071,Evening,164,1,0.0061,7.27,Completed
PROD_0258425,2021-04-30,MACH_000308,PROD_00976,LOC_00137,Morning,262,2,0.0076,3.16,Completed
PROD_0004271,2024-09-12,MACH_000871,PROD_00366,LOC_00116,Evening,189,8,0.0423,4.93,UNKNOWN
PROD_0202366,2024-03-25,MACH_000135,PROD_01505,LOC_00191,Evening,437,2,0.0046,5.55,Completed
PROD_0259016,2026-05-01,MACH_001413,PROD_04308,LOC_00203,Evening,390,14,0.0359,2.62,Completed
PROD_0122728,2026-04-24,MACH_001374,PROD_04966,LOC_00250,Night,87,0,0.0,6.64,Completed
PROD_0100402,2024-04-20,MACH_001153,PROD_02506,LOC_00038,Evening,276,6,0.0217,6.89,Failed
PROD_0120777,2021-01-16,MACH_000084,PROD_03885,LOC_00073,Morning,250,4,0.016,6.24,Completed
PROD_0077109,2021-03-16,MACH_000034,PROD_02020,LOC_00119,Morning,221,7,0.0317,2.52,Completed
PROD_0237588,2022-12-06,MACH_000799,PROD_01515,LOC_00014,Evening,474,20,0.0422,8.21,Completed
PROD_0291233,2025-03-02,MACH_000953,PROD_04544,LOC_00123,Evening,335,9,0.0269,6.6,Completed
PROD_0221655,2024-06-27,MACH_001430,PROD_00725,LOC_00230,Morning,159,6,0.0377,7.88,Completed
PROD_0212017,2023-03-30,MACH_001491,PROD_00933,LOC_00167,Night,235,4,0.017,2.23,Failed
PROD_0118345,2023-11-01,MACH_000298,PROD_03694,LOC_00243,Night,383,10,0.0261,7.41,Completed
PROD_0019201,2026-04-07,MACH_000649,PROD_01257,LOC_00072,Morning,157,1,0.0064,10.03,Completed
PROD_0134738,2025-03-12,MACH_000676,PROD_04626,LOC_00189,Morning,476,12,0.0252,3.73,Completed
PROD_0194860,2024-03-30,MACH_001019,PROD_04843,LOC_00124,Morning,424,17,0.0401,7.18,Completed
PROD_0151373,2023-11-14,MACH_000790,PROD_02254,LOC_00119,Night,227,10,0.0441,10.61,Completed
PROD_0298213,2024-04-19,MACH_001253,PROD_04918,LOC_00112,Night,343,12,0.035,2.45,Completed
PROD_0206786,2026-05-09,MACH_000421,PROD_01785,LOC_00180,Morning,383,3,0.0078,6.67,Completed
PROD_0078410,2024-01-29,MACH_000346,PROD_02622,LOC_00166,Night,235,1,0.0043,3.33,Completed
PROD_0189167,2025-08-26,MACH_001049,PROD_04530,LOC_00071,Night,286,1,0.0035,5.47,Completed
PROD_0170747,2025-09-01,MACH_001137,PROD_00201,LOC_00143,Morning,213,0,0.0,5.23,Failed
PROD_0203776,2024-12-04,MACH_001260,PROD_02070,LOC_00234,Evening,134,1,0.0075,9.94,Completed
PROD_0267814,2024-01-26,MACH_000507,PROD_00370,LOC_00205,Night,247,11,0.0445,9.7,Completed
PROD_0180263,2025-10-14,MACH_001052,PROD_02638,LOC_00214,Night,116,3,0.0259,5.83,Completed
PROD_0204612,2023-04-21,MACH_000548,PROD_02655,LOC_00240,Night,69,2,0.029,8.72,In Progress
PROD_0271347,2023-02-08,MACH_000986,PROD_03280,LOC_00046,Evening,448,7,0.0156,11.96,Completed
PROD_0253134,2023-05-08,MACH_000611,PROD_00178,LOC_00040,Night,310,10,0.0323,3.64,Completed
PROD_0246247,2023-12-13,MACH_001216,PROD_00784,LOC_00111,Night,474,4,0.0084,11.23,Completed
PROD_0266076,2025-01-11,MACH_000308,PROD_03515,LOC_00198,Morning,419,8,0.0191,4.0,Completed
PROD_0230021,2023-09-06,MACH_000870,PROD_02230,LOC_00095,Night,475,6,0.0126,5.19,Completed
PROD_0131477,2024-02-13,MACH_001382,PROD_01987,LOC_00107,Morning,221,1,0.0045,9.19,Completed
PROD_0242543,2025-03-01,MACH_000651,PROD_01868,LOC_00076,Evening,485,20,0.0412,2.5,Completed
PROD_0253932,2021-06-29,MACH_001023,PROD_03994,LOC_00103,Evening,406,11,0.0271,7.11,Completed
PROD_0256736,2023-05-30,MACH_001041,PROD_03767,LOC_00058,Morning,414,13,0.0314,11.07,In Progress
PROD_0209568,2021-04-21,MACH_001045,PROD_01167,LOC_00003,Evening,247,5,0.0202,3.97,Completed
PROD_0247604,2023-01-12,MACH_000238,PROD_00794,LOC_00065,Morning,327,7,0.0214,2.43,UNKNOWN
PROD_0071785,2021-08-13,MACH_000086,PROD_01815,LOC_00105,Morning,294,7,0.0238,11.14,Completed
PROD_0205114,2023-11-03,MACH_000888,PROD_00597,LOC_00214,Morning,242,2,0.0083,8.18,Completed
PROD_0121181,2023-10-29,MACH_000129,PROD_02060,LOC_00039,Night,333,1,0.003,9.4,Completed
PROD_0228464,2022-02-01,MACH_001187,PROD_04145,LOC_00207,Night,90,3,0.0333,6.84,Completed
PROD_0021305,2022-08-16,MACH_000089,PROD_02009,LOC_00061,Night,100,4,0.04,9.62,Completed
PROD_0062683,2023-12-19,MACH_000774,PROD_02869,LOC_00196,Morning,102,0,0.0,7.86,Completed
PROD_0267745,2023-10-19,MACH_000024,PROD_02689,LOC_00039,Evening,483,3,0.0062,11.51,Completed
PROD_0277816,2021-05-08,MACH_000520,PROD_03563,LOC_00183,Evening,148,5,0.0338,11.28,Completed
PROD_0204734,2022-08-12,MACH_001343,PROD_03378,LOC_00177,Evening,149,6,0.0403,6.85,Completed
PROD_0080296,2024-04-12,MACH_000330,PROD_03036,LOC_00125,Night,160,5,0.0312,9.04,Completed
PROD_0162911,2024-08-14,MACH_000843,PROD_02127,LOC_00088,Morning,80,1,0.0125,10.79,Completed
PROD_0227808,2024-08-14,MACH_000309,PROD_00687,LOC_00232,Night,478,16,0.0335,8.47,Completed
PROD_0275587,2024-01-18,MACH_000316,PROD_03084,LOC_00042,Night,301,10,0.0332,9.93,Completed
PROD_0286848,2024-03-19,MACH_000835,PROD_04236,LOC_00072,Night,218,2,0.0092,9.92,Completed
PROD_0275991,2024-06-17,MACH_000575,PROD_04356,LOC_00181,Evening,153,4,0.0261,4.83,Completed
PROD_0282846,2024-09-27,MACH_000155,PROD_02862,LOC_00050,Night,277,1,0.0036,7.99,Completed
PROD_0001198,2025-07-28,MACH_000072,PROD_03970,LOC_00027,Evening,160,2,0.0125,8.01,Completed
PROD_0065206,2024-04-17,MACH_000412,PROD_02022,LOC_00230,Night,307,11,0.0358,8.69,In Progress
PROD_0101058,2026-04-19,MACH_000632,PROD_04788,LOC_00007,Morning,302,6,0.0199,11.28,Completed
PROD_0107287,2026-06-28,MACH_001043,PROD_00496,LOC_00114,Morning,170,3,0.0176,10.3,Completed
PROD_0044662,2025-11-24,MACH_000571,PROD_04247,LOC_00076,Evening,419,17,0.0406,10.46,Completed
PROD_0224748,2025-01-11,MACH_001100,PROD_00781,LOC_00050,Morning,435,0,0.0,3.95,Completed
PROD_0185629,2022-06-29,MACH_001344,PROD_02901,LOC_00194,Morning,461,19,0.0412,6.58,Failed
PROD_0169720,2025-01-15,MACH_000005,PROD_02540,LOC_00064,Morning,106,0,0.0,10.57,Completed
PROD_0281020,2024-05-02,MACH_000855,PROD_02637,LOC_00033,Evening,199,6,0.0302,11.5,In Progress
PROD_0085604,2025-01-17,MACH_001136,PROD_02781,LOC_00194,Evening,163,6,0.0368,2.07,UNKNOWN
PROD_0218619,2026-04-04,MACH_001104,PROD_04656,LOC_00220,Night,472,19,0.0403,8.58,Completed
PROD_0097911,2021-09-23,MACH_001068,PROD_02520,LOC_00160,Evening,494,22,0.0445,11.67,Completed
PROD_0232794,2023-12-16,MACH_001351,PROD_00404,LOC_00173,Night,98,2,0.0204,7.49,Completed
PROD_0172958,2022-04-06,MACH_000812,PROD_03191,LOC_00194,Evening,226,8,0.0354,5.2,Completed
PROD_0280040,2022-07-01,MACH_001291,PROD_04463,LOC_00168,Night,439,12,0.0273,7.96,UNKNOWN
PROD_0061004,2025-12-29,MACH_000850,PROD_02881,LOC_00036,Evening,153,0,0.0,6.54,Completed
PROD_0150101,2022-08-01,MACH_000917,PROD_00108,LOC_00155,Morning,241,11,0.0456,8.93,UNKNOWN
PROD_0189134,2021-01-13,MACH_001229,PROD_00498,LOC_00031,Evening,72,1,0.0139,10.17,In Progress
PROD_0119121,2021-07-31,MACH_000747,PROD_03417,LOC_00243,Evening,209,9,0.0431,11.21,Completed
PROD_0215275,2025-04-01,MACH_001046,PROD_03703,LOC_00198,Morning,185,5,0.027,2.13,Completed
PROD_0046337,2022-09-13,MACH_000464,PROD_01641,LOC_00085,Morning,365,5,0.0137,2.59,Completed
PROD_0276547,2023-05-04,MACH_001365,PROD_00621,LOC_00159,Evening,68,1,0.0147,10.61,Completed
PROD_0046447,2023-04-06,MACH_001302,PROD_00958,LOC_00119,Evening,83,3,0.0361,6.14,Completed
PROD_0197209,2024-05-31,MACH_001332,PROD_00119,LOC_00096,Morning,275,5,0.0182,10.99,Completed
PROD_0102848,2026-03-12,MACH_001187,PROD_01475,LOC_00203,Morning,319,14,0.0439,10.52,UNKNOWN
PROD_0024804,2025-09-08,MACH_000011,PROD_00023,LOC_00084,Night,130,0,0.0,8.5,Completed
PROD_0149043,2022-04-04,MACH_000986,PROD_04467,LOC_00030,Morning,384,2,0.0052,2.0,Completed
PROD_0056541,2023-11-28,MACH_000715,PROD_00487,LOC_00231,Night,83,3,0.0361,3.32,In Progress
PROD_0195659,2021-12-30,MACH_001354,PROD_03995,LOC_00106,Evening,314,4,0.0127,10.06,Completed
PROD_0247405,2025-09-05,MACH_000667,PROD_03348,LOC_00181,Night,319,14,0.0439,10.09,In Progress
PROD_0062716,2025-04-02,MACH_000434,PROD_01670,LOC_00083,Morning,242,2,0.0083,4.75,Failed
PROD_0054096,2026-03-26,MACH_000675,PROD_03100,LOC_00244,Evening,274,12,0.0438,4.54,UNKNOWN
PROD_0142672,2026-03-07,MACH_000927,PROD_01531,LOC_00044,Evening,165,1,0.0061,4.05,Completed
PROD_0258126,2021-01-16,MACH_001150,PROD_00571,LOC_00011,Evening,360,8,0.0222,2.99,Completed
PROD_0070453,2023-04-27,MACH_001433,PROD_02198,LOC_00169,Evening,236,8,0.0339,5.81,UNKNOWN
PROD_0251037,2022-10-11,MACH_000477,PROD_03107,LOC_00138,Evening,88,1,0.0114,11.03,UNKNOWN
PROD_0211702,2022-02-08,MACH_001351,PROD_01373,LOC_00145,Evening,62,1,0.0161,6.11,Completed
PROD_0061682,2023-01-05,MACH_000635,PROD_02281,LOC_00096,Evening,125,4,0.032,3.71,Completed
PROD_0190482,2022-06-22,MACH_000274,PROD_02187,LOC_00075,Night,474,10,0.0211,4.75,Completed
PROD_0121380,2023-04-09,MACH_000649,PROD_02084,LOC_00125,Morning,461,18,0.039,11.5,Completed
PROD_0108900,2021-02-14,MACH_000303,PROD_03693,LOC_00060,Evening,347,11,0.0317,6.25,In Progress
PROD_0159126,2021-11-27,MACH_001143,PROD_00921,LOC_00039,Evening,432,13,0.0301,5.79,Completed
PROD_0274430,2025-10-22,MACH_001297,PROD_00652,LOC_00125,Evening,147,5,0.034,11.05,Completed
PROD_0113912,2022-08-03,MACH_000511,PROD_04949,LOC_00109,Night,109,4,0.0367,6.75,Completed
PROD_0279976,2024-01-10,MACH_000794,PROD_03683,LOC_00074,Night,113,1,0.0088,9.26,Completed
PROD_0191269,2025-09-28,MACH_001341,PROD_02153,LOC_00220,Night,305,9,0.0295,11.41,Failed
PROD_0176197,2024-02-28,MACH_001092,PROD_04770,LOC_00085,Morning,162,3,0.0185,11.41,Completed
PROD_0187159,2023-03-17,MACH_001304,PROD_01393,LOC_00158,Evening,484,3,0.0062,6.29,Completed
PROD_0084427,2021-12-01,MACH_000185,PROD_00238,LOC_00011,Morning,230,9,0.0391,8.38,Completed
PROD_0184196,2025-01-24,MACH_000380,PROD_04335,LOC_00063,Night,488,21,0.043,8.04,Completed
PROD_0098228,2022-05-02,MACH_000809,PROD_01727,LOC_00020,Morning,168,3,0.0179,2.78,Completed
PROD_0188743,2026-02-20,MACH_000339,PROD_01090,LOC_00038,Morning,116,1,0.0086,7.71,Completed
PROD_0005794,2023-11-23,MACH_000878,PROD_01369,LOC_00219,Evening,59,0,0.0,4.06,Completed
PROD_0096623,2021-12-03,MACH_000800,PROD_02794,LOC_00031,Night,463,14,0.0302,7.68,Completed
PROD_0143485,2023-11-15,MACH_000300,PROD_03594,LOC_00010,Evening,185,8,0.0432,6.05,UNKNOWN
PROD_0079909,2023-03-07,MACH_000263,PROD_02320,LOC_00011,Evening,366,3,0.0082,9.34,Completed
PROD_0265354,2022-04-24,MACH_001442,PROD_01218,LOC_00037,Evening,292,3,0.0103,11.4,Completed
PROD_0032884,2023-12-05,MACH_000445,PROD_01543,LOC_00073,Night,386,7,0.0181,8.62,Completed
PROD_0134264,2022-03-26,MACH_001335,PROD_02624,LOC_00118,Evening,350,9,0.0257,2.43,Completed
PROD_0088987,2024-10-06,MACH_000309,PROD_00108,LOC_00104,Night,275,8,0.0291,9.56,Completed
PROD_0275864,2024-03-08,MACH_001412,PROD_02910,LOC_00197,Night,343,7,0.0204,11.3,Completed
PROD_0205816,2024-10-02,MACH_000185,PROD_03588,LOC_00008,Night,335,13,0.0388,9.08,Completed
PROD_0193526,2021-08-21,MACH_001129,PROD_01148,LOC_00241,Night,91,3,0.033,7.54,Completed
PROD_0186484,2025-06-14,MACH_001187,PROD_02997,LOC_00112,Morning,62,1,0.0161,6.76,UNKNOWN
PROD_0245657,2025-09-22,MACH_000705,PROD_02012,LOC_00146,Morning,53,1,0.0189,6.77,Completed
PROD_0243487,2026-01-17,MACH_000687,PROD_01561,LOC_00248,Morning,487,16,0.0329,9.74,Completed
PROD_0071112,2025-02-13,MACH_000678,PROD_01728,LOC_00211,Morning,304,11,0.0362,9.68,Completed
PROD_0113624,2021-09-19,MACH_000239,PROD_03549,LOC_00179,Evening,195,1,0.0051,11.31,Completed
PROD_0179632,2023-05-04,MACH_001331,PROD_00385,LOC_00010,Morning,256,3,0.0117,11.02,Completed
PROD_0199533,2023-07-13,MACH_000948,PROD_01383,LOC_00082,Evening,151,0,0.0,10.89,Completed
PROD_0080584,2025-09-07,MACH_000631,PROD_04661,LOC_00204,Morning,453,0,0.0,6.63,UNKNOWN
PROD_0186990,2024-12-10,MACH_001432,PROD_04574,LOC_00113,Morning,216,5,0.0231,11.85,UNKNOWN
PROD_0073775,2021-05-05,MACH_000888,PROD_02723,LOC_00047,Morning,426,9,0.0211,8.18,Completed
PROD_0135200,2021-01-19,MACH_000461,PROD_00997,LOC_00015,Morning,242,7,0.0289,11.24,Completed
PROD_0101110,2021-12-15,MACH_000448,PROD_03654,LOC_00183,Night,435,8,0.0184,9.18,Failed
PROD_0060851,2025-03-08,MACH_000817,PROD_04401,LOC_00096,Night,320,3,0.0094,11.52,Completed
PROD_0141645,2024-03-08,MACH_000500,PROD_01735,LOC_00195,Evening,120,5,0.0417,11.89,Completed
PROD_0263698,2024-06-30,MACH_001416,PROD_00259,LOC_00211,Morning,81,1,0.0123,3.23,In Progress
PROD_0240218,2025-07-01,MACH_000297,PROD_00158,LOC_00117,Morning,339,11,0.0324,7.33,In Progress
PROD_0050952,2025-11-27,MACH_000993,PROD_03490,LOC_00249,Evening,201,2,0.01,8.76,Completed
PROD_0101705,2024-06-03,MACH_000176,PROD_00645,LOC_00113,Night,204,7,0.0343,5.38,Completed
PROD_0152557,2024-10-04,MACH_001289,PROD_03131,LOC_00199,Night,184,5,0.0272,7.91,Completed
PROD_0248484,2024-02-17,MACH_000877,PROD_02356,LOC_00029,Evening,84,3,0.0357,4.87,Completed
PROD_0125832,2021-02-01,MACH_000978,PROD_01733,LOC_00207,Evening,397,9,0.0227,11.76,Failed
PROD_0207535,2023-11-15,MACH_000898,PROD_02028,LOC_00022,Night,266,6,0.0226,4.08,Completed
PROD_0125228,2023-02-28,MACH_000802,PROD_01763,LOC_00078,Morning,131,1,0.0076,8.34,Completed
PROD_0014933,2024-10-18,MACH_001249,PROD_02935,LOC_00156,Morning,209,9,0.0431,11.76,Completed
PROD_0197748,2021-06-26,MACH_001483,PROD_00346,LOC_00094,Night,343,10,0.0292,8.91,In Progress
PROD_0094290,2024-05-13,MACH_000170,PROD_00771,LOC_00244,Evening,60,0,0.0,3.84,Completed
PROD_0264799,2026-04-27,MACH_000707,PROD_02550,LOC_00008,Evening,352,9,0.0256,6.94,Completed
PROD_0262014,2023-02-14,MACH_001214,PROD_03881,LOC_00185,Night,63,2,0.0317,5.11,Completed
PROD_0024214,2021-01-21,MACH_000707,PROD_00413,LOC_00058,Evening,370,1,0.0027,11.64,Completed
PROD_0242016,2026-02-18,MACH_000613,PROD_00823,LOC_00063,Night,454,20,0.0441,9.0,Completed
PROD_0276610,2024-12-04,MACH_000843,PROD_01069,LOC_00006,Evening,490,6,0.0122,5.69,Completed
PROD_0163569,2024-01-11,MACH_000736,PROD_01028,LOC_00047,Night,391,1,0.0026,5.12,Completed
PROD_0186244,2023-04-23,MACH_001158,PROD_00730,LOC_00125,Evening,192,8,0.0417,3.85,Completed
PROD_0049543,2021-01-30,MACH_001281,PROD_00059,LOC_00010,Evening,167,4,0.024,2.86,Completed
PROD_0032263,2023-10-20,MACH_001396,PROD_04313,LOC_00249,Night,149,4,0.0268,7.97,UNKNOWN
PROD_0108223,2026-06-05,MACH_001177,PROD_00461,LOC_00168,Night,53,1,0.0189,3.94,Completed
PROD_0175633,2021-07-07,MACH_001356,PROD_02084,LOC_00026,Night,119,4,0.0336,2.4,Completed
PROD_0113288,2022-04-12,MACH_001353,PROD_04460,LOC_00059,Morning,376,15,0.0399,10.35,Completed
PROD_0113896,2023-06-23,MACH_001398,PROD_00078,LOC_00075,Night,206,3,0.0146,5.61,Completed
PROD_0089342,2023-05-20,MACH_001213,PROD_03675,LOC_00169,Evening,55,1,0.0182,7.21,Failed
PROD_0010916,2023-04-26,MACH_000383,PROD_01605,LOC_00114,Night,246,10,0.0407,11.41,Completed
PROD_0096525,2024-05-15,MACH_000560,PROD_03117,LOC_00116,Morning,112,0,0.0,10.73,Completed
PROD_0175147,2023-09-20,MACH_000081,PROD_01697,LOC_00191,Morning,348,13,0.0374,7.07,Completed
PROD_0180489,2023-09-27,MACH_000183,PROD_02713,LOC_00144,Night,252,9,0.0357,5.71,Completed
PROD_0278439,2023-02-22,MACH_000122,PROD_04157,LOC_00098,Evening,142,6,0.0423,5.86,Completed
PROD_0184846,2021-08-27,MACH_000431,PROD_02205,LOC_00216,Evening,341,0,0.0,7.42,Completed
PROD_0208420,2025-11-06,MACH_000669,PROD_02254,LOC_00153,Morning,324,14,0.0432,4.54,Completed
PROD_0062065,2023-12-18,MACH_000251,PROD_01583,LOC_00021,Morning,197,0,0.0,9.92,Completed
PROD_0203413,2022-12-26,MACH_001482,PROD_04496,LOC_00151,Evening,82,2,0.0244,11.76,Completed
PROD_0154446,2023-06-01,MACH_000537,PROD_00774,LOC_00146,Morning,447,11,0.0246,11.82,Completed
PROD_0062043,2025-04-04,MACH_001401,PROD_04211,LOC_00247,Evening,404,11,0.0272,8.71,Completed
PROD_0026898,2021-04-26,MACH_000813,PROD_01758,LOC_00072,Night,336,4,0.0119,2.73,Completed
PROD_0228945,2025-09-18,MACH_000929,PROD_04607,LOC_00208,Night,451,13,0.0288,2.15,Failed
PROD_0132757,2025-09-13,MACH_000880,PROD_02841,LOC_00109,Evening,364,14,0.0385,3.17,Completed
PROD_0284140,2026-03-09,MACH_000449,PROD_04259,LOC_00129,Evening,241,2,0.0083,7.47,UNKNOWN
PROD_0207880,2025-10-19,MACH_000561,PROD_03075,LOC_00149,Morning,474,13,0.0274,8.18,Completed
PROD_0162937,2024-08-25,MACH_000717,PROD_00377,LOC_00108,Night,158,0,0.0,5.44,Completed
PROD_0026964,2021-03-29,MACH_001257,PROD_04557,LOC_00197,Night,322,15,0.0466,4.02,Completed
PROD_0039743,2025-01-11,MACH_000351,PROD_00192,LOC_00119,Morning,360,4,0.0111,7.61,Completed
PROD_0176597,2024-05-27,MACH_000335,PROD_01020,LOC_00060,Morning,318,3,0.0094,4.86,Completed
PROD_0152029,2025-10-12,MACH_000932,PROD_03871,LOC_00064,Night,349,6,0.0172,8.08,Completed
PROD_0071301,2026-06-15,MACH_000011,PROD_04569,LOC_00194,Evening,486,17,0.035,2.06,Completed
PROD_0216967,2021-12-16,MACH_000972,PROD_01349,LOC_00056,Night,89,1,0.0112,6.8,Completed
PROD_0211712,2021-06-20,MACH_000389,PROD_00057,LOC_00157,Night,464,21,0.0453,9.42,In Progress
PROD_0226399,2025-11-03,MACH_000252,PROD_03358,LOC_00207,Morning,218,1,0.0046,2.58,Completed
PROD_0052646,2025-03-09,MACH_000181,PROD_02093,LOC_00028,Night,435,7,0.0161,10.86,Completed
PROD_0273599,2025-01-23,MACH_000630,PROD_03904,LOC_00216,Night,130,3,0.0231,4.17,Completed
PROD_0212124,2021-01-21,MACH_000417,PROD_02174,LOC_00206,Evening,163,2,0.0123,7.86,UNKNOWN
PROD_0019467,2024-08-02,MACH_001039,PROD_00777,LOC_00004,Night,498,13,0.0261,5.63,Failed
PROD_0011052,2026-05-22,MACH_001474,PROD_01556,LOC_00119,Night,204,8,0.0392,4.03,Completed
PROD_0296287,2025-10-28,MACH_000399,PROD_00584,LOC_00023,Morning,393,3,0.0076,5.49,Completed
PROD_0010289,2021-10-05,MACH_000293,PROD_00114,LOC_00197,Night,143,6,0.042,9.71,Completed
PROD_0094027,2023-08-21,MACH_000536,PROD_04019,LOC_00013,Night,460,17,0.037,7.3,Completed
PROD_0028824,2021-08-21,MACH_000542,PROD_02501,LOC_00167,Night,120,4,0.0333,4.31,Completed
PROD_0052579,2023-08-18,MACH_001099,PROD_01741,LOC_00076,Morning,176,7,0.0398,6.72,Completed
PROD_0273756,2026-02-03,MACH_000707,PROD_00314,LOC_00182,Evening,166,4,0.0241,7.42,Completed
PROD_0297134,2021-06-16,MACH_000111,PROD_02691,LOC_00215,Morning,60,1,0.0167,4.65,Completed
PROD_0132762,2025-11-10,MACH_001058,PROD_03002,LOC_00249,Night,489,4,0.0082,9.43,Completed
PROD_0116262,2023-05-24,MACH_000445,PROD_02018,LOC_00100,Evening,326,14,0.0429,10.97,Completed
PROD_0030229,2025-02-06,MACH_000457,PROD_03653,LOC_00063,Night,276,6,0.0217,4.26,Completed
PROD_0267163,2021-07-11,MACH_000114,PROD_04681,LOC_00059,Night,224,2,0.0089,6.13,Completed
PROD_0024342,2026-01-27,MACH_000284,PROD_01303,LOC_00056,Evening,385,0,0.0,9.67,Completed
PROD_0161443,2025-08-03,MACH_000849,PROD_03323,LOC_00036,Night,309,1,0.0032,9.18,Completed
PROD_0224781,2025-03-13,MACH_001498,PROD_00282,LOC_00238,Morning,447,3,0.0067,11.61,In Progress
PROD_0253202,2021-04-30,MACH_000010,PROD_03135,LOC_00014,Night,259,0,0.0,6.4,Completed
PROD_0285523,2025-03-30,MACH_001376,PROD_01034,LOC_00193,Evening,98,1,0.0102,10.79,Completed
PROD_0059662,2021-09-01,MACH_001086,PROD_04215,LOC_00122,Evening,274,10,0.0365,4.53,Completed
PROD_0131106,2025-03-14,MACH_001017,PROD_02173,LOC_00233,Morning,483,2,0.0041,11.14,Completed
PROD_0071554,2021-06-09,MACH_001093,PROD_00502,LOC_00089,Evening,335,1,0.003,7.01,Completed
PROD_0230856,2022-08-15,MACH_001329,PROD_00449,LOC_00007,Morning,336,1,0.003,3.0,Completed
PROD_0285568,2022-11-12,MACH_000426,PROD_04260,LOC_00178,Night,423,8,0.0189,8.43,In Progress
PROD_0145369,2024-11-28,MACH_000746,PROD_04840,LOC_00244,Morning,87,2,0.023,9.35,Completed
PROD_0286239,2023-02-03,MACH_001372,PROD_02726,LOC_00165,Morning,306,10,0.0327,6.57,Completed
PROD_0201790,2023-10-14,MACH_000460,PROD_04505,LOC_00143,Night,349,15,0.043,7.87,UNKNOWN
PROD_0257648,2024-09-13,MACH_001135,PROD_01731,LOC_00170,Night,267,10,0.0375,3.37,Completed
PROD_0299470,2021-08-12,MACH_001191,PROD_01973,LOC_00181,Morning,257,4,0.0156,3.75,Completed
PROD_0058341,2025-03-12,MACH_000073,PROD_02514,LOC_00128,Morning,139,2,0.0144,8.43,Completed
PROD_0135063,2021-01-16,MACH_000580,PROD_03839,LOC_00119,Evening,357,16,0.0448,9.4,Completed
PROD_0197462,2024-06-02,MACH_000452,PROD_02899,LOC_00193,Night,404,10,0.0248,6.26,Completed
PROD_0131254,2023-04-09,MACH_000541,PROD_04112,LOC_00101,Evening,497,11,0.0221,4.14,Completed
PROD_0200665,2025-05-12,MACH_001364,PROD_00648,LOC_00200,Night,206,0,0.0,3.87,In Progress
PROD_0195609,2023-12-04,MACH_000198,PROD_03043,LOC_00050,Morning,248,4,0.0161,10.64,UNKNOWN
PROD_0110728,2024-03-04,MACH_000102,PROD_00355,LOC_00065,Night,411,2,0.0049,9.58,Completed
PROD_0178396,2025-05-20,MACH_000181,PROD_00412,LOC_00160,Evening,471,21,0.0446,2.65,Completed
PROD_0254285,2021-03-28,MACH_000543,PROD_03052,LOC_00190,Night,287,9,0.0314,6.7,Completed
PROD_0030597,2021-04-03,MACH_000402,PROD_01550,LOC_00099,Night,90,3,0.0333,8.85,Completed
PROD_0030318,2025-04-13,MACH_000659,PROD_01133,LOC_00042,Night,56,0,0.0,7.81,Completed
PROD_0180763,2025-01-16,MACH_000029,PROD_02031,LOC_00007,Night,397,1,0.0025,11.9,Completed
PROD_0059953,2024-07-21,MACH_000953,PROD_01844,LOC_00031,Morning,274,12,0.0438,11.74,Completed
PROD_0144729,2024-04-21,MACH_001382,PROD_04095,LOC_00202,Night,383,8,0.0209,9.96,Completed
PROD_0265224,2021-03-08,MACH_000897,PROD_00481,LOC_00169,Morning,449,0,0.0,11.65,Completed
PROD_0270330,2022-06-28,MACH_000132,PROD_00818,LOC_00248,Evening,205,0,0.0,11.45,Completed
PROD_0251294,2024-05-24,MACH_000531,PROD_04600,LOC_00085,Morning,354,7,0.0198,4.01,Completed
PROD_0018622,2024-07-13,MACH_001013,PROD_04840,LOC_00179,Morning,186,0,0.0,9.21,Completed
