transaction_id,customer_id,product_id,location_id,transaction_date,quantity,unit_price,discount_percentage,revenue,sales_channel
TXN_00104242,CUST_014540,PROD_04072,LOC_0009,2023-04-02,9,4306.71,10.0,34884.35,Partner
TXN_00199677,CUST_012853,PROD_03165,LOC_0082,2024-07-09,5,2243.61,20.0,8974.44,Partner
TXN_00140200,CUST_015778,PROD_00006,LOC_0193,2023-11-12,13,1872.25,10.0,21905.32,Partner
TXN_00132815,CUST_037227,PROD_03415,LOC_0209,2023-10-06,9,3624.27,0.0,32618.43,Retail
TXN_00408698,CUST_017384,PROD_00795,LOC_0161,2022-06-28,1,6991.21,20.0,5592.97,Online
TXN_00163281,CUST_035130,PROD_01567,LOC_0102,2025-05-22,11,6685.06,0.0,73535.66,Direct Sales
TXN_00215759,CUST_047671,PROD_00541,LOC_0150,2022-08-08,3,6172.26,20.0,14813.42,Direct Sales
TXN_00442317,CUST_049261,PROD_01130,LOC_0082,2024-11-27,12,1011.24,0.0,12134.88,Online
TXN_00006941,CUST_024750,PROD_01099,LOC_0099,2023-11-25,10,6360.85,0.0,63608.5,Online
TXN_00382311,CUST_046357,PROD_02104,LOC_0054,2024-07-14,10,7701.7,10.0,69315.3,Online
TXN_00472237,CUST_034851,PROD_03459,LOC_0234,2022-09-24,6,3420.98,10.0,18473.29,Partner
TXN_00309087,CUST_030676,PROD_00648,LOC_0015,2022-10-18,3,4069.12,0.0,12207.36,Direct Sales
TXN_00230673,CUST_023991,PROD_01351,LOC_0228,2021-06-16,9,8856.22,5.0,75720.68,Partner
TXN_00209237,CUST_015836,PROD_03816,LOC_0174,2023-01-13,16,1021.88,5.0,15532.58,Partner
TXN_00102954,CUST_006763,PROD_00382,LOC_0096,2025-02-15,15,7027.53,20.0,84330.36,Online
TXN_00419700,CUST_038641,PROD_02883,LOC_0137,2022-09-26,5,4713.12,5.0,22387.32,Direct Sales
TXN_00081781,CUST_027795,PROD_02982,LOC_0153,2024-08-18,4,6315.65,15.0,21473.21,Online
TXN_00274642,CUST_019841,PROD_03702,LOC_0109,2021-09-16,15,6205.02,5.0,88421.54,Online
TXN_00133795,CUST_007778,PROD_01245,LOC_0247,2024-05-15,11,7598.48,20.0,66866.62,Online
TXN_00230533,CUST_012929,PROD_01458,LOC_0158,2024-06-26,9,9163.46,15.0,70100.47,Online
TXN_00305857,CUST_034054,PROD_00609,LOC_0019,2025-02-13,4,5464.83,20.0,17487.46,Partner
TXN_00194412,,PROD_04298,LOC_0002,2023-03-30,14,4101.42,15.0,48806.9,Retail
TXN_00173648,CUST_007006,PROD_00208,LOC_0096,2023-08-24,4,8308.36,10.0,29910.1,Direct Sales
TXN_00076147,CUST_013132,PROD_02477,LOC_0056,2023-01-22,3,3838.13,10.0,10362.95,Partner
TXN_00452805,CUST_027450,PROD_01100,LOC_0193,2023-12-10,7,6739.94,5.0,44820.6,Retail
TXN_00119496,CUST_016051,PROD_00928,LOC_0033,2021-07-11,11,2062.32,15.0,19282.69,Online
TXN_00003750,CUST_047582,PROD_00559,LOC_0093,2025-04-05,12,2448.22,10.0,26440.78,Online
TXN_00158068,CUST_048304,PROD_01069,LOC_0010,2021-06-02,13,933.85,20.0,9712.04,Partner
TXN_00423414,CUST_018947,PROD_03868,LOC_0101,2023-05-14,12,1382.45,20.0,13271.52,Partner
TXN_00255716,CUST_012493,PROD_03756,LOC_0226,2023-12-15,18,7635.32,0.0,137435.76,Partner
TXN_00081048,CUST_039994,PROD_03249,LOC_0239,2026-01-01,6,437.94,0.0,2627.64,Retail
TXN_00259442,CUST_021235,PROD_00618,LOC_0244,2022-10-09,14,3931.87,15.0,46789.25,Direct Sales
TXN_00226643,CUST_019660,PROD_00292,LOC_0168,2025-06-15,2,5384.48,5.0,10230.51,Retail
TXN_00080409,CUST_013311,PROD_01013,LOC_0115,2026-05-26,17,5337.0,15.0,77119.65,Direct Sales
TXN_00179266,CUST_009387,PROD_01163,LOC_0151,2026-01-23,13,8222.41,0.0,106891.33,Retail
TXN_00429382,CUST_037379,PROD_02873,LOC_0177,2024-08-20,12,8750.67,15.0,89256.83,Retail
TXN_00443376,CUST_038298,PROD_02116,LOC_0029,2021-09-20,19,4378.72,20.0,66556.54,Partner
TXN_00136653,CUST_045081,PROD_00288,LOC_0244,2021-12-19,4,9455.79,20.0,30258.53,Retail
TXN_00447626,CUST_000359,PROD_00929,LOC_0123,2022-03-03,1,6035.03,5.0,5733.28,Partner
TXN_00263902,CUST_033646,PROD_02580,LOC_0096,2024-12-07,11,301.98,15.0,2823.51,Direct Sales
TXN_00340120,CUST_021993,PROD_02181,LOC_0077,2024-02-24,16,8195.47,20.0,104902.02,Online
TXN_00043172,CUST_045636,PROD_01263,LOC_0018,2023-10-17,4,3704.37,0.0,14817.48,Direct Sales
TXN_00246412,CUST_020058,PROD_04521,LOC_0220,2024-05-13,3,6065.37,20.0,14556.89,Retail
TXN_00314882,CUST_020846,PROD_03618,LOC_0132,2024-04-21,19,5112.58,0.0,97139.02,Partner
TXN_00302088,CUST_028700,PROD_00887,LOC_0118,2025-04-06,15,7585.61,20.0,91027.32,Retail
TXN_00186083,CUST_028900,PROD_03872,LOC_0064,2021-06-01,12,141.15,10.0,1524.42,Partner
TXN_00148767,CUST_028177,PROD_01280,LOC_0115,2022-10-16,14,9167.16,10.0,115506.22,Partner
TXN_00319416,CUST_037973,PROD_01844,LOC_0234,2025-02-08,3,3847.43,0.0,11542.29,Direct Sales
TXN_00086173,CUST_026405,PROD_01343,LOC_0053,2025-12-18,16,7896.32,10.0,113707.01,Partner
TXN_00133648,CUST_039354,PROD_02243,LOC_0235,2024-09-08,18,2442.84,20.0,35176.9,Partner
TXN_00259271,CUST_002532,PROD_02037,LOC_0140,2025-02-26,11,3541.47,15.0,33112.74,Retail
TXN_00232596,CUST_014095,PROD_00874,LOC_0212,2022-09-27,11,5173.35,15.0,48370.82,Retail
TXN_00214740,CUST_045498,PROD_03433,LOC_0215,2022-08-28,18,3368.29,10.0,54566.3,Online
TXN_00397925,CUST_021680,PROD_02037,LOC_0112,2024-11-15,12,9382.15,10.0,101327.22,Partner
TXN_00099407,CUST_014473,PROD_01859,LOC_0001,2024-12-08,7,1566.4,20.0,8771.84,Partner
TXN_00230884,CUST_021636,PROD_04377,LOC_0116,2022-10-06,1,119.61,15.0,101.67,Online
TXN_00261174,CUST_010427,PROD_02620,LOC_0235,2024-01-05,9,4452.54,5.0,38069.22,Online
TXN_00479492,,PROD_01262,LOC_0108,2024-08-02,8,6161.81,5.0,46829.76,Online
TXN_00462672,CUST_042790,PROD_00930,LOC_0144,2021-03-23,10,1650.18,0.0,16501.8,Online
TXN_00224949,CUST_023829,PROD_02244,LOC_0203,2022-02-14,14,3602.6,20.0,40349.12,Partner
TXN_00421374,CUST_028569,PROD_03846,LOC_0093,2024-01-06,-1,3461.82,10.0,56081.48,Online
TXN_00378075,CUST_042976,PROD_01562,LOC_0241,2021-02-17,16,4744.19,5.0,72111.69,Online
TXN_00284121,CUST_006532,PROD_01465,LOC_0074,2021-11-11,13,2276.39,15.0,25154.11,Partner
TXN_00107866,CUST_023535,PROD_04756,LOC_0032,2021-04-12,18,4687.76,15.0,71722.73,Partner
TXN_00137413,CUST_003148,PROD_04392,LOC_0232,2022-10-08,1,5537.88,20.0,4430.3,Partner
TXN_00100204,CUST_013866,PROD_04085,LOC_0188,2021-11-03,9,9347.96,10.0,75718.48,Retail
TXN_00285815,CUST_007291,PROD_03636,LOC_0019,2025-12-28,6,8009.81,5.0,45655.92,Partner
TXN_00168012,CUST_006162,PROD_04476,LOC_0114,2023-05-24,9,7082.3,20.0,50992.56,Online
TXN_00159581,CUST_013983,PROD_01820,LOC_0058,2023-09-25,5,9871.65,5.0,46890.34,Retail
TXN_00490936,CUST_003150,PROD_03914,LOC_0098,2021-02-22,9,231.0,10.0,1871.1,Retail
TXN_00059417,CUST_029809,PROD_04582,LOC_0168,2026-03-30,16,9776.69,15.0,132962.98,Retail
TXN_00251204,CUST_027842,PROD_02844,LOC_0227,2022-04-02,18,7896.25,0.0,142132.5,Partner
TXN_00483961,CUST_011981,PROD_02720,LOC_0174,2025-01-15,15,4970.0,0.0,74550.0,Partner
TXN_00128701,CUST_013244,PROD_02406,LOC_0014,2024-03-31,19,8038.54,5.0,145095.65,Direct Sales
TXN_00425411,CUST_034738,PROD_00216,LOC_0005,2024-02-21,17,194.81,5.0,3146.18,Online
TXN_00292871,CUST_006068,PROD_04369,LOC_0047,2021-10-30,16,5655.18,5.0,85958.74,Partner
TXN_00024188,CUST_000949,PROD_00828,LOC_0089,2022-04-04,2,3383.13,10.0,6089.63,Direct Sales
TXN_00314266,CUST_005766,PROD_00702,LOC_0205,2022-03-18,6,494.67,5.0,2819.62,Partner
TXN_00232499,CUST_029932,PROD_00089,LOC_0094,2023-10-31,15,6322.67,0.0,94840.05,Online
TXN_00451683,CUST_045204,PROD_01461,LOC_0177,2024-02-04,9,3788.8,10.0,30689.28,Online
TXN_00291520,CUST_034759,PROD_02752,LOC_0187,2025-12-08,4,5496.71,15.0,18688.81,Direct Sales
TXN_00020766,CUST_027482,PROD_01510,LOC_0148,2021-11-29,11,9149.41,0.0,100643.51,Partner
TXN_00109210,CUST_035030,PROD_03675,LOC_0203,2023-10-09,8,1945.75,15.0,13231.1,Retail
TXN_00279506,CUST_024981,PROD_04959,LOC_0009,2024-09-09,13,1199.12,5.0,14809.13,Partner
TXN_00417937,CUST_003462,PROD_03986,LOC_0132,2024-12-14,19,2913.19,5.0,52583.08,Direct Sales
TXN_00052934,CUST_005430,PROD_04690,LOC_0126,2023-06-28,8,9634.29,0.0,77074.32,Partner
TXN_00233367,CUST_029619,PROD_04507,LOC_0125,2021-09-11,16,6738.29,5.0,102422.01,Direct Sales
TXN_00005970,CUST_039343,PROD_03729,LOC_0167,2026-04-02,6,5224.78,5.0,29781.25,Partner
TXN_00206188,,PROD_03330,LOC_0015,2021-01-10,15,9855.76,5.0,140444.58,Online
TXN_00172888,CUST_027437,PROD_02229,LOC_0116,2021-07-02,17,7998.87,10.0,122382.71,Direct Sales
TXN_00393805,CUST_033663,PROD_03100,LOC_0206,2021-08-05,10,1462.45,20.0,11699.6,Retail
TXN_00378514,,PROD_01990,LOC_0109,2022-08-19,8,8539.05,15.0,58065.54,Direct Sales
TXN_00038385,CUST_049607,PROD_04168,LOC_0105,2021-11-12,13,3341.47,0.0,43439.11,Partner
TXN_00127577,CUST_038970,PROD_04735,LOC_0249,2021-06-06,14,5156.85,5.0,68586.11,Retail
TXN_00428203,CUST_039574,PROD_04987,LOC_0157,2022-08-24,17,8391.03,5.0,135515.13,Direct Sales
TXN_00018637,CUST_025013,PROD_03409,LOC_0063,2024-08-27,13,7530.25,15.0,83209.26,Direct Sales
TXN_00297828,CUST_025877,PROD_02736,LOC_0087,2022-12-01,6,1076.5,10.0,5813.1,Retail
TXN_00204337,CUST_007023,PROD_03319,LOC_0068,2025-05-28,13,9063.77,0.0,117829.01,Retail
TXN_00334902,CUST_023215,PROD_03467,LOC_0215,2021-09-16,11,8784.38,10.0,86965.36,Partner
TXN_00196565,CUST_043342,PROD_03515,LOC_0093,2024-07-25,8,2003.12,15.0,13621.22,Direct Sales
TXN_00208706,CUST_030660,PROD_04953,LOC_0064,2025-01-05,16,9618.52,10.0,138506.69,Partner
TXN_00409743,CUST_009944,PROD_03642,LOC_0093,2023-09-02,18,3408.44,0.0,61351.92,Retail
TXN_00135579,CUST_011407,PROD_03975,LOC_0046,2022-02-14,14,2661.37,15.0,31670.3,Partner
TXN_00213421,CUST_028542,PROD_04135,LOC_0220,2025-01-07,2,5263.06,15.0,8947.2,Direct Sales
TXN_00371803,CUST_002438,PROD_01167,LOC_0141,2024-02-07,7,6252.21,10.0,39388.92,Retail
TXN_00057332,CUST_037716,PROD_01369,LOC_0034,2025-08-31,8,903.57,0.0,7228.56,Direct Sales
TXN_00453047,CUST_011193,PROD_04019,LOC_0191,2025-01-24,9,2190.1,20.0,15768.72,Retail
TXN_00438355,CUST_006561,PROD_02442,LOC_0073,2021-07-24,15,6860.87,5.0,97767.4,Partner
TXN_00017720,CUST_001311,PROD_01973,LOC_0132,2023-05-09,4,5672.79,20.0,18152.93,Partner
TXN_00073915,CUST_040098,PROD_03745,LOC_0082,2021-04-13,8,7177.13,5.0,54546.19,Online
TXN_00324344,CUST_049671,PROD_01197,LOC_0086,2026-04-17,7,5673.26,15.0,33755.9,Partner
TXN_00118933,CUST_040990,PROD_02127,LOC_0009,2021-12-02,18,5363.75,20.0,77238.0,Partner
TXN_00433005,CUST_024938,PROD_01212,LOC_0044,2025-12-08,6,4506.66,20.0,21631.97,Retail
TXN_00466758,CUST_029788,PROD_00075,LOC_0115,2024-07-07,14,8873.17,0.0,124224.38,Partner
TXN_00306896,CUST_047419,PROD_04437,LOC_0128,2022-08-15,8,3864.95,20.0,24735.68,Retail
TXN_00286330,CUST_017783,PROD_03800,LOC_0246,2024-08-14,13,7739.1,20.0,80486.64,Partner
TXN_00034473,CUST_045072,PROD_00139,LOC_0087,2025-02-06,17,5610.78,20.0,76306.61,Online
TXN_00318162,CUST_018222,PROD_01643,LOC_0104,2022-02-13,7,4796.88,0.0,33578.16,Retail
TXN_00174547,CUST_046631,PROD_01738,LOC_0070,2021-06-14,6,8857.5,0.0,53145.0,Online
TXN_00135081,CUST_043105,PROD_00863,LOC_0238,2024-02-19,19,1632.98,10.0,27923.96,Direct Sales
TXN_00433438,CUST_007829,PROD_02429,LOC_0237,2026-06-09,19,2589.88,20.0,39366.18,Retail
TXN_00082606,CUST_012597,PROD_04533,LOC_0174,2024-05-17,7,3849.53,15.0,22904.7,Partner
TXN_00389671,CUST_034263,PROD_02515,LOC_0079,2026-05-04,7,7777.92,15.0,46278.62,Online
TXN_00432423,CUST_034851,PROD_01054,LOC_0091,2023-04-26,2,3133.74,0.0,6267.48,Partner
TXN_00194801,CUST_043798,PROD_04657,LOC_0189,2022-06-14,7,7218.82,5.0,48005.15,Direct Sales
TXN_00208453,CUST_010432,PROD_03249,LOC_0195,2023-09-06,3,2019.55,0.0,6058.65,Partner
TXN_00274369,CUST_010022,PROD_01074,LOC_0069,2022-03-13,12,8691.26,0.0,104295.12,Direct Sales
TXN_00467216,CUST_048364,PROD_02550,LOC_0049,2023-12-02,17,9494.25,20.0,129121.8,Online
TXN_00113810,CUST_014545,PROD_00191,LOC_0126,2022-11-10,2,9999.94,20.0,15999.9,Direct Sales
TXN_00336381,CUST_046584,PROD_02407,LOC_0210,2022-05-28,5,5381.42,10.0,24216.39,Direct Sales
TXN_00213765,CUST_013727,PROD_03862,LOC_0038,2024-07-08,16,7407.73,15.0,100745.13,Direct Sales
TXN_00016486,CUST_013134,PROD_03726,LOC_0080,2024-01-19,8,1543.49,15.0,10495.73,Partner
TXN_00144635,CUST_043947,PROD_03885,LOC_0154,2023-11-24,7,2393.46,20.0,13403.38,Retail
TXN_00165516,CUST_018416,PROD_02193,LOC_0025,2025-01-20,2,7138.97,0.0,14277.94,Partner
TXN_00406003,CUST_040049,PROD_02688,LOC_0106,2024-01-11,18,1385.72,0.0,24942.96,Partner
TXN_00260630,CUST_020991,PROD_00279,LOC_0027,2023-12-12,10,1565.34,20.0,12522.72,Online
TXN_00240691,CUST_025676,PROD_04173,LOC_0140,2021-04-13,1,1524.3,0.0,1524.3,Online
TXN_00268176,CUST_015946,PROD_02644,LOC_0045,2024-11-19,14,8880.93,15.0,105683.07,Online
TXN_00162557,CUST_028412,PROD_02550,LOC_0208,2022-03-10,14,9960.68,5.0,132477.04,Direct Sales
TXN_00117376,CUST_014811,PROD_00434,LOC_0199,2023-02-16,5,5877.39,10.0,26448.26,Retail
TXN_00128649,,PROD_03899,LOC_0153,2022-06-07,4,8033.51,0.0,32134.04,Online
TXN_00496938,CUST_037917,PROD_03847,LOC_0189,2024-01-17,14,135.76,20.0,1520.51,Partner
TXN_00133706,CUST_045552,PROD_04751,LOC_0136,2021-08-28,8,1504.93,15.0,10233.52,Online
TXN_00332366,CUST_036179,PROD_02391,LOC_0207,2025-12-12,3,2127.44,10.0,5744.09,Online
TXN_00136954,CUST_011468,PROD_02389,LOC_0158,2023-06-28,1,2567.58,0.0,2567.58,Direct Sales
TXN_00179040,CUST_005965,PROD_03039,LOC_0108,2024-04-11,8,2453.99,10.0,17668.73,Partner
TXN_00360606,CUST_000255,PROD_03174,LOC_0179,2023-02-25,17,4774.25,5.0,77104.14,Retail
TXN_00087091,CUST_006670,PROD_02814,LOC_0141,2025-01-20,9,3893.19,20.0,28030.97,Partner
TXN_00334754,CUST_040418,PROD_04298,LOC_0124,2024-03-05,9,821.14,15.0,6281.72,Online
TXN_00419797,CUST_031527,PROD_03253,LOC_0071,2022-05-25,12,3468.63,10.0,37461.2,Online
TXN_00072867,CUST_003722,PROD_01106,LOC_0134,2023-03-03,16,8234.86,20.0,105406.21,Partner
TXN_00102399,CUST_040268,PROD_02277,LOC_0029,2023-06-22,12,5159.15,5.0,58814.31,Partner
TXN_00322451,CUST_034026,PROD_03455,LOC_0238,2021-09-22,6,3322.95,0.0,19937.7,Online
TXN_00262574,CUST_024550,PROD_00545,LOC_0139,2026-01-24,10,3491.62,5.0,33170.39,Direct Sales
TXN_00162329,CUST_022727,PROD_00852,LOC_0196,2024-03-24,13,6983.04,5.0,86240.54,Direct Sales
TXN_00224654,CUST_025118,PROD_01862,LOC_0115,2025-05-12,14,6329.15,5.0,84177.7,Retail
TXN_00205553,CUST_028048,PROD_02708,LOC_0133,2023-12-26,8,1707.07,5.0,12973.73,Online
TXN_00388154,CUST_030033,PROD_04641,LOC_0126,2023-12-11,18,7837.71,0.0,141078.78,Partner
TXN_00458571,CUST_011974,PROD_00609,LOC_0010,2022-08-24,17,6671.27,15.0,96399.85,Online
TXN_00375363,CUST_043377,PROD_00397,LOC_0176,2024-07-03,19,2615.26,5.0,47205.44,Partner
TXN_00235479,CUST_002583,PROD_00590,LOC_0078,2023-10-20,2,4113.85,15.0,6993.54,Retail
TXN_00349148,CUST_026024,PROD_01272,LOC_0170,2025-06-10,19,6876.22,20.0,104518.54,Online
TXN_00248072,CUST_033856,PROD_02153,LOC_0245,2026-05-02,9,727.99,15.0,5569.12,Direct Sales
TXN_00457196,CUST_013562,PROD_04582,LOC_0177,2026-03-29,5,7705.84,5.0,36602.74,Direct Sales
TXN_00464562,CUST_047618,PROD_02159,LOC_0056,2024-03-17,15,1142.53,0.0,17137.95,Online
TXN_00457671,CUST_034428,PROD_04431,LOC_0037,2021-12-10,19,8761.55,5.0,158145.98,Online
TXN_00451860,CUST_019427,PROD_01290,LOC_0219,2024-05-23,5,1239.28,0.0,6196.4,Retail
TXN_00087924,CUST_013763,PROD_02802,LOC_0091,2025-09-20,16,9907.48,10.0,142667.71,Direct Sales
TXN_00409504,CUST_003057,PROD_03615,LOC_0177,2025-08-18,5,5552.99,20.0,22211.96,Online
TXN_00348970,,PROD_04150,LOC_0038,2022-04-19,-1,8689.21,5.0,82547.49,Direct Sales
TXN_00120951,CUST_008928,PROD_02081,LOC_0039,2021-05-12,11,8886.23,10.0,87973.68,Partner
TXN_00260204,CUST_034171,PROD_04076,LOC_0003,2024-06-11,11,4936.9,20.0,43444.72,Retail
TXN_00004089,CUST_019197,PROD_02822,LOC_0188,2024-07-08,13,6883.21,0.0,89481.73,Retail
TXN_00342985,CUST_049906,PROD_00598,LOC_0247,2023-09-16,6,8314.99,5.0,47395.44,Retail
TXN_00252230,CUST_024133,PROD_04817,LOC_0168,2024-06-06,14,5026.85,20.0,56300.72,Online
TXN_00011987,CUST_035506,PROD_00711,LOC_0087,2025-08-07,6,9624.96,15.0,49087.3,Partner
TXN_00464897,CUST_047245,PROD_03815,LOC_0139,2026-06-11,18,8515.21,15.0,130282.71,Online
TXN_00476521,CUST_008398,PROD_02663,LOC_0241,2022-03-18,16,9991.58,20.0,127892.22,Retail
TXN_00079249,CUST_028214,PROD_04306,LOC_0066,2026-03-13,17,9331.5,5.0,150703.72,Direct Sales
TXN_00156300,CUST_014737,PROD_01880,LOC_0157,2026-04-22,7,2104.37,10.0,13257.53,Direct Sales
TXN_00385105,CUST_032394,PROD_00313,LOC_0138,2023-07-12,5,6119.38,5.0,29067.06,Retail
TXN_00369213,CUST_028432,PROD_03001,LOC_0192,2021-05-03,13,1635.19,5.0,20194.6,Partner
TXN_00041150,CUST_048084,PROD_02883,LOC_0182,2022-11-11,13,4849.97,20.0,50439.69,Partner
TXN_00210080,CUST_027285,PROD_04292,LOC_0020,2026-01-19,11,6541.1,20.0,57561.68,Partner
TXN_00360352,CUST_003690,PROD_00654,LOC_0068,2023-01-31,14,2609.64,5.0,34708.21,Direct Sales
TXN_00189762,CUST_033353,PROD_01481,LOC_0077,2024-09-06,6,1458.15,20.0,6999.12,Partner
TXN_00030966,CUST_046003,PROD_03225,LOC_0104,2021-05-06,11,7344.77,0.0,80792.47,Online
TXN_00368890,CUST_035735,PROD_04009,LOC_0029,2025-12-21,13,1852.91,0.0,24087.83,Direct Sales
TXN_00174978,CUST_039046,PROD_01183,LOC_0080,2025-07-16,18,509.13,15.0,7789.69,Direct Sales
TXN_00171716,CUST_003962,PROD_03721,LOC_0185,2023-07-16,8,637.99,15.0,4338.33,Retail
TXN_00170581,CUST_006902,PROD_00071,LOC_0050,2022-11-22,5,3369.19,5.0,16003.65,Retail
TXN_00299092,CUST_004489,PROD_01298,LOC_0121,2025-11-12,4,8278.17,0.0,33112.68,Online
TXN_00034457,CUST_030284,PROD_00699,LOC_0127,2026-05-27,1,3227.76,0.0,3227.76,Direct Sales
TXN_00086100,CUST_005080,PROD_00984,LOC_0137,2021-03-31,7,8057.68,15.0,47943.2,Retail
TXN_00495667,CUST_036571,PROD_03640,LOC_0226,2023-12-17,13,9048.52,0.0,117630.76,Retail
TXN_00365258,CUST_014685,PROD_02040,LOC_0099,2022-11-10,9,3390.55,20.0,24411.96,Online
TXN_00382058,CUST_031121,PROD_01243,LOC_0142,2022-06-04,7,4341.71,15.0,25833.17,Online
TXN_00266182,CUST_029378,PROD_02056,LOC_0129,2026-04-18,15,1957.98,20.0,23495.76,Online
TXN_00454387,CUST_023482,PROD_00313,LOC_0006,2021-05-17,7,3244.68,10.0,20441.48,Partner
TXN_00432159,CUST_006868,PROD_04493,LOC_0038,2021-06-23,8,3396.31,15.0,23094.91,Online
TXN_00191931,CUST_046353,PROD_03273,LOC_0219,2022-03-21,6,915.88,20.0,4396.22,Retail
TXN_00111610,CUST_024755,PROD_02292,LOC_0106,2021-02-16,4,1779.61,20.0,5694.75,Partner
TXN_00102647,CUST_041217,PROD_01143,LOC_0233,2023-11-12,2,7386.47,15.0,12557.0,Partner
TXN_00233411,CUST_008484,PROD_03954,LOC_0079,2023-06-19,16,723.74,15.0,9842.86,Partner
TXN_00282251,CUST_031169,PROD_02264,LOC_0037,2025-07-13,13,6158.98,15.0,68056.73,Retail
TXN_00034251,CUST_024537,PROD_02778,LOC_0014,2024-06-23,9,3133.5,15.0,23971.28,Online
TXN_00104929,CUST_028227,PROD_01176,LOC_0189,2025-11-05,10,1535.6,5.0,14588.2,Direct Sales
TXN_00276060,CUST_029878,PROD_04380,LOC_0099,2022-02-28,5,3664.81,20.0,14659.24,Online
TXN_00243712,,PROD_00749,LOC_0027,2024-04-22,6,8000.78,0.0,48004.68,Direct Sales
TXN_00152560,CUST_000225,PROD_00549,LOC_0236,2026-01-28,2,575.41,20.0,920.66,Partner
TXN_00036253,CUST_015624,PROD_02709,LOC_0011,2024-02-21,8,2427.07,5.0,18445.73,Partner
TXN_00030129,CUST_013448,PROD_03140,LOC_0145,2022-10-29,7,5532.42,5.0,36790.59,Retail
TXN_00003162,CUST_016083,PROD_04275,LOC_0201,2025-10-06,8,3258.54,0.0,26068.32,Partner
TXN_00267226,,PROD_03188,LOC_0211,2021-05-19,4,6369.39,0.0,25477.56,Retail
TXN_00116031,CUST_005861,PROD_01737,LOC_0063,2023-08-16,3,2352.88,15.0,5999.84,Direct Sales
TXN_00420650,CUST_000033,PROD_03603,LOC_0014,2021-08-02,17,2646.87,10.0,40497.11,Partner
TXN_00472317,CUST_038026,PROD_00526,LOC_0155,2022-04-24,6,963.07,0.0,5778.42,Direct Sales
TXN_00121214,CUST_002090,PROD_03914,LOC_0127,2021-03-22,17,6117.45,0.0,103996.65,Online
TXN_00490457,CUST_018546,PROD_03822,LOC_0119,2022-12-10,15,2971.8,10.0,40119.3,Direct Sales
TXN_00246951,CUST_044429,PROD_01985,LOC_0062,2022-11-11,2,1711.32,5.0,3251.51,Direct Sales
TXN_00295868,CUST_014137,PROD_01392,LOC_0071,2024-05-13,10,1781.75,0.0,17817.5,Direct Sales
TXN_00139121,CUST_042333,PROD_04249,LOC_0181,2022-10-01,18,8695.38,15.0,133039.31,Online
TXN_00347674,CUST_011504,PROD_03293,LOC_0234,2021-07-19,11,3395.87,5.0,35486.84,Partner
TXN_00277695,CUST_045684,PROD_04076,LOC_0021,2023-11-16,7,2202.77,0.0,15419.39,Direct Sales
TXN_00004725,CUST_039007,PROD_04301,LOC_0109,2021-12-08,11,3367.7,0.0,37044.7,Direct Sales
TXN_00183050,CUST_009874,PROD_02982,LOC_0154,2026-06-14,11,4744.05,10.0,46966.1,Partner
TXN_00419803,CUST_020753,PROD_00926,LOC_0153,2025-12-10,7,6139.75,0.0,42978.25,Partner
TXN_00371136,CUST_034098,PROD_01278,LOC_0181,2021-12-18,17,9401.25,10.0,143839.12,Online
TXN_00234333,CUST_046107,PROD_04806,LOC_0085,2024-06-06,8,5663.3,0.0,45306.4,Retail
TXN_00023833,CUST_024210,PROD_03111,LOC_0245,2026-05-14,11,467.01,20.0,4109.69,Retail
TXN_00139418,CUST_001650,PROD_02579,LOC_0008,2022-04-06,8,7686.23,10.0,55340.86,Partner
TXN_00299538,CUST_014608,PROD_02521,LOC_0070,2023-05-12,18,9544.83,5.0,163216.59,Direct Sales
TXN_00385149,CUST_032890,PROD_04932,LOC_0112,2026-04-30,4,3441.44,20.0,11012.61,Online
TXN_00288612,CUST_002289,PROD_04576,LOC_0109,2025-01-11,1,7762.83,20.0,6210.26,Direct Sales
TXN_00383211,CUST_018344,PROD_01490,LOC_0156,2025-01-17,16,5762.62,5.0,87591.82,Retail
TXN_00195239,CUST_049351,PROD_03349,LOC_0193,2023-01-02,16,1572.02,5.0,23894.7,Online
TXN_00447180,CUST_041401,PROD_02403,LOC_0162,2025-05-19,7,5914.12,15.0,35189.01,Retail
TXN_00371780,CUST_003703,PROD_02909,LOC_0098,2026-03-13,7,8307.34,5.0,55243.81,Online
TXN_00385990,CUST_039672,PROD_04403,LOC_0057,2022-03-09,11,9025.47,5.0,94316.16,Direct Sales
TXN_00350782,CUST_001597,PROD_01810,LOC_0171,2022-06-13,1,6802.05,5.0,6461.95,Retail
TXN_00380398,CUST_034413,PROD_01877,LOC_0197,2024-04-29,13,5513.25,15.0,60921.41,Direct Sales
TXN_00464543,CUST_035417,PROD_02386,LOC_0182,2022-06-07,3,8037.31,15.0,20495.14,Direct Sales
TXN_00047194,CUST_039169,PROD_04824,LOC_0010,2022-01-11,12,6514.47,15.0,66447.59,Partner
TXN_00032596,CUST_016631,PROD_04767,LOC_0194,2025-06-22,3,9275.53,10.0,25043.93,Retail
TXN_00285860,CUST_012080,PROD_01952,LOC_0211,2022-01-13,17,232.31,20.0,3159.42,Direct Sales
TXN_00355926,CUST_020312,PROD_04772,LOC_0051,2022-08-02,19,2688.35,5.0,48524.72,Retail
TXN_00316593,CUST_035539,PROD_02682,LOC_0054,2021-06-09,6,7914.87,5.0,45114.76,Online
TXN_00301554,CUST_037015,PROD_01402,LOC_0106,2024-11-21,5,7451.44,5.0,35394.34,Partner
TXN_00176589,CUST_003613,PROD_01448,LOC_0230,2024-01-11,4,7959.17,20.0,25469.34,Direct Sales
TXN_00490213,CUST_034962,PROD_03037,LOC_0032,2025-09-29,6,5437.63,20.0,26100.62,Retail
TXN_00441606,,PROD_00881,LOC_0228,2023-01-10,8,630.36,5.0,4790.74,Partner
TXN_00225403,CUST_035791,PROD_04587,LOC_0052,2023-12-19,14,9261.47,15.0,110211.49,Partner
TXN_00158632,CUST_006426,PROD_04650,LOC_0090,2022-09-29,12,4910.76,10.0,53036.21,Online
TXN_00168222,CUST_010069,PROD_02239,LOC_0142,2025-09-26,2,297.92,10.0,536.26,Partner
TXN_00111755,CUST_015854,PROD_04506,LOC_0081,2024-01-16,10,2902.19,5.0,27570.8,Direct Sales
TXN_00387079,CUST_012341,PROD_02810,LOC_0138,2023-12-20,13,2567.46,5.0,31708.13,Direct Sales
TXN_00201114,CUST_027355,PROD_03563,LOC_0160,2024-04-30,1,2483.37,10.0,2235.03,Direct Sales
TXN_00171123,CUST_001319,PROD_01766,LOC_0033,2023-09-03,12,9873.15,5.0,112553.91,Direct Sales
TXN_00366188,CUST_020206,PROD_03356,LOC_0149,2021-07-28,12,6104.26,20.0,58600.9,Direct Sales
TXN_00257110,CUST_022465,PROD_03852,LOC_0156,2023-03-07,16,4433.42,0.0,70934.72,Online
TXN_00497763,CUST_032668,PROD_00409,LOC_0057,2025-09-21,11,7762.95,20.0,68313.96,Direct Sales
TXN_00105552,CUST_046906,PROD_01443,LOC_0248,2026-01-12,8,7909.81,20.0,50622.78,Direct Sales
TXN_00052338,CUST_035971,PROD_01913,LOC_0082,2023-07-27,8,1647.36,20.0,10543.1,Online
TXN_00054956,CUST_015072,PROD_00953,LOC_0066,2025-02-28,5,7111.78,10.0,32003.01,Retail
TXN_00219180,CUST_047092,PROD_02551,LOC_0004,2024-10-06,19,2090.99,10.0,35755.93,Retail
TXN_00048699,CUST_019842,PROD_04076,LOC_0002,2024-08-10,13,8143.27,15.0,89983.13,Retail
TXN_00360625,CUST_031338,PROD_01099,LOC_0112,2025-01-13,13,4259.06,20.0,44294.22,Online
TXN_00111813,CUST_012902,PROD_02359,LOC_0215,2023-07-12,16,1768.41,15.0,24050.38,Online
TXN_00212505,CUST_006476,PROD_04936,LOC_0112,2023-12-17,3,3404.43,5.0,9702.63,Partner
TXN_00026294,CUST_019998,PROD_04670,LOC_0232,2025-05-29,18,3190.5,15.0,48814.65,Partner
TXN_00385022,,PROD_00885,LOC_0037,2021-12-03,4,4251.36,15.0,14454.62,Retail
TXN_00326091,CUST_027703,PROD_01441,LOC_0221,2021-10-17,6,7666.49,10.0,41399.05,Retail
TXN_00323009,CUST_004210,PROD_01118,LOC_0140,2025-01-07,2,3175.83,10.0,5716.49,Direct Sales
TXN_00201483,CUST_020530,PROD_02773,LOC_0238,2026-01-25,7,6697.38,20.0,37505.33,Retail
TXN_00332906,CUST_005261,PROD_04010,LOC_0105,2021-02-12,14,2689.18,0.0,37648.52,Online
TXN_00438827,CUST_029381,PROD_04807,LOC_0024,2024-09-25,12,5237.74,0.0,62852.88,Online
TXN_00476820,CUST_006785,PROD_02987,LOC_0007,2022-11-23,15,496.98,10.0,6709.23,Online
TXN_00344583,CUST_002974,PROD_01801,LOC_0020,2021-10-09,4,7409.96,5.0,28157.85,Direct Sales
TXN_00309818,CUST_037166,PROD_03398,LOC_0198,2025-10-10,9,2543.44,10.0,20601.86,Partner
TXN_00107907,CUST_018218,PROD_00799,LOC_0245,2026-06-05,9,9759.93,10.0,79055.43,Online
TXN_00338605,CUST_032296,PROD_01074,LOC_0039,2021-03-11,19,2385.32,5.0,43055.03,Online
TXN_00086830,CUST_048383,PROD_03966,LOC_0147,2021-07-07,3,3584.19,20.0,8602.06,Online
TXN_00194873,CUST_027303,PROD_01782,LOC_0161,2025-12-17,16,7917.76,20.0,101347.33,Direct Sales
TXN_00109515,CUST_002820,PROD_04503,LOC_0179,2021-08-29,12,4874.54,10.0,52645.03,Direct Sales
TXN_00122679,CUST_020645,PROD_00190,LOC_0046,2023-12-24,14,6171.36,5.0,82079.09,Direct Sales
TXN_00321037,CUST_046331,PROD_01310,LOC_0227,2023-09-27,13,9703.45,10.0,113530.36,Direct Sales
TXN_00134290,CUST_025219,PROD_04469,LOC_0012,2025-08-08,1,5142.71,5.0,4885.57,Online
TXN_00386421,CUST_038881,PROD_02416,LOC_0097,2025-04-25,10,8703.11,10.0,78327.99,Direct Sales
TXN_00252556,CUST_029182,PROD_02839,LOC_0146,2026-06-26,5,7245.63,15.0,30793.93,Online
TXN_00003951,CUST_005556,PROD_02618,LOC_0230,2022-02-27,11,6202.7,0.0,68229.7,Retail
TXN_00340252,CUST_038781,PROD_00201,LOC_0001,2022-11-19,7,855.91,15.0,5092.66,Retail
TXN_00199438,CUST_038413,PROD_00801,LOC_0160,2026-03-23,3,3331.27,20.0,7995.05,Partner
TXN_00168944,CUST_029870,PROD_02361,LOC_0107,2021-11-08,10,9378.2,0.0,93782.0,Partner
TXN_00045696,CUST_049176,PROD_01769,LOC_0092,2026-05-22,4,9415.08,5.0,35777.3,Online
TXN_00499770,CUST_034372,PROD_04937,LOC_0181,2024-11-28,7,4589.67,20.0,25702.15,Direct Sales
TXN_00346054,CUST_001182,PROD_03136,LOC_0159,2021-11-22,11,8299.94,10.0,82169.41,Online
TXN_00306554,CUST_004707,PROD_04430,LOC_0127,2026-03-06,5,1368.36,20.0,5473.44,Online
TXN_00159022,CUST_029210,PROD_01990,LOC_0072,2021-07-23,1,4391.41,15.0,3732.7,Direct Sales
TXN_00325051,,PROD_00653,LOC_0220,2022-03-28,19,3596.35,15.0,58081.05,Online
TXN_00104288,CUST_026602,PROD_04159,LOC_0129,2025-11-27,18,3414.47,0.0,61460.46,Partner
TXN_00082894,CUST_042165,PROD_04821,LOC_0018,2025-01-23,4,8699.36,0.0,34797.44,Direct Sales
TXN_00449563,CUST_040033,PROD_01979,LOC_0145,2024-12-24,9,3569.7,10.0,28914.57,Direct Sales
TXN_00000124,CUST_026735,PROD_04207,LOC_0214,2023-11-30,4,3615.53,0.0,14462.12,Direct Sales
TXN_00323105,CUST_008568,PROD_04845,LOC_0110,2021-09-26,12,9596.83,5.0,109403.86,Direct Sales
TXN_00338592,CUST_037071,PROD_03784,LOC_0066,2021-07-29,1,6064.76,15.0,5155.05,Retail
TXN_00147929,CUST_023563,PROD_04640,LOC_0122,2025-07-04,13,4907.14,15.0,54223.9,Partner
TXN_00290035,CUST_045928,PROD_01972,LOC_0024,2024-07-23,14,8841.88,20.0,99029.06,Retail
TXN_00307415,CUST_017643,PROD_03681,LOC_0148,2024-07-11,14,7435.02,20.0,83272.22,Online
TXN_00243588,CUST_046613,PROD_01364,LOC_0111,2022-03-09,1,7367.82,15.0,6262.65,Partner
TXN_00334143,,PROD_02675,LOC_0076,2022-11-25,10,3904.3,10.0,35138.7,Retail
TXN_00449105,CUST_048780,PROD_01150,LOC_0011,2025-10-25,5,3355.71,5.0,15939.62,Retail
TXN_00150563,CUST_022976,PROD_02554,LOC_0053,2022-07-14,3,3398.37,15.0,8665.84,Partner
TXN_00465019,CUST_022636,PROD_02634,LOC_0040,2024-05-28,12,5153.74,20.0,49475.9,Partner
TXN_00247342,CUST_007817,PROD_00111,LOC_0184,2024-01-29,9,7826.97,10.0,63398.46,Online
TXN_00350321,CUST_035655,PROD_00734,LOC_0119,2021-07-07,11,3686.92,10.0,36500.51,Online
TXN_00275239,CUST_045256,PROD_02074,LOC_0015,2025-05-27,4,6874.45,10.0,24748.02,Partner
TXN_00457205,CUST_008584,PROD_00881,LOC_0134,2023-12-16,13,3475.36,20.0,36143.74,Direct Sales
TXN_00322687,CUST_001089,PROD_03353,LOC_0001,2022-01-28,8,3032.94,10.0,21837.17,Partner
TXN_00118721,CUST_010432,PROD_00496,LOC_0192,2025-04-13,11,7029.2,5.0,73455.14,Direct Sales
TXN_00288128,CUST_038773,PROD_04636,LOC_0075,2023-11-18,1,4705.63,20.0,3764.5,Direct Sales
TXN_00469721,CUST_014851,PROD_03310,LOC_0134,2021-07-31,2,2192.08,15.0,3726.54,Retail
TXN_00357548,CUST_020451,PROD_00177,LOC_0135,2021-08-06,9,8031.96,10.0,65058.88,Direct Sales
TXN_00401353,CUST_028574,PROD_03929,LOC_0069,2025-07-13,6,9960.24,20.0,47809.15,Online
TXN_00107953,CUST_030787,PROD_03691,LOC_0096,2024-06-06,18,5022.82,5.0,85890.22,Direct Sales
TXN_00101835,CUST_029706,PROD_04649,LOC_0184,2022-01-12,5,5877.51,20.0,23510.04,Direct Sales
TXN_00459983,CUST_000821,PROD_03051,LOC_0205,2024-11-23,10,8357.97,10.0,75221.73,Retail
TXN_00383429,CUST_040436,PROD_01944,LOC_0116,2023-02-20,12,860.02,10.0,9288.22,Partner
TXN_00492727,CUST_028114,PROD_00526,LOC_0168,2022-10-30,12,8157.1,10.0,88096.68,Direct Sales
TXN_00070274,CUST_007017,PROD_03187,LOC_0229,2022-08-11,7,9156.22,0.0,64093.54,Partner
TXN_00450598,CUST_045887,PROD_01809,LOC_0192,2025-05-01,1,3312.37,5.0,3146.75,Direct Sales
TXN_00411860,CUST_049725,PROD_02907,LOC_0211,2024-04-11,18,3519.03,10.0,57008.29,Direct Sales
TXN_00084397,CUST_017332,PROD_04403,LOC_0153,2025-05-23,17,1111.65,20.0,15118.44,Direct Sales
TXN_00307668,,PROD_04120,LOC_0030,2025-01-18,14,8075.83,20.0,90449.3,Retail
TXN_00087835,CUST_018933,PROD_00133,LOC_0181,2021-01-05,19,8870.65,5.0,160115.23,Online
TXN_00453754,CUST_041312,PROD_04400,LOC_0075,2023-05-30,5,1065.69,5.0,5062.03,Partner
TXN_00005312,CUST_000142,PROD_00267,LOC_0040,2026-05-28,5,5331.93,10.0,23993.68,Partner
TXN_00259034,CUST_025723,PROD_02951,LOC_0090,2025-11-07,8,332.8,0.0,2662.4,Direct Sales
TXN_00111003,CUST_038053,PROD_02309,LOC_0167,2024-07-23,3,204.28,10.0,551.56,Partner
TXN_00196506,CUST_009204,PROD_01324,LOC_0177,2024-08-09,-1,719.27,15.0,6113.8,Retail
TXN_00189420,CUST_030717,PROD_00814,LOC_0021,2022-02-21,16,2785.49,20.0,35654.27,Direct Sales
TXN_00381320,CUST_027887,PROD_00579,LOC_0082,2021-08-23,1,8822.55,20.0,7058.04,Retail
TXN_00120439,CUST_044556,PROD_01879,LOC_0242,2026-01-17,7,4664.2,20.0,26119.52,Retail
TXN_00358496,CUST_049556,PROD_04983,LOC_0189,2021-07-14,11,6753.46,10.0,66859.25,Online
TXN_00136811,CUST_038096,PROD_03307,LOC_0236,2023-05-21,10,2805.81,15.0,23849.38,Online
TXN_00151324,CUST_026363,PROD_02033,LOC_0168,2025-04-27,15,6100.63,10.0,82358.5,Online
TXN_00314332,CUST_005605,PROD_01952,LOC_0193,2022-05-18,2,4024.41,5.0,7646.38,Partner
TXN_00173245,CUST_049506,PROD_01253,LOC_0244,2023-11-29,15,9057.44,10.0,122275.44,Partner
TXN_00037899,CUST_048366,PROD_02067,LOC_0013,2021-03-07,4,7941.97,20.0,25414.3,Online
TXN_00189273,CUST_029644,PROD_00327,LOC_0230,2026-03-08,17,3383.56,20.0,46016.42,Partner
TXN_00032462,CUST_032226,PROD_02443,LOC_0049,2025-08-04,7,698.95,0.0,4892.65,Retail
TXN_00065572,CUST_034096,PROD_01758,LOC_0141,2022-06-15,15,5015.44,10.0,67708.44,Direct Sales
TXN_00086836,CUST_019545,PROD_03020,LOC_0169,2022-06-07,14,9488.86,10.0,119559.64,Retail
TXN_00349285,CUST_019999,PROD_02665,LOC_0063,2026-05-31,2,6474.93,10.0,11654.87,Partner
TXN_00472377,CUST_039742,PROD_03384,LOC_0075,2021-09-19,18,8167.46,5.0,139663.57,Direct Sales
TXN_00189738,CUST_046700,PROD_03364,LOC_0160,2023-10-09,16,8754.53,15.0,119061.61,Online
TXN_00176890,CUST_003027,PROD_00242,LOC_0240,2023-05-27,10,1158.15,20.0,9265.2,Partner
TXN_00413647,CUST_002890,PROD_01133,LOC_0234,2025-05-05,7,7272.87,5.0,48364.59,Direct Sales
TXN_00242297,CUST_040112,PROD_04518,LOC_0211,2024-01-17,13,1377.68,5.0,17014.35,Partner
TXN_00392568,CUST_008222,PROD_03950,LOC_0059,2026-06-20,14,6586.28,10.0,82987.13,Partner
TXN_00031134,CUST_016700,PROD_04668,LOC_0031,2023-04-20,1,3583.07,15.0,3045.61,Direct Sales
TXN_00276835,CUST_013152,PROD_03577,LOC_0189,2021-09-25,12,8301.91,20.0,79698.34,Retail
TXN_00119666,CUST_033946,PROD_02728,LOC_0101,2023-05-12,5,5531.64,0.0,27658.2,Retail
TXN_00116066,CUST_001157,PROD_03425,LOC_0165,2024-04-27,3,9186.94,15.0,23426.7,Direct Sales
TXN_00037411,CUST_012091,PROD_03382,LOC_0151,2024-10-22,3,3861.83,20.0,9268.39,Direct Sales
TXN_00463828,CUST_035822,PROD_02185,LOC_0143,2025-08-11,4,6424.78,15.0,21844.25,Direct Sales
TXN_00422413,CUST_035594,PROD_01987,LOC_0185,2025-12-24,19,2898.53,20.0,44057.66,Direct Sales
TXN_00135493,CUST_023512,PROD_01578,LOC_0203,2022-12-24,19,1347.91,5.0,24329.78,Online
TXN_00121203,CUST_046549,PROD_04329,LOC_0091,2022-07-02,1,7448.35,5.0,7075.93,Direct Sales
TXN_00171270,CUST_021278,PROD_04168,LOC_0248,2024-03-07,9,3278.34,0.0,29505.06,Partner
TXN_00447239,CUST_009402,PROD_04725,LOC_0232,2024-11-21,16,5014.4,15.0,68195.84,Online
TXN_00179025,CUST_044803,PROD_03532,LOC_0067,2025-10-20,13,7525.61,5.0,92941.28,Partner
TXN_00470900,CUST_006846,PROD_04352,LOC_0198,2022-06-08,13,2301.15,5.0,28419.2,Online
TXN_00479046,CUST_021622,PROD_04703,LOC_0097,2021-06-02,3,8296.67,5.0,23645.51,Online
TXN_00198942,CUST_001606,PROD_03296,LOC_0064,2025-06-05,-1,1121.37,0.0,1121.37,Online
TXN_00264406,CUST_017381,PROD_00915,LOC_0229,2021-12-13,9,4222.96,5.0,36106.31,Partner
TXN_00498639,CUST_034543,PROD_00791,LOC_0210,2023-05-22,17,2875.63,20.0,39108.57,Online
TXN_00269767,CUST_020451,PROD_04643,LOC_0029,2025-05-19,3,1185.92,15.0,3024.1,Direct Sales
TXN_00182702,CUST_032665,PROD_01983,LOC_0171,2024-08-21,19,6377.28,15.0,102993.07,Direct Sales
TXN_00476040,CUST_013680,PROD_02027,LOC_0198,2025-09-10,2,6640.57,10.0,11953.03,Retail
TXN_00221238,CUST_042562,PROD_00850,LOC_0246,2022-02-26,17,7824.43,0.0,133015.31,Online
TXN_00373166,CUST_022393,PROD_04490,LOC_0173,2025-01-17,3,2864.85,5.0,8164.82,Retail
TXN_00489449,CUST_049900,PROD_00428,LOC_0144,2026-05-08,17,5183.68,20.0,70498.05,Partner
TXN_00465376,CUST_019139,PROD_04334,LOC_0144,2024-11-30,13,6825.75,15.0,75424.54,Partner
TXN_00344807,CUST_021110,PROD_00465,LOC_0247,2025-03-28,12,9122.92,20.0,87580.03,Direct Sales
TXN_00127902,CUST_002757,PROD_01272,LOC_0199,2024-01-25,3,4416.27,10.0,11923.93,Partner
TXN_00399736,CUST_013216,PROD_04258,LOC_0023,2022-11-17,4,8249.25,20.0,26397.6,Online
TXN_00239923,CUST_027113,PROD_04605,LOC_0004,2023-01-03,17,297.95,5.0,4811.89,Partner
TXN_00191939,CUST_002788,PROD_04452,LOC_0146,2024-09-13,-1,9491.72,5.0,117222.74,Retail
TXN_00434005,CUST_039453,PROD_01193,LOC_0063,2024-06-05,5,9388.75,15.0,39902.19,Retail
TXN_00249518,CUST_009506,PROD_03719,LOC_0033,2024-02-04,12,1733.95,20.0,16645.92,Partner
TXN_00123099,CUST_039644,PROD_01838,LOC_0021,2026-02-18,4,2023.55,20.0,6475.36,Direct Sales
TXN_00137365,,PROD_04705,LOC_0173,2025-07-23,3,4666.21,20.0,11198.9,Retail
TXN_00064665,CUST_001548,PROD_04461,LOC_0243,2024-06-14,18,4663.11,20.0,67148.78,Partner
TXN_00144729,CUST_017925,PROD_03674,LOC_0247,2024-04-21,14,6971.88,20.0,78085.06,Online
TXN_00130361,CUST_045157,PROD_01918,LOC_0225,2024-03-12,7,4745.53,0.0,33218.71,Retail
TXN_00489324,CUST_026369,PROD_00853,LOC_0108,2023-02-07,19,4808.41,10.0,82223.81,Online
TXN_00144496,CUST_044823,PROD_02866,LOC_0207,2023-10-07,15,2557.15,20.0,30685.8,Online
TXN_00398369,CUST_028595,PROD_00748,LOC_0013,2026-01-25,4,1078.1,5.0,4096.78,Direct Sales
TXN_00009238,CUST_000294,PROD_02925,LOC_0185,2021-01-16,3,1713.64,15.0,4369.78,Online
TXN_00191295,CUST_042572,PROD_04999,LOC_0194,2024-07-27,8,2972.82,0.0,23782.56,Direct Sales
TXN_00067319,CUST_030904,PROD_00252,LOC_0027,2023-12-21,14,8162.98,0.0,114281.72,Online
TXN_00044001,CUST_007736,PROD_03631,LOC_0226,2024-11-22,4,4426.5,0.0,17706.0,Direct Sales
TXN_00296919,CUST_010304,PROD_03202,LOC_0239,2026-04-29,13,9262.95,5.0,114397.43,Partner
TXN_00355688,CUST_027049,PROD_01208,LOC_0241,2024-06-13,6,308.42,5.0,1757.99,Partner
TXN_00030769,CUST_010390,PROD_04281,LOC_0019,2024-06-07,5,8273.54,10.0,37230.93,Partner
TXN_00174518,,PROD_01623,LOC_0237,2023-01-19,7,2318.44,0.0,16229.08,Direct Sales
TXN_00430067,CUST_009819,PROD_02301,LOC_0126,2026-04-30,9,4143.92,0.0,37295.28,Partner
TXN_00137275,CUST_010553,PROD_04957,LOC_0190,2023-11-13,12,5558.39,15.0,56695.58,Partner
TXN_00028915,CUST_032296,PROD_02844,LOC_0234,2025-09-07,17,1949.86,5.0,31490.24,Direct Sales
TXN_00302462,CUST_032754,PROD_02596,LOC_0074,2024-05-26,5,4003.5,0.0,20017.5,Partner
TXN_00387638,CUST_009048,PROD_01646,LOC_0180,2026-02-17,12,412.06,10.0,4450.25,Partner
TXN_00078952,CUST_011791,PROD_03837,LOC_0031,2025-01-29,15,4184.26,5.0,59625.7,Partner
TXN_00335866,CUST_047428,PROD_01863,LOC_0164,2021-02-28,7,2900.14,0.0,20300.98,Partner
TXN_00097172,CUST_049658,PROD_03775,LOC_0234,2023-09-26,7,9168.09,20.0,51341.3,Partner
TXN_00007034,CUST_029914,PROD_02742,LOC_0030,2023-08-08,13,9883.1,20.0,102784.24,Partner
TXN_00315560,CUST_040442,PROD_02913,LOC_0239,2024-03-23,3,5016.31,15.0,12791.59,Partner
TXN_00054012,CUST_026101,PROD_02025,LOC_0141,2023-04-09,14,3275.93,5.0,43569.87,Retail
TXN_00059122,CUST_023171,PROD_00722,LOC_0226,2025-01-13,11,3078.08,10.0,30472.99,Partner
TXN_00396488,CUST_014154,PROD_00656,LOC_0165,2025-10-25,19,5358.89,20.0,81455.13,Online
TXN_00226888,CUST_000495,PROD_01516,LOC_0228,2021-04-20,6,2477.92,10.0,13380.77,Direct Sales
TXN_00423514,CUST_000928,PROD_04443,LOC_0025,2022-03-20,3,5257.86,5.0,14984.9,Partner
TXN_00293167,CUST_015954,PROD_00630,LOC_0212,2023-03-18,12,5687.82,0.0,68253.84,Direct Sales
TXN_00064291,CUST_020552,PROD_03575,LOC_0004,2023-12-08,14,3717.95,20.0,41641.04,Partner
TXN_00466144,CUST_046490,PROD_00453,LOC_0125,2022-12-08,2,6628.02,10.0,11930.44,Partner
TXN_00171417,CUST_034492,PROD_02504,LOC_0187,2023-04-15,7,8499.56,20.0,47597.54,Partner
TXN_00322162,CUST_019911,PROD_01519,LOC_0122,2021-09-09,7,2879.71,0.0,20157.97,Retail
TXN_00023670,CUST_042372,PROD_01780,LOC_0202,2022-02-07,6,6086.16,20.0,29213.57,Partner
TXN_00233364,CUST_007127,PROD_00917,LOC_0249,2021-02-15,17,5371.34,5.0,86747.14,Online
TXN_00336562,CUST_006940,PROD_01025,LOC_0069,2023-12-14,10,8989.58,20.0,71916.64,Online
TXN_00440975,CUST_031617,PROD_00961,LOC_0019,2021-05-25,11,5411.86,20.0,47624.37,Partner
TXN_00352322,CUST_037761,PROD_01982,LOC_0070,2026-05-01,11,6623.75,15.0,61932.06,Direct Sales
TXN_00212961,CUST_039047,PROD_00122,LOC_0071,2021-05-26,9,4865.25,20.0,35029.8,Retail
TXN_00081102,CUST_024774,PROD_02696,LOC_0016,2025-05-07,13,7656.89,5.0,94562.59,Retail
TXN_00009509,CUST_032527,PROD_02308,LOC_0023,2024-08-19,2,994.25,20.0,1590.8,Retail
TXN_00396046,CUST_033904,PROD_04735,LOC_0148,2024-08-09,8,9874.38,5.0,75045.29,Retail
TXN_00263478,CUST_046555,PROD_00159,LOC_0210,2022-05-07,19,6517.53,5.0,117641.42,Partner
TXN_00299892,CUST_028166,PROD_02719,LOC_0094,2021-08-11,15,637.56,15.0,8128.89,Online
TXN_00025556,CUST_047037,PROD_04248,LOC_0050,2025-12-31,19,8683.28,5.0,156733.2,Online
TXN_00136240,CUST_000757,PROD_03645,LOC_0086,2026-02-20,16,5228.47,20.0,66924.42,Direct Sales
TXN_00069081,CUST_031056,PROD_04495,LOC_0234,2021-08-27,1,4290.86,20.0,3432.69,Partner
TXN_00134194,CUST_012802,PROD_00021,LOC_0236,2022-03-05,3,7200.45,10.0,19441.22,Direct Sales
TXN_00136838,CUST_007404,PROD_04082,LOC_0134,2021-01-21,1,8260.38,15.0,7021.32,Direct Sales
TXN_00039375,CUST_018358,PROD_03338,LOC_0154,2022-06-03,16,1675.69,5.0,25470.49,Retail
TXN_00210833,CUST_036233,PROD_03059,LOC_0214,2021-01-22,5,152.06,5.0,722.28,Online
TXN_00462980,CUST_018011,PROD_01098,LOC_0228,2021-05-20,2,476.17,5.0,904.72,Retail
TXN_00451892,CUST_013622,PROD_04247,LOC_0222,2026-06-28,17,3331.27,5.0,53800.01,Partner
TXN_00373908,CUST_016587,PROD_00125,LOC_0186,2025-06-04,10,3612.2,0.0,36122.0,Direct Sales
TXN_00236561,CUST_037085,PROD_02012,LOC_0246,2021-04-25,18,857.36,5.0,14660.86,Retail
TXN_00078422,CUST_023586,PROD_03356,LOC_0198,2023-11-07,2,3823.73,10.0,6882.71,Online
TXN_00093183,CUST_018322,PROD_02882,LOC_0084,2024-12-04,8,1109.73,10.0,7990.06,Online
TXN_00154542,CUST_008778,PROD_01409,LOC_0014,2022-08-03,14,3747.1,0.0,52459.4,Online
TXN_00242340,CUST_034808,PROD_04459,LOC_0184,2025-02-09,12,9522.69,5.0,108558.67,Partner
TXN_00302458,CUST_046682,PROD_03580,LOC_0216,2023-04-11,16,5793.26,20.0,74153.73,Partner
TXN_00189112,CUST_048285,PROD_01769,LOC_0180,2022-08-08,8,3881.27,15.0,26392.64,Retail
TXN_00012045,CUST_046674,PROD_00827,LOC_0062,2024-05-21,6,8583.93,20.0,41202.86,Partner
TXN_00264302,CUST_045758,PROD_01043,LOC_0068,2023-08-23,6,5763.46,5.0,32851.72,Retail
TXN_00332392,CUST_009959,PROD_02874,LOC_0204,2026-06-17,13,1504.03,20.0,15641.91,Online
TXN_00166682,,PROD_03800,LOC_0013,2023-12-07,18,4810.27,5.0,82255.62,Partner
TXN_00155425,CUST_034060,PROD_02323,LOC_0218,2024-10-21,1,3936.0,20.0,3148.8,Retail
TXN_00239413,,PROD_04045,LOC_0041,2023-05-14,18,4378.54,0.0,78813.72,Retail
TXN_00459062,CUST_039175,PROD_02006,LOC_0105,2023-11-28,14,9429.17,5.0,125407.96,Direct Sales
TXN_00129050,CUST_012147,PROD_00289,LOC_0111,2025-07-12,3,6432.0,5.0,18331.2,Partner
TXN_00099381,CUST_010787,PROD_00743,LOC_0226,2021-03-01,2,9421.41,10.0,16958.54,Retail
TXN_00320065,CUST_005686,PROD_01854,LOC_0171,2021-02-19,8,2202.2,5.0,16736.72,Partner
TXN_00118919,CUST_002560,PROD_04466,LOC_0166,2022-11-20,17,4113.71,0.0,69933.07,Retail
TXN_00379757,CUST_006342,PROD_01658,LOC_0151,2026-01-21,2,7950.25,0.0,15900.5,Partner
TXN_00257338,CUST_041002,PROD_02865,LOC_0085,2022-12-26,17,1316.79,10.0,20146.89,Retail
TXN_00287819,CUST_022823,PROD_00221,LOC_0132,2023-06-11,15,5758.01,0.0,86370.15,Partner
TXN_00318968,CUST_020391,PROD_00329,LOC_0001,2023-06-30,2,2323.87,20.0,3718.19,Direct Sales
TXN_00035132,CUST_041333,PROD_02197,LOC_0174,2023-03-24,13,3782.02,0.0,49166.26,Partner
TXN_00268344,CUST_049356,PROD_00636,LOC_0066,2022-03-01,16,5190.62,0.0,83049.92,Partner
TXN_00314611,CUST_015978,PROD_03794,LOC_0200,2023-07-18,2,9499.21,10.0,17098.58,Direct Sales
TXN_00090774,CUST_018991,PROD_03607,LOC_0053,2022-08-29,15,3837.26,5.0,54680.96,Direct Sales
TXN_00125600,CUST_020609,PROD_01032,LOC_0227,2023-12-23,10,1929.08,10.0,17361.72,Online
TXN_00173476,CUST_039861,PROD_02163,LOC_0221,2025-11-17,11,8133.06,20.0,71570.93,Retail
TXN_00070742,CUST_015053,PROD_03040,LOC_0248,2022-11-17,11,4476.25,15.0,41852.94,Partner
TXN_00175528,CUST_021092,PROD_02941,LOC_0212,2021-11-21,3,8107.17,20.0,19457.21,Online
TXN_00177522,CUST_040849,PROD_03459,LOC_0132,2023-07-04,1,4776.35,20.0,3821.08,Partner
TXN_00440957,CUST_033425,PROD_04183,LOC_0127,2023-11-06,15,7643.39,0.0,114650.85,Direct Sales
TXN_00298052,CUST_036712,PROD_03934,LOC_0053,2026-02-21,5,7971.15,0.0,39855.75,Direct Sales
TXN_00227751,CUST_014914,PROD_04424,LOC_0167,2024-10-08,4,6784.1,0.0,27136.4,Direct Sales
TXN_00378129,CUST_031673,PROD_00413,LOC_0053,2026-01-29,5,9970.16,0.0,49850.8,Partner
TXN_00096755,CUST_046120,PROD_03477,LOC_0046,2025-05-29,6,3737.55,10.0,20182.77,Partner
TXN_00138292,CUST_000864,PROD_01964,LOC_0232,2022-04-04,15,7605.78,0.0,114086.7,Retail
TXN_00304494,CUST_017050,PROD_01587,LOC_0042,2024-09-13,8,3559.25,10.0,25626.6,Online
TXN_00251505,CUST_011346,PROD_00540,LOC_0202,2024-08-24,12,8898.26,5.0,101440.16,Partner
TXN_00274161,CUST_002152,PROD_02655,LOC_0034,2023-09-23,13,4219.96,5.0,52116.51,Online
TXN_00065153,CUST_023555,PROD_04220,LOC_0022,2024-11-09,18,7988.2,20.0,115030.08,Retail
TXN_00111069,,PROD_02325,LOC_0010,2023-11-02,16,9707.53,0.0,155320.48,Partner
TXN_00189480,CUST_025675,PROD_03074,LOC_0075,2025-02-07,5,9114.23,5.0,43292.59,Retail
TXN_00088566,CUST_015957,PROD_03548,LOC_0240,2024-01-06,10,3334.45,10.0,30010.05,Retail
TXN_00191856,CUST_026820,PROD_03586,LOC_0164,2023-11-09,5,2000.64,20.0,8002.56,Partner
TXN_00382504,CUST_017314,PROD_00561,LOC_0089,2024-12-14,12,202.37,20.0,1942.75,Online
TXN_00467911,CUST_036388,PROD_01917,LOC_0200,2023-11-27,11,3753.31,10.0,37157.77,Partner
TXN_00059539,CUST_005882,PROD_04536,LOC_0085,2022-05-04,5,2692.44,0.0,13462.2,Direct Sales
TXN_00170399,CUST_027814,PROD_02039,LOC_0213,2021-09-15,11,6132.52,15.0,57339.06,Partner
TXN_00261946,CUST_036275,PROD_01963,LOC_0108,2023-11-17,10,4071.95,10.0,36647.55,Online
TXN_00254518,CUST_030792,PROD_00196,LOC_0022,2024-08-22,6,7478.76,5.0,42628.93,Direct Sales
TXN_00180204,CUST_029630,PROD_00430,LOC_0242,2022-09-20,18,5169.35,0.0,93048.3,Direct Sales
TXN_00023855,CUST_013342,PROD_02846,LOC_0044,2025-01-06,9,4895.67,5.0,41857.98,Online
TXN_00052520,CUST_024371,PROD_00032,LOC_0096,2023-10-29,5,2435.26,5.0,11567.48,Direct Sales
TXN_00439654,CUST_047030,PROD_03502,LOC_0089,2023-02-15,3,7449.67,5.0,21231.56,Partner
TXN_00400735,,PROD_02585,LOC_0002,2023-09-21,10,9745.4,5.0,92581.3,Online
TXN_00403541,CUST_011284,PROD_04751,LOC_0069,2021-06-21,11,3010.39,10.0,29802.86,Partner
TXN_00090964,CUST_024928,PROD_03256,LOC_0219,2024-08-18,4,5223.65,20.0,16715.68,Direct Sales
TXN_00309874,CUST_030954,PROD_00098,LOC_0068,2025-04-07,7,2525.33,10.0,15909.58,Online
TXN_00427529,CUST_042933,PROD_02945,LOC_0147,2022-02-19,17,9048.87,15.0,130756.17,Online
TXN_00231585,CUST_043439,PROD_00850,LOC_0139,2024-06-03,18,3022.84,10.0,48970.01,Retail
TXN_00437771,CUST_048114,PROD_02849,LOC_0090,2024-10-11,15,3173.18,0.0,47597.7,Direct Sales
TXN_00364399,CUST_015358,PROD_00351,LOC_0021,2021-07-11,3,7956.35,20.0,19095.24,Direct Sales
TXN_00360240,CUST_024425,PROD_02225,LOC_0047,2021-09-17,6,4490.06,20.0,21552.29,Direct Sales
TXN_00312524,CUST_029037,PROD_00457,LOC_0225,2021-08-25,16,713.81,0.0,11420.96,Direct Sales
TXN_00449439,CUST_049747,PROD_04187,LOC_0145,2021-08-13,4,2658.54,20.0,8507.33,Online
TXN_00384531,CUST_030744,PROD_03233,LOC_0039,2024-04-04,11,4343.1,10.0,42996.69,Partner
TXN_00467932,,PROD_02509,LOC_0098,2024-05-04,9,3513.3,5.0,30038.72,Partner
TXN_00482311,CUST_009029,PROD_03183,LOC_0026,2023-10-31,10,3838.42,5.0,36464.99,Partner
TXN_00015803,CUST_034057,PROD_01312,LOC_0238,2025-05-04,3,1868.11,15.0,4763.68,Online
TXN_00124500,CUST_000750,PROD_01007,LOC_0021,2023-12-22,1,5829.68,10.0,5246.71,Online
TXN_00453602,CUST_026744,PROD_00184,LOC_0228,2023-11-25,13,6049.77,15.0,66849.96,Online
TXN_00363408,CUST_042657,PROD_04283,LOC_0052,2023-01-27,8,8562.22,20.0,54798.21,Retail
TXN_00267191,CUST_040193,PROD_04100,LOC_0100,2024-06-26,14,9865.02,5.0,131204.77,Direct Sales
TXN_00152699,CUST_037322,PROD_02097,LOC_0235,2023-02-27,10,572.31,5.0,5436.94,Online
TXN_00013578,,PROD_04291,LOC_0171,2023-12-22,19,7048.23,10.0,120524.73,Online
TXN_00207400,CUST_038931,PROD_00105,LOC_0243,2023-12-04,16,6121.24,5.0,93042.85,Online
TXN_00284188,CUST_001415,PROD_02006,LOC_0214,2024-10-01,19,711.14,5.0,12836.08,Retail
TXN_00085751,CUST_042866,PROD_03332,LOC_0062,2023-09-23,18,2546.62,5.0,43547.2,Direct Sales
TXN_00196406,CUST_012043,PROD_04332,LOC_0013,2025-09-19,15,8696.95,15.0,110886.11,Retail
TXN_00220418,,PROD_03651,LOC_0147,2025-03-24,11,6237.16,15.0,58317.45,Direct Sales
TXN_00016934,CUST_040719,PROD_01695,LOC_0064,2022-12-24,8,7389.94,15.0,50251.59,Online
TXN_00465175,CUST_021968,PROD_04265,LOC_0134,2025-02-27,9,5914.81,10.0,47909.96,Online
TXN_00180680,CUST_027801,PROD_01696,LOC_0156,2022-09-19,19,9866.93,15.0,159350.92,Retail
TXN_00298348,CUST_021926,PROD_04564,LOC_0040,2026-02-03,1,7659.79,20.0,6127.83,Online
TXN_00492380,,PROD_02204,LOC_0095,2026-02-16,19,8163.07,15.0,131833.58,Direct Sales
TXN_00214891,CUST_000941,PROD_02639,LOC_0233,2024-06-15,12,9683.51,0.0,116202.12,Direct Sales
TXN_00421285,CUST_033480,PROD_00444,LOC_0099,2021-10-16,3,6758.22,10.0,18247.19,Retail
TXN_00155297,CUST_045166,PROD_04043,LOC_0140,2024-11-30,3,6253.36,20.0,15008.06,Retail
TXN_00301683,CUST_018788,PROD_02407,LOC_0228,2023-12-31,15,6446.84,0.0,96702.6,Direct Sales
TXN_00175843,CUST_019440,PROD_01509,LOC_0063,2021-06-11,15,8292.56,0.0,124388.4,Partner
TXN_00203434,CUST_040586,PROD_00924,LOC_0248,2024-08-11,1,7314.06,0.0,7314.06,Partner
TXN_00483836,CUST_015684,PROD_00669,LOC_0063,2023-05-07,4,225.4,5.0,856.52,Partner
TXN_00199041,CUST_007761,PROD_01000,LOC_0052,2021-04-17,10,4657.05,5.0,44241.98,Direct Sales
TXN_00411134,CUST_038915,PROD_02388,LOC_0127,2021-01-26,17,7356.52,0.0,125060.84,Online
TXN_00387035,CUST_030255,PROD_01879,LOC_0079,2024-02-06,7,394.23,10.0,2483.65,Direct Sales
TXN_00198107,CUST_007657,PROD_03292,LOC_0074,2021-12-02,13,5842.35,0.0,75950.55,Retail
TXN_00273037,,PROD_04765,LOC_0063,2022-05-01,10,7417.93,0.0,74179.3,Retail
TXN_00010338,CUST_012738,PROD_04973,LOC_0032,2026-01-13,7,8804.81,15.0,52388.62,Online
TXN_00144899,CUST_013725,PROD_03925,LOC_0106,2024-02-27,3,3817.75,20.0,9162.6,Partner
TXN_00449591,CUST_006085,PROD_02570,LOC_0199,2023-01-29,5,5902.95,15.0,25087.54,Retail
TXN_00063007,CUST_027451,PROD_01744,LOC_0110,2023-06-11,10,7277.37,15.0,61857.64,Online
TXN_00496418,CUST_043203,PROD_02083,LOC_0086,2024-08-31,3,7337.59,20.0,17610.22,Partner
TXN_00032723,CUST_039340,PROD_03289,LOC_0054,2022-01-24,12,1726.68,20.0,16576.13,Partner
TXN_00010895,CUST_012459,PROD_02774,LOC_0121,2023-10-08,11,1810.61,10.0,17925.04,Partner
TXN_00198229,CUST_027268,PROD_01990,LOC_0009,2024-03-13,6,2906.47,20.0,13951.06,Retail
TXN_00104840,CUST_021093,PROD_04952,LOC_0211,2025-09-26,6,7295.9,10.0,39397.86,Partner
TXN_00132125,CUST_006602,PROD_00779,LOC_0220,2026-01-25,18,6661.51,10.0,107916.46,Online
TXN_00031095,CUST_034977,PROD_03778,LOC_0134,2023-05-21,3,3781.13,20.0,9074.71,Partner
TXN_00068670,CUST_028445,PROD_02563,LOC_0035,2023-02-24,14,5754.73,0.0,80566.22,Direct Sales
TXN_00090997,CUST_048587,PROD_01233,LOC_0138,2024-05-22,8,4057.97,5.0,30840.57,Partner
TXN_00304783,CUST_045892,PROD_02144,LOC_0193,2021-01-18,18,4060.94,10.0,65787.23,Retail
TXN_00488246,CUST_007335,PROD_03820,LOC_0018,2023-08-25,6,9435.7,20.0,45291.36,Partner
TXN_00140063,CUST_029222,PROD_01523,LOC_0045,2025-06-22,19,7021.45,5.0,126737.17,Online
TXN_00474776,CUST_006006,PROD_00664,LOC_0162,2022-06-12,10,356.41,0.0,3564.1,Direct Sales
TXN_00234381,CUST_027208,PROD_03600,LOC_0199,2025-12-09,14,6523.77,15.0,77632.86,Partner
TXN_00472552,CUST_049752,PROD_00243,LOC_0117,2025-10-09,1,3465.83,15.0,2945.96,Partner
TXN_00390192,CUST_008743,PROD_01582,LOC_0071,2023-12-20,1,5384.44,0.0,5384.44,Retail
TXN_00412695,CUST_007641,PROD_03387,LOC_0126,2023-03-28,10,1945.21,10.0,17506.89,Online
TXN_00130575,CUST_000336,PROD_02509,LOC_0143,2021-08-06,18,7877.19,10.0,127610.48,Online
TXN_00166086,CUST_043912,PROD_00277,LOC_0151,2021-02-03,7,3837.95,15.0,22835.8,Online
TXN_00274804,CUST_014935,PROD_03026,LOC_0154,2022-11-23,1,8878.55,0.0,8878.55,Retail
TXN_00369239,,PROD_01472,LOC_0197,2024-04-30,12,2151.62,20.0,20655.55,Partner
TXN_00243500,CUST_000252,PROD_04791,LOC_0061,2021-08-06,5,9920.5,10.0,44642.25,Retail
TXN_00335330,CUST_031386,PROD_02788,LOC_0082,2021-03-16,12,2003.04,20.0,19229.18,Online
TXN_00429977,CUST_004624,PROD_01927,LOC_0045,2022-10-13,6,2115.37,0.0,12692.22,Direct Sales
TXN_00203443,CUST_042907,PROD_01470,LOC_0126,2025-05-19,9,1585.6,20.0,11416.32,Online
TXN_00276655,CUST_035099,PROD_04940,LOC_0040,2024-04-03,4,6009.46,20.0,19230.27,Online
TXN_00347388,CUST_017990,PROD_01711,LOC_0084,2022-01-17,17,8762.57,0.0,148963.69,Direct Sales
TXN_00009378,CUST_015267,PROD_02666,LOC_0081,2025-05-12,5,5507.43,5.0,26160.29,Partner
TXN_00201189,CUST_003793,PROD_02861,LOC_0052,2022-04-21,5,1326.04,5.0,6298.69,Direct Sales
TXN_00058377,CUST_000729,PROD_04127,LOC_0177,2024-08-30,3,1429.35,15.0,3644.84,Online
TXN_00429254,CUST_031581,PROD_01554,LOC_0058,2025-02-25,14,261.74,0.0,3664.36,Partner
TXN_00466866,CUST_049868,PROD_04570,LOC_0201,2024-07-14,4,6810.88,20.0,21794.82,Direct Sales
TXN_00124857,CUST_018184,PROD_02395,LOC_0133,2025-06-28,13,6106.83,10.0,71449.91,Direct Sales
TXN_00319977,CUST_049755,PROD_03998,LOC_0102,2023-03-30,8,6366.71,0.0,50933.68,Online
TXN_00172274,CUST_023089,PROD_03008,LOC_0134,2022-12-07,8,4419.67,5.0,33589.49,Partner
TXN_00256893,CUST_020579,PROD_04427,LOC_0067,2023-05-29,-1,1365.05,10.0,20885.26,Online
TXN_00282374,CUST_039246,PROD_02533,LOC_0229,2022-11-29,10,1359.82,5.0,12918.29,Direct Sales
TXN_00236744,CUST_032028,PROD_02632,LOC_0036,2022-12-12,10,2625.21,15.0,22314.28,Retail
TXN_00169975,CUST_041034,PROD_04750,LOC_0245,2025-02-18,18,1447.05,0.0,26046.9,Online
TXN_00487017,CUST_019082,PROD_02873,LOC_0045,2024-10-25,17,4492.31,5.0,72550.81,Online
TXN_00215314,CUST_012588,PROD_02538,LOC_0117,2021-04-16,6,3722.93,0.0,22337.58,Partner
TXN_00288727,CUST_020176,PROD_03370,LOC_0139,2021-04-07,7,7385.81,15.0,43945.57,Direct Sales
TXN_00161383,CUST_037932,PROD_04598,LOC_0096,2026-04-01,9,725.26,0.0,6527.34,Direct Sales
TXN_00110016,CUST_013791,PROD_00562,LOC_0151,2022-03-17,5,6071.79,15.0,25805.11,Direct Sales
TXN_00468900,CUST_012486,PROD_03424,LOC_0229,2021-08-30,6,4654.41,10.0,25133.81,Direct Sales
TXN_00427834,CUST_040383,PROD_03408,LOC_0140,2024-09-26,7,5732.66,15.0,34109.33,Retail
TXN_00412421,CUST_044697,PROD_01866,LOC_0055,2022-03-10,4,2558.42,15.0,8698.63,Online
TXN_00273096,CUST_022189,PROD_00283,LOC_0140,2025-10-10,15,1953.75,10.0,26375.62,Online
TXN_00249811,CUST_034112,PROD_01610,LOC_0219,2024-03-12,15,9156.1,15.0,116740.28,Partner
TXN_00031121,CUST_033102,PROD_03330,LOC_0142,2021-10-17,15,5147.49,0.0,77212.35,Online
TXN_00142879,CUST_048942,PROD_03460,LOC_0094,2022-02-26,6,4068.37,10.0,21969.2,Online
TXN_00063680,CUST_029407,PROD_02927,LOC_0062,2021-09-06,18,5325.05,20.0,76680.72,Online
TXN_00152910,CUST_037049,PROD_04184,LOC_0009,2022-07-10,19,9990.05,10.0,170829.86,Retail
TXN_00009099,CUST_016448,PROD_03089,LOC_0179,2026-06-22,13,9410.9,5.0,116224.62,Online
TXN_00372604,CUST_040615,PROD_01265,LOC_0161,2026-04-25,16,2890.52,15.0,39311.07,Partner
TXN_00278538,CUST_026127,PROD_00685,LOC_0086,2026-03-24,2,5275.52,20.0,8440.83,Retail
TXN_00094070,CUST_024484,PROD_01044,LOC_0126,2022-02-15,17,8061.91,0.0,137052.47,Online
TXN_00323888,CUST_028674,PROD_00389,LOC_0106,2026-01-31,7,4045.79,0.0,28320.53,Partner
TXN_00165538,CUST_039649,PROD_00391,LOC_0081,2022-03-18,18,3835.75,5.0,65591.32,Online
TXN_00384220,CUST_007141,PROD_00109,LOC_0218,2023-10-24,19,3354.35,0.0,63732.65,Partner
TXN_00347110,CUST_041928,PROD_04688,LOC_0021,2023-09-05,4,4088.5,20.0,13083.2,Direct Sales
TXN_00373438,CUST_018308,PROD_00530,LOC_0129,2024-05-23,10,1504.42,20.0,12035.36,Online
TXN_00089839,CUST_009363,PROD_00901,LOC_0060,2021-04-03,12,632.13,15.0,6447.73,Direct Sales
TXN_00070050,CUST_026100,PROD_04964,LOC_0188,2021-05-26,8,5328.97,15.0,36237.0,Online
TXN_00384648,CUST_046382,PROD_00825,LOC_0171,2023-07-17,5,4412.47,5.0,20959.23,Online
TXN_00116047,CUST_021672,PROD_01483,LOC_0240,2023-05-28,12,2178.32,0.0,26139.84,Partner
TXN_00209061,CUST_005493,PROD_00845,LOC_0236,2024-05-17,11,5707.58,20.0,50226.7,Online
TXN_00318564,,PROD_04600,LOC_0028,2024-02-13,18,7018.66,10.0,113702.29,Online
TXN_00082021,CUST_009525,PROD_02456,LOC_0145,2024-03-31,12,2005.23,5.0,22859.62,Partner
TXN_00050155,CUST_047516,PROD_00043,LOC_0176,2022-12-26,4,932.61,10.0,3357.4,Partner
TXN_00146829,CUST_035845,PROD_04048,LOC_0149,2024-05-20,14,636.77,10.0,8023.3,Retail
TXN_00384810,CUST_033702,PROD_02242,LOC_0233,2021-12-21,1,6352.9,15.0,5399.96,Direct Sales
TXN_00434757,CUST_046863,PROD_03186,LOC_0198,2023-07-17,3,2267.67,20.0,5442.41,Online
TXN_00425640,CUST_011532,PROD_01127,LOC_0138,2025-06-10,4,4462.94,10.0,16066.58,Online
TXN_00109908,CUST_018086,PROD_00490,LOC_0078,2024-11-12,9,5850.72,5.0,50023.66,Partner
TXN_00185884,CUST_012839,PROD_01872,LOC_0169,2026-03-24,14,9205.23,5.0,122429.56,Partner
TXN_00431806,CUST_018090,PROD_00545,LOC_0135,2023-01-15,16,6779.62,0.0,108473.92,Retail
TXN_00152620,CUST_048875,PROD_02034,LOC_0192,2022-03-17,14,8662.93,5.0,115216.97,Partner
TXN_00132297,CUST_016430,PROD_02708,LOC_0178,2022-02-23,16,5571.63,10.0,80231.47,Online
TXN_00203202,CUST_023991,PROD_00277,LOC_0184,2025-01-09,15,751.01,20.0,9012.12,Retail
TXN_00200142,CUST_026419,PROD_00281,LOC_0141,2024-07-30,14,8165.04,0.0,114310.56,Partner
TXN_00491196,CUST_025116,PROD_04452,LOC_0113,2023-11-04,7,7111.04,20.0,39821.82,Partner
TXN_00496856,CUST_014984,PROD_00924,LOC_0142,2021-05-31,12,6436.15,0.0,77233.8,Partner
TXN_00426970,CUST_041699,PROD_01552,LOC_0026,2024-04-22,10,1444.44,0.0,14444.4,Online
TXN_00377523,CUST_048774,PROD_02435,LOC_0055,2024-11-06,16,9231.29,20.0,118160.51,Online
TXN_00281127,CUST_016828,PROD_02989,LOC_0155,2021-04-22,17,7316.41,0.0,124378.97,Retail
TXN_00021161,CUST_009548,PROD_04964,LOC_0220,2022-02-13,19,3676.38,10.0,62866.1,Direct Sales
TXN_00064534,CUST_042572,PROD_03472,LOC_0206,2025-07-22,-1,6481.95,10.0,58337.55,Partner
TXN_00195540,CUST_001232,PROD_04062,LOC_0038,2022-02-26,2,6918.65,20.0,11069.84,Online
TXN_00073259,CUST_000622,PROD_03293,LOC_0203,2025-11-03,2,2453.37,20.0,3925.39,Partner
TXN_00231454,CUST_011488,PROD_03908,LOC_0096,2026-04-10,14,4758.57,15.0,56626.98,Direct Sales
TXN_00117469,CUST_036449,PROD_04490,LOC_0008,2025-10-12,19,9910.38,20.0,150637.78,Retail
TXN_00059814,CUST_042001,PROD_01360,LOC_0055,2021-03-29,2,4979.59,10.0,8963.26,Partner
TXN_00080301,CUST_028829,PROD_03074,LOC_0158,2023-12-27,8,6409.95,20.0,41023.68,Online
TXN_00425799,CUST_047847,PROD_04609,LOC_0118,2022-06-24,13,5789.96,10.0,67742.53,Direct Sales
TXN_00009053,CUST_017138,PROD_00484,LOC_0133,2025-10-25,18,2884.78,10.0,46733.44,Online
TXN_00258538,,PROD_03598,LOC_0049,2023-02-23,5,6331.44,10.0,28491.48,Retail
TXN_00336688,CUST_001218,PROD_00179,LOC_0229,2024-12-23,8,7158.99,10.0,51544.73,Retail
TXN_00096462,CUST_032891,PROD_00995,LOC_0137,2024-03-05,10,3560.0,0.0,35600.0,Partner
TXN_00078404,CUST_038762,PROD_00952,LOC_0128,2024-06-20,5,809.49,0.0,4047.45,Online
TXN_00300039,CUST_014484,PROD_01299,LOC_0099,2022-07-02,16,6214.45,5.0,94459.64,Online
TXN_00180902,CUST_038761,PROD_03578,LOC_0107,2025-06-14,19,6525.02,0.0,123975.38,Retail
TXN_00332027,CUST_008623,PROD_02967,LOC_0025,2022-11-29,4,3192.06,15.0,10853.0,Partner
TXN_00066112,CUST_028196,PROD_01874,LOC_0229,2023-06-09,6,4776.52,15.0,24360.25,Online
TXN_00438295,CUST_038249,PROD_03118,LOC_0127,2023-01-31,9,6398.81,15.0,48950.9,Retail
TXN_00429742,CUST_039340,PROD_00180,LOC_0023,2024-08-24,7,7574.69,20.0,42418.26,Online
TXN_00228474,CUST_001382,PROD_04288,LOC_0181,2026-04-22,11,1021.38,15.0,9549.9,Online
TXN_00248837,CUST_037558,PROD_00301,LOC_0215,2025-03-21,8,9822.74,0.0,78581.92,Partner
TXN_00287620,CUST_004550,PROD_00583,LOC_0194,2021-11-30,6,3086.91,20.0,14817.17,Partner
TXN_00348989,,PROD_00251,LOC_0218,2021-12-28,7,7053.37,5.0,46904.91,Direct Sales
TXN_00065441,CUST_005736,PROD_03987,LOC_0152,2023-07-08,16,7015.15,15.0,95406.04,Partner
TXN_00140616,CUST_047751,PROD_03586,LOC_0108,2025-11-13,7,7042.46,10.0,44367.5,Retail
TXN_00032342,CUST_007535,PROD_01979,LOC_0160,2023-07-03,11,3663.52,0.0,40298.72,Direct Sales
TXN_00132018,CUST_005468,PROD_02262,LOC_0034,2024-09-30,4,9153.96,20.0,29292.67,Partner
TXN_00331463,CUST_017608,PROD_00826,LOC_0185,2026-06-11,13,3791.16,5.0,46820.83,Retail
TXN_00391999,CUST_004549,PROD_00710,LOC_0236,2021-10-10,13,5075.47,10.0,59383.0,Online
TXN_00428366,CUST_035949,PROD_04976,LOC_0161,2024-11-16,10,8251.57,15.0,70138.34,Partner
TXN_00363869,CUST_034711,PROD_02557,LOC_0088,2022-05-22,9,4514.34,20.0,32503.25,Online
TXN_00339823,CUST_029630,PROD_03065,LOC_0216,2022-01-22,1,8456.44,15.0,7187.97,Direct Sales
TXN_00054061,CUST_042538,PROD_01768,LOC_0222,2022-03-27,17,7147.1,20.0,97200.56,Direct Sales
TXN_00282206,CUST_034484,PROD_02569,LOC_0030,2021-10-10,9,1175.11,20.0,8460.79,Partner
TXN_00075216,CUST_029542,PROD_04147,LOC_0187,2026-01-21,17,6947.45,10.0,106295.98,Online
TXN_00235918,CUST_022618,PROD_00087,LOC_0065,2025-01-30,1,6971.56,5.0,6622.98,Retail
TXN_00040947,CUST_007051,PROD_00884,LOC_0092,2021-08-22,11,1031.43,10.0,10211.16,Retail
TXN_00382438,CUST_049784,PROD_02491,LOC_0187,2026-06-15,10,2484.85,15.0,21121.22,Online
TXN_00096943,CUST_013702,PROD_00537,LOC_0114,2024-07-03,5,9319.0,20.0,37276.0,Direct Sales
TXN_00260781,CUST_044896,PROD_01542,LOC_0114,2026-04-29,9,2290.96,5.0,19587.71,Online
TXN_00040599,CUST_026001,PROD_03439,LOC_0227,2022-07-11,18,1830.61,10.0,29655.88,Direct Sales
TXN_00361719,CUST_037704,PROD_02876,LOC_0186,2021-09-21,18,9369.69,10.0,151788.98,Online
TXN_00024095,CUST_039965,PROD_00458,LOC_0145,2024-02-20,19,3877.2,20.0,58933.44,Partner
TXN_00444682,CUST_005994,PROD_00736,LOC_0184,2021-09-07,9,1071.88,20.0,7717.54,Partner
TXN_00312306,CUST_018383,PROD_01059,LOC_0034,2023-01-04,18,3314.2,20.0,47724.48,Direct Sales
TXN_00483015,CUST_048114,PROD_00546,LOC_0045,2024-06-18,-1,9565.29,0.0,114783.48,Direct Sales
TXN_00030686,,PROD_02167,LOC_0033,2023-07-16,6,6962.32,20.0,33419.14,Direct Sales
TXN_00229861,CUST_040388,PROD_02481,LOC_0247,2021-01-24,9,3399.22,5.0,29063.33,Online
TXN_00229822,CUST_012002,PROD_01347,LOC_0196,2023-10-20,12,154.86,20.0,1486.66,Direct Sales
TXN_00025541,CUST_015225,PROD_03549,LOC_0212,2024-08-22,7,3267.57,10.0,20585.69,Online
TXN_00410955,CUST_020377,PROD_02844,LOC_0112,2021-04-24,19,9474.34,0.0,180012.46,Partner
TXN_00090786,CUST_037390,PROD_01307,LOC_0151,2022-10-02,10,5748.01,0.0,57480.1,Direct Sales
TXN_00101191,CUST_042586,PROD_00628,LOC_0176,2026-05-03,10,236.4,0.0,2364.0,Online
TXN_00258989,CUST_033995,PROD_01778,LOC_0213,2024-03-21,1,769.99,0.0,769.99,Direct Sales
TXN_00012335,CUST_037831,PROD_03165,LOC_0010,2021-12-24,7,9949.29,20.0,55716.02,Retail
TXN_00062758,CUST_005598,PROD_02583,LOC_0018,2021-03-13,14,8507.98,0.0,119111.72,Retail
TXN_00430665,CUST_033787,PROD_00463,LOC_0012,2023-04-27,2,9314.49,0.0,18628.98,Partner
TXN_00271180,CUST_002286,PROD_02521,LOC_0176,2022-03-26,9,776.39,0.0,6987.51,Retail
TXN_00384250,CUST_011401,PROD_01699,LOC_0031,2021-04-27,11,9540.12,15.0,89200.12,Online
TXN_00389660,CUST_043006,PROD_04094,LOC_0171,2021-06-16,6,4922.09,0.0,29532.54,Direct Sales
TXN_00020185,CUST_047507,PROD_02000,LOC_0143,2023-10-09,5,9568.97,5.0,45452.61,Retail
TXN_00032080,CUST_028612,PROD_03513,LOC_0003,2024-03-13,2,760.87,15.0,1293.48,Partner
TXN_00388771,CUST_004151,PROD_03788,LOC_0107,2022-06-27,6,2962.64,20.0,14220.67,Direct Sales
TXN_00127451,CUST_047747,PROD_00386,LOC_0156,2022-01-12,6,5982.71,20.0,28717.01,Retail
TXN_00212953,CUST_047163,PROD_02420,LOC_0022,2026-04-25,12,7453.5,15.0,76025.7,Partner
TXN_00390850,CUST_024348,PROD_01078,LOC_0068,2024-12-26,6,6463.97,20.0,31027.06,Retail
TXN_00218276,CUST_047395,PROD_04498,LOC_0233,2023-11-24,13,6867.53,10.0,80350.1,Retail
TXN_00397754,CUST_010732,PROD_03129,LOC_0170,2021-12-06,18,7106.33,0.0,127913.94,Direct Sales
TXN_00100539,CUST_004962,PROD_01948,LOC_0092,2021-10-23,3,4396.29,15.0,11210.54,Direct Sales
TXN_00492760,CUST_046394,PROD_03618,LOC_0131,2024-11-20,11,3002.52,15.0,28073.56,Partner
TXN_00108562,CUST_029202,PROD_01782,LOC_0127,2023-07-08,3,3970.77,5.0,11316.69,Direct Sales
TXN_00274388,CUST_041383,PROD_04387,LOC_0044,2021-08-20,10,8074.53,5.0,76708.04,Online
TXN_00097329,CUST_004572,PROD_01647,LOC_0176,2021-03-21,15,1341.31,20.0,16095.72,Partner
TXN_00417196,CUST_049228,PROD_00703,LOC_0064,2021-11-19,19,5356.75,20.0,81422.6,Online
TXN_00484550,CUST_049360,PROD_03404,LOC_0115,2023-03-14,4,1372.33,15.0,4665.92,Online
TXN_00188209,CUST_014321,PROD_02310,LOC_0021,2025-10-01,14,2660.29,15.0,31657.45,Online
TXN_00057396,CUST_007585,PROD_04465,LOC_0042,2025-02-24,10,4217.58,0.0,42175.8,Online
TXN_00244293,CUST_043522,PROD_02402,LOC_0146,2022-07-18,6,1444.63,10.0,7801.0,Retail
TXN_00174031,CUST_009283,PROD_04511,LOC_0005,2022-01-05,9,670.53,15.0,5129.55,Partner
TXN_00433718,CUST_027172,PROD_03817,LOC_0015,2021-01-02,6,621.01,0.0,3726.06,Partner
TXN_00483801,CUST_015390,PROD_00890,LOC_0185,2024-11-14,10,3150.42,20.0,25203.36,Direct Sales
TXN_00463417,CUST_040217,PROD_04945,LOC_0107,2023-05-04,4,7023.39,20.0,22474.85,Retail
TXN_00343599,CUST_029190,PROD_00314,LOC_0043,2022-06-09,4,1933.98,5.0,7349.12,Direct Sales
TXN_00114410,CUST_044534,PROD_00911,LOC_0086,2024-01-07,8,9418.66,15.0,64046.89,Partner
TXN_00448479,CUST_032926,PROD_01369,LOC_0069,2022-02-14,13,5817.27,0.0,75624.51,Partner
TXN_00474157,CUST_013937,PROD_03764,LOC_0214,2024-05-28,16,5941.9,10.0,85563.36,Direct Sales
TXN_00337247,CUST_040089,PROD_02156,LOC_0044,2021-06-27,16,9147.68,20.0,117090.3,Online
TXN_00401887,CUST_038484,PROD_00881,LOC_0199,2022-09-07,16,3576.5,0.0,57224.0,Direct Sales
TXN_00110853,CUST_029116,PROD_00524,LOC_0022,2023-06-29,15,7754.44,5.0,110500.77,Retail
TXN_00084518,,PROD_02544,LOC_0071,2023-06-16,8,6772.22,20.0,43342.21,Retail
TXN_00211891,CUST_046756,PROD_04669,LOC_0230,2023-01-01,8,1219.65,5.0,9269.34,Retail
TXN_00302636,,PROD_00212,LOC_0075,2022-12-07,17,2055.95,20.0,27960.92,Retail
TXN_00295297,CUST_026446,PROD_01904,LOC_0082,2024-01-28,8,5045.01,0.0,40360.08,Partner
TXN_00380303,CUST_009489,PROD_01164,LOC_0056,2024-11-12,3,4466.26,0.0,13398.78,Retail
TXN_00426396,CUST_021141,PROD_04555,LOC_0111,2024-09-12,10,4469.87,20.0,35758.96,Partner
TXN_00241725,CUST_022915,PROD_01291,LOC_0159,2025-10-06,9,3616.5,20.0,26038.8,Online
TXN_00467225,CUST_021554,PROD_01826,LOC_0246,2024-11-09,11,6570.72,15.0,61436.23,Partner
TXN_00012076,CUST_008082,PROD_02042,LOC_0066,2024-04-14,13,7070.61,10.0,82726.14,Direct Sales
TXN_00143041,CUST_025680,PROD_01407,LOC_0097,2026-03-29,9,6684.99,10.0,54148.42,Direct Sales
TXN_00183009,CUST_019215,PROD_01576,LOC_0114,2021-09-23,19,2669.01,15.0,43104.51,Online
TXN_00443006,CUST_027386,PROD_04313,LOC_0116,2025-04-28,19,3583.99,5.0,64691.02,Retail
TXN_00335881,,PROD_02335,LOC_0082,2025-01-10,4,8011.0,10.0,28839.6,Retail
TXN_00032826,CUST_036095,PROD_03876,LOC_0009,2022-10-14,8,1789.08,5.0,13597.01,Partner
TXN_00033196,CUST_022930,PROD_00879,LOC_0235,2024-11-26,11,2438.49,0.0,26823.39,Online
TXN_00004662,CUST_046019,PROD_04590,LOC_0095,2021-06-15,6,487.54,20.0,2340.19,Partner
TXN_00491473,CUST_041089,PROD_03528,LOC_0190,2024-11-24,6,8385.55,10.0,45281.97,Retail
TXN_00411259,CUST_026243,PROD_00952,LOC_0230,2025-06-09,15,664.5,0.0,9967.5,Retail
TXN_00460469,CUST_016199,PROD_02385,LOC_0079,2026-04-28,13,9696.64,0.0,126056.32,Direct Sales
TXN_00127176,CUST_010987,PROD_00355,LOC_0070,2022-02-09,2,5991.92,10.0,10785.46,Retail
TXN_00467937,CUST_013311,PROD_04991,LOC_0123,2026-06-27,1,5246.92,20.0,4197.54,Retail
TXN_00209119,CUST_031900,PROD_04690,LOC_0102,2023-06-02,15,9617.97,20.0,115415.64,Partner
TXN_00353504,CUST_035254,PROD_01107,LOC_0225,2026-03-06,4,8256.64,0.0,33026.56,Partner
TXN_00184121,CUST_002152,PROD_04014,LOC_0164,2022-06-27,4,9731.06,5.0,36978.03,Online
TXN_00004302,CUST_029029,PROD_02765,LOC_0106,2024-08-21,11,8985.83,0.0,98844.13,Retail
TXN_00246364,CUST_013653,PROD_04677,LOC_0192,2021-07-29,1,9727.93,0.0,9727.93,Online
TXN_00436101,CUST_031086,PROD_01696,LOC_0141,2023-11-16,6,6941.51,0.0,41649.06,Direct Sales
TXN_00425216,CUST_016455,PROD_01336,LOC_0153,2022-01-30,11,8603.34,15.0,80441.23,Online
TXN_00436571,CUST_036573,PROD_01717,LOC_0140,2022-09-07,15,4961.19,20.0,59534.28,Partner
TXN_00401130,CUST_032372,PROD_01958,LOC_0121,2025-03-30,8,6160.42,0.0,49283.36,Direct Sales
TXN_00331676,CUST_048610,PROD_04183,LOC_0088,2023-06-12,5,9841.38,10.0,44286.21,Retail
TXN_00154079,,PROD_01783,LOC_0152,2025-10-22,10,2887.98,10.0,25991.82,Online
TXN_00001041,CUST_034813,PROD_00419,LOC_0214,2025-01-27,9,7839.62,15.0,59973.09,Partner
TXN_00240582,CUST_033327,PROD_03529,LOC_0154,2026-01-31,16,7785.83,5.0,118344.62,Partner
TXN_00360165,CUST_005229,PROD_04812,LOC_0218,2021-04-18,14,7360.6,15.0,87591.14,Partner
TXN_00342839,CUST_004654,PROD_03016,LOC_0086,2025-06-22,9,9347.24,5.0,79918.9,Partner
TXN_00155653,CUST_028961,PROD_00067,LOC_0221,2023-03-27,19,6174.45,20.0,93851.64,Direct Sales
TXN_00355161,CUST_039936,PROD_03329,LOC_0072,2024-10-17,10,2452.69,20.0,19621.52,Online
TXN_00130506,CUST_013853,PROD_01306,LOC_0190,2021-07-12,11,5821.59,15.0,54431.87,Partner
TXN_00069951,CUST_027915,PROD_01185,LOC_0047,2021-03-09,17,493.57,10.0,7551.62,Direct Sales
TXN_00430548,CUST_037353,PROD_00837,LOC_0073,2024-01-03,9,7814.83,20.0,56266.78,Partner
TXN_00029455,CUST_048545,PROD_01136,LOC_0200,2021-04-17,15,6015.38,15.0,76696.1,Retail
TXN_00045409,CUST_032930,PROD_00274,LOC_0088,2023-05-20,11,3879.97,0.0,42679.67,Direct Sales
TXN_00407336,CUST_008314,PROD_00230,LOC_0051,2021-08-14,5,575.25,5.0,2732.44,Retail
TXN_00125008,,PROD_04443,LOC_0150,2024-01-30,9,4601.39,15.0,35200.63,Partner
TXN_00276226,CUST_017450,PROD_04347,LOC_0004,2022-05-20,12,5747.63,0.0,68971.56,Online
TXN_00049853,CUST_029509,PROD_02594,LOC_0168,2026-05-09,6,3927.82,20.0,18853.54,Partner
TXN_00298829,CUST_044403,PROD_00848,LOC_0103,2021-05-11,1,7290.18,0.0,7290.18,Retail
TXN_00449434,CUST_035607,PROD_03365,LOC_0205,2022-07-16,1,9642.76,0.0,9642.76,Partner
TXN_00181279,CUST_026005,PROD_01797,LOC_0062,2023-08-16,12,9598.01,20.0,92140.9,Direct Sales
TXN_00319737,CUST_030657,PROD_03011,LOC_0046,2022-02-23,4,6392.85,15.0,21735.69,Partner
TXN_00388734,CUST_035799,PROD_00681,LOC_0192,2022-10-31,2,5034.87,10.0,9062.77,Online
TXN_00132705,CUST_033027,PROD_00203,LOC_0096,2026-01-22,19,441.22,5.0,7964.02,Retail
TXN_00474163,CUST_000993,PROD_02037,LOC_0028,2023-11-27,12,658.93,15.0,6721.09,Partner
TXN_00457180,CUST_009002,PROD_03885,LOC_0181,2025-04-11,17,3038.94,10.0,46495.78,Online
TXN_00167513,,PROD_04504,LOC_0161,2023-03-31,14,6228.3,20.0,69756.96,Retail
TXN_00301119,CUST_027874,PROD_01966,LOC_0206,2023-08-31,6,9512.51,15.0,48513.8,Retail
TXN_00388553,CUST_035040,PROD_03877,LOC_0175,2026-04-29,6,1082.54,5.0,6170.48,Retail
TXN_00155724,CUST_045834,PROD_01168,LOC_0011,2022-06-05,5,6034.75,5.0,28665.06,Retail
TXN_00367269,CUST_023958,PROD_01721,LOC_0122,2021-10-01,2,6338.78,20.0,10142.05,Retail
TXN_00077693,CUST_045048,PROD_04534,LOC_0072,2026-06-13,3,7241.28,15.0,18465.26,Retail
TXN_00082721,CUST_048863,PROD_02126,LOC_0037,2023-11-30,10,6601.23,20.0,52809.84,Online
TXN_00336691,CUST_048413,PROD_01286,LOC_0225,2022-08-07,9,3848.02,15.0,29437.35,Retail
TXN_00262306,CUST_044382,PROD_02452,LOC_0193,2021-09-27,19,309.79,5.0,5591.71,Retail
TXN_00270950,CUST_017325,PROD_02888,LOC_0041,2024-09-04,10,7098.79,0.0,70987.9,Retail
TXN_00059663,CUST_018085,PROD_00203,LOC_0225,2021-03-21,7,9213.93,0.0,64497.51,Partner
TXN_00420585,CUST_029433,PROD_04931,LOC_0026,2025-07-18,18,7047.86,20.0,101489.18,Partner
TXN_00058388,CUST_001880,PROD_02078,LOC_0063,2024-06-19,13,4833.16,20.0,50264.86,Retail
TXN_00425703,CUST_003441,PROD_01332,LOC_0086,2025-05-22,11,4585.19,10.0,45393.38,Online
TXN_00236367,CUST_009479,PROD_04744,LOC_0057,2021-05-12,12,5876.43,10.0,63465.44,Partner
TXN_00332897,CUST_018110,PROD_00521,LOC_0065,2025-05-19,19,3332.48,10.0,56985.41,Retail
TXN_00132441,CUST_003077,PROD_00517,LOC_0031,2022-05-19,9,2763.77,0.0,24873.93,Partner
TXN_00192353,CUST_015695,PROD_02957,LOC_0015,2025-10-14,2,6370.39,5.0,12103.74,Direct Sales
TXN_00255032,CUST_022671,PROD_02880,LOC_0008,2021-04-28,10,8868.96,0.0,88689.6,Online
TXN_00428628,CUST_025537,PROD_03546,LOC_0116,2026-06-11,11,1687.33,0.0,18560.63,Partner
TXN_00348921,CUST_011377,PROD_02435,LOC_0142,2023-04-16,6,5642.33,5.0,32161.28,Retail
TXN_00034205,,PROD_00703,LOC_0177,2026-05-20,7,413.23,0.0,2892.61,Retail
TXN_00017841,CUST_046841,PROD_02523,LOC_0183,2021-08-09,16,5924.46,10.0,85312.22,Partner
TXN_00453767,CUST_027114,PROD_00859,LOC_0199,2023-11-09,15,4330.59,15.0,55215.02,Direct Sales
TXN_00138563,,PROD_03583,LOC_0186,2021-02-02,12,2081.53,20.0,19982.69,Retail
TXN_00435663,CUST_043079,PROD_00142,LOC_0060,2025-07-09,9,542.57,20.0,3906.5,Direct Sales
TXN_00464310,,PROD_02570,LOC_0215,2025-02-15,10,3316.19,15.0,28187.62,Direct Sales
TXN_00042327,CUST_034781,PROD_00308,LOC_0181,2024-06-10,11,8271.74,20.0,72791.31,Partner
TXN_00191012,CUST_032379,PROD_00768,LOC_0005,2022-01-09,14,3739.16,20.0,41878.59,Partner
TXN_00362430,CUST_049856,PROD_04288,LOC_0037,2024-03-15,9,7325.78,5.0,62635.42,Online
TXN_00075283,CUST_027111,PROD_02958,LOC_0171,2026-05-07,12,7295.57,5.0,83169.5,Direct Sales
TXN_00433521,CUST_044123,PROD_01354,LOC_0192,2022-10-07,18,2909.9,0.0,52378.2,Online
TXN_00454046,CUST_001386,PROD_00157,LOC_0038,2025-07-11,16,6174.45,5.0,93851.64,Retail
TXN_00495784,CUST_022312,PROD_04677,LOC_0142,2024-04-10,11,2862.61,0.0,31488.71,Partner
TXN_00090442,CUST_040352,PROD_03388,LOC_0091,2024-09-29,6,1214.04,15.0,6191.6,Retail
TXN_00411571,CUST_031424,PROD_01873,LOC_0207,2024-10-01,8,989.37,0.0,7914.96,Retail
TXN_00192613,CUST_013463,PROD_02658,LOC_0130,2024-02-21,16,4034.61,20.0,51643.01,Online
TXN_00298475,,PROD_01206,LOC_0022,2021-02-15,9,250.27,5.0,2139.81,Online
TXN_00041738,CUST_035385,PROD_02243,LOC_0233,2024-04-21,14,4033.99,5.0,53652.07,Online
TXN_00271276,CUST_011409,PROD_01954,LOC_0047,2024-12-22,18,3322.68,15.0,50837.0,Direct Sales
TXN_00281185,CUST_015973,PROD_00632,LOC_0117,2025-03-15,7,9434.32,5.0,62738.23,Retail
TXN_00082777,CUST_047887,PROD_00544,LOC_0082,2025-06-15,4,2810.37,10.0,10117.33,Partner
TXN_00435552,CUST_006332,PROD_04502,LOC_0159,2024-08-21,18,1294.93,15.0,19812.43,Online
TXN_00086192,CUST_020069,PROD_01098,LOC_0082,2023-11-28,11,3839.38,10.0,38009.86,Retail
TXN_00287188,CUST_028238,PROD_01039,LOC_0232,2024-05-30,6,749.48,15.0,3822.35,Retail
TXN_00435198,CUST_034482,PROD_02893,LOC_0100,2023-07-12,6,1021.2,0.0,6127.2,Online
TXN_00380857,CUST_030042,PROD_00039,LOC_0222,2022-02-08,8,4797.54,5.0,36461.3,Direct Sales
TXN_00080527,,PROD_04582,LOC_0214,2023-05-12,4,5223.44,5.0,19849.07,Partner
TXN_00240261,CUST_031219,PROD_01483,LOC_0173,2025-10-28,10,8529.12,5.0,81026.64,Partner
TXN_00044086,CUST_000316,PROD_04537,LOC_0216,2023-05-03,14,3095.2,5.0,41166.16,Partner
TXN_00282187,CUST_031229,PROD_04607,LOC_0070,2022-12-16,9,6148.15,15.0,47033.35,Online
TXN_00050034,CUST_001531,PROD_00255,LOC_0145,2025-10-08,17,3306.2,10.0,50584.86,Partner
TXN_00116302,CUST_043236,PROD_00307,LOC_0073,2023-01-06,1,1317.22,0.0,1317.22,Direct Sales
TXN_00335264,CUST_003441,PROD_01390,LOC_0109,2021-01-12,7,890.2,10.0,5608.26,Retail
TXN_00432050,CUST_009133,PROD_03335,LOC_0183,2025-06-23,16,9387.04,0.0,150192.64,Online
TXN_00193152,CUST_027699,PROD_04072,LOC_0096,2022-09-14,18,3128.34,15.0,47863.6,Partner
TXN_00441682,CUST_045424,PROD_01262,LOC_0120,2024-08-29,2,5147.86,10.0,9266.15,Retail
TXN_00437643,CUST_034745,PROD_01208,LOC_0051,2023-01-19,16,4026.08,20.0,51533.82,Direct Sales
TXN_00046891,CUST_043593,PROD_04851,LOC_0164,2021-09-29,7,8312.3,5.0,55276.79,Online
TXN_00092570,CUST_028798,PROD_01852,LOC_0249,2022-04-27,5,9377.75,15.0,39855.44,Online
TXN_00421735,CUST_036272,PROD_02987,LOC_0118,2022-03-20,4,7653.26,10.0,27551.74,Direct Sales
TXN_00034109,CUST_039810,PROD_01851,LOC_0214,2021-12-11,2,3511.49,5.0,6671.83,Direct Sales
TXN_00160899,CUST_016473,PROD_03451,LOC_0084,2022-01-04,5,8671.09,10.0,39019.9,Retail
TXN_00030094,CUST_045201,PROD_01721,LOC_0086,2024-10-25,16,8414.36,10.0,121166.78,Online
TXN_00303981,CUST_028694,PROD_00957,LOC_0137,2024-04-23,12,3669.21,20.0,35224.42,Retail
TXN_00419536,CUST_030670,PROD_04546,LOC_0186,2025-01-16,4,6988.46,20.0,22363.07,Online
TXN_00169234,CUST_011638,PROD_02577,LOC_0070,2021-09-28,19,7357.37,15.0,118821.53,Partner
TXN_00232153,CUST_012796,PROD_00520,LOC_0056,2025-09-17,15,6715.88,5.0,95701.29,Online
TXN_00117835,CUST_013104,PROD_03791,LOC_0179,2023-09-16,2,7622.78,20.0,12196.45,Direct Sales
TXN_00142363,CUST_006677,PROD_03514,LOC_0238,2025-10-06,16,218.06,20.0,2791.17,Online
TXN_00198881,CUST_036600,PROD_02107,LOC_0095,2022-05-22,4,9918.71,5.0,37691.1,Direct Sales
TXN_00497398,CUST_019327,PROD_00600,LOC_0189,2024-03-12,15,4148.37,10.0,56003.0,Direct Sales
TXN_00112815,CUST_039773,PROD_02651,LOC_0227,2022-05-02,2,7140.19,5.0,13566.36,Direct Sales
TXN_00087538,CUST_035389,PROD_02333,LOC_0035,2021-02-07,11,1346.44,20.0,11848.67,Direct Sales
TXN_00412594,CUST_011940,PROD_03460,LOC_0136,2025-12-12,16,3801.38,0.0,60822.08,Online
TXN_00179978,CUST_019475,PROD_01508,LOC_0112,2021-01-20,16,3059.06,5.0,46497.71,Online
TXN_00431243,CUST_035241,PROD_03880,LOC_0231,2023-08-26,7,4454.85,5.0,29624.75,Retail
TXN_00171777,CUST_006943,PROD_02149,LOC_0047,2024-02-06,5,2701.86,10.0,12158.37,Retail
TXN_00074686,,PROD_00088,LOC_0022,2021-10-08,9,6651.73,10.0,53879.01,Partner
TXN_00236099,CUST_002849,PROD_04126,LOC_0034,2021-03-13,6,1557.72,5.0,8879.0,Direct Sales
TXN_00145072,CUST_030939,PROD_02719,LOC_0219,2026-01-12,10,1965.39,20.0,15723.12,Retail
TXN_00470476,CUST_003287,PROD_02615,LOC_0149,2023-04-15,5,2358.65,20.0,9434.6,Direct Sales
TXN_00295821,CUST_018650,PROD_04400,LOC_0207,2026-02-05,17,619.2,0.0,10526.4,Direct Sales
TXN_00357279,CUST_031275,PROD_00508,LOC_0117,2022-10-28,15,9697.79,20.0,116373.48,Direct Sales
TXN_00302630,CUST_009584,PROD_00575,LOC_0243,2024-07-19,2,5082.79,15.0,8640.74,Online
TXN_00226413,CUST_043781,PROD_02839,LOC_0094,2022-08-22,19,251.83,15.0,4067.05,Partner
TXN_00343420,CUST_002813,PROD_03968,LOC_0111,2025-12-27,2,561.3,5.0,1066.47,Online
TXN_00413757,CUST_004954,PROD_03453,LOC_0114,2021-10-21,1,4557.8,0.0,4557.8,Partner
TXN_00127666,CUST_002746,PROD_01388,LOC_0155,2023-09-01,13,216.23,5.0,2670.44,Retail
TXN_00377348,CUST_012358,PROD_03183,LOC_0196,2024-11-15,6,4234.22,10.0,22864.79,Direct Sales
TXN_00313065,CUST_042106,PROD_02361,LOC_0072,2024-01-20,11,4963.76,5.0,51871.29,Retail
TXN_00485187,CUST_013636,PROD_04202,LOC_0079,2021-09-04,7,2825.2,10.0,17798.76,Direct Sales
TXN_00459032,CUST_005362,PROD_01507,LOC_0006,2025-10-08,19,2474.14,15.0,39957.36,Direct Sales
TXN_00264885,CUST_042845,PROD_00323,LOC_0018,2024-08-13,18,5941.72,10.0,96255.86,Partner
TXN_00438724,CUST_033517,PROD_04987,LOC_0042,2022-10-13,4,9209.55,5.0,34996.29,Online
TXN_00013890,CUST_034829,PROD_01125,LOC_0196,2021-11-16,19,4245.36,20.0,64529.47,Online
TXN_00119740,CUST_009487,PROD_02163,LOC_0101,2022-02-04,12,9147.04,0.0,109764.48,Direct Sales
TXN_00159737,CUST_028803,PROD_03581,LOC_0191,2025-01-31,13,2895.4,15.0,31994.17,Partner
TXN_00143968,CUST_047992,PROD_00173,LOC_0059,2025-01-14,5,2772.06,15.0,11781.26,Online
TXN_00075188,CUST_016863,PROD_02913,LOC_0075,2021-02-22,13,6900.56,0.0,89707.28,Partner
TXN_00434403,CUST_035681,PROD_02743,LOC_0016,2024-01-16,13,1195.35,5.0,14762.57,Partner
TXN_00188637,CUST_041958,PROD_01346,LOC_0103,2023-08-17,14,9437.7,20.0,105702.24,Direct Sales
TXN_00315297,CUST_042784,PROD_01269,LOC_0226,2023-03-07,7,9052.98,5.0,60202.32,Retail
TXN_00197254,CUST_038007,PROD_03104,LOC_0048,2023-05-15,15,791.67,20.0,9500.04,Retail
TXN_00101185,CUST_024583,PROD_01858,LOC_0191,2024-02-24,1,4200.33,5.0,3990.31,Retail
TXN_00226430,CUST_013724,PROD_00252,LOC_0171,2026-05-25,12,6109.91,10.0,65987.03,Partner
TXN_00188796,CUST_011154,PROD_02607,LOC_0010,2023-04-29,18,4205.28,10.0,68125.54,Partner
TXN_00481145,CUST_049610,PROD_04130,LOC_0078,2021-05-14,15,6707.1,10.0,90545.85,Online
TXN_00443235,CUST_013261,PROD_04429,LOC_0193,2021-05-29,8,3761.43,0.0,30091.44,Online
TXN_00300863,,PROD_02795,LOC_0003,2026-05-24,11,1920.98,15.0,17961.16,Partner
TXN_00496301,CUST_012564,PROD_04716,LOC_0127,2025-08-29,13,3361.44,15.0,37143.91,Online
TXN_00296290,,PROD_02688,LOC_0124,2026-06-14,12,7234.91,10.0,78137.03,Direct Sales
TXN_00088832,CUST_007228,PROD_03842,LOC_0048,2023-10-08,19,1862.36,20.0,28307.87,Direct Sales
TXN_00043939,CUST_019544,PROD_02139,LOC_0070,2023-10-22,18,4005.26,5.0,68489.95,Direct Sales
TXN_00450975,CUST_036119,PROD_02561,LOC_0067,2025-01-21,2,2998.86,10.0,5397.95,Online
TXN_00192525,CUST_020038,PROD_02669,LOC_0036,2023-08-28,3,4948.24,0.0,14844.72,Online
TXN_00009208,CUST_025995,PROD_04452,LOC_0032,2024-05-29,7,9871.0,0.0,69097.0,Online
TXN_00240170,CUST_014944,PROD_03673,LOC_0186,2026-03-30,15,8692.58,5.0,123869.26,Retail
TXN_00144167,CUST_041847,PROD_02851,LOC_0031,2023-08-29,10,9919.17,15.0,84312.94,Direct Sales
TXN_00161707,CUST_049165,PROD_04745,LOC_0242,2024-03-10,14,3882.86,5.0,51642.04,Retail
TXN_00485084,CUST_037821,PROD_03001,LOC_0207,2023-08-20,3,1575.93,15.0,4018.62,Direct Sales
TXN_00384088,CUST_040629,PROD_02110,LOC_0122,2023-04-13,10,3075.46,20.0,24603.68,Retail
TXN_00302815,CUST_030453,PROD_03474,LOC_0039,2025-08-30,5,5781.38,0.0,28906.9,Retail
TXN_00493506,CUST_021957,PROD_00406,LOC_0239,2022-08-11,7,8280.24,10.0,52165.51,Retail
TXN_00402292,CUST_028235,PROD_03152,LOC_0165,2024-12-01,13,5155.61,0.0,67022.93,Online
TXN_00191329,CUST_010845,PROD_03675,LOC_0119,2023-03-06,2,8055.92,5.0,15306.25,Online
TXN_00262831,CUST_020856,PROD_00881,LOC_0213,2024-04-26,13,2975.5,10.0,34813.35,Online
TXN_00245448,CUST_032781,PROD_04625,LOC_0206,2026-01-29,10,7417.48,15.0,63048.58,Partner
TXN_00147089,CUST_047498,PROD_02570,LOC_0230,2025-06-14,15,8323.75,15.0,106127.81,Online
TXN_00166314,CUST_011264,PROD_00954,LOC_0212,2025-10-11,15,8211.94,0.0,123179.1,Partner
TXN_00094341,,PROD_00020,LOC_0157,2026-06-12,11,7087.81,20.0,62372.73,Partner
TXN_00326345,CUST_020513,PROD_01552,LOC_0227,2021-01-24,3,2017.1,10.0,5446.17,Retail
TXN_00283509,CUST_034091,PROD_01813,LOC_0074,2021-02-21,16,2936.82,10.0,42290.21,Direct Sales
TXN_00091094,CUST_018060,PROD_03085,LOC_0035,2025-11-11,1,5137.07,15.0,4366.51,Direct Sales
TXN_00315128,CUST_016995,PROD_04232,LOC_0128,2021-05-27,3,5305.55,10.0,14324.99,Online
TXN_00436404,CUST_047449,PROD_00731,LOC_0056,2024-11-06,7,7778.47,5.0,51726.83,Online
TXN_00186120,CUST_022746,PROD_01016,LOC_0181,2023-03-26,18,8395.89,15.0,128457.12,Online
TXN_00474624,CUST_048972,PROD_01420,LOC_0242,2023-03-11,16,2642.15,10.0,38046.96,Direct Sales
TXN_00300847,CUST_020423,PROD_00953,LOC_0159,2022-03-04,16,1390.12,0.0,22241.92,Retail
TXN_00218743,CUST_006444,PROD_01751,LOC_0042,2023-04-21,13,3026.72,15.0,33445.26,Partner
TXN_00076802,CUST_034414,PROD_03742,LOC_0045,2023-12-25,7,7139.62,20.0,39981.87,Partner
TXN_00293981,,PROD_02936,LOC_0111,2025-11-25,7,782.16,10.0,4927.61,Direct Sales
TXN_00013886,CUST_001352,PROD_01692,LOC_0033,2025-08-31,14,3959.63,20.0,44347.86,Partner
TXN_00360538,CUST_046353,PROD_00710,LOC_0194,2024-05-27,17,9394.8,10.0,143740.44,Partner
TXN_00485545,CUST_010443,PROD_01365,LOC_0151,2026-06-10,15,8798.41,0.0,131976.15,Retail
TXN_00267773,CUST_025914,PROD_01283,LOC_0134,2024-11-02,7,3353.05,5.0,22297.78,Online
TXN_00042140,CUST_002765,PROD_01648,LOC_0022,2021-09-16,7,4019.39,0.0,28135.73,Online
TXN_00204308,CUST_024214,PROD_02806,LOC_0208,2023-09-04,10,8602.91,5.0,81727.64,Partner
TXN_00143101,CUST_002960,PROD_02961,LOC_0108,2024-09-24,15,6897.4,5.0,98287.95,Retail
TXN_00158191,,PROD_02140,LOC_0209,2024-03-18,5,7825.27,0.0,39126.35,Retail
TXN_00308116,CUST_049333,PROD_00549,LOC_0153,2022-02-09,5,4516.19,10.0,20322.86,Partner
TXN_00061835,CUST_002080,PROD_02647,LOC_0232,2025-02-15,4,1399.2,0.0,5596.8,Online
TXN_00387471,CUST_011626,PROD_00538,LOC_0050,2025-08-01,13,3175.85,5.0,39221.75,Direct Sales
TXN_00289551,,PROD_01082,LOC_0116,2022-01-29,5,562.83,15.0,2392.03,Retail
TXN_00208024,CUST_017278,PROD_01098,LOC_0201,2021-09-07,15,8557.0,15.0,109101.75,Direct Sales
TXN_00055745,CUST_038780,PROD_00633,LOC_0098,2021-04-25,14,5882.6,15.0,70002.94,Online
TXN_00187364,CUST_018994,PROD_01222,LOC_0157,2025-01-27,9,540.39,0.0,4863.51,Online
TXN_00334075,CUST_016597,PROD_04456,LOC_0189,2024-02-29,2,467.4,10.0,841.32,Partner
TXN_00168537,CUST_035087,PROD_00476,LOC_0249,2024-12-09,7,3265.87,0.0,22861.09,Partner
TXN_00181796,CUST_026855,PROD_01380,LOC_0239,2026-01-18,6,2500.46,15.0,12752.35,Online
TXN_00380036,CUST_022823,PROD_01844,LOC_0046,2023-06-15,11,1495.1,10.0,14801.49,Direct Sales
TXN_00274659,CUST_036145,PROD_01750,LOC_0069,2021-02-27,7,8712.64,20.0,48790.78,Partner
TXN_00414862,CUST_029630,PROD_04370,LOC_0014,2025-12-19,10,2172.75,10.0,19554.75,Direct Sales
TXN_00091826,CUST_015192,PROD_03573,LOC_0142,2023-01-14,4,1104.32,5.0,4196.42,Online
TXN_00182843,CUST_028217,PROD_01326,LOC_0164,2023-06-27,11,8544.35,20.0,75190.28,Retail
TXN_00495105,CUST_009723,PROD_03747,LOC_0180,2021-02-19,10,7490.04,10.0,67410.36,Direct Sales
TXN_00325339,CUST_027172,PROD_04081,LOC_0032,2024-03-15,14,7855.73,15.0,93483.19,Retail
TXN_00001492,CUST_000210,PROD_00888,LOC_0164,2022-12-09,13,1828.65,10.0,21395.2,Direct Sales
TXN_00381023,CUST_013643,PROD_04670,LOC_0248,2025-11-06,16,2260.95,0.0,36175.2,Direct Sales
TXN_00132734,CUST_006872,PROD_00726,LOC_0106,2026-01-18,17,4794.96,0.0,81514.32,Partner
TXN_00371340,CUST_028476,PROD_02954,LOC_0035,2025-11-22,6,1836.55,10.0,9917.37,Partner
TXN_00490901,CUST_005620,PROD_04405,LOC_0154,2024-12-09,18,1770.51,15.0,27088.8,Retail
TXN_00369274,CUST_026151,PROD_01597,LOC_0012,2024-09-01,4,2762.14,0.0,11048.56,Direct Sales
TXN_00183538,CUST_046641,PROD_00329,LOC_0028,2024-06-03,18,9484.78,20.0,136580.83,Direct Sales
TXN_00054366,CUST_041317,PROD_04867,LOC_0080,2021-06-25,10,5330.53,10.0,47974.77,Retail
TXN_00202761,CUST_046605,PROD_02195,LOC_0053,2025-10-25,9,1573.69,20.0,11330.57,Direct Sales
TXN_00115693,CUST_045044,PROD_04807,LOC_0197,2025-08-08,4,1538.88,10.0,5539.97,Online
TXN_00449656,CUST_035375,PROD_02243,LOC_0069,2026-01-10,8,4086.07,0.0,32688.56,Retail
TXN_00013260,CUST_010259,PROD_04148,LOC_0239,2026-05-03,11,9101.68,5.0,95112.56,Direct Sales
TXN_00212411,CUST_041951,PROD_02187,LOC_0243,2024-05-26,11,267.55,0.0,2943.05,Partner
TXN_00250594,CUST_006418,PROD_03005,LOC_0016,2023-04-30,4,7035.31,20.0,22512.99,Retail
TXN_00126563,CUST_028184,PROD_00261,LOC_0226,2023-10-19,6,1846.5,15.0,9417.15,Online
TXN_00278385,CUST_022921,PROD_02675,LOC_0014,2026-05-10,4,1966.37,5.0,7472.21,Direct Sales
TXN_00192371,CUST_005021,PROD_03987,LOC_0192,2025-11-11,12,8336.8,15.0,85035.36,Direct Sales
TXN_00177951,CUST_026419,PROD_03151,LOC_0140,2023-12-25,16,3963.99,0.0,63423.84,Online
TXN_00150672,CUST_018816,PROD_01162,LOC_0240,2024-08-23,19,1358.99,5.0,24529.77,Online
TXN_00493610,CUST_030635,PROD_04679,LOC_0229,2023-01-30,5,1552.79,20.0,6211.16,Online
TXN_00033157,CUST_049206,PROD_03748,LOC_0193,2025-10-09,15,4405.09,5.0,62772.53,Partner
TXN_00326737,CUST_038006,PROD_04743,LOC_0048,2023-08-23,14,4562.24,15.0,54290.66,Retail
TXN_00080823,CUST_042491,PROD_00240,LOC_0172,2023-07-08,5,4685.9,20.0,18743.6,Online
TXN_00484342,CUST_009888,PROD_04649,LOC_0225,2023-09-13,4,9215.67,5.0,35019.55,Direct Sales
TXN_00293308,CUST_020111,PROD_01222,LOC_0174,2025-09-25,7,1609.98,15.0,9579.38,Direct Sales
TXN_00413087,CUST_009784,PROD_02829,LOC_0063,2024-08-02,16,1511.12,5.0,22969.02,Direct Sales
TXN_00420207,CUST_017068,PROD_03094,LOC_0078,2023-01-12,14,9946.81,10.0,125329.81,Partner
TXN_00136526,CUST_025950,PROD_02382,LOC_0024,2021-07-13,2,1120.91,10.0,2017.64,Direct Sales
TXN_00320882,CUST_026705,PROD_04061,LOC_0201,2024-11-03,15,8065.82,0.0,120987.3,Retail
TXN_00236916,CUST_032443,PROD_04535,LOC_0156,2021-09-14,4,7175.77,5.0,27267.93,Partner
TXN_00476626,CUST_031836,PROD_01339,LOC_0084,2022-04-16,16,3966.0,5.0,60283.2,Partner
TXN_00459711,CUST_001596,PROD_02514,LOC_0119,2021-01-13,2,5716.18,20.0,9145.89,Partner
TXN_00339208,CUST_034023,PROD_00452,LOC_0095,2024-12-23,15,8535.49,10.0,115229.12,Online
TXN_00479313,CUST_008342,PROD_00744,LOC_0111,2025-08-09,2,9820.16,5.0,18658.3,Partner
TXN_00139138,CUST_034939,PROD_00286,LOC_0041,2021-06-07,16,515.26,0.0,8244.16,Online
TXN_00090792,CUST_039955,PROD_03024,LOC_0055,2026-03-27,19,237.23,10.0,4056.63,Partner
TXN_00365782,CUST_004995,PROD_03765,LOC_0098,2023-01-23,9,7488.88,5.0,64029.92,Retail
TXN_00101356,CUST_008911,PROD_04595,LOC_0057,2022-08-31,19,5990.04,20.0,91048.61,Online
TXN_00061647,CUST_020924,PROD_02031,LOC_0173,2023-07-10,18,1065.46,10.0,17260.45,Retail
TXN_00463110,CUST_035859,PROD_03063,LOC_0249,2021-02-11,8,7430.58,15.0,50527.94,Partner
TXN_00461788,CUST_026128,PROD_04017,LOC_0070,2022-11-13,8,297.61,20.0,1904.7,Direct Sales
TXN_00428586,CUST_034193,PROD_02083,LOC_0171,2025-08-10,3,4866.97,0.0,14600.91,Direct Sales
TXN_00319700,CUST_047668,PROD_01793,LOC_0228,2025-05-19,15,6098.26,15.0,77752.82,Direct Sales
TXN_00453187,CUST_042849,PROD_02650,LOC_0241,2023-08-18,8,9514.38,0.0,76115.04,Partner
TXN_00163612,CUST_000298,PROD_01776,LOC_0163,2024-02-05,4,5931.45,5.0,22539.51,Online
TXN_00121833,CUST_031304,PROD_01600,LOC_0083,2023-04-11,11,862.71,15.0,8066.34,Online
TXN_00189040,CUST_014723,PROD_00238,LOC_0053,2026-06-05,16,2301.48,0.0,36823.68,Online
TXN_00461801,CUST_042052,PROD_01707,LOC_0238,2022-01-09,12,732.97,10.0,7916.08,Online
TXN_00124885,CUST_004158,PROD_02246,LOC_0249,2023-04-20,19,561.71,20.0,8537.99,Online
TXN_00196422,CUST_042265,PROD_04605,LOC_0158,2022-01-19,13,4911.85,15.0,54275.94,Direct Sales
TXN_00091278,CUST_042999,PROD_02957,LOC_0090,2026-04-03,1,178.05,10.0,160.24,Retail
TXN_00103444,CUST_006130,PROD_01590,LOC_0226,2023-12-26,16,5416.85,0.0,86669.6,Retail
TXN_00072564,CUST_024131,PROD_00843,LOC_0018,2023-04-21,11,9963.48,5.0,104118.37,Partner
TXN_00335142,CUST_048744,PROD_00256,LOC_0220,2024-06-19,16,6155.9,10.0,88644.96,Direct Sales
TXN_00219322,CUST_022609,PROD_01780,LOC_0131,2021-09-21,3,1533.28,15.0,3909.86,Retail
TXN_00373106,CUST_024700,PROD_00215,LOC_0146,2021-02-17,11,4424.99,10.0,43807.4,Direct Sales
TXN_00180489,CUST_011886,PROD_03518,LOC_0096,2023-09-27,7,7248.96,0.0,50742.72,Retail
TXN_00406700,,PROD_03862,LOC_0195,2021-02-22,12,4599.45,10.0,49674.06,Direct Sales
TXN_00076344,CUST_034606,PROD_03237,LOC_0154,2023-11-13,2,6609.82,15.0,11236.69,Retail
TXN_00003186,CUST_039822,PROD_02744,LOC_0234,2024-04-06,18,1308.91,15.0,20026.32,Retail
TXN_00035090,,PROD_02445,LOC_0113,2021-07-31,11,297.85,20.0,2621.08,Retail
TXN_00294867,CUST_032590,PROD_04737,LOC_0175,2025-01-12,17,1876.57,10.0,28711.52,Online
TXN_00064754,CUST_020272,PROD_03534,LOC_0128,2024-04-09,8,4327.93,15.0,29429.92,Partner
TXN_00048109,CUST_019838,PROD_01631,LOC_0190,2024-11-29,19,9950.37,20.0,151245.62,Online
TXN_00278075,CUST_008434,PROD_01725,LOC_0127,2022-09-25,3,1592.32,15.0,4060.42,Online
TXN_00243973,CUST_000462,PROD_04649,LOC_0052,2022-03-02,6,830.22,20.0,3985.06,Online
TXN_00461112,CUST_001177,PROD_04606,LOC_0037,2023-05-29,2,9769.36,10.0,17584.85,Online
TXN_00301681,CUST_034030,PROD_00493,LOC_0170,2022-02-20,11,6597.36,20.0,58056.77,Retail
TXN_00137461,CUST_035155,PROD_01919,LOC_0242,2021-07-08,5,7301.75,0.0,36508.75,Retail
TXN_00415484,CUST_004555,PROD_03198,LOC_0013,2021-07-13,8,1595.89,10.0,11490.41,Retail
TXN_00112269,CUST_002512,PROD_01871,LOC_0039,2021-11-19,9,5006.77,15.0,38301.79,Online
TXN_00054397,,PROD_04220,LOC_0012,2024-08-19,7,7838.27,5.0,52124.5,Partner
TXN_00214669,CUST_027362,PROD_00944,LOC_0073,2023-02-11,12,2969.33,5.0,33850.36,Partner
TXN_00407258,CUST_010676,PROD_02107,LOC_0230,2024-07-29,2,3180.01,5.0,6042.02,Online
TXN_00006209,CUST_014342,PROD_02095,LOC_0151,2025-09-22,12,2320.55,10.0,25061.94,Partner
TXN_00202342,CUST_007394,PROD_01672,LOC_0218,2024-06-24,19,7070.89,0.0,134346.91,Partner
TXN_00266508,CUST_018628,PROD_00176,LOC_0066,2025-10-28,4,8874.96,5.0,33724.85,Retail
TXN_00328293,CUST_035119,PROD_01053,LOC_0230,2024-10-05,6,8617.44,15.0,43948.94,Direct Sales
TXN_00399342,CUST_048384,PROD_02063,LOC_0179,2025-06-29,1,3224.5,5.0,3063.27,Direct Sales
TXN_00190722,CUST_048440,PROD_00905,LOC_0110,2024-11-29,5,5963.0,10.0,26833.5,Direct Sales
TXN_00475321,CUST_048481,PROD_00567,LOC_0136,2022-12-26,10,2688.15,15.0,22849.28,Online
TXN_00472451,CUST_047558,PROD_02066,LOC_0010,2024-09-22,1,1434.15,20.0,1147.32,Direct Sales
TXN_00214490,CUST_014429,PROD_02877,LOC_0164,2025-10-30,15,4102.48,10.0,55383.48,Partner
TXN_00392501,CUST_017764,PROD_01119,LOC_0002,2021-11-22,1,4583.85,0.0,4583.85,Retail
TXN_00392613,CUST_032126,PROD_03584,LOC_0224,2025-10-19,12,2783.36,0.0,33400.32,Retail
TXN_00053329,CUST_000185,PROD_02464,LOC_0080,2023-07-20,14,6258.33,10.0,78854.96,Partner
TXN_00029446,CUST_016673,PROD_02601,LOC_0136,2022-01-09,5,8835.98,15.0,37552.91,Retail
TXN_00011405,CUST_037870,PROD_01345,LOC_0151,2024-10-15,17,9744.64,0.0,165658.88,Retail
TXN_00261019,CUST_029090,PROD_03238,LOC_0067,2023-01-05,12,9863.71,5.0,112446.29,Partner
TXN_00224652,CUST_002127,PROD_01937,LOC_0180,2021-09-23,19,704.49,5.0,12716.04,Direct Sales
TXN_00115008,CUST_013265,PROD_01981,LOC_0091,2022-10-11,10,8794.93,15.0,74756.9,Retail
TXN_00427869,CUST_008452,PROD_03520,LOC_0216,2025-03-01,15,1344.33,5.0,19156.7,Direct Sales
TXN_00238967,CUST_030867,PROD_03903,LOC_0115,2024-05-26,12,4153.54,0.0,49842.48,Partner
TXN_00451000,CUST_026283,PROD_01725,LOC_0078,2023-02-28,10,4360.03,10.0,39240.27,Retail
TXN_00190465,CUST_023354,PROD_04057,LOC_0216,2022-02-23,7,7729.09,0.0,54103.63,Direct Sales
TXN_00374132,CUST_007876,PROD_00564,LOC_0214,2023-10-13,17,8845.91,15.0,127823.4,Online
TXN_00071986,CUST_030589,PROD_01133,LOC_0069,2023-06-06,18,7087.18,10.0,114812.32,Retail
TXN_00288790,CUST_020688,PROD_02924,LOC_0085,2026-02-22,1,2330.88,0.0,2330.88,Online
TXN_00068128,CUST_014093,PROD_02890,LOC_0016,2025-01-07,17,6586.59,10.0,100774.83,Retail
TXN_00048218,CUST_006821,PROD_02751,LOC_0128,2024-08-08,19,2793.84,20.0,42466.37,Retail
TXN_00243593,CUST_003979,PROD_04527,LOC_0150,2022-08-14,5,6175.55,5.0,29333.86,Direct Sales
TXN_00212035,CUST_029099,PROD_02044,LOC_0212,2025-12-12,13,843.0,0.0,10959.0,Retail
TXN_00235598,CUST_014623,PROD_00070,LOC_0194,2021-07-10,11,1962.24,15.0,18346.94,Partner
TXN_00396941,CUST_029150,PROD_02485,LOC_0005,2023-08-13,11,8000.74,20.0,70406.51,Retail
TXN_00280167,CUST_024221,PROD_02548,LOC_0133,2024-07-30,19,3941.98,20.0,59918.1,Online
TXN_00251167,CUST_033617,PROD_04949,LOC_0098,2021-03-09,3,4709.37,0.0,14128.11,Online
TXN_00234272,CUST_027742,PROD_04418,LOC_0071,2025-08-04,7,9722.08,10.0,61249.1,Online
TXN_00005248,,PROD_00931,LOC_0153,2023-03-22,14,1195.37,5.0,15898.42,Online
TXN_00479784,CUST_007544,PROD_01551,LOC_0048,2026-06-05,8,5263.21,20.0,33684.54,Direct Sales
TXN_00061820,CUST_017466,PROD_00913,LOC_0052,2025-02-28,15,9911.25,5.0,141235.31,Partner
TXN_00375394,CUST_039450,PROD_03195,LOC_0205,2025-07-18,8,9510.61,20.0,60867.9,Direct Sales
TXN_00314146,CUST_001995,PROD_01334,LOC_0202,2026-01-28,11,2432.08,0.0,26752.88,Online
TXN_00319415,CUST_022889,PROD_00078,LOC_0117,2024-08-08,9,9872.38,10.0,79966.28,Direct Sales
TXN_00368252,CUST_044488,PROD_04399,LOC_0149,2022-09-07,3,991.22,5.0,2824.98,Online
TXN_00398591,CUST_046266,PROD_00773,LOC_0007,2023-11-17,9,4987.22,10.0,40396.48,Direct Sales
TXN_00080512,CUST_046458,PROD_04085,LOC_0032,2022-07-01,16,286.57,10.0,4126.61,Direct Sales
TXN_00294548,CUST_018101,PROD_00203,LOC_0200,2026-03-23,8,764.83,10.0,5506.78,Online
TXN_00094586,CUST_041196,PROD_04963,LOC_0145,2021-05-23,11,8809.99,5.0,92064.4,Online
TXN_00287084,CUST_022839,PROD_03358,LOC_0157,2024-05-04,7,1308.61,10.0,8244.24,Retail
TXN_00479639,,PROD_01724,LOC_0007,2026-03-10,19,819.43,15.0,13233.79,Online
TXN_00253789,CUST_031434,PROD_04198,LOC_0104,2023-07-10,17,4620.86,20.0,62843.7,Retail
TXN_00286584,CUST_031250,PROD_00866,LOC_0138,2021-03-18,14,7424.48,15.0,88351.31,Online
TXN_00030196,CUST_032764,PROD_00496,LOC_0153,2022-05-31,16,5049.4,15.0,68671.84,Online
TXN_00306134,CUST_016312,PROD_03871,LOC_0125,2021-03-29,11,6998.85,0.0,76987.35,Partner
TXN_00288650,CUST_002123,PROD_04501,LOC_0131,2023-08-24,3,2402.52,20.0,5766.05,Partner
TXN_00188562,CUST_036880,PROD_04334,LOC_0108,2025-05-19,11,5900.74,15.0,55171.92,Retail
TXN_00191571,CUST_039445,PROD_00234,LOC_0185,2023-03-14,10,7435.84,10.0,66922.56,Retail
TXN_00085923,,PROD_02421,LOC_0138,2024-11-25,11,3819.08,15.0,35708.4,Online
TXN_00412393,CUST_035367,PROD_03179,LOC_0135,2026-03-08,3,2635.32,20.0,6324.77,Retail
TXN_00288586,CUST_046476,PROD_03916,LOC_0076,2024-12-03,7,3240.11,10.0,20412.69,Partner
TXN_00273431,CUST_026358,PROD_03361,LOC_0014,2021-11-17,16,484.4,20.0,6200.32,Direct Sales
TXN_00404292,CUST_034798,PROD_03474,LOC_0149,2022-08-29,10,5893.43,20.0,47147.44,Online
TXN_00042391,CUST_017084,PROD_01912,LOC_0021,2023-08-11,19,563.01,15.0,9092.61,Direct Sales
TXN_00215181,CUST_021182,PROD_00940,LOC_0233,2023-02-12,2,4601.14,20.0,7361.82,Partner
TXN_00319840,CUST_010146,PROD_02930,LOC_0205,2022-11-24,10,2147.61,10.0,19328.49,Retail
TXN_00303275,,PROD_00851,LOC_0242,2021-05-21,8,5388.6,0.0,43108.8,Partner
TXN_00293613,CUST_038545,PROD_04475,LOC_0214,2025-12-02,18,3509.36,15.0,53693.21,Online
TXN_00001225,CUST_048137,PROD_01825,LOC_0188,2025-03-31,15,4890.11,20.0,58681.32,Online
TXN_00436055,CUST_012284,PROD_04262,LOC_0038,2024-07-13,10,6964.25,10.0,62678.25,Direct Sales
TXN_00446184,CUST_045381,PROD_01965,LOC_0065,2021-01-20,3,7061.16,10.0,19065.13,Retail
TXN_00178721,CUST_030056,PROD_00182,LOC_0094,2022-07-20,12,1816.42,20.0,17437.63,Online
TXN_00442166,CUST_031673,PROD_01269,LOC_0145,2021-01-14,16,1090.02,5.0,16568.3,Partner
TXN_00429770,CUST_016332,PROD_03663,LOC_0085,2024-04-01,4,6848.48,0.0,27393.92,Online
TXN_00492309,CUST_007640,PROD_00077,LOC_0166,2023-05-08,3,4675.64,10.0,12624.23,Partner
TXN_00230478,CUST_015149,PROD_03639,LOC_0034,2025-12-01,5,2334.58,20.0,9338.32,Retail
TXN_00204583,CUST_048664,PROD_02600,LOC_0093,2022-06-16,6,8085.62,0.0,48513.72,Partner
TXN_00354063,CUST_040834,PROD_00480,LOC_0035,2026-05-24,15,3865.95,5.0,55089.79,Direct Sales
TXN_00144603,CUST_004840,PROD_00860,LOC_0015,2025-02-07,15,6232.18,10.0,84134.43,Online
TXN_00155138,CUST_027282,PROD_01485,LOC_0134,2021-09-01,11,7156.29,20.0,62975.35,Online
TXN_00403057,CUST_013045,PROD_04197,LOC_0217,2021-03-06,19,865.68,10.0,14803.13,Online
TXN_00392567,CUST_028057,PROD_03577,LOC_0098,2021-11-27,17,8184.77,15.0,118269.93,Direct Sales
TXN_00067381,CUST_008273,PROD_01530,LOC_0061,2025-03-13,14,5341.06,5.0,71036.1,Retail
TXN_00024512,CUST_010967,PROD_01244,LOC_0012,2023-04-26,1,7311.71,20.0,5849.37,Direct Sales
TXN_00269037,CUST_010966,PROD_03312,LOC_0170,2023-06-05,7,6047.13,20.0,33863.93,Direct Sales
TXN_00337380,CUST_012390,PROD_01327,LOC_0163,2025-12-09,13,9313.48,15.0,102913.95,Partner
TXN_00226721,CUST_004267,PROD_04261,LOC_0044,2025-10-03,19,5868.15,5.0,105920.11,Online
TXN_00363143,CUST_025488,PROD_02148,LOC_0191,2022-10-16,1,6377.74,10.0,5739.97,Retail
TXN_00311239,CUST_005645,PROD_03167,LOC_0167,2023-11-25,14,4955.22,10.0,62435.77,Direct Sales
TXN_00357441,CUST_026835,PROD_01468,LOC_0216,2024-06-11,4,6899.71,10.0,24838.96,Online
TXN_00277525,CUST_005961,PROD_00410,LOC_0155,2021-08-06,15,3607.12,20.0,43285.44,Retail
TXN_00250354,CUST_008667,PROD_02231,LOC_0233,2024-09-04,13,5030.33,20.0,52315.43,Partner
TXN_00376392,CUST_017253,PROD_03831,LOC_0027,2025-02-27,9,2989.71,20.0,21525.91,Retail
TXN_00000404,CUST_021254,PROD_01815,LOC_0089,2025-12-13,1,3968.21,10.0,3571.39,Partner
TXN_00047003,,PROD_02466,LOC_0227,2022-11-23,10,9831.67,10.0,88485.03,Retail
TXN_00166098,CUST_043170,PROD_04342,LOC_0239,2021-02-20,15,4148.84,10.0,56009.34,Direct Sales
TXN_00429287,CUST_031839,PROD_04924,LOC_0238,2026-03-30,1,7441.11,20.0,5952.89,Partner
TXN_00303269,CUST_030308,PROD_02327,LOC_0069,2021-08-12,8,6869.48,5.0,52208.05,Retail
TXN_00130717,CUST_028766,PROD_04241,LOC_0211,2021-02-12,12,8976.98,15.0,91565.2,Retail
TXN_00090002,CUST_034415,PROD_03531,LOC_0066,2022-08-15,7,1629.23,0.0,11404.61,Online
TXN_00258039,CUST_003810,PROD_02197,LOC_0178,2021-07-22,19,5419.92,5.0,97829.56,Retail
TXN_00172770,CUST_009724,PROD_00413,LOC_0002,2025-01-22,1,2472.75,5.0,2349.11,Online
TXN_00183332,CUST_003135,PROD_00186,LOC_0180,2024-12-29,8,7372.76,5.0,56032.98,Online
TXN_00315201,CUST_043755,PROD_02595,LOC_0184,2021-03-05,5,132.32,10.0,595.44,Online
TXN_00193632,CUST_040777,PROD_01886,LOC_0225,2021-08-21,12,8610.72,5.0,98162.21,Online
TXN_00455271,CUST_013531,PROD_04231,LOC_0112,2025-03-28,14,2657.83,10.0,33488.66,Direct Sales
TXN_00083802,CUST_043151,PROD_04847,LOC_0240,2022-10-22,-1,415.36,0.0,4153.6,Direct Sales
TXN_00258995,CUST_040566,PROD_01886,LOC_0217,2023-12-26,14,7713.63,20.0,86392.66,Retail
TXN_00427481,,PROD_01467,LOC_0181,2024-08-26,1,5092.51,10.0,4583.26,Partner
TXN_00036787,CUST_006445,PROD_00577,LOC_0141,2021-11-25,19,1700.08,15.0,27456.29,Retail
TXN_00236628,CUST_033019,PROD_00548,LOC_0222,2021-01-13,6,7159.19,15.0,36511.87,Direct Sales
TXN_00149245,CUST_049760,PROD_03522,LOC_0159,2022-04-24,5,6418.55,0.0,32092.75,Partner
TXN_00380440,CUST_037823,PROD_04475,LOC_0134,2023-08-28,5,3770.44,15.0,16024.37,Retail
TXN_00443707,CUST_040657,PROD_03280,LOC_0008,2023-04-06,4,3193.34,15.0,10857.36,Retail
TXN_00185852,CUST_045360,PROD_03863,LOC_0008,2026-06-09,14,3630.09,10.0,45739.13,Online
TXN_00131689,CUST_019159,PROD_04381,LOC_0199,2026-06-19,2,9632.17,20.0,15411.47,Direct Sales
TXN_00252110,CUST_034855,PROD_04227,LOC_0165,2022-08-03,3,3385.73,5.0,9649.33,Direct Sales
TXN_00375800,CUST_006027,PROD_04585,LOC_0106,2024-10-30,5,3529.21,20.0,14116.84,Partner
TXN_00069311,CUST_044100,PROD_01747,LOC_0026,2025-01-17,9,3612.98,10.0,29265.14,Online
TXN_00416491,CUST_029734,PROD_04808,LOC_0013,2022-08-07,4,6851.56,15.0,23295.3,Direct Sales
TXN_00290556,CUST_012712,PROD_01913,LOC_0231,2025-07-16,15,6489.96,0.0,97349.4,Online
TXN_00167864,CUST_038728,PROD_02071,LOC_0246,2021-11-24,15,957.41,20.0,11488.92,Partner
TXN_00156719,CUST_012676,PROD_02366,LOC_0225,2024-12-29,7,1081.51,10.0,6813.51,Direct Sales
TXN_00210069,CUST_041096,PROD_03964,LOC_0218,2021-11-10,14,6980.81,5.0,92844.77,Direct Sales
TXN_00456048,CUST_046049,PROD_02776,LOC_0247,2021-08-23,4,4585.43,15.0,15590.46,Partner
TXN_00216573,CUST_017355,PROD_02800,LOC_0161,2021-03-13,11,423.4,15.0,3958.79,Direct Sales
TXN_00193595,CUST_047414,PROD_01232,LOC_0030,2023-03-22,7,8493.14,5.0,56479.38,Direct Sales
TXN_00047269,,PROD_02753,LOC_0113,2024-01-04,16,7168.93,5.0,108967.74,Online
TXN_00493162,CUST_014425,PROD_03157,LOC_0017,2023-11-17,11,1173.07,10.0,11613.39,Retail
TXN_00320626,CUST_049895,PROD_04384,LOC_0123,2021-10-12,14,939.37,20.0,10520.94,Partner
TXN_00465182,CUST_046493,PROD_03348,LOC_0102,2021-12-15,1,7014.62,0.0,7014.62,Partner
TXN_00147609,CUST_012196,PROD_00265,LOC_0059,2024-08-15,13,4780.36,10.0,55930.21,Retail
TXN_00254858,CUST_006553,PROD_00364,LOC_0014,2025-11-20,12,5667.96,10.0,61213.97,Direct Sales
TXN_00439123,,PROD_00496,LOC_0017,2024-05-23,10,4687.19,5.0,44528.3,Online
TXN_00216130,CUST_001129,PROD_03059,LOC_0194,2021-12-21,5,8136.8,15.0,34581.4,Online
TXN_00333373,CUST_027020,PROD_03448,LOC_0142,2021-07-30,4,7025.44,15.0,23886.5,Direct Sales
TXN_00394136,CUST_049655,PROD_04484,LOC_0142,2021-07-20,9,7703.71,5.0,65866.72,Partner
TXN_00187951,CUST_019916,PROD_01466,LOC_0011,2022-02-26,4,896.36,15.0,3047.62,Online
TXN_00379672,CUST_039937,PROD_04773,LOC_0230,2025-08-31,7,3165.23,0.0,22156.61,Retail
TXN_00187702,CUST_001509,PROD_02152,LOC_0002,2021-12-26,9,6917.13,15.0,52916.04,Online
TXN_00386150,CUST_007947,PROD_00856,LOC_0155,2022-04-07,13,5533.08,20.0,57544.03,Direct Sales
TXN_00239432,CUST_031175,PROD_01054,LOC_0081,2024-10-30,9,5793.37,20.0,41712.26,Retail
TXN_00219738,,PROD_03376,LOC_0082,2023-01-10,19,9357.38,20.0,142232.18,Direct Sales
TXN_00292750,CUST_016029,PROD_00139,LOC_0183,2023-10-05,15,7743.12,15.0,98724.78,Online
TXN_00322967,CUST_026324,PROD_00799,LOC_0028,2022-06-11,12,5459.94,15.0,55691.39,Online
TXN_00374439,CUST_042371,PROD_00242,LOC_0036,2024-07-17,1,6767.72,5.0,6429.33,Direct Sales
TXN_00096289,CUST_032808,PROD_00821,LOC_0057,2023-11-08,15,6146.63,5.0,87589.48,Online
TXN_00489353,CUST_044544,PROD_02095,LOC_0053,2025-12-26,8,657.8,0.0,5262.4,Retail
TXN_00405233,CUST_025381,PROD_01020,LOC_0099,2024-02-27,15,865.75,0.0,12986.25,Online
TXN_00046598,CUST_036318,PROD_03293,LOC_0168,2022-10-16,6,2376.25,15.0,12118.88,Direct Sales
TXN_00077883,CUST_031938,PROD_03711,LOC_0124,2023-05-05,15,7672.74,15.0,97827.43,Online
TXN_00069243,CUST_022937,PROD_01290,LOC_0018,2025-08-20,11,1593.35,20.0,14021.48,Retail
TXN_00108672,CUST_020521,PROD_00168,LOC_0248,2023-04-02,5,2800.04,5.0,13300.19,Online
TXN_00490463,CUST_003606,PROD_02047,LOC_0185,2023-01-27,4,4171.94,15.0,14184.6,Online
TXN_00132506,CUST_002159,PROD_03076,LOC_0152,2023-06-09,7,9984.74,5.0,66398.52,Direct Sales
TXN_00183114,CUST_049960,PROD_03036,LOC_0229,2021-06-25,14,5037.72,0.0,70528.08,Retail
TXN_00188252,CUST_040195,PROD_04094,LOC_0179,2022-02-08,13,1178.33,0.0,15318.29,Retail
TXN_00037505,,PROD_03807,LOC_0151,2023-02-24,19,6010.36,20.0,91357.47,Online
TXN_00008542,CUST_040667,PROD_04113,LOC_0246,2026-01-27,19,7349.45,20.0,111711.64,Direct Sales
TXN_00086355,CUST_029929,PROD_04498,LOC_0168,2025-10-11,12,1665.66,5.0,18988.52,Online
TXN_00151485,CUST_010672,PROD_02427,LOC_0050,2023-08-14,6,844.14,15.0,4305.11,Online
TXN_00162916,CUST_009287,PROD_02306,LOC_0111,2025-04-30,14,893.75,20.0,10010.0,Online
TXN_00265846,CUST_047491,PROD_03477,LOC_0159,2023-07-16,19,6829.16,20.0,103803.23,Online
TXN_00385802,CUST_028652,PROD_02088,LOC_0146,2025-11-20,5,6425.5,10.0,28914.75,Online
TXN_00379800,CUST_039095,PROD_02546,LOC_0061,2022-05-10,12,3734.3,10.0,40330.44,Partner
TXN_00192501,CUST_025043,PROD_00355,LOC_0242,2025-05-18,13,5236.57,20.0,54460.33,Retail
TXN_00317354,CUST_048600,PROD_02384,LOC_0005,2022-03-10,16,9238.71,0.0,147819.36,Direct Sales
TXN_00102491,CUST_020353,PROD_03872,LOC_0162,2024-08-28,11,8235.92,0.0,90595.12,Retail
TXN_00181568,CUST_047634,PROD_01451,LOC_0074,2022-05-28,14,5479.52,10.0,69041.95,Online
TXN_00418461,CUST_030731,PROD_00364,LOC_0159,2023-06-28,8,1817.06,15.0,12356.01,Online
TXN_00300717,CUST_028974,PROD_03310,LOC_0022,2022-04-28,3,9077.96,20.0,21787.1,Partner
TXN_00390086,CUST_003610,PROD_04536,LOC_0148,2022-04-02,7,8335.42,0.0,58347.94,Online
TXN_00039688,CUST_020710,PROD_01967,LOC_0097,2024-08-19,17,3839.7,10.0,58747.41,Direct Sales
TXN_00480583,CUST_003758,PROD_01262,LOC_0141,2021-07-07,10,2733.8,15.0,23237.3,Retail
TXN_00000853,CUST_027282,PROD_03516,LOC_0063,2021-05-18,11,565.03,20.0,4972.26,Online
TXN_00374784,CUST_042867,PROD_04998,LOC_0010,2025-11-04,11,2728.26,15.0,25509.23,Retail
TXN_00234986,CUST_000553,PROD_00232,LOC_0052,2025-03-18,4,9514.24,10.0,34251.26,Online
TXN_00291207,CUST_024948,PROD_02824,LOC_0031,2026-06-09,1,318.54,10.0,286.69,Partner
TXN_00323585,CUST_037285,PROD_00844,LOC_0053,2022-04-21,15,3196.27,5.0,45546.85,Direct Sales
TXN_00119074,CUST_016617,PROD_01198,LOC_0093,2023-10-03,1,6242.81,0.0,6242.81,Online
TXN_00273328,CUST_014194,PROD_02560,LOC_0231,2022-04-01,2,6575.89,20.0,10521.42,Partner
TXN_00440271,CUST_036613,PROD_01622,LOC_0191,2025-09-26,18,6050.35,0.0,108906.3,Partner
TXN_00194506,CUST_026775,PROD_03226,LOC_0013,2024-03-14,4,1142.18,0.0,4568.72,Partner
TXN_00254993,CUST_014523,PROD_00970,LOC_0041,2021-05-08,12,9013.53,5.0,102754.24,Partner
TXN_00442282,CUST_019274,PROD_01131,LOC_0098,2021-07-02,9,6181.53,0.0,55633.77,Retail
TXN_00069046,CUST_016823,PROD_04241,LOC_0134,2023-03-30,11,8754.84,5.0,91488.08,Direct Sales
TXN_00003619,CUST_019193,PROD_02563,LOC_0081,2025-02-09,16,4447.04,0.0,71152.64,Online
TXN_00324477,CUST_008067,PROD_04500,LOC_0097,2023-06-15,11,3415.21,15.0,31932.21,Direct Sales
TXN_00028293,CUST_048906,PROD_01695,LOC_0230,2022-05-28,11,2764.19,10.0,27365.48,Partner
TXN_00180044,CUST_037528,PROD_04959,LOC_0140,2022-02-28,11,5029.85,15.0,47029.1,Retail
TXN_00046470,CUST_032366,PROD_01828,LOC_0181,2024-06-11,6,8694.64,20.0,41734.27,Direct Sales
TXN_00348862,CUST_032847,PROD_02042,LOC_0073,2023-04-07,16,3989.75,15.0,54260.6,Partner
TXN_00234698,CUST_049276,PROD_01330,LOC_0120,2025-05-27,4,8066.37,15.0,27425.66,Partner
TXN_00407850,CUST_010367,PROD_00123,LOC_0106,2025-06-23,15,8322.53,0.0,124837.95,Online
TXN_00252985,CUST_030436,PROD_03057,LOC_0006,2024-01-26,19,7083.68,5.0,127860.42,Retail
TXN_00206612,CUST_045855,PROD_02497,LOC_0065,2021-04-21,12,1603.18,15.0,16352.44,Partner
TXN_00294570,CUST_009201,PROD_02154,LOC_0097,2024-05-06,5,2997.37,15.0,12738.82,Partner
TXN_00459221,CUST_044136,PROD_02717,LOC_0224,2024-09-29,9,7773.24,20.0,55967.33,Partner
TXN_00134008,CUST_004366,PROD_04578,LOC_0236,2021-08-16,10,8972.76,10.0,80754.84,Online
TXN_00348476,CUST_020894,PROD_00721,LOC_0143,2025-02-06,15,7357.39,10.0,99324.77,Direct Sales
TXN_00326797,CUST_019452,PROD_02242,LOC_0101,2022-05-16,8,8187.67,5.0,62226.29,Partner
TXN_00458130,CUST_009707,PROD_03285,LOC_0006,2025-05-21,15,4533.96,5.0,64608.93,Online
TXN_00072927,CUST_021329,PROD_03354,LOC_0247,2025-11-20,6,2586.21,0.0,15517.26,Retail
TXN_00337708,,PROD_00600,LOC_0228,2025-06-03,3,5198.73,10.0,14036.57,Retail
TXN_00452233,CUST_023756,PROD_02218,LOC_0103,2024-10-11,4,1546.29,15.0,5257.39,Partner
TXN_00487316,CUST_014348,PROD_04086,LOC_0236,2025-12-26,16,6064.29,20.0,77622.91,Partner
TXN_00249563,CUST_028719,PROD_04996,LOC_0220,2022-10-25,6,3489.8,0.0,20938.8,Partner
TXN_00133680,CUST_046760,PROD_00937,LOC_0186,2022-02-26,18,4531.04,10.0,73402.85,Online
TXN_00141931,CUST_020536,PROD_04357,LOC_0049,2026-03-22,4,7101.39,15.0,24144.73,Online
TXN_00482491,CUST_049602,PROD_03293,LOC_0131,2023-01-19,7,6424.49,15.0,38225.72,Partner
TXN_00003126,CUST_049846,PROD_03791,LOC_0147,2023-04-05,6,2641.77,15.0,13473.03,Retail
TXN_00403363,CUST_004578,PROD_01549,LOC_0249,2024-11-01,4,2564.3,10.0,9231.48,Retail
TXN_00147042,CUST_023531,PROD_02676,LOC_0176,2022-06-18,10,6358.93,10.0,57230.37,Partner
TXN_00250693,CUST_007066,PROD_01071,LOC_0007,2021-06-10,2,5303.11,20.0,8484.98,Online
TXN_00283469,CUST_005821,PROD_04320,LOC_0162,2022-02-15,5,8114.73,0.0,40573.65,Partner
TXN_00165957,CUST_035207,PROD_04218,LOC_0097,2024-04-08,18,1269.85,5.0,21714.44,Partner
TXN_00278674,CUST_020734,PROD_01665,LOC_0132,2022-09-22,3,9842.43,15.0,25098.2,Retail
TXN_00235962,CUST_017242,PROD_00426,LOC_0043,2022-12-15,3,8055.13,0.0,24165.39,Retail
TXN_00382733,CUST_034391,PROD_01471,LOC_0068,2022-03-14,8,1781.4,20.0,11400.96,Online
TXN_00019612,CUST_013359,PROD_03358,LOC_0162,2025-06-17,6,269.1,10.0,1453.14,Retail
TXN_00168790,CUST_024437,PROD_03077,LOC_0044,2024-11-28,3,316.04,10.0,853.31,Online
TXN_00448844,CUST_025176,PROD_01774,LOC_0134,2022-02-17,2,4138.1,15.0,7034.77,Partner
TXN_00180580,CUST_005707,PROD_04248,LOC_0205,2025-09-11,16,9189.37,15.0,124975.43,Retail
TXN_00091751,CUST_007433,PROD_04962,LOC_0152,2024-06-20,15,4421.58,0.0,66323.7,Online
TXN_00131368,CUST_007515,PROD_03464,LOC_0013,2023-02-09,13,6393.07,20.0,66487.93,Direct Sales
TXN_00121012,CUST_025781,PROD_04727,LOC_0153,2023-01-19,3,3966.49,15.0,10114.55,Direct Sales
TXN_00236266,CUST_040130,PROD_00462,LOC_0044,2025-10-13,11,8017.31,5.0,83780.89,Partner
TXN_00336169,CUST_006328,PROD_02100,LOC_0026,2024-04-23,5,6825.12,20.0,27300.48,Online
TXN_00293936,,PROD_04839,LOC_0139,2021-01-11,13,5813.36,0.0,75573.68,Partner
TXN_00421823,CUST_005695,PROD_01314,LOC_0210,2025-08-07,10,7564.89,10.0,68084.01,Online
TXN_00314599,CUST_014907,PROD_03046,LOC_0098,2023-11-18,6,4433.95,0.0,26603.7,Partner
TXN_00349861,CUST_009187,PROD_03512,LOC_0069,2023-08-15,5,9809.11,20.0,39236.44,Partner
TXN_00255733,,PROD_00273,LOC_0030,2025-09-23,16,2844.28,5.0,43233.06,Partner
TXN_00338496,CUST_025203,PROD_01124,LOC_0099,2024-09-05,8,239.02,15.0,1625.34,Direct Sales
TXN_00370846,CUST_014665,PROD_01261,LOC_0075,2025-12-01,19,5249.84,15.0,84784.92,Direct Sales
TXN_00376273,CUST_002170,PROD_01984,LOC_0195,2024-02-20,3,2796.74,10.0,7551.2,Online
TXN_00155353,CUST_020250,PROD_00300,LOC_0046,2025-08-03,18,7696.81,0.0,138542.58,Partner
TXN_00303238,CUST_024132,PROD_02830,LOC_0249,2022-03-06,6,2378.84,5.0,13559.39,Direct Sales
TXN_00324956,CUST_006543,PROD_00876,LOC_0212,2026-02-09,-1,6110.7,0.0,48885.6,Direct Sales
TXN_00255994,CUST_003057,PROD_04990,LOC_0208,2022-02-12,4,7036.82,5.0,26739.92,Retail
TXN_00009925,CUST_040112,PROD_04042,LOC_0217,2024-02-26,6,5067.11,15.0,25842.26,Online
TXN_00287419,CUST_023452,PROD_02163,LOC_0184,2022-04-16,9,6716.94,10.0,54407.21,Direct Sales
TXN_00214468,CUST_000176,PROD_02137,LOC_0138,2025-07-25,12,4771.16,10.0,51528.53,Direct Sales
TXN_00252570,CUST_040635,PROD_04187,LOC_0010,2026-04-14,8,1234.44,10.0,8887.97,Retail
TXN_00109722,CUST_012646,PROD_00966,LOC_0012,2022-08-03,5,7361.94,0.0,36809.7,Online
TXN_00382591,CUST_016263,PROD_02596,LOC_0191,2025-08-18,17,1523.91,15.0,22020.5,Online
TXN_00020281,CUST_036928,PROD_01828,LOC_0244,2023-06-05,9,9375.07,10.0,75938.07,Direct Sales
TXN_00326079,CUST_045059,PROD_04916,LOC_0023,2025-05-13,17,1646.84,5.0,26596.47,Retail
TXN_00469398,CUST_039644,PROD_04656,LOC_0249,2024-10-02,12,4567.92,0.0,54815.04,Partner
TXN_00027234,CUST_025433,PROD_04739,LOC_0233,2022-12-02,2,5399.73,15.0,9179.54,Partner
TXN_00331990,CUST_042509,PROD_00908,LOC_0149,2024-11-25,7,1382.11,10.0,8707.29,Online
TXN_00176204,CUST_037936,PROD_00280,LOC_0243,2024-09-18,3,4235.69,0.0,12707.07,Retail
TXN_00042471,CUST_025999,PROD_03193,LOC_0169,2026-02-28,7,2243.87,15.0,13351.03,Direct Sales
TXN_00029386,CUST_029767,PROD_04292,LOC_0150,2026-05-10,1,4649.38,0.0,4649.38,Retail
TXN_00472226,CUST_006137,PROD_01818,LOC_0056,2024-11-30,8,7237.58,10.0,52110.58,Retail
TXN_00445500,CUST_026470,PROD_04654,LOC_0154,2025-08-20,18,1356.87,10.0,21981.29,Online
TXN_00239977,,PROD_04232,LOC_0202,2024-08-05,6,1588.72,20.0,7625.86,Online
TXN_00409477,CUST_047683,PROD_04171,LOC_0142,2025-06-16,3,5490.08,20.0,13176.19,Online
TXN_00192729,CUST_043819,PROD_01820,LOC_0024,2023-10-19,10,9361.92,20.0,74895.36,Retail
TXN_00292109,CUST_018220,PROD_03735,LOC_0085,2022-02-07,9,9958.85,20.0,71703.72,Partner
TXN_00407127,CUST_031914,PROD_00419,LOC_0175,2024-10-07,11,5306.8,10.0,52537.32,Direct Sales
TXN_00004184,CUST_003753,PROD_04138,LOC_0053,2021-03-26,3,1791.95,15.0,4569.47,Partner
TXN_00193863,CUST_043688,PROD_01378,LOC_0197,2024-05-19,11,9056.24,0.0,99618.64,Direct Sales
TXN_00403746,CUST_008745,PROD_00688,LOC_0041,2023-06-13,4,8735.38,10.0,31447.37,Retail
TXN_00374880,CUST_018261,PROD_01246,LOC_0204,2022-08-04,2,3809.04,20.0,6094.46,Retail
TXN_00401996,CUST_035602,PROD_04044,LOC_0155,2024-06-03,17,4524.57,10.0,69225.92,Online
TXN_00406829,CUST_006558,PROD_02917,LOC_0130,2021-01-30,5,4672.34,10.0,21025.53,Partner
TXN_00257561,CUST_039714,PROD_03800,LOC_0118,2022-05-03,9,4569.92,10.0,37016.35,Online
TXN_00155848,CUST_037814,PROD_04552,LOC_0238,2024-01-07,19,8899.3,20.0,135269.36,Retail
TXN_00108921,CUST_001666,PROD_02696,LOC_0064,2024-06-07,19,2134.99,15.0,34480.09,Direct Sales
TXN_00431680,CUST_030406,PROD_01833,LOC_0184,2022-11-01,16,2675.8,15.0,36390.88,Retail
TXN_00460029,CUST_046327,PROD_04638,LOC_0177,2022-11-16,12,5809.85,20.0,55774.56,Direct Sales
TXN_00422525,CUST_033426,PROD_00443,LOC_0089,2026-01-14,8,4657.65,5.0,35398.14,Direct Sales
TXN_00236607,CUST_016189,PROD_01771,LOC_0064,2024-09-08,10,2938.37,10.0,26445.33,Retail
TXN_00291394,,PROD_04295,LOC_0230,2023-11-13,17,9357.99,20.0,127268.66,Online
TXN_00173082,CUST_038507,PROD_01651,LOC_0053,2021-11-03,3,7738.11,10.0,20892.9,Online
TXN_00009106,CUST_025729,PROD_00375,LOC_0249,2023-08-01,14,905.76,20.0,10144.51,Partner
TXN_00469160,CUST_021948,PROD_04025,LOC_0113,2026-03-21,2,4968.3,15.0,8446.11,Retail
TXN_00323016,CUST_001712,PROD_00850,LOC_0113,2025-11-19,4,5981.88,20.0,19142.02,Online
TXN_00187862,CUST_005904,PROD_03591,LOC_0222,2024-07-15,6,6549.26,15.0,33401.23,Partner
TXN_00184122,CUST_048989,PROD_01246,LOC_0103,2026-03-22,7,885.79,10.0,5580.48,Online
TXN_00042644,CUST_010996,PROD_02667,LOC_0074,2026-04-04,15,614.22,20.0,7370.64,Online
TXN_00104059,CUST_005281,PROD_02411,LOC_0035,2022-07-17,18,6019.97,0.0,108359.46,Direct Sales
TXN_00092252,CUST_048183,PROD_00694,LOC_0076,2022-06-17,5,3096.17,0.0,15480.85,Direct Sales
TXN_00443532,CUST_047255,PROD_01025,LOC_0121,2023-02-25,16,2210.81,0.0,35372.96,Direct Sales
TXN_00129069,CUST_040182,PROD_00226,LOC_0185,2024-09-15,16,4465.34,10.0,64300.9,Direct Sales
TXN_00373943,CUST_045556,PROD_03108,LOC_0160,2022-02-12,3,6768.38,5.0,19289.88,Partner
TXN_00288381,CUST_006168,PROD_04798,LOC_0145,2024-07-10,4,5318.09,10.0,19145.12,Partner
TXN_00489036,CUST_033768,PROD_01866,LOC_0232,2024-01-31,7,3995.6,0.0,27969.2,Partner
TXN_00206811,CUST_035245,PROD_03705,LOC_0077,2021-04-27,10,9632.1,0.0,96321.0,Retail
TXN_00252417,CUST_010054,PROD_00585,LOC_0163,2022-11-24,15,3458.38,10.0,46688.13,Retail
TXN_00111854,CUST_041675,PROD_02574,LOC_0131,2024-11-21,14,4144.25,10.0,52217.55,Partner
TXN_00169206,CUST_036127,PROD_00315,LOC_0134,2022-02-12,7,5283.57,10.0,33286.49,Partner
TXN_00058627,CUST_000905,PROD_03802,LOC_0028,2024-06-22,4,6094.43,10.0,21939.95,Direct Sales
TXN_00488303,CUST_007100,PROD_03334,LOC_0067,2021-12-02,2,5162.63,20.0,8260.21,Direct Sales
TXN_00419505,CUST_032409,PROD_01687,LOC_0009,2024-08-20,9,9126.47,10.0,73924.41,Retail
TXN_00096626,CUST_045582,PROD_00917,LOC_0182,2024-09-25,14,7541.58,20.0,84465.7,Online
TXN_00073983,,PROD_01683,LOC_0193,2025-05-13,6,810.17,20.0,3888.82,Partner
TXN_00082209,CUST_025916,PROD_02326,LOC_0201,2025-11-10,11,3241.0,15.0,30303.35,Direct Sales
TXN_00366580,CUST_025230,PROD_03700,LOC_0023,2021-04-21,13,4881.05,15.0,53935.6,Direct Sales
TXN_00081304,CUST_022189,PROD_03111,LOC_0034,2021-01-05,1,1692.55,5.0,1607.92,Online
TXN_00264682,CUST_007415,PROD_01348,LOC_0225,2023-11-14,3,8806.75,10.0,23778.22,Retail
TXN_00354397,CUST_022054,PROD_04479,LOC_0246,2023-02-11,19,2066.64,0.0,39266.16,Retail
TXN_00167476,CUST_045985,PROD_01917,LOC_0038,2025-11-17,5,5556.9,20.0,22227.6,Direct Sales
TXN_00413586,CUST_001382,PROD_00376,LOC_0103,2023-07-21,12,2261.27,20.0,21708.19,Direct Sales
TXN_00280226,CUST_046722,PROD_03899,LOC_0094,2025-04-11,17,2391.3,10.0,36586.89,Direct Sales
TXN_00208875,CUST_007885,PROD_00899,LOC_0150,2022-11-05,10,8706.46,0.0,87064.6,Partner
TXN_00123534,CUST_025368,PROD_03567,LOC_0165,2023-08-08,13,2253.62,15.0,24902.5,Direct Sales
TXN_00192628,CUST_007790,PROD_03962,LOC_0032,2023-10-09,6,9975.21,15.0,50873.57,Direct Sales
TXN_00130656,CUST_018828,PROD_04720,LOC_0219,2023-03-15,14,6133.5,20.0,68695.2,Partner
TXN_00004940,CUST_020597,PROD_00943,LOC_0124,2022-04-23,13,1094.62,10.0,12807.05,Direct Sales
TXN_00353913,CUST_045951,PROD_04590,LOC_0111,2025-10-15,9,2586.86,5.0,22117.65,Retail
TXN_00438423,CUST_038232,PROD_04336,LOC_0232,2024-09-19,18,9296.68,15.0,142239.2,Retail
TXN_00309875,CUST_038916,PROD_00612,LOC_0151,2021-04-06,13,1189.8,10.0,13920.66,Online
TXN_00444074,CUST_026915,PROD_03669,LOC_0141,2021-06-23,16,3052.67,20.0,39074.18,Online
TXN_00404371,CUST_040502,PROD_04177,LOC_0082,2026-06-13,9,7019.51,0.0,63175.59,Partner
TXN_00360331,CUST_048991,PROD_01197,LOC_0241,2023-12-20,6,361.63,15.0,1844.31,Partner
TXN_00390117,CUST_028655,PROD_03207,LOC_0144,2024-11-12,19,4054.26,20.0,61624.75,Retail
TXN_00413567,CUST_026846,PROD_02998,LOC_0044,2021-05-07,6,1821.75,20.0,8744.4,Direct Sales
TXN_00009239,CUST_000509,PROD_03956,LOC_0218,2023-01-22,5,604.39,10.0,2719.76,Direct Sales
TXN_00369177,CUST_046739,PROD_00041,LOC_0124,2024-07-01,2,6754.24,20.0,10806.78,Online
TXN_00414011,CUST_016870,PROD_03064,LOC_0091,2024-09-09,18,3983.49,10.0,64532.54,Partner
TXN_00046292,CUST_040873,PROD_01419,LOC_0171,2024-06-23,-1,744.0,0.0,2976.0,Partner
TXN_00040962,CUST_022907,PROD_00792,LOC_0155,2026-04-17,15,3012.97,0.0,45194.55,Partner
TXN_00445794,CUST_014465,PROD_00949,LOC_0076,2021-02-07,1,3355.09,10.0,3019.58,Partner
TXN_00458808,CUST_000088,PROD_01526,LOC_0106,2021-07-17,6,3290.5,20.0,15794.4,Online
TXN_00138886,CUST_013494,PROD_00211,LOC_0162,2021-11-04,9,4112.11,0.0,37008.99,Online
TXN_00395865,CUST_027592,PROD_04441,LOC_0018,2023-06-19,19,222.86,0.0,4234.34,Direct Sales
TXN_00288925,CUST_048749,PROD_00005,LOC_0235,2022-08-22,12,3534.58,15.0,36052.72,Retail
TXN_00047797,CUST_017934,PROD_00649,LOC_0214,2021-05-06,15,9703.38,15.0,123718.09,Direct Sales
TXN_00405762,CUST_012667,PROD_02510,LOC_0058,2021-03-09,10,1377.23,10.0,12395.07,Direct Sales
TXN_00351922,CUST_038123,PROD_03517,LOC_0103,2026-05-10,7,504.79,15.0,3003.5,Direct Sales
TXN_00083410,CUST_013889,PROD_04751,LOC_0122,2026-04-15,9,381.02,20.0,2743.34,Retail
TXN_00278311,CUST_015282,PROD_02874,LOC_0094,2024-05-08,8,7184.77,20.0,45982.53,Partner
TXN_00210765,CUST_000893,PROD_01664,LOC_0082,2022-09-20,12,7077.27,20.0,67941.79,Online
TXN_00427709,CUST_035547,PROD_02214,LOC_0136,2025-08-01,15,9347.88,5.0,133207.29,Online
TXN_00385095,CUST_038558,PROD_01726,LOC_0042,2026-02-26,5,7651.0,0.0,38255.0,Online
TXN_00435363,CUST_022557,PROD_01679,LOC_0149,2022-10-06,15,380.46,5.0,5421.55,Direct Sales
TXN_00333495,CUST_015977,PROD_04756,LOC_0111,2025-05-05,4,3980.34,5.0,15125.29,Online
TXN_00375510,CUST_002205,PROD_00261,LOC_0212,2024-11-16,3,5614.08,5.0,16000.13,Retail
TXN_00253140,CUST_009478,PROD_00156,LOC_0127,2025-06-29,12,7330.93,15.0,74775.49,Direct Sales
TXN_00130620,CUST_008314,PROD_04578,LOC_0236,2022-03-11,15,3198.81,0.0,47982.15,Retail
TXN_00293505,CUST_019172,PROD_04303,LOC_0057,2025-07-29,18,1917.03,5.0,32781.21,Online
TXN_00269730,CUST_025803,PROD_04674,LOC_0009,2022-06-18,6,1017.14,5.0,5797.7,Retail
TXN_00487474,CUST_031332,PROD_00963,LOC_0030,2023-11-03,11,6357.03,10.0,62934.6,Online
TXN_00464023,,PROD_04202,LOC_0169,2025-05-19,13,8289.17,5.0,102371.25,Online
TXN_00102745,CUST_013060,PROD_03231,LOC_0180,2024-12-15,15,3088.45,10.0,41694.08,Partner
TXN_00225599,CUST_012466,PROD_04084,LOC_0138,2025-12-05,2,5889.65,0.0,11779.3,Direct Sales
TXN_00334609,CUST_040150,PROD_00636,LOC_0077,2024-02-10,18,8039.62,15.0,123006.19,Partner
TXN_00155689,CUST_046100,PROD_04219,LOC_0018,2026-04-22,10,5242.17,0.0,52421.7,Partner
TXN_00258365,CUST_014401,PROD_00900,LOC_0139,2024-08-13,13,9651.39,15.0,106647.86,Partner
TXN_00046133,CUST_017640,PROD_01459,LOC_0180,2023-05-02,19,587.25,5.0,10599.86,Partner
TXN_00199334,CUST_010491,PROD_02446,LOC_0172,2025-11-26,18,5503.92,10.0,89163.5,Retail
TXN_00487389,CUST_012413,PROD_00619,LOC_0128,2022-03-17,2,3247.29,5.0,6169.85,Partner
TXN_00444520,CUST_015439,PROD_00866,LOC_0244,2022-03-09,2,2444.49,10.0,4400.08,Retail
TXN_00475000,CUST_019813,PROD_03473,LOC_0182,2024-06-03,18,7953.52,20.0,114530.69,Online
TXN_00140102,CUST_045774,PROD_02368,LOC_0133,2026-06-25,18,9101.47,15.0,139252.49,Partner
TXN_00357800,CUST_032216,PROD_03142,LOC_0161,2026-02-05,13,4435.23,15.0,49009.29,Partner
TXN_00112251,CUST_031476,PROD_03950,LOC_0158,2022-12-08,9,4465.94,10.0,36174.11,Retail
TXN_00212441,CUST_036541,PROD_00398,LOC_0226,2024-10-02,9,1841.66,5.0,15746.19,Partner
TXN_00014619,CUST_001122,PROD_04263,LOC_0077,2022-08-05,16,3408.06,5.0,51802.51,Retail
TXN_00240482,CUST_048873,PROD_03454,LOC_0037,2026-04-25,11,774.88,20.0,6818.94,Partner
TXN_00078274,CUST_005012,PROD_04925,LOC_0162,2023-04-03,12,358.45,20.0,3441.12,Retail
TXN_00063951,CUST_038888,PROD_02567,LOC_0213,2021-06-02,18,2098.93,0.0,37780.74,Retail
TXN_00393839,CUST_002168,PROD_01298,LOC_0141,2025-06-10,9,1582.17,0.0,14239.53,Direct Sales
TXN_00059585,CUST_034305,PROD_00020,LOC_0210,2022-03-20,13,9185.03,5.0,113435.12,Direct Sales
TXN_00144811,CUST_047673,PROD_03131,LOC_0167,2022-03-25,9,2320.69,10.0,18797.59,Direct Sales
TXN_00369340,CUST_021577,PROD_01654,LOC_0208,2025-05-26,3,1412.05,15.0,3600.73,Partner
TXN_00343541,CUST_015646,PROD_04697,LOC_0167,2022-07-13,4,2608.05,5.0,9910.59,Online
TXN_00207128,CUST_003404,PROD_02662,LOC_0025,2023-01-03,1,9645.97,0.0,9645.97,Retail
TXN_00211556,CUST_043257,PROD_03694,LOC_0189,2023-02-02,9,3278.99,20.0,23608.73,Direct Sales
TXN_00335533,CUST_042816,PROD_04229,LOC_0003,2026-01-14,17,8109.87,10.0,124081.01,Retail
TXN_00362569,CUST_024319,PROD_02665,LOC_0184,2022-12-12,11,5972.34,15.0,55841.38,Partner
TXN_00226343,CUST_000912,PROD_02542,LOC_0186,2023-09-05,1,4583.5,0.0,4583.5,Partner
TXN_00384151,CUST_011713,PROD_03307,LOC_0112,2022-09-04,17,6968.27,20.0,94768.47,Partner
TXN_00281640,CUST_017879,PROD_01935,LOC_0088,2024-06-12,16,5566.67,10.0,80160.05,Retail
TXN_00002939,CUST_023363,PROD_00876,LOC_0174,2026-04-11,11,7677.78,5.0,80232.8,Direct Sales
TXN_00232024,CUST_046762,PROD_00555,LOC_0211,2025-05-13,5,6200.52,5.0,29452.47,Online
TXN_00472495,CUST_007059,PROD_02467,LOC_0166,2024-05-04,18,5240.93,15.0,80186.23,Direct Sales
TXN_00292863,CUST_042782,PROD_04846,LOC_0136,2025-08-02,1,9327.28,15.0,7928.19,Online
TXN_00041358,CUST_043745,PROD_00290,LOC_0075,2023-08-19,12,8383.8,10.0,90545.04,Retail
TXN_00122598,CUST_016621,PROD_03510,LOC_0161,2023-03-20,4,1164.04,5.0,4423.35,Online
TXN_00123950,CUST_007160,PROD_00267,LOC_0001,2025-05-24,2,7316.01,0.0,14632.02,Direct Sales
TXN_00374556,CUST_043767,PROD_04835,LOC_0125,2021-10-28,15,5801.69,0.0,87025.35,Retail
TXN_00046508,CUST_046083,PROD_02156,LOC_0109,2021-12-26,3,3084.5,5.0,8790.82,Partner
TXN_00411563,CUST_049230,PROD_04361,LOC_0106,2021-07-28,4,2550.18,15.0,8670.61,Retail
TXN_00142970,CUST_021465,PROD_01545,LOC_0012,2022-09-17,1,7074.19,5.0,6720.48,Retail
TXN_00435665,CUST_004794,PROD_04420,LOC_0027,2021-05-04,10,8390.27,15.0,71317.3,Partner
TXN_00159537,CUST_048838,PROD_02061,LOC_0205,2021-03-22,3,5545.82,15.0,14141.84,Retail
TXN_00023733,CUST_040916,PROD_01768,LOC_0249,2025-09-26,8,6948.98,10.0,50032.66,Partner
TXN_00302532,CUST_040966,PROD_03060,LOC_0030,2021-10-30,4,211.87,20.0,677.98,Retail
TXN_00256862,CUST_048897,PROD_03489,LOC_0221,2023-07-17,17,8795.51,5.0,142047.49,Online
TXN_00155096,CUST_048477,PROD_02024,LOC_0164,2023-10-09,11,2783.08,0.0,30613.88,Direct Sales
TXN_00095345,CUST_022435,PROD_02598,LOC_0019,2022-02-28,7,4639.8,15.0,27606.81,Partner
TXN_00204393,CUST_029048,PROD_04862,LOC_0046,2021-06-01,13,8484.58,10.0,99269.59,Retail
TXN_00267174,CUST_032010,PROD_04329,LOC_0132,2023-04-26,17,4176.02,10.0,63893.11,Retail
TXN_00361630,,PROD_04863,LOC_0177,2022-01-04,1,6192.54,10.0,5573.29,Online
TXN_00333451,CUST_014916,PROD_00296,LOC_0044,2021-01-19,7,2926.97,5.0,19464.35,Partner
TXN_00356574,CUST_026280,PROD_02696,LOC_0095,2023-04-17,6,6981.72,15.0,35606.77,Online
TXN_00368303,CUST_012428,PROD_01702,LOC_0039,2024-11-21,9,5889.62,15.0,45055.59,Direct Sales
TXN_00222162,CUST_002099,PROD_03647,LOC_0208,2025-05-05,1,4924.44,15.0,4185.77,Retail
TXN_00120200,CUST_037518,PROD_03433,LOC_0035,2025-09-25,15,271.12,0.0,4066.8,Retail
TXN_00391270,CUST_042169,PROD_03846,LOC_0192,2022-07-19,1,4614.69,10.0,4153.22,Partner
TXN_00217894,CUST_011858,PROD_03362,LOC_0125,2024-07-14,17,4010.94,0.0,68185.98,Direct Sales
TXN_00294441,CUST_001507,PROD_02894,LOC_0158,2024-01-24,14,2107.81,15.0,25082.94,Retail
TXN_00319797,CUST_028482,PROD_03485,LOC_0183,2022-09-03,15,8016.05,5.0,114228.71,Retail
TXN_00085476,CUST_038743,PROD_04058,LOC_0103,2024-11-28,14,8905.18,0.0,124672.52,Partner
TXN_00283641,CUST_039230,PROD_01419,LOC_0022,2026-01-06,4,5576.36,10.0,20074.9,Direct Sales
TXN_00081991,CUST_020116,PROD_03555,LOC_0180,2025-03-03,5,7423.97,0.0,37119.85,Partner
TXN_00365165,CUST_020912,PROD_01942,LOC_0243,2023-01-22,17,4979.98,0.0,84659.66,Partner
TXN_00055168,CUST_048158,PROD_00919,LOC_0141,2023-07-11,8,5820.68,10.0,41908.9,Online
TXN_00457672,CUST_048961,PROD_00641,LOC_0115,2024-10-14,17,8848.61,20.0,120341.1,Partner
TXN_00491720,CUST_003024,PROD_00877,LOC_0216,2025-12-02,2,6303.11,5.0,11975.91,Partner
TXN_00189696,CUST_020776,PROD_03938,LOC_0072,2024-10-10,13,6697.54,0.0,87068.02,Direct Sales
TXN_00057153,CUST_024007,PROD_03231,LOC_0004,2024-10-08,15,7303.82,20.0,87645.84,Direct Sales
TXN_00017556,CUST_033414,PROD_01604,LOC_0247,2021-08-29,5,1615.71,20.0,6462.84,Online
TXN_00302960,CUST_032090,PROD_02860,LOC_0029,2025-06-08,6,3124.06,10.0,16869.92,Direct Sales
TXN_00289439,CUST_044379,PROD_01787,LOC_0169,2021-03-24,11,4522.72,20.0,39799.94,Direct Sales
TXN_00339218,CUST_036840,PROD_04648,LOC_0012,2023-12-10,4,5089.15,20.0,16285.28,Direct Sales
TXN_00246793,CUST_019959,PROD_02185,LOC_0053,2025-09-17,18,351.0,10.0,5686.2,Retail
TXN_00070568,CUST_034411,PROD_00520,LOC_0004,2025-07-18,15,3454.75,0.0,51821.25,Partner
TXN_00217920,CUST_019934,PROD_02343,LOC_0180,2024-10-03,16,5068.69,10.0,72989.14,Online
TXN_00037058,CUST_018961,PROD_01296,LOC_0109,2022-12-11,15,7026.04,0.0,105390.6,Partner
TXN_00364213,CUST_004879,PROD_01334,LOC_0164,2026-02-22,4,3683.59,20.0,11787.49,Retail
TXN_00421223,CUST_027564,PROD_04221,LOC_0209,2024-10-13,1,1835.52,10.0,1651.97,Online
TXN_00222179,CUST_036631,PROD_01158,LOC_0203,2023-03-10,13,9748.72,5.0,120396.69,Retail
TXN_00385033,CUST_004526,PROD_00418,LOC_0033,2024-09-22,6,9407.1,20.0,45154.08,Retail
TXN_00262857,CUST_014461,PROD_03176,LOC_0237,2022-12-21,5,4250.06,5.0,20187.79,Online
TXN_00194742,CUST_016193,PROD_04917,LOC_0031,2023-03-06,16,4952.39,5.0,75276.33,Retail
TXN_00409893,CUST_008546,PROD_00685,LOC_0208,2022-02-10,13,146.9,15.0,1623.24,Partner
TXN_00451628,,PROD_01197,LOC_0180,2025-12-17,15,8468.36,15.0,107971.59,Partner
TXN_00345053,CUST_022913,PROD_00234,LOC_0191,2021-11-07,3,1525.1,0.0,4575.3,Partner
TXN_00177844,CUST_018520,PROD_01056,LOC_0001,2024-10-10,11,5806.34,0.0,63869.74,Partner
TXN_00225209,,PROD_00269,LOC_0046,2025-05-01,10,8357.82,15.0,71041.47,Direct Sales
TXN_00272699,CUST_004242,PROD_02727,LOC_0087,2022-11-19,18,3809.26,5.0,65138.35,Retail
TXN_00051128,,PROD_01428,LOC_0022,2022-05-05,12,4487.47,10.0,48464.68,Direct Sales
TXN_00217371,CUST_023840,PROD_02951,LOC_0016,2023-05-26,14,5759.39,20.0,64505.17,Direct Sales
TXN_00349076,CUST_010424,PROD_03776,LOC_0088,2026-06-24,9,5125.54,15.0,39210.38,Retail
TXN_00265167,CUST_020601,PROD_01400,LOC_0188,2022-05-31,3,6214.77,5.0,17712.09,Retail
TXN_00316467,CUST_025159,PROD_01480,LOC_0205,2023-11-13,2,4764.95,20.0,7623.92,Online
TXN_00469082,CUST_048351,PROD_00431,LOC_0074,2021-09-30,1,5653.5,10.0,5088.15,Online
TXN_00417786,CUST_008375,PROD_01848,LOC_0198,2023-12-31,19,5237.85,20.0,79615.32,Partner
TXN_00467529,CUST_041448,PROD_02093,LOC_0147,2026-03-06,18,3245.2,0.0,58413.6,Online
TXN_00306245,CUST_042517,PROD_00236,LOC_0023,2024-05-21,5,9843.21,0.0,49216.05,Direct Sales
TXN_00427620,CUST_047135,PROD_01593,LOC_0075,2026-01-22,2,7347.05,20.0,11755.28,Direct Sales
TXN_00397032,CUST_018008,PROD_02668,LOC_0006,2022-12-16,10,4816.81,10.0,43351.29,Retail
TXN_00005574,CUST_002200,PROD_01360,LOC_0142,2022-03-19,4,8404.76,15.0,28576.18,Retail
TXN_00166069,CUST_019490,PROD_04897,LOC_0007,2022-09-14,18,7312.09,20.0,105294.1,Online
TXN_00060669,CUST_032339,PROD_02903,LOC_0078,2024-07-29,9,5438.98,15.0,41608.2,Direct Sales
TXN_00402517,CUST_032963,PROD_02563,LOC_0199,2025-03-13,8,9735.03,20.0,62304.19,Online
TXN_00229766,CUST_013977,PROD_01985,LOC_0213,2023-10-19,19,1118.95,15.0,18071.04,Partner
TXN_00034798,CUST_030511,PROD_00189,LOC_0198,2021-04-06,8,2255.15,10.0,16237.08,Direct Sales
TXN_00451885,CUST_038921,PROD_02557,LOC_0054,2025-07-06,19,3369.63,0.0,64022.97,Online
TXN_00181336,CUST_017768,PROD_01669,LOC_0168,2023-09-13,5,6126.66,20.0,24506.64,Retail
TXN_00358620,CUST_025040,PROD_03229,LOC_0223,2021-01-10,11,247.74,20.0,2180.11,Retail
TXN_00196557,CUST_004320,PROD_01692,LOC_0040,2025-11-10,3,7804.08,0.0,23412.24,Retail
TXN_00093424,CUST_007115,PROD_00677,LOC_0239,2026-05-24,8,4485.71,5.0,34091.4,Retail
TXN_00011523,CUST_021946,PROD_02570,LOC_0211,2022-10-08,12,3125.11,15.0,31876.12,Partner
TXN_00355477,CUST_039939,PROD_04409,LOC_0051,2023-01-05,2,7775.85,5.0,14774.12,Retail
TXN_00203168,CUST_020901,PROD_02555,LOC_0070,2024-05-09,2,8857.31,10.0,15943.16,Retail
TXN_00400915,CUST_046395,PROD_03864,LOC_0014,2021-12-08,3,3264.96,0.0,9794.88,Direct Sales
TXN_00318956,CUST_040677,PROD_00102,LOC_0025,2026-02-20,17,3808.03,10.0,58262.86,Retail
TXN_00224937,CUST_012304,PROD_00884,LOC_0154,2025-04-09,13,8343.58,15.0,92196.56,Online
TXN_00231460,CUST_012740,PROD_03746,LOC_0221,2023-06-17,4,4000.37,5.0,15201.41,Partner
TXN_00476431,CUST_019980,PROD_01058,LOC_0065,2021-08-10,14,9530.35,5.0,126753.65,Online
TXN_00064082,CUST_011570,PROD_04089,LOC_0059,2025-06-11,4,6692.51,5.0,25431.54,Direct Sales
TXN_00346232,CUST_030796,PROD_04947,LOC_0133,2025-05-07,15,7867.91,15.0,100315.85,Partner
TXN_00124357,CUST_036780,PROD_02743,LOC_0217,2022-04-07,1,9350.92,20.0,7480.74,Online
TXN_00340678,CUST_038700,PROD_00519,LOC_0155,2022-03-16,1,1999.68,10.0,1799.71,Retail
TXN_00357047,CUST_024439,PROD_00607,LOC_0008,2021-02-09,7,5731.17,15.0,34100.46,Online
TXN_00169517,CUST_015379,PROD_02850,LOC_0001,2024-08-09,19,3713.3,15.0,59969.8,Retail
TXN_00334996,CUST_008825,PROD_03888,LOC_0138,2022-11-23,12,3320.89,5.0,37858.15,Partner
TXN_00411793,CUST_037126,PROD_03812,LOC_0026,2024-08-21,16,1819.61,20.0,23291.01,Online
TXN_00356234,CUST_049460,PROD_00418,LOC_0079,2026-06-25,18,7967.55,15.0,121903.51,Online
TXN_00314293,,PROD_01155,LOC_0029,2024-08-21,6,8377.82,5.0,47753.57,Retail
TXN_00352806,CUST_030290,PROD_01805,LOC_0149,2022-11-06,19,293.52,20.0,4461.5,Direct Sales
TXN_00293395,CUST_046131,PROD_04983,LOC_0231,2023-05-18,15,4032.7,0.0,60490.5,Direct Sales
TXN_00499685,CUST_033711,PROD_01997,LOC_0075,2023-03-02,1,3638.59,0.0,3638.59,Direct Sales
TXN_00445925,CUST_031952,PROD_04704,LOC_0055,2022-08-21,15,7190.81,20.0,86289.72,Retail
TXN_00402409,CUST_033522,PROD_00069,LOC_0019,2022-05-27,11,5845.76,20.0,51442.69,Partner
TXN_00389544,CUST_013305,PROD_01465,LOC_0177,2024-06-02,14,4034.01,10.0,50828.53,Partner
TXN_00117104,CUST_037165,PROD_03072,LOC_0176,2024-09-23,9,3186.71,15.0,24378.33,Partner
TXN_00210728,CUST_046899,PROD_00188,LOC_0206,2021-04-13,6,5746.84,10.0,31032.94,Retail
TXN_00421881,CUST_006812,PROD_00068,LOC_0182,2024-05-14,1,3381.22,15.0,2874.04,Online
TXN_00312912,CUST_017994,PROD_03280,LOC_0154,2021-05-21,3,9020.35,5.0,25708.0,Partner
TXN_00145859,CUST_011827,PROD_03231,LOC_0206,2025-07-09,14,6303.15,5.0,83831.89,Online
TXN_00497460,,PROD_01976,LOC_0163,2025-01-08,14,4888.16,20.0,54747.39,Direct Sales
TXN_00482844,CUST_023343,PROD_04941,LOC_0155,2026-04-24,11,4844.18,0.0,53285.98,Direct Sales
TXN_00406464,CUST_032740,PROD_01361,LOC_0216,2025-12-15,1,1259.88,20.0,1007.9,Online
TXN_00324572,CUST_046528,PROD_00384,LOC_0233,2023-11-13,10,7344.15,20.0,58753.2,Retail
TXN_00409920,CUST_034388,PROD_01121,LOC_0044,2022-11-16,12,8460.95,5.0,96454.83,Retail
TXN_00301524,CUST_039351,PROD_01956,LOC_0054,2025-07-24,17,6339.77,5.0,102387.29,Direct Sales
TXN_00167843,CUST_012690,PROD_04604,LOC_0107,2023-04-25,19,2710.19,10.0,46344.25,Retail
TXN_00424077,CUST_045855,PROD_00568,LOC_0170,2022-09-02,6,2214.21,0.0,13285.26,Retail
TXN_00243359,CUST_032012,PROD_02103,LOC_0186,2021-06-03,14,4572.85,0.0,64019.9,Direct Sales
TXN_00082039,CUST_036084,PROD_03314,LOC_0239,2026-01-02,3,3108.21,20.0,7459.7,Direct Sales
TXN_00300873,CUST_000385,PROD_03300,LOC_0134,2024-08-08,9,7267.27,15.0,55594.62,Retail
TXN_00010764,CUST_003543,PROD_03423,LOC_0059,2026-02-28,2,9225.59,20.0,14760.94,Online
TXN_00294101,CUST_045524,PROD_01513,LOC_0157,2025-10-10,2,4173.93,5.0,7930.47,Retail
TXN_00278189,CUST_020452,PROD_00458,LOC_0204,2025-10-08,18,9649.7,0.0,173694.6,Direct Sales
TXN_00056183,CUST_037585,PROD_04429,LOC_0046,2021-12-18,13,8520.91,20.0,88617.46,Online
TXN_00426406,CUST_042380,PROD_04439,LOC_0086,2021-12-13,7,982.98,0.0,6880.86,Partner
TXN_00208362,CUST_045520,PROD_00854,LOC_0129,2024-04-28,5,3026.64,10.0,13619.88,Partner
TXN_00452539,CUST_022083,PROD_03298,LOC_0187,2023-03-07,10,946.24,5.0,8989.28,Online
TXN_00211768,CUST_048608,PROD_03928,LOC_0130,2023-01-07,16,5462.38,0.0,87398.08,Online
TXN_00195422,CUST_027795,PROD_03140,LOC_0140,2022-12-26,19,8406.02,20.0,127771.5,Retail
TXN_00339011,CUST_032935,PROD_03877,LOC_0055,2024-07-19,19,7317.7,5.0,132084.48,Retail
TXN_00459310,CUST_037110,PROD_02370,LOC_0225,2021-03-04,6,1557.01,0.0,9342.06,Online
TXN_00483789,CUST_028794,PROD_03451,LOC_0186,2024-07-04,5,9974.52,10.0,44885.34,Direct Sales
TXN_00162231,CUST_041011,PROD_03487,LOC_0168,2022-09-18,12,7729.59,0.0,92755.08,Online
TXN_00405518,CUST_000423,PROD_00679,LOC_0029,2023-06-21,19,1706.84,0.0,32429.96,Direct Sales
TXN_00390302,CUST_041455,PROD_01243,LOC_0080,2021-09-13,19,8835.44,5.0,159479.69,Retail
TXN_00452597,CUST_020854,PROD_03555,LOC_0013,2025-08-17,17,3631.18,0.0,61730.06,Partner
TXN_00058801,CUST_044249,PROD_02195,LOC_0119,2023-03-27,15,3514.59,5.0,50082.91,Direct Sales
TXN_00186726,CUST_012063,PROD_01150,LOC_0111,2021-09-25,10,616.22,10.0,5545.98,Direct Sales
TXN_00202025,CUST_039675,PROD_04609,LOC_0240,2023-02-23,5,7301.03,15.0,31029.38,Partner
TXN_00379052,CUST_021473,PROD_00559,LOC_0058,2025-12-19,1,4566.42,5.0,4338.1,Online
TXN_00184788,,PROD_01846,LOC_0225,2024-04-17,12,5030.02,10.0,54324.22,Direct Sales
TXN_00109698,CUST_003036,PROD_01348,LOC_0241,2024-07-27,2,8391.64,10.0,15104.95,Retail
TXN_00054541,CUST_009122,PROD_01378,LOC_0044,2023-08-11,6,6008.43,10.0,32445.52,Direct Sales
TXN_00311495,CUST_032459,PROD_02002,LOC_0195,2024-12-14,7,6715.03,20.0,37604.17,Partner
TXN_00046457,CUST_020232,PROD_04635,LOC_0101,2024-09-20,4,7159.77,5.0,27207.13,Online
TXN_00195157,CUST_032854,PROD_02835,LOC_0131,2025-07-16,6,6853.32,5.0,39063.92,Partner
TXN_00458572,,PROD_00458,LOC_0079,2023-10-04,2,9878.63,0.0,19757.26,Retail
TXN_00441821,CUST_022171,PROD_03988,LOC_0037,2024-08-22,4,1726.66,15.0,5870.64,Retail
TXN_00258436,CUST_036754,PROD_01777,LOC_0045,2024-10-11,16,9174.73,0.0,146795.68,Online
TXN_00283666,CUST_033417,PROD_01702,LOC_0198,2021-06-16,4,6937.53,20.0,22200.1,Direct Sales
TXN_00240896,CUST_042711,PROD_03705,LOC_0123,2024-01-01,15,3302.19,5.0,47056.21,Partner
TXN_00068222,CUST_039913,PROD_04829,LOC_0021,2021-04-05,10,4434.95,10.0,39914.55,Online
TXN_00203838,CUST_005742,PROD_04040,LOC_0241,2024-08-24,2,633.44,15.0,1076.85,Retail
TXN_00217593,CUST_016946,PROD_01200,LOC_0012,2021-08-09,5,4310.03,20.0,17240.12,Direct Sales
TXN_00236048,CUST_010340,PROD_01988,LOC_0239,2025-09-10,3,1090.68,15.0,2781.23,Online
TXN_00037472,CUST_043992,PROD_03293,LOC_0033,2024-02-07,18,8273.17,0.0,148917.06,Direct Sales
TXN_00482791,CUST_009314,PROD_01728,LOC_0247,2021-04-05,8,5690.78,0.0,45526.24,Online
TXN_00417784,CUST_000198,PROD_03890,LOC_0152,2024-07-12,3,9130.87,15.0,23283.72,Online
TXN_00119501,CUST_040531,PROD_02591,LOC_0056,2025-11-01,4,5166.01,10.0,18597.64,Partner
TXN_00443053,CUST_014939,PROD_00263,LOC_0091,2026-04-12,9,3558.2,15.0,27220.23,Retail
TXN_00007257,CUST_037841,PROD_01535,LOC_0231,2024-11-19,12,1229.2,5.0,14012.88,Direct Sales
TXN_00406125,CUST_002897,PROD_00359,LOC_0248,2021-05-21,1,8009.28,0.0,8009.28,Online
TXN_00047175,CUST_015681,PROD_01182,LOC_0153,2025-10-16,2,2278.31,5.0,4328.79,Online
TXN_00007710,CUST_000293,PROD_00991,LOC_0075,2025-02-05,10,9659.7,0.0,96597.0,Online
TXN_00128987,CUST_011669,PROD_01986,LOC_0120,2025-08-19,4,5032.11,20.0,16102.75,Retail
TXN_00054901,CUST_031619,PROD_01010,LOC_0057,2024-03-05,9,6546.61,15.0,50081.57,Partner
TXN_00138039,CUST_044544,PROD_04200,LOC_0236,2024-04-17,4,2751.53,20.0,8804.9,Direct Sales
TXN_00068837,CUST_048642,PROD_03023,LOC_0069,2022-05-21,16,8451.39,5.0,128461.13,Online
TXN_00255135,CUST_029900,PROD_02595,LOC_0065,2021-08-15,2,7601.75,0.0,15203.5,Direct Sales
TXN_00296985,CUST_040448,PROD_00419,LOC_0097,2025-11-10,13,3259.63,0.0,42375.19,Online
TXN_00038028,CUST_019773,PROD_04618,LOC_0216,2021-02-28,13,5918.36,0.0,76938.68,Online
TXN_00325639,CUST_044596,PROD_04366,LOC_0040,2025-12-09,9,9033.64,0.0,81302.76,Online
TXN_00259853,CUST_035393,PROD_03077,LOC_0141,2022-04-05,9,421.5,5.0,3603.82,Partner
TXN_00448488,CUST_038380,PROD_01623,LOC_0192,2024-02-15,13,493.92,15.0,5457.82,Online
TXN_00114241,,PROD_01192,LOC_0145,2024-03-30,2,1306.15,20.0,2089.84,Retail
TXN_00165431,CUST_028506,PROD_01611,LOC_0107,2024-04-06,7,3699.18,5.0,24599.55,Retail
TXN_00088319,CUST_030491,PROD_04615,LOC_0202,2022-09-03,4,6949.96,10.0,25019.86,Online
TXN_00238598,CUST_013053,PROD_03420,LOC_0129,2024-12-04,15,8811.25,0.0,132168.75,Partner
TXN_00117941,CUST_022739,PROD_02228,LOC_0112,2025-09-28,-1,7336.57,0.0,110048.55,Direct Sales
TXN_00279200,CUST_041517,PROD_00131,LOC_0226,2021-06-20,12,8272.19,5.0,94302.97,Partner
TXN_00385698,CUST_044674,PROD_02361,LOC_0097,2025-01-27,19,5652.84,15.0,91293.37,Retail
TXN_00479228,CUST_008204,PROD_00302,LOC_0141,2021-10-20,18,2347.5,0.0,42255.0,Direct Sales
TXN_00317134,CUST_041466,PROD_03189,LOC_0087,2023-09-08,8,7547.17,0.0,60377.36,Online
TXN_00281996,CUST_020998,PROD_02651,LOC_0050,2023-05-28,19,8218.11,15.0,132722.48,Online
TXN_00078924,CUST_013194,PROD_01708,LOC_0216,2025-12-08,6,262.43,15.0,1338.39,Partner
TXN_00363625,CUST_036416,PROD_01162,LOC_0107,2021-02-25,19,1017.62,15.0,16434.56,Direct Sales
TXN_00016511,CUST_038372,PROD_02162,LOC_0035,2025-11-03,5,6967.86,10.0,31355.37,Partner
TXN_00245456,CUST_008233,PROD_04310,LOC_0091,2021-06-06,14,5050.55,10.0,63636.93,Online
TXN_00175890,CUST_035925,PROD_01586,LOC_0060,2024-10-19,14,7050.01,10.0,88830.13,Online
TXN_00372930,CUST_002484,PROD_00219,LOC_0022,2023-05-17,4,7795.62,20.0,24945.98,Direct Sales
TXN_00344789,CUST_017167,PROD_04205,LOC_0109,2025-12-23,19,3241.58,10.0,55431.02,Retail
TXN_00396399,CUST_041744,PROD_03961,LOC_0013,2026-06-05,5,820.95,20.0,3283.8,Partner
TXN_00454781,CUST_011594,PROD_00060,LOC_0179,2026-02-05,1,4572.84,10.0,4115.56,Retail
TXN_00226652,CUST_016063,PROD_03386,LOC_0073,2021-11-07,15,8537.57,10.0,115257.2,Direct Sales
TXN_00043696,CUST_004885,PROD_03958,LOC_0153,2025-11-15,1,3188.79,20.0,2551.03,Online
TXN_00200255,,PROD_03705,LOC_0158,2021-07-28,3,7185.97,15.0,18324.22,Retail
TXN_00371458,CUST_013888,PROD_03259,LOC_0021,2024-01-14,13,7722.29,10.0,90350.79,Direct Sales
TXN_00486129,CUST_031183,PROD_03407,LOC_0050,2024-03-11,7,1883.23,10.0,11864.35,Retail
TXN_00233054,CUST_008310,PROD_01803,LOC_0013,2023-11-27,8,5828.3,10.0,41963.76,Retail
TXN_00189894,CUST_034324,PROD_03177,LOC_0207,2023-08-05,1,9033.73,20.0,7226.98,Retail
TXN_00268317,CUST_009800,PROD_04938,LOC_0233,2025-04-15,9,5427.44,5.0,46404.61,Partner
TXN_00424012,CUST_021063,PROD_04828,LOC_0156,2026-02-10,15,756.3,5.0,10777.28,Partner
TXN_00257648,CUST_040561,PROD_00087,LOC_0103,2024-09-13,15,3176.56,15.0,40501.14,Direct Sales
TXN_00021753,CUST_049002,PROD_03912,LOC_0136,2024-07-03,19,4929.55,0.0,93661.45,Partner
TXN_00206826,CUST_040596,PROD_04135,LOC_0213,2025-08-07,2,5264.59,0.0,10529.18,Retail
TXN_00313645,CUST_036157,PROD_03654,LOC_0074,2023-09-18,13,8564.27,10.0,100201.96,Direct Sales
TXN_00231028,CUST_038230,PROD_00090,LOC_0030,2025-05-17,9,8790.57,5.0,75159.37,Retail
TXN_00368736,CUST_024717,PROD_01501,LOC_0092,2022-04-11,10,2116.11,15.0,17986.94,Online
TXN_00425177,CUST_030658,PROD_03393,LOC_0118,2021-11-12,2,6870.15,0.0,13740.3,Direct Sales
TXN_00029003,CUST_026604,PROD_02238,LOC_0118,2021-10-19,9,9029.45,0.0,81265.05,Online
TXN_00228326,CUST_025784,PROD_02402,LOC_0093,2024-06-27,17,5394.44,10.0,82534.93,Partner
TXN_00146599,CUST_040508,PROD_03267,LOC_0006,2023-09-22,8,8553.71,20.0,54743.74,Direct Sales
TXN_00431662,CUST_016536,PROD_02653,LOC_0219,2023-01-05,9,1353.58,10.0,10964.0,Retail
TXN_00390794,CUST_039534,PROD_00783,LOC_0124,2023-08-01,10,9828.69,15.0,83543.87,Online
TXN_00335486,CUST_000229,PROD_01568,LOC_0163,2025-10-08,7,8761.29,15.0,52129.68,Partner
TXN_00202310,CUST_026575,PROD_00957,LOC_0084,2025-06-30,1,1032.29,0.0,1032.29,Retail
TXN_00359059,CUST_035316,PROD_03570,LOC_0147,2023-05-04,2,6377.89,0.0,12755.78,Partner
TXN_00344905,CUST_023412,PROD_00557,LOC_0108,2024-10-27,13,8694.94,15.0,96079.09,Online
TXN_00475119,CUST_037834,PROD_00671,LOC_0126,2025-12-02,12,5101.11,5.0,58152.65,Retail
TXN_00225195,CUST_003348,PROD_01261,LOC_0132,2026-06-26,2,6252.86,5.0,11880.43,Partner
TXN_00201141,CUST_026556,PROD_00468,LOC_0055,2022-05-25,11,5755.5,0.0,63310.5,Direct Sales
TXN_00283931,CUST_014262,PROD_03713,LOC_0001,2022-04-03,12,3234.99,15.0,32996.9,Partner
TXN_00093534,,PROD_01187,LOC_0082,2024-10-08,19,1854.93,5.0,33481.49,Direct Sales
TXN_00016573,CUST_017109,PROD_00153,LOC_0150,2025-01-02,2,7851.09,20.0,12561.74,Partner
TXN_00217840,CUST_041643,PROD_01755,LOC_0071,2023-12-23,3,2937.69,10.0,7931.76,Direct Sales
TXN_00163907,CUST_000925,PROD_03851,LOC_0110,2025-01-24,6,915.89,10.0,4945.81,Retail
TXN_00184268,CUST_026501,PROD_02702,LOC_0173,2022-08-25,7,1959.26,15.0,11657.6,Partner
TXN_00152034,CUST_020059,PROD_03712,LOC_0229,2022-02-28,15,6498.57,15.0,82856.77,Online
TXN_00129822,CUST_036741,PROD_01544,LOC_0024,2026-05-16,7,5554.96,20.0,31107.78,Online
TXN_00104511,CUST_002575,PROD_00233,LOC_0103,2022-03-29,4,6419.21,15.0,21825.31,Online
TXN_00444233,CUST_001003,PROD_01887,LOC_0091,2026-04-23,7,8065.72,5.0,53637.04,Retail
TXN_00214283,CUST_004771,PROD_04348,LOC_0237,2021-08-27,8,6139.31,5.0,46658.76,Direct Sales
TXN_00309257,CUST_046860,PROD_04434,LOC_0114,2025-05-06,12,3955.79,5.0,45096.01,Retail
TXN_00185646,CUST_011889,PROD_00438,LOC_0138,2025-04-26,14,6068.52,10.0,76463.35,Online
TXN_00348627,CUST_040915,PROD_01741,LOC_0148,2026-01-21,10,8515.15,10.0,76636.35,Direct Sales
TXN_00256546,,PROD_04071,LOC_0242,2025-03-11,3,4816.5,0.0,14449.5,Online
TXN_00407748,CUST_000113,PROD_01912,LOC_0024,2023-02-25,10,4524.65,20.0,36197.2,Online
TXN_00305432,CUST_039993,PROD_00885,LOC_0090,2021-01-02,17,9265.95,5.0,149645.09,Partner
TXN_00417192,CUST_038712,PROD_03580,LOC_0134,2021-01-11,16,4488.82,20.0,57456.9,Direct Sales
TXN_00346819,CUST_009078,PROD_03458,LOC_0162,2023-09-23,10,5184.71,5.0,49254.74,Online
TXN_00434804,CUST_017591,PROD_04803,LOC_0008,2025-10-16,15,3089.85,0.0,46347.75,Direct Sales
TXN_00233992,CUST_011401,PROD_00615,LOC_0091,2022-02-13,18,6578.16,20.0,94725.5,Online
TXN_00207580,CUST_044697,PROD_04753,LOC_0108,2021-01-08,3,6099.13,0.0,18297.39,Online
TXN_00328709,CUST_017118,PROD_02403,LOC_0238,2024-08-15,12,8033.5,20.0,77121.6,Retail
TXN_00273067,CUST_014499,PROD_01855,LOC_0094,2023-04-03,8,7986.41,20.0,51113.02,Online
TXN_00028387,CUST_037066,PROD_04405,LOC_0240,2024-05-26,16,1244.97,0.0,19919.52,Retail
TXN_00477872,CUST_039410,PROD_02822,LOC_0094,2021-03-03,16,896.49,0.0,14343.84,Direct Sales
TXN_00344063,CUST_022715,PROD_03218,LOC_0063,2023-10-18,12,3381.76,5.0,38552.06,Partner
TXN_00016832,CUST_031934,PROD_03427,LOC_0237,2025-08-20,16,4187.61,5.0,63651.67,Retail
TXN_00159363,,PROD_04216,LOC_0142,2025-07-11,9,1151.45,5.0,9844.9,Partner
TXN_00141038,CUST_010994,PROD_03741,LOC_0043,2021-09-25,10,3388.09,15.0,28798.76,Direct Sales
TXN_00020003,CUST_007066,PROD_03657,LOC_0137,2022-11-12,18,776.85,0.0,13983.3,Partner
TXN_00464900,CUST_007432,PROD_00096,LOC_0168,2023-02-26,2,1634.83,20.0,2615.73,Retail
TXN_00164572,CUST_034488,PROD_02805,LOC_0133,2024-09-21,4,4484.6,5.0,17041.48,Direct Sales
TXN_00341020,CUST_004099,PROD_01229,LOC_0037,2026-03-04,12,5894.14,0.0,70729.68,Partner
TXN_00120333,CUST_041590,PROD_00943,LOC_0165,2025-05-13,18,4641.11,0.0,83539.98,Online
TXN_00236885,CUST_033836,PROD_03190,LOC_0052,2025-02-09,11,9126.54,15.0,85333.15,Direct Sales
TXN_00029663,CUST_002380,PROD_04922,LOC_0056,2024-12-06,1,8427.24,15.0,7163.15,Online
TXN_00193257,CUST_024120,PROD_00721,LOC_0104,2024-05-19,13,8209.25,20.0,85376.2,Online
TXN_00479407,CUST_021041,PROD_02422,LOC_0086,2021-08-04,5,3473.76,0.0,17368.8,Retail
TXN_00254373,CUST_038893,PROD_01761,LOC_0051,2025-01-22,5,1259.2,10.0,5666.4,Retail
TXN_00168866,CUST_011825,PROD_00920,LOC_0046,2023-05-10,11,8962.16,20.0,78867.01,Online
TXN_00471817,CUST_044389,PROD_01082,LOC_0049,2026-04-25,13,1957.67,20.0,20359.77,Retail
TXN_00393809,CUST_004873,PROD_01461,LOC_0167,2024-11-13,11,3620.76,15.0,33854.11,Retail
TXN_00115617,CUST_012748,PROD_04021,LOC_0034,2025-09-16,19,7175.65,0.0,136337.35,Online
TXN_00329247,CUST_001564,PROD_02925,LOC_0119,2022-10-17,11,5019.55,10.0,49693.55,Direct Sales
TXN_00322265,CUST_011423,PROD_03112,LOC_0077,2021-08-11,14,9071.22,10.0,114297.37,Direct Sales
TXN_00484485,CUST_029696,PROD_01501,LOC_0105,2024-12-24,17,570.78,20.0,7762.61,Partner
TXN_00348943,CUST_006371,PROD_03484,LOC_0105,2025-10-13,6,5324.47,20.0,25557.46,Online
TXN_00493499,CUST_037578,PROD_01885,LOC_0059,2025-09-02,17,3217.14,0.0,54691.38,Online
TXN_00434124,CUST_043322,PROD_03360,LOC_0180,2022-11-14,6,7687.07,5.0,43816.3,Retail
TXN_00173992,CUST_003729,PROD_03943,LOC_0009,2024-01-01,15,3328.14,10.0,44929.89,Direct Sales
TXN_00469860,CUST_002351,PROD_04187,LOC_0178,2021-01-09,4,6953.93,5.0,26424.93,Online
TXN_00207623,CUST_013130,PROD_02116,LOC_0094,2023-09-20,2,5756.44,20.0,9210.3,Online
TXN_00067058,CUST_003358,PROD_00697,LOC_0095,2021-10-08,16,7103.87,15.0,96612.63,Online
TXN_00346582,CUST_009161,PROD_00414,LOC_0214,2021-06-17,17,9319.65,20.0,126747.24,Retail
TXN_00017505,CUST_038058,PROD_00770,LOC_0011,2025-12-03,11,8977.11,20.0,78998.57,Partner
TXN_00157893,CUST_010162,PROD_00565,LOC_0002,2024-02-01,18,2759.14,20.0,39731.62,Retail
TXN_00299923,CUST_009114,PROD_00077,LOC_0169,2021-12-22,1,7183.87,15.0,6106.29,Direct Sales
TXN_00436285,CUST_025804,PROD_00165,LOC_0049,2025-11-11,4,3617.02,5.0,13744.68,Direct Sales
TXN_00343676,CUST_024536,PROD_03383,LOC_0230,2021-02-06,3,6731.94,0.0,20195.82,Partner
TXN_00122138,CUST_028994,PROD_04872,LOC_0241,2025-03-07,16,6601.71,15.0,89783.26,Retail
TXN_00101625,CUST_010823,PROD_03379,LOC_0157,2023-07-24,12,9633.39,10.0,104040.61,Direct Sales
TXN_00311782,CUST_046599,PROD_02786,LOC_0224,2023-12-23,19,8851.93,20.0,134549.34,Partner
TXN_00286417,CUST_025850,PROD_00322,LOC_0016,2021-03-21,10,7037.29,0.0,70372.9,Partner
TXN_00035254,,PROD_01613,LOC_0183,2024-02-22,18,5761.33,0.0,103703.94,Partner
TXN_00240468,CUST_010270,PROD_01529,LOC_0183,2024-06-14,9,3160.7,10.0,25601.67,Partner
TXN_00415653,CUST_003582,PROD_01570,LOC_0226,2024-12-03,14,6770.89,5.0,90052.84,Retail
TXN_00014593,CUST_012873,PROD_04221,LOC_0011,2021-01-24,6,1561.78,0.0,9370.68,Online
TXN_00113085,CUST_005080,PROD_04304,LOC_0192,2021-06-13,11,4061.82,15.0,37978.02,Partner
TXN_00017121,CUST_016848,PROD_02304,LOC_0174,2022-05-03,1,1648.63,20.0,1318.9,Partner
TXN_00009330,CUST_030499,PROD_00562,LOC_0060,2022-09-22,15,3695.49,10.0,49889.12,Partner
TXN_00224179,CUST_021283,PROD_00582,LOC_0004,2022-02-13,11,6254.59,0.0,68800.49,Retail
TXN_00368775,CUST_022272,PROD_01618,LOC_0149,2024-12-06,6,2173.19,0.0,13039.14,Partner
TXN_00194514,CUST_038669,PROD_02094,LOC_0237,2026-02-01,3,6745.7,5.0,19225.24,Online
TXN_00120956,CUST_021766,PROD_02974,LOC_0011,2024-11-20,16,9623.51,5.0,146277.35,Partner
TXN_00213222,CUST_035666,PROD_00871,LOC_0231,2024-09-06,7,1082.68,20.0,6063.01,Partner
TXN_00293541,,PROD_03206,LOC_0182,2025-05-19,16,5640.55,10.0,81223.92,Retail
TXN_00167716,CUST_038339,PROD_02356,LOC_0082,2021-01-31,17,8452.48,0.0,143692.16,Partner
TXN_00260191,CUST_005415,PROD_01137,LOC_0120,2023-09-08,14,3880.92,15.0,46182.95,Partner
TXN_00396237,CUST_041351,PROD_01477,LOC_0119,2023-01-19,8,8138.83,10.0,58599.58,Direct Sales
TXN_00184175,CUST_016657,PROD_02098,LOC_0195,2023-02-05,4,1459.54,0.0,5838.16,Online
TXN_00194197,CUST_039024,PROD_00253,LOC_0197,2022-09-06,11,4920.31,5.0,51417.24,Direct Sales
TXN_00276776,CUST_042278,PROD_00083,LOC_0017,2026-01-06,5,5362.9,20.0,21451.6,Retail
TXN_00316551,CUST_048606,PROD_03260,LOC_0028,2026-02-11,18,9501.28,5.0,162471.89,Online
TXN_00446124,CUST_038854,PROD_01998,LOC_0152,2024-11-16,12,3191.85,5.0,36387.09,Retail
TXN_00485983,CUST_025684,PROD_03002,LOC_0109,2021-09-21,12,654.24,20.0,6280.7,Partner
TXN_00161355,CUST_003158,PROD_02908,LOC_0094,2026-02-27,4,7495.85,20.0,23986.72,Direct Sales
TXN_00243945,CUST_005776,PROD_00244,LOC_0004,2023-06-09,12,3215.39,15.0,32796.98,Online
TXN_00317794,CUST_037814,PROD_03699,LOC_0200,2025-04-13,14,5192.69,20.0,58158.13,Online
TXN_00293156,CUST_044549,PROD_01462,LOC_0007,2025-07-27,3,856.18,0.0,2568.54,Direct Sales
TXN_00366610,CUST_036010,PROD_02184,LOC_0166,2025-12-22,10,1998.1,20.0,15984.8,Partner
TXN_00124745,CUST_039656,PROD_03614,LOC_0232,2024-05-18,6,4907.64,10.0,26501.26,Partner
TXN_00029469,CUST_037042,PROD_02221,LOC_0089,2023-12-15,18,8357.57,5.0,142914.45,Partner
TXN_00210349,CUST_021848,PROD_01062,LOC_0067,2022-08-23,3,9357.35,20.0,22457.64,Online
TXN_00231203,CUST_005120,PROD_02950,LOC_0196,2025-06-20,13,1116.24,10.0,13060.01,Retail
TXN_00480180,CUST_011984,PROD_04054,LOC_0064,2024-09-11,16,3486.2,20.0,44623.36,Direct Sales
TXN_00407674,CUST_012581,PROD_00287,LOC_0176,2021-02-20,11,7066.63,5.0,73846.28,Online
TXN_00087997,CUST_043729,PROD_01281,LOC_0061,2022-03-29,8,2546.49,0.0,20371.92,Partner
TXN_00435535,CUST_005022,PROD_01772,LOC_0103,2025-01-20,17,9120.27,15.0,131787.9,Online
TXN_00122720,CUST_017806,PROD_03683,LOC_0071,2025-03-17,17,5998.45,20.0,81578.92,Direct Sales
TXN_00180358,CUST_038131,PROD_00352,LOC_0038,2023-09-23,12,6020.54,5.0,68634.16,Retail
TXN_00144810,CUST_028220,PROD_01309,LOC_0048,2022-04-04,6,785.41,10.0,4241.21,Online
TXN_00469277,CUST_009737,PROD_04374,LOC_0160,2021-10-02,10,6702.83,15.0,56974.06,Online
TXN_00479245,CUST_030100,PROD_03978,LOC_0026,2023-03-11,6,8475.88,10.0,45769.75,Partner
TXN_00214079,CUST_004363,PROD_01565,LOC_0087,2024-03-18,16,2962.58,15.0,40291.09,Online
TXN_00206313,CUST_047071,PROD_04592,LOC_0040,2025-11-28,18,9101.71,20.0,131064.62,Retail
TXN_00315130,CUST_004826,PROD_02117,LOC_0001,2021-10-11,8,7300.87,0.0,58406.96,Partner
TXN_00279235,CUST_013001,PROD_02180,LOC_0015,2025-01-21,13,8998.02,15.0,99428.12,Partner
TXN_00206510,CUST_041526,PROD_04371,LOC_0044,2022-01-15,1,2494.66,20.0,1995.73,Partner
TXN_00073234,CUST_033847,PROD_03856,LOC_0181,2023-05-12,18,6661.98,15.0,101928.29,Partner
TXN_00394127,CUST_035485,PROD_00493,LOC_0227,2023-08-11,1,419.65,15.0,356.7,Direct Sales
TXN_00056278,CUST_037898,PROD_01301,LOC_0045,2021-06-11,2,1023.9,10.0,1843.02,Partner
TXN_00082931,CUST_025776,PROD_04224,LOC_0054,2024-01-27,11,7258.94,10.0,71863.51,Partner
TXN_00316472,CUST_048997,PROD_01820,LOC_0081,2024-05-10,7,8492.33,15.0,50529.36,Direct Sales
TXN_00069809,CUST_032337,PROD_01406,LOC_0111,2025-11-17,5,1122.21,15.0,4769.39,Partner
TXN_00108741,CUST_000724,PROD_02116,LOC_0211,2021-05-25,1,7086.75,10.0,6378.08,Online
TXN_00272761,CUST_015309,PROD_01422,LOC_0177,2024-02-16,13,5518.7,15.0,60981.63,Retail
TXN_00419171,CUST_021332,PROD_00858,LOC_0155,2026-02-26,4,4692.37,0.0,18769.48,Partner
TXN_00397385,CUST_010418,PROD_00950,LOC_0227,2021-08-11,16,4053.79,10.0,58374.58,Online
TXN_00328189,CUST_027339,PROD_02152,LOC_0031,2021-03-14,11,8604.7,15.0,80453.95,Online
TXN_00211659,CUST_000813,PROD_01817,LOC_0177,2024-04-06,10,5615.48,15.0,47731.58,Partner
TXN_00126111,,PROD_03800,LOC_0025,2025-11-05,17,7945.32,0.0,135070.44,Direct Sales
TXN_00084284,CUST_007786,PROD_02582,LOC_0196,2022-08-14,18,864.57,15.0,13227.92,Partner
TXN_00352543,CUST_039548,PROD_02771,LOC_0109,2021-11-26,4,8947.57,20.0,28632.22,Retail
TXN_00057234,CUST_009670,PROD_03401,LOC_0185,2023-10-16,18,4567.68,20.0,65774.59,Partner
TXN_00249364,CUST_027382,PROD_01045,LOC_0184,2023-12-13,5,1705.77,15.0,7249.52,Online
TXN_00290839,CUST_033865,PROD_00165,LOC_0016,2025-06-02,9,897.44,0.0,8076.96,Direct Sales
TXN_00280240,CUST_016833,PROD_04045,LOC_0135,2022-04-02,7,3124.14,5.0,20775.53,Partner
TXN_00113391,CUST_007702,PROD_04658,LOC_0077,2023-04-05,19,9041.81,20.0,137435.51,Online
TXN_00480374,CUST_017706,PROD_01786,LOC_0093,2021-10-02,12,7567.8,5.0,86272.92,Direct Sales
TXN_00250874,,PROD_03130,LOC_0200,2023-06-14,6,7649.88,20.0,36719.42,Online
TXN_00000118,CUST_014179,PROD_01277,LOC_0180,2024-07-05,4,8081.39,0.0,32325.56,Partner
TXN_00089353,CUST_027786,PROD_04722,LOC_0007,2022-03-08,9,8451.66,10.0,68458.45,Retail
TXN_00304488,CUST_000043,PROD_00425,LOC_0060,2024-11-05,16,3126.46,15.0,42519.86,Online
TXN_00417642,CUST_030100,PROD_04498,LOC_0071,2023-07-11,4,6149.74,15.0,20909.12,Online
TXN_00052637,,PROD_02297,LOC_0138,2026-06-14,15,9108.89,20.0,109306.68,Retail
TXN_00217590,CUST_032489,PROD_01975,LOC_0042,2024-02-26,5,4556.46,20.0,18225.84,Partner
TXN_00344680,CUST_022829,PROD_03229,LOC_0123,2026-02-07,13,9827.6,5.0,121370.86,Retail
TXN_00090489,CUST_006312,PROD_03646,LOC_0133,2024-09-25,8,4140.79,15.0,28157.37,Partner
TXN_00464958,CUST_032234,PROD_02017,LOC_0215,2021-03-05,5,5718.04,5.0,27160.69,Online
TXN_00091517,CUST_027929,PROD_01774,LOC_0184,2023-12-13,15,4731.53,10.0,63875.66,Retail
TXN_00156504,CUST_012579,PROD_04503,LOC_0042,2021-05-20,1,1441.25,0.0,1441.25,Online
TXN_00348834,CUST_048630,PROD_02538,LOC_0018,2022-04-17,17,4613.61,10.0,70588.23,Online
TXN_00169670,,PROD_04138,LOC_0086,2026-02-22,14,9858.13,0.0,138013.82,Retail
TXN_00038429,CUST_016726,PROD_00042,LOC_0158,2023-12-16,17,5345.93,10.0,81792.73,Retail
TXN_00098218,CUST_002512,PROD_04989,LOC_0078,2024-11-15,6,3251.89,10.0,17560.21,Partner
TXN_00143304,CUST_024150,PROD_00710,LOC_0031,2021-02-08,14,5554.31,20.0,62208.27,Direct Sales
TXN_00356811,,PROD_02049,LOC_0009,2024-02-15,16,7757.94,0.0,124127.04,Direct Sales
TXN_00480834,CUST_047933,PROD_01850,LOC_0151,2021-09-03,10,5511.39,15.0,46846.82,Partner
TXN_00098656,CUST_021119,PROD_03442,LOC_0097,2022-11-07,6,6952.9,20.0,33373.92,Retail
TXN_00037260,CUST_023923,PROD_03611,LOC_0213,2025-05-21,7,963.52,20.0,5395.71,Direct Sales
TXN_00175571,CUST_004690,PROD_02388,LOC_0199,2026-04-24,5,3156.39,5.0,14992.85,Direct Sales
TXN_00452577,CUST_035752,PROD_02644,LOC_0225,2021-06-09,13,2598.0,0.0,33774.0,Direct Sales
TXN_00132990,CUST_021174,PROD_00999,LOC_0137,2022-01-21,10,2085.51,5.0,19812.34,Partner
TXN_00173969,CUST_030027,PROD_00967,LOC_0038,2025-07-02,16,3518.5,10.0,50666.4,Partner
TXN_00019130,CUST_043837,PROD_04995,LOC_0111,2025-11-30,16,2388.76,0.0,38220.16,Direct Sales
TXN_00102142,,PROD_01896,LOC_0180,2025-02-21,4,1764.16,10.0,6350.98,Retail
TXN_00241321,CUST_032731,PROD_00862,LOC_0044,2023-10-03,10,737.54,20.0,5900.32,Online
TXN_00013035,CUST_047624,PROD_03906,LOC_0119,2025-06-03,17,5225.14,20.0,71061.9,Online
TXN_00154315,CUST_025155,PROD_01473,LOC_0185,2026-04-30,1,521.5,15.0,443.28,Partner
TXN_00020388,CUST_004307,PROD_02038,LOC_0244,2026-04-16,2,4203.11,20.0,6724.98,Direct Sales
TXN_00340866,CUST_046802,PROD_03723,LOC_0203,2025-01-29,8,8439.78,0.0,67518.24,Online
TXN_00483405,CUST_016940,PROD_00710,LOC_0194,2025-08-31,10,1950.73,15.0,16581.2,Direct Sales
TXN_00031834,CUST_036852,PROD_00238,LOC_0205,2024-10-29,8,2562.69,15.0,17426.29,Partner
TXN_00467740,CUST_030096,PROD_02615,LOC_0070,2022-04-14,9,6693.4,0.0,60240.6,Retail
TXN_00464630,CUST_010255,PROD_01780,LOC_0186,2025-04-21,14,3463.31,15.0,41213.39,Direct Sales
TXN_00085994,CUST_009858,PROD_02962,LOC_0178,2021-06-20,11,6382.41,15.0,59675.53,Online
TXN_00037892,CUST_023905,PROD_03445,LOC_0217,2024-07-16,6,6732.78,20.0,32317.34,Online
TXN_00061755,CUST_046950,PROD_01626,LOC_0156,2022-06-29,12,7033.78,20.0,67524.29,Direct Sales
TXN_00432108,CUST_042128,PROD_04781,LOC_0164,2026-04-08,2,8366.27,0.0,16732.54,Direct Sales
TXN_00438288,CUST_034375,PROD_04208,LOC_0096,2023-03-29,11,1069.35,10.0,10586.56,Partner
TXN_00184771,CUST_041600,PROD_01980,LOC_0064,2021-03-25,18,5473.72,15.0,83747.92,Direct Sales
TXN_00151023,CUST_046771,PROD_00183,LOC_0153,2023-02-12,18,6816.52,5.0,116562.49,Direct Sales
TXN_00344157,CUST_048250,PROD_03205,LOC_0164,2025-03-20,15,2720.2,0.0,40803.0,Partner
TXN_00240438,CUST_012899,PROD_00932,LOC_0120,2024-09-21,8,8182.02,0.0,65456.16,Online
TXN_00017984,CUST_043058,PROD_00894,LOC_0176,2023-07-07,12,4725.65,5.0,53872.41,Partner
TXN_00384150,CUST_045471,PROD_01281,LOC_0172,2025-08-05,2,9914.26,5.0,18837.09,Online
TXN_00446450,CUST_026008,PROD_00515,LOC_0171,2026-06-22,12,6127.85,10.0,66180.78,Online
TXN_00195141,CUST_008217,PROD_01732,LOC_0232,2022-02-03,1,6844.62,0.0,6844.62,Online
TXN_00319551,CUST_042828,PROD_01708,LOC_0199,2023-03-08,17,7936.07,10.0,121421.87,Partner
TXN_00258582,CUST_032847,PROD_00653,LOC_0014,2025-02-25,14,4390.98,0.0,61473.72,Partner
TXN_00423428,CUST_045092,PROD_01521,LOC_0247,2021-09-08,14,1252.82,15.0,14908.56,Retail
TXN_00368657,CUST_002091,PROD_01573,LOC_0151,2025-08-05,10,6863.5,0.0,68635.0,Retail
TXN_00462767,CUST_028616,PROD_01863,LOC_0073,2024-01-27,8,3831.84,10.0,27589.25,Online
TXN_00050755,CUST_040384,PROD_04159,LOC_0040,2023-06-26,7,4656.78,5.0,30967.59,Online
TXN_00028894,CUST_027538,PROD_00256,LOC_0062,2023-11-08,15,1039.32,20.0,12471.84,Direct Sales
TXN_00095171,CUST_018353,PROD_01109,LOC_0122,2023-10-10,14,891.38,5.0,11855.35,Retail
TXN_00385870,CUST_039276,PROD_00576,LOC_0090,2023-10-04,6,5049.79,5.0,28783.8,Online
TXN_00284852,CUST_043758,PROD_03004,LOC_0011,2025-10-20,17,9056.15,20.0,123163.64,Retail
TXN_00346651,CUST_034583,PROD_00410,LOC_0066,2026-02-28,1,2505.57,5.0,2380.29,Online
TXN_00256653,CUST_030707,PROD_00031,LOC_0066,2026-05-05,10,2385.87,15.0,20279.89,Direct Sales
TXN_00067213,CUST_003217,PROD_01054,LOC_0042,2023-05-18,12,4754.64,5.0,54202.9,Partner
TXN_00122499,CUST_016198,PROD_01255,LOC_0051,2025-09-19,7,7734.49,5.0,51434.36,Retail
TXN_00115728,CUST_033675,PROD_02002,LOC_0049,2022-02-03,5,5026.87,0.0,25134.35,Online
TXN_00018387,CUST_031221,PROD_00099,LOC_0179,2026-02-20,13,1041.76,10.0,12188.59,Direct Sales
TXN_00353001,,PROD_04466,LOC_0228,2023-05-07,3,9918.57,0.0,29755.71,Online
TXN_00327344,CUST_023149,PROD_02539,LOC_0178,2021-09-07,5,1444.08,20.0,5776.32,Retail
TXN_00243880,CUST_020356,PROD_02178,LOC_0060,2026-04-15,13,6745.59,5.0,83308.04,Retail
TXN_00435766,CUST_038047,PROD_00151,LOC_0143,2022-12-22,13,9566.58,10.0,111928.99,Retail
TXN_00358329,CUST_004212,PROD_00293,LOC_0169,2022-12-21,11,9393.58,0.0,103329.38,Direct Sales
TXN_00061269,CUST_048434,PROD_03646,LOC_0224,2022-01-27,8,7043.07,20.0,45075.65,Retail
TXN_00142165,CUST_000864,PROD_00377,LOC_0246,2023-08-10,19,5962.2,15.0,96289.53,Retail
TXN_00440519,CUST_022137,PROD_01917,LOC_0171,2021-06-26,16,1801.3,0.0,28820.8,Partner
TXN_00199948,CUST_032850,PROD_04132,LOC_0218,2025-03-09,12,4570.07,5.0,52098.8,Online
TXN_00346161,CUST_036552,PROD_04656,LOC_0071,2021-11-14,16,4271.53,5.0,64927.26,Direct Sales
TXN_00318636,CUST_019627,PROD_02554,LOC_0138,2026-05-24,8,6320.99,10.0,45511.13,Direct Sales
TXN_00499811,CUST_035822,PROD_04420,LOC_0116,2026-06-20,12,6212.45,20.0,59639.52,Retail
TXN_00412815,CUST_002593,PROD_04322,LOC_0076,2024-01-12,1,506.44,5.0,481.12,Direct Sales
TXN_00149589,CUST_034703,PROD_03249,LOC_0013,2021-05-18,10,2788.34,5.0,26489.23,Retail
TXN_00283652,CUST_019036,PROD_04716,LOC_0084,2021-06-07,17,1974.94,10.0,30216.58,Direct Sales
TXN_00329767,CUST_046743,PROD_00339,LOC_0112,2025-03-14,1,9826.23,5.0,9334.92,Direct Sales
TXN_00105053,,PROD_02499,LOC_0004,2025-09-28,2,6323.96,5.0,12015.52,Online
TXN_00158768,CUST_045909,PROD_00153,LOC_0087,2021-11-25,18,5823.33,15.0,89096.95,Partner
TXN_00095316,CUST_033570,PROD_03079,LOC_0151,2022-03-28,5,2752.83,10.0,12387.74,Online
TXN_00356591,CUST_042244,PROD_03279,LOC_0070,2024-04-10,14,697.15,0.0,9760.1,Retail
TXN_00321277,CUST_012925,PROD_01692,LOC_0249,2023-08-04,12,9108.98,0.0,109307.76,Online
TXN_00225082,CUST_049119,PROD_04692,LOC_0107,2022-06-28,13,7982.23,5.0,98580.54,Partner
TXN_00172936,CUST_025536,PROD_01255,LOC_0213,2023-04-08,4,8418.39,10.0,30306.2,Partner
TXN_00062591,CUST_003333,PROD_02702,LOC_0012,2022-07-03,16,5731.25,15.0,77945.0,Direct Sales
TXN_00236560,CUST_016054,PROD_03254,LOC_0020,2022-12-18,7,9234.32,5.0,61408.23,Retail
TXN_00149435,CUST_032321,PROD_04328,LOC_0159,2024-09-28,11,6625.96,0.0,72885.56,Direct Sales
TXN_00283243,CUST_020538,PROD_00447,LOC_0242,2023-12-14,6,2096.95,0.0,12581.7,Direct Sales
TXN_00397452,CUST_004178,PROD_01031,LOC_0239,2023-06-14,9,166.33,0.0,1496.97,Partner
TXN_00315489,CUST_004904,PROD_00767,LOC_0199,2025-03-30,3,6484.45,0.0,19453.35,Partner
TXN_00288532,,PROD_02186,LOC_0105,2023-08-14,1,1015.42,15.0,863.11,Direct Sales
TXN_00410020,CUST_028780,PROD_00728,LOC_0085,2022-05-01,15,2898.29,10.0,39126.92,Online
TXN_00365184,,PROD_03254,LOC_0007,2021-11-20,11,3578.95,20.0,31494.76,Online
TXN_00227421,CUST_014476,PROD_03879,LOC_0213,2025-03-14,3,7972.79,15.0,20330.61,Retail
TXN_00442513,CUST_015648,PROD_02043,LOC_0174,2024-08-21,16,7899.31,15.0,107430.62,Online
TXN_00032875,CUST_002797,PROD_03885,LOC_0229,2025-11-30,1,1207.11,0.0,1207.11,Retail
TXN_00223427,CUST_012849,PROD_04996,LOC_0014,2022-10-21,19,3762.59,0.0,71489.21,Retail
TXN_00005061,CUST_047840,PROD_03938,LOC_0153,2021-03-04,8,8336.58,10.0,60023.38,Partner
TXN_00367137,CUST_039032,PROD_02399,LOC_0104,2021-08-28,17,5941.92,0.0,101012.64,Direct Sales
TXN_00198002,CUST_049831,PROD_00119,LOC_0202,2024-01-17,19,6975.58,0.0,132536.02,Retail
TXN_00133029,CUST_031823,PROD_01742,LOC_0038,2021-10-04,3,8143.41,5.0,23208.72,Retail
TXN_00011596,CUST_025097,PROD_03901,LOC_0106,2023-05-28,19,3129.68,20.0,47571.14,Partner
TXN_00460536,CUST_010388,PROD_03428,LOC_0073,2021-06-06,8,4121.68,0.0,32973.44,Retail
TXN_00120967,CUST_004558,PROD_02144,LOC_0139,2023-02-25,15,195.34,5.0,2783.6,Partner
TXN_00010622,CUST_033469,PROD_02190,LOC_0090,2025-05-14,17,4651.7,0.0,79078.9,Partner
TXN_00408956,CUST_002103,PROD_04282,LOC_0241,2021-06-01,13,8956.59,20.0,93148.54,Online
TXN_00424738,CUST_027195,PROD_02597,LOC_0076,2022-02-13,7,3529.11,20.0,19763.02,Partner
TXN_00142777,CUST_041972,PROD_01617,LOC_0162,2022-10-26,4,1662.27,5.0,6316.63,Retail
TXN_00331068,CUST_017818,PROD_01027,LOC_0109,2025-04-02,19,4288.55,5.0,77408.33,Online
TXN_00401196,CUST_001796,PROD_00117,LOC_0049,2026-06-21,7,7235.07,15.0,43048.67,Retail
TXN_00099541,CUST_039012,PROD_00914,LOC_0046,2021-06-21,9,5978.01,20.0,43041.67,Online
TXN_00129576,CUST_003012,PROD_04837,LOC_0140,2025-01-30,6,8657.6,5.0,49348.32,Online
TXN_00001375,CUST_040233,PROD_03004,LOC_0073,2021-04-17,11,6223.99,5.0,65040.7,Retail
TXN_00244038,CUST_003010,PROD_01531,LOC_0143,2022-06-18,5,9515.51,0.0,47577.55,Partner
TXN_00090120,CUST_009251,PROD_01865,LOC_0044,2026-05-24,2,5117.88,0.0,10235.76,Partner
TXN_00006072,,PROD_00961,LOC_0064,2021-08-27,18,2262.63,10.0,36654.61,Retail
TXN_00335305,CUST_004184,PROD_03927,LOC_0116,2021-12-16,4,5928.21,5.0,22527.2,Retail
TXN_00025685,,PROD_02456,LOC_0221,2022-08-22,4,2358.57,15.0,8019.14,Direct Sales
TXN_00171108,CUST_044402,PROD_03970,LOC_0090,2022-09-04,4,7634.22,15.0,25956.35,Retail
TXN_00047643,CUST_026619,PROD_01760,LOC_0128,2021-08-16,6,4086.51,5.0,23293.11,Direct Sales
TXN_00217258,CUST_029365,PROD_00530,LOC_0003,2026-02-26,16,8342.97,10.0,120138.77,Partner
TXN_00306250,CUST_038016,PROD_04128,LOC_0092,2021-07-13,19,2850.27,10.0,48739.62,Retail
TXN_00135280,CUST_045405,PROD_01820,LOC_0052,2026-02-21,18,465.93,10.0,7548.07,Online
TXN_00351796,CUST_034930,PROD_04601,LOC_0006,2024-07-15,13,6381.02,5.0,78805.6,Partner
TXN_00085711,CUST_003076,PROD_00629,LOC_0203,2021-10-17,9,1320.39,15.0,10100.98,Online
TXN_00311903,CUST_040051,PROD_02676,LOC_0247,2021-10-06,14,4945.28,15.0,58848.83,Retail
TXN_00204157,CUST_049963,PROD_04916,LOC_0084,2021-06-15,1,6862.47,0.0,6862.47,Direct Sales
TXN_00068299,CUST_040963,PROD_02966,LOC_0031,2025-12-17,5,6038.35,20.0,24153.4,Partner
TXN_00379452,CUST_028431,PROD_03877,LOC_0155,2023-08-24,3,7682.7,10.0,20743.29,Direct Sales
TXN_00172795,CUST_014472,PROD_02494,LOC_0071,2025-12-12,1,4901.91,5.0,4656.81,Online
TXN_00416887,CUST_015096,PROD_00227,LOC_0224,2025-04-07,5,4932.92,5.0,23431.37,Direct Sales
TXN_00003390,CUST_008713,PROD_03973,LOC_0098,2021-07-30,1,3243.24,5.0,3081.08,Partner
TXN_00164012,CUST_019299,PROD_00628,LOC_0067,2021-07-16,11,5645.81,15.0,52788.32,Partner
TXN_00455427,CUST_049753,PROD_03969,LOC_0201,2024-10-11,15,9766.35,0.0,146495.25,Direct Sales
TXN_00048895,CUST_001042,PROD_01613,LOC_0244,2024-11-17,11,437.38,15.0,4089.5,Direct Sales
TXN_00165349,CUST_027108,PROD_01673,LOC_0042,2025-09-27,6,609.91,10.0,3293.51,Online
TXN_00420457,CUST_004771,PROD_04046,LOC_0225,2024-09-19,5,4168.3,20.0,16673.2,Partner
TXN_00251089,CUST_017084,PROD_00771,LOC_0185,2023-12-24,12,3668.14,20.0,35214.14,Partner
TXN_00368965,CUST_002165,PROD_02312,LOC_0021,2021-07-02,1,5770.03,15.0,4904.53,Direct Sales
TXN_00339565,CUST_007659,PROD_04399,LOC_0004,2023-01-03,2,1276.83,15.0,2170.61,Partner
TXN_00202364,CUST_015356,PROD_03713,LOC_0096,2023-10-10,3,9500.63,10.0,25651.7,Direct Sales
TXN_00050425,CUST_012304,PROD_01235,LOC_0040,2024-02-04,2,3736.62,10.0,6725.92,Direct Sales
TXN_00279705,CUST_043498,PROD_04259,LOC_0065,2023-04-30,8,6655.39,15.0,45256.65,Partner
TXN_00388048,CUST_033766,PROD_01470,LOC_0085,2023-10-19,1,3195.2,10.0,2875.68,Online
TXN_00139476,CUST_041099,PROD_03750,LOC_0064,2021-11-21,4,8674.5,5.0,32963.1,Retail
TXN_00346164,CUST_003525,PROD_01495,LOC_0187,2025-03-10,1,8914.37,10.0,8022.93,Partner
TXN_00490180,,PROD_04499,LOC_0131,2021-12-13,4,8571.7,5.0,32572.46,Online
TXN_00170814,CUST_019895,PROD_02818,LOC_0057,2024-06-20,8,822.08,10.0,5918.98,Retail
TXN_00062368,CUST_015165,PROD_04982,LOC_0079,2025-04-24,3,9541.56,5.0,27193.45,Online
TXN_00053062,CUST_001453,PROD_02073,LOC_0053,2024-08-21,8,9550.37,15.0,64942.52,Retail
TXN_00289577,CUST_039780,PROD_01648,LOC_0145,2024-06-23,2,3049.87,15.0,5184.78,Retail
TXN_00210483,CUST_049191,PROD_02269,LOC_0007,2022-01-01,1,7763.27,15.0,6598.78,Direct Sales
TXN_00062845,CUST_006558,PROD_04499,LOC_0055,2024-09-24,2,4840.08,20.0,7744.13,Direct Sales
TXN_00228521,CUST_040332,PROD_04171,LOC_0243,2023-06-24,15,5026.46,15.0,64087.36,Online
TXN_00141527,CUST_048575,PROD_04703,LOC_0135,2024-12-14,13,1327.29,20.0,13803.82,Partner
TXN_00331519,CUST_037033,PROD_00906,LOC_0013,2022-07-23,10,3354.74,10.0,30192.66,Direct Sales
TXN_00414350,CUST_028594,PROD_02153,LOC_0170,2024-07-10,11,8972.48,0.0,98697.28,Retail
TXN_00264724,CUST_042334,PROD_03384,LOC_0040,2024-02-17,13,4466.39,15.0,49353.61,Online
TXN_00019145,CUST_029019,PROD_02738,LOC_0194,2023-01-15,19,4026.41,0.0,76501.79,Online
TXN_00056380,CUST_015543,PROD_04165,LOC_0190,2021-06-15,18,8739.81,20.0,125853.26,Online
TXN_00201063,CUST_016171,PROD_01850,LOC_0039,2023-04-19,1,4943.79,15.0,4202.22,Direct Sales
TXN_00352802,CUST_010843,PROD_03218,LOC_0074,2026-02-25,12,8324.57,0.0,99894.84,Online
TXN_00170512,CUST_008355,PROD_02059,LOC_0132,2024-04-02,3,1878.85,15.0,4791.07,Partner
TXN_00457808,CUST_002100,PROD_03110,LOC_0226,2025-02-20,6,2355.13,15.0,12011.16,Online
TXN_00267401,,PROD_02307,LOC_0085,2024-07-09,13,2152.79,5.0,26586.96,Direct Sales
TXN_00077313,CUST_036948,PROD_03784,LOC_0209,2025-10-13,12,6509.88,10.0,70306.7,Partner
TXN_00104289,CUST_033470,PROD_01026,LOC_0176,2021-04-30,17,4460.72,10.0,68249.02,Direct Sales
TXN_00407064,CUST_009004,PROD_03893,LOC_0102,2025-05-22,2,6331.4,0.0,12662.8,Retail
TXN_00226582,CUST_016525,PROD_00689,LOC_0119,2025-10-18,10,3860.56,10.0,34745.04,Partner
TXN_00251358,CUST_018621,PROD_00883,LOC_0143,2024-10-02,11,720.92,0.0,7930.12,Direct Sales
TXN_00387750,,PROD_00507,LOC_0072,2022-02-13,4,6638.4,10.0,23898.24,Partner
TXN_00102185,CUST_034842,PROD_00441,LOC_0246,2026-06-13,13,4319.72,0.0,56156.36,Direct Sales
TXN_00393218,CUST_035877,PROD_04179,LOC_0040,2026-04-13,2,964.71,5.0,1832.95,Online
TXN_00275137,CUST_042753,PROD_02753,LOC_0159,2021-08-26,16,8979.18,15.0,122116.85,Direct Sales
TXN_00436293,CUST_040809,PROD_02422,LOC_0176,2021-03-06,3,3082.27,5.0,8784.47,Direct Sales
TXN_00301280,CUST_023157,PROD_01858,LOC_0116,2024-07-15,13,6431.08,15.0,71063.43,Online
TXN_00120895,CUST_025003,PROD_03868,LOC_0177,2023-02-28,5,9731.63,5.0,46225.24,Partner
TXN_00481413,CUST_015135,PROD_00582,LOC_0142,2024-01-19,4,9019.59,10.0,32470.52,Direct Sales
TXN_00247686,CUST_015055,PROD_02718,LOC_0164,2023-01-26,6,8036.84,0.0,48221.04,Partner
TXN_00418590,CUST_023926,PROD_01776,LOC_0216,2024-10-30,12,1530.3,5.0,17445.42,Online
TXN_00320388,CUST_013277,PROD_04868,LOC_0121,2025-05-14,8,1891.08,20.0,12102.91,Online
TXN_00322845,CUST_004906,PROD_01142,LOC_0079,2023-02-05,19,2735.54,0.0,51975.26,Online
TXN_00178434,CUST_005169,PROD_00732,LOC_0015,2023-10-04,1,545.04,0.0,545.04,Retail
TXN_00229448,CUST_004996,PROD_03539,LOC_0009,2025-03-05,18,4863.4,0.0,87541.2,Direct Sales
TXN_00394445,CUST_024881,PROD_01227,LOC_0020,2021-02-17,7,9416.5,20.0,52732.4,Direct Sales
TXN_00290782,CUST_007917,PROD_03681,LOC_0089,2025-11-12,10,7887.07,20.0,63096.56,Retail
TXN_00213217,CUST_029048,PROD_02407,LOC_0026,2024-08-26,17,9140.22,10.0,139845.37,Retail
TXN_00173496,CUST_041694,PROD_03589,LOC_0229,2024-03-21,14,409.5,15.0,4873.05,Online
TXN_00052963,CUST_012556,PROD_02039,LOC_0007,2024-11-24,13,916.71,20.0,9533.78,Partner
TXN_00096183,CUST_020413,PROD_01613,LOC_0052,2025-06-18,11,6339.77,5.0,66250.6,Online
TXN_00341891,CUST_002312,PROD_04297,LOC_0018,2022-05-21,18,3080.76,10.0,49908.31,Direct Sales
TXN_00159276,CUST_027923,PROD_01871,LOC_0162,2022-10-05,1,8126.98,15.0,6907.93,Online
TXN_00246092,CUST_041715,PROD_03630,LOC_0025,2025-04-05,1,4877.28,5.0,4633.42,Direct Sales
TXN_00245305,CUST_029666,PROD_01092,LOC_0091,2026-04-12,6,6663.99,0.0,39983.94,Direct Sales
TXN_00064361,CUST_021993,PROD_03098,LOC_0117,2021-06-23,1,734.07,10.0,660.66,Retail
TXN_00093513,CUST_013038,PROD_03712,LOC_0038,2021-10-30,7,579.34,10.0,3649.84,Partner
TXN_00499983,CUST_028965,PROD_00173,LOC_0029,2021-02-14,3,9221.49,10.0,24898.02,Direct Sales
TXN_00005498,CUST_019882,PROD_03315,LOC_0067,2025-04-16,19,6035.1,5.0,108933.56,Retail
TXN_00419398,CUST_042684,PROD_00744,LOC_0204,2023-07-29,11,7965.49,5.0,83239.37,Online
TXN_00140991,CUST_040715,PROD_03185,LOC_0038,2022-02-23,10,3087.37,15.0,26242.64,Retail
TXN_00176934,CUST_035816,PROD_02471,LOC_0001,2023-02-14,9,2241.79,10.0,18158.5,Retail
TXN_00053644,CUST_026476,PROD_03660,LOC_0006,2026-01-28,5,7168.96,10.0,32260.32,Partner
TXN_00085169,CUST_018561,PROD_04541,LOC_0023,2023-06-10,13,929.64,15.0,10272.52,Partner
TXN_00368800,CUST_029363,PROD_04952,LOC_0219,2021-10-24,4,9038.09,15.0,30729.51,Partner
TXN_00137459,CUST_021273,PROD_00262,LOC_0214,2025-07-09,3,9098.14,15.0,23200.26,Direct Sales
TXN_00414765,CUST_045741,PROD_03279,LOC_0154,2022-04-09,5,6606.8,5.0,31382.3,Direct Sales
TXN_00023975,CUST_012625,PROD_02842,LOC_0093,2021-01-17,4,8988.73,5.0,34157.17,Direct Sales
TXN_00024039,CUST_028723,PROD_00491,LOC_0214,2021-08-11,7,3340.13,20.0,18704.73,Partner
TXN_00028403,CUST_011573,PROD_04617,LOC_0022,2024-03-11,18,8630.56,5.0,147582.58,Direct Sales
TXN_00022256,CUST_043323,PROD_00781,LOC_0010,2026-01-31,6,590.68,15.0,3012.47,Partner
TXN_00259456,CUST_003281,PROD_01199,LOC_0024,2022-05-12,2,8389.02,15.0,14261.33,Online
TXN_00328414,CUST_018840,PROD_03354,LOC_0063,2026-03-23,11,499.95,20.0,4399.56,Direct Sales
TXN_00100103,CUST_046265,PROD_04849,LOC_0148,2024-06-10,17,8938.06,0.0,151947.02,Partner
TXN_00436050,CUST_007864,PROD_00529,LOC_0231,2025-08-24,10,3537.32,5.0,33604.54,Online
TXN_00122225,CUST_036642,PROD_00858,LOC_0018,2026-02-23,11,8785.53,20.0,77312.66,Online
TXN_00462073,CUST_015786,PROD_02367,LOC_0188,2024-09-21,2,3577.41,20.0,5723.86,Online
TXN_00102136,CUST_006613,PROD_01022,LOC_0179,2021-09-21,4,8450.69,10.0,30422.48,Direct Sales
TXN_00462273,CUST_023226,PROD_01432,LOC_0094,2025-03-14,10,4245.59,10.0,38210.31,Partner
TXN_00310717,CUST_039114,PROD_01268,LOC_0068,2026-01-19,18,7593.42,15.0,116179.33,Online
TXN_00355936,CUST_047536,PROD_04310,LOC_0165,2025-04-27,1,2574.91,20.0,2059.93,Online
TXN_00093235,CUST_008478,PROD_03121,LOC_0007,2023-02-17,2,5064.5,5.0,9622.55,Online
TXN_00315496,CUST_035109,PROD_04537,LOC_0241,2021-12-05,18,2435.19,20.0,35066.74,Partner
TXN_00460892,CUST_017943,PROD_02612,LOC_0237,2025-11-14,8,7187.88,10.0,51752.74,Online
TXN_00205535,CUST_022911,PROD_03105,LOC_0241,2022-05-25,14,2621.83,15.0,31199.78,Direct Sales
TXN_00222769,,PROD_03704,LOC_0246,2021-08-22,6,667.25,15.0,3402.98,Online
TXN_00033036,CUST_046159,PROD_04880,LOC_0009,2023-10-12,8,2807.34,5.0,21335.78,Retail
TXN_00317203,CUST_001544,PROD_04239,LOC_0152,2024-12-29,7,7824.24,15.0,46554.23,Partner
TXN_00438500,CUST_023699,PROD_00106,LOC_0244,2025-12-16,10,1570.58,0.0,15705.8,Partner
TXN_00073995,CUST_046818,PROD_03065,LOC_0045,2023-04-03,10,3472.68,10.0,31254.12,Retail
TXN_00333555,CUST_017985,PROD_03874,LOC_0030,2021-06-23,9,938.02,15.0,7175.85,Direct Sales
TXN_00089893,CUST_017837,PROD_02327,LOC_0024,2023-06-30,5,6245.0,5.0,29663.75,Online
TXN_00109836,CUST_040130,PROD_02720,LOC_0038,2023-05-04,18,816.75,20.0,11761.2,Online
TXN_00451810,CUST_024911,PROD_00238,LOC_0212,2025-04-01,18,7379.44,5.0,126188.42,Direct Sales
TXN_00001286,CUST_016935,PROD_01588,LOC_0031,2024-08-10,11,3522.0,5.0,36804.9,Online
TXN_00108372,CUST_014761,PROD_02780,LOC_0019,2025-03-30,4,2861.71,15.0,9729.81,Online
TXN_00134744,CUST_026594,PROD_04834,LOC_0179,2025-05-23,16,7850.53,10.0,113047.63,Direct Sales
TXN_00091305,CUST_042243,PROD_03182,LOC_0115,2025-08-15,12,2112.61,20.0,20281.06,Partner
TXN_00093155,CUST_014972,PROD_00770,LOC_0162,2022-10-13,4,2052.94,0.0,8211.76,Retail
TXN_00107491,CUST_032416,PROD_00506,LOC_0008,2025-05-26,3,248.96,5.0,709.54,Retail
TXN_00124750,CUST_038056,PROD_03832,LOC_0015,2021-02-11,11,8132.73,10.0,80514.03,Online
TXN_00170332,CUST_020183,PROD_01234,LOC_0131,2022-06-20,8,7839.61,0.0,62716.88,Retail
TXN_00391388,CUST_035466,PROD_03645,LOC_0184,2024-09-22,-1,5842.62,15.0,64560.95,Retail
TXN_00137436,CUST_043346,PROD_03203,LOC_0061,2021-05-28,7,5411.04,5.0,35983.42,Retail
TXN_00390064,CUST_002623,PROD_00817,LOC_0068,2023-07-21,2,6659.56,5.0,12653.16,Direct Sales
TXN_00072979,CUST_010649,PROD_03218,LOC_0037,2022-03-30,3,1420.47,0.0,4261.41,Direct Sales
TXN_00392698,CUST_018531,PROD_04748,LOC_0133,2026-04-19,11,4362.85,20.0,38393.08,Partner
TXN_00114984,CUST_023955,PROD_01396,LOC_0180,2022-06-06,6,2850.37,20.0,13681.78,Retail
TXN_00206570,CUST_017142,PROD_00682,LOC_0055,2026-05-14,7,1218.08,15.0,7247.58,Retail
TXN_00262779,CUST_049966,PROD_04285,LOC_0092,2025-05-28,5,3325.68,10.0,14965.56,Partner
TXN_00332413,CUST_015875,PROD_02497,LOC_0162,2024-12-09,13,6982.07,0.0,90766.91,Partner
TXN_00212674,CUST_011161,PROD_01324,LOC_0232,2021-01-16,1,3557.41,10.0,3201.67,Direct Sales
TXN_00151391,CUST_029653,PROD_01360,LOC_0108,2024-03-18,15,2225.49,10.0,30044.12,Direct Sales
TXN_00020956,CUST_008612,PROD_03876,LOC_0125,2021-05-16,5,6802.86,20.0,27211.44,Partner
TXN_00249204,CUST_038434,PROD_01518,LOC_0139,2024-12-27,9,8718.33,15.0,66695.22,Retail
TXN_00094547,CUST_043814,PROD_04784,LOC_0153,2024-04-27,9,8179.76,20.0,58894.27,Retail
TXN_00218226,CUST_048423,PROD_04027,LOC_0220,2025-11-30,4,8234.31,5.0,31290.38,Direct Sales
TXN_00177305,CUST_044401,PROD_01747,LOC_0145,2024-05-18,6,1306.61,20.0,6271.73,Partner
TXN_00145533,,PROD_02746,LOC_0174,2025-02-15,14,707.1,20.0,7919.52,Direct Sales
TXN_00288834,CUST_022908,PROD_01561,LOC_0196,2025-12-01,6,9950.76,20.0,47763.65,Online
TXN_00147967,CUST_020857,PROD_01315,LOC_0075,2025-12-10,8,9678.28,20.0,61940.99,Online
TXN_00121718,CUST_002682,PROD_02659,LOC_0210,2023-08-23,4,7254.24,15.0,24664.42,Direct Sales
TXN_00212142,CUST_049047,PROD_00458,LOC_0012,2025-05-24,8,6845.75,10.0,49289.4,Online
TXN_00483920,CUST_047156,PROD_01206,LOC_0186,2025-07-16,8,1980.22,15.0,13465.5,Direct Sales
TXN_00445077,CUST_016575,PROD_04649,LOC_0161,2024-10-22,7,5196.71,5.0,34558.12,Retail
TXN_00447271,CUST_024758,PROD_03956,LOC_0208,2022-04-21,5,9077.52,20.0,36310.08,Online
TXN_00484566,CUST_049842,PROD_00963,LOC_0146,2022-02-21,9,5393.31,10.0,43685.81,Partner
TXN_00058675,CUST_036246,PROD_02094,LOC_0027,2021-08-11,9,7614.13,5.0,65100.81,Retail
TXN_00391187,CUST_035444,PROD_02152,LOC_0048,2023-02-03,19,9718.43,15.0,156952.64,Direct Sales
TXN_00135766,CUST_045538,PROD_02044,LOC_0096,2023-01-21,2,3278.53,10.0,5901.35,Direct Sales
TXN_00026104,CUST_043245,PROD_02406,LOC_0114,2023-12-21,2,5234.09,20.0,8374.54,Partner
TXN_00086943,CUST_045583,PROD_02447,LOC_0124,2025-05-19,9,7388.75,5.0,63173.81,Retail
TXN_00486408,CUST_008757,PROD_04069,LOC_0197,2023-08-14,16,8847.54,10.0,127404.58,Retail
TXN_00371852,CUST_044443,PROD_01630,LOC_0107,2026-03-19,18,9991.95,10.0,161869.59,Direct Sales
TXN_00331428,CUST_040804,PROD_01138,LOC_0106,2024-12-15,2,9447.33,10.0,17005.19,Partner
TXN_00455690,CUST_031124,PROD_02357,LOC_0159,2024-04-07,5,2769.66,15.0,11771.05,Retail
TXN_00353621,CUST_040718,PROD_00510,LOC_0126,2025-10-27,15,5479.62,0.0,82194.3,Online
TXN_00246093,CUST_036270,PROD_04949,LOC_0019,2023-04-18,7,7841.28,0.0,54888.96,Partner
TXN_00018532,CUST_021457,PROD_04718,LOC_0139,2025-08-27,19,802.37,0.0,15245.03,Partner
TXN_00403257,CUST_037002,PROD_03124,LOC_0179,2025-10-20,11,2995.94,20.0,26364.27,Direct Sales
TXN_00033833,CUST_039576,PROD_00026,LOC_0007,2021-05-29,6,2001.39,20.0,9606.67,Direct Sales
TXN_00327906,CUST_031018,PROD_01105,LOC_0109,2025-09-01,4,2103.75,0.0,8415.0,Direct Sales
TXN_00348728,CUST_037370,PROD_04338,LOC_0004,2026-05-21,18,2552.98,15.0,39060.59,Partner
TXN_00397973,CUST_038230,PROD_03661,LOC_0083,2022-09-08,6,2814.72,20.0,13510.66,Retail
TXN_00174697,CUST_040969,PROD_01840,LOC_0247,2024-09-10,17,2638.31,0.0,44851.27,Retail
TXN_00396134,CUST_016009,PROD_04268,LOC_0058,2022-04-17,19,5354.11,20.0,81382.47,Direct Sales
TXN_00310387,CUST_021869,PROD_02798,LOC_0057,2026-01-27,11,6838.31,5.0,71460.34,Partner
TXN_00479436,CUST_023079,PROD_02925,LOC_0012,2024-04-26,2,5231.9,5.0,9940.61,Direct Sales
TXN_00401497,CUST_004174,PROD_03056,LOC_0159,2025-04-17,7,5327.73,10.0,33564.7,Online
TXN_00095220,CUST_019044,PROD_01492,LOC_0189,2026-06-01,17,6701.37,15.0,96834.8,Direct Sales
TXN_00442311,CUST_023990,PROD_02782,LOC_0091,2025-07-06,3,3464.58,0.0,10393.74,Retail
TXN_00263427,CUST_040644,PROD_01111,LOC_0045,2022-05-08,11,8328.22,10.0,82449.38,Direct Sales
TXN_00410128,CUST_041463,PROD_00222,LOC_0077,2024-06-25,8,4267.93,0.0,34143.44,Retail
TXN_00484361,CUST_003480,PROD_04724,LOC_0052,2021-08-15,1,5213.54,20.0,4170.83,Partner
TXN_00366599,CUST_018086,PROD_01240,LOC_0136,2022-02-11,10,1051.3,10.0,9461.7,Direct Sales
TXN_00471265,CUST_041040,PROD_04961,LOC_0190,2022-03-05,4,7205.2,10.0,25938.72,Partner
TXN_00448716,CUST_009616,PROD_04875,LOC_0078,2024-01-06,13,9900.28,0.0,128703.64,Partner
TXN_00200729,CUST_013414,PROD_04273,LOC_0022,2024-04-18,3,5061.11,0.0,15183.33,Online
TXN_00037616,CUST_016421,PROD_03572,LOC_0027,2021-04-16,2,4360.16,10.0,7848.29,Retail
TXN_00290814,CUST_026705,PROD_04962,LOC_0068,2022-01-29,9,4736.42,0.0,42627.78,Partner
TXN_00491467,CUST_018900,PROD_04026,LOC_0177,2021-11-04,12,8293.17,5.0,94542.14,Online
TXN_00176326,CUST_035682,PROD_01381,LOC_0083,2023-05-15,10,7198.15,15.0,61184.28,Online
TXN_00389874,,PROD_02843,LOC_0119,2026-01-04,14,7692.65,5.0,102312.24,Retail
TXN_00380690,CUST_000235,PROD_02783,LOC_0195,2026-04-12,12,1547.18,15.0,15781.24,Retail
TXN_00148297,CUST_009753,PROD_01370,LOC_0205,2022-11-20,16,4470.23,10.0,64371.31,Online
TXN_00141375,CUST_029426,PROD_01703,LOC_0215,2026-06-09,16,9098.49,20.0,116460.67,Retail
TXN_00009117,CUST_017782,PROD_04896,LOC_0169,2025-10-08,10,5242.27,0.0,52422.7,Online
TXN_00356997,CUST_027900,PROD_00198,LOC_0007,2023-11-26,5,655.86,15.0,2787.4,Online
TXN_00356148,CUST_014373,PROD_01443,LOC_0011,2021-11-13,19,4448.06,0.0,84513.14,Retail
TXN_00099869,CUST_007499,PROD_04989,LOC_0084,2025-11-22,5,5271.04,15.0,22401.92,Direct Sales
TXN_00227290,CUST_011354,PROD_04173,LOC_0081,2026-04-30,4,2068.51,0.0,8274.04,Online
TXN_00157223,CUST_031909,PROD_03774,LOC_0247,2023-03-18,4,4146.95,0.0,16587.8,Direct Sales
TXN_00366335,CUST_016743,PROD_03548,LOC_0149,2023-12-30,17,1096.48,15.0,15844.14,Online
TXN_00163590,CUST_000072,PROD_04415,LOC_0193,2024-06-23,9,8052.05,5.0,68845.03,Online
TXN_00447044,CUST_018205,PROD_00844,LOC_0022,2025-09-21,3,8834.32,10.0,23852.66,Online
TXN_00360265,CUST_048721,PROD_00133,LOC_0136,2026-06-05,11,3085.98,15.0,28853.91,Direct Sales
TXN_00126863,CUST_025991,PROD_01345,LOC_0035,2021-02-15,14,556.66,10.0,7013.92,Partner
TXN_00372614,CUST_011745,PROD_01091,LOC_0083,2023-05-22,10,5353.06,0.0,53530.6,Retail
TXN_00490150,CUST_005850,PROD_03672,LOC_0094,2023-12-11,3,1068.13,0.0,3204.39,Online
TXN_00197731,CUST_019005,PROD_01154,LOC_0230,2021-04-08,14,4512.6,10.0,56858.76,Partner
TXN_00463706,,PROD_04351,LOC_0098,2024-11-18,19,7813.08,0.0,148448.52,Partner
TXN_00180348,CUST_020299,PROD_03631,LOC_0210,2024-10-16,1,9337.39,0.0,9337.39,Online
TXN_00339033,CUST_010129,PROD_00314,LOC_0108,2024-08-01,16,6314.79,0.0,101036.64,Online
TXN_00310982,CUST_044761,PROD_04903,LOC_0095,2025-06-11,11,7798.59,5.0,81495.27,Direct Sales
TXN_00402336,CUST_047391,PROD_03526,LOC_0153,2026-05-22,8,6660.46,10.0,47955.31,Retail
TXN_00490344,CUST_013173,PROD_00644,LOC_0111,2024-10-29,5,9168.24,10.0,41257.08,Online
TXN_00000602,CUST_019875,PROD_01780,LOC_0085,2024-12-15,10,182.37,5.0,1732.52,Partner
TXN_00116624,CUST_002497,PROD_01691,LOC_0134,2024-07-30,3,920.47,10.0,2485.27,Partner
TXN_00226354,CUST_012258,PROD_04384,LOC_0221,2026-06-07,4,3676.34,10.0,13234.82,Direct Sales
TXN_00120657,,PROD_01534,LOC_0200,2024-12-02,2,3616.8,15.0,6148.56,Online
TXN_00298524,CUST_014351,PROD_02391,LOC_0068,2021-04-01,12,5146.55,20.0,49406.88,Partner
TXN_00390276,CUST_005617,PROD_04978,LOC_0237,2024-04-16,9,7217.26,20.0,51964.27,Direct Sales
TXN_00419418,CUST_015435,PROD_01656,LOC_0014,2026-02-17,7,1867.25,10.0,11763.68,Online
TXN_00219431,CUST_008381,PROD_01909,LOC_0158,2023-06-23,13,9027.52,20.0,93886.21,Online
TXN_00006239,CUST_003341,PROD_02426,LOC_0147,2021-07-15,19,1445.59,15.0,23346.28,Retail
TXN_00237048,CUST_025128,PROD_00426,LOC_0198,2022-06-06,5,1903.18,0.0,9515.9,Retail
TXN_00158971,CUST_035206,PROD_00984,LOC_0245,2023-04-23,2,5585.71,0.0,11171.42,Partner
TXN_00395336,CUST_049833,PROD_00988,LOC_0169,2022-06-06,14,7236.23,10.0,91176.5,Online
TXN_00267943,CUST_044554,PROD_03988,LOC_0017,2023-10-25,10,6828.89,20.0,54631.12,Retail
TXN_00332209,,PROD_03270,LOC_0003,2025-08-24,19,8769.56,15.0,141628.39,Online
TXN_00440781,CUST_027182,PROD_04510,LOC_0151,2025-11-04,15,3419.11,10.0,46157.98,Direct Sales
TXN_00478398,CUST_029792,PROD_01111,LOC_0191,2021-12-17,18,6483.39,10.0,105030.92,Direct Sales
TXN_00089241,CUST_030677,PROD_04246,LOC_0036,2024-04-25,9,3716.38,15.0,28430.31,Retail
TXN_00499412,CUST_032837,PROD_04111,LOC_0057,2022-12-09,7,4336.16,10.0,27317.81,Retail
TXN_00469933,,PROD_01555,LOC_0008,2022-12-24,9,9426.35,20.0,67869.72,Retail
TXN_00045816,CUST_047628,PROD_01235,LOC_0203,2022-08-31,5,4800.96,5.0,22804.56,Direct Sales
TXN_00258419,CUST_049746,PROD_00856,LOC_0074,2021-10-14,6,8822.69,20.0,42348.91,Online
TXN_00477079,,PROD_03323,LOC_0069,2021-08-18,15,482.84,15.0,6156.21,Partner
TXN_00222077,CUST_022423,PROD_02421,LOC_0216,2022-08-15,4,4839.88,10.0,17423.57,Partner
TXN_00121348,CUST_048798,PROD_02634,LOC_0218,2025-09-30,6,8053.57,0.0,48321.42,Partner
TXN_00074986,CUST_045482,PROD_03637,LOC_0211,2024-01-09,5,992.33,20.0,3969.32,Retail
TXN_00250535,CUST_040833,PROD_04032,LOC_0019,2022-05-09,3,8076.51,15.0,20595.1,Online
TXN_00256322,CUST_049287,PROD_02841,LOC_0060,2023-01-11,11,6941.73,10.0,68723.13,Direct Sales
TXN_00384464,CUST_007006,PROD_01054,LOC_0078,2026-03-01,5,9019.42,5.0,42842.24,Partner
TXN_00290890,CUST_043978,PROD_04974,LOC_0235,2025-08-29,12,6111.59,15.0,62338.22,Retail
TXN_00358450,CUST_045008,PROD_03772,LOC_0085,2022-11-30,10,2630.29,5.0,24987.76,Retail
TXN_00121485,CUST_030816,PROD_02981,LOC_0056,2022-08-27,1,7448.57,5.0,7076.14,Online
TXN_00111655,CUST_001031,PROD_00096,LOC_0099,2021-07-05,11,9493.4,20.0,83541.92,Online
TXN_00067138,CUST_033595,PROD_02380,LOC_0017,2023-03-17,13,9938.19,20.0,103357.18,Direct Sales
TXN_00250243,CUST_016177,PROD_00633,LOC_0062,2024-05-18,10,5635.41,10.0,50718.69,Direct Sales
TXN_00396693,CUST_003369,PROD_00164,LOC_0017,2023-12-15,5,3406.85,15.0,14479.11,Online
TXN_00311451,CUST_031175,PROD_04777,LOC_0027,2025-12-14,3,4787.98,20.0,11491.15,Retail
TXN_00396753,CUST_041747,PROD_03818,LOC_0216,2022-01-24,10,3029.37,0.0,30293.7,Direct Sales
TXN_00243637,CUST_004796,PROD_03744,LOC_0121,2023-07-02,2,5199.78,15.0,8839.63,Retail
TXN_00173853,CUST_003491,PROD_02818,LOC_0241,2022-04-20,8,6580.96,20.0,42118.14,Partner
TXN_00197036,CUST_045424,PROD_00164,LOC_0048,2022-12-12,5,1817.87,10.0,8180.41,Retail
TXN_00140164,CUST_005689,PROD_03083,LOC_0039,2023-02-06,14,1278.54,0.0,17899.56,Direct Sales
TXN_00348344,CUST_045960,PROD_04400,LOC_0082,2023-01-25,12,2238.45,15.0,22832.19,Direct Sales
TXN_00370568,CUST_046007,PROD_00582,LOC_0037,2025-07-06,13,2278.78,20.0,23699.31,Retail
TXN_00174894,CUST_008622,PROD_01782,LOC_0223,2025-02-26,13,9939.67,0.0,129215.71,Partner
TXN_00178247,CUST_026830,PROD_00376,LOC_0123,2025-09-11,9,6996.34,5.0,59818.71,Direct Sales
TXN_00416739,CUST_017507,PROD_01143,LOC_0189,2024-12-12,6,6242.44,10.0,33709.18,Retail
TXN_00223720,,PROD_03178,LOC_0052,2024-02-13,2,4888.49,15.0,8310.43,Direct Sales
TXN_00167838,CUST_030275,PROD_02185,LOC_0016,2023-05-22,13,8489.98,15.0,93814.28,Direct Sales
TXN_00198603,CUST_022284,PROD_03943,LOC_0053,2023-09-16,18,5070.98,10.0,82149.88,Online
TXN_00428946,,PROD_02514,LOC_0240,2024-06-26,18,5271.45,20.0,75908.88,Online
TXN_00244428,CUST_025957,PROD_01510,LOC_0065,2022-06-12,7,4702.48,15.0,27979.76,Direct Sales
TXN_00280818,CUST_038898,PROD_00851,LOC_0138,2025-10-04,6,3429.49,0.0,20576.94,Direct Sales
TXN_00321780,CUST_044614,PROD_00044,LOC_0056,2024-07-31,13,4179.45,10.0,48899.56,Partner
TXN_00085160,CUST_023394,PROD_03036,LOC_0088,2025-09-17,15,9646.0,15.0,122986.5,Online
TXN_00382356,CUST_022983,PROD_03336,LOC_0082,2021-10-16,13,5932.29,10.0,69407.79,Partner
TXN_00324414,,PROD_03187,LOC_0184,2023-08-17,12,9685.4,0.0,116224.8,Direct Sales
TXN_00047394,CUST_029758,PROD_03769,LOC_0126,2022-03-21,18,2619.13,0.0,47144.34,Retail
TXN_00004663,CUST_036315,PROD_04842,LOC_0031,2024-02-21,9,176.48,0.0,1588.32,Partner
TXN_00125724,CUST_003007,PROD_00879,LOC_0227,2021-03-25,2,6442.77,15.0,10952.71,Online
TXN_00172916,CUST_037893,PROD_02679,LOC_0142,2022-08-16,8,7826.98,15.0,53223.46,Partner
TXN_00335462,CUST_034297,PROD_04865,LOC_0022,2023-04-19,8,6173.18,20.0,39508.35,Partner
TXN_00270053,CUST_016634,PROD_03927,LOC_0069,2025-11-04,19,9870.56,15.0,159409.54,Retail
TXN_00416010,CUST_010642,PROD_03249,LOC_0077,2025-05-09,2,1573.77,5.0,2990.16,Online
TXN_00339352,CUST_009673,PROD_00603,LOC_0243,2022-10-12,2,2628.93,15.0,4469.18,Retail
TXN_00035676,CUST_049424,PROD_04906,LOC_0062,2025-04-01,18,9273.92,5.0,158584.03,Partner
TXN_00101780,CUST_039698,PROD_04032,LOC_0208,2021-02-10,4,3973.02,20.0,12713.66,Retail
TXN_00462117,,PROD_01355,LOC_0154,2026-05-13,14,9314.43,20.0,104321.62,Online
TXN_00047557,CUST_047558,PROD_00056,LOC_0038,2024-05-18,19,117.21,0.0,2226.99,Partner
TXN_00130301,CUST_044685,PROD_02524,LOC_0039,2024-05-15,19,8175.17,10.0,139795.41,Direct Sales
TXN_00158600,CUST_030993,PROD_03783,LOC_0042,2024-06-17,16,7283.61,10.0,104883.98,Direct Sales
TXN_00466720,CUST_036719,PROD_02939,LOC_0154,2026-06-15,11,2814.54,5.0,29411.94,Partner
TXN_00350009,CUST_040276,PROD_02573,LOC_0188,2023-05-28,18,8586.78,10.0,139105.84,Partner
TXN_00435488,CUST_020706,PROD_04739,LOC_0038,2022-10-18,4,6629.32,5.0,25191.42,Retail
TXN_00099377,CUST_031451,PROD_02902,LOC_0033,2022-08-20,11,3943.04,15.0,36867.42,Online
TXN_00359775,CUST_024027,PROD_02573,LOC_0151,2022-01-31,3,2855.28,10.0,7709.26,Retail
TXN_00368910,CUST_045817,PROD_02698,LOC_0144,2023-10-03,18,244.74,15.0,3744.52,Direct Sales
TXN_00153632,CUST_047545,PROD_02207,LOC_0033,2023-07-24,10,532.15,20.0,4257.2,Partner
TXN_00187485,CUST_000716,PROD_02813,LOC_0241,2023-09-02,1,2578.1,15.0,2191.38,Partner
TXN_00464042,CUST_020162,PROD_03420,LOC_0109,2022-08-19,14,5261.3,10.0,66292.38,Direct Sales
TXN_00230506,CUST_006653,PROD_04770,LOC_0167,2024-05-17,10,1725.22,15.0,14664.37,Direct Sales
TXN_00113195,CUST_000502,PROD_03948,LOC_0028,2022-09-07,4,3997.73,20.0,12792.74,Partner
TXN_00489443,CUST_049807,PROD_02367,LOC_0026,2023-11-21,6,1113.01,10.0,6010.25,Partner
TXN_00134340,,PROD_03441,LOC_0237,2023-08-17,2,7087.93,0.0,14175.86,Retail
TXN_00298325,CUST_029891,PROD_02023,LOC_0189,2022-09-24,9,1894.1,10.0,15342.21,Retail
TXN_00292474,CUST_016767,PROD_04312,LOC_0181,2026-04-23,4,6056.44,15.0,20591.9,Partner
TXN_00038912,CUST_031107,PROD_01194,LOC_0163,2024-08-12,6,3891.56,10.0,21014.42,Retail
TXN_00261154,CUST_013091,PROD_04726,LOC_0216,2022-06-23,4,4607.22,10.0,16585.99,Direct Sales
TXN_00044359,CUST_000159,PROD_02989,LOC_0021,2024-03-16,13,2915.81,15.0,32219.7,Direct Sales
TXN_00077857,CUST_024073,PROD_00827,LOC_0168,2026-01-01,11,2117.72,5.0,22130.17,Online
TXN_00196255,,PROD_01580,LOC_0078,2024-10-28,6,4651.99,5.0,26516.34,Retail
TXN_00396763,CUST_016826,PROD_00895,LOC_0103,2025-12-14,12,9822.65,5.0,111978.21,Partner
TXN_00465051,CUST_000557,PROD_01559,LOC_0088,2022-02-23,4,7880.94,10.0,28371.38,Direct Sales
TXN_00341336,CUST_012689,PROD_04324,LOC_0148,2024-06-20,9,8746.56,0.0,78719.04,Partner
TXN_00319473,CUST_021946,PROD_04793,LOC_0060,2023-10-10,4,1679.41,15.0,5709.99,Retail
TXN_00023404,CUST_013355,PROD_04784,LOC_0049,2023-03-24,13,6951.76,0.0,90372.88,Partner
TXN_00383940,CUST_042302,PROD_03941,LOC_0147,2021-04-13,18,4004.98,10.0,64880.68,Partner
TXN_00084482,CUST_028433,PROD_02943,LOC_0146,2026-01-04,9,8434.99,20.0,60731.93,Retail
TXN_00436374,CUST_002531,PROD_01470,LOC_0162,2025-07-24,2,6027.37,15.0,10246.53,Retail
TXN_00033878,CUST_027499,PROD_02556,LOC_0233,2025-07-16,5,7226.92,10.0,32521.14,Direct Sales
TXN_00025607,CUST_047959,PROD_00629,LOC_0018,2024-07-25,16,3190.94,5.0,48502.29,Direct Sales
TXN_00385495,,PROD_01674,LOC_0156,2024-09-21,9,9132.94,5.0,78086.64,Direct Sales
TXN_00079654,CUST_000989,PROD_04285,LOC_0231,2022-03-19,19,220.52,15.0,3561.4,Partner
TXN_00484026,CUST_044326,PROD_03105,LOC_0201,2026-06-15,3,1799.29,20.0,4318.3,Online
TXN_00497764,CUST_035759,PROD_03156,LOC_0030,2022-07-27,1,2478.85,20.0,1983.08,Direct Sales
TXN_00026996,CUST_004231,PROD_03088,LOC_0189,2021-10-18,17,5185.02,5.0,83738.07,Retail
TXN_00101066,CUST_023823,PROD_04321,LOC_0092,2022-01-22,13,713.08,0.0,9270.04,Retail
TXN_00048465,CUST_026547,PROD_03157,LOC_0080,2025-08-19,11,4761.14,0.0,52372.54,Partner
TXN_00176185,CUST_004975,PROD_00093,LOC_0078,2023-06-11,7,928.54,5.0,6174.79,Online
TXN_00270212,CUST_016644,PROD_02906,LOC_0182,2024-05-19,1,4008.62,0.0,4008.62,Direct Sales
TXN_00373469,CUST_044385,PROD_03674,LOC_0185,2024-03-26,10,9359.39,10.0,84234.51,Partner
TXN_00026367,CUST_015395,PROD_03327,LOC_0220,2026-03-15,6,1216.75,0.0,7300.5,Partner
TXN_00374448,CUST_019200,PROD_01682,LOC_0018,2021-02-08,19,4115.78,0.0,78199.82,Direct Sales
TXN_00035557,CUST_043220,PROD_04271,LOC_0203,2021-09-08,8,3012.9,20.0,19282.56,Direct Sales
TXN_00488878,CUST_046785,PROD_01377,LOC_0201,2021-12-07,12,2685.69,5.0,30616.87,Retail
TXN_00110300,CUST_033019,PROD_04809,LOC_0164,2022-09-24,10,3973.56,5.0,37748.82,Online
TXN_00129164,CUST_042435,PROD_02400,LOC_0053,2023-12-11,18,3139.94,15.0,48041.08,Partner
TXN_00235148,CUST_002046,PROD_03197,LOC_0020,2021-05-27,3,3111.73,5.0,8868.43,Partner
TXN_00341965,CUST_021087,PROD_03144,LOC_0237,2021-02-14,12,8893.05,0.0,106716.6,Retail
TXN_00089150,CUST_033269,PROD_01118,LOC_0136,2026-01-21,10,7657.08,20.0,61256.64,Online
TXN_00389288,CUST_036916,PROD_01781,LOC_0085,2022-05-17,2,6788.12,15.0,11539.8,Retail
TXN_00115822,CUST_014480,PROD_00026,LOC_0162,2022-05-29,6,5960.0,0.0,35760.0,Retail
TXN_00117378,CUST_022863,PROD_03515,LOC_0203,2025-07-01,10,4327.53,15.0,36784.0,Retail
TXN_00006653,CUST_022340,PROD_04720,LOC_0171,2021-12-24,19,2874.05,15.0,46415.91,Online
TXN_00125449,CUST_013156,PROD_03867,LOC_0229,2022-04-08,13,5159.88,10.0,60370.6,Partner
TXN_00256472,CUST_032446,PROD_04862,LOC_0167,2023-02-13,15,1581.91,15.0,20169.35,Partner
TXN_00304456,CUST_019699,PROD_02445,LOC_0223,2025-11-03,8,5108.51,10.0,36781.27,Retail
TXN_00217113,CUST_023582,PROD_01596,LOC_0008,2022-06-02,19,9125.4,0.0,173382.6,Online
TXN_00178196,CUST_048710,PROD_02733,LOC_0064,2022-09-15,19,1984.06,20.0,30157.71,Online
TXN_00394204,CUST_038735,PROD_04242,LOC_0136,2023-09-06,11,1990.07,10.0,19701.69,Direct Sales
TXN_00223220,CUST_039107,PROD_03681,LOC_0032,2025-05-08,14,5663.35,15.0,67393.87,Partner
TXN_00443000,CUST_037927,PROD_01717,LOC_0035,2023-09-12,8,7153.3,10.0,51503.76,Online
TXN_00316158,CUST_003979,PROD_01233,LOC_0164,2022-08-14,12,1348.31,5.0,15370.73,Retail
TXN_00212477,CUST_025553,PROD_01570,LOC_0138,2025-10-14,17,8623.46,10.0,131938.94,Partner
TXN_00219754,CUST_018296,PROD_04064,LOC_0042,2024-03-14,18,6031.75,20.0,86857.2,Direct Sales
TXN_00244401,CUST_040296,PROD_03836,LOC_0161,2023-11-17,16,713.97,15.0,9709.99,Retail
TXN_00213456,CUST_021886,PROD_00399,LOC_0094,2026-05-25,4,900.62,5.0,3422.36,Partner
TXN_00264927,CUST_041401,PROD_02269,LOC_0198,2022-04-06,6,6009.86,10.0,32453.24,Online
TXN_00010482,CUST_032623,PROD_01501,LOC_0059,2025-04-02,8,6988.57,0.0,55908.56,Online
TXN_00115840,CUST_015659,PROD_01794,LOC_0030,2022-07-30,15,5860.14,20.0,70321.68,Retail
TXN_00290487,,PROD_00862,LOC_0120,2022-08-12,8,2140.18,5.0,16265.37,Online
TXN_00336021,CUST_042879,PROD_01448,LOC_0074,2023-05-16,14,7038.29,20.0,78828.85,Retail
TXN_00090219,CUST_001086,PROD_00600,LOC_0189,2021-01-25,15,9942.36,5.0,141678.63,Partner
TXN_00287479,CUST_044135,PROD_00968,LOC_0206,2021-01-30,7,1116.8,15.0,6644.96,Online
TXN_00157961,CUST_023881,PROD_03855,LOC_0035,2022-06-23,2,6686.13,5.0,12703.65,Retail
TXN_00298555,CUST_020461,PROD_04063,LOC_0134,2022-04-11,7,2197.51,5.0,14613.44,Partner
TXN_00269387,CUST_024398,PROD_01576,LOC_0144,2021-08-11,6,6754.29,10.0,36473.17,Partner
TXN_00162399,CUST_025935,PROD_03923,LOC_0121,2026-05-07,9,386.11,20.0,2779.99,Direct Sales
TXN_00294277,CUST_013786,PROD_02790,LOC_0183,2024-09-23,3,8588.36,5.0,24476.83,Partner
TXN_00470872,CUST_016218,PROD_03051,LOC_0097,2022-02-25,7,8581.88,20.0,48058.53,Partner
TXN_00406550,CUST_007505,PROD_03369,LOC_0202,2021-05-13,7,8934.43,20.0,50032.81,Direct Sales
TXN_00204730,CUST_040091,PROD_03502,LOC_0200,2023-03-15,5,6112.44,10.0,27505.98,Partner
TXN_00377879,CUST_016063,PROD_04706,LOC_0090,2026-01-03,1,4579.06,10.0,4121.15,Direct Sales
TXN_00423750,CUST_029961,PROD_01542,LOC_0024,2022-04-23,11,6013.7,15.0,56228.09,Online
TXN_00265700,CUST_027051,PROD_04794,LOC_0091,2022-12-21,15,7003.5,0.0,105052.5,Online
TXN_00147419,CUST_012497,PROD_00230,LOC_0040,2022-07-19,5,8042.0,10.0,36189.0,Direct Sales
TXN_00022183,CUST_002924,PROD_04670,LOC_0133,2025-06-16,7,4991.55,10.0,31446.76,Partner
TXN_00230837,CUST_001850,PROD_03075,LOC_0005,2022-09-15,14,8091.97,10.0,101958.82,Retail
TXN_00351738,CUST_004488,PROD_00154,LOC_0066,2022-07-02,6,2146.04,10.0,11588.62,Direct Sales
TXN_00047523,CUST_044681,PROD_04821,LOC_0147,2021-08-10,7,7176.66,20.0,40189.3,Online
TXN_00085548,CUST_006646,PROD_04725,LOC_0230,2024-07-02,8,9848.42,20.0,63029.89,Direct Sales
TXN_00366702,CUST_006356,PROD_04349,LOC_0012,2022-05-12,11,150.02,20.0,1320.18,Retail
TXN_00345519,CUST_043046,PROD_00181,LOC_0160,2022-06-09,9,3930.51,0.0,35374.59,Direct Sales
TXN_00435183,CUST_030365,PROD_04539,LOC_0039,2021-07-08,18,9210.58,0.0,165790.44,Partner
TXN_00436481,CUST_047610,PROD_01759,LOC_0201,2025-02-04,10,5465.57,15.0,46457.34,Retail
TXN_00104774,CUST_029373,PROD_03009,LOC_0175,2026-04-30,3,5708.39,5.0,16268.91,Direct Sales
TXN_00134779,CUST_037584,PROD_03418,LOC_0119,2024-02-29,17,3180.55,10.0,48662.42,Partner
TXN_00027861,CUST_028848,PROD_04575,LOC_0058,2024-09-20,-1,8635.42,10.0,46631.27,Partner
TXN_00254126,CUST_001426,PROD_04788,LOC_0190,2026-03-20,14,5013.02,15.0,59654.94,Direct Sales
TXN_00258953,CUST_010091,PROD_02687,LOC_0027,2023-05-06,2,4030.75,20.0,6449.2,Retail
TXN_00315210,CUST_012868,PROD_03702,LOC_0058,2023-05-24,9,223.08,20.0,1606.18,Retail
TXN_00296882,,PROD_00135,LOC_0230,2024-03-11,7,7173.87,15.0,42684.53,Retail
TXN_00227565,CUST_039243,PROD_01310,LOC_0219,2021-08-28,2,7818.95,5.0,14856.0,Partner
TXN_00290483,CUST_002806,PROD_01239,LOC_0159,2025-06-04,11,3350.04,5.0,35007.92,Retail
TXN_00447901,CUST_046519,PROD_02784,LOC_0201,2022-10-16,2,3497.75,5.0,6645.72,Retail
TXN_00442963,CUST_010117,PROD_03229,LOC_0033,2026-02-07,8,6393.7,20.0,40919.68,Online
TXN_00431447,CUST_018980,PROD_02539,LOC_0006,2023-04-18,11,6305.91,0.0,69365.01,Partner
TXN_00432287,CUST_048825,PROD_02313,LOC_0161,2025-09-15,10,9152.06,20.0,73216.48,Online
TXN_00368960,CUST_036205,PROD_03848,LOC_0236,2023-02-15,2,3137.57,20.0,5020.11,Direct Sales
TXN_00150674,CUST_027160,PROD_02988,LOC_0184,2026-05-27,12,1313.09,15.0,13393.52,Direct Sales
TXN_00179515,CUST_043302,PROD_03858,LOC_0029,2021-11-15,13,1966.49,15.0,21729.71,Online
TXN_00008078,CUST_009126,PROD_00555,LOC_0004,2022-08-13,10,3325.46,5.0,31591.87,Online
TXN_00378173,CUST_000295,PROD_03069,LOC_0189,2025-02-03,17,2445.3,20.0,33256.08,Partner
TXN_00137229,CUST_015041,PROD_00714,LOC_0078,2024-08-31,11,2103.09,5.0,21977.29,Direct Sales
TXN_00282952,CUST_032093,PROD_04787,LOC_0138,2024-09-19,11,8688.19,5.0,90791.59,Partner
TXN_00498707,CUST_035854,PROD_00757,LOC_0172,2025-09-12,3,3690.24,10.0,9963.65,Partner
TXN_00178252,CUST_013805,PROD_00214,LOC_0016,2023-03-23,19,1824.01,20.0,27724.95,Retail
TXN_00383213,CUST_032576,PROD_04495,LOC_0192,2022-05-29,7,6633.78,5.0,44114.64,Online
TXN_00325061,CUST_041707,PROD_00422,LOC_0196,2025-05-18,14,8832.5,10.0,111289.5,Direct Sales
TXN_00448868,,PROD_00624,LOC_0097,2021-11-05,5,6259.23,15.0,26601.73,Direct Sales
TXN_00048047,CUST_040143,PROD_00347,LOC_0166,2023-07-06,3,8527.28,20.0,20465.47,Online
TXN_00301854,CUST_024662,PROD_01245,LOC_0057,2024-05-08,17,3748.85,15.0,54170.88,Online
TXN_00474538,CUST_001158,PROD_03975,LOC_0220,2025-08-18,2,3882.45,5.0,7376.66,Partner
TXN_00392115,CUST_035577,PROD_01230,LOC_0214,2025-02-07,4,6395.33,5.0,24302.25,Online
TXN_00420272,CUST_044216,PROD_03472,LOC_0014,2025-10-08,2,5356.0,20.0,8569.6,Online
TXN_00051635,CUST_045826,PROD_00719,LOC_0085,2024-07-21,17,3592.4,0.0,61070.8,Online
TXN_00330624,CUST_009934,PROD_00290,LOC_0223,2024-08-17,13,5788.68,15.0,63964.91,Online
TXN_00150133,CUST_003815,PROD_02358,LOC_0076,2021-05-14,1,2938.12,0.0,2938.12,Direct Sales
TXN_00133164,CUST_022312,PROD_04152,LOC_0020,2023-06-30,16,2060.89,5.0,31325.53,Partner
TXN_00306628,CUST_025579,PROD_04150,LOC_0184,2022-12-17,8,3262.8,5.0,24797.28,Partner
TXN_00472878,CUST_031906,PROD_02152,LOC_0054,2025-08-20,19,644.41,15.0,10407.22,Online
TXN_00130742,,PROD_03549,LOC_0144,2023-06-30,9,686.26,0.0,6176.34,Direct Sales
TXN_00381412,CUST_049065,PROD_01985,LOC_0036,2023-06-18,17,1436.71,5.0,23202.87,Direct Sales
TXN_00062418,CUST_045299,PROD_00415,LOC_0217,2025-05-15,15,1917.41,10.0,25885.04,Partner
TXN_00091615,CUST_017812,PROD_01760,LOC_0244,2025-07-07,15,3632.13,0.0,54481.95,Online
TXN_00353182,CUST_036742,PROD_03112,LOC_0235,2023-02-19,14,1681.35,15.0,20008.06,Online
TXN_00119326,CUST_038981,PROD_02139,LOC_0011,2025-02-07,14,9366.1,20.0,104900.32,Online
TXN_00430901,CUST_045850,PROD_00600,LOC_0103,2025-08-28,9,6366.64,20.0,45839.81,Direct Sales
TXN_00090039,CUST_026553,PROD_00897,LOC_0018,2022-07-30,11,3589.24,20.0,31585.31,Retail
TXN_00468371,CUST_025631,PROD_04297,LOC_0100,2021-06-08,11,3473.91,0.0,38213.01,Online
TXN_00365381,CUST_027902,PROD_00552,LOC_0205,2022-01-08,5,5530.44,0.0,27652.2,Direct Sales
TXN_00229559,CUST_029143,PROD_03686,LOC_0082,2023-07-11,3,7846.83,0.0,23540.49,Retail
TXN_00147412,CUST_022904,PROD_01252,LOC_0108,2026-04-30,11,2340.2,0.0,25742.2,Partner
TXN_00238313,CUST_005807,PROD_01333,LOC_0177,2026-01-07,18,3465.82,10.0,56146.28,Direct Sales
TXN_00301131,CUST_009293,PROD_03320,LOC_0082,2024-03-14,16,5263.09,20.0,67367.55,Partner
TXN_00277354,CUST_038806,PROD_04691,LOC_0241,2022-07-05,5,4833.53,0.0,24167.65,Partner
TXN_00409908,CUST_045587,PROD_04684,LOC_0113,2021-08-30,4,709.49,15.0,2412.27,Online
TXN_00069295,CUST_001949,PROD_02185,LOC_0025,2021-05-10,8,4943.84,20.0,31640.58,Direct Sales
TXN_00376014,CUST_045744,PROD_00866,LOC_0195,2025-10-27,8,1732.08,20.0,11085.31,Direct Sales
TXN_00336386,CUST_043793,PROD_02729,LOC_0017,2026-04-18,4,7007.03,20.0,22422.5,Online
TXN_00467525,CUST_024235,PROD_02150,LOC_0166,2024-10-25,1,9538.42,0.0,9538.42,Partner
TXN_00087150,CUST_016538,PROD_01328,LOC_0182,2026-01-22,17,2886.98,10.0,44170.79,Online
TXN_00271079,CUST_027195,PROD_02622,LOC_0122,2025-06-25,6,4933.76,5.0,28122.43,Retail
TXN_00150262,CUST_009007,PROD_02063,LOC_0242,2025-12-12,18,9254.57,20.0,133265.81,Online
TXN_00396286,CUST_022784,PROD_01710,LOC_0213,2022-03-31,7,8784.81,15.0,52269.62,Retail
TXN_00331429,CUST_035955,PROD_02732,LOC_0236,2022-05-05,9,7819.14,5.0,66853.65,Online
TXN_00038957,CUST_005648,PROD_02674,LOC_0166,2025-01-29,13,9208.17,20.0,95764.97,Partner
TXN_00015774,CUST_044291,PROD_01858,LOC_0129,2023-03-19,16,2980.18,10.0,42914.59,Online
TXN_00354977,CUST_030529,PROD_00309,LOC_0226,2023-01-19,13,4822.88,15.0,53292.82,Direct Sales
TXN_00372505,CUST_026806,PROD_01615,LOC_0153,2023-09-19,8,9107.9,15.0,61933.72,Online
TXN_00292596,CUST_013813,PROD_02367,LOC_0125,2024-10-06,7,5740.22,0.0,40181.54,Retail
TXN_00139416,CUST_016561,PROD_03103,LOC_0194,2024-01-23,3,3516.82,20.0,8440.37,Retail
TXN_00008342,CUST_012579,PROD_04167,LOC_0108,2023-05-04,6,5154.45,5.0,29380.36,Direct Sales
TXN_00169708,CUST_000390,PROD_00235,LOC_0059,2021-05-07,19,5396.12,15.0,87147.34,Direct Sales
TXN_00433389,CUST_035849,PROD_02664,LOC_0116,2025-12-16,7,1240.13,10.0,7812.82,Direct Sales
TXN_00227076,CUST_018479,PROD_00681,LOC_0175,2026-03-20,3,3785.5,0.0,11356.5,Partner
TXN_00442622,CUST_000356,PROD_01517,LOC_0136,2022-10-02,-1,9478.09,0.0,94780.9,Retail
TXN_00068490,CUST_028172,PROD_02590,LOC_0231,2022-10-03,6,9674.52,5.0,55144.76,Online
TXN_00424433,CUST_002768,PROD_00900,LOC_0186,2024-01-11,11,6821.47,10.0,67532.55,Retail
TXN_00415931,CUST_010921,PROD_01036,LOC_0243,2022-09-27,8,1114.76,20.0,7134.46,Retail
TXN_00375955,CUST_047259,PROD_04863,LOC_0238,2022-10-19,17,5710.21,20.0,77658.86,Direct Sales
TXN_00357485,CUST_010832,PROD_02465,LOC_0122,2026-01-01,12,7922.08,20.0,76051.97,Partner
TXN_00424686,CUST_041699,PROD_02332,LOC_0234,2023-01-28,-1,8429.46,20.0,26974.27,Partner
TXN_00008650,CUST_048806,PROD_01867,LOC_0029,2026-05-11,1,9365.59,0.0,9365.59,Partner
TXN_00074548,,PROD_01979,LOC_0065,2021-11-26,4,7368.31,15.0,25052.25,Direct Sales
TXN_00354799,CUST_033420,PROD_01054,LOC_0235,2025-11-14,8,1323.29,10.0,9527.69,Partner
TXN_00405040,CUST_009410,PROD_00182,LOC_0155,2023-05-24,6,2654.67,10.0,14335.22,Partner
TXN_00230413,CUST_022512,PROD_00284,LOC_0204,2022-01-27,11,7779.87,20.0,68462.86,Online
TXN_00250088,CUST_049994,PROD_02754,LOC_0186,2021-08-07,10,4321.08,15.0,36729.18,Direct Sales
TXN_00283531,CUST_043535,PROD_01374,LOC_0165,2021-09-24,9,2054.16,0.0,18487.44,Partner
TXN_00339001,CUST_023499,PROD_00137,LOC_0050,2022-01-18,8,6991.06,5.0,53132.06,Retail
TXN_00470141,CUST_037376,PROD_04476,LOC_0193,2021-11-04,17,9600.51,0.0,163208.67,Direct Sales
TXN_00173732,,PROD_01318,LOC_0133,2026-01-31,15,6130.15,15.0,78159.41,Direct Sales
TXN_00351655,CUST_049780,PROD_03242,LOC_0157,2022-03-26,2,6077.23,10.0,10939.01,Partner
TXN_00056320,CUST_046250,PROD_04693,LOC_0115,2021-05-25,8,4211.19,15.0,28636.09,Retail
TXN_00142485,CUST_008626,PROD_01666,LOC_0224,2024-07-06,3,9477.82,5.0,27011.79,Retail
TXN_00194068,CUST_009183,PROD_01433,LOC_0128,2022-03-11,12,703.2,0.0,8438.4,Retail
TXN_00410319,CUST_038240,PROD_01438,LOC_0171,2022-09-24,5,7253.98,20.0,29015.92,Partner
TXN_00140329,CUST_021939,PROD_03253,LOC_0051,2025-08-19,2,2787.69,5.0,5296.61,Direct Sales
TXN_00042494,CUST_039644,PROD_00707,LOC_0198,2026-02-13,6,342.22,0.0,2053.32,Partner
TXN_00355136,CUST_033561,PROD_04488,LOC_0246,2022-02-16,2,1111.35,5.0,2111.56,Retail
TXN_00440963,CUST_038621,PROD_03958,LOC_0080,2025-07-16,17,7075.54,5.0,114269.97,Partner
TXN_00037419,CUST_036396,PROD_03106,LOC_0127,2025-11-29,16,5561.03,0.0,88976.48,Online
TXN_00325366,CUST_004717,PROD_04723,LOC_0033,2023-12-19,6,6874.26,5.0,39183.28,Retail
TXN_00151104,CUST_015607,PROD_01346,LOC_0016,2025-05-06,2,5686.97,15.0,9667.85,Online
TXN_00074346,CUST_016862,PROD_01835,LOC_0224,2024-11-30,11,8307.33,5.0,86811.6,Retail
TXN_00062341,CUST_038242,PROD_03483,LOC_0073,2023-05-17,16,6797.35,10.0,97881.84,Online
TXN_00396686,CUST_002597,PROD_02849,LOC_0161,2022-12-25,5,3812.63,5.0,18109.99,Online
TXN_00029360,CUST_006584,PROD_03202,LOC_0062,2023-04-03,19,6612.0,5.0,119346.6,Direct Sales
TXN_00285046,CUST_004066,PROD_04960,LOC_0159,2023-11-06,10,1186.17,20.0,9489.36,Partner
TXN_00070664,,PROD_04901,LOC_0085,2022-01-27,2,4466.42,15.0,7592.91,Direct Sales
TXN_00226088,CUST_023688,PROD_04974,LOC_0065,2026-01-12,16,5118.3,0.0,81892.8,Direct Sales
TXN_00280743,CUST_014822,PROD_04243,LOC_0236,2026-02-21,16,8254.95,10.0,118871.28,Direct Sales
TXN_00155850,CUST_000973,PROD_04524,LOC_0059,2025-12-22,17,6685.3,15.0,96602.58,Online
TXN_00168801,CUST_044898,PROD_00918,LOC_0058,2021-09-24,17,1039.76,10.0,15908.33,Direct Sales
TXN_00047483,CUST_004811,PROD_04063,LOC_0002,2021-09-21,17,4334.7,15.0,62636.41,Partner
TXN_00093130,CUST_013634,PROD_00060,LOC_0026,2026-05-07,7,2532.71,5.0,16842.52,Online
TXN_00466799,CUST_001554,PROD_04162,LOC_0048,2026-04-01,16,1078.17,5.0,16388.18,Retail
TXN_00440355,CUST_016680,PROD_04880,LOC_0054,2021-02-08,5,7203.76,10.0,32416.92,Partner
TXN_00145098,CUST_014612,PROD_01678,LOC_0096,2023-11-12,3,2566.97,5.0,7315.86,Retail
TXN_00123838,CUST_006826,PROD_02228,LOC_0003,2022-10-14,19,9066.94,0.0,172271.86,Retail
TXN_00310261,CUST_002138,PROD_00803,LOC_0075,2023-05-25,13,2640.11,10.0,30889.29,Direct Sales
TXN_00044799,CUST_046921,PROD_00954,LOC_0124,2023-11-22,3,5869.64,0.0,17608.92,Online
TXN_00365198,CUST_022313,PROD_03871,LOC_0070,2025-03-27,11,3963.98,0.0,43603.78,Partner
TXN_00218882,CUST_026229,PROD_00358,LOC_0048,2021-02-16,16,2973.72,5.0,45200.54,Partner
TXN_00295655,CUST_001433,PROD_00990,LOC_0219,2022-02-11,8,4318.14,10.0,31090.61,Partner
TXN_00464700,CUST_031003,PROD_02625,LOC_0231,2024-05-06,16,5723.58,0.0,91577.28,Retail
TXN_00465150,CUST_003897,PROD_01033,LOC_0211,2021-11-23,17,877.54,15.0,12680.45,Retail
TXN_00116647,CUST_015521,PROD_01221,LOC_0097,2023-06-02,18,2742.74,15.0,41963.92,Retail
TXN_00419808,CUST_007690,PROD_01262,LOC_0084,2025-07-23,18,1629.02,15.0,24924.01,Direct Sales
TXN_00086667,CUST_024105,PROD_00215,LOC_0132,2024-08-28,5,1709.31,20.0,6837.24,Direct Sales
TXN_00346801,CUST_036258,PROD_00595,LOC_0180,2026-06-29,2,3361.36,5.0,6386.58,Partner
TXN_00308170,CUST_020615,PROD_00183,LOC_0082,2022-11-25,14,6259.64,20.0,70107.97,Online
TXN_00490754,CUST_041751,PROD_03394,LOC_0119,2024-01-15,15,3773.25,15.0,48108.94,Partner
TXN_00004823,CUST_031153,PROD_04066,LOC_0059,2022-04-09,19,7734.25,5.0,139603.21,Partner
TXN_00489942,CUST_015486,PROD_01655,LOC_0095,2021-12-21,7,4765.97,20.0,26689.43,Online
TXN_00340213,,PROD_04467,LOC_0106,2025-07-29,15,639.76,10.0,8636.76,Online
TXN_00451729,CUST_030673,PROD_04750,LOC_0151,2024-03-29,9,2714.58,15.0,20766.54,Partner
TXN_00244899,CUST_026643,PROD_00312,LOC_0242,2024-09-26,1,5177.22,0.0,5177.22,Direct Sales
TXN_00033915,CUST_041224,PROD_01837,LOC_0228,2024-06-27,19,8088.33,5.0,145994.36,Online
TXN_00201049,CUST_017481,PROD_00392,LOC_0233,2022-05-23,11,9565.47,20.0,84176.14,Retail
TXN_00427597,CUST_008777,PROD_01397,LOC_0026,2022-03-29,11,9326.12,15.0,87199.22,Partner
TXN_00224526,CUST_002253,PROD_01883,LOC_0175,2021-02-22,3,4552.97,0.0,13658.91,Direct Sales
TXN_00192578,CUST_013817,PROD_04063,LOC_0248,2022-05-06,6,9260.47,10.0,50006.54,Online
TXN_00420637,CUST_020603,PROD_01216,LOC_0246,2026-06-09,12,657.42,0.0,7889.04,Direct Sales
TXN_00439982,CUST_021495,PROD_01569,LOC_0214,2026-04-12,16,7247.84,10.0,104368.9,Retail
TXN_00035450,CUST_003748,PROD_04057,LOC_0049,2024-08-11,2,7227.94,0.0,14455.88,Online
TXN_00240069,CUST_013274,PROD_02629,LOC_0236,2024-12-27,3,1587.98,0.0,4763.94,Retail
TXN_00442640,CUST_037346,PROD_03913,LOC_0113,2024-12-26,16,1866.48,20.0,23890.94,Direct Sales
TXN_00088477,CUST_007702,PROD_03757,LOC_0027,2023-01-26,1,2313.95,10.0,2082.55,Partner
TXN_00461841,CUST_009147,PROD_02803,LOC_0049,2022-06-28,1,2204.15,10.0,1983.74,Online
TXN_00432026,CUST_010253,PROD_02466,LOC_0156,2022-10-02,12,997.33,5.0,11369.56,Direct Sales
TXN_00036016,CUST_046203,PROD_01519,LOC_0175,2021-02-09,15,1346.05,5.0,19181.21,Online
TXN_00421582,CUST_028906,PROD_04011,LOC_0003,2025-06-25,15,4080.13,5.0,58141.85,Online
TXN_00243024,CUST_049244,PROD_02873,LOC_0007,2022-08-30,5,678.0,15.0,2881.5,Direct Sales
TXN_00225577,CUST_046478,PROD_01718,LOC_0088,2021-04-20,8,560.01,5.0,4256.08,Online
TXN_00285735,CUST_026367,PROD_01225,LOC_0147,2025-11-16,4,7690.04,0.0,30760.16,Online
TXN_00187533,CUST_046389,PROD_02645,LOC_0055,2024-03-05,16,3764.67,5.0,57222.98,Online
TXN_00134160,CUST_028394,PROD_02820,LOC_0056,2025-10-01,19,1801.05,20.0,27375.96,Direct Sales
TXN_00440340,CUST_036261,PROD_03541,LOC_0127,2021-10-27,18,7118.24,10.0,115315.49,Partner
TXN_00205753,CUST_003873,PROD_01030,LOC_0136,2024-06-11,17,3593.35,5.0,58032.6,Partner
TXN_00491702,CUST_035062,PROD_01673,LOC_0011,2022-08-29,6,9349.24,10.0,50485.9,Retail
TXN_00446144,CUST_040323,PROD_03860,LOC_0185,2021-06-29,5,1791.53,15.0,7614.0,Retail
TXN_00130892,CUST_008373,PROD_00122,LOC_0218,2024-10-01,19,7013.87,15.0,113274.0,Direct Sales
TXN_00279066,CUST_036487,PROD_01184,LOC_0177,2023-10-17,11,301.89,20.0,2656.63,Direct Sales
TXN_00447466,CUST_002785,PROD_00504,LOC_0125,2024-09-30,8,8103.98,0.0,64831.84,Direct Sales
TXN_00044520,CUST_028272,PROD_01352,LOC_0129,2021-03-17,11,7249.72,0.0,79746.92,Retail
TXN_00305475,CUST_044769,PROD_02464,LOC_0217,2023-10-23,15,9141.92,20.0,109703.04,Partner
TXN_00368669,CUST_021437,PROD_00631,LOC_0039,2023-10-16,17,9560.03,15.0,138142.43,Online
TXN_00406201,CUST_036053,PROD_00607,LOC_0051,2022-10-11,7,5220.24,10.0,32887.51,Partner
TXN_00239083,CUST_007709,PROD_00895,LOC_0191,2026-04-12,15,6918.35,20.0,83020.2,Partner
TXN_00015898,CUST_041926,PROD_04447,LOC_0248,2025-08-06,16,8628.27,0.0,138052.32,Partner
TXN_00078539,CUST_032968,PROD_03032,LOC_0183,2023-12-03,8,1471.17,15.0,10003.96,Online
TXN_00355081,CUST_026640,PROD_02034,LOC_0211,2023-05-13,4,8329.58,0.0,33318.32,Partner
TXN_00219193,CUST_010539,PROD_03876,LOC_0201,2026-03-15,19,2827.21,10.0,48345.29,Retail
TXN_00230323,CUST_003977,PROD_02849,LOC_0144,2021-12-18,19,5821.75,10.0,99551.92,Online
TXN_00370567,CUST_009159,PROD_01379,LOC_0040,2022-07-11,5,7473.51,0.0,37367.55,Online
TXN_00303937,CUST_034871,PROD_02482,LOC_0008,2022-03-15,13,7795.79,5.0,96278.01,Partner
TXN_00182888,CUST_005076,PROD_03178,LOC_0082,2023-04-04,3,4666.45,10.0,12599.42,Online
TXN_00041382,CUST_007307,PROD_04341,LOC_0078,2024-11-09,12,4985.11,20.0,47857.06,Online
TXN_00297338,CUST_037076,PROD_00772,LOC_0116,2025-04-04,7,5683.2,20.0,31825.92,Partner
TXN_00143688,CUST_026312,PROD_03100,LOC_0247,2022-02-18,12,9148.85,10.0,98807.58,Partner
TXN_00381911,CUST_004781,PROD_02908,LOC_0075,2024-01-11,3,1467.88,10.0,3963.28,Online
TXN_00030973,CUST_018176,PROD_00078,LOC_0188,2026-02-07,13,4524.79,15.0,49998.93,Direct Sales
TXN_00321786,,PROD_00556,LOC_0247,2022-05-29,9,1474.11,5.0,12603.64,Direct Sales
TXN_00152585,CUST_026175,PROD_03547,LOC_0041,2021-12-15,12,8228.01,15.0,83925.7,Partner
TXN_00114006,CUST_002402,PROD_04039,LOC_0069,2023-05-25,9,5377.73,0.0,48399.57,Online
TXN_00211019,CUST_001401,PROD_04825,LOC_0060,2021-12-08,5,663.04,10.0,2983.68,Online
TXN_00232511,CUST_046375,PROD_00449,LOC_0053,2025-09-07,7,8025.46,0.0,56178.22,Retail
TXN_00074664,CUST_047895,PROD_03654,LOC_0131,2021-08-16,4,9710.09,20.0,31072.29,Partner
TXN_00295976,CUST_022208,PROD_03322,LOC_0001,2023-01-07,11,7510.01,15.0,70218.59,Retail
TXN_00491224,CUST_015782,PROD_01707,LOC_0197,2025-04-11,3,2646.54,0.0,7939.62,Partner
TXN_00467907,CUST_043995,PROD_01650,LOC_0082,2026-02-08,19,4478.26,15.0,72323.9,Partner
TXN_00336974,CUST_003624,PROD_03221,LOC_0108,2021-04-03,10,9615.07,0.0,96150.7,Online
TXN_00331946,CUST_027016,PROD_03065,LOC_0222,2025-10-24,16,5067.61,10.0,72973.58,Direct Sales
TXN_00335107,CUST_009305,PROD_04164,LOC_0187,2022-01-08,14,5411.59,5.0,71974.15,Online
TXN_00063931,CUST_029063,PROD_01131,LOC_0038,2023-11-11,16,9077.15,0.0,145234.4,Direct Sales
TXN_00423118,CUST_006361,PROD_00826,LOC_0013,2026-06-18,15,7833.69,5.0,111630.08,Direct Sales
TXN_00280705,CUST_020194,PROD_03148,LOC_0228,2021-06-15,15,1769.42,10.0,23887.17,Retail
TXN_00479363,CUST_030780,PROD_03692,LOC_0173,2022-06-30,16,7360.21,15.0,100098.86,Retail
TXN_00333631,CUST_038934,PROD_01072,LOC_0127,2024-09-20,15,9612.99,0.0,144194.85,Online
TXN_00496937,CUST_021291,PROD_03414,LOC_0084,2025-02-27,16,3903.27,10.0,56207.09,Online
TXN_00428065,CUST_016074,PROD_01289,LOC_0037,2025-07-16,1,991.2,5.0,941.64,Online
TXN_00372755,CUST_002977,PROD_03677,LOC_0208,2023-05-13,1,4607.26,20.0,3685.81,Retail
TXN_00200785,CUST_009924,PROD_02940,LOC_0018,2021-04-21,13,6594.19,15.0,72865.8,Retail
TXN_00422008,CUST_004098,PROD_00454,LOC_0146,2025-08-06,6,719.66,10.0,3886.16,Online
TXN_00316732,CUST_014482,PROD_00368,LOC_0024,2026-04-12,9,4208.06,10.0,34085.29,Retail
TXN_00056506,CUST_037283,PROD_02107,LOC_0247,2021-10-18,16,2452.49,5.0,37277.85,Direct Sales
TXN_00474109,,PROD_04988,LOC_0018,2025-08-27,12,6501.86,10.0,70220.09,Partner
TXN_00108901,CUST_048107,PROD_02509,LOC_0081,2022-04-29,10,2763.94,10.0,24875.46,Online
TXN_00392674,CUST_027511,PROD_04887,LOC_0097,2023-08-26,10,5185.77,0.0,51857.7,Direct Sales
TXN_00397815,CUST_045094,PROD_04508,LOC_0113,2021-10-16,12,7810.12,10.0,84349.3,Direct Sales
TXN_00206166,,PROD_03718,LOC_0041,2025-07-16,18,8129.42,0.0,146329.56,Direct Sales
TXN_00398485,CUST_022164,PROD_02254,LOC_0031,2025-02-27,12,766.31,0.0,9195.72,Partner
TXN_00179983,CUST_043195,PROD_01105,LOC_0160,2024-12-20,11,2428.36,15.0,22705.17,Online
TXN_00028991,CUST_009105,PROD_01802,LOC_0200,2026-01-19,10,4033.22,20.0,32265.76,Partner
TXN_00376353,CUST_031550,PROD_03404,LOC_0099,2023-08-29,18,7494.87,10.0,121416.89,Partner
TXN_00233275,CUST_031353,PROD_02410,LOC_0117,2025-01-07,1,6047.44,5.0,5745.07,Online
TXN_00066430,,PROD_00807,LOC_0102,2023-08-24,2,3460.63,15.0,5883.07,Online
TXN_00423113,CUST_009613,PROD_02147,LOC_0054,2021-11-09,14,6883.97,10.0,86738.02,Partner
TXN_00342454,CUST_004947,PROD_01683,LOC_0152,2025-07-06,15,3242.32,15.0,41339.58,Retail
TXN_00416126,CUST_038156,PROD_00891,LOC_0104,2022-06-17,3,9787.03,10.0,26424.98,Partner
TXN_00034269,CUST_045651,PROD_04168,LOC_0026,2024-08-23,13,7022.16,20.0,73030.46,Direct Sales
TXN_00348740,CUST_021125,PROD_00785,LOC_0203,2025-12-02,16,1268.69,20.0,16239.23,Partner
TXN_00249758,CUST_027764,PROD_00330,LOC_0204,2022-03-05,3,7599.96,10.0,20519.89,Direct Sales
TXN_00173949,CUST_007932,PROD_00809,LOC_0100,2023-10-28,6,5618.73,0.0,33712.38,Partner
TXN_00245459,CUST_043560,PROD_04307,LOC_0047,2023-12-15,13,8097.27,0.0,105264.51,Partner
TXN_00047522,,PROD_04220,LOC_0132,2025-04-02,7,2072.77,5.0,13783.92,Retail
TXN_00313494,CUST_016528,PROD_00713,LOC_0078,2022-11-23,15,4978.75,20.0,59745.0,Retail
TXN_00193763,CUST_039753,PROD_00522,LOC_0213,2023-10-02,12,6710.29,20.0,64418.78,Direct Sales
TXN_00247133,CUST_015993,PROD_02920,LOC_0204,2026-06-01,18,7623.73,20.0,109781.71,Direct Sales
TXN_00117264,CUST_033815,PROD_02494,LOC_0158,2024-01-18,7,6835.03,20.0,38276.17,Direct Sales
TXN_00022071,CUST_030978,PROD_01427,LOC_0030,2022-03-15,17,1091.29,20.0,14841.54,Direct Sales
TXN_00358807,,PROD_04910,LOC_0163,2021-10-01,17,5840.64,20.0,79432.7,Direct Sales
TXN_00387595,CUST_036353,PROD_00916,LOC_0111,2022-10-09,2,937.76,0.0,1875.52,Partner
TXN_00029137,CUST_025602,PROD_01222,LOC_0038,2023-09-04,17,5721.39,5.0,92400.45,Online
TXN_00017246,CUST_015271,PROD_04348,LOC_0016,2021-01-21,9,4527.16,10.0,36670.0,Online
TXN_00113405,CUST_047734,PROD_04797,LOC_0034,2025-03-19,19,7850.47,20.0,119327.14,Online
TXN_00302734,CUST_031781,PROD_01037,LOC_0128,2025-08-31,3,5137.67,0.0,15413.01,Online
TXN_00106278,CUST_025955,PROD_02333,LOC_0009,2026-03-24,2,6240.05,5.0,11856.1,Partner
TXN_00280474,CUST_008053,PROD_00223,LOC_0099,2021-01-14,1,9623.77,0.0,9623.77,Partner
TXN_00136829,CUST_016569,PROD_03764,LOC_0076,2022-09-14,2,5294.31,10.0,9529.76,Direct Sales
TXN_00281548,CUST_001955,PROD_02240,LOC_0016,2022-09-01,11,1399.19,10.0,13851.98,Retail
TXN_00160299,CUST_047794,PROD_00216,LOC_0071,2021-07-28,12,7303.83,5.0,83263.66,Direct Sales
TXN_00346523,CUST_042770,PROD_02948,LOC_0146,2022-09-19,15,8674.63,0.0,130119.45,Partner
TXN_00004047,CUST_030546,PROD_02445,LOC_0024,2025-02-23,5,5299.54,10.0,23847.93,Online
TXN_00275611,CUST_046594,PROD_01276,LOC_0143,2024-02-06,6,2843.36,0.0,17060.16,Retail
TXN_00163878,CUST_031907,PROD_03697,LOC_0219,2021-01-20,4,669.15,15.0,2275.11,Partner
TXN_00357242,CUST_040404,PROD_03577,LOC_0100,2023-11-29,2,4295.5,5.0,8161.45,Retail
TXN_00292722,CUST_034888,PROD_03278,LOC_0067,2025-01-01,6,4975.0,15.0,25372.5,Retail
TXN_00184686,CUST_041787,PROD_00452,LOC_0152,2021-01-10,4,8451.8,5.0,32116.84,Online
TXN_00420513,CUST_038828,PROD_04085,LOC_0149,2024-04-26,17,7574.78,5.0,122332.7,Retail
TXN_00141529,CUST_049010,PROD_03526,LOC_0013,2023-08-04,16,2558.27,15.0,34792.47,Partner
TXN_00332548,CUST_018359,PROD_04234,LOC_0073,2025-02-12,8,325.22,5.0,2471.67,Direct Sales
TXN_00014378,CUST_035589,PROD_00809,LOC_0110,2022-05-27,18,1476.67,0.0,26580.06,Partner
TXN_00158665,CUST_039698,PROD_04281,LOC_0069,2023-08-10,11,4268.65,5.0,44607.39,Online
TXN_00188556,CUST_044140,PROD_00970,LOC_0072,2022-09-11,3,9833.03,5.0,28024.14,Direct Sales
TXN_00355091,CUST_006309,PROD_01503,LOC_0136,2022-04-29,4,7747.99,0.0,30991.96,Retail
TXN_00112233,CUST_040438,PROD_00656,LOC_0147,2023-11-15,9,6091.46,15.0,46599.67,Partner
TXN_00231112,CUST_024091,PROD_01411,LOC_0201,2026-03-17,7,7879.47,20.0,44125.03,Direct Sales
TXN_00167188,CUST_035374,PROD_02300,LOC_0193,2024-10-20,8,8587.16,15.0,58392.69,Retail
TXN_00047912,CUST_042331,PROD_03716,LOC_0161,2021-12-24,13,1648.99,10.0,19293.18,Direct Sales
TXN_00151239,CUST_005581,PROD_03999,LOC_0050,2024-03-18,15,3217.63,0.0,48264.45,Direct Sales
TXN_00146604,CUST_010050,PROD_03919,LOC_0156,2021-11-15,13,2970.99,0.0,38622.87,Retail
TXN_00273875,CUST_042505,PROD_02235,LOC_0184,2023-09-05,17,2587.98,10.0,39596.09,Online
TXN_00279314,CUST_020744,PROD_00646,LOC_0197,2024-11-18,7,407.65,15.0,2425.52,Online
TXN_00211398,CUST_004904,PROD_01006,LOC_0248,2022-12-23,15,702.07,20.0,8424.84,Partner
TXN_00314707,CUST_019748,PROD_04674,LOC_0149,2022-08-19,7,2193.23,10.0,13817.35,Retail
TXN_00276844,CUST_015742,PROD_00444,LOC_0165,2023-01-04,3,4281.62,10.0,11560.37,Direct Sales
TXN_00377235,CUST_041090,PROD_04722,LOC_0043,2021-11-26,1,4277.4,15.0,3635.79,Online
TXN_00174482,CUST_022039,PROD_03866,LOC_0188,2023-02-27,12,622.16,10.0,6719.33,Partner
TXN_00070516,CUST_014162,PROD_03185,LOC_0013,2023-12-13,15,1044.5,10.0,14100.75,Retail
TXN_00106264,CUST_008721,PROD_03601,LOC_0178,2026-05-28,8,5062.95,20.0,32402.88,Online
TXN_00158993,CUST_019842,PROD_04626,LOC_0192,2021-09-07,6,6969.82,0.0,41818.92,Retail
TXN_00433457,,PROD_04956,LOC_0112,2024-01-06,11,8625.99,20.0,75908.71,Online
TXN_00142167,CUST_024364,PROD_04612,LOC_0102,2026-04-28,2,8055.91,20.0,12889.46,Direct Sales
TXN_00295502,CUST_004591,PROD_01310,LOC_0241,2024-12-16,12,9484.13,10.0,102428.6,Direct Sales
TXN_00050631,CUST_006615,PROD_04405,LOC_0218,2022-05-16,8,7946.48,0.0,63571.84,Online
TXN_00223131,CUST_038018,PROD_03462,LOC_0034,2023-09-27,8,1705.67,0.0,13645.36,Retail
TXN_00235767,CUST_041933,PROD_03241,LOC_0092,2022-04-22,13,5402.6,20.0,56187.04,Direct Sales
TXN_00390562,CUST_007603,PROD_04564,LOC_0033,2021-04-08,13,5039.91,20.0,52415.06,Partner
TXN_00165856,CUST_046052,PROD_03700,LOC_0065,2026-05-27,16,1113.93,10.0,16040.59,Partner
TXN_00016320,CUST_006287,PROD_01204,LOC_0071,2023-09-01,1,6346.0,20.0,5076.8,Retail
TXN_00089975,CUST_002333,PROD_03940,LOC_0072,2024-08-01,15,5081.19,5.0,72406.96,Partner
TXN_00294720,CUST_006260,PROD_03862,LOC_0157,2022-05-21,17,9922.19,0.0,168677.23,Direct Sales
TXN_00390668,CUST_029537,PROD_02404,LOC_0030,2025-04-13,16,6218.19,15.0,84567.38,Retail
TXN_00442539,CUST_027963,PROD_02221,LOC_0055,2022-05-16,1,8280.94,5.0,7866.89,Partner
TXN_00015237,,PROD_02715,LOC_0080,2021-06-19,2,8147.5,10.0,14665.5,Direct Sales
TXN_00145582,CUST_017852,PROD_02400,LOC_0093,2021-02-09,19,2548.57,0.0,48422.83,Direct Sales
TXN_00420953,CUST_014843,PROD_03636,LOC_0183,2024-06-07,3,4597.44,5.0,13102.7,Retail
TXN_00213598,CUST_001179,PROD_04466,LOC_0066,2025-06-11,4,5027.45,5.0,19104.31,Partner
TXN_00279201,CUST_009283,PROD_03226,LOC_0109,2025-05-02,2,1430.42,10.0,2574.76,Online
TXN_00064872,CUST_015558,PROD_04415,LOC_0232,2026-04-27,7,8107.6,10.0,51077.88,Online
TXN_00427148,CUST_010902,PROD_01907,LOC_0113,2024-12-02,17,9076.12,15.0,131149.93,Direct Sales
TXN_00320495,CUST_023882,PROD_03545,LOC_0107,2024-03-25,10,9891.28,10.0,89021.52,Direct Sales
TXN_00073165,CUST_011330,PROD_03749,LOC_0211,2025-08-24,9,6566.53,15.0,50233.95,Retail
TXN_00131920,CUST_044998,PROD_00126,LOC_0045,2021-12-21,6,1589.66,5.0,9061.06,Online
TXN_00144096,CUST_018548,PROD_00389,LOC_0103,2023-12-15,16,7125.43,10.0,102606.19,Retail
TXN_00243256,CUST_041690,PROD_00721,LOC_0017,2023-01-06,8,8217.59,0.0,65740.72,Partner
TXN_00304962,CUST_019440,PROD_01986,LOC_0197,2024-09-14,14,5414.38,5.0,72011.25,Online
TXN_00147861,CUST_026201,PROD_04091,LOC_0088,2025-03-20,15,2977.94,0.0,44669.1,Partner
TXN_00444185,CUST_043882,PROD_02598,LOC_0181,2023-02-13,18,7944.75,5.0,135855.22,Online
TXN_00172628,CUST_026938,PROD_04696,LOC_0084,2025-09-27,11,2399.51,5.0,25074.88,Partner
TXN_00070102,CUST_029368,PROD_01494,LOC_0233,2023-03-15,17,5635.82,10.0,86228.05,Online
TXN_00240966,CUST_010969,PROD_02925,LOC_0111,2025-10-27,1,517.32,15.0,439.72,Retail
TXN_00035048,CUST_023340,PROD_00353,LOC_0120,2021-03-14,8,6670.76,5.0,50697.78,Retail
TXN_00364309,CUST_023062,PROD_04288,LOC_0193,2023-06-02,13,2502.81,0.0,32536.53,Direct Sales
TXN_00423598,CUST_045719,PROD_01154,LOC_0226,2025-08-02,13,3158.68,15.0,34903.41,Retail
TXN_00460840,CUST_006340,PROD_04378,LOC_0113,2022-09-27,19,4316.31,10.0,73808.9,Direct Sales
TXN_00447648,CUST_048170,PROD_04553,LOC_0162,2025-09-22,16,9942.91,0.0,159086.56,Direct Sales
TXN_00210350,CUST_004110,PROD_04687,LOC_0172,2025-12-18,5,7976.29,0.0,39881.45,Partner
TXN_00140583,CUST_024411,PROD_02073,LOC_0222,2023-10-26,9,1253.07,0.0,11277.63,Partner
TXN_00428471,CUST_030454,PROD_03289,LOC_0095,2021-05-08,10,3564.7,5.0,33864.65,Online
TXN_00008493,CUST_026906,PROD_00856,LOC_0159,2024-05-19,9,3059.81,15.0,23407.55,Retail
TXN_00353161,CUST_014195,PROD_01346,LOC_0009,2026-03-06,13,8124.11,0.0,105613.43,Direct Sales
TXN_00331874,CUST_041725,PROD_03361,LOC_0074,2026-03-04,2,8307.06,0.0,16614.12,Partner
TXN_00279947,CUST_041099,PROD_02128,LOC_0126,2024-02-05,17,1747.64,5.0,28224.39,Partner
TXN_00158770,CUST_048734,PROD_01839,LOC_0011,2022-04-24,8,1453.56,15.0,9884.21,Online
TXN_00030560,CUST_024763,PROD_02371,LOC_0231,2022-10-30,18,9935.09,20.0,143065.3,Direct Sales
TXN_00023126,CUST_026841,PROD_01280,LOC_0025,2023-08-17,7,5025.35,0.0,35177.45,Online
TXN_00224068,CUST_011990,PROD_00889,LOC_0143,2025-10-23,3,653.23,15.0,1665.74,Partner
TXN_00134064,,PROD_02992,LOC_0177,2021-05-08,7,2085.72,0.0,14600.04,Direct Sales
TXN_00472584,CUST_030765,PROD_02059,LOC_0065,2024-08-13,16,3326.35,20.0,42577.28,Direct Sales
TXN_00355400,CUST_005183,PROD_03926,LOC_0238,2021-10-09,16,7995.94,0.0,127935.04,Online
TXN_00178936,CUST_001468,PROD_01857,LOC_0159,2022-02-16,10,3524.52,5.0,33482.94,Retail
TXN_00330662,CUST_011313,PROD_03753,LOC_0030,2024-06-22,5,8149.39,0.0,40746.95,Online
TXN_00013875,CUST_045047,PROD_04030,LOC_0052,2021-11-06,2,534.88,15.0,909.3,Online
TXN_00263644,CUST_001150,PROD_00034,LOC_0051,2025-04-30,9,1543.81,5.0,13199.58,Partner
TXN_00378396,CUST_010039,PROD_00381,LOC_0099,2022-09-18,4,4664.79,0.0,18659.16,Retail
TXN_00209899,CUST_030796,PROD_04260,LOC_0218,2022-08-10,10,5819.75,15.0,49467.88,Partner
TXN_00052555,CUST_029464,PROD_00459,LOC_0019,2025-02-22,17,5747.36,5.0,92819.86,Partner
TXN_00180067,,PROD_01028,LOC_0201,2021-05-16,13,5754.66,10.0,67329.52,Partner
TXN_00020008,CUST_030691,PROD_00788,LOC_0044,2021-02-25,8,1820.89,10.0,13110.41,Online
TXN_00308707,CUST_014624,PROD_04401,LOC_0177,2026-01-02,16,4342.6,0.0,69481.6,Partner
TXN_00337148,CUST_015255,PROD_03415,LOC_0096,2025-12-19,1,3761.51,10.0,3385.36,Partner
TXN_00460265,CUST_049384,PROD_02370,LOC_0104,2022-12-23,10,2881.17,15.0,24489.94,Direct Sales
TXN_00446027,CUST_040301,PROD_02422,LOC_0238,2026-02-07,16,5838.66,0.0,93418.56,Direct Sales
TXN_00306326,CUST_035505,PROD_02264,LOC_0011,2024-03-21,3,2046.91,0.0,6140.73,Retail
TXN_00497737,CUST_034178,PROD_04614,LOC_0103,2024-03-12,11,7921.74,20.0,69711.31,Online
TXN_00155677,CUST_038406,PROD_04693,LOC_0051,2024-11-11,1,1783.58,0.0,1783.58,Partner
TXN_00310499,CUST_002128,PROD_01062,LOC_0183,2021-04-17,13,4881.6,20.0,50768.64,Direct Sales
TXN_00075090,CUST_004800,PROD_04289,LOC_0206,2025-12-19,17,8321.81,0.0,141470.77,Direct Sales
TXN_00046503,CUST_032447,PROD_01956,LOC_0211,2021-10-21,18,2674.92,10.0,43333.7,Partner
TXN_00022489,CUST_011059,PROD_04244,LOC_0038,2024-01-06,5,7494.22,5.0,35597.54,Partner
TXN_00253115,CUST_048718,PROD_04382,LOC_0171,2024-06-30,5,1272.81,20.0,5091.24,Partner
TXN_00461084,CUST_007790,PROD_03234,LOC_0055,2021-03-19,16,9027.99,5.0,137225.45,Direct Sales
TXN_00380350,CUST_047680,PROD_02955,LOC_0118,2021-03-15,3,577.97,0.0,1733.91,Partner
TXN_00390380,CUST_000286,PROD_03217,LOC_0088,2023-09-21,9,2668.32,0.0,24014.88,Direct Sales
TXN_00161105,CUST_014888,PROD_00772,LOC_0184,2023-03-17,4,6281.85,20.0,20101.92,Direct Sales
TXN_00342869,CUST_031574,PROD_03331,LOC_0161,2024-05-07,19,9652.85,15.0,155893.53,Partner
TXN_00396625,CUST_041967,PROD_01618,LOC_0117,2025-06-14,11,1116.35,10.0,11051.86,Partner
TXN_00206604,CUST_021601,PROD_01321,LOC_0046,2023-01-18,13,4903.79,20.0,50999.42,Partner
TXN_00340254,CUST_004588,PROD_01112,LOC_0237,2022-07-23,9,4220.47,5.0,36085.02,Partner
TXN_00054344,,PROD_01990,LOC_0167,2025-11-05,19,9725.45,0.0,184783.55,Direct Sales
TXN_00254708,CUST_011622,PROD_04458,LOC_0098,2026-01-26,16,4424.54,20.0,56634.11,Online
TXN_00324129,,PROD_00480,LOC_0111,2023-02-23,1,2594.25,20.0,2075.4,Direct Sales
TXN_00422804,CUST_004501,PROD_01439,LOC_0037,2022-03-11,16,769.58,0.0,12313.28,Direct Sales
TXN_00249494,CUST_020902,PROD_02428,LOC_0007,2022-12-26,10,7772.55,0.0,77725.5,Direct Sales
TXN_00390667,CUST_049003,PROD_02710,LOC_0150,2024-06-22,19,5107.65,5.0,92193.08,Retail
TXN_00415882,CUST_045289,PROD_01449,LOC_0053,2021-07-02,4,6124.03,0.0,24496.12,Online
TXN_00061884,,PROD_04752,LOC_0234,2025-08-14,17,9579.62,15.0,138425.51,Partner
TXN_00117891,CUST_025326,PROD_00948,LOC_0048,2021-01-07,17,3882.87,0.0,66008.79,Direct Sales
TXN_00081614,CUST_045886,PROD_00261,LOC_0098,2026-06-02,16,7688.11,20.0,98407.81,Online
TXN_00022634,CUST_020925,PROD_02462,LOC_0082,2021-03-08,6,7752.91,5.0,44191.59,Direct Sales
TXN_00396580,CUST_033277,PROD_03885,LOC_0196,2025-11-11,5,7551.61,20.0,30206.44,Partner
TXN_00273624,,PROD_03818,LOC_0081,2023-08-31,7,2128.51,20.0,11919.66,Retail
TXN_00472740,CUST_035455,PROD_03651,LOC_0034,2024-09-07,16,7494.96,15.0,101931.46,Retail
TXN_00196593,CUST_004025,PROD_04639,LOC_0005,2021-03-05,5,1999.1,15.0,8496.17,Retail
TXN_00125464,CUST_008729,PROD_02418,LOC_0227,2025-08-13,13,6330.79,20.0,65840.22,Direct Sales
TXN_00133484,CUST_041804,PROD_04869,LOC_0190,2025-10-11,16,8916.75,20.0,114134.4,Online
TXN_00283934,CUST_015667,PROD_04406,LOC_0220,2025-01-17,5,9298.27,20.0,37193.08,Partner
TXN_00008504,CUST_037031,PROD_00969,LOC_0236,2021-11-05,4,3224.94,20.0,10319.81,Partner
TXN_00095195,CUST_007699,PROD_01491,LOC_0042,2025-11-28,8,9043.59,15.0,61496.41,Partner
TXN_00193935,CUST_040791,PROD_03437,LOC_0046,2026-04-08,8,5851.41,15.0,39789.59,Direct Sales
TXN_00106833,CUST_012131,PROD_02424,LOC_0010,2022-12-03,10,6866.54,5.0,65232.13,Direct Sales
TXN_00481419,CUST_007272,PROD_04049,LOC_0240,2026-05-06,16,1715.22,10.0,24699.17,Retail
TXN_00123705,CUST_018710,PROD_03715,LOC_0112,2025-09-25,1,6381.98,10.0,5743.78,Retail
TXN_00216543,CUST_015336,PROD_02747,LOC_0096,2025-04-16,6,9670.58,15.0,49319.96,Partner
TXN_00462208,CUST_036242,PROD_00763,LOC_0209,2022-02-09,7,8707.44,10.0,54856.87,Online
TXN_00051672,CUST_009703,PROD_01658,LOC_0116,2025-12-15,19,7959.02,0.0,151221.38,Partner
TXN_00162531,CUST_039939,PROD_04824,LOC_0151,2022-05-07,4,3457.78,20.0,11064.9,Partner
TXN_00284633,CUST_029219,PROD_02391,LOC_0026,2021-05-09,2,8254.24,10.0,14857.63,Retail
TXN_00464952,CUST_017527,PROD_03268,LOC_0249,2024-05-25,7,9107.74,5.0,60566.47,Online
TXN_00058948,CUST_027379,PROD_03312,LOC_0224,2023-02-20,5,6242.88,10.0,28092.96,Direct Sales
TXN_00363647,CUST_008806,PROD_03844,LOC_0006,2021-10-29,14,1034.91,20.0,11590.99,Retail
TXN_00270476,CUST_018830,PROD_02261,LOC_0045,2024-09-28,13,4092.91,20.0,42566.26,Direct Sales
TXN_00242121,CUST_033288,PROD_01140,LOC_0002,2026-02-17,19,8747.5,20.0,132962.0,Online
TXN_00076222,CUST_044761,PROD_02665,LOC_0161,2026-03-02,17,689.38,10.0,10547.51,Retail
TXN_00053723,CUST_010260,PROD_01929,LOC_0218,2025-04-29,10,8503.27,5.0,80781.06,Direct Sales
TXN_00177107,CUST_009027,PROD_01653,LOC_0151,2024-05-08,17,6356.29,15.0,91848.39,Online
TXN_00239210,CUST_045641,PROD_01141,LOC_0239,2025-02-11,13,9500.18,0.0,123502.34,Retail
TXN_00339932,,PROD_03100,LOC_0039,2023-05-12,5,1012.95,0.0,5064.75,Direct Sales
TXN_00405352,CUST_006471,PROD_03724,LOC_0199,2021-08-02,10,5030.04,15.0,42755.34,Retail
TXN_00351424,CUST_023242,PROD_02969,LOC_0237,2024-07-24,13,1718.08,15.0,18984.78,Partner
TXN_00364346,CUST_005924,PROD_04528,LOC_0078,2021-07-06,18,528.88,20.0,7615.87,Partner
TXN_00095497,CUST_042102,PROD_04027,LOC_0148,2026-06-02,17,3176.66,0.0,54003.22,Partner
TXN_00316919,CUST_040122,PROD_01711,LOC_0187,2021-04-12,18,9563.51,0.0,172143.18,Direct Sales
TXN_00489814,CUST_013556,PROD_02588,LOC_0164,2021-07-11,2,5312.15,10.0,9561.87,Online
TXN_00366703,CUST_014886,PROD_02678,LOC_0147,2026-03-12,9,7648.32,20.0,55067.9,Direct Sales
TXN_00064750,CUST_000748,PROD_03510,LOC_0222,2021-02-10,15,9333.53,10.0,126002.66,Partner
TXN_00203767,CUST_010153,PROD_04958,LOC_0049,2021-07-29,3,7493.86,20.0,17985.26,Online
TXN_00137033,CUST_013194,PROD_00309,LOC_0084,2021-07-12,1,1180.45,0.0,1180.45,Online
TXN_00380258,CUST_016720,PROD_02629,LOC_0122,2022-03-26,7,5365.42,10.0,33802.15,Partner
TXN_00422540,CUST_023882,PROD_00668,LOC_0173,2023-04-12,4,608.45,0.0,2433.8,Partner
TXN_00226816,CUST_039315,PROD_03815,LOC_0200,2024-10-19,8,9725.17,5.0,73911.29,Direct Sales
TXN_00166771,CUST_039560,PROD_04554,LOC_0213,2021-11-18,14,7311.58,15.0,87007.8,Partner
TXN_00429134,,PROD_04274,LOC_0196,2021-09-03,13,6440.26,5.0,79537.21,Direct Sales
TXN_00353922,CUST_039703,PROD_00360,LOC_0042,2024-09-17,6,9457.99,10.0,51073.15,Online
TXN_00357582,CUST_024097,PROD_03561,LOC_0198,2022-04-13,4,5428.88,10.0,19543.97,Partner
TXN_00271295,CUST_045753,PROD_01471,LOC_0134,2021-06-21,2,1039.25,5.0,1974.57,Direct Sales
TXN_00444773,CUST_040349,PROD_04713,LOC_0208,2026-04-05,19,3975.08,5.0,71750.19,Direct Sales
TXN_00002012,CUST_028291,PROD_02885,LOC_0102,2026-05-05,8,4756.44,0.0,38051.52,Direct Sales
TXN_00008835,CUST_007123,PROD_04012,LOC_0023,2026-02-15,2,8808.1,10.0,15854.58,Direct Sales
TXN_00490869,CUST_037608,PROD_04457,LOC_0228,2022-02-15,10,5540.8,15.0,47096.8,Retail
TXN_00481356,CUST_016757,PROD_00779,LOC_0033,2023-10-08,4,4661.73,10.0,16782.23,Online
TXN_00491904,CUST_002310,PROD_04449,LOC_0019,2025-12-29,9,4938.07,10.0,39998.37,Retail
TXN_00461832,CUST_045922,PROD_02053,LOC_0177,2024-09-17,19,7175.01,5.0,129508.93,Direct Sales
TXN_00067169,CUST_045758,PROD_00901,LOC_0134,2024-09-14,1,9433.23,20.0,7546.58,Retail
TXN_00172694,CUST_014060,PROD_01875,LOC_0248,2026-05-04,10,9900.69,20.0,79205.52,Partner
TXN_00479976,CUST_013630,PROD_02487,LOC_0237,2022-11-27,4,970.8,15.0,3300.72,Retail
TXN_00456992,CUST_006930,PROD_02560,LOC_0072,2025-10-29,18,7060.77,20.0,101675.09,Retail
TXN_00364030,CUST_044390,PROD_04542,LOC_0148,2023-01-02,1,949.62,0.0,949.62,Retail
TXN_00222915,CUST_028240,PROD_04712,LOC_0098,2021-02-06,4,2248.89,0.0,8995.56,Online
TXN_00098808,CUST_041948,PROD_02093,LOC_0143,2021-01-09,12,3792.3,5.0,43232.22,Partner
TXN_00444999,CUST_000643,PROD_04062,LOC_0083,2021-08-01,15,6867.76,10.0,92714.76,Direct Sales
TXN_00132377,CUST_023486,PROD_04343,LOC_0026,2025-04-03,14,7952.16,0.0,111330.24,Online
TXN_00300154,CUST_011352,PROD_01018,LOC_0156,2024-01-24,10,970.19,20.0,7761.52,Partner
TXN_00341441,CUST_000049,PROD_01525,LOC_0108,2023-04-02,6,2280.62,5.0,12999.53,Direct Sales
TXN_00223741,CUST_013781,PROD_00921,LOC_0154,2022-01-27,12,5068.8,10.0,54743.04,Online
TXN_00272728,CUST_040331,PROD_00925,LOC_0131,2023-01-07,17,9552.02,10.0,146145.91,Direct Sales
TXN_00091176,CUST_044532,PROD_00522,LOC_0145,2024-10-14,11,8353.5,20.0,73510.8,Direct Sales
TXN_00457027,CUST_013006,PROD_02922,LOC_0206,2022-02-21,13,755.67,20.0,7858.97,Direct Sales
TXN_00069510,CUST_041319,PROD_03663,LOC_0214,2022-05-03,15,9962.74,0.0,149441.1,Online
TXN_00021040,CUST_025250,PROD_02495,LOC_0065,2023-09-22,4,3996.73,20.0,12789.54,Retail
TXN_00194542,CUST_040025,PROD_04560,LOC_0179,2021-07-11,5,6173.53,0.0,30867.65,Retail
TXN_00155778,CUST_043716,PROD_00092,LOC_0098,2022-02-08,15,2295.81,5.0,32715.29,Retail
TXN_00495015,CUST_036114,PROD_01667,LOC_0203,2024-03-24,9,6966.08,10.0,56425.25,Retail
TXN_00321940,CUST_026303,PROD_03134,LOC_0105,2025-11-28,17,749.78,0.0,12746.26,Retail
TXN_00157516,CUST_038575,PROD_00041,LOC_0090,2024-03-29,6,5258.63,5.0,29974.19,Partner
TXN_00138774,CUST_008800,PROD_04909,LOC_0042,2021-07-24,4,6103.26,10.0,21971.74,Direct Sales
TXN_00000089,CUST_037679,PROD_04176,LOC_0118,2021-07-02,13,9701.8,20.0,100898.72,Online
TXN_00099302,CUST_042683,PROD_04888,LOC_0005,2024-08-09,6,6792.96,20.0,32606.21,Direct Sales
TXN_00369054,CUST_011507,PROD_04061,LOC_0107,2023-06-30,4,4534.42,0.0,18137.68,Retail
TXN_00334832,CUST_003488,PROD_04010,LOC_0122,2024-02-09,9,3715.07,0.0,33435.63,Online
TXN_00402641,CUST_023447,PROD_03539,LOC_0204,2021-12-20,8,5814.94,10.0,41867.57,Direct Sales
TXN_00412320,CUST_036347,PROD_00450,LOC_0045,2025-03-10,10,3884.36,5.0,36901.42,Online
TXN_00124685,CUST_004741,PROD_00115,LOC_0087,2024-09-10,2,9285.32,10.0,16713.58,Direct Sales
TXN_00292502,CUST_027735,PROD_04573,LOC_0146,2023-12-25,12,1701.85,15.0,17358.87,Direct Sales
TXN_00341762,CUST_019283,PROD_03956,LOC_0083,2023-03-15,14,6771.27,20.0,75838.22,Partner
TXN_00166310,CUST_001382,PROD_04289,LOC_0114,2022-06-18,18,4921.76,0.0,88591.68,Direct Sales
TXN_00066982,CUST_002009,PROD_00661,LOC_0032,2024-05-06,1,3550.11,0.0,3550.11,Retail
TXN_00185967,,PROD_00400,LOC_0169,2021-06-10,19,7433.39,20.0,112987.53,Retail
TXN_00258598,CUST_007999,PROD_00746,LOC_0239,2021-06-07,6,1091.64,5.0,6222.35,Online
TXN_00360765,CUST_027356,PROD_00267,LOC_0061,2026-06-03,1,103.84,20.0,83.07,Online
TXN_00215643,CUST_007841,PROD_04356,LOC_0223,2025-09-02,8,6125.68,5.0,46555.17,Direct Sales
TXN_00395720,CUST_035146,PROD_04275,LOC_0165,2025-06-21,17,4601.57,10.0,70404.02,Retail
TXN_00214382,CUST_038366,PROD_00316,LOC_0117,2021-08-14,11,1808.34,15.0,16907.98,Retail
TXN_00118897,CUST_001983,PROD_03008,LOC_0125,2025-08-06,2,7306.25,15.0,12420.62,Online
TXN_00162648,CUST_024601,PROD_01428,LOC_0062,2025-12-26,10,6719.43,0.0,67194.3,Direct Sales
TXN_00041124,CUST_039412,PROD_04237,LOC_0022,2025-12-07,13,685.73,0.0,8914.49,Online
TXN_00305254,CUST_015200,PROD_00790,LOC_0030,2025-04-12,19,3709.49,20.0,56384.25,Partner
TXN_00022716,CUST_039467,PROD_03241,LOC_0120,2022-03-13,10,8281.44,15.0,70392.24,Direct Sales
TXN_00007715,CUST_003461,PROD_02393,LOC_0138,2026-01-14,12,5822.92,20.0,55900.03,Partner
TXN_00054517,CUST_046886,PROD_00366,LOC_0222,2022-11-23,10,3861.36,15.0,32821.56,Direct Sales
TXN_00000892,CUST_035140,PROD_03087,LOC_0217,2023-05-02,16,8139.57,0.0,130233.12,Retail
TXN_00286710,CUST_003515,PROD_01219,LOC_0091,2021-05-04,4,5816.95,5.0,22104.41,Direct Sales
TXN_00244481,CUST_026476,PROD_02053,LOC_0222,2024-06-02,12,1206.28,10.0,13027.82,Direct Sales
TXN_00063159,CUST_045725,PROD_01248,LOC_0172,2026-05-02,12,5810.26,0.0,69723.12,Online
TXN_00356678,CUST_047478,PROD_03381,LOC_0197,2021-01-20,19,7003.77,5.0,126418.05,Direct Sales
TXN_00221754,CUST_025286,PROD_01391,LOC_0023,2022-02-02,2,1106.42,10.0,1991.56,Partner
TXN_00148362,CUST_022390,PROD_00718,LOC_0150,2021-10-31,10,5705.12,20.0,45640.96,Online
TXN_00412216,CUST_040048,PROD_00515,LOC_0043,2023-04-27,12,1834.09,5.0,20908.63,Retail
TXN_00404723,CUST_005679,PROD_03300,LOC_0171,2024-04-11,6,6980.72,5.0,39790.1,Partner
TXN_00084561,CUST_009829,PROD_01311,LOC_0079,2023-08-11,7,3328.98,15.0,19807.43,Partner
TXN_00173118,CUST_013307,PROD_02245,LOC_0056,2024-07-05,11,3515.38,5.0,36735.72,Direct Sales
TXN_00191837,CUST_019175,PROD_01427,LOC_0139,2021-05-02,19,6790.87,20.0,103221.22,Retail
TXN_00414102,CUST_030669,PROD_02796,LOC_0116,2021-12-19,9,1209.36,0.0,10884.24,Retail
TXN_00397624,CUST_026714,PROD_02305,LOC_0195,2023-12-16,16,1852.06,20.0,23706.37,Retail
TXN_00214517,CUST_022453,PROD_02142,LOC_0112,2023-01-16,19,120.24,0.0,2284.56,Online
TXN_00353420,CUST_039613,PROD_00230,LOC_0246,2025-04-09,4,1738.63,10.0,6259.07,Online
TXN_00346806,CUST_001446,PROD_00065,LOC_0121,2023-05-19,7,5947.17,0.0,41630.19,Direct Sales
TXN_00136539,CUST_019797,PROD_04721,LOC_0125,2024-08-01,15,6530.09,5.0,93053.78,Partner
TXN_00097060,CUST_046600,PROD_04425,LOC_0167,2025-03-25,11,3822.99,5.0,39950.25,Retail
TXN_00496520,CUST_012951,PROD_03265,LOC_0141,2023-01-09,19,801.59,5.0,14468.7,Online
TXN_00124106,CUST_041482,PROD_01184,LOC_0092,2024-08-26,15,3368.29,10.0,45471.92,Direct Sales
TXN_00426394,CUST_035909,PROD_03459,LOC_0035,2021-04-29,4,2817.44,15.0,9579.3,Partner
TXN_00489669,CUST_032292,PROD_02582,LOC_0061,2021-07-21,18,3201.74,0.0,57631.32,Online
TXN_00375312,CUST_009441,PROD_01635,LOC_0024,2025-08-15,18,8913.39,15.0,136374.87,Retail
TXN_00297608,CUST_006049,PROD_02387,LOC_0032,2025-10-09,19,1613.04,5.0,29115.37,Direct Sales
TXN_00051600,CUST_010736,PROD_01635,LOC_0155,2025-01-10,15,3413.88,20.0,40966.56,Direct Sales
TXN_00427301,CUST_002873,PROD_00634,LOC_0120,2024-05-13,7,6506.5,20.0,36436.4,Direct Sales
TXN_00125884,CUST_004172,PROD_00403,LOC_0166,2025-07-14,11,8362.54,20.0,73590.35,Direct Sales
TXN_00268428,CUST_019161,PROD_03309,LOC_0046,2026-06-15,12,5256.52,0.0,63078.24,Direct Sales
TXN_00432585,CUST_027506,PROD_04191,LOC_0098,2023-06-13,12,2027.66,20.0,19465.54,Partner
TXN_00345808,CUST_024389,PROD_01444,LOC_0176,2025-12-12,17,6822.0,15.0,98577.9,Retail
TXN_00285354,CUST_044773,PROD_00331,LOC_0047,2025-01-13,11,1772.98,20.0,15602.22,Retail
TXN_00301520,CUST_015353,PROD_02686,LOC_0157,2026-06-15,4,4843.6,5.0,18405.68,Retail
TXN_00307680,CUST_032210,PROD_02788,LOC_0221,2024-04-13,13,7351.41,5.0,90789.91,Partner
TXN_00419626,CUST_021928,PROD_03585,LOC_0165,2025-06-03,10,6184.92,5.0,58756.74,Partner
TXN_00350875,CUST_038282,PROD_02293,LOC_0074,2023-03-08,12,7506.94,0.0,90083.28,Direct Sales
TXN_00374920,CUST_042342,PROD_00876,LOC_0018,2025-01-28,9,2158.75,0.0,19428.75,Retail
TXN_00428819,CUST_024704,PROD_01768,LOC_0025,2021-07-03,17,3445.56,5.0,55645.79,Partner
TXN_00118934,CUST_002588,PROD_03061,LOC_0222,2025-07-02,17,5033.44,10.0,77011.63,Online
TXN_00134362,CUST_042661,PROD_01184,LOC_0088,2024-05-04,12,8179.61,20.0,78524.26,Retail
TXN_00332419,CUST_002607,PROD_04254,LOC_0231,2024-11-12,12,8068.13,5.0,91976.68,Direct Sales
TXN_00211445,CUST_018785,PROD_01800,LOC_0132,2022-10-04,15,928.01,15.0,11832.13,Partner
TXN_00057982,CUST_000284,PROD_04619,LOC_0128,2022-04-01,19,8676.55,10.0,148369.0,Partner
TXN_00421885,CUST_036497,PROD_01289,LOC_0214,2024-05-19,1,3879.68,15.0,3297.73,Partner
TXN_00356136,,PROD_02325,LOC_0052,2025-05-11,6,5729.37,10.0,30938.6,Direct Sales
TXN_00166969,CUST_032650,PROD_02430,LOC_0063,2021-09-14,16,2684.12,15.0,36504.03,Partner
TXN_00146502,,PROD_04622,LOC_0137,2023-01-03,12,8898.83,0.0,106785.96,Partner
TXN_00317265,CUST_038673,PROD_02363,LOC_0049,2023-06-08,2,7823.53,5.0,14864.71,Direct Sales
TXN_00174971,CUST_008854,PROD_02085,LOC_0015,2024-06-03,11,8085.16,5.0,84489.92,Retail
TXN_00139304,CUST_037979,PROD_01114,LOC_0148,2026-01-12,17,6513.79,15.0,94124.27,Online
TXN_00115584,CUST_041140,PROD_02235,LOC_0091,2021-06-05,12,2534.18,10.0,27369.14,Direct Sales
TXN_00196425,CUST_030033,PROD_01970,LOC_0004,2026-04-25,16,4689.1,20.0,60020.48,Online
TXN_00041674,CUST_036816,PROD_00459,LOC_0239,2024-07-31,15,3250.96,10.0,43887.96,Online
TXN_00389283,CUST_041287,PROD_03356,LOC_0236,2021-02-25,9,2425.85,5.0,20741.02,Online
TXN_00265095,CUST_023133,PROD_01948,LOC_0224,2024-01-20,7,800.38,15.0,4762.26,Partner
TXN_00272303,CUST_025938,PROD_02343,LOC_0092,2026-01-31,6,5112.11,5.0,29139.03,Partner
TXN_00244830,CUST_024942,PROD_02858,LOC_0044,2022-03-24,1,4936.09,5.0,4689.29,Direct Sales
TXN_00384545,CUST_016807,PROD_04019,LOC_0148,2023-07-05,13,5744.47,10.0,67210.3,Direct Sales
TXN_00474364,CUST_001260,PROD_04885,LOC_0026,2024-12-17,19,3396.5,0.0,64533.5,Online
TXN_00226982,CUST_036405,PROD_03831,LOC_0171,2022-02-26,4,260.03,15.0,884.1,Online
TXN_00472309,CUST_011414,PROD_04626,LOC_0085,2023-10-07,3,1646.9,20.0,3952.56,Online
TXN_00296436,CUST_002242,PROD_02194,LOC_0189,2021-11-08,19,699.21,5.0,12620.74,Online
TXN_00183349,CUST_011868,PROD_00460,LOC_0064,2025-06-15,7,8256.99,5.0,54908.98,Retail
TXN_00271405,CUST_013416,PROD_00213,LOC_0125,2022-12-15,8,3786.88,10.0,27265.54,Direct Sales
TXN_00069559,CUST_045856,PROD_01682,LOC_0086,2023-01-13,16,4435.76,0.0,70972.16,Retail
TXN_00186607,CUST_032828,PROD_02544,LOC_0227,2025-12-06,7,712.06,20.0,3987.54,Online
TXN_00377273,CUST_029100,PROD_00400,LOC_0046,2022-01-17,11,2580.18,0.0,28381.98,Direct Sales
TXN_00111950,CUST_023262,PROD_01573,LOC_0127,2024-11-16,8,8697.28,15.0,59141.5,Partner
TXN_00427184,CUST_013791,PROD_02519,LOC_0003,2021-09-22,17,3685.86,5.0,59526.64,Partner
TXN_00367784,CUST_012958,PROD_01853,LOC_0232,2026-03-08,14,5170.59,15.0,61530.02,Retail
TXN_00177680,CUST_019679,PROD_04223,LOC_0170,2022-01-28,17,4153.21,20.0,56483.66,Partner
TXN_00171649,CUST_002369,PROD_01457,LOC_0167,2025-08-25,6,9348.43,20.0,44872.46,Online
TXN_00188195,CUST_048098,PROD_02490,LOC_0080,2024-08-13,18,5300.72,5.0,90642.31,Partner
TXN_00292620,CUST_008943,PROD_00703,LOC_0153,2026-04-20,4,6347.21,0.0,25388.84,Direct Sales
TXN_00488817,CUST_024634,PROD_00394,LOC_0078,2021-12-26,12,6894.5,20.0,66187.2,Retail
TXN_00248890,CUST_033439,PROD_00024,LOC_0072,2024-04-14,13,4499.0,15.0,49713.95,Online
TXN_00315002,CUST_031430,PROD_02545,LOC_0006,2025-07-17,6,3324.68,20.0,15958.46,Direct Sales
TXN_00479507,CUST_022614,PROD_04928,LOC_0166,2025-05-12,8,1186.01,5.0,9013.68,Partner
TXN_00378060,CUST_005149,PROD_04163,LOC_0140,2021-03-07,12,4036.94,5.0,46021.12,Online
TXN_00403733,CUST_041975,PROD_01358,LOC_0041,2021-06-23,17,8928.19,10.0,136601.31,Retail
TXN_00012064,CUST_035099,PROD_04126,LOC_0086,2022-10-10,7,5372.81,15.0,31968.22,Retail
TXN_00085668,CUST_001765,PROD_00309,LOC_0094,2021-09-08,16,1177.69,20.0,15074.43,Retail
TXN_00219811,CUST_001282,PROD_01943,LOC_0019,2023-04-04,11,230.87,15.0,2158.63,Online
TXN_00176504,CUST_023710,PROD_04225,LOC_0018,2022-02-22,15,6750.68,20.0,81008.16,Retail
TXN_00104499,CUST_038794,PROD_02909,LOC_0169,2022-07-08,9,7867.62,15.0,60187.29,Direct Sales
TXN_00313416,CUST_037981,PROD_02893,LOC_0174,2021-08-10,6,134.07,5.0,764.2,Online
TXN_00444336,CUST_043148,PROD_04013,LOC_0005,2021-02-03,18,5820.99,10.0,94300.04,Partner
TXN_00439631,CUST_006853,PROD_02070,LOC_0144,2024-06-21,18,3462.13,0.0,62318.34,Partner
TXN_00150375,CUST_019869,PROD_02056,LOC_0165,2022-06-18,13,5174.7,10.0,60543.99,Retail
TXN_00100778,CUST_013174,PROD_01989,LOC_0218,2021-06-03,1,820.32,5.0,779.3,Retail
TXN_00316613,CUST_043838,PROD_04253,LOC_0056,2025-10-26,16,4973.99,0.0,79583.84,Direct Sales
TXN_00145196,CUST_041369,PROD_01316,LOC_0114,2026-01-10,19,7231.84,20.0,109923.97,Partner
TXN_00429409,CUST_034909,PROD_04277,LOC_0196,2024-04-25,4,9804.05,15.0,33333.77,Retail
TXN_00030918,CUST_017630,PROD_01106,LOC_0181,2025-10-31,11,6343.03,0.0,69773.33,Online
TXN_00114017,CUST_044345,PROD_04807,LOC_0231,2025-11-15,11,2929.7,5.0,30615.36,Partner
TXN_00372817,CUST_022290,PROD_00062,LOC_0242,2026-03-29,12,8334.64,15.0,85013.33,Partner
TXN_00456088,CUST_039441,PROD_03832,LOC_0073,2022-02-17,15,4845.01,0.0,72675.15,Retail
TXN_00329312,CUST_015254,PROD_00060,LOC_0127,2024-08-19,7,786.09,0.0,5502.63,Retail
TXN_00053071,CUST_049936,PROD_02114,LOC_0072,2022-09-24,7,4215.22,20.0,23605.23,Direct Sales
TXN_00178443,CUST_040459,PROD_03916,LOC_0183,2021-11-27,16,6117.12,10.0,88086.53,Retail
TXN_00151374,CUST_006691,PROD_01010,LOC_0164,2021-03-13,4,726.15,10.0,2614.14,Direct Sales
TXN_00190566,CUST_046530,PROD_04403,LOC_0108,2025-11-20,15,8236.98,5.0,117376.96,Partner
TXN_00223812,CUST_006189,PROD_04389,LOC_0046,2021-05-30,13,3476.13,20.0,36151.75,Online
TXN_00491500,CUST_049140,PROD_03075,LOC_0139,2023-12-19,1,1198.82,10.0,1078.94,Direct Sales
TXN_00021215,,PROD_01832,LOC_0198,2021-01-15,14,9669.31,0.0,135370.34,Retail
TXN_00382910,CUST_033947,PROD_03288,LOC_0247,2022-06-11,12,8219.5,20.0,78907.2,Retail
TXN_00252809,CUST_010085,PROD_04028,LOC_0085,2023-02-21,13,2161.2,0.0,28095.6,Direct Sales
TXN_00143823,CUST_037753,PROD_02638,LOC_0135,2022-01-30,15,7229.38,5.0,103018.66,Retail
TXN_00391853,CUST_009426,PROD_04902,LOC_0023,2023-08-12,1,5935.41,10.0,5341.87,Direct Sales
TXN_00152031,CUST_029621,PROD_02804,LOC_0046,2021-07-23,2,5641.23,20.0,9025.97,Retail
TXN_00050611,CUST_000418,PROD_04796,LOC_0190,2021-02-03,8,9200.65,10.0,66244.68,Partner
TXN_00131477,CUST_043459,PROD_00643,LOC_0157,2024-02-13,12,7010.38,15.0,71505.88,Online
TXN_00373663,CUST_011670,PROD_04415,LOC_0237,2024-04-10,9,8922.08,15.0,68253.91,Retail
TXN_00466334,,PROD_01403,LOC_0136,2026-02-16,13,1260.07,5.0,15561.86,Partner
TXN_00469284,CUST_022598,PROD_02444,LOC_0055,2024-04-15,19,9326.94,5.0,168351.27,Partner
TXN_00442041,CUST_024417,PROD_03743,LOC_0072,2026-01-28,17,7548.8,20.0,102663.68,Direct Sales
TXN_00321441,CUST_005724,PROD_04838,LOC_0183,2024-04-22,15,9627.69,15.0,122753.05,Direct Sales
TXN_00035664,CUST_046366,PROD_02792,LOC_0092,2023-12-08,16,8574.34,0.0,137189.44,Online
TXN_00153120,,PROD_02030,LOC_0097,2023-05-10,10,8330.5,15.0,70809.25,Partner
TXN_00159054,CUST_032865,PROD_04676,LOC_0197,2022-08-23,11,3946.66,5.0,41242.6,Direct Sales
TXN_00314987,CUST_044397,PROD_04717,LOC_0210,2022-11-17,13,5030.88,20.0,52321.15,Partner
TXN_00185459,CUST_024948,PROD_00446,LOC_0075,2021-03-06,12,7658.6,5.0,87308.04,Direct Sales
TXN_00090580,CUST_034680,PROD_03540,LOC_0173,2022-01-25,2,6570.51,0.0,13141.02,Retail
TXN_00425615,CUST_000798,PROD_04770,LOC_0087,2024-09-01,13,3117.21,10.0,36471.36,Online
TXN_00181408,CUST_026957,PROD_00826,LOC_0084,2021-03-23,5,1130.47,0.0,5652.35,Partner
TXN_00482868,CUST_035239,PROD_01495,LOC_0050,2024-11-07,3,7881.18,5.0,22461.36,Retail
TXN_00313432,CUST_023220,PROD_04494,LOC_0242,2025-02-24,18,1766.95,20.0,25444.08,Online
TXN_00203940,CUST_047084,PROD_00650,LOC_0064,2023-03-02,13,4530.5,15.0,50062.02,Partner
TXN_00283727,CUST_022209,PROD_03732,LOC_0165,2024-12-15,17,7215.72,5.0,116533.88,Online
TXN_00498033,CUST_014016,PROD_03029,LOC_0230,2024-03-04,13,2729.81,20.0,28390.02,Partner
TXN_00151992,CUST_027075,PROD_04954,LOC_0115,2023-07-30,12,7479.82,5.0,85269.95,Retail
TXN_00393957,CUST_047532,PROD_01387,LOC_0014,2021-07-09,13,8720.41,0.0,113365.33,Retail
TXN_00493011,CUST_000163,PROD_03440,LOC_0054,2025-12-31,12,1278.78,5.0,14578.09,Direct Sales
TXN_00124174,CUST_039740,PROD_00652,LOC_0148,2025-11-05,15,1810.54,10.0,24442.29,Retail
TXN_00015160,CUST_030327,PROD_00721,LOC_0065,2023-06-17,8,2008.57,10.0,14461.7,Online
TXN_00389823,CUST_041542,PROD_01630,LOC_0051,2026-01-02,2,7030.01,0.0,14060.02,Partner
TXN_00227763,,PROD_01276,LOC_0152,2025-04-07,6,9010.95,5.0,51362.42,Partner
TXN_00408169,CUST_012766,PROD_01275,LOC_0086,2021-04-06,4,3274.23,0.0,13096.92,Online
TXN_00156026,CUST_011536,PROD_03043,LOC_0058,2021-05-23,11,6259.72,5.0,65414.07,Direct Sales
TXN_00377467,CUST_007306,PROD_01352,LOC_0111,2026-03-11,6,137.78,5.0,785.35,Partner
TXN_00343590,CUST_014547,PROD_04799,LOC_0224,2026-04-07,4,5005.24,20.0,16016.77,Direct Sales
TXN_00197795,CUST_043109,PROD_04738,LOC_0182,2025-07-17,13,7637.03,20.0,79425.11,Partner
TXN_00456722,CUST_003707,PROD_03595,LOC_0031,2025-04-23,5,750.92,0.0,3754.6,Partner
TXN_00164699,CUST_030301,PROD_02569,LOC_0114,2025-08-07,17,311.46,5.0,5030.08,Partner
TXN_00441546,CUST_031103,PROD_04891,LOC_0161,2025-06-28,12,7814.24,0.0,93770.88,Direct Sales
TXN_00450430,CUST_048479,PROD_00814,LOC_0183,2022-03-12,17,9434.56,15.0,136329.39,Online
TXN_00480396,CUST_020413,PROD_01209,LOC_0081,2022-09-28,14,7762.07,15.0,92368.63,Retail
TXN_00399528,CUST_028061,PROD_03540,LOC_0154,2025-10-01,6,6740.4,5.0,38420.28,Online
TXN_00027572,CUST_046505,PROD_01615,LOC_0190,2022-04-28,14,7869.32,15.0,93644.91,Direct Sales
TXN_00100637,CUST_045803,PROD_04537,LOC_0191,2023-04-26,19,1917.0,15.0,30959.55,Direct Sales
TXN_00251365,CUST_040010,PROD_02044,LOC_0154,2021-11-27,14,7448.49,20.0,83423.09,Partner
TXN_00440366,CUST_009171,PROD_02468,LOC_0196,2024-09-13,2,5750.67,0.0,11501.34,Partner
TXN_00460664,CUST_017724,PROD_01526,LOC_0142,2024-04-10,14,9836.92,0.0,137716.88,Direct Sales
TXN_00349755,CUST_033664,PROD_02292,LOC_0204,2021-11-29,19,2755.0,0.0,52345.0,Direct Sales
TXN_00372270,CUST_048986,PROD_04354,LOC_0044,2025-01-01,10,6891.04,20.0,55128.32,Direct Sales
TXN_00287480,CUST_049828,PROD_02664,LOC_0029,2024-12-21,6,3621.9,5.0,20644.83,Online
TXN_00025714,CUST_013814,PROD_01056,LOC_0240,2023-09-06,17,1899.42,20.0,25832.11,Online
TXN_00459028,CUST_010099,PROD_00106,LOC_0083,2024-03-14,6,6407.25,0.0,38443.5,Partner
TXN_00264433,CUST_021532,PROD_03150,LOC_0107,2021-08-17,8,1005.37,5.0,7640.81,Partner
TXN_00193476,CUST_005174,PROD_04743,LOC_0021,2021-05-14,13,9091.12,15.0,100456.88,Retail
TXN_00408458,CUST_013923,PROD_03432,LOC_0063,2021-07-28,16,2839.55,15.0,38617.88,Partner
TXN_00409480,CUST_007076,PROD_03715,LOC_0112,2022-06-01,9,6242.44,20.0,44945.57,Partner
TXN_00318488,CUST_007470,PROD_03006,LOC_0025,2022-06-09,9,2673.99,0.0,24065.91,Retail
TXN_00354812,CUST_031472,PROD_04250,LOC_0248,2023-03-16,7,7426.72,15.0,44188.98,Partner
TXN_00485729,CUST_026633,PROD_02975,LOC_0064,2023-09-05,7,8610.73,5.0,57261.35,Direct Sales
TXN_00307948,CUST_046385,PROD_03261,LOC_0080,2022-08-20,7,2624.12,20.0,14695.07,Direct Sales
TXN_00302085,CUST_044450,PROD_02584,LOC_0071,2022-06-12,14,7318.08,20.0,81962.5,Partner
TXN_00482050,CUST_030846,PROD_01051,LOC_0042,2025-08-16,15,1584.42,15.0,20201.36,Retail
TXN_00249447,CUST_016316,PROD_04999,LOC_0192,2025-12-11,11,5059.19,15.0,47303.43,Partner
TXN_00286039,,PROD_04304,LOC_0064,2023-03-13,7,933.38,15.0,5553.61,Partner
TXN_00421106,CUST_016329,PROD_00503,LOC_0227,2022-03-02,2,6267.84,15.0,10655.33,Online
TXN_00136155,CUST_014463,PROD_03751,LOC_0117,2024-09-18,3,6873.55,5.0,19589.62,Partner
TXN_00259923,CUST_017770,PROD_04128,LOC_0034,2022-07-24,6,5273.83,0.0,31642.98,Partner
TXN_00416022,CUST_027293,PROD_03557,LOC_0058,2021-06-14,10,9802.38,0.0,98023.8,Partner
TXN_00173060,CUST_031952,PROD_02897,LOC_0199,2026-04-02,16,3315.51,10.0,47743.34,Direct Sales
TXN_00283061,CUST_023053,PROD_01650,LOC_0193,2026-02-08,14,3252.71,5.0,43261.04,Online
TXN_00415930,CUST_042244,PROD_03925,LOC_0022,2021-12-22,11,9736.42,15.0,91035.53,Retail
TXN_00285051,CUST_016092,PROD_02125,LOC_0116,2025-09-29,1,2895.09,5.0,2750.34,Online
TXN_00282088,CUST_020557,PROD_02240,LOC_0077,2021-06-01,14,1580.39,0.0,22125.46,Direct Sales
TXN_00160358,CUST_024395,PROD_01816,LOC_0094,2023-04-06,5,6074.99,0.0,30374.95,Direct Sales
TXN_00230768,CUST_033410,PROD_03900,LOC_0103,2025-04-06,12,8477.91,5.0,96648.17,Retail
TXN_00057107,CUST_012936,PROD_04824,LOC_0249,2024-03-28,2,9532.52,10.0,17158.54,Online
TXN_00173572,CUST_000801,PROD_00287,LOC_0212,2022-06-16,5,8029.29,5.0,38139.13,Retail
TXN_00494170,CUST_044198,PROD_01983,LOC_0230,2023-08-16,14,8194.39,0.0,114721.46,Online
TXN_00381739,CUST_043986,PROD_04948,LOC_0015,2021-06-12,1,1781.28,20.0,1425.02,Direct Sales
TXN_00374469,CUST_010250,PROD_04750,LOC_0229,2022-03-30,13,5503.68,10.0,64393.06,Online
TXN_00124614,CUST_009890,PROD_04019,LOC_0010,2022-01-28,5,445.33,5.0,2115.32,Direct Sales
TXN_00385507,CUST_012615,PROD_02828,LOC_0168,2023-09-25,2,2516.22,20.0,4025.95,Partner
TXN_00225949,CUST_018699,PROD_04445,LOC_0046,2026-05-30,18,1178.82,15.0,18035.95,Partner
TXN_00488387,CUST_013445,PROD_04227,LOC_0236,2024-02-17,6,7257.89,5.0,41369.97,Retail
TXN_00432571,CUST_035397,PROD_01194,LOC_0248,2024-01-27,7,9994.48,5.0,66463.29,Online
TXN_00201530,,PROD_02926,LOC_0010,2023-03-21,14,3812.52,5.0,50706.52,Direct Sales
TXN_00209671,CUST_008870,PROD_01243,LOC_0028,2022-05-15,6,726.93,20.0,3489.26,Retail
TXN_00369583,CUST_048397,PROD_02062,LOC_0093,2021-05-03,10,9772.33,15.0,83064.81,Online
TXN_00260445,,PROD_02243,LOC_0029,2023-05-13,11,4526.65,15.0,42324.18,Retail
TXN_00372219,CUST_017215,PROD_02653,LOC_0141,2025-05-22,11,1203.03,10.0,11910.0,Partner
TXN_00044187,CUST_027763,PROD_01727,LOC_0193,2024-04-29,16,7730.98,0.0,123695.68,Online
TXN_00346997,CUST_041902,PROD_01030,LOC_0016,2022-08-04,1,7746.17,5.0,7358.86,Retail
TXN_00446219,CUST_024130,PROD_02520,LOC_0024,2023-03-07,5,6264.67,5.0,29757.18,Direct Sales
TXN_00385518,CUST_040702,PROD_04954,LOC_0235,2021-01-08,18,140.49,0.0,2528.82,Online
TXN_00468447,CUST_032882,PROD_01394,LOC_0022,2023-03-17,5,4397.81,5.0,20889.6,Partner
TXN_00350048,CUST_034701,PROD_04473,LOC_0142,2021-04-04,5,4416.88,5.0,20980.18,Retail
TXN_00157037,CUST_043401,PROD_03848,LOC_0028,2024-12-07,4,7475.94,20.0,23923.01,Direct Sales
TXN_00155989,CUST_032643,PROD_00290,LOC_0182,2025-05-16,16,4312.98,0.0,69007.68,Retail
TXN_00136698,CUST_001235,PROD_02279,LOC_0212,2021-09-07,18,9031.66,15.0,138184.4,Retail
TXN_00179517,CUST_000781,PROD_02507,LOC_0229,2024-04-16,9,9092.16,0.0,81829.44,Online
TXN_00361897,CUST_045422,PROD_00281,LOC_0175,2021-01-10,15,8080.43,20.0,96965.16,Partner
TXN_00411152,CUST_022925,PROD_01344,LOC_0104,2022-11-19,2,6124.75,15.0,10412.07,Retail
TXN_00198924,,PROD_03063,LOC_0058,2026-02-20,14,2940.94,10.0,37055.84,Direct Sales
TXN_00287951,CUST_029880,PROD_04202,LOC_0017,2024-10-19,14,5314.49,5.0,70682.72,Online
TXN_00218535,CUST_010987,PROD_01129,LOC_0034,2021-09-18,16,9896.74,0.0,158347.84,Online
TXN_00130333,CUST_001224,PROD_01961,LOC_0192,2024-09-28,12,404.71,10.0,4370.87,Partner
TXN_00072567,CUST_023727,PROD_01205,LOC_0199,2023-09-16,19,2454.01,0.0,46626.19,Online
TXN_00023468,CUST_002044,PROD_01069,LOC_0201,2025-07-15,5,1619.26,0.0,8096.3,Partner
TXN_00343781,CUST_017603,PROD_00768,LOC_0002,2023-03-19,1,8594.87,20.0,6875.9,Online
TXN_00475806,CUST_014925,PROD_04285,LOC_0087,2025-05-30,18,7528.67,20.0,108412.85,Partner
TXN_00229799,CUST_042326,PROD_02573,LOC_0174,2021-03-22,5,7765.6,0.0,38828.0,Online
TXN_00426074,CUST_001324,PROD_04775,LOC_0215,2021-12-23,1,7862.99,5.0,7469.84,Retail
TXN_00398316,CUST_028834,PROD_04201,LOC_0038,2021-04-05,3,6531.21,20.0,15674.9,Online
TXN_00339457,CUST_034542,PROD_02698,LOC_0099,2023-05-30,13,424.61,5.0,5243.93,Partner
TXN_00409315,CUST_049565,PROD_00142,LOC_0168,2021-12-06,14,6651.89,20.0,74501.17,Online
TXN_00006202,CUST_044448,PROD_01692,LOC_0070,2026-01-10,8,7514.09,20.0,48090.18,Direct Sales
TXN_00439811,CUST_005906,PROD_00715,LOC_0226,2023-08-22,4,8555.21,10.0,30798.76,Direct Sales
TXN_00381500,CUST_030935,PROD_03593,LOC_0030,2023-10-31,13,2229.55,20.0,23187.32,Retail
TXN_00154622,CUST_048049,PROD_01058,LOC_0054,2022-11-29,2,5821.46,0.0,11642.92,Direct Sales
TXN_00261787,CUST_022478,PROD_03545,LOC_0093,2023-06-19,14,450.38,5.0,5990.05,Online
TXN_00441374,,PROD_02556,LOC_0064,2022-03-14,14,8416.25,0.0,117827.5,Online
TXN_00032165,CUST_023011,PROD_02539,LOC_0064,2024-11-15,11,7345.93,20.0,64644.18,Partner
TXN_00013331,CUST_020433,PROD_03248,LOC_0017,2023-11-20,18,908.95,5.0,15543.04,Partner
TXN_00171294,CUST_000484,PROD_04369,LOC_0117,2025-08-09,4,6679.57,20.0,21374.62,Partner
TXN_00278752,CUST_017388,PROD_04467,LOC_0191,2024-09-11,17,3499.49,10.0,53542.2,Online
TXN_00246294,CUST_048769,PROD_03931,LOC_0036,2026-03-16,9,5001.38,10.0,40511.18,Retail
TXN_00247037,CUST_012060,PROD_03941,LOC_0093,2024-10-21,8,354.54,15.0,2410.87,Retail
TXN_00197992,CUST_025699,PROD_03443,LOC_0181,2022-12-18,5,1656.19,0.0,8280.95,Online
TXN_00325768,CUST_043898,PROD_01899,LOC_0140,2026-01-16,6,4855.01,5.0,27673.56,Retail
TXN_00353125,CUST_020719,PROD_01586,LOC_0202,2023-09-16,4,7934.58,15.0,26977.57,Retail
TXN_00492801,,PROD_01522,LOC_0116,2022-10-13,11,1801.85,10.0,17838.31,Retail
TXN_00471331,CUST_026747,PROD_01860,LOC_0046,2023-04-11,2,4649.84,20.0,7439.74,Direct Sales
TXN_00254811,CUST_039621,PROD_04857,LOC_0042,2023-07-14,1,930.04,15.0,790.53,Direct Sales
TXN_00001480,CUST_003984,PROD_02192,LOC_0076,2025-07-08,16,9028.97,10.0,130017.17,Online
TXN_00387778,CUST_031320,PROD_00100,LOC_0177,2024-05-15,17,6145.98,0.0,104481.66,Retail
TXN_00319410,CUST_005860,PROD_00518,LOC_0090,2021-08-14,2,7080.36,5.0,13452.68,Retail
TXN_00195876,CUST_005209,PROD_03183,LOC_0108,2025-01-26,19,2508.17,0.0,47655.23,Retail
TXN_00433523,CUST_012140,PROD_00656,LOC_0236,2023-05-19,14,6688.58,15.0,79594.1,Retail
TXN_00499337,CUST_036594,PROD_01998,LOC_0089,2021-01-05,4,8102.72,5.0,30790.34,Online
TXN_00243642,CUST_008022,PROD_02734,LOC_0189,2026-05-25,1,6190.15,15.0,5261.63,Partner
TXN_00190042,CUST_040959,PROD_03583,LOC_0040,2023-04-15,9,2140.11,10.0,17334.89,Retail
TXN_00200518,CUST_033427,PROD_00803,LOC_0182,2023-05-31,7,6246.84,20.0,34982.3,Online
TXN_00291515,CUST_003710,PROD_03259,LOC_0152,2022-01-05,17,624.71,10.0,9558.06,Online
TXN_00335162,CUST_007625,PROD_00051,LOC_0195,2023-01-27,3,5278.8,15.0,13460.94,Retail
TXN_00334752,CUST_044675,PROD_02592,LOC_0069,2026-06-15,19,9662.19,10.0,165223.45,Retail
TXN_00151740,CUST_020767,PROD_04357,LOC_0142,2025-04-28,18,1434.74,5.0,24534.05,Online
TXN_00477789,CUST_002793,PROD_01981,LOC_0173,2025-01-29,3,7397.62,20.0,17754.29,Partner
TXN_00039948,CUST_041133,PROD_00953,LOC_0136,2023-06-23,19,6905.48,10.0,118083.71,Retail
TXN_00230636,CUST_015920,PROD_04578,LOC_0043,2022-07-30,19,8929.63,20.0,135730.38,Retail
TXN_00229332,CUST_021772,PROD_01494,LOC_0159,2024-11-10,4,1182.82,5.0,4494.72,Online
TXN_00180013,CUST_013985,PROD_01275,LOC_0197,2022-10-29,10,6681.36,20.0,53450.88,Online
TXN_00095819,CUST_004728,PROD_00081,LOC_0046,2023-03-08,16,5558.53,15.0,75596.01,Direct Sales
TXN_00410981,CUST_016882,PROD_02410,LOC_0068,2021-09-18,13,2367.08,20.0,24617.63,Direct Sales
TXN_00017991,CUST_021898,PROD_01835,LOC_0189,2024-03-08,7,6819.2,0.0,47734.4,Direct Sales
TXN_00239536,CUST_009961,PROD_01477,LOC_0006,2021-12-14,14,1798.55,15.0,21402.74,Direct Sales
TXN_00179492,CUST_028366,PROD_04499,LOC_0039,2022-05-04,6,9493.46,5.0,54112.72,Direct Sales
TXN_00182526,CUST_012921,PROD_00431,LOC_0191,2021-10-19,6,656.32,5.0,3741.02,Retail
TXN_00219327,CUST_049631,PROD_04254,LOC_0150,2024-10-27,-1,1487.29,20.0,14277.98,Direct Sales
TXN_00353043,CUST_013193,PROD_03738,LOC_0105,2024-07-08,9,4683.42,20.0,33720.62,Retail
TXN_00244761,CUST_010226,PROD_02475,LOC_0110,2024-08-12,16,6659.15,20.0,85237.12,Direct Sales
TXN_00307865,CUST_034979,PROD_04284,LOC_0004,2022-06-13,14,7627.03,15.0,90761.66,Online
TXN_00068964,CUST_043956,PROD_00147,LOC_0225,2022-12-16,8,3812.0,5.0,28971.2,Retail
TXN_00265598,CUST_035158,PROD_03363,LOC_0175,2023-03-26,18,1636.32,20.0,23563.01,Retail
TXN_00481693,CUST_007637,PROD_04079,LOC_0089,2026-06-16,13,5472.13,0.0,71137.69,Direct Sales
TXN_00288276,CUST_006492,PROD_01562,LOC_0215,2024-05-19,16,4706.36,15.0,64006.5,Retail
TXN_00265439,CUST_022322,PROD_00870,LOC_0124,2025-04-20,2,7125.53,10.0,12825.95,Partner
TXN_00032059,CUST_006395,PROD_01857,LOC_0093,2022-04-22,19,3944.06,10.0,67443.43,Partner
TXN_00294095,CUST_023048,PROD_00833,LOC_0247,2024-03-31,5,4855.98,15.0,20637.91,Direct Sales
TXN_00233586,CUST_001351,PROD_03954,LOC_0129,2023-06-06,9,4326.88,15.0,33100.63,Partner
TXN_00113292,,PROD_03703,LOC_0127,2026-02-10,10,5858.25,5.0,55653.38,Direct Sales
TXN_00150388,,PROD_04257,LOC_0208,2021-11-05,19,9725.69,10.0,166309.3,Direct Sales
TXN_00092224,CUST_041324,PROD_02376,LOC_0129,2024-12-14,13,4016.34,20.0,41769.94,Online
TXN_00274307,,PROD_03205,LOC_0131,2022-08-08,11,1851.8,0.0,20369.8,Partner
TXN_00076227,CUST_048650,PROD_01972,LOC_0095,2025-01-19,6,647.19,20.0,3106.51,Partner
TXN_00039394,,PROD_01693,LOC_0099,2021-05-21,2,1717.16,0.0,3434.32,Online
TXN_00046009,,PROD_00061,LOC_0189,2024-02-19,14,3577.36,5.0,47578.89,Retail
TXN_00479049,CUST_044600,PROD_00006,LOC_0096,2022-10-02,13,6936.49,20.0,72139.5,Partner
TXN_00319577,CUST_003079,PROD_01806,LOC_0147,2022-07-13,19,3249.63,10.0,55568.67,Direct Sales
TXN_00034287,CUST_047105,PROD_04819,LOC_0022,2022-05-05,10,6591.47,15.0,56027.5,Online
TXN_00284046,CUST_035452,PROD_03696,LOC_0141,2025-02-17,17,817.56,15.0,11813.74,Online
TXN_00149331,CUST_010694,PROD_00507,LOC_0157,2022-07-25,13,1681.32,10.0,19671.44,Online
TXN_00055220,CUST_005705,PROD_03637,LOC_0082,2021-02-20,4,156.13,20.0,499.62,Direct Sales
TXN_00398230,CUST_020440,PROD_01176,LOC_0063,2021-09-19,7,6837.56,0.0,47862.92,Online
TXN_00083990,CUST_013952,PROD_00856,LOC_0108,2022-09-07,7,8197.42,10.0,51643.75,Online
TXN_00066918,CUST_031889,PROD_04509,LOC_0167,2025-10-03,19,7808.17,10.0,133519.71,Online
TXN_00143328,CUST_032148,PROD_03289,LOC_0011,2021-03-14,15,3720.13,20.0,44641.56,Online
TXN_00498200,CUST_004687,PROD_04034,LOC_0188,2024-03-05,8,410.06,20.0,2624.38,Online
TXN_00453033,CUST_022046,PROD_02351,LOC_0186,2021-07-09,14,7907.76,10.0,99637.78,Partner
TXN_00257470,CUST_019266,PROD_00265,LOC_0070,2022-10-12,3,7559.75,0.0,22679.25,Online
TXN_00026937,CUST_014154,PROD_01325,LOC_0165,2023-04-10,5,3897.18,15.0,16563.02,Retail
TXN_00057799,CUST_030739,PROD_02112,LOC_0138,2021-11-11,1,9268.5,0.0,9268.5,Online
TXN_00296715,CUST_006292,PROD_04434,LOC_0085,2022-06-20,10,806.3,15.0,6853.55,Retail
TXN_00338755,CUST_049162,PROD_00659,LOC_0001,2024-02-02,18,6908.75,15.0,105703.88,Direct Sales
TXN_00489779,CUST_027777,PROD_03383,LOC_0030,2021-08-22,1,7704.53,15.0,6548.85,Online
TXN_00149901,CUST_029725,PROD_00145,LOC_0229,2025-09-30,12,1656.35,10.0,17888.58,Direct Sales
TXN_00200644,,PROD_04605,LOC_0240,2022-11-21,1,4144.44,10.0,3730.0,Retail
TXN_00490030,CUST_022519,PROD_02693,LOC_0236,2025-02-19,17,9850.95,15.0,142346.23,Partner
TXN_00425748,CUST_008583,PROD_03237,LOC_0090,2025-06-28,15,3228.94,15.0,41168.98,Direct Sales
TXN_00467824,CUST_029903,PROD_04269,LOC_0087,2022-06-06,14,5372.93,15.0,63937.87,Online
TXN_00201317,CUST_033946,PROD_02463,LOC_0063,2022-09-26,15,4449.74,5.0,63408.79,Retail
TXN_00269260,CUST_014204,PROD_01146,LOC_0023,2022-07-28,19,4941.59,20.0,75112.17,Direct Sales
TXN_00485142,CUST_025135,PROD_03921,LOC_0073,2023-02-18,9,1040.17,10.0,8425.38,Online
TXN_00094178,CUST_038795,PROD_01675,LOC_0041,2024-05-25,15,429.86,20.0,5158.32,Online
TXN_00342308,CUST_037656,PROD_02635,LOC_0215,2023-05-23,2,8362.16,15.0,14215.67,Direct Sales
TXN_00413999,CUST_028648,PROD_03997,LOC_0181,2022-06-04,15,4607.36,15.0,58743.84,Retail
TXN_00123452,CUST_030923,PROD_00783,LOC_0155,2022-03-30,16,9541.77,5.0,145034.9,Retail
TXN_00287679,CUST_008280,PROD_03026,LOC_0183,2023-03-06,17,4903.02,15.0,70848.64,Partner
TXN_00392903,CUST_039806,PROD_04893,LOC_0037,2023-01-20,6,2601.6,5.0,14829.12,Online
TXN_00296837,CUST_032495,PROD_03909,LOC_0034,2022-02-22,11,8278.4,15.0,77403.04,Retail
TXN_00267421,CUST_028799,PROD_00409,LOC_0234,2022-09-18,5,2233.6,0.0,11168.0,Online
TXN_00136109,CUST_011922,PROD_02038,LOC_0233,2021-03-18,9,4861.33,0.0,43751.97,Partner
TXN_00224231,CUST_005330,PROD_03063,LOC_0080,2023-11-09,15,6834.37,5.0,97389.77,Online
TXN_00236671,CUST_047839,PROD_03512,LOC_0024,2025-05-31,5,9892.3,15.0,42042.28,Online
TXN_00260300,,PROD_04588,LOC_0249,2025-12-20,1,9932.54,0.0,9932.54,Partner
TXN_00035034,CUST_042249,PROD_04340,LOC_0146,2021-12-30,7,4953.11,5.0,32938.18,Partner
TXN_00288401,CUST_044316,PROD_03917,LOC_0046,2021-02-22,11,5693.41,15.0,53233.38,Online
TXN_00378243,CUST_046919,PROD_01614,LOC_0153,2025-05-15,5,8768.97,20.0,35075.88,Retail
TXN_00487652,CUST_004812,PROD_01369,LOC_0174,2023-11-27,12,6444.32,10.0,69598.66,Online
TXN_00046529,CUST_000049,PROD_02622,LOC_0079,2021-04-24,8,4439.66,0.0,35517.28,Online
TXN_00052572,CUST_020803,PROD_03966,LOC_0112,2025-09-13,14,8108.93,0.0,113525.02,Partner
TXN_00355366,CUST_033691,PROD_00380,LOC_0243,2021-03-10,13,2992.51,10.0,35012.37,Retail
TXN_00242496,CUST_042039,PROD_00035,LOC_0122,2024-03-09,6,5138.78,0.0,30832.68,Retail
TXN_00213847,CUST_021019,PROD_00171,LOC_0186,2022-07-24,9,244.34,5.0,2089.11,Partner
TXN_00415808,CUST_032708,PROD_00441,LOC_0033,2024-12-28,6,1547.17,10.0,8354.72,Direct Sales
TXN_00245159,CUST_032265,PROD_00583,LOC_0210,2026-01-29,7,1204.56,20.0,6745.54,Online
TXN_00385187,CUST_042163,PROD_02217,LOC_0175,2026-06-21,16,2671.34,15.0,36330.22,Online
TXN_00362977,CUST_028934,PROD_02754,LOC_0110,2022-04-18,2,8364.76,5.0,15893.04,Partner
TXN_00458051,CUST_027667,PROD_01773,LOC_0062,2024-08-02,19,2001.71,0.0,38032.49,Partner
TXN_00016519,CUST_006536,PROD_04302,LOC_0137,2023-03-07,9,8651.21,20.0,62288.71,Retail
TXN_00222647,CUST_041900,PROD_01023,LOC_0219,2025-06-04,14,6165.04,10.0,77679.5,Direct Sales
TXN_00191404,CUST_004623,PROD_00444,LOC_0079,2024-08-11,16,9366.39,15.0,127382.9,Retail
TXN_00241355,CUST_031409,PROD_03029,LOC_0052,2024-12-20,3,297.55,0.0,892.65,Partner
TXN_00262374,CUST_014538,PROD_04390,LOC_0144,2022-02-16,13,5736.16,0.0,74570.08,Online
TXN_00182523,CUST_001270,PROD_04886,LOC_0082,2021-08-21,7,6824.56,15.0,40606.13,Online
TXN_00371610,CUST_037857,PROD_01320,LOC_0088,2023-10-02,11,7461.01,10.0,73864.0,Online
TXN_00460044,CUST_002021,PROD_00528,LOC_0004,2021-10-03,3,5069.65,5.0,14448.5,Online
TXN_00052431,CUST_000085,PROD_01606,LOC_0013,2022-10-01,16,9193.55,15.0,125032.28,Direct Sales
TXN_00328654,CUST_012062,PROD_00067,LOC_0198,2025-11-02,14,1386.34,15.0,16497.45,Direct Sales
TXN_00202844,CUST_030718,PROD_02647,LOC_0114,2023-01-11,7,2328.63,5.0,15485.39,Online
TXN_00084902,CUST_036000,PROD_02681,LOC_0146,2024-04-03,18,4012.93,5.0,68621.1,Partner
TXN_00076920,CUST_006383,PROD_02512,LOC_0204,2023-05-23,9,6345.45,15.0,48542.69,Partner
TXN_00121314,CUST_014756,PROD_00537,LOC_0036,2026-05-21,9,3528.93,0.0,31760.37,Retail
TXN_00024536,CUST_038896,PROD_04996,LOC_0185,2024-03-21,8,9887.81,20.0,63281.98,Direct Sales
TXN_00251355,CUST_006123,PROD_04539,LOC_0038,2023-07-13,5,2035.33,20.0,8141.32,Retail
TXN_00120079,CUST_032286,PROD_01579,LOC_0199,2023-02-03,17,7459.68,10.0,114133.1,Partner
TXN_00104408,,PROD_00491,LOC_0026,2026-06-08,4,812.7,5.0,3088.26,Retail
TXN_00403179,CUST_002670,PROD_02133,LOC_0104,2022-02-12,12,6097.82,15.0,62197.76,Direct Sales
TXN_00088118,CUST_009717,PROD_04123,LOC_0203,2024-03-26,16,5003.68,20.0,64047.1,Partner
TXN_00008011,CUST_011739,PROD_00483,LOC_0128,2022-11-18,11,7345.83,20.0,64643.3,Online
TXN_00434931,CUST_015708,PROD_01402,LOC_0235,2026-05-27,10,9649.37,20.0,77194.96,Online
TXN_00346586,CUST_027977,PROD_00298,LOC_0002,2024-01-26,17,9836.3,0.0,167217.1,Direct Sales
TXN_00321358,CUST_004637,PROD_00523,LOC_0073,2024-10-22,13,526.54,0.0,6845.02,Online
TXN_00193327,CUST_009231,PROD_02067,LOC_0020,2022-12-17,12,7480.39,0.0,89764.68,Retail
TXN_00476372,CUST_006356,PROD_03296,LOC_0073,2024-02-03,7,7342.04,0.0,51394.28,Retail
TXN_00491924,CUST_030676,PROD_04489,LOC_0105,2024-11-23,6,2061.8,5.0,11752.26,Direct Sales
TXN_00062495,CUST_006816,PROD_01298,LOC_0247,2022-04-27,12,7516.27,15.0,76665.95,Partner
TXN_00355759,CUST_015196,PROD_00173,LOC_0127,2021-05-21,13,7036.57,10.0,82327.87,Online
TXN_00451242,CUST_040242,PROD_04904,LOC_0091,2022-10-30,10,2082.49,5.0,19783.65,Retail
TXN_00440023,CUST_027997,PROD_03593,LOC_0107,2023-07-31,14,9105.63,10.0,114730.94,Retail
TXN_00056858,CUST_046086,PROD_00715,LOC_0040,2024-11-21,1,3317.45,10.0,2985.7,Online
TXN_00073920,CUST_029723,PROD_03505,LOC_0133,2025-07-07,19,7704.96,5.0,139074.53,Retail
TXN_00283741,CUST_001347,PROD_02609,LOC_0142,2025-07-05,11,7091.38,10.0,70204.66,Partner
TXN_00144469,CUST_015516,PROD_00139,LOC_0160,2025-11-01,7,6128.16,20.0,34317.7,Retail
TXN_00386851,CUST_023529,PROD_01179,LOC_0049,2022-08-02,5,9076.44,0.0,45382.2,Direct Sales
TXN_00300737,CUST_023832,PROD_01125,LOC_0235,2021-03-08,14,1981.21,15.0,23576.4,Retail
TXN_00336080,CUST_042071,PROD_03056,LOC_0160,2024-03-14,3,3265.63,10.0,8817.2,Direct Sales
TXN_00103641,CUST_015929,PROD_00495,LOC_0092,2024-02-17,11,1009.15,20.0,8880.52,Partner
TXN_00481708,CUST_036873,PROD_01675,LOC_0234,2025-03-18,5,6624.77,20.0,26499.08,Retail
TXN_00285422,CUST_046420,PROD_02791,LOC_0236,2022-10-24,9,5704.67,0.0,51342.03,Partner
TXN_00483189,CUST_008696,PROD_02008,LOC_0203,2024-05-30,14,9689.71,10.0,122090.35,Direct Sales
TXN_00417687,CUST_007637,PROD_04059,LOC_0219,2021-03-18,17,399.5,5.0,6451.92,Direct Sales
TXN_00121415,CUST_047181,PROD_04476,LOC_0010,2024-11-19,16,831.71,10.0,11976.62,Partner
TXN_00389783,CUST_049831,PROD_01427,LOC_0099,2022-01-08,16,7487.85,0.0,119805.6,Partner
TXN_00146310,CUST_032834,PROD_04476,LOC_0051,2021-05-31,17,2640.28,0.0,44884.76,Online
TXN_00431311,CUST_023090,PROD_02755,LOC_0189,2026-02-20,2,286.69,0.0,573.38,Online
TXN_00443781,CUST_001235,PROD_03389,LOC_0129,2021-09-20,8,9821.95,15.0,66789.26,Direct Sales
TXN_00430042,CUST_008495,PROD_01433,LOC_0068,2023-10-25,15,5495.05,20.0,65940.6,Retail
TXN_00155048,,PROD_03858,LOC_0127,2023-12-26,2,8718.46,0.0,17436.92,Partner
TXN_00242980,CUST_011080,PROD_01920,LOC_0113,2021-11-17,16,5980.33,0.0,95685.28,Online
TXN_00049502,CUST_012602,PROD_00149,LOC_0066,2023-09-17,2,4388.97,20.0,7022.35,Retail
TXN_00432201,CUST_035827,PROD_01540,LOC_0087,2026-02-01,13,1483.53,10.0,17357.3,Retail
TXN_00127475,CUST_013036,PROD_02695,LOC_0138,2024-10-14,19,3553.41,0.0,67514.79,Online
TXN_00012790,CUST_048229,PROD_01434,LOC_0083,2025-08-26,16,6565.4,15.0,89289.44,Direct Sales
TXN_00347338,CUST_046682,PROD_00119,LOC_0063,2026-03-09,13,9285.2,20.0,96566.08,Partner
TXN_00307734,CUST_023791,PROD_03661,LOC_0149,2021-12-16,10,1192.05,0.0,11920.5,Online
TXN_00261130,CUST_019761,PROD_01690,LOC_0206,2021-08-17,4,8056.1,15.0,27390.74,Partner
TXN_00166401,CUST_010595,PROD_04332,LOC_0030,2021-06-28,5,1869.81,0.0,9349.05,Partner
TXN_00100734,CUST_008619,PROD_00108,LOC_0127,2023-05-06,10,6513.54,5.0,61878.63,Partner
TXN_00302443,CUST_039047,PROD_02731,LOC_0090,2021-08-30,5,4133.01,5.0,19631.8,Online
TXN_00089590,CUST_014567,PROD_00886,LOC_0027,2023-03-30,17,8209.62,15.0,118629.01,Partner
TXN_00170819,CUST_048703,PROD_02174,LOC_0245,2021-11-09,16,9147.93,10.0,131730.19,Online
TXN_00322648,CUST_005442,PROD_00416,LOC_0249,2025-01-22,1,213.59,20.0,170.87,Direct Sales
TXN_00013729,CUST_001480,PROD_01867,LOC_0225,2025-05-05,5,8287.64,10.0,37294.38,Retail
TXN_00260816,CUST_047208,PROD_00380,LOC_0029,2023-08-25,6,2678.56,20.0,12857.09,Online
TXN_00123666,CUST_019848,PROD_02066,LOC_0184,2026-05-16,12,2068.36,5.0,23579.3,Direct Sales
TXN_00429507,CUST_041445,PROD_02534,LOC_0193,2022-06-11,7,9916.78,0.0,69417.46,Online
TXN_00440826,CUST_005261,PROD_04333,LOC_0198,2021-07-04,19,1616.0,10.0,27633.6,Partner
TXN_00141962,CUST_028613,PROD_01406,LOC_0193,2023-08-08,6,180.79,0.0,1084.74,Online
TXN_00132864,CUST_038271,PROD_02203,LOC_0173,2022-05-17,1,7363.84,15.0,6259.26,Online
TXN_00004103,CUST_028881,PROD_02587,LOC_0236,2021-11-12,5,410.72,10.0,1848.24,Partner
TXN_00320378,CUST_040271,PROD_04239,LOC_0059,2024-12-19,7,3843.89,15.0,22871.15,Direct Sales
TXN_00308863,CUST_049481,PROD_02947,LOC_0062,2023-12-01,2,8116.9,10.0,14610.42,Direct Sales
TXN_00467115,CUST_009552,PROD_02992,LOC_0135,2022-06-13,17,7956.65,0.0,135263.05,Partner
TXN_00038677,CUST_026087,PROD_00968,LOC_0186,2022-12-19,4,5402.72,0.0,21610.88,Direct Sales
TXN_00144940,CUST_007892,PROD_01391,LOC_0063,2022-02-08,17,927.41,15.0,13401.07,Online
TXN_00250809,CUST_026195,PROD_00211,LOC_0180,2025-07-26,13,2998.42,20.0,31183.57,Partner
TXN_00262915,CUST_014876,PROD_00235,LOC_0128,2024-05-06,15,5177.16,5.0,73774.53,Direct Sales
TXN_00240718,CUST_037054,PROD_03008,LOC_0171,2024-05-18,9,1640.33,15.0,12548.52,Online
TXN_00025130,CUST_023808,PROD_01836,LOC_0237,2025-02-23,9,191.12,10.0,1548.07,Retail
TXN_00003482,CUST_046258,PROD_00608,LOC_0075,2024-11-06,6,2828.4,0.0,16970.4,Retail
TXN_00439790,CUST_010310,PROD_02074,LOC_0118,2024-01-08,7,4259.39,5.0,28324.94,Partner
TXN_00013965,CUST_019330,PROD_04851,LOC_0081,2024-10-11,18,2872.67,10.0,46537.25,Partner
TXN_00248457,CUST_042667,PROD_04816,LOC_0009,2023-11-27,17,9601.42,20.0,130579.31,Partner
TXN_00442509,CUST_033720,PROD_00561,LOC_0198,2024-08-19,2,2987.42,10.0,5377.36,Direct Sales
TXN_00221938,CUST_020652,PROD_00989,LOC_0047,2023-07-08,7,4003.03,20.0,22416.97,Partner
TXN_00360791,CUST_040204,PROD_00959,LOC_0121,2023-04-24,9,7754.54,15.0,59322.23,Online
TXN_00304270,CUST_044089,PROD_04415,LOC_0231,2021-03-23,5,922.02,20.0,3688.08,Online
TXN_00133772,CUST_028349,PROD_01001,LOC_0165,2022-10-30,9,8343.08,10.0,67578.95,Retail
TXN_00219148,CUST_040384,PROD_01134,LOC_0189,2026-04-22,5,2270.85,10.0,10218.83,Partner
TXN_00141477,,PROD_02221,LOC_0058,2021-05-17,15,4366.49,10.0,58947.62,Retail
TXN_00447511,CUST_015795,PROD_01110,LOC_0060,2025-11-16,19,4369.08,5.0,78861.89,Online
TXN_00310008,CUST_042185,PROD_03216,LOC_0078,2021-02-27,3,3135.93,20.0,7526.23,Online
TXN_00189159,CUST_039308,PROD_03295,LOC_0003,2022-03-01,15,1113.68,0.0,16705.2,Retail
TXN_00415446,CUST_030925,PROD_00672,LOC_0060,2023-12-23,8,7648.76,15.0,52011.57,Retail
TXN_00148852,CUST_005500,PROD_01084,LOC_0139,2026-03-31,17,2604.87,20.0,35426.23,Direct Sales
TXN_00265963,CUST_017100,PROD_03412,LOC_0131,2024-01-26,19,1454.88,15.0,23496.31,Retail
TXN_00048269,CUST_006725,PROD_04593,LOC_0193,2022-12-25,9,8886.89,20.0,63985.61,Retail
TXN_00155241,CUST_031702,PROD_04507,LOC_0095,2025-07-17,6,4228.69,15.0,21566.32,Retail
TXN_00207935,CUST_010137,PROD_03631,LOC_0182,2023-02-08,7,7272.29,20.0,40724.82,Partner
TXN_00067975,CUST_035895,PROD_00208,LOC_0130,2025-08-18,14,8358.72,5.0,111170.98,Retail
TXN_00269525,CUST_033704,PROD_02228,LOC_0193,2026-03-14,12,3174.56,15.0,32380.51,Partner
TXN_00053802,CUST_023017,PROD_01939,LOC_0187,2025-08-05,7,5318.03,20.0,29780.97,Online
TXN_00368773,CUST_019214,PROD_04973,LOC_0101,2021-03-05,1,1991.85,0.0,1991.85,Direct Sales
TXN_00102989,CUST_004106,PROD_04680,LOC_0233,2025-10-10,14,9526.02,20.0,106691.42,Partner
TXN_00382366,CUST_027256,PROD_03403,LOC_0208,2024-07-29,4,6364.49,20.0,20366.37,Partner
TXN_00032025,CUST_018817,PROD_02764,LOC_0082,2023-11-12,3,9693.82,15.0,24719.24,Online
TXN_00431878,CUST_023819,PROD_04567,LOC_0069,2022-11-10,12,4199.39,0.0,50392.68,Online
TXN_00399730,CUST_027951,PROD_02361,LOC_0096,2022-09-20,16,2735.39,20.0,35012.99,Retail
TXN_00030000,CUST_014738,PROD_03633,LOC_0063,2025-11-21,11,9107.26,20.0,80143.89,Online
TXN_00043300,CUST_029535,PROD_02578,LOC_0054,2021-05-04,8,4210.64,10.0,30316.61,Retail
TXN_00115332,CUST_025988,PROD_02087,LOC_0093,2026-05-15,1,6910.44,20.0,5528.35,Direct Sales
TXN_00385210,CUST_042859,PROD_04242,LOC_0248,2023-07-16,8,1956.53,5.0,14869.63,Retail
TXN_00478806,CUST_042293,PROD_02719,LOC_0229,2025-06-20,8,1038.9,10.0,7480.08,Direct Sales
TXN_00420547,CUST_018525,PROD_01557,LOC_0042,2026-06-27,15,8267.49,10.0,111611.12,Online
TXN_00204628,CUST_008483,PROD_02511,LOC_0111,2025-03-17,8,4960.59,15.0,33732.01,Online
TXN_00131859,CUST_014592,PROD_01353,LOC_0106,2023-08-14,14,3358.28,0.0,47015.92,Online
TXN_00481804,CUST_025610,PROD_01558,LOC_0023,2025-03-15,17,9928.04,15.0,143460.18,Online
TXN_00304985,CUST_020119,PROD_03010,LOC_0097,2022-02-12,19,7135.52,5.0,128796.14,Retail
TXN_00160631,CUST_008716,PROD_02100,LOC_0157,2023-05-31,10,1755.96,5.0,16681.62,Direct Sales
TXN_00098933,CUST_037444,PROD_04852,LOC_0057,2021-04-30,5,7054.72,15.0,29982.56,Online
TXN_00154890,CUST_009653,PROD_01609,LOC_0230,2023-03-06,14,4663.51,15.0,55495.77,Online
TXN_00009828,,PROD_00938,LOC_0048,2024-05-23,10,8694.64,20.0,69557.12,Retail
TXN_00278953,CUST_038198,PROD_03621,LOC_0058,2022-04-03,14,5537.28,20.0,62017.54,Partner
TXN_00326322,CUST_030474,PROD_03919,LOC_0242,2021-03-30,15,3124.21,0.0,46863.15,Partner
TXN_00380504,CUST_035402,PROD_02003,LOC_0068,2026-02-21,18,7392.06,5.0,126404.23,Direct Sales
TXN_00171514,CUST_030449,PROD_00187,LOC_0174,2024-07-23,18,1162.12,10.0,18826.34,Direct Sales
TXN_00127218,CUST_020123,PROD_02570,LOC_0084,2025-04-16,17,5650.7,0.0,96061.9,Direct Sales
TXN_00240044,CUST_022352,PROD_02752,LOC_0202,2022-05-02,3,5830.66,20.0,13993.58,Retail
TXN_00366108,CUST_011994,PROD_03950,LOC_0127,2024-01-08,6,5159.47,15.0,26313.3,Direct Sales
TXN_00216017,CUST_001768,PROD_01210,LOC_0148,2022-09-01,11,1012.21,15.0,9464.16,Retail
TXN_00079367,CUST_039493,PROD_02784,LOC_0052,2025-10-13,17,9166.47,15.0,132455.49,Retail
TXN_00393707,CUST_016962,PROD_00663,LOC_0229,2025-06-04,19,9863.45,0.0,187405.55,Partner
TXN_00115242,CUST_036811,PROD_02381,LOC_0080,2024-08-11,2,7606.39,10.0,13691.5,Partner
TXN_00460883,CUST_006177,PROD_04328,LOC_0009,2022-05-25,9,2849.49,0.0,25645.41,Direct Sales
TXN_00475872,CUST_020034,PROD_03364,LOC_0104,2024-08-10,16,3765.19,10.0,54218.74,Direct Sales
TXN_00116827,CUST_036873,PROD_04201,LOC_0152,2025-11-05,17,5523.25,20.0,75116.2,Direct Sales
TXN_00345623,CUST_037121,PROD_02848,LOC_0204,2023-03-29,1,8230.81,15.0,6996.19,Partner
TXN_00267938,CUST_013562,PROD_01442,LOC_0215,2025-05-07,13,1486.68,20.0,15461.47,Partner
TXN_00276714,CUST_010875,PROD_00549,LOC_0166,2021-03-21,4,4111.04,0.0,16444.16,Online
TXN_00129172,CUST_034752,PROD_02618,LOC_0071,2021-07-03,3,9776.4,0.0,29329.2,Online
TXN_00358454,CUST_018653,PROD_01333,LOC_0018,2024-02-08,14,9232.31,0.0,129252.34,Retail
TXN_00337862,,PROD_01499,LOC_0244,2022-02-05,15,6838.44,5.0,97447.77,Partner
TXN_00457206,CUST_037333,PROD_01251,LOC_0101,2025-09-24,7,759.04,15.0,4516.29,Direct Sales
TXN_00062192,CUST_041220,PROD_03821,LOC_0108,2022-02-19,9,6866.71,10.0,55620.35,Direct Sales
TXN_00321439,CUST_031947,PROD_02460,LOC_0153,2023-08-03,5,1462.09,10.0,6579.4,Online
TXN_00307026,,PROD_04093,LOC_0190,2021-04-19,13,665.43,20.0,6920.47,Partner
TXN_00320640,CUST_009733,PROD_01462,LOC_0026,2024-07-28,8,6414.44,0.0,51315.52,Retail
TXN_00050517,CUST_041956,PROD_03514,LOC_0021,2024-08-17,15,6996.44,15.0,89204.61,Partner
TXN_00010890,CUST_011523,PROD_02185,LOC_0047,2022-11-27,14,5060.91,15.0,60224.83,Partner
TXN_00250116,CUST_026316,PROD_04661,LOC_0142,2024-09-27,14,6566.71,20.0,73547.15,Online
TXN_00125668,CUST_038836,PROD_04994,LOC_0003,2021-04-09,16,1587.82,5.0,24134.86,Online
TXN_00458787,CUST_019954,PROD_02552,LOC_0008,2026-01-14,3,7280.66,10.0,19657.78,Online
TXN_00322194,CUST_019476,PROD_01889,LOC_0135,2021-01-30,11,899.3,5.0,9397.68,Direct Sales
TXN_00334286,CUST_008457,PROD_04432,LOC_0154,2021-10-12,16,5926.66,5.0,90085.23,Online
TXN_00298548,CUST_007842,PROD_01033,LOC_0073,2025-10-01,3,774.39,5.0,2207.01,Online
TXN_00455878,CUST_045246,PROD_01461,LOC_0104,2024-02-14,5,1190.63,20.0,4762.52,Online
TXN_00397195,CUST_035251,PROD_02981,LOC_0046,2023-10-08,5,115.82,15.0,492.23,Direct Sales
TXN_00478873,CUST_005506,PROD_03112,LOC_0247,2023-08-31,15,1908.48,5.0,27195.84,Direct Sales
TXN_00437915,,PROD_03373,LOC_0212,2025-06-30,2,1680.53,15.0,2856.9,Retail
TXN_00156326,CUST_042375,PROD_00033,LOC_0057,2025-04-01,4,9760.02,5.0,37088.08,Online
TXN_00012798,CUST_039280,PROD_00591,LOC_0054,2021-02-19,7,3416.07,0.0,23912.49,Online
TXN_00035017,CUST_048207,PROD_01335,LOC_0027,2024-08-17,7,8017.08,15.0,47701.63,Partner
TXN_00109685,CUST_042047,PROD_00231,LOC_0190,2026-03-19,7,5381.79,20.0,30138.02,Retail
TXN_00455802,CUST_012910,PROD_02480,LOC_0187,2022-06-01,10,9674.86,15.0,82236.31,Partner
TXN_00108288,CUST_010767,PROD_00987,LOC_0109,2021-05-27,19,1708.83,0.0,32467.77,Retail
TXN_00389432,CUST_048567,PROD_02612,LOC_0226,2023-02-24,12,2034.76,10.0,21975.41,Retail
TXN_00480490,CUST_020873,PROD_02488,LOC_0085,2023-10-23,4,8289.14,0.0,33156.56,Partner
TXN_00466130,CUST_048194,PROD_03252,LOC_0071,2025-01-17,12,9022.39,5.0,102855.25,Partner
TXN_00462210,CUST_003818,PROD_02321,LOC_0034,2024-03-15,12,962.64,20.0,9241.34,Partner
TXN_00281487,CUST_043869,PROD_03688,LOC_0148,2026-06-24,18,2227.23,20.0,32072.11,Online
TXN_00090784,CUST_049350,PROD_02531,LOC_0103,2021-08-07,3,9262.96,15.0,23620.55,Retail
TXN_00307761,CUST_027884,PROD_01923,LOC_0016,2023-07-07,17,2193.32,10.0,33557.8,Partner
TXN_00290250,CUST_017320,PROD_03387,LOC_0184,2024-05-02,6,9988.37,0.0,59930.22,Direct Sales
TXN_00282833,CUST_004203,PROD_02554,LOC_0180,2026-04-16,17,2523.4,20.0,34318.24,Retail
TXN_00356485,CUST_047089,PROD_02529,LOC_0156,2023-05-24,4,6672.14,0.0,26688.56,Retail
TXN_00412567,CUST_001862,PROD_01348,LOC_0053,2024-06-07,10,6889.89,5.0,65453.96,Direct Sales
TXN_00131894,CUST_028344,PROD_03406,LOC_0071,2021-05-31,15,9121.14,5.0,129976.24,Online
TXN_00379229,CUST_009447,PROD_00495,LOC_0207,2026-01-29,7,4438.95,15.0,26411.75,Retail
TXN_00052376,CUST_028778,PROD_02513,LOC_0081,2021-01-21,9,4996.85,15.0,38225.9,Retail
TXN_00415625,CUST_043476,PROD_00433,LOC_0217,2021-01-17,13,7385.27,0.0,96008.51,Online
TXN_00276596,CUST_005161,PROD_03191,LOC_0189,2022-01-09,14,641.03,20.0,7179.54,Direct Sales
TXN_00027521,CUST_048855,PROD_01775,LOC_0213,2021-12-10,16,1132.26,0.0,18116.16,Partner
TXN_00458495,CUST_000583,PROD_01697,LOC_0096,2022-04-01,11,9618.39,0.0,105802.29,Direct Sales
TXN_00232046,CUST_018359,PROD_04158,LOC_0138,2024-06-27,13,6667.49,15.0,73675.76,Partner
TXN_00214917,CUST_000082,PROD_01402,LOC_0093,2021-07-24,19,4803.36,10.0,82137.46,Retail
TXN_00445396,CUST_025366,PROD_04321,LOC_0012,2025-10-31,8,8477.91,10.0,61040.95,Partner
TXN_00254609,CUST_036332,PROD_04663,LOC_0011,2025-01-13,3,4661.9,20.0,11188.56,Direct Sales
TXN_00070316,CUST_034477,PROD_03867,LOC_0188,2025-03-15,2,1248.13,10.0,2246.63,Retail
TXN_00285707,CUST_032576,PROD_01493,LOC_0109,2026-04-14,7,1706.66,20.0,9557.3,Partner
TXN_00189739,CUST_010065,PROD_00004,LOC_0014,2022-10-12,16,3841.84,5.0,58395.97,Retail
TXN_00481560,CUST_044347,PROD_00991,LOC_0227,2024-07-11,9,3961.14,15.0,30302.72,Partner
TXN_00079651,CUST_039652,PROD_04343,LOC_0107,2021-06-03,5,456.5,15.0,1940.12,Direct Sales
TXN_00107423,CUST_035714,PROD_04172,LOC_0127,2026-04-28,17,4210.56,20.0,57263.62,Partner
TXN_00392004,CUST_029676,PROD_00556,LOC_0125,2025-08-27,4,2283.05,20.0,7305.76,Direct Sales
TXN_00310336,CUST_014377,PROD_04326,LOC_0242,2026-03-14,4,6533.02,5.0,24825.48,Direct Sales
TXN_00383326,CUST_041618,PROD_01636,LOC_0089,2025-11-08,15,1343.6,15.0,17130.9,Online
TXN_00087321,CUST_002893,PROD_04177,LOC_0158,2023-10-30,15,6299.08,20.0,75588.96,Partner
TXN_00262384,CUST_004777,PROD_01150,LOC_0143,2024-03-22,8,1689.46,10.0,12164.11,Partner
TXN_00096159,CUST_009405,PROD_04544,LOC_0177,2024-10-26,15,7169.01,5.0,102158.39,Online
TXN_00443194,CUST_001337,PROD_02052,LOC_0165,2022-04-29,4,2480.45,20.0,7937.44,Direct Sales
TXN_00312231,CUST_010434,PROD_03526,LOC_0203,2023-03-12,14,6259.14,20.0,70102.37,Online
TXN_00379854,CUST_029168,PROD_04983,LOC_0062,2022-01-15,19,4055.44,10.0,69348.02,Retail
TXN_00298630,CUST_048698,PROD_03275,LOC_0226,2026-02-21,16,2061.87,15.0,28041.43,Online
TXN_00130646,CUST_018253,PROD_01787,LOC_0220,2026-03-30,3,7481.93,10.0,20201.21,Partner
TXN_00138703,CUST_001831,PROD_04036,LOC_0147,2024-12-24,18,1729.21,0.0,31125.78,Online
TXN_00220389,CUST_026286,PROD_03303,LOC_0110,2022-12-16,2,917.26,5.0,1742.79,Partner
TXN_00224884,CUST_043620,PROD_01832,LOC_0121,2024-12-03,19,5564.29,5.0,100435.43,Partner
TXN_00028643,CUST_008858,PROD_00246,LOC_0029,2023-07-23,16,1556.2,20.0,19919.36,Retail
TXN_00126062,CUST_010532,PROD_03191,LOC_0113,2021-11-24,3,2965.63,10.0,8007.2,Direct Sales
TXN_00128791,CUST_037220,PROD_00445,LOC_0239,2026-04-24,6,1624.83,5.0,9261.53,Retail
TXN_00129037,CUST_004569,PROD_04935,LOC_0111,2025-05-04,8,9830.15,10.0,70777.08,Online
TXN_00495155,CUST_047989,PROD_04181,LOC_0122,2026-04-01,-1,5982.84,0.0,29914.2,Online
TXN_00400081,CUST_005239,PROD_02208,LOC_0181,2022-04-22,1,6010.92,15.0,5109.28,Online
TXN_00159888,CUST_010620,PROD_01976,LOC_0080,2023-11-23,9,9392.0,15.0,71848.8,Online
TXN_00187414,CUST_015623,PROD_04905,LOC_0136,2025-05-07,4,9069.27,0.0,36277.08,Direct Sales
TXN_00299552,CUST_048772,PROD_04471,LOC_0125,2023-04-25,15,8056.69,5.0,114807.83,Online
TXN_00093195,CUST_030476,PROD_02757,LOC_0104,2025-10-02,14,160.97,5.0,2140.9,Online
TXN_00119812,CUST_025328,PROD_00432,LOC_0177,2025-02-07,4,2921.32,0.0,11685.28,Online
TXN_00314026,CUST_009141,PROD_02033,LOC_0095,2023-01-25,19,2835.85,15.0,45798.98,Partner
TXN_00147196,CUST_019759,PROD_02355,LOC_0123,2026-01-28,16,4187.12,5.0,63644.22,Online
TXN_00266155,CUST_031955,PROD_01036,LOC_0109,2024-06-22,13,8293.61,15.0,91644.39,Retail
TXN_00078843,CUST_036891,PROD_02728,LOC_0072,2021-09-26,1,2069.88,0.0,2069.88,Partner
TXN_00077928,CUST_045697,PROD_00347,LOC_0243,2023-04-22,4,4778.7,15.0,16247.58,Partner
TXN_00306256,CUST_042251,PROD_02109,LOC_0158,2022-07-20,10,6129.09,0.0,61290.9,Direct Sales
TXN_00323838,CUST_021655,PROD_02561,LOC_0244,2022-01-22,4,5418.35,10.0,19506.06,Retail
TXN_00130392,CUST_034902,PROD_01659,LOC_0181,2022-02-10,16,1765.29,15.0,24007.94,Online
TXN_00050295,CUST_047267,PROD_01720,LOC_0016,2021-11-19,7,6259.08,0.0,43813.56,Partner
TXN_00263953,CUST_041541,PROD_03462,LOC_0032,2024-04-25,16,8940.9,15.0,121596.24,Partner
TXN_00181815,CUST_021233,PROD_01758,LOC_0205,2022-06-04,18,4762.08,5.0,81431.57,Online
TXN_00453737,CUST_033139,PROD_01043,LOC_0231,2024-07-29,9,3242.08,0.0,29178.72,Retail
TXN_00298148,CUST_026171,PROD_03578,LOC_0244,2023-07-28,14,7648.72,15.0,91019.77,Retail
TXN_00367125,CUST_012842,PROD_03873,LOC_0054,2021-04-16,16,6352.6,5.0,96559.52,Retail
TXN_00340241,CUST_002403,PROD_03817,LOC_0120,2024-09-20,7,8192.05,5.0,54477.13,Partner
TXN_00370364,CUST_040256,PROD_02619,LOC_0146,2021-06-27,9,8311.41,15.0,63582.29,Direct Sales
TXN_00298937,CUST_003525,PROD_03401,LOC_0024,2025-10-29,7,7212.25,15.0,42912.89,Retail
TXN_00082305,CUST_022166,PROD_00491,LOC_0120,2023-11-25,11,1676.77,10.0,16600.02,Partner
TXN_00026517,CUST_036059,PROD_01430,LOC_0018,2021-09-09,8,1089.02,20.0,6969.73,Online
TXN_00499886,CUST_006296,PROD_04332,LOC_0154,2023-04-20,3,8246.99,10.0,22266.87,Direct Sales
TXN_00464363,CUST_003926,PROD_04260,LOC_0097,2024-11-01,10,2202.89,5.0,20927.45,Retail
TXN_00010446,,PROD_01232,LOC_0004,2025-02-12,16,5246.5,15.0,71352.4,Retail
TXN_00213261,CUST_022352,PROD_04374,LOC_0183,2023-02-10,5,5312.08,5.0,25232.38,Online
TXN_00484877,CUST_008917,PROD_00248,LOC_0160,2026-01-02,3,3783.14,15.0,9647.01,Direct Sales
TXN_00009004,CUST_020992,PROD_01171,LOC_0176,2021-10-31,15,2233.72,10.0,30155.22,Retail
TXN_00128884,CUST_017981,PROD_00998,LOC_0095,2026-05-07,15,1678.02,5.0,23911.78,Online
TXN_00184925,CUST_035225,PROD_04416,LOC_0016,2026-02-15,1,4092.03,10.0,3682.83,Direct Sales
TXN_00295144,CUST_042418,PROD_02996,LOC_0224,2021-01-04,12,7869.65,20.0,75548.64,Online
TXN_00122423,CUST_043976,PROD_01653,LOC_0095,2024-02-11,3,8831.41,0.0,26494.23,Retail
TXN_00025448,CUST_000157,PROD_01556,LOC_0037,2021-11-15,18,4096.48,5.0,70049.81,Retail
TXN_00235959,CUST_046982,PROD_04155,LOC_0027,2025-12-06,13,7382.31,15.0,81574.53,Partner
TXN_00171846,CUST_019666,PROD_01743,LOC_0109,2021-03-10,2,8768.25,0.0,17536.5,Retail
TXN_00340243,CUST_039022,PROD_01796,LOC_0192,2024-02-26,12,2183.84,5.0,24895.78,Retail
TXN_00164296,CUST_003404,PROD_04423,LOC_0197,2025-08-05,2,8671.05,0.0,17342.1,Direct Sales
TXN_00112721,CUST_011919,PROD_04736,LOC_0072,2024-05-07,15,6971.48,10.0,94114.98,Partner
TXN_00156901,CUST_045323,PROD_02208,LOC_0231,2021-12-29,15,1013.36,0.0,15200.4,Direct Sales
TXN_00494414,CUST_029819,PROD_02196,LOC_0065,2022-05-29,17,1678.26,15.0,24250.86,Partner
TXN_00386158,CUST_030794,PROD_02343,LOC_0161,2021-11-04,1,5558.8,10.0,5002.92,Online
TXN_00435907,CUST_013881,PROD_00531,LOC_0229,2021-06-05,5,4604.01,20.0,18416.04,Direct Sales
TXN_00475325,CUST_048877,PROD_00454,LOC_0111,2024-02-07,16,6256.91,5.0,95105.03,Direct Sales
TXN_00348673,CUST_035073,PROD_00964,LOC_0026,2024-10-12,14,104.18,5.0,1385.59,Direct Sales
TXN_00393261,CUST_034790,PROD_04694,LOC_0118,2025-11-28,19,8179.96,10.0,139877.32,Direct Sales
TXN_00394260,CUST_049432,PROD_02123,LOC_0105,2024-05-06,9,1868.03,15.0,14290.43,Retail
TXN_00420138,CUST_039075,PROD_04438,LOC_0150,2024-11-12,16,9873.74,20.0,126383.87,Retail
TXN_00488322,CUST_046520,PROD_01167,LOC_0003,2024-04-05,5,8766.49,20.0,35065.96,Retail
TXN_00182149,CUST_021849,PROD_02200,LOC_0056,2025-12-22,14,8981.66,10.0,113168.92,Direct Sales
TXN_00370207,CUST_012379,PROD_01472,LOC_0124,2021-09-25,11,2779.99,0.0,30579.89,Online
TXN_00000885,CUST_012941,PROD_03340,LOC_0037,2025-12-13,5,1467.44,20.0,5869.76,Direct Sales
TXN_00442641,CUST_003545,PROD_02053,LOC_0060,2022-09-24,3,696.82,20.0,1672.37,Retail
TXN_00280426,CUST_025485,PROD_02053,LOC_0207,2022-01-09,1,1864.03,5.0,1770.83,Online
TXN_00117945,,PROD_03431,LOC_0191,2024-04-13,4,5869.52,15.0,19956.37,Online
TXN_00355977,CUST_002515,PROD_01130,LOC_0097,2022-04-05,11,4079.69,5.0,42632.76,Retail
TXN_00366948,CUST_011358,PROD_03953,LOC_0093,2024-10-31,4,607.72,10.0,2187.79,Partner
TXN_00097403,CUST_019275,PROD_00623,LOC_0051,2025-05-24,15,4854.84,10.0,65540.34,Partner
TXN_00034638,CUST_037140,PROD_00408,LOC_0224,2023-01-19,10,4215.68,20.0,33725.44,Retail
TXN_00079407,CUST_025391,PROD_02617,LOC_0240,2023-12-30,2,6104.56,5.0,11598.66,Partner
TXN_00419214,CUST_005492,PROD_03540,LOC_0241,2023-02-14,19,1133.53,0.0,21537.07,Partner
TXN_00130863,CUST_001927,PROD_03459,LOC_0100,2024-06-05,7,3204.01,20.0,17942.46,Online
TXN_00192163,CUST_035025,PROD_01259,LOC_0095,2022-11-23,5,375.85,20.0,1503.4,Online
TXN_00027325,CUST_010524,PROD_00182,LOC_0012,2025-01-24,16,7691.24,5.0,116906.85,Direct Sales
TXN_00131488,CUST_016529,PROD_04975,LOC_0138,2022-03-23,10,1215.63,0.0,12156.3,Retail
TXN_00080442,CUST_039205,PROD_00083,LOC_0231,2022-05-12,2,8812.54,10.0,15862.57,Retail
TXN_00202340,CUST_024835,PROD_00313,LOC_0049,2023-12-08,10,9691.69,20.0,77533.52,Direct Sales
TXN_00251692,CUST_000928,PROD_00159,LOC_0004,2024-02-17,16,3783.11,15.0,51450.3,Online
TXN_00080943,CUST_046242,PROD_00116,LOC_0205,2022-11-12,11,9413.97,15.0,88020.62,Online
TXN_00437009,,PROD_03420,LOC_0072,2024-11-18,1,6807.87,0.0,6807.87,Retail
TXN_00164363,CUST_004837,PROD_03738,LOC_0142,2021-01-17,8,3448.25,20.0,22068.8,Direct Sales
TXN_00379590,,PROD_03951,LOC_0036,2023-05-01,12,9994.1,10.0,107936.28,Direct Sales
TXN_00033286,CUST_011983,PROD_02100,LOC_0017,2024-04-09,11,1599.06,15.0,14951.21,Online
TXN_00120451,CUST_043958,PROD_03935,LOC_0009,2026-04-11,16,2241.85,5.0,34076.12,Retail
TXN_00255608,CUST_020780,PROD_01046,LOC_0064,2021-11-26,9,2478.15,0.0,22303.35,Online
TXN_00309647,CUST_047308,PROD_02303,LOC_0053,2025-01-01,15,5127.48,20.0,61529.76,Direct Sales
TXN_00180662,CUST_007577,PROD_02798,LOC_0117,2023-12-23,7,7525.19,15.0,44774.88,Online
TXN_00325839,CUST_032181,PROD_03833,LOC_0143,2021-08-30,11,3161.81,10.0,31301.92,Retail
TXN_00243335,CUST_026251,PROD_03039,LOC_0212,2021-05-30,5,687.24,15.0,2920.77,Online
TXN_00058401,CUST_033870,PROD_01641,LOC_0235,2021-12-23,4,2703.18,0.0,10812.72,Direct Sales
TXN_00157100,CUST_039236,PROD_02594,LOC_0166,2023-05-26,1,1187.08,10.0,1068.37,Partner
TXN_00132163,CUST_047247,PROD_02638,LOC_0167,2024-06-18,14,3433.57,5.0,45666.48,Retail
TXN_00304853,CUST_014234,PROD_01938,LOC_0030,2025-12-31,9,8345.79,15.0,63845.29,Online
TXN_00262339,CUST_001197,PROD_02401,LOC_0007,2025-08-29,8,7822.55,10.0,56322.36,Online
TXN_00218555,CUST_039221,PROD_04845,LOC_0122,2022-08-27,9,8197.25,15.0,62708.96,Online
TXN_00437921,CUST_024519,PROD_00649,LOC_0160,2024-02-01,9,7523.48,5.0,64325.75,Direct Sales
TXN_00456429,CUST_009522,PROD_04204,LOC_0152,2023-06-18,10,8777.79,20.0,70222.32,Partner
TXN_00197116,CUST_011765,PROD_00269,LOC_0168,2025-06-13,1,6370.75,10.0,5733.68,Retail
TXN_00157374,CUST_042884,PROD_01347,LOC_0065,2025-12-01,7,7492.71,5.0,49826.52,Online
TXN_00243863,CUST_031685,PROD_01582,LOC_0132,2025-08-02,7,4743.42,0.0,33203.94,Partner
TXN_00017824,CUST_048421,PROD_02416,LOC_0236,2023-02-13,2,3312.48,15.0,5631.22,Partner
TXN_00274314,CUST_001011,PROD_01762,LOC_0142,2025-04-27,10,7187.95,20.0,57503.6,Direct Sales
TXN_00090540,CUST_010762,PROD_02354,LOC_0151,2024-08-10,16,6522.1,15.0,88700.56,Partner
TXN_00289466,CUST_031909,PROD_04900,LOC_0012,2022-10-23,14,1206.5,5.0,16046.45,Partner
TXN_00338192,CUST_012159,PROD_00183,LOC_0186,2021-03-21,6,3930.56,15.0,20045.86,Direct Sales
TXN_00290865,CUST_031524,PROD_01740,LOC_0243,2023-12-20,18,7098.0,15.0,108599.4,Retail
TXN_00046552,CUST_044107,PROD_01650,LOC_0010,2024-03-20,18,1852.57,5.0,31678.95,Direct Sales
TXN_00255331,CUST_001196,PROD_04735,LOC_0178,2025-02-07,2,1327.04,0.0,2654.08,Online
TXN_00084089,CUST_009227,PROD_01177,LOC_0114,2021-07-24,5,8339.72,0.0,41698.6,Direct Sales
TXN_00499790,CUST_042793,PROD_01761,LOC_0050,2024-08-04,10,3412.81,0.0,34128.1,Partner
TXN_00144252,CUST_025182,PROD_03838,LOC_0167,2021-02-18,13,7083.33,5.0,87479.13,Partner
TXN_00472218,CUST_033382,PROD_03522,LOC_0185,2023-03-27,7,5718.74,5.0,38029.62,Online
TXN_00440828,CUST_033177,PROD_04801,LOC_0073,2021-02-27,8,4338.39,10.0,31236.41,Partner
TXN_00254927,CUST_020692,PROD_04769,LOC_0050,2026-06-13,17,3623.19,10.0,55434.81,Online
TXN_00298448,CUST_043590,PROD_03264,LOC_0011,2026-03-25,7,8398.75,10.0,52912.12,Direct Sales
TXN_00183298,CUST_009844,PROD_03687,LOC_0129,2023-12-09,18,4229.96,5.0,72332.32,Direct Sales
TXN_00020669,CUST_027975,PROD_01123,LOC_0119,2021-11-05,13,2580.18,10.0,30188.11,Retail
TXN_00327690,CUST_022386,PROD_01647,LOC_0214,2025-07-30,3,8306.94,20.0,19936.66,Retail
TXN_00017740,CUST_029054,PROD_04905,LOC_0024,2022-05-24,16,304.2,15.0,4137.12,Direct Sales
TXN_00341482,CUST_024105,PROD_01261,LOC_0093,2021-07-18,19,3411.3,10.0,58333.23,Partner
TXN_00111025,CUST_026294,PROD_01618,LOC_0086,2024-10-28,12,3372.57,20.0,32376.67,Online
TXN_00317365,,PROD_00238,LOC_0224,2022-10-26,18,2253.12,15.0,34472.74,Direct Sales
TXN_00248130,CUST_036431,PROD_01420,LOC_0163,2023-07-27,6,1421.35,0.0,8528.1,Direct Sales
TXN_00349832,CUST_003128,PROD_02588,LOC_0192,2023-03-31,6,6109.32,0.0,36655.92,Partner
TXN_00271074,CUST_038966,PROD_00561,LOC_0047,2025-03-04,6,5439.45,15.0,27741.19,Partner
TXN_00339836,,PROD_02620,LOC_0145,2025-08-07,5,3081.63,20.0,12326.52,Online
TXN_00094766,CUST_042248,PROD_04977,LOC_0129,2025-03-27,1,6082.18,5.0,5778.07,Direct Sales
TXN_00388716,CUST_045238,PROD_03766,LOC_0203,2023-07-18,10,3462.35,0.0,34623.5,Partner
TXN_00303155,,PROD_02473,LOC_0117,2024-03-28,4,633.98,20.0,2028.74,Partner
TXN_00021890,CUST_003254,PROD_04317,LOC_0093,2025-06-18,7,4512.17,0.0,31585.19,Retail
TXN_00011308,CUST_031429,PROD_03837,LOC_0227,2025-07-14,10,5713.2,10.0,51418.8,Partner
TXN_00446599,CUST_043600,PROD_01491,LOC_0217,2021-07-05,1,9009.54,15.0,7658.11,Retail
TXN_00061463,CUST_047700,PROD_04981,LOC_0166,2025-09-25,1,2255.21,5.0,2142.45,Retail
TXN_00344700,CUST_012626,PROD_03971,LOC_0008,2022-02-23,5,494.07,0.0,2470.35,Online
TXN_00474583,CUST_012281,PROD_00892,LOC_0021,2026-01-16,15,3841.58,15.0,48980.14,Direct Sales
TXN_00351002,CUST_032360,PROD_04971,LOC_0137,2025-11-22,15,3080.01,20.0,36960.12,Retail
TXN_00295046,CUST_029055,PROD_02000,LOC_0008,2023-12-29,10,6440.59,0.0,64405.9,Online
TXN_00411640,CUST_017159,PROD_02760,LOC_0177,2022-11-24,9,8257.68,15.0,63171.25,Retail
TXN_00343027,CUST_006394,PROD_02558,LOC_0108,2023-10-31,8,598.8,20.0,3832.32,Online
TXN_00351324,CUST_048993,PROD_02261,LOC_0004,2023-01-17,15,3479.72,10.0,46976.22,Online
TXN_00342804,CUST_029658,PROD_00180,LOC_0083,2021-10-25,6,9250.19,0.0,55501.14,Partner
TXN_00451433,CUST_047986,PROD_03195,LOC_0106,2023-03-11,15,7207.85,15.0,91900.09,Direct Sales
TXN_00086696,CUST_001759,PROD_01793,LOC_0126,2024-01-01,13,380.22,10.0,4448.57,Direct Sales
TXN_00019048,CUST_003116,PROD_01593,LOC_0184,2024-03-07,3,6902.14,0.0,20706.42,Retail
TXN_00126216,CUST_014778,PROD_00384,LOC_0182,2025-11-07,1,4911.02,15.0,4174.37,Direct Sales
TXN_00294397,CUST_012729,PROD_02687,LOC_0114,2025-03-28,16,7682.54,20.0,98336.51,Direct Sales
TXN_00226507,CUST_030420,PROD_02740,LOC_0174,2022-04-03,7,1393.87,0.0,9757.09,Online
TXN_00431354,CUST_004773,PROD_01443,LOC_0241,2026-02-27,9,1623.21,10.0,13148.0,Partner
TXN_00409712,CUST_005970,PROD_02560,LOC_0015,2026-03-21,7,1653.98,0.0,11577.86,Online
TXN_00135359,CUST_034810,PROD_04019,LOC_0096,2021-11-04,13,7456.07,10.0,87236.02,Online
TXN_00054203,CUST_027454,PROD_00359,LOC_0110,2022-06-27,17,266.63,20.0,3626.17,Direct Sales
TXN_00000496,CUST_015272,PROD_02423,LOC_0162,2024-09-24,19,5273.51,5.0,95186.86,Direct Sales
TXN_00213690,,PROD_04808,LOC_0232,2024-11-05,18,6300.57,0.0,113410.26,Online
TXN_00049874,CUST_017338,PROD_01864,LOC_0054,2021-08-15,2,7738.01,0.0,15476.02,Online
TXN_00121723,CUST_040500,PROD_04373,LOC_0190,2024-07-15,18,9684.23,15.0,148168.72,Retail
TXN_00278888,CUST_011900,PROD_02556,LOC_0240,2024-06-18,19,1940.31,20.0,29492.71,Retail
TXN_00242165,CUST_041042,PROD_01830,LOC_0097,2024-10-28,17,9924.48,15.0,143408.74,Retail
TXN_00395321,CUST_002385,PROD_03026,LOC_0219,2022-02-09,4,5982.82,15.0,20341.59,Retail
TXN_00243425,CUST_022697,PROD_01009,LOC_0160,2022-05-01,19,3477.17,20.0,52852.98,Direct Sales
TXN_00136511,CUST_029805,PROD_01056,LOC_0225,2025-04-15,3,8747.95,10.0,23619.47,Direct Sales
TXN_00085665,,PROD_00267,LOC_0111,2025-09-28,12,6819.81,20.0,65470.18,Direct Sales
TXN_00452304,CUST_042564,PROD_03423,LOC_0087,2024-04-19,6,1896.4,20.0,9102.72,Partner
TXN_00440480,CUST_039083,PROD_01609,LOC_0122,2026-05-04,16,9365.28,0.0,149844.48,Direct Sales
TXN_00490215,CUST_043227,PROD_02524,LOC_0157,2024-02-12,14,5961.39,15.0,70940.54,Online
TXN_00300936,CUST_009495,PROD_03421,LOC_0176,2024-04-25,18,4999.27,10.0,80988.17,Retail
TXN_00352150,CUST_005112,PROD_04098,LOC_0180,2021-05-11,8,1914.85,20.0,12255.04,Partner
TXN_00116574,CUST_012391,PROD_02619,LOC_0044,2023-08-23,6,9805.25,10.0,52948.35,Online
TXN_00189527,CUST_005126,PROD_01929,LOC_0159,2023-06-05,7,5784.34,0.0,40490.38,Retail
TXN_00324304,CUST_025615,PROD_00318,LOC_0127,2023-12-12,13,1691.3,5.0,20887.55,Retail
TXN_00117390,CUST_049556,PROD_03715,LOC_0015,2026-01-27,8,6765.29,5.0,51416.2,Partner
TXN_00029846,CUST_001876,PROD_01987,LOC_0069,2025-06-10,9,629.15,20.0,4529.88,Online
TXN_00328388,CUST_011692,PROD_02083,LOC_0236,2022-08-18,2,8151.61,0.0,16303.22,Partner
TXN_00023210,CUST_039763,PROD_01756,LOC_0004,2023-05-05,11,8229.05,5.0,85993.57,Partner
TXN_00451693,CUST_002458,PROD_04206,LOC_0161,2023-11-22,14,5470.23,0.0,76583.22,Retail
TXN_00389419,CUST_020668,PROD_03857,LOC_0023,2022-08-03,19,5077.01,15.0,81993.71,Partner
TXN_00225671,CUST_032112,PROD_02016,LOC_0056,2024-12-04,11,9780.78,10.0,96829.72,Partner
TXN_00064843,CUST_037923,PROD_02466,LOC_0057,2024-05-13,2,2630.66,10.0,4735.19,Online
TXN_00349544,CUST_003248,PROD_03863,LOC_0128,2025-10-19,7,405.29,10.0,2553.33,Retail
TXN_00242552,CUST_048379,PROD_00785,LOC_0211,2022-04-27,19,6559.57,5.0,118400.24,Partner
TXN_00047450,CUST_033598,PROD_02475,LOC_0130,2023-02-17,14,321.01,15.0,3820.02,Direct Sales
TXN_00228500,,PROD_00180,LOC_0057,2026-05-19,9,866.82,5.0,7411.31,Direct Sales
TXN_00164166,CUST_025076,PROD_03254,LOC_0022,2022-06-13,19,2533.71,10.0,43326.44,Retail
TXN_00083369,CUST_022937,PROD_03829,LOC_0087,2025-09-12,13,972.5,0.0,12642.5,Retail
TXN_00382617,CUST_028789,PROD_00025,LOC_0146,2025-11-18,1,4363.13,10.0,3926.82,Online
TXN_00078310,CUST_011400,PROD_00518,LOC_0170,2022-11-30,16,9894.3,0.0,158308.8,Retail
TXN_00278982,CUST_009682,PROD_04200,LOC_0187,2022-02-07,5,8595.75,5.0,40829.81,Online
TXN_00041061,CUST_027339,PROD_00400,LOC_0089,2023-11-29,6,1920.91,15.0,9796.64,Retail
TXN_00022556,CUST_045892,PROD_04106,LOC_0083,2025-09-23,16,3659.31,20.0,46839.17,Retail
TXN_00219585,,PROD_01636,LOC_0062,2024-06-18,4,2322.38,5.0,8825.04,Retail
TXN_00318907,CUST_000188,PROD_03643,LOC_0150,2026-02-03,5,9856.22,10.0,44352.99,Partner
TXN_00234870,CUST_019462,PROD_04268,LOC_0023,2024-02-26,5,1089.88,0.0,5449.4,Retail
TXN_00053145,CUST_023439,PROD_03085,LOC_0114,2023-02-25,6,9523.36,20.0,45712.13,Partner
TXN_00437574,CUST_001569,PROD_02589,LOC_0049,2023-02-22,9,8051.36,20.0,57969.79,Partner
TXN_00315386,CUST_008121,PROD_03243,LOC_0109,2025-03-17,12,4959.8,0.0,59517.6,Partner
TXN_00438369,CUST_030075,PROD_02186,LOC_0015,2021-06-19,9,9668.47,10.0,78314.61,Retail
TXN_00153217,CUST_000595,PROD_04988,LOC_0244,2023-04-24,9,3238.74,15.0,24776.36,Retail
TXN_00011414,CUST_014370,PROD_04574,LOC_0211,2022-01-17,3,4670.84,10.0,12611.27,Direct Sales
TXN_00190255,CUST_049097,PROD_02416,LOC_0121,2023-05-22,13,7407.87,20.0,77041.85,Retail
TXN_00193146,CUST_043838,PROD_02347,LOC_0146,2025-03-14,9,6323.86,0.0,56914.74,Online
TXN_00345600,CUST_032709,PROD_00310,LOC_0147,2025-01-07,17,9398.28,20.0,127816.61,Direct Sales
TXN_00075070,,PROD_04005,LOC_0127,2024-04-27,9,2615.16,0.0,23536.44,Partner
TXN_00123639,CUST_003745,PROD_04615,LOC_0159,2024-04-12,13,8685.05,10.0,101615.08,Online
TXN_00191742,CUST_017613,PROD_01301,LOC_0091,2025-09-25,7,6710.37,15.0,39926.7,Retail
TXN_00096296,CUST_048624,PROD_04394,LOC_0110,2021-09-25,7,5531.07,0.0,38717.49,Retail
TXN_00438296,CUST_035325,PROD_02338,LOC_0005,2024-09-08,12,1234.99,15.0,12596.9,Retail
TXN_00465761,CUST_021183,PROD_01290,LOC_0087,2023-01-01,13,6720.8,5.0,83001.88,Retail
TXN_00308013,CUST_005453,PROD_01207,LOC_0100,2023-07-20,1,9691.49,20.0,7753.19,Online
TXN_00399415,CUST_028969,PROD_04653,LOC_0152,2023-03-30,10,1315.14,15.0,11178.69,Retail
TXN_00370282,CUST_047399,PROD_01512,LOC_0222,2026-01-20,7,3283.64,15.0,19537.66,Online
TXN_00238948,CUST_018580,PROD_01111,LOC_0113,2022-02-23,7,9271.32,15.0,55164.35,Online
TXN_00101980,CUST_039329,PROD_00883,LOC_0091,2024-06-01,13,6276.74,10.0,73437.86,Retail
TXN_00346099,CUST_023769,PROD_00379,LOC_0084,2022-06-18,5,1074.82,0.0,5374.1,Online
TXN_00064898,CUST_002716,PROD_01451,LOC_0108,2025-12-03,12,3882.53,20.0,37272.29,Online
TXN_00228789,CUST_003002,PROD_00654,LOC_0147,2022-09-21,9,7862.46,10.0,63685.93,Partner
TXN_00095504,CUST_010306,PROD_04827,LOC_0169,2021-10-27,19,9773.56,15.0,157842.99,Online
TXN_00359377,CUST_048599,PROD_02256,LOC_0108,2025-09-07,8,6050.47,5.0,45983.57,Direct Sales
TXN_00387455,CUST_038067,PROD_00465,LOC_0125,2022-12-14,5,2915.84,10.0,13121.28,Direct Sales
TXN_00453350,CUST_047996,PROD_00419,LOC_0025,2021-02-07,8,3659.99,5.0,27815.92,Direct Sales
TXN_00063602,CUST_026387,PROD_04511,LOC_0199,2026-03-19,12,6528.01,15.0,66585.7,Partner
TXN_00457500,CUST_019784,PROD_01439,LOC_0151,2022-09-26,18,9048.28,0.0,162869.04,Direct Sales
TXN_00419527,CUST_022662,PROD_03616,LOC_0204,2022-02-19,6,7868.29,15.0,40128.28,Online
TXN_00480584,CUST_012668,PROD_02089,LOC_0209,2026-04-01,7,4366.64,20.0,24453.18,Partner
TXN_00268145,CUST_031913,PROD_00410,LOC_0062,2024-04-05,3,3008.04,10.0,8121.71,Online
TXN_00307279,CUST_005108,PROD_02732,LOC_0221,2022-02-03,8,3174.68,5.0,24127.57,Retail
TXN_00158914,CUST_048228,PROD_02955,LOC_0206,2021-02-01,17,9012.91,10.0,137897.52,Partner
TXN_00136487,CUST_015918,PROD_01108,LOC_0204,2023-01-28,19,3778.94,20.0,57439.89,Retail
TXN_00109427,CUST_015162,PROD_01829,LOC_0050,2026-05-11,14,5117.73,15.0,60900.99,Partner
TXN_00039782,CUST_036928,PROD_02591,LOC_0179,2026-02-14,17,9677.9,15.0,139845.66,Retail
TXN_00368322,CUST_006972,PROD_00253,LOC_0235,2022-10-21,6,8104.96,0.0,48629.76,Retail
TXN_00187179,CUST_044977,PROD_02617,LOC_0083,2026-05-19,16,4942.77,0.0,79084.32,Partner
TXN_00097258,CUST_048182,PROD_01116,LOC_0076,2025-10-04,10,6438.61,10.0,57947.49,Online
TXN_00013518,CUST_004974,PROD_00250,LOC_0247,2022-12-26,7,1009.2,20.0,5651.52,Retail
TXN_00009083,CUST_034915,PROD_04094,LOC_0053,2021-05-27,18,2191.7,15.0,33533.01,Online
TXN_00324084,CUST_002867,PROD_04653,LOC_0241,2021-04-12,12,868.31,0.0,10419.72,Partner
TXN_00464407,CUST_048462,PROD_03446,LOC_0143,2025-07-24,6,1100.33,5.0,6271.88,Retail
TXN_00022107,CUST_004940,PROD_01449,LOC_0229,2021-02-18,18,3266.05,15.0,49970.56,Direct Sales
TXN_00048877,CUST_018576,PROD_02085,LOC_0042,2021-03-14,2,4147.78,0.0,8295.56,Retail
TXN_00477395,CUST_049451,PROD_04534,LOC_0174,2022-05-10,12,1373.97,15.0,14014.49,Direct Sales
TXN_00344861,CUST_049837,PROD_01236,LOC_0152,2022-10-27,3,3123.55,10.0,8433.59,Online
TXN_00394566,,PROD_00937,LOC_0153,2024-08-30,13,2824.55,20.0,29375.32,Direct Sales
TXN_00139656,CUST_040227,PROD_01485,LOC_0157,2022-03-18,18,9818.09,15.0,150216.78,Retail
TXN_00452389,CUST_048714,PROD_01560,LOC_0062,2026-04-17,14,8737.19,15.0,103972.56,Partner
TXN_00498215,CUST_047162,PROD_02087,LOC_0071,2021-04-02,16,8337.81,10.0,120064.46,Partner
TXN_00075864,CUST_023795,PROD_02845,LOC_0007,2022-09-04,13,619.25,15.0,6842.71,Retail
TXN_00459535,CUST_002018,PROD_03698,LOC_0110,2024-09-26,16,6062.05,20.0,77594.24,Direct Sales
TXN_00215841,CUST_037476,PROD_03588,LOC_0139,2022-03-24,7,6742.61,5.0,44838.36,Online
TXN_00241761,CUST_037993,PROD_01743,LOC_0150,2025-03-11,6,1618.08,0.0,9708.48,Direct Sales
TXN_00183461,CUST_020886,PROD_01707,LOC_0076,2026-03-14,4,7428.12,0.0,29712.48,Direct Sales
TXN_00403253,CUST_023465,PROD_04988,LOC_0142,2023-08-30,14,3008.87,10.0,37911.76,Partner
TXN_00122734,CUST_036695,PROD_03912,LOC_0219,2023-07-24,13,4434.22,20.0,46115.89,Retail
TXN_00484724,CUST_021007,PROD_02519,LOC_0133,2023-03-25,12,4129.53,10.0,44598.92,Partner
TXN_00403051,CUST_029008,PROD_00542,LOC_0039,2023-01-04,19,2550.21,5.0,46031.29,Partner
TXN_00131975,CUST_038342,PROD_00046,LOC_0130,2025-05-26,19,6171.0,20.0,93799.2,Retail
TXN_00471036,CUST_028089,PROD_03491,LOC_0029,2023-07-12,1,9037.28,0.0,9037.28,Partner
TXN_00021491,CUST_031436,PROD_00599,LOC_0008,2022-02-09,12,8454.96,10.0,91313.57,Retail
TXN_00321607,CUST_008169,PROD_00756,LOC_0007,2022-05-06,19,6723.73,15.0,108588.24,Direct Sales
TXN_00369329,CUST_030698,PROD_00433,LOC_0114,2026-01-14,7,2762.73,15.0,16438.24,Online
TXN_00489148,CUST_010883,PROD_03864,LOC_0154,2022-04-27,19,7198.46,5.0,129932.2,Online
TXN_00399775,,PROD_04665,LOC_0055,2023-12-30,14,232.58,0.0,3256.12,Online
TXN_00047241,CUST_043157,PROD_00117,LOC_0248,2025-07-08,10,6973.34,15.0,59273.39,Direct Sales
TXN_00362683,CUST_010225,PROD_00168,LOC_0027,2023-01-16,12,6226.96,15.0,63514.99,Online
TXN_00431721,CUST_016701,PROD_02089,LOC_0236,2022-12-08,8,7086.91,15.0,48190.99,Online
TXN_00397859,CUST_032033,PROD_00545,LOC_0161,2022-07-22,16,7272.36,10.0,104721.98,Retail
TXN_00406487,CUST_039219,PROD_04092,LOC_0139,2023-09-23,18,6627.09,5.0,113323.24,Online
TXN_00482189,CUST_024111,PROD_02455,LOC_0075,2025-03-09,17,636.22,20.0,8652.59,Online
TXN_00113166,CUST_047807,PROD_01113,LOC_0082,2024-05-15,17,8076.16,15.0,116700.51,Partner
TXN_00234537,CUST_016047,PROD_00432,LOC_0219,2021-01-28,2,7666.05,10.0,13798.89,Partner
TXN_00211703,CUST_040718,PROD_00745,LOC_0226,2021-05-30,15,6162.79,0.0,92441.85,Partner
TXN_00230676,CUST_039277,PROD_03245,LOC_0102,2025-12-23,8,5346.01,0.0,42768.08,Retail
TXN_00038848,CUST_013598,PROD_00521,LOC_0178,2025-08-27,6,2738.18,15.0,13964.72,Partner
TXN_00134845,CUST_025014,PROD_01273,LOC_0100,2025-11-23,13,975.31,0.0,12679.03,Online
TXN_00110005,CUST_030433,PROD_02585,LOC_0070,2024-04-03,11,5858.52,20.0,51554.98,Direct Sales
TXN_00240554,CUST_048900,PROD_01713,LOC_0209,2023-04-18,14,9530.92,10.0,120089.59,Direct Sales
TXN_00230693,CUST_023450,PROD_00138,LOC_0245,2025-11-16,16,4236.27,15.0,57613.27,Online
TXN_00194415,CUST_029020,PROD_04229,LOC_0067,2026-05-05,11,9398.11,5.0,98210.25,Partner
TXN_00258403,CUST_022368,PROD_03124,LOC_0160,2021-09-07,13,2836.86,20.0,29503.34,Partner
TXN_00065891,CUST_011292,PROD_00501,LOC_0003,2025-06-28,11,3314.55,5.0,34637.05,Partner
TXN_00438942,CUST_030897,PROD_02276,LOC_0096,2026-04-14,10,9146.8,5.0,86894.6,Partner
TXN_00291832,CUST_013264,PROD_04091,LOC_0055,2023-02-08,15,6635.36,5.0,94553.88,Direct Sales
TXN_00154845,CUST_010954,PROD_03720,LOC_0068,2026-01-17,6,1850.96,5.0,10550.47,Retail
TXN_00361622,CUST_020609,PROD_01237,LOC_0018,2023-06-05,4,3555.82,0.0,14223.28,Partner
TXN_00343775,CUST_033908,PROD_01978,LOC_0062,2022-08-11,2,9524.75,5.0,18097.02,Direct Sales
TXN_00342295,CUST_035769,PROD_00909,LOC_0074,2021-12-06,2,5456.72,5.0,10367.77,Direct Sales
TXN_00450863,CUST_035422,PROD_03828,LOC_0105,2025-08-03,14,3962.91,0.0,55480.74,Retail
TXN_00003100,CUST_029667,PROD_00016,LOC_0021,2025-08-01,-1,7072.48,15.0,54104.47,Online
TXN_00456370,CUST_026984,PROD_00910,LOC_0019,2024-07-14,8,6129.79,5.0,46586.4,Partner
TXN_00204547,CUST_035826,PROD_00114,LOC_0010,2025-08-01,7,8235.01,10.0,51880.56,Retail
TXN_00356649,CUST_048725,PROD_01326,LOC_0043,2022-08-04,11,4155.57,20.0,36569.02,Direct Sales
TXN_00425942,CUST_002746,PROD_02024,LOC_0213,2024-01-29,3,1277.93,0.0,3833.79,Direct Sales
TXN_00231791,CUST_014395,PROD_00989,LOC_0138,2022-12-12,7,6587.97,15.0,39198.42,Partner
TXN_00465746,CUST_023321,PROD_03494,LOC_0225,2024-09-01,-1,1088.96,20.0,9582.85,Retail
TXN_00076096,CUST_022826,PROD_03524,LOC_0057,2021-10-01,4,9726.28,0.0,38905.12,Retail
TXN_00104321,CUST_015048,PROD_02610,LOC_0043,2026-06-28,3,6748.16,0.0,20244.48,Partner
TXN_00100125,CUST_012625,PROD_01397,LOC_0211,2021-01-29,18,7161.64,10.0,116018.57,Retail
TXN_00285576,CUST_047446,PROD_04568,LOC_0061,2024-08-11,9,5371.02,20.0,38671.34,Retail
TXN_00271215,CUST_007780,PROD_03753,LOC_0154,2024-02-18,16,8416.5,15.0,114464.4,Direct Sales
TXN_00003867,CUST_031140,PROD_03411,LOC_0166,2021-06-01,15,1809.01,5.0,25778.39,Direct Sales
TXN_00166876,CUST_047977,PROD_02609,LOC_0014,2021-02-01,11,7625.68,15.0,71300.11,Direct Sales
TXN_00279417,CUST_043996,PROD_03501,LOC_0205,2024-02-24,18,1289.83,15.0,19734.4,Partner
TXN_00323526,,PROD_03858,LOC_0129,2023-06-15,14,3638.6,20.0,40752.32,Online
TXN_00165061,CUST_048244,PROD_00393,LOC_0156,2023-11-07,9,6302.99,20.0,45381.53,Direct Sales
TXN_00272628,CUST_049043,PROD_04121,LOC_0008,2022-03-27,12,1337.35,5.0,15245.79,Online
TXN_00001582,CUST_042646,PROD_01435,LOC_0138,2026-01-01,4,6195.69,20.0,19826.21,Retail
TXN_00022192,CUST_043803,PROD_01674,LOC_0160,2021-03-21,18,2112.43,15.0,32320.18,Partner
TXN_00073725,CUST_017823,PROD_01669,LOC_0152,2025-01-10,1,2937.36,15.0,2496.76,Direct Sales
TXN_00222094,CUST_003767,PROD_04303,LOC_0164,2022-09-19,4,7098.53,10.0,25554.71,Partner
TXN_00218544,,PROD_00583,LOC_0027,2025-09-20,15,1831.1,20.0,21973.2,Partner
TXN_00093151,CUST_000673,PROD_02556,LOC_0163,2024-10-21,8,9871.21,15.0,67124.23,Direct Sales
TXN_00034240,CUST_042617,PROD_03932,LOC_0181,2021-01-09,12,2428.11,15.0,24766.72,Retail
TXN_00495227,CUST_024233,PROD_04409,LOC_0109,2024-09-28,6,6924.14,20.0,33235.87,Partner
TXN_00138986,CUST_047825,PROD_04863,LOC_0158,2022-07-05,12,1409.06,10.0,15217.85,Online
TXN_00373971,CUST_000653,PROD_00538,LOC_0059,2021-01-09,2,5034.47,5.0,9565.49,Retail
TXN_00457169,CUST_030764,PROD_01702,LOC_0100,2025-09-20,7,8919.35,5.0,59313.68,Partner
TXN_00405907,CUST_024469,PROD_03221,LOC_0188,2025-10-07,8,8444.46,15.0,57422.33,Online
TXN_00410938,,PROD_03057,LOC_0181,2023-06-30,6,8975.21,20.0,43081.01,Online
TXN_00084470,CUST_043473,PROD_00934,LOC_0049,2022-04-04,18,3535.09,0.0,63631.62,Retail
TXN_00068557,,PROD_04298,LOC_0146,2021-11-22,2,1792.32,20.0,2867.71,Partner
TXN_00140853,CUST_028768,PROD_01954,LOC_0224,2021-04-12,13,2042.26,20.0,21239.5,Online
TXN_00405917,,PROD_00415,LOC_0166,2023-09-28,15,5231.4,20.0,62776.8,Partner
TXN_00473439,CUST_021990,PROD_01427,LOC_0188,2026-03-26,1,5213.47,15.0,4431.45,Retail
TXN_00282505,CUST_004285,PROD_02872,LOC_0035,2023-01-11,13,9005.14,20.0,93653.46,Direct Sales
TXN_00336756,CUST_004933,PROD_02864,LOC_0133,2025-01-29,10,6059.35,5.0,57563.82,Direct Sales
TXN_00215488,CUST_040932,PROD_04557,LOC_0097,2024-12-22,12,9731.26,5.0,110936.36,Retail
TXN_00037229,CUST_032872,PROD_01252,LOC_0195,2021-06-29,5,2044.79,20.0,8179.16,Online
TXN_00098480,CUST_006975,PROD_04200,LOC_0043,2024-08-18,2,2830.26,10.0,5094.47,Online
TXN_00381573,,PROD_02036,LOC_0227,2025-07-03,6,7887.55,20.0,37860.24,Retail
TXN_00255439,CUST_021341,PROD_02620,LOC_0080,2026-01-30,6,1676.21,20.0,8045.81,Direct Sales
TXN_00070070,CUST_024836,PROD_00960,LOC_0048,2024-07-21,8,8909.8,5.0,67714.48,Direct Sales
TXN_00318592,,PROD_03776,LOC_0166,2023-12-18,13,7835.27,5.0,96765.58,Partner
TXN_00221783,CUST_030311,PROD_02224,LOC_0099,2025-09-29,4,6709.89,15.0,22813.63,Partner
TXN_00080974,CUST_037175,PROD_03857,LOC_0097,2026-02-14,17,3685.69,10.0,56391.06,Retail
TXN_00141850,CUST_020047,PROD_03394,LOC_0043,2025-03-07,8,8868.34,5.0,67399.38,Direct Sales
TXN_00347104,CUST_045812,PROD_03790,LOC_0015,2025-10-26,4,412.56,5.0,1567.73,Online
TXN_00475475,CUST_023410,PROD_00802,LOC_0018,2025-12-20,11,6871.67,15.0,64250.11,Partner
TXN_00404343,CUST_004508,PROD_03648,LOC_0100,2021-05-24,10,5679.93,10.0,51119.37,Retail
TXN_00099608,CUST_000284,PROD_04676,LOC_0040,2023-09-26,18,5585.9,10.0,90491.58,Retail
TXN_00092761,CUST_039558,PROD_00775,LOC_0083,2023-11-22,12,1867.16,15.0,19045.03,Online
TXN_00094132,,PROD_03162,LOC_0026,2025-02-13,8,3502.59,15.0,23817.61,Partner
TXN_00437801,CUST_020250,PROD_04582,LOC_0034,2021-09-11,-1,6590.05,5.0,62605.48,Retail
TXN_00435520,CUST_021028,PROD_03534,LOC_0224,2026-03-16,7,3305.25,5.0,21979.91,Online
TXN_00277785,CUST_043597,PROD_03619,LOC_0066,2026-03-27,14,7947.77,20.0,89015.02,Online
TXN_00378734,CUST_012732,PROD_03051,LOC_0050,2022-11-30,3,8563.56,10.0,23121.61,Online
TXN_00303115,CUST_012673,PROD_01880,LOC_0070,2023-12-20,7,4056.1,5.0,26973.06,Direct Sales
TXN_00483378,CUST_029628,PROD_03133,LOC_0160,2024-02-15,12,316.56,0.0,3798.72,Direct Sales
TXN_00403200,CUST_015531,PROD_04236,LOC_0218,2022-07-27,5,1417.2,15.0,6023.1,Retail
TXN_00447331,CUST_031436,PROD_04034,LOC_0174,2021-01-30,18,7221.86,10.0,116994.13,Partner
TXN_00034611,CUST_008190,PROD_03339,LOC_0174,2025-08-04,5,9300.71,10.0,41853.2,Direct Sales
TXN_00246017,CUST_042303,PROD_00700,LOC_0097,2025-06-01,3,766.59,20.0,1839.82,Retail
TXN_00271436,CUST_006768,PROD_02513,LOC_0135,2023-01-16,6,2378.01,5.0,13554.66,Direct Sales
TXN_00364188,CUST_034678,PROD_03763,LOC_0055,2024-02-19,2,9498.03,5.0,18046.26,Partner
TXN_00027383,CUST_030128,PROD_03571,LOC_0178,2021-05-13,4,6785.73,5.0,25785.77,Direct Sales
TXN_00303491,CUST_045015,PROD_00912,LOC_0181,2022-11-10,14,9013.21,20.0,100947.95,Direct Sales
TXN_00486320,CUST_030581,PROD_00237,LOC_0053,2026-03-07,19,6370.86,10.0,108941.71,Retail
TXN_00118177,CUST_036095,PROD_04228,LOC_0241,2023-07-02,11,5811.68,0.0,63928.48,Partner
TXN_00376981,CUST_032396,PROD_01455,LOC_0033,2021-12-24,6,4050.63,15.0,20658.21,Partner
TXN_00076932,,PROD_02596,LOC_0112,2022-08-01,1,8146.02,5.0,7738.72,Direct Sales
TXN_00287164,CUST_038399,PROD_04937,LOC_0042,2025-06-23,10,2467.98,20.0,19743.84,Direct Sales
TXN_00219667,CUST_022605,PROD_04957,LOC_0049,2022-06-06,18,2552.52,10.0,41350.82,Partner
TXN_00109547,CUST_002081,PROD_01831,LOC_0247,2023-12-14,3,2000.68,5.0,5701.94,Partner
TXN_00117161,CUST_027545,PROD_00102,LOC_0224,2023-05-01,16,6942.45,5.0,105525.24,Direct Sales
TXN_00464296,CUST_020372,PROD_00994,LOC_0151,2021-09-18,13,7810.45,10.0,91382.26,Partner
TXN_00158609,CUST_044769,PROD_03352,LOC_0025,2023-03-12,2,4078.49,5.0,7749.13,Partner
TXN_00100428,CUST_019259,PROD_04810,LOC_0228,2022-10-27,18,8329.58,0.0,149932.44,Retail
TXN_00118613,CUST_046407,PROD_04712,LOC_0212,2021-07-13,18,8440.41,15.0,129138.27,Online
TXN_00420094,CUST_006459,PROD_02999,LOC_0248,2021-09-13,15,1266.06,5.0,18041.35,Retail
TXN_00108430,CUST_022192,PROD_03033,LOC_0104,2021-04-24,4,6870.72,20.0,21986.3,Online
TXN_00280658,CUST_000840,PROD_02197,LOC_0087,2022-08-25,13,2438.65,15.0,26947.08,Partner
TXN_00447600,CUST_022126,PROD_00829,LOC_0092,2023-02-27,7,5538.78,10.0,34894.31,Direct Sales
TXN_00064883,CUST_032770,PROD_03024,LOC_0206,2023-07-03,2,1814.67,0.0,3629.34,Online
TXN_00414510,CUST_033688,PROD_04534,LOC_0209,2023-06-16,18,6171.34,5.0,105529.91,Retail
TXN_00191774,CUST_034314,PROD_01015,LOC_0121,2023-08-24,19,7910.05,15.0,127747.31,Retail
TXN_00246527,CUST_046197,PROD_03172,LOC_0202,2022-07-29,4,1390.07,10.0,5004.25,Online
TXN_00092719,CUST_016611,PROD_00813,LOC_0162,2021-04-02,5,3039.11,5.0,14435.77,Online
TXN_00359932,CUST_025141,PROD_01629,LOC_0126,2021-01-04,19,3892.96,15.0,62871.3,Direct Sales
TXN_00242714,CUST_025858,PROD_03035,LOC_0113,2023-08-03,5,9981.89,10.0,44918.5,Direct Sales
TXN_00424438,CUST_000221,PROD_04843,LOC_0214,2025-03-12,3,967.53,15.0,2467.2,Online
TXN_00312725,,PROD_00028,LOC_0056,2021-03-20,16,8960.65,20.0,114696.32,Direct Sales
TXN_00355349,CUST_033431,PROD_04531,LOC_0052,2024-01-02,10,9357.89,0.0,93578.9,Direct Sales
TXN_00284794,CUST_032693,PROD_01718,LOC_0205,2023-08-31,3,9443.38,15.0,24080.62,Retail
TXN_00028126,CUST_029796,PROD_00845,LOC_0147,2022-05-31,18,8801.64,5.0,150508.04,Partner
TXN_00053919,CUST_035502,PROD_03154,LOC_0029,2026-05-02,18,6879.26,5.0,117635.35,Partner
TXN_00189396,CUST_006205,PROD_01822,LOC_0143,2021-08-02,7,4789.34,10.0,30172.84,Retail
TXN_00239109,CUST_002697,PROD_03935,LOC_0084,2024-09-19,12,4641.21,0.0,55694.52,Partner
TXN_00260688,CUST_028835,PROD_04107,LOC_0235,2024-01-31,15,2095.81,5.0,29865.29,Online
TXN_00076184,CUST_026408,PROD_04788,LOC_0193,2024-03-23,18,4900.55,10.0,79388.91,Online
TXN_00382738,CUST_003154,PROD_04296,LOC_0233,2021-05-17,10,6753.96,5.0,64162.62,Direct Sales
TXN_00309344,CUST_040951,PROD_00780,LOC_0061,2025-06-19,15,3316.11,20.0,39793.32,Retail
TXN_00375303,CUST_004220,PROD_02592,LOC_0125,2025-07-22,3,2532.99,0.0,7598.97,Online
TXN_00414223,CUST_043671,PROD_02631,LOC_0188,2022-02-02,6,3525.47,5.0,20095.18,Partner
TXN_00056824,CUST_002226,PROD_01236,LOC_0053,2025-09-16,15,4963.58,5.0,70731.02,Partner
TXN_00112550,CUST_001517,PROD_00041,LOC_0217,2023-10-09,13,122.35,5.0,1511.02,Online
TXN_00115036,CUST_034455,PROD_02526,LOC_0046,2023-09-03,9,9671.61,10.0,78340.04,Partner
TXN_00482840,CUST_019840,PROD_00417,LOC_0106,2021-10-09,2,8844.57,0.0,17689.14,Direct Sales
TXN_00472856,CUST_021191,PROD_03231,LOC_0091,2022-08-03,14,1557.86,0.0,21810.04,Direct Sales
TXN_00036086,CUST_013230,PROD_02539,LOC_0106,2024-10-25,16,3627.65,20.0,46433.92,Partner
TXN_00128727,CUST_006298,PROD_01034,LOC_0179,2021-08-28,3,4025.38,5.0,11472.33,Direct Sales
TXN_00262298,CUST_032566,PROD_01815,LOC_0163,2025-12-15,14,2065.06,0.0,28910.84,Online
TXN_00278502,CUST_035996,PROD_01297,LOC_0101,2024-03-04,16,8268.8,20.0,105840.64,Direct Sales
TXN_00485333,CUST_002852,PROD_03684,LOC_0018,2022-02-06,19,7439.88,10.0,127221.95,Retail
TXN_00340747,CUST_003442,PROD_01479,LOC_0135,2026-05-28,7,9783.33,15.0,58210.81,Online
TXN_00306344,CUST_010871,PROD_01281,LOC_0109,2025-04-13,5,3746.91,20.0,14987.64,Partner
TXN_00242845,CUST_048574,PROD_03708,LOC_0176,2024-09-22,19,6304.59,0.0,119787.21,Partner
TXN_00062167,CUST_044010,PROD_02063,LOC_0123,2021-02-13,15,6989.34,5.0,99598.1,Direct Sales
TXN_00268092,CUST_017509,PROD_04872,LOC_0135,2021-06-04,3,6750.76,15.0,17214.44,Retail
TXN_00092973,CUST_018540,PROD_00928,LOC_0143,2025-05-27,11,1647.51,10.0,16310.35,Direct Sales
TXN_00490739,CUST_005368,PROD_03343,LOC_0004,2021-12-14,6,6873.0,0.0,41238.0,Direct Sales
TXN_00483775,CUST_041478,PROD_02430,LOC_0132,2022-06-12,13,8346.05,15.0,92223.85,Retail
TXN_00375043,CUST_033486,PROD_00474,LOC_0224,2021-06-17,17,5157.68,20.0,70144.45,Direct Sales
TXN_00246769,CUST_004649,PROD_01438,LOC_0210,2023-05-05,10,3719.94,5.0,35339.43,Online
TXN_00147987,CUST_029736,PROD_02710,LOC_0034,2024-07-25,15,9162.77,15.0,116825.32,Direct Sales
TXN_00087128,CUST_000705,PROD_02855,LOC_0054,2021-06-16,15,7869.23,10.0,106234.6,Retail
TXN_00396496,CUST_006267,PROD_00652,LOC_0096,2022-05-12,16,7874.18,5.0,119687.54,Online
TXN_00076206,CUST_026833,PROD_02884,LOC_0164,2022-01-22,19,251.03,0.0,4769.57,Direct Sales
TXN_00313921,CUST_016874,PROD_03857,LOC_0100,2021-08-05,5,7004.23,10.0,31519.03,Online
TXN_00387799,CUST_042508,PROD_04650,LOC_0097,2026-04-21,13,304.2,5.0,3756.87,Partner
TXN_00166543,CUST_048783,PROD_04018,LOC_0214,2024-05-31,9,182.74,5.0,1562.43,Direct Sales
TXN_00323956,CUST_027456,PROD_02917,LOC_0245,2021-09-28,16,2103.18,20.0,26920.7,Online
TXN_00196102,CUST_024152,PROD_01103,LOC_0245,2024-10-24,5,9455.82,10.0,42551.19,Direct Sales
TXN_00175392,CUST_016557,PROD_01099,LOC_0086,2021-04-14,4,8585.17,15.0,29189.58,Direct Sales
TXN_00061883,CUST_047867,PROD_00076,LOC_0079,2023-12-17,6,4392.39,0.0,26354.34,Partner
TXN_00175992,,PROD_02826,LOC_0219,2023-04-26,13,6142.76,20.0,63884.7,Partner
TXN_00042394,CUST_014736,PROD_02242,LOC_0045,2023-09-10,1,9888.83,0.0,9888.83,Online
TXN_00416188,CUST_014232,PROD_01855,LOC_0195,2024-12-19,19,4790.96,0.0,91028.24,Partner
TXN_00184941,CUST_005906,PROD_01484,LOC_0041,2023-05-29,13,7820.1,5.0,96578.24,Retail
TXN_00047492,CUST_042769,PROD_04855,LOC_0243,2023-03-21,3,6158.46,15.0,15704.07,Partner
TXN_00319668,CUST_013732,PROD_00787,LOC_0114,2023-05-10,18,4005.63,20.0,57681.07,Partner
TXN_00416693,CUST_014476,PROD_01677,LOC_0052,2021-11-14,2,2522.26,5.0,4792.29,Online
TXN_00362074,CUST_032880,PROD_03599,LOC_0124,2024-03-02,15,6601.12,10.0,89115.12,Partner
TXN_00250717,CUST_015239,PROD_03935,LOC_0024,2021-12-31,9,9665.86,15.0,73943.83,Retail
TXN_00206336,CUST_049365,PROD_03054,LOC_0039,2023-09-23,1,9692.15,0.0,9692.15,Retail
TXN_00021469,CUST_007521,PROD_01914,LOC_0209,2023-11-02,17,4274.42,15.0,61765.37,Retail
TXN_00189548,CUST_014813,PROD_01838,LOC_0136,2025-01-14,17,2086.09,15.0,30144.0,Retail
TXN_00422501,CUST_028589,PROD_02585,LOC_0143,2024-07-13,12,5675.29,15.0,57887.96,Partner
TXN_00046311,CUST_001393,PROD_01942,LOC_0059,2026-01-03,4,468.33,10.0,1685.99,Direct Sales
TXN_00181749,,PROD_01817,LOC_0074,2025-08-26,4,4509.08,0.0,18036.32,Retail
TXN_00201355,CUST_020239,PROD_00339,LOC_0191,2025-01-07,2,8248.85,0.0,16497.7,Partner
TXN_00092776,CUST_039133,PROD_00985,LOC_0033,2022-06-29,16,5374.15,10.0,77387.76,Direct Sales
TXN_00451627,CUST_011641,PROD_00654,LOC_0114,2023-09-02,14,852.69,15.0,10147.01,Retail
TXN_00439619,CUST_005724,PROD_00706,LOC_0208,2025-09-04,12,8711.51,20.0,83630.5,Retail
TXN_00059306,CUST_045879,PROD_04640,LOC_0207,2021-02-07,5,2320.94,20.0,9283.76,Retail
TXN_00245770,CUST_025244,PROD_04133,LOC_0137,2022-11-01,9,9085.66,15.0,69505.3,Direct Sales
TXN_00441973,CUST_035121,PROD_04076,LOC_0114,2021-02-26,7,6079.91,0.0,42559.37,Partner
TXN_00400224,CUST_002020,PROD_02210,LOC_0057,2023-01-27,3,3739.38,0.0,11218.14,Retail
TXN_00206198,CUST_013958,PROD_01045,LOC_0088,2025-08-23,10,8640.44,5.0,82084.18,Online
TXN_00083351,,PROD_02749,LOC_0168,2024-12-17,19,4611.52,5.0,83237.94,Direct Sales
TXN_00270522,,PROD_02379,LOC_0127,2022-03-08,10,4849.23,15.0,41218.45,Direct Sales
TXN_00135446,CUST_010576,PROD_04617,LOC_0142,2024-02-28,4,338.84,0.0,1355.36,Online
TXN_00051947,CUST_014967,PROD_00865,LOC_0165,2021-01-17,11,9683.9,0.0,106522.9,Direct Sales
TXN_00417427,CUST_044407,PROD_02508,LOC_0031,2023-08-11,8,3996.94,10.0,28777.97,Partner
TXN_00040614,CUST_009258,PROD_01823,LOC_0092,2023-05-21,14,7996.13,20.0,89556.66,Retail
TXN_00255964,CUST_032887,PROD_01220,LOC_0011,2025-01-17,14,9520.05,5.0,126616.66,Direct Sales
TXN_00145877,CUST_014119,PROD_00236,LOC_0146,2024-05-22,6,9512.76,0.0,57076.56,Online
TXN_00019495,CUST_015651,PROD_02987,LOC_0212,2024-01-12,19,2949.13,15.0,47628.45,Partner
TXN_00206061,CUST_034566,PROD_04560,LOC_0193,2023-06-06,11,1841.69,15.0,17219.8,Partner
TXN_00469232,CUST_026965,PROD_02006,LOC_0053,2024-10-06,7,8323.02,20.0,46608.91,Retail
TXN_00072379,CUST_033965,PROD_03005,LOC_0039,2026-04-03,15,7805.41,20.0,93664.92,Retail
TXN_00327898,CUST_026730,PROD_02025,LOC_0007,2025-11-11,6,8769.13,20.0,42091.82,Partner
TXN_00123083,CUST_041467,PROD_00829,LOC_0157,2025-07-14,1,882.97,5.0,838.82,Direct Sales
TXN_00383493,CUST_018710,PROD_02104,LOC_0098,2022-01-30,1,2831.04,20.0,2264.83,Online
TXN_00240620,CUST_039589,PROD_00703,LOC_0099,2026-05-16,8,3053.17,20.0,19540.29,Direct Sales
TXN_00098074,CUST_005419,PROD_02015,LOC_0104,2022-05-30,4,3287.04,20.0,10518.53,Online
TXN_00050442,CUST_023950,PROD_04828,LOC_0206,2021-03-30,6,4731.28,0.0,28387.68,Retail
TXN_00038633,CUST_016198,PROD_03588,LOC_0190,2021-06-14,1,4361.07,10.0,3924.96,Online
TXN_00206246,CUST_020587,PROD_04715,LOC_0035,2023-05-21,2,5337.61,10.0,9607.7,Retail
TXN_00063772,CUST_046878,PROD_02875,LOC_0102,2021-06-03,14,1858.72,20.0,20817.66,Retail
TXN_00352562,CUST_009256,PROD_02223,LOC_0178,2024-10-20,15,6674.35,0.0,100115.25,Retail
TXN_00298073,CUST_032486,PROD_04115,LOC_0157,2026-02-11,6,1907.76,15.0,9729.58,Online
TXN_00472535,CUST_013251,PROD_01877,LOC_0025,2022-10-11,11,5207.76,10.0,51556.82,Direct Sales
TXN_00401849,CUST_048479,PROD_00937,LOC_0179,2024-04-30,3,4832.26,0.0,14496.78,Partner
TXN_00108914,CUST_009785,PROD_00908,LOC_0056,2023-11-25,10,7022.29,20.0,56178.32,Partner
TXN_00242317,CUST_044121,PROD_00300,LOC_0058,2023-07-30,8,3272.98,15.0,22256.26,Partner
TXN_00454225,CUST_014962,PROD_03487,LOC_0248,2024-04-21,18,4766.29,5.0,81503.56,Retail
TXN_00401431,CUST_004944,PROD_03160,LOC_0211,2022-09-16,19,8862.38,0.0,168385.22,Retail
TXN_00473496,CUST_023153,PROD_02562,LOC_0153,2026-01-04,9,874.8,5.0,7479.54,Retail
TXN_00272670,CUST_035982,PROD_02616,LOC_0088,2025-08-23,17,5484.54,20.0,74589.74,Online
TXN_00150155,CUST_045345,PROD_02614,LOC_0041,2025-04-21,14,8995.5,5.0,119640.15,Partner
TXN_00054054,,PROD_03746,LOC_0154,2026-02-01,13,6086.84,10.0,71216.03,Direct Sales
TXN_00418491,CUST_012334,PROD_03794,LOC_0221,2022-08-12,9,6572.02,20.0,47318.54,Retail
TXN_00228207,CUST_009148,PROD_03638,LOC_0108,2024-07-11,9,2110.04,10.0,17091.32,Direct Sales
TXN_00374915,CUST_021091,PROD_02341,LOC_0122,2023-10-26,11,2216.41,10.0,21942.46,Partner
TXN_00420793,CUST_049775,PROD_01758,LOC_0075,2024-03-08,13,6062.33,10.0,70929.26,Retail
TXN_00452616,CUST_040028,PROD_04758,LOC_0003,2026-06-20,3,2754.79,5.0,7851.15,Direct Sales
TXN_00231549,CUST_029826,PROD_03357,LOC_0190,2021-03-31,3,1606.83,10.0,4338.44,Online
TXN_00215627,CUST_021238,PROD_02563,LOC_0023,2022-08-05,2,7817.83,20.0,12508.53,Retail
TXN_00304216,CUST_006347,PROD_04595,LOC_0111,2021-05-07,4,9728.77,5.0,36969.33,Retail
TXN_00023238,CUST_046212,PROD_01775,LOC_0128,2023-06-04,5,1775.92,5.0,8435.62,Partner
TXN_00407543,CUST_044404,PROD_03009,LOC_0015,2022-07-15,16,7769.87,5.0,118102.02,Online
TXN_00369763,CUST_015791,PROD_04459,LOC_0245,2025-10-04,4,9560.01,10.0,34416.04,Partner
TXN_00343448,CUST_020290,PROD_03236,LOC_0065,2021-05-31,9,4098.28,10.0,33196.07,Online
TXN_00490564,CUST_007697,PROD_01241,LOC_0095,2026-02-09,12,1640.27,15.0,16730.75,Online
TXN_00174868,CUST_045377,PROD_03382,LOC_0030,2025-01-08,10,8239.15,5.0,78271.92,Online
TXN_00079454,CUST_009320,PROD_04285,LOC_0109,2021-12-07,4,7331.1,20.0,23459.52,Retail
TXN_00483305,CUST_020507,PROD_02897,LOC_0237,2021-05-12,6,7824.1,10.0,42250.14,Partner
TXN_00335146,CUST_012357,PROD_01032,LOC_0056,2023-04-06,6,9649.34,20.0,46316.83,Direct Sales
TXN_00084983,CUST_045086,PROD_01990,LOC_0020,2023-08-11,11,3288.54,20.0,28939.15,Retail
TXN_00479815,CUST_019829,PROD_01904,LOC_0019,2021-08-01,16,7483.91,5.0,113755.43,Online
TXN_00297620,CUST_018487,PROD_01993,LOC_0245,2026-03-07,15,3906.55,15.0,49808.51,Retail
TXN_00421796,CUST_024701,PROD_02359,LOC_0168,2021-07-21,6,9859.88,20.0,47327.42,Partner
TXN_00434682,CUST_012782,PROD_04220,LOC_0033,2025-10-04,17,2158.36,15.0,31188.3,Partner
TXN_00341447,CUST_034006,PROD_01733,LOC_0036,2023-05-14,8,1511.24,0.0,12089.92,Retail
TXN_00145851,CUST_018886,PROD_00554,LOC_0167,2022-12-20,16,1162.26,5.0,17666.35,Direct Sales
TXN_00412953,CUST_013869,PROD_04016,LOC_0027,2026-01-03,11,4231.82,0.0,46550.02,Partner
TXN_00312765,CUST_016434,PROD_03197,LOC_0197,2024-10-04,19,6264.52,10.0,107123.29,Retail
TXN_00020132,CUST_047618,PROD_00942,LOC_0241,2024-03-22,8,3539.83,10.0,25486.78,Online
TXN_00220099,CUST_018093,PROD_03211,LOC_0177,2025-09-25,14,6196.55,0.0,86751.7,Retail
TXN_00242445,CUST_017118,PROD_03129,LOC_0057,2021-12-12,11,1990.47,20.0,17516.14,Direct Sales
TXN_00415797,CUST_007003,PROD_02483,LOC_0104,2022-07-03,17,4766.04,15.0,68869.28,Online
TXN_00432018,CUST_009621,PROD_04585,LOC_0002,2026-05-13,19,3931.14,5.0,70957.08,Retail
TXN_00352659,CUST_006007,PROD_02340,LOC_0057,2021-01-20,1,7473.66,15.0,6352.61,Retail
TXN_00452582,CUST_044965,PROD_03099,LOC_0016,2021-11-10,1,6004.53,20.0,4803.62,Online
TXN_00218955,CUST_037052,PROD_01126,LOC_0194,2026-04-03,16,4323.33,15.0,58797.29,Retail
TXN_00027711,CUST_043748,PROD_01502,LOC_0192,2023-06-12,14,4930.37,0.0,69025.18,Retail
TXN_00122455,CUST_036722,PROD_02271,LOC_0221,2024-06-13,12,7858.65,20.0,75443.04,Direct Sales
TXN_00451109,CUST_013839,PROD_02786,LOC_0136,2022-08-06,4,3436.9,20.0,10998.08,Retail
TXN_00190629,CUST_016187,PROD_03032,LOC_0149,2021-05-26,8,3120.91,5.0,23718.92,Online
TXN_00235800,CUST_028381,PROD_04342,LOC_0033,2022-03-19,6,2148.21,5.0,12244.8,Online
TXN_00474147,CUST_026143,PROD_03440,LOC_0166,2022-02-10,16,1342.12,5.0,20400.22,Direct Sales
TXN_00289260,CUST_031975,PROD_01100,LOC_0133,2026-02-11,16,4981.92,10.0,71739.65,Partner
TXN_00118230,CUST_049027,PROD_03705,LOC_0247,2022-12-23,4,6307.98,20.0,20185.54,Online
TXN_00451994,CUST_030563,PROD_04701,LOC_0090,2023-03-23,17,9378.19,20.0,127543.38,Online
TXN_00349024,CUST_009054,PROD_02344,LOC_0065,2024-07-28,5,7725.14,15.0,32831.84,Partner
TXN_00423283,CUST_049295,PROD_00059,LOC_0222,2024-10-24,3,8710.34,20.0,20904.82,Partner
TXN_00048725,CUST_026530,PROD_02087,LOC_0210,2021-01-23,5,7868.94,10.0,35410.23,Direct Sales
TXN_00078214,CUST_035059,PROD_03193,LOC_0227,2023-10-27,18,4073.53,0.0,73323.54,Partner
TXN_00380593,CUST_000112,PROD_02724,LOC_0016,2025-02-28,16,4167.24,15.0,56674.46,Retail
TXN_00144838,,PROD_03002,LOC_0121,2022-01-29,9,4515.55,10.0,36575.96,Direct Sales
TXN_00185880,CUST_001798,PROD_01220,LOC_0089,2024-09-21,13,7244.21,5.0,89465.99,Online
TXN_00385178,CUST_010126,PROD_02079,LOC_0025,2022-08-24,15,4359.15,0.0,65387.25,Online
TXN_00306480,CUST_041730,PROD_01380,LOC_0199,2026-05-07,15,2765.17,20.0,33182.04,Retail
TXN_00057549,CUST_025210,PROD_01336,LOC_0029,2024-08-06,-1,1912.65,20.0,1530.12,Online
TXN_00093705,CUST_040271,PROD_03383,LOC_0104,2025-12-13,3,9779.97,10.0,26405.92,Online
TXN_00302237,CUST_006349,PROD_03335,LOC_0137,2025-09-16,7,6457.29,5.0,42940.98,Partner
TXN_00292420,CUST_037452,PROD_01825,LOC_0157,2024-06-28,4,2761.85,0.0,11047.4,Partner
TXN_00387943,CUST_028384,PROD_01133,LOC_0005,2021-03-26,10,4016.98,0.0,40169.8,Retail
TXN_00076381,CUST_032675,PROD_04875,LOC_0057,2022-09-11,2,299.4,10.0,538.92,Online
TXN_00071085,CUST_024959,PROD_01978,LOC_0059,2025-12-06,1,9237.09,5.0,8775.24,Direct Sales
TXN_00368610,CUST_018044,PROD_03444,LOC_0126,2025-09-17,12,8469.58,5.0,96553.21,Direct Sales
TXN_00430902,CUST_021668,PROD_03792,LOC_0158,2024-09-16,2,9258.21,20.0,14813.14,Online
TXN_00254793,CUST_046786,PROD_04678,LOC_0011,2022-09-18,14,895.48,0.0,12536.72,Retail
TXN_00054452,CUST_027281,PROD_00467,LOC_0210,2024-03-17,14,4992.83,10.0,62909.66,Retail
TXN_00339884,CUST_027129,PROD_01107,LOC_0201,2025-05-17,16,4337.54,5.0,65930.61,Direct Sales
TXN_00113185,CUST_048013,PROD_03095,LOC_0214,2023-12-31,14,3991.96,5.0,53093.07,Partner
TXN_00320011,CUST_035039,PROD_01066,LOC_0119,2025-09-08,14,4392.15,20.0,49192.08,Partner
TXN_00169545,CUST_035649,PROD_01361,LOC_0081,2023-11-18,8,2465.43,10.0,17751.1,Direct Sales
TXN_00109132,CUST_006559,PROD_00091,LOC_0189,2025-06-18,5,706.89,5.0,3357.73,Direct Sales
TXN_00172333,CUST_009264,PROD_03388,LOC_0051,2021-04-20,5,4454.09,0.0,22270.45,Partner
TXN_00355713,CUST_046531,PROD_03065,LOC_0039,2024-04-28,16,1041.93,15.0,14170.25,Retail
TXN_00377904,CUST_033794,PROD_01801,LOC_0231,2024-12-11,9,6865.44,20.0,49431.17,Online
TXN_00333733,CUST_047371,PROD_02035,LOC_0202,2025-01-24,1,4118.74,5.0,3912.8,Direct Sales
TXN_00281266,CUST_023653,PROD_02752,LOC_0062,2022-04-23,12,669.98,15.0,6833.8,Online
TXN_00383058,CUST_001012,PROD_00431,LOC_0209,2024-02-26,10,7464.48,20.0,59715.84,Partner
TXN_00032756,CUST_018247,PROD_04237,LOC_0085,2023-08-14,13,835.39,15.0,9231.06,Direct Sales
TXN_00258038,CUST_049040,PROD_04401,LOC_0006,2023-04-03,3,1911.58,0.0,5734.74,Direct Sales
TXN_00395999,CUST_007321,PROD_04448,LOC_0160,2021-03-16,15,8357.36,5.0,119092.38,Retail
TXN_00331581,,PROD_03970,LOC_0224,2021-02-15,1,1579.91,0.0,1579.91,Partner
TXN_00209221,CUST_021332,PROD_01373,LOC_0084,2022-05-22,9,1081.61,15.0,8274.32,Partner
TXN_00362845,CUST_008912,PROD_01150,LOC_0012,2024-12-10,17,7520.86,0.0,127854.62,Direct Sales
TXN_00094765,CUST_003133,PROD_04526,LOC_0072,2023-09-05,7,4423.37,15.0,26319.05,Direct Sales
TXN_00332986,CUST_002818,PROD_04592,LOC_0139,2021-12-19,11,6806.27,0.0,74868.97,Retail
TXN_00200935,CUST_032605,PROD_02953,LOC_0038,2022-05-16,6,5867.47,10.0,31684.34,Direct Sales
TXN_00393600,CUST_005260,PROD_02534,LOC_0016,2021-10-29,11,617.18,5.0,6449.53,Direct Sales
TXN_00339535,CUST_025098,PROD_02392,LOC_0126,2022-09-13,17,8064.07,0.0,137089.19,Direct Sales
TXN_00012569,,PROD_01161,LOC_0060,2021-04-16,17,6916.03,15.0,99936.63,Retail
TXN_00060485,CUST_015971,PROD_04559,LOC_0136,2023-07-30,15,733.69,5.0,10455.08,Online
TXN_00145438,CUST_028611,PROD_03384,LOC_0004,2025-03-15,7,9603.11,5.0,63860.68,Online
TXN_00109822,CUST_042105,PROD_04549,LOC_0178,2021-06-14,17,9653.5,10.0,147698.55,Online
TXN_00152973,CUST_026155,PROD_00696,LOC_0194,2023-11-16,1,6928.72,0.0,6928.72,Direct Sales
TXN_00456177,CUST_004977,PROD_04876,LOC_0218,2021-03-22,9,6405.78,0.0,57652.02,Online
TXN_00042716,CUST_046515,PROD_04126,LOC_0225,2021-08-26,18,4484.81,0.0,80726.58,Partner
TXN_00290453,CUST_001530,PROD_02651,LOC_0249,2022-06-13,4,446.31,20.0,1428.19,Retail
TXN_00328267,CUST_013723,PROD_04375,LOC_0071,2024-05-15,2,1877.0,0.0,3754.0,Direct Sales
TXN_00213115,CUST_019012,PROD_04194,LOC_0061,2022-06-10,5,4704.24,0.0,23521.2,Direct Sales
TXN_00378511,CUST_023891,PROD_01519,LOC_0143,2026-05-19,4,3659.81,15.0,12443.35,Online
TXN_00408242,CUST_033828,PROD_02687,LOC_0050,2024-08-01,13,284.07,0.0,3692.91,Partner
TXN_00182907,CUST_023480,PROD_01232,LOC_0143,2026-06-07,11,6531.63,20.0,57478.34,Direct Sales
TXN_00438370,CUST_020807,PROD_02589,LOC_0098,2025-07-20,17,8926.95,20.0,121406.52,Partner
TXN_00245501,CUST_035767,PROD_03167,LOC_0019,2026-04-08,14,3698.08,15.0,44007.15,Retail
TXN_00071295,CUST_003475,PROD_01170,LOC_0046,2026-06-05,6,9628.36,10.0,51993.14,Online
TXN_00188189,CUST_009159,PROD_02993,LOC_0178,2022-08-26,7,7598.13,5.0,50527.56,Retail
TXN_00264455,CUST_004007,PROD_04441,LOC_0012,2021-05-03,2,2367.4,20.0,3787.84,Online
TXN_00230529,CUST_004428,PROD_00942,LOC_0075,2021-04-02,19,1153.33,20.0,17530.62,Direct Sales
TXN_00243766,CUST_018556,PROD_01767,LOC_0055,2024-12-03,12,4209.95,0.0,50519.4,Direct Sales
TXN_00157934,CUST_045355,PROD_02320,LOC_0071,2024-07-28,1,5410.77,0.0,5410.77,Retail
TXN_00476182,CUST_046826,PROD_04108,LOC_0222,2022-06-29,7,5683.53,10.0,35806.24,Partner
TXN_00425811,CUST_005895,PROD_03458,LOC_0171,2021-12-29,2,2234.38,0.0,4468.76,Retail
TXN_00217017,CUST_018078,PROD_00676,LOC_0149,2021-05-03,6,1058.07,15.0,5396.16,Retail
TXN_00043806,CUST_016396,PROD_02778,LOC_0224,2022-08-14,18,470.54,15.0,7199.26,Online
TXN_00211079,CUST_020438,PROD_03699,LOC_0170,2025-03-22,16,5068.19,10.0,72981.94,Partner
TXN_00420433,CUST_037934,PROD_01726,LOC_0160,2021-05-03,10,4142.15,10.0,37279.35,Online
TXN_00214990,CUST_044923,PROD_02852,LOC_0214,2021-12-29,8,9333.3,5.0,70933.08,Direct Sales
TXN_00262537,CUST_039244,PROD_04484,LOC_0077,2022-03-25,11,7798.86,15.0,72919.34,Direct Sales
TXN_00498269,CUST_020710,PROD_04070,LOC_0038,2021-05-17,18,364.0,5.0,6224.4,Partner
TXN_00203691,CUST_029254,PROD_04036,LOC_0087,2021-10-18,5,958.69,10.0,4314.11,Retail
TXN_00318631,CUST_017299,PROD_02340,LOC_0091,2026-01-15,19,6303.81,0.0,119772.39,Direct Sales
TXN_00076736,CUST_022288,PROD_04821,LOC_0057,2025-03-25,2,9887.93,5.0,18787.07,Retail
TXN_00065638,CUST_046025,PROD_02551,LOC_0062,2021-08-30,17,4155.42,0.0,70642.14,Direct Sales
TXN_00211957,CUST_027766,PROD_04097,LOC_0031,2024-08-07,18,7768.77,5.0,132845.97,Direct Sales
TXN_00181879,CUST_014581,PROD_04500,LOC_0099,2025-01-07,9,775.07,5.0,6626.85,Retail
TXN_00486503,CUST_025814,PROD_01366,LOC_0122,2025-09-12,7,6927.47,10.0,43643.06,Online
TXN_00134504,CUST_027310,PROD_02466,LOC_0039,2023-10-24,1,724.24,5.0,688.03,Retail
TXN_00138896,CUST_039268,PROD_03918,LOC_0243,2022-06-22,4,5554.05,5.0,21105.39,Partner
TXN_00154959,CUST_014188,PROD_03815,LOC_0190,2025-06-11,19,8939.8,20.0,135884.96,Retail
TXN_00090301,CUST_048978,PROD_03970,LOC_0045,2024-06-11,17,7373.75,20.0,100283.0,Direct Sales
TXN_00083354,CUST_034443,PROD_00750,LOC_0027,2023-03-30,19,8474.51,15.0,136863.34,Online
TXN_00222970,CUST_002350,PROD_00844,LOC_0215,2022-02-15,1,7463.95,15.0,6344.36,Direct Sales
TXN_00021828,CUST_022643,PROD_01192,LOC_0170,2022-10-04,2,9021.76,5.0,17141.34,Retail
TXN_00463360,CUST_006728,PROD_00517,LOC_0118,2023-09-19,6,2890.08,0.0,17340.48,Online
TXN_00273156,CUST_024656,PROD_03292,LOC_0066,2022-01-13,4,2952.3,5.0,11218.74,Online
TXN_00043332,CUST_002312,PROD_00154,LOC_0195,2021-04-20,7,2941.63,15.0,17502.7,Retail
TXN_00176164,CUST_042268,PROD_03037,LOC_0191,2022-10-24,11,688.23,15.0,6434.95,Retail
TXN_00124624,CUST_000305,PROD_01991,LOC_0208,2021-03-06,13,4275.66,0.0,55583.58,Direct Sales
TXN_00002352,CUST_038937,PROD_02443,LOC_0202,2022-02-19,18,8636.8,20.0,124369.92,Online
TXN_00460884,CUST_022717,PROD_00814,LOC_0022,2025-01-19,14,3626.59,10.0,45695.03,Direct Sales
TXN_00425226,CUST_038153,PROD_03025,LOC_0055,2023-01-02,19,5269.02,0.0,100111.38,Direct Sales
TXN_00113830,CUST_009421,PROD_01885,LOC_0012,2022-05-19,3,5835.79,15.0,14881.26,Retail
TXN_00393617,CUST_026772,PROD_04131,LOC_0235,2022-08-18,14,3117.43,0.0,43644.02,Retail
TXN_00164027,CUST_009308,PROD_01867,LOC_0180,2024-03-26,10,9717.33,20.0,77738.64,Partner
TXN_00141486,CUST_040225,PROD_04678,LOC_0169,2021-08-17,3,4385.4,5.0,12498.39,Retail
TXN_00490209,CUST_039086,PROD_01840,LOC_0159,2024-06-11,5,1694.01,5.0,8046.55,Retail
TXN_00328525,CUST_018739,PROD_04417,LOC_0035,2021-03-10,16,455.67,20.0,5832.58,Direct Sales
TXN_00268288,CUST_038940,PROD_01489,LOC_0044,2024-01-19,5,2304.08,10.0,10368.36,Retail
TXN_00200228,CUST_023128,PROD_03012,LOC_0109,2023-12-01,16,6946.69,5.0,105589.69,Direct Sales
TXN_00309636,CUST_049922,PROD_03644,LOC_0044,2025-02-11,10,4548.04,5.0,43206.38,Direct Sales
TXN_00339506,CUST_028092,PROD_02442,LOC_0168,2023-05-02,12,8317.44,10.0,89828.35,Retail
TXN_00493010,CUST_031804,PROD_04936,LOC_0149,2021-05-10,16,8870.97,0.0,141935.52,Partner
TXN_00397087,CUST_039065,PROD_03833,LOC_0119,2022-04-23,4,5030.01,5.0,19114.04,Online
TXN_00369235,CUST_031234,PROD_04694,LOC_0161,2021-08-13,19,8329.67,0.0,158263.73,Online
TXN_00010919,CUST_010293,PROD_04499,LOC_0192,2021-07-21,18,5265.24,5.0,90035.6,Direct Sales
TXN_00451445,CUST_036814,PROD_04223,LOC_0234,2023-05-08,5,5355.06,20.0,21420.24,Retail
TXN_00283510,CUST_012925,PROD_00578,LOC_0146,2021-11-08,19,6847.84,15.0,110592.62,Online
TXN_00107700,CUST_043715,PROD_01208,LOC_0146,2024-05-08,11,3638.69,10.0,36023.03,Direct Sales
TXN_00148714,CUST_000599,PROD_01364,LOC_0098,2021-05-22,7,9237.4,0.0,64661.8,Direct Sales
TXN_00323195,CUST_002218,PROD_03401,LOC_0042,2025-08-18,9,3525.5,0.0,31729.5,Online
TXN_00332872,CUST_028758,PROD_02007,LOC_0169,2023-07-03,8,8721.33,15.0,59305.04,Retail
TXN_00091868,CUST_040567,PROD_01490,LOC_0026,2026-06-29,7,615.05,15.0,3659.55,Direct Sales
TXN_00283268,CUST_008674,PROD_02304,LOC_0116,2023-04-28,19,6617.72,0.0,125736.68,Direct Sales
TXN_00130400,CUST_015084,PROD_04889,LOC_0246,2025-09-17,17,5369.94,10.0,82160.08,Partner
TXN_00363343,CUST_036802,PROD_04630,LOC_0151,2026-06-10,7,4749.16,15.0,28257.5,Retail
TXN_00250591,CUST_020303,PROD_02946,LOC_0108,2023-08-25,19,2053.96,15.0,33171.45,Retail
TXN_00065911,CUST_039534,PROD_03425,LOC_0112,2024-08-25,1,3613.12,10.0,3251.81,Online
TXN_00353099,CUST_024741,PROD_02498,LOC_0136,2022-09-27,3,8944.63,5.0,25492.2,Direct Sales
TXN_00109901,CUST_012743,PROD_03122,LOC_0061,2021-08-25,-1,8289.39,15.0,42275.89,Online
TXN_00258623,CUST_033326,PROD_03396,LOC_0153,2024-10-13,14,4092.28,5.0,54427.32,Retail
TXN_00489676,CUST_036507,PROD_03843,LOC_0010,2024-07-22,11,7750.19,10.0,76726.88,Direct Sales
TXN_00252768,CUST_047002,PROD_04948,LOC_0185,2026-03-24,3,9614.29,5.0,27400.73,Online
TXN_00221401,CUST_042211,PROD_04691,LOC_0116,2026-01-25,5,1344.53,15.0,5714.25,Direct Sales
TXN_00279626,CUST_030336,PROD_01237,LOC_0053,2022-07-13,4,1777.97,5.0,6756.29,Direct Sales
TXN_00497466,CUST_028220,PROD_01513,LOC_0214,2025-04-01,5,1702.9,10.0,7663.05,Partner
TXN_00067102,CUST_045213,PROD_03442,LOC_0142,2022-02-15,6,7657.65,5.0,43648.6,Partner
TXN_00377449,CUST_041092,PROD_00353,LOC_0107,2022-06-26,6,6054.8,0.0,36328.8,Online
TXN_00228296,CUST_019201,PROD_02133,LOC_0225,2022-04-19,15,8924.59,0.0,133868.85,Direct Sales
TXN_00147400,CUST_024497,PROD_02277,LOC_0016,2022-06-18,15,7336.57,0.0,110048.55,Direct Sales
TXN_00271462,CUST_004208,PROD_02712,LOC_0201,2022-10-29,11,2802.31,15.0,26201.6,Retail
TXN_00001296,CUST_033715,PROD_01187,LOC_0043,2024-04-08,14,8770.05,10.0,110502.63,Online
TXN_00457171,CUST_004635,PROD_02468,LOC_0148,2021-02-03,3,703.86,0.0,2111.58,Direct Sales
TXN_00395510,CUST_020264,PROD_02724,LOC_0101,2022-02-07,17,9798.86,20.0,133264.5,Retail
TXN_00127230,CUST_003334,PROD_02278,LOC_0227,2023-08-15,10,8589.9,5.0,81604.05,Direct Sales
TXN_00077786,CUST_047948,PROD_00714,LOC_0042,2023-09-16,10,762.5,10.0,6862.5,Partner
TXN_00080721,CUST_015880,PROD_03043,LOC_0200,2024-12-24,5,7896.83,10.0,35535.74,Direct Sales
TXN_00333791,CUST_012503,PROD_00267,LOC_0054,2024-12-30,11,4876.73,15.0,45597.43,Online
TXN_00122340,CUST_007847,PROD_02618,LOC_0230,2025-08-27,10,3230.19,15.0,27456.62,Partner
TXN_00479418,,PROD_01262,LOC_0118,2023-02-03,12,8851.34,5.0,100905.28,Direct Sales
TXN_00167309,CUST_019881,PROD_01016,LOC_0108,2026-05-30,12,7641.78,10.0,82531.22,Retail
TXN_00353308,CUST_041453,PROD_03008,LOC_0026,2026-04-11,10,4397.3,10.0,39575.7,Partner
TXN_00432605,CUST_048317,PROD_01382,LOC_0121,2022-08-20,5,5924.1,5.0,28139.48,Direct Sales
TXN_00471184,CUST_004250,PROD_01949,LOC_0043,2022-11-28,12,9322.27,10.0,100680.52,Online
TXN_00449283,CUST_037399,PROD_03875,LOC_0123,2024-10-31,10,7908.66,0.0,79086.6,Direct Sales
TXN_00068163,CUST_011502,PROD_03868,LOC_0118,2025-09-16,19,2694.05,15.0,43508.91,Retail
TXN_00303173,CUST_042999,PROD_04102,LOC_0036,2023-10-21,14,6478.7,5.0,86166.71,Partner
TXN_00457623,CUST_032963,PROD_01375,LOC_0210,2025-07-27,18,8000.14,20.0,115202.02,Direct Sales
TXN_00409706,CUST_037845,PROD_04420,LOC_0064,2024-05-23,4,4368.85,0.0,17475.4,Direct Sales
TXN_00373903,,PROD_01148,LOC_0197,2023-10-18,6,8722.49,20.0,41867.95,Online
TXN_00490087,CUST_011511,PROD_01485,LOC_0193,2022-03-08,1,3156.8,20.0,2525.44,Online
TXN_00416596,CUST_004890,PROD_02874,LOC_0012,2026-04-07,8,5009.39,20.0,32060.1,Retail
TXN_00249715,CUST_000763,PROD_02730,LOC_0027,2024-11-20,7,3477.57,5.0,23125.84,Online
TXN_00408096,CUST_027062,PROD_01260,LOC_0060,2022-03-28,1,984.26,0.0,984.26,Retail
TXN_00050916,CUST_018889,PROD_04395,LOC_0001,2024-03-17,2,7114.15,10.0,12805.47,Online
TXN_00358174,CUST_005474,PROD_01882,LOC_0201,2023-11-11,6,5627.97,20.0,27014.26,Retail
TXN_00270264,CUST_009851,PROD_01541,LOC_0248,2024-06-21,2,412.48,0.0,824.96,Retail
TXN_00280266,CUST_007181,PROD_02277,LOC_0201,2023-09-29,8,2951.95,15.0,20073.26,Direct Sales
TXN_00225798,CUST_013947,PROD_04145,LOC_0011,2023-12-01,16,7165.38,0.0,114646.08,Online
TXN_00385613,CUST_011737,PROD_01027,LOC_0183,2024-06-06,5,7304.79,5.0,34697.75,Retail
TXN_00412627,CUST_041326,PROD_04824,LOC_0090,2021-07-06,1,8542.21,0.0,8542.21,Partner
TXN_00238736,CUST_000892,PROD_00519,LOC_0184,2026-02-11,13,9289.85,0.0,120768.05,Retail
TXN_00120430,CUST_001554,PROD_03296,LOC_0054,2024-01-22,17,5199.46,10.0,79551.74,Online
TXN_00465348,CUST_026678,PROD_00651,LOC_0005,2021-06-26,6,8113.35,5.0,46246.1,Direct Sales
TXN_00439611,CUST_007817,PROD_00663,LOC_0003,2025-05-01,1,7348.33,5.0,6980.91,Online
TXN_00039739,CUST_015962,PROD_01820,LOC_0092,2025-03-29,16,4295.03,5.0,65284.46,Online
TXN_00396924,CUST_007834,PROD_01822,LOC_0049,2021-06-23,8,2304.16,10.0,16589.95,Retail
TXN_00436390,CUST_002451,PROD_00227,LOC_0180,2023-10-05,1,2871.65,15.0,2440.9,Direct Sales
TXN_00461354,CUST_037945,PROD_04784,LOC_0027,2023-09-09,17,2492.14,20.0,33893.1,Online
TXN_00442528,CUST_008978,PROD_01520,LOC_0046,2022-03-24,18,627.47,0.0,11294.46,Online
TXN_00099739,CUST_025352,PROD_03153,LOC_0190,2023-04-09,17,1941.98,5.0,31362.98,Online
TXN_00331958,CUST_043803,PROD_04920,LOC_0143,2023-08-04,19,9742.77,5.0,175857.0,Partner
TXN_00198317,CUST_022868,PROD_03342,LOC_0200,2026-01-19,8,3358.98,0.0,26871.84,Partner
TXN_00352037,CUST_005862,PROD_03114,LOC_0222,2025-04-11,12,9088.11,15.0,92698.72,Retail
TXN_00107775,CUST_047760,PROD_01950,LOC_0120,2025-10-19,4,4582.97,10.0,16498.69,Direct Sales
TXN_00388250,CUST_035850,PROD_03966,LOC_0246,2022-04-30,19,6893.33,5.0,124424.61,Online
TXN_00414886,CUST_041202,PROD_01743,LOC_0232,2024-04-04,10,8763.5,5.0,83253.25,Retail
TXN_00162354,CUST_044625,PROD_00180,LOC_0176,2023-04-22,10,3576.62,0.0,35766.2,Retail
TXN_00107352,CUST_024239,PROD_01686,LOC_0089,2023-05-02,6,9596.46,5.0,54699.82,Online
TXN_00137626,CUST_038181,PROD_02577,LOC_0019,2023-02-22,12,3894.52,15.0,39724.1,Online
TXN_00471471,,PROD_04686,LOC_0073,2026-04-22,18,714.3,5.0,12214.53,Online
TXN_00069532,CUST_047236,PROD_04026,LOC_0045,2025-03-12,13,6911.57,5.0,85357.89,Partner
TXN_00023943,CUST_008319,PROD_03293,LOC_0004,2025-09-23,4,3833.69,15.0,13034.55,Retail
TXN_00292974,CUST_046261,PROD_00352,LOC_0202,2025-08-05,4,4099.74,15.0,13939.12,Direct Sales
TXN_00377494,CUST_029406,PROD_02013,LOC_0133,2022-11-08,4,2712.5,10.0,9765.0,Online
TXN_00118525,CUST_024719,PROD_00501,LOC_0033,2024-05-18,13,6942.1,5.0,85734.94,Partner
TXN_00303267,,PROD_04087,LOC_0127,2023-03-02,11,5319.66,0.0,58516.26,Partner
TXN_00107859,CUST_022117,PROD_00285,LOC_0113,2026-06-02,14,3454.92,0.0,48368.88,Direct Sales
TXN_00283195,CUST_019386,PROD_01715,LOC_0248,2021-04-21,10,8775.65,0.0,87756.5,Retail
TXN_00133560,CUST_023694,PROD_04414,LOC_0175,2024-04-21,9,3185.68,0.0,28671.12,Online
TXN_00161864,CUST_007595,PROD_03838,LOC_0244,2024-08-02,18,2901.87,20.0,41786.93,Online
TXN_00086410,CUST_004337,PROD_03188,LOC_0175,2025-09-06,9,203.2,10.0,1645.92,Direct Sales
TXN_00422029,,PROD_01216,LOC_0207,2023-12-22,8,4615.7,15.0,31386.76,Partner
TXN_00243153,CUST_045058,PROD_01838,LOC_0106,2022-12-29,12,8033.32,5.0,91579.85,Direct Sales
TXN_00486903,CUST_047388,PROD_03439,LOC_0137,2022-07-07,15,5895.82,0.0,88437.3,Partner
TXN_00478752,CUST_022481,PROD_04122,LOC_0123,2025-01-17,3,1000.91,15.0,2552.32,Partner
TXN_00185150,CUST_048986,PROD_03396,LOC_0029,2024-10-29,11,8474.84,15.0,79239.75,Online
TXN_00310647,CUST_030573,PROD_03253,LOC_0155,2024-11-28,16,7169.34,10.0,103238.5,Retail
TXN_00062501,CUST_034194,PROD_02089,LOC_0208,2022-08-19,15,3208.16,10.0,43310.16,Retail
TXN_00364981,CUST_013386,PROD_02638,LOC_0159,2022-03-25,7,9154.76,15.0,54470.82,Direct Sales
TXN_00107427,CUST_020925,PROD_01782,LOC_0171,2023-10-08,2,1719.46,5.0,3266.97,Online
TXN_00112982,CUST_004967,PROD_03336,LOC_0172,2024-04-08,10,6927.33,15.0,58882.3,Direct Sales
TXN_00137711,CUST_037955,PROD_00622,LOC_0137,2022-06-15,18,4749.18,10.0,76936.72,Direct Sales
TXN_00173792,CUST_031163,PROD_02754,LOC_0165,2025-06-26,9,7079.24,5.0,60527.5,Direct Sales
TXN_00044099,CUST_002888,PROD_04737,LOC_0242,2021-12-12,4,5736.07,10.0,20649.85,Partner
TXN_00463112,,PROD_01022,LOC_0075,2023-09-03,10,3400.94,15.0,28907.99,Online
TXN_00031968,CUST_042382,PROD_01986,LOC_0092,2024-10-12,19,8409.1,0.0,159772.9,Online
TXN_00425798,CUST_028404,PROD_02942,LOC_0084,2022-08-29,14,1582.49,0.0,22154.86,Online
TXN_00054062,CUST_008670,PROD_03948,LOC_0245,2025-03-06,8,2145.18,0.0,17161.44,Retail
TXN_00181251,CUST_043330,PROD_03576,LOC_0164,2022-05-29,6,1090.41,15.0,5561.09,Direct Sales
TXN_00402331,CUST_021896,PROD_01456,LOC_0194,2022-05-30,5,726.41,0.0,3632.05,Partner
TXN_00203979,CUST_036860,PROD_02888,LOC_0207,2022-09-18,13,2035.4,5.0,25137.19,Direct Sales
TXN_00170853,CUST_008831,PROD_02374,LOC_0011,2024-09-27,15,636.22,0.0,9543.3,Partner
TXN_00168674,CUST_043123,PROD_01889,LOC_0219,2023-06-04,10,1880.27,5.0,17862.56,Partner
TXN_00356338,CUST_011538,PROD_01620,LOC_0110,2023-05-04,2,2960.51,0.0,5921.02,Online
TXN_00324351,CUST_000778,PROD_00376,LOC_0015,2022-09-18,3,9614.22,15.0,24516.26,Online
TXN_00263267,CUST_046947,PROD_02500,LOC_0145,2025-09-29,5,4656.04,0.0,23280.2,Online
TXN_00480822,CUST_032243,PROD_02015,LOC_0095,2026-04-23,18,7602.1,15.0,116312.13,Partner
TXN_00441413,CUST_036250,PROD_02283,LOC_0006,2024-12-21,16,6886.59,5.0,104676.17,Online
TXN_00246345,CUST_048290,PROD_03379,LOC_0233,2025-06-09,12,711.74,0.0,8540.88,Retail
TXN_00373867,CUST_010234,PROD_02314,LOC_0217,2022-02-14,15,4657.15,15.0,59378.66,Online
TXN_00058037,CUST_046642,PROD_01344,LOC_0244,2024-01-01,7,6577.31,0.0,46041.17,Direct Sales
TXN_00134954,CUST_006578,PROD_01787,LOC_0061,2025-09-27,4,5507.27,5.0,20927.63,Retail
TXN_00396691,CUST_006699,PROD_03476,LOC_0167,2024-01-11,5,8817.63,0.0,44088.15,Online
TXN_00339353,CUST_024500,PROD_01606,LOC_0216,2022-08-26,9,1991.14,5.0,17024.25,Partner
TXN_00485670,CUST_019956,PROD_02700,LOC_0209,2023-06-11,1,2862.88,0.0,2862.88,Direct Sales
TXN_00200571,CUST_023998,PROD_04071,LOC_0019,2024-04-05,3,6032.13,5.0,17191.57,Retail
TXN_00485294,CUST_026314,PROD_04101,LOC_0249,2023-07-08,15,7599.38,5.0,108291.16,Direct Sales
TXN_00497794,CUST_023021,PROD_03001,LOC_0053,2023-03-03,1,6156.05,20.0,4924.84,Online
TXN_00483664,,PROD_01794,LOC_0065,2022-11-15,8,9627.76,15.0,65468.77,Online
TXN_00247604,CUST_041597,PROD_00119,LOC_0200,2023-01-12,7,8025.57,5.0,53370.04,Partner
TXN_00191486,CUST_003455,PROD_04274,LOC_0134,2026-02-24,18,3796.87,10.0,61509.29,Direct Sales
TXN_00178914,CUST_044295,PROD_02405,LOC_0034,2024-04-12,19,4401.46,5.0,79446.35,Direct Sales
TXN_00159736,CUST_011674,PROD_02593,LOC_0042,2021-04-13,6,7590.87,5.0,43267.96,Direct Sales
TXN_00100526,CUST_016049,PROD_03329,LOC_0126,2025-05-19,16,8620.4,0.0,137926.4,Direct Sales
TXN_00428965,CUST_002167,PROD_00703,LOC_0138,2022-11-05,15,7970.86,0.0,119562.9,Online
TXN_00245549,CUST_042587,PROD_00974,LOC_0092,2023-10-07,11,6682.24,0.0,73504.64,Partner
TXN_00389371,CUST_004946,PROD_02175,LOC_0143,2022-08-08,5,5389.85,15.0,22906.86,Retail
TXN_00233828,CUST_044768,PROD_00510,LOC_0149,2022-02-04,9,7671.19,15.0,58684.6,Partner
TXN_00428631,CUST_021915,PROD_02415,LOC_0041,2023-01-25,7,6791.67,20.0,38033.35,Online
TXN_00430802,CUST_025762,PROD_01441,LOC_0192,2021-06-13,9,4669.42,5.0,39923.54,Online
TXN_00157262,CUST_009720,PROD_02486,LOC_0146,2025-03-22,13,2486.5,0.0,32324.5,Partner
TXN_00203479,CUST_018511,PROD_00247,LOC_0160,2022-12-26,14,6352.88,0.0,88940.32,Direct Sales
TXN_00093870,CUST_030841,PROD_03878,LOC_0009,2025-09-20,1,6688.68,10.0,6019.81,Partner
TXN_00497232,CUST_045067,PROD_04196,LOC_0141,2026-04-16,4,4925.68,20.0,15762.18,Online
TXN_00404436,CUST_018060,PROD_00230,LOC_0205,2021-06-21,2,9497.1,20.0,15195.36,Direct Sales
TXN_00410367,CUST_027415,PROD_00415,LOC_0126,2024-07-16,9,8627.98,0.0,77651.82,Partner
TXN_00391405,CUST_012656,PROD_03917,LOC_0089,2025-10-15,1,9508.02,0.0,9508.02,Online
TXN_00241937,CUST_021080,PROD_02377,LOC_0242,2021-04-15,9,3987.94,0.0,35891.46,Retail
TXN_00220715,CUST_044806,PROD_01426,LOC_0120,2023-06-08,2,5801.93,20.0,9283.09,Online
TXN_00413774,CUST_026794,PROD_04144,LOC_0024,2024-07-31,4,3577.12,0.0,14308.48,Retail
TXN_00031566,CUST_049784,PROD_02809,LOC_0234,2024-08-22,11,8015.93,10.0,79357.71,Direct Sales
TXN_00163844,CUST_016549,PROD_01150,LOC_0159,2022-03-10,15,1442.13,10.0,19468.76,Online
TXN_00048585,CUST_009088,PROD_01360,LOC_0230,2025-04-01,8,878.65,0.0,7029.2,Partner
TXN_00017072,CUST_013788,PROD_00701,LOC_0009,2024-09-26,16,8750.84,5.0,133012.77,Online
TXN_00433504,CUST_031328,PROD_04874,LOC_0117,2022-12-05,18,1777.12,15.0,27189.94,Retail
TXN_00226034,CUST_006477,PROD_00214,LOC_0094,2023-12-30,-1,803.52,20.0,9642.24,Direct Sales
TXN_00322372,,PROD_01306,LOC_0224,2025-07-04,10,6306.87,10.0,56761.83,Direct Sales
TXN_00445629,CUST_005324,PROD_01157,LOC_0204,2021-01-07,10,5739.81,5.0,54528.2,Partner
TXN_00086555,CUST_040755,PROD_00791,LOC_0016,2025-02-14,3,971.92,10.0,2624.18,Partner
TXN_00014122,CUST_026062,PROD_02001,LOC_0022,2025-03-17,13,2363.49,5.0,29189.1,Partner
TXN_00339300,CUST_047342,PROD_04334,LOC_0245,2021-12-11,11,9379.29,10.0,92854.97,Direct Sales
TXN_00253756,CUST_044974,PROD_01866,LOC_0179,2025-12-12,10,949.9,15.0,8074.15,Retail
TXN_00326784,CUST_015069,PROD_00298,LOC_0073,2024-04-25,2,6528.15,10.0,11750.67,Direct Sales
TXN_00072468,CUST_049238,PROD_04524,LOC_0093,2024-04-25,3,7271.35,0.0,21814.05,Retail
TXN_00077945,CUST_009336,PROD_00546,LOC_0004,2021-05-02,3,6114.54,15.0,15592.08,Online
TXN_00295037,CUST_001422,PROD_03160,LOC_0106,2021-12-17,18,925.34,5.0,15823.31,Retail
TXN_00183186,,PROD_01193,LOC_0033,2022-09-28,15,9746.41,10.0,131576.54,Direct Sales
TXN_00221383,CUST_042228,PROD_04485,LOC_0137,2021-06-11,5,4069.3,0.0,20346.5,Retail
TXN_00303692,CUST_038515,PROD_00295,LOC_0231,2023-03-09,16,494.98,15.0,6731.73,Direct Sales
TXN_00050316,CUST_023702,PROD_04080,LOC_0120,2024-01-05,16,5168.72,5.0,78564.54,Online
TXN_00281772,CUST_017750,PROD_02007,LOC_0157,2021-05-16,11,5515.76,10.0,54606.02,Direct Sales
TXN_00328653,CUST_043662,PROD_04055,LOC_0248,2024-10-17,7,4214.92,10.0,26554.0,Online
TXN_00016419,CUST_037027,PROD_00914,LOC_0161,2026-06-18,16,5523.5,20.0,70700.8,Online
TXN_00226591,CUST_038704,PROD_02100,LOC_0209,2025-09-03,10,7432.9,15.0,63179.65,Direct Sales
TXN_00344635,CUST_037109,PROD_01853,LOC_0073,2025-02-01,2,759.68,15.0,1291.46,Online
TXN_00085353,CUST_040862,PROD_00166,LOC_0076,2025-07-24,12,231.0,10.0,2494.8,Retail
TXN_00409244,CUST_035992,PROD_04617,LOC_0132,2025-10-10,3,7840.95,10.0,21170.56,Partner
TXN_00278726,CUST_038481,PROD_03653,LOC_0233,2022-08-12,19,2701.54,20.0,41063.41,Partner
TXN_00118647,CUST_002210,PROD_00807,LOC_0165,2022-08-31,12,1449.81,20.0,13918.18,Online
TXN_00391150,CUST_006837,PROD_04967,LOC_0085,2026-05-26,1,6890.1,15.0,5856.58,Online
TXN_00240503,CUST_019617,PROD_01901,LOC_0087,2021-09-14,11,3025.93,20.0,26628.18,Online
TXN_00466350,CUST_013247,PROD_04265,LOC_0241,2021-04-21,15,319.99,5.0,4559.86,Online
TXN_00198755,CUST_026732,PROD_03739,LOC_0115,2021-10-04,9,2658.15,15.0,20334.85,Retail
TXN_00001310,CUST_044649,PROD_03974,LOC_0119,2022-12-29,9,5914.74,15.0,45247.76,Direct Sales
TXN_00072394,CUST_047802,PROD_04337,LOC_0047,2025-08-15,15,151.06,5.0,2152.6,Retail
TXN_00264993,CUST_026584,PROD_04412,LOC_0076,2026-06-17,10,7031.88,20.0,56255.04,Online
TXN_00270338,CUST_000359,PROD_03475,LOC_0048,2024-07-12,11,9590.46,15.0,89670.8,Partner
TXN_00281286,CUST_036683,PROD_02151,LOC_0086,2025-06-22,10,4064.42,0.0,40644.2,Direct Sales
TXN_00453202,CUST_035466,PROD_02936,LOC_0098,2023-11-03,15,2542.98,5.0,36237.46,Online
TXN_00255357,,PROD_04625,LOC_0070,2022-09-29,3,265.19,20.0,636.46,Partner
TXN_00214654,CUST_018630,PROD_03399,LOC_0227,2026-02-28,8,3184.72,5.0,24203.87,Online
TXN_00419449,CUST_041529,PROD_03989,LOC_0143,2026-04-26,3,3628.39,0.0,10885.17,Direct Sales
TXN_00376678,CUST_049954,PROD_04089,LOC_0075,2021-12-16,10,4357.79,20.0,34862.32,Direct Sales
TXN_00453250,CUST_047300,PROD_03810,LOC_0155,2026-01-13,12,9665.72,15.0,98590.34,Online
TXN_00230822,CUST_001192,PROD_04640,LOC_0236,2024-11-12,19,2665.95,15.0,43055.09,Partner
TXN_00248788,CUST_014952,PROD_01806,LOC_0229,2025-08-19,1,9518.35,10.0,8566.52,Direct Sales
TXN_00285332,CUST_005380,PROD_01127,LOC_0229,2025-05-15,9,398.43,10.0,3227.28,Partner
TXN_00187823,CUST_046909,PROD_04845,LOC_0104,2022-07-30,12,9112.62,10.0,98416.3,Retail
TXN_00371298,CUST_006636,PROD_00463,LOC_0184,2024-05-17,5,311.53,15.0,1324.0,Direct Sales
TXN_00159024,CUST_001092,PROD_00239,LOC_0163,2024-07-14,13,4854.33,15.0,53640.35,Direct Sales
TXN_00129504,CUST_016443,PROD_00032,LOC_0128,2024-01-19,8,6301.32,5.0,47890.03,Retail
TXN_00385958,CUST_030877,PROD_03362,LOC_0192,2023-05-22,8,5722.12,5.0,43488.11,Retail
TXN_00425593,,PROD_04533,LOC_0203,2022-12-02,12,8430.94,0.0,101171.28,Online
TXN_00013589,CUST_028303,PROD_04955,LOC_0033,2023-01-19,15,5961.22,10.0,80476.47,Partner
TXN_00033869,CUST_042750,PROD_00573,LOC_0034,2024-01-06,17,8616.39,0.0,146478.63,Retail
TXN_00150304,CUST_002315,PROD_02304,LOC_0070,2025-11-23,14,7861.51,10.0,99055.03,Online
TXN_00232673,CUST_039165,PROD_02725,LOC_0114,2025-11-13,10,3024.18,10.0,27217.62,Online
TXN_00356659,CUST_012682,PROD_00786,LOC_0188,2021-08-06,18,9199.57,0.0,165592.26,Direct Sales
TXN_00174903,CUST_025252,PROD_00365,LOC_0067,2024-10-20,13,3845.94,20.0,39997.78,Direct Sales
TXN_00164223,CUST_017762,PROD_04545,LOC_0223,2024-03-27,2,3780.49,10.0,6804.88,Retail
TXN_00200259,,PROD_02047,LOC_0212,2025-11-24,11,9561.05,5.0,99912.97,Partner
TXN_00129556,CUST_042303,PROD_01675,LOC_0233,2025-04-25,3,5132.18,15.0,13087.06,Retail
TXN_00086452,CUST_008301,PROD_00198,LOC_0062,2025-03-19,17,7063.9,15.0,102073.35,Retail
TXN_00374364,CUST_026074,PROD_03423,LOC_0064,2024-02-10,12,5718.88,10.0,61763.9,Online
TXN_00204868,CUST_041421,PROD_02963,LOC_0011,2025-08-26,15,1514.45,15.0,19309.24,Online
TXN_00394848,CUST_040786,PROD_00984,LOC_0154,2024-12-04,11,5781.16,0.0,63592.76,Partner
TXN_00491661,CUST_008237,PROD_03613,LOC_0001,2022-11-30,10,8533.62,20.0,68268.96,Direct Sales
TXN_00299542,CUST_006089,PROD_02925,LOC_0160,2021-09-30,19,2094.73,0.0,39799.87,Partner
TXN_00297004,CUST_046456,PROD_04957,LOC_0211,2025-08-26,18,503.49,20.0,7250.26,Direct Sales
TXN_00240804,CUST_037661,PROD_03096,LOC_0161,2024-05-11,11,8776.4,5.0,91713.38,Direct Sales
TXN_00498082,CUST_005664,PROD_02369,LOC_0167,2025-02-22,19,501.67,10.0,8578.56,Retail
TXN_00226522,CUST_016277,PROD_04053,LOC_0197,2022-03-21,19,4819.97,0.0,91579.43,Online
TXN_00455337,CUST_044999,PROD_02300,LOC_0209,2021-11-07,16,3988.33,20.0,51050.62,Partner
TXN_00346673,CUST_016610,PROD_04103,LOC_0172,2022-12-02,9,4214.01,15.0,32237.18,Direct Sales
TXN_00436829,CUST_037693,PROD_03707,LOC_0017,2023-04-29,19,5795.22,15.0,93592.8,Retail
TXN_00027298,CUST_021012,PROD_01932,LOC_0108,2025-09-06,1,4153.97,20.0,3323.18,Direct Sales
TXN_00024741,CUST_018825,PROD_00437,LOC_0028,2021-03-16,9,1503.28,15.0,11500.09,Partner
TXN_00061390,CUST_002793,PROD_03471,LOC_0158,2021-07-12,7,8936.94,20.0,50046.86,Direct Sales
TXN_00076114,CUST_012249,PROD_03481,LOC_0006,2022-01-18,4,8055.09,5.0,30609.34,Retail
TXN_00041100,CUST_036634,PROD_04450,LOC_0004,2023-11-19,3,7129.86,0.0,21389.58,Partner
TXN_00297552,CUST_045613,PROD_04661,LOC_0099,2021-09-01,1,5033.89,15.0,4278.81,Direct Sales
TXN_00400923,CUST_011696,PROD_04573,LOC_0114,2025-08-27,19,2711.21,0.0,51512.99,Retail
TXN_00273398,CUST_003320,PROD_01229,LOC_0040,2023-05-22,13,5830.31,15.0,64424.93,Retail
TXN_00205279,CUST_030278,PROD_01373,LOC_0023,2021-11-22,6,147.64,15.0,752.96,Retail
TXN_00124417,CUST_046287,PROD_02591,LOC_0180,2021-02-11,15,4488.65,0.0,67329.75,Online
TXN_00159592,CUST_012928,PROD_02075,LOC_0135,2024-09-29,5,3770.09,15.0,16022.88,Online
TXN_00445955,CUST_020584,PROD_00713,LOC_0128,2023-07-16,9,988.72,20.0,7118.78,Retail
TXN_00374759,CUST_040887,PROD_04633,LOC_0070,2026-03-03,8,3509.56,20.0,22461.18,Online
TXN_00158442,CUST_037812,PROD_04326,LOC_0027,2022-07-21,4,4412.5,15.0,15002.5,Direct Sales
TXN_00495500,CUST_033159,PROD_03153,LOC_0164,2025-06-25,2,3491.22,5.0,6633.32,Online
TXN_00275052,CUST_012079,PROD_02297,LOC_0079,2026-06-15,12,3625.42,5.0,41329.79,Online
TXN_00033505,CUST_023594,PROD_01372,LOC_0138,2022-06-30,14,1725.89,20.0,19329.97,Retail
TXN_00367027,CUST_015915,PROD_02694,LOC_0243,2022-09-05,6,5706.1,5.0,32524.77,Retail
TXN_00254387,CUST_007469,PROD_04344,LOC_0161,2024-03-19,1,7369.66,5.0,7001.18,Online
TXN_00491722,CUST_025385,PROD_00663,LOC_0114,2024-07-19,1,1161.37,10.0,1045.23,Direct Sales
TXN_00101418,CUST_011933,PROD_00402,LOC_0019,2023-12-26,5,5265.51,0.0,26327.55,Retail
TXN_00065062,CUST_043382,PROD_03931,LOC_0182,2021-11-10,17,1967.86,20.0,26762.9,Online
TXN_00044904,CUST_021978,PROD_00108,LOC_0142,2022-01-27,5,4974.42,0.0,24872.1,Direct Sales
TXN_00411711,CUST_001345,PROD_01932,LOC_0189,2024-05-25,16,8047.19,20.0,103004.03,Direct Sales
TXN_00408475,CUST_045147,PROD_01483,LOC_0232,2025-10-23,19,4475.89,15.0,72285.62,Online
TXN_00288470,CUST_013605,PROD_02656,LOC_0238,2025-06-23,11,7778.7,0.0,85565.7,Partner
TXN_00374009,CUST_018730,PROD_01963,LOC_0119,2023-12-05,17,7364.97,15.0,106423.82,Online
TXN_00103107,CUST_048184,PROD_02404,LOC_0056,2021-10-21,13,7201.09,15.0,79572.04,Partner
TXN_00186586,CUST_008754,PROD_04553,LOC_0223,2025-11-21,9,958.47,10.0,7763.61,Partner
TXN_00449010,CUST_012098,PROD_00381,LOC_0140,2023-04-13,3,8982.16,15.0,22904.51,Partner
TXN_00477651,CUST_004564,PROD_02969,LOC_0153,2023-06-18,5,8983.16,5.0,42670.01,Partner
TXN_00346004,CUST_035161,PROD_04501,LOC_0133,2023-02-12,8,2471.32,20.0,15816.45,Partner
TXN_00449844,,PROD_02144,LOC_0140,2021-06-14,19,3383.03,10.0,57849.81,Online
TXN_00236818,CUST_022652,PROD_01144,LOC_0050,2024-06-22,9,7650.2,5.0,65409.21,Partner
TXN_00202910,CUST_017854,PROD_03819,LOC_0103,2021-01-18,17,477.66,5.0,7714.21,Online
TXN_00288537,CUST_041167,PROD_00873,LOC_0180,2022-05-28,2,1878.27,15.0,3193.06,Online
TXN_00252928,CUST_001304,PROD_04476,LOC_0078,2026-02-02,3,5275.57,0.0,15826.71,Online
TXN_00459709,CUST_019996,PROD_03451,LOC_0136,2026-03-12,5,9085.13,15.0,38611.8,Online
TXN_00352844,CUST_003608,PROD_00160,LOC_0038,2023-01-29,15,8732.25,0.0,130983.75,Online
TXN_00034791,CUST_005269,PROD_01502,LOC_0114,2021-09-11,11,7466.38,5.0,78023.67,Retail
TXN_00438878,CUST_014803,PROD_04161,LOC_0161,2022-07-13,11,4424.4,0.0,48668.4,Direct Sales
TXN_00194824,CUST_013879,PROD_04361,LOC_0013,2021-06-15,8,2710.15,10.0,19513.08,Retail
TXN_00293380,CUST_004643,PROD_01740,LOC_0245,2026-02-20,2,3040.13,10.0,5472.23,Online
TXN_00332244,CUST_008836,PROD_01760,LOC_0002,2026-04-21,5,8907.26,10.0,40082.67,Direct Sales
TXN_00365745,CUST_040319,PROD_01832,LOC_0218,2023-10-12,5,9646.58,10.0,43409.61,Retail
TXN_00058536,CUST_028629,PROD_00185,LOC_0206,2022-06-12,1,4473.81,15.0,3802.74,Direct Sales
TXN_00175827,CUST_008555,PROD_00381,LOC_0129,2025-03-07,7,5519.39,5.0,36703.94,Retail
TXN_00417302,CUST_010886,PROD_04608,LOC_0157,2023-08-05,19,784.37,0.0,14903.03,Retail
TXN_00416457,CUST_018983,PROD_02220,LOC_0023,2026-06-19,13,2906.55,20.0,30228.12,Direct Sales
TXN_00469415,CUST_047584,PROD_02013,LOC_0122,2021-07-02,4,6884.53,5.0,26161.21,Retail
TXN_00426822,CUST_029460,PROD_02165,LOC_0023,2021-10-17,8,6061.39,5.0,46066.56,Online
TXN_00017201,,PROD_00450,LOC_0030,2022-11-13,10,628.39,15.0,5341.32,Direct Sales
TXN_00107333,CUST_001776,PROD_04808,LOC_0057,2021-11-06,18,9234.96,0.0,166229.28,Retail
TXN_00274258,CUST_043022,PROD_00542,LOC_0075,2024-12-25,17,2074.07,20.0,28207.35,Online
TXN_00074807,CUST_029492,PROD_02639,LOC_0128,2021-01-31,1,1936.8,15.0,1646.28,Retail
TXN_00161194,CUST_011443,PROD_00448,LOC_0167,2022-08-23,9,5126.58,10.0,41525.3,Direct Sales
TXN_00099658,CUST_027198,PROD_01341,LOC_0200,2021-08-16,18,3909.72,5.0,66856.21,Partner
TXN_00083809,CUST_015362,PROD_00231,LOC_0209,2025-11-30,10,6680.9,5.0,63468.55,Retail
TXN_00322779,CUST_047574,PROD_01340,LOC_0071,2021-08-10,1,1223.33,20.0,978.66,Online
TXN_00277565,CUST_010113,PROD_03252,LOC_0043,2025-08-04,12,9324.26,10.0,100702.01,Partner
TXN_00109926,CUST_002811,PROD_00837,LOC_0206,2025-12-08,12,9581.4,5.0,109227.96,Online
TXN_00188478,CUST_045540,PROD_00158,LOC_0139,2025-08-20,10,6851.57,0.0,68515.7,Partner
TXN_00298624,CUST_039125,PROD_02648,LOC_0064,2021-06-26,18,4341.17,20.0,62512.85,Direct Sales
TXN_00439725,CUST_019874,PROD_04548,LOC_0147,2021-11-12,4,9945.95,10.0,35805.42,Retail
TXN_00429368,CUST_030832,PROD_04036,LOC_0222,2025-08-17,10,3490.07,10.0,31410.63,Direct Sales
TXN_00245849,CUST_001752,PROD_04969,LOC_0013,2026-05-17,16,9836.96,0.0,157391.36,Partner
TXN_00482058,CUST_029072,PROD_02497,LOC_0135,2024-10-17,13,593.29,0.0,7712.77,Partner
TXN_00354179,CUST_036857,PROD_01364,LOC_0065,2023-03-09,13,230.12,15.0,2542.83,Partner
TXN_00382005,CUST_032034,PROD_03419,LOC_0147,2023-07-27,11,1984.11,5.0,20733.95,Direct Sales
TXN_00266281,CUST_035771,PROD_00369,LOC_0207,2022-10-02,1,8714.94,15.0,7407.7,Partner
TXN_00436900,CUST_010987,PROD_02544,LOC_0118,2021-08-29,8,6386.18,0.0,51089.44,Direct Sales
TXN_00477076,CUST_025225,PROD_02480,LOC_0163,2024-01-02,9,5788.42,10.0,46886.2,Partner
TXN_00424876,CUST_032926,PROD_02446,LOC_0079,2026-05-19,6,3078.96,10.0,16626.38,Retail
TXN_00221252,CUST_031680,PROD_00454,LOC_0090,2023-01-05,4,2620.85,10.0,9435.06,Retail
TXN_00260682,CUST_048232,PROD_01088,LOC_0065,2021-03-16,11,5285.64,5.0,55234.94,Retail
TXN_00470643,CUST_012749,PROD_01005,LOC_0230,2024-03-06,15,7604.03,0.0,114060.45,Online
TXN_00415014,CUST_020111,PROD_00629,LOC_0160,2023-09-24,7,5612.96,15.0,33397.11,Online
TXN_00043604,CUST_002148,PROD_00840,LOC_0028,2022-02-27,8,692.42,20.0,4431.49,Partner
TXN_00013558,CUST_007742,PROD_00530,LOC_0188,2022-03-20,19,6777.86,5.0,122340.37,Online
TXN_00250373,CUST_044918,PROD_04015,LOC_0007,2025-07-30,13,2335.99,10.0,27331.08,Partner
TXN_00413291,CUST_027049,PROD_00150,LOC_0121,2021-09-05,5,3099.02,5.0,14720.34,Retail
TXN_00345642,CUST_029031,PROD_04292,LOC_0141,2025-07-05,15,660.46,10.0,8916.21,Partner
TXN_00239556,CUST_024416,PROD_04283,LOC_0027,2021-12-05,1,9092.9,10.0,8183.61,Partner
TXN_00217818,CUST_027905,PROD_00143,LOC_0065,2022-11-16,14,6597.96,15.0,78515.72,Retail
TXN_00404095,CUST_032173,PROD_03447,LOC_0110,2024-08-25,1,4903.63,15.0,4168.09,Partner
TXN_00199233,CUST_005272,PROD_04530,LOC_0046,2024-02-19,4,4916.47,0.0,19665.88,Retail
TXN_00137273,CUST_007810,PROD_01782,LOC_0225,2024-03-30,15,8439.98,5.0,120269.72,Partner
TXN_00037123,CUST_015180,PROD_01504,LOC_0025,2022-11-30,10,4749.62,20.0,37996.96,Retail
TXN_00480449,,PROD_01964,LOC_0220,2021-02-02,15,5117.28,0.0,76759.2,Retail
TXN_00251121,CUST_024724,PROD_00769,LOC_0040,2022-11-12,18,1876.72,20.0,27024.77,Direct Sales
TXN_00123708,CUST_018385,PROD_03271,LOC_0104,2021-12-06,4,4236.77,10.0,15252.37,Direct Sales
TXN_00474887,CUST_039348,PROD_00063,LOC_0090,2026-02-10,2,9545.7,5.0,18136.83,Online
TXN_00328763,CUST_048383,PROD_04942,LOC_0157,2022-03-06,2,3848.01,5.0,7311.22,Partner
TXN_00445232,CUST_029979,PROD_02283,LOC_0156,2025-11-06,7,5202.14,5.0,34594.23,Online
TXN_00018324,CUST_009401,PROD_00255,LOC_0236,2025-10-12,9,4902.02,20.0,35294.54,Retail
TXN_00475264,,PROD_01225,LOC_0019,2021-10-17,17,375.12,0.0,6377.04,Partner
TXN_00271275,CUST_020092,PROD_04914,LOC_0156,2022-02-26,1,4180.78,10.0,3762.7,Direct Sales
TXN_00095952,CUST_009584,PROD_02078,LOC_0108,2024-03-01,14,3622.61,15.0,43109.06,Online
TXN_00305044,CUST_003271,PROD_00401,LOC_0042,2025-09-28,1,2286.16,15.0,1943.24,Partner
TXN_00382327,CUST_049046,PROD_04363,LOC_0137,2023-02-01,11,8113.23,10.0,80320.98,Direct Sales
TXN_00276334,CUST_010564,PROD_00676,LOC_0173,2021-11-23,1,5194.36,20.0,4155.49,Retail
TXN_00366775,CUST_049188,PROD_02984,LOC_0037,2022-01-21,18,3276.66,5.0,56030.89,Partner
TXN_00242993,CUST_002792,PROD_01165,LOC_0031,2024-08-30,10,2781.75,0.0,27817.5,Direct Sales
TXN_00232558,CUST_034656,PROD_01046,LOC_0037,2025-04-30,9,2004.01,5.0,17134.29,Partner
TXN_00331817,CUST_013505,PROD_04515,LOC_0128,2026-05-31,18,2612.65,20.0,37622.16,Online
TXN_00486864,CUST_004377,PROD_01147,LOC_0108,2021-09-15,17,7934.55,5.0,128142.98,Online
TXN_00265950,CUST_002406,PROD_02309,LOC_0212,2026-01-09,19,8912.07,20.0,135463.46,Partner
TXN_00005091,CUST_034847,PROD_00978,LOC_0147,2023-11-17,14,4339.2,10.0,54673.92,Direct Sales
TXN_00145232,CUST_032449,PROD_02186,LOC_0073,2025-01-06,11,1986.11,10.0,19662.49,Online
TXN_00092121,CUST_029930,PROD_03394,LOC_0167,2023-08-29,10,6410.26,15.0,54487.21,Partner
TXN_00401917,CUST_003431,PROD_02021,LOC_0233,2023-04-07,15,9071.49,0.0,136072.35,Direct Sales
TXN_00478861,CUST_033968,PROD_03595,LOC_0078,2022-01-03,14,8530.3,20.0,95539.36,Partner
TXN_00498439,CUST_043209,PROD_00864,LOC_0190,2021-12-05,7,9886.75,0.0,69207.25,Partner
TXN_00327298,CUST_031035,PROD_01419,LOC_0248,2024-05-07,13,6257.1,0.0,81342.3,Partner
TXN_00247926,CUST_005435,PROD_01585,LOC_0022,2023-05-31,17,9304.8,5.0,150272.52,Retail
TXN_00212469,CUST_034130,PROD_02088,LOC_0135,2023-02-10,14,5076.79,10.0,63967.55,Retail
TXN_00163575,,PROD_02981,LOC_0237,2024-01-10,8,6550.77,0.0,52406.16,Partner
TXN_00169348,CUST_036312,PROD_03995,LOC_0019,2024-05-25,9,9020.65,10.0,73067.26,Retail
TXN_00106913,CUST_013340,PROD_01552,LOC_0128,2026-04-12,8,6436.07,15.0,43765.28,Direct Sales
TXN_00380094,CUST_041299,PROD_01699,LOC_0213,2022-09-07,13,9459.45,0.0,122972.85,Partner
TXN_00402172,CUST_032642,PROD_01822,LOC_0063,2021-07-01,13,3813.89,15.0,42143.48,Online
TXN_00083573,CUST_046816,PROD_02326,LOC_0085,2024-11-20,2,3068.24,10.0,5522.83,Online
TXN_00236065,CUST_046235,PROD_04676,LOC_0173,2025-01-19,2,5331.1,5.0,10129.09,Partner
TXN_00264460,CUST_029964,PROD_02042,LOC_0098,2023-05-26,4,9584.36,5.0,36420.57,Online
TXN_00005214,CUST_043558,PROD_02513,LOC_0163,2025-07-07,5,8374.61,10.0,37685.75,Partner
TXN_00083152,CUST_039645,PROD_00979,LOC_0057,2025-02-20,15,2118.96,15.0,27016.74,Partner
TXN_00148300,CUST_032444,PROD_01021,LOC_0066,2023-10-15,12,3618.57,20.0,34738.27,Direct Sales
TXN_00222811,CUST_040552,PROD_02925,LOC_0095,2022-05-01,8,3194.72,10.0,23001.98,Online
TXN_00244703,CUST_023432,PROD_04427,LOC_0068,2021-12-17,5,5344.7,10.0,24051.15,Partner
TXN_00203778,CUST_003671,PROD_03847,LOC_0155,2024-02-13,13,7336.93,0.0,95380.09,Partner
TXN_00182728,CUST_037948,PROD_04008,LOC_0220,2022-01-31,3,6748.9,15.0,17209.69,Retail
TXN_00188787,CUST_041874,PROD_04409,LOC_0056,2024-04-14,13,7684.2,15.0,84910.41,Direct Sales
TXN_00416312,CUST_047697,PROD_02383,LOC_0039,2022-05-06,10,9034.54,10.0,81310.86,Retail
TXN_00427911,,PROD_03217,LOC_0045,2021-06-01,7,2636.66,0.0,18456.62,Retail
TXN_00171149,CUST_047838,PROD_04010,LOC_0007,2023-07-19,13,9915.94,15.0,109571.14,Retail
TXN_00435385,CUST_029405,PROD_02752,LOC_0060,2025-07-02,16,1435.11,15.0,19517.5,Retail
TXN_00246360,CUST_004644,PROD_02803,LOC_0009,2021-07-03,16,8676.78,15.0,118004.21,Retail
TXN_00333548,CUST_045618,PROD_04078,LOC_0220,2022-02-08,18,7823.13,15.0,119693.89,Online
TXN_00113570,CUST_008203,PROD_01884,LOC_0098,2022-06-30,4,7954.01,20.0,25452.83,Online
TXN_00165413,CUST_047522,PROD_04724,LOC_0163,2025-03-14,17,4504.57,10.0,68919.92,Direct Sales
TXN_00469566,CUST_003432,PROD_00502,LOC_0207,2022-09-09,5,7609.97,10.0,34244.86,Retail
TXN_00471972,CUST_009319,PROD_03167,LOC_0122,2026-02-12,3,2793.16,20.0,6703.58,Direct Sales
TXN_00202195,CUST_044547,PROD_02531,LOC_0221,2022-08-05,13,4436.61,15.0,49024.54,Online
TXN_00153277,CUST_033196,PROD_02044,LOC_0201,2025-12-07,11,8021.68,0.0,88238.48,Online
TXN_00129854,CUST_009278,PROD_03594,LOC_0004,2025-04-13,10,7529.99,15.0,64004.91,Direct Sales
TXN_00238018,CUST_040006,PROD_00349,LOC_0222,2022-08-01,1,7279.61,0.0,7279.61,Online
TXN_00105972,CUST_013641,PROD_04913,LOC_0037,2023-10-01,15,1448.37,15.0,18466.72,Partner
TXN_00070318,CUST_025565,PROD_01114,LOC_0002,2021-12-06,3,3955.87,15.0,10087.47,Direct Sales
TXN_00454848,CUST_043804,PROD_03743,LOC_0132,2025-04-24,16,384.48,15.0,5228.93,Online
TXN_00321268,CUST_008608,PROD_03955,LOC_0092,2025-08-31,17,5184.69,10.0,79325.76,Partner
TXN_00157424,CUST_003564,PROD_04433,LOC_0096,2021-02-17,9,8487.59,15.0,64930.06,Direct Sales
TXN_00145651,CUST_042660,PROD_04316,LOC_0243,2025-03-01,13,8439.84,10.0,98746.13,Online
TXN_00372134,CUST_017656,PROD_03429,LOC_0032,2025-05-06,10,2558.69,5.0,24307.56,Direct Sales
TXN_00460954,CUST_008149,PROD_01953,LOC_0098,2022-10-29,3,4062.03,20.0,9748.87,Online
TXN_00167315,CUST_032997,PROD_03058,LOC_0248,2025-11-25,12,8989.07,15.0,91688.51,Direct Sales
TXN_00357637,CUST_037465,PROD_00753,LOC_0103,2021-01-07,2,3325.07,15.0,5652.62,Online
TXN_00390246,CUST_006893,PROD_02373,LOC_0022,2026-03-10,14,4548.76,15.0,54130.24,Retail
TXN_00130101,CUST_043446,PROD_02220,LOC_0014,2021-07-06,4,3367.58,5.0,12796.8,Partner
TXN_00463140,CUST_040656,PROD_01232,LOC_0212,2026-02-18,6,4737.8,20.0,22741.44,Online
TXN_00067857,CUST_023505,PROD_02267,LOC_0081,2026-01-05,4,2972.4,20.0,9511.68,Partner
TXN_00375387,CUST_004342,PROD_04467,LOC_0092,2026-02-12,4,2582.89,10.0,9298.4,Online
TXN_00054949,CUST_044224,PROD_03889,LOC_0154,2023-04-11,10,1798.52,0.0,17985.2,Retail
TXN_00191302,CUST_011245,PROD_02545,LOC_0180,2023-04-27,19,6211.36,5.0,112115.05,Direct Sales
TXN_00142312,CUST_007946,PROD_03917,LOC_0027,2025-06-26,14,1721.01,15.0,20480.02,Direct Sales
TXN_00311529,CUST_028978,PROD_00702,LOC_0018,2022-03-09,2,3620.3,0.0,7240.6,Online
TXN_00436526,CUST_021986,PROD_02601,LOC_0152,2024-10-08,10,1308.3,0.0,13083.0,Online
TXN_00303374,CUST_002449,PROD_00658,LOC_0174,2025-01-14,18,830.15,20.0,11954.16,Retail
TXN_00162091,CUST_040413,PROD_00118,LOC_0115,2023-10-22,15,9940.52,0.0,149107.8,Partner
TXN_00225216,CUST_008803,PROD_02802,LOC_0074,2022-06-22,15,1580.9,10.0,21342.15,Partner
TXN_00466385,CUST_016876,PROD_01106,LOC_0031,2023-09-09,13,6381.22,15.0,70512.48,Online
TXN_00361441,CUST_012441,PROD_04627,LOC_0109,2021-11-11,3,6682.39,20.0,16037.74,Online
TXN_00060191,CUST_045782,PROD_04153,LOC_0117,2025-08-02,14,3072.55,15.0,36563.34,Partner
TXN_00348466,CUST_037068,PROD_03953,LOC_0249,2024-01-01,10,5432.43,0.0,54324.3,Retail
TXN_00484308,CUST_014651,PROD_03924,LOC_0096,2022-10-20,18,2793.74,0.0,50287.32,Partner
TXN_00291867,CUST_027170,PROD_02597,LOC_0143,2025-05-03,9,3056.31,5.0,26131.45,Retail
TXN_00191127,CUST_021585,PROD_01000,LOC_0067,2022-10-07,16,7824.39,10.0,112671.22,Retail
TXN_00020885,CUST_032944,PROD_01941,LOC_0077,2024-03-20,11,1791.25,0.0,19703.75,Online
TXN_00276119,CUST_000943,PROD_01655,LOC_0190,2024-01-13,11,6665.87,5.0,69658.34,Partner
TXN_00125228,CUST_003772,PROD_02250,LOC_0117,2023-02-28,5,5642.95,20.0,22571.8,Online
TXN_00485566,CUST_016266,PROD_03757,LOC_0056,2021-11-14,13,8322.05,5.0,102777.32,Retail
TXN_00393819,CUST_040158,PROD_04732,LOC_0201,2025-01-07,16,1119.99,5.0,17023.85,Retail
TXN_00080257,CUST_027522,PROD_00985,LOC_0030,2026-02-05,3,1433.67,10.0,3870.91,Online
TXN_00113304,CUST_016766,PROD_00911,LOC_0017,2022-12-27,11,2302.77,5.0,24063.95,Online
TXN_00233171,CUST_001630,PROD_02639,LOC_0153,2026-05-31,5,9979.83,10.0,44909.24,Retail
TXN_00262334,CUST_017084,PROD_00060,LOC_0028,2023-08-28,4,912.48,15.0,3102.43,Direct Sales
TXN_00437399,CUST_004589,PROD_00684,LOC_0110,2023-09-27,12,8885.68,5.0,101296.75,Partner
TXN_00197469,CUST_008132,PROD_04444,LOC_0005,2026-02-21,17,8328.96,0.0,141592.32,Partner
TXN_00096540,CUST_026255,PROD_02448,LOC_0069,2022-10-01,19,7178.07,0.0,136383.33,Retail
TXN_00139111,,PROD_03356,LOC_0037,2023-12-03,4,2137.74,15.0,7268.32,Retail
TXN_00271730,CUST_012944,PROD_02873,LOC_0008,2025-11-11,19,7625.58,5.0,137641.72,Online
TXN_00378462,CUST_001354,PROD_04112,LOC_0223,2023-11-29,7,252.51,15.0,1502.43,Partner
TXN_00135688,CUST_002302,PROD_00524,LOC_0194,2021-05-11,19,5725.47,5.0,103344.73,Retail
TXN_00060580,CUST_023203,PROD_02312,LOC_0068,2022-03-14,1,8707.27,20.0,6965.82,Direct Sales
TXN_00016668,CUST_041819,PROD_03941,LOC_0170,2024-07-22,1,1044.49,0.0,1044.49,Retail
TXN_00390154,CUST_043708,PROD_03636,LOC_0247,2024-10-29,19,4908.73,10.0,83939.28,Online
TXN_00139990,CUST_040023,PROD_03405,LOC_0081,2024-02-03,14,4435.19,15.0,52778.76,Direct Sales
TXN_00481169,CUST_016006,PROD_03356,LOC_0157,2024-04-18,7,6374.7,20.0,35698.32,Online
TXN_00256442,CUST_026962,PROD_04401,LOC_0114,2022-04-05,18,8684.03,5.0,148496.91,Direct Sales
TXN_00479919,CUST_004324,PROD_04667,LOC_0020,2022-11-10,9,7203.28,15.0,55105.09,Direct Sales
TXN_00017776,CUST_042056,PROD_00303,LOC_0090,2023-08-12,17,6895.37,20.0,93777.03,Retail
TXN_00247634,CUST_033357,PROD_02847,LOC_0120,2022-06-07,9,4462.42,0.0,40161.78,Retail
TXN_00393034,,PROD_00309,LOC_0244,2024-06-03,-1,860.13,0.0,14622.21,Online
TXN_00219786,CUST_019089,PROD_02992,LOC_0218,2022-06-17,16,1037.3,15.0,14107.28,Partner
TXN_00086884,CUST_014771,PROD_02627,LOC_0177,2021-02-08,11,5239.83,5.0,54756.22,Online
TXN_00292996,CUST_027880,PROD_00362,LOC_0034,2021-12-03,7,5701.54,0.0,39910.78,Partner
TXN_00140597,CUST_002403,PROD_04393,LOC_0214,2025-06-30,14,1527.05,20.0,17102.96,Partner
TXN_00376226,CUST_015214,PROD_00853,LOC_0060,2024-06-22,3,9816.21,5.0,27976.2,Partner
TXN_00044689,CUST_032591,PROD_00747,LOC_0010,2024-11-18,14,4202.66,10.0,52953.52,Retail
TXN_00427977,CUST_025889,PROD_02906,LOC_0019,2021-07-23,2,5170.01,20.0,8272.02,Direct Sales
TXN_00018120,CUST_012954,PROD_03778,LOC_0139,2022-11-12,2,6114.44,10.0,11005.99,Online
TXN_00355784,CUST_027966,PROD_03823,LOC_0188,2024-12-15,18,348.71,0.0,6276.78,Online
TXN_00254852,CUST_001416,PROD_02633,LOC_0079,2025-12-21,9,4290.96,20.0,30894.91,Online
TXN_00133043,CUST_032533,PROD_01171,LOC_0034,2022-01-15,11,8326.29,10.0,82430.27,Direct Sales
TXN_00390405,CUST_030460,PROD_04458,LOC_0052,2026-04-16,19,4953.24,0.0,94111.56,Partner
TXN_00398841,CUST_027844,PROD_02433,LOC_0209,2023-02-06,10,5865.53,5.0,55722.54,Retail
TXN_00007434,CUST_045994,PROD_03634,LOC_0057,2021-08-20,4,8984.18,5.0,34139.88,Partner
TXN_00254454,CUST_048042,PROD_04104,LOC_0140,2025-10-31,8,9397.53,0.0,75180.24,Direct Sales
TXN_00245291,CUST_047273,PROD_01201,LOC_0187,2022-07-03,3,3579.86,20.0,8591.66,Online
TXN_00033035,CUST_037312,PROD_02548,LOC_0089,2021-12-08,8,498.09,15.0,3387.01,Online
TXN_00017638,CUST_022215,PROD_01363,LOC_0040,2025-08-16,5,6210.22,0.0,31051.1,Direct Sales
TXN_00392838,CUST_012076,PROD_01603,LOC_0069,2024-09-05,9,9313.67,15.0,71249.58,Retail
TXN_00478558,CUST_038610,PROD_01831,LOC_0148,2022-07-02,1,4469.53,0.0,4469.53,Partner
TXN_00309256,CUST_023421,PROD_02010,LOC_0244,2024-06-06,3,3190.1,10.0,8613.27,Direct Sales
TXN_00331686,CUST_048505,PROD_00919,LOC_0244,2022-08-12,5,6988.7,15.0,29701.98,Retail
TXN_00319258,CUST_042061,PROD_01680,LOC_0032,2025-03-14,19,3188.89,0.0,60588.91,Retail
TXN_00424753,CUST_042688,PROD_02837,LOC_0153,2026-03-11,10,5818.71,10.0,52368.39,Retail
TXN_00058752,CUST_012315,PROD_03979,LOC_0144,2025-07-30,2,1805.55,5.0,3430.54,Online
TXN_00440605,CUST_005670,PROD_04979,LOC_0008,2024-05-02,1,9083.71,5.0,8629.52,Direct Sales
TXN_00401324,CUST_027331,PROD_01843,LOC_0046,2023-10-12,7,8194.65,20.0,45890.04,Retail
TXN_00250158,CUST_023128,PROD_00187,LOC_0131,2023-03-10,6,1208.63,10.0,6526.6,Direct Sales
TXN_00358558,CUST_035690,PROD_00244,LOC_0115,2024-09-24,4,8121.35,0.0,32485.4,Online
TXN_00362466,CUST_007127,PROD_01469,LOC_0098,2023-03-25,12,9733.99,15.0,99286.7,Direct Sales
TXN_00188681,CUST_002942,PROD_03371,LOC_0213,2022-08-12,15,6014.01,10.0,81189.14,Retail
TXN_00195318,CUST_044808,PROD_01886,LOC_0053,2021-12-30,18,9636.91,20.0,138771.5,Online
TXN_00480425,CUST_018006,PROD_00030,LOC_0049,2023-10-02,7,7873.3,20.0,44090.48,Retail
TXN_00005645,CUST_011428,PROD_02705,LOC_0086,2024-07-17,17,1959.63,10.0,29982.34,Online
TXN_00138696,CUST_034671,PROD_04190,LOC_0036,2023-03-15,3,2843.01,0.0,8529.03,Direct Sales
TXN_00092017,CUST_040683,PROD_00272,LOC_0113,2024-11-05,5,5911.12,15.0,25122.26,Retail
TXN_00261163,CUST_015507,PROD_01304,LOC_0050,2024-03-10,2,6136.35,20.0,9818.16,Partner
TXN_00402566,CUST_011601,PROD_03784,LOC_0067,2024-09-18,19,1841.48,10.0,31489.31,Partner
TXN_00302200,CUST_044117,PROD_03240,LOC_0085,2021-03-27,12,9122.31,5.0,103994.33,Partner
TXN_00397259,CUST_009592,PROD_04190,LOC_0195,2022-05-16,1,7525.19,10.0,6772.67,Direct Sales
TXN_00403289,CUST_046497,PROD_00771,LOC_0100,2026-02-18,13,8951.18,5.0,110547.07,Online
TXN_00121600,CUST_032920,PROD_03080,LOC_0055,2024-02-29,8,3882.51,20.0,24848.06,Online
TXN_00056355,CUST_039198,PROD_00500,LOC_0034,2021-09-28,8,392.3,0.0,3138.4,Online
TXN_00167916,CUST_032071,PROD_02944,LOC_0067,2025-12-24,2,5135.61,10.0,9244.1,Direct Sales
TXN_00186507,CUST_049421,PROD_02002,LOC_0102,2025-12-19,13,4601.26,20.0,47853.1,Retail
TXN_00198767,CUST_017549,PROD_01793,LOC_0145,2021-03-13,17,7315.7,0.0,124366.9,Retail
TXN_00253148,CUST_015024,PROD_01149,LOC_0227,2022-05-28,12,9115.55,15.0,92978.61,Retail
TXN_00079613,CUST_009106,PROD_00915,LOC_0101,2025-11-16,6,4076.06,15.0,20787.91,Partner
TXN_00340668,CUST_036926,PROD_03919,LOC_0213,2024-12-17,9,2576.42,15.0,19709.61,Partner
TXN_00181235,CUST_039088,PROD_01486,LOC_0142,2025-12-28,9,4232.04,0.0,38088.36,Retail
TXN_00197996,CUST_047105,PROD_04346,LOC_0080,2023-03-06,4,6786.8,5.0,25789.84,Retail
TXN_00230856,CUST_027468,PROD_03627,LOC_0157,2022-08-15,6,2942.08,5.0,16769.86,Retail
TXN_00125946,CUST_018270,PROD_03840,LOC_0234,2025-07-01,11,4711.94,20.0,41465.07,Direct Sales
TXN_00415695,CUST_007520,PROD_02003,LOC_0224,2026-05-17,15,7013.0,20.0,84156.0,Online
TXN_00459194,CUST_047299,PROD_01768,LOC_0140,2023-05-19,6,4727.85,20.0,22693.68,Online
TXN_00363563,CUST_024593,PROD_02480,LOC_0192,2025-07-24,16,3250.97,0.0,52015.52,Direct Sales
TXN_00434271,CUST_034267,PROD_04333,LOC_0103,2021-11-06,17,4783.26,20.0,65052.34,Direct Sales
TXN_00291459,CUST_039195,PROD_04559,LOC_0106,2025-09-27,10,1710.11,0.0,17101.1,Retail
TXN_00037987,,PROD_01199,LOC_0194,2022-07-31,10,4739.94,15.0,40289.49,Partner
TXN_00223708,,PROD_02293,LOC_0237,2024-09-16,13,8746.97,0.0,113710.61,Partner
TXN_00372348,CUST_001476,PROD_03662,LOC_0047,2022-03-09,2,795.92,10.0,1432.66,Partner
TXN_00248714,CUST_032398,PROD_01680,LOC_0115,2023-03-03,19,2106.39,10.0,36019.27,Direct Sales
TXN_00289404,CUST_021288,PROD_04864,LOC_0105,2022-08-22,11,9563.77,5.0,99941.4,Direct Sales
TXN_00137911,CUST_000112,PROD_01894,LOC_0026,2023-01-19,10,1089.19,20.0,8713.52,Direct Sales
TXN_00037848,CUST_028188,PROD_02439,LOC_0094,2025-02-08,3,978.92,10.0,2643.08,Direct Sales
TXN_00032397,CUST_039516,PROD_03317,LOC_0090,2025-10-21,13,9359.98,10.0,109511.77,Direct Sales
TXN_00350285,CUST_035100,PROD_01860,LOC_0217,2023-11-27,10,6343.33,20.0,50746.64,Online
TXN_00143686,CUST_036860,PROD_03731,LOC_0023,2021-03-18,13,3370.0,0.0,43810.0,Retail
TXN_00458796,CUST_027752,PROD_04502,LOC_0016,2026-03-31,4,3918.35,0.0,15673.4,Retail
TXN_00072720,CUST_014582,PROD_01788,LOC_0142,2022-05-30,17,2801.01,15.0,40474.59,Partner
TXN_00372242,CUST_039942,PROD_02377,LOC_0070,2025-11-03,13,4861.61,10.0,56880.84,Direct Sales
TXN_00272592,CUST_038102,PROD_04624,LOC_0013,2025-06-05,3,4972.75,15.0,12680.51,Direct Sales
TXN_00000522,CUST_019644,PROD_02278,LOC_0065,2022-12-04,11,8788.71,5.0,91842.02,Retail
TXN_00158904,CUST_046994,PROD_03883,LOC_0068,2021-11-26,2,1884.23,15.0,3203.19,Online
TXN_00214903,CUST_018076,PROD_03370,LOC_0189,2026-04-03,13,5322.55,15.0,58814.18,Partner
TXN_00183182,CUST_006714,PROD_04856,LOC_0016,2024-01-10,4,749.53,15.0,2548.4,Direct Sales
TXN_00323051,CUST_035251,PROD_04646,LOC_0076,2025-08-05,15,186.67,10.0,2520.04,Online
TXN_00199314,CUST_032298,PROD_02101,LOC_0122,2022-12-22,3,7793.98,0.0,23381.94,Direct Sales
TXN_00241806,CUST_031208,PROD_02401,LOC_0184,2021-08-11,12,2710.75,0.0,32529.0,Partner
TXN_00350660,CUST_011490,PROD_02206,LOC_0078,2024-09-04,2,4057.9,20.0,6492.64,Retail
TXN_00218398,CUST_049741,PROD_03978,LOC_0156,2025-07-14,15,3263.56,0.0,48953.4,Partner
TXN_00124864,CUST_023506,PROD_01467,LOC_0188,2024-01-07,9,8050.19,10.0,65206.54,Direct Sales
TXN_00418700,CUST_029414,PROD_04769,LOC_0224,2024-05-14,15,6386.76,5.0,91011.33,Retail
TXN_00108855,CUST_015707,PROD_02951,LOC_0195,2026-06-23,3,3457.01,20.0,8296.82,Retail
TXN_00402757,CUST_005182,PROD_03268,LOC_0115,2023-10-17,12,4835.09,10.0,52218.97,Direct Sales
TXN_00246214,CUST_005129,PROD_00161,LOC_0101,2023-05-26,3,3007.42,20.0,7217.81,Online
TXN_00124449,CUST_036921,PROD_04438,LOC_0085,2025-12-01,2,2299.11,5.0,4368.31,Retail
TXN_00327079,CUST_009487,PROD_00888,LOC_0128,2021-08-07,18,6164.49,5.0,105412.78,Retail
TXN_00262221,CUST_029365,PROD_00704,LOC_0038,2021-08-13,8,1765.45,0.0,14123.6,Retail
TXN_00157704,CUST_006202,PROD_01038,LOC_0137,2024-08-20,2,911.33,15.0,1549.26,Direct Sales
TXN_00389918,,PROD_04308,LOC_0189,2023-04-26,10,286.63,5.0,2722.98,Partner
TXN_00460733,CUST_011367,PROD_01581,LOC_0044,2024-12-27,10,8670.96,15.0,73703.16,Direct Sales
TXN_00168860,CUST_041967,PROD_00981,LOC_0172,2022-09-09,12,4760.45,0.0,57125.4,Partner
TXN_00421513,CUST_004907,PROD_03073,LOC_0124,2024-06-30,6,8723.93,0.0,52343.58,Partner
TXN_00097727,CUST_034710,PROD_00744,LOC_0185,2025-02-01,7,9506.58,15.0,56564.15,Partner
TXN_00151898,,PROD_02460,LOC_0089,2025-10-03,11,194.87,10.0,1929.21,Retail
TXN_00408084,CUST_020922,PROD_02900,LOC_0053,2021-09-28,16,3335.0,20.0,42688.0,Partner
TXN_00405223,CUST_004402,PROD_02874,LOC_0034,2021-02-04,18,550.02,0.0,9900.36,Direct Sales
TXN_00133770,CUST_023603,PROD_03138,LOC_0203,2022-06-17,6,9104.8,5.0,51897.36,Online
TXN_00142614,CUST_005582,PROD_01534,LOC_0181,2022-03-20,15,7638.16,10.0,103115.16,Online
TXN_00051628,CUST_000004,PROD_01034,LOC_0116,2025-01-21,19,3777.59,0.0,71774.21,Direct Sales
TXN_00242526,CUST_020066,PROD_04871,LOC_0023,2023-12-28,16,1331.3,0.0,21300.8,Online
TXN_00106221,CUST_030293,PROD_04045,LOC_0051,2022-03-23,4,5745.99,0.0,22983.96,Direct Sales
TXN_00353691,CUST_010899,PROD_01126,LOC_0096,2023-05-24,4,2337.95,20.0,7481.44,Online
TXN_00486706,CUST_000098,PROD_01271,LOC_0121,2023-11-16,2,1222.24,15.0,2077.81,Online
TXN_00455506,CUST_048751,PROD_02685,LOC_0197,2025-06-28,11,2521.47,15.0,23575.74,Retail
TXN_00486299,CUST_011854,PROD_04487,LOC_0021,2021-10-11,5,4743.61,10.0,21346.24,Partner
TXN_00199026,CUST_045037,PROD_02440,LOC_0006,2025-08-14,16,7270.85,5.0,110516.92,Direct Sales
TXN_00031847,CUST_007653,PROD_02198,LOC_0248,2021-12-08,8,7667.2,20.0,49070.08,Direct Sales
TXN_00103742,CUST_012547,PROD_02700,LOC_0075,2025-11-10,6,5973.61,15.0,30465.41,Partner
TXN_00043196,CUST_004670,PROD_03737,LOC_0017,2024-01-28,3,8607.17,15.0,21948.28,Partner
TXN_00016023,,PROD_04914,LOC_0239,2022-08-10,4,8511.87,0.0,34047.48,Partner
TXN_00473880,CUST_016462,PROD_01540,LOC_0245,2025-04-21,7,6335.99,20.0,35481.54,Online
TXN_00031150,CUST_022383,PROD_00304,LOC_0205,2021-10-03,13,9195.38,15.0,101608.95,Online
TXN_00425091,CUST_001566,PROD_02425,LOC_0038,2024-01-04,2,8890.89,20.0,14225.42,Retail
TXN_00131613,CUST_049711,PROD_03985,LOC_0123,2024-12-07,19,896.88,5.0,16188.68,Partner
TXN_00192671,CUST_023740,PROD_01769,LOC_0209,2026-02-28,19,7284.98,10.0,124573.16,Direct Sales
TXN_00247663,CUST_026850,PROD_02219,LOC_0184,2024-06-05,2,7485.5,5.0,14222.45,Partner
TXN_00162211,CUST_038996,PROD_01015,LOC_0020,2021-04-06,3,8416.22,5.0,23986.23,Online
TXN_00150661,CUST_049377,PROD_01970,LOC_0152,2024-08-23,11,4478.04,20.0,39406.75,Online
TXN_00418917,CUST_021676,PROD_03631,LOC_0081,2024-10-01,4,3185.04,0.0,12740.16,Partner
TXN_00463281,CUST_045592,PROD_00069,LOC_0082,2023-12-23,12,9006.68,20.0,86464.13,Direct Sales
TXN_00135136,CUST_001622,PROD_04316,LOC_0073,2023-11-30,14,2245.97,0.0,31443.58,Direct Sales
TXN_00121561,CUST_015751,PROD_04169,LOC_0186,2023-10-25,17,5179.13,0.0,88045.21,Retail
TXN_00485941,CUST_010246,PROD_03645,LOC_0237,2023-02-24,1,7590.96,5.0,7211.41,Partner
TXN_00431441,CUST_028907,PROD_01805,LOC_0092,2026-04-27,6,2971.06,5.0,16935.04,Online
TXN_00246269,CUST_046285,PROD_01694,LOC_0155,2022-07-30,19,421.83,10.0,7213.29,Direct Sales
TXN_00445952,CUST_015821,PROD_03230,LOC_0226,2024-09-30,11,7098.48,5.0,74179.12,Online
TXN_00261848,CUST_008587,PROD_01282,LOC_0184,2023-08-02,16,8233.71,15.0,111978.46,Online
TXN_00003068,CUST_000639,PROD_01225,LOC_0131,2023-12-23,15,573.38,0.0,8600.7,Direct Sales
TXN_00295301,CUST_003341,PROD_01801,LOC_0023,2023-12-30,18,5061.6,15.0,77442.48,Retail
TXN_00191786,CUST_022901,PROD_02169,LOC_0140,2025-05-08,7,240.74,15.0,1432.4,Direct Sales
TXN_00420640,CUST_021123,PROD_04857,LOC_0116,2024-01-31,17,7010.42,15.0,101300.57,Retail
TXN_00354523,CUST_025082,PROD_02482,LOC_0145,2025-03-18,12,3386.55,15.0,34542.81,Partner
TXN_00124681,CUST_045222,PROD_01085,LOC_0124,2025-03-30,9,381.15,10.0,3087.32,Direct Sales
TXN_00116000,CUST_001951,PROD_03323,LOC_0033,2022-11-27,14,6251.46,0.0,87520.44,Retail
TXN_00070550,,PROD_04153,LOC_0181,2022-09-14,2,9646.94,5.0,18329.19,Online
TXN_00491343,CUST_024041,PROD_04046,LOC_0233,2021-11-21,14,2344.45,5.0,31181.18,Retail
TXN_00418191,CUST_035527,PROD_03407,LOC_0062,2024-01-07,17,4827.64,5.0,77966.39,Direct Sales
TXN_00358596,CUST_026911,PROD_00522,LOC_0184,2024-08-28,8,2767.61,10.0,19926.79,Retail
TXN_00020318,CUST_029665,PROD_04750,LOC_0245,2022-11-14,2,6921.14,0.0,13842.28,Direct Sales
TXN_00123260,CUST_015659,PROD_02134,LOC_0063,2023-09-07,5,9602.09,0.0,48010.45,Retail
TXN_00139819,CUST_021316,PROD_02251,LOC_0160,2023-01-16,17,1365.96,20.0,18577.06,Partner
TXN_00197635,CUST_035088,PROD_04635,LOC_0029,2026-06-08,10,5712.98,20.0,45703.84,Online
TXN_00218440,CUST_013808,PROD_01929,LOC_0033,2022-10-05,18,853.23,0.0,15358.14,Direct Sales
TXN_00138874,CUST_040023,PROD_04696,LOC_0240,2026-01-23,15,6744.04,20.0,80928.48,Partner
TXN_00485386,,PROD_01247,LOC_0073,2024-03-29,16,9621.58,20.0,123156.22,Partner
TXN_00082764,CUST_030147,PROD_04851,LOC_0030,2023-10-11,3,8621.93,5.0,24572.5,Retail
TXN_00273234,CUST_020660,PROD_04324,LOC_0044,2026-03-18,13,818.95,10.0,9581.72,Retail
TXN_00268697,CUST_031907,PROD_03943,LOC_0171,2024-07-03,17,1539.34,10.0,23551.9,Retail
TXN_00276885,CUST_022086,PROD_01644,LOC_0207,2023-05-16,2,6339.08,20.0,10142.53,Direct Sales
TXN_00336807,CUST_029626,PROD_04586,LOC_0082,2026-04-15,5,9996.91,20.0,39987.64,Retail
TXN_00201167,CUST_039121,PROD_00100,LOC_0192,2026-02-06,9,1470.7,0.0,13236.3,Partner
TXN_00315193,CUST_040384,PROD_03051,LOC_0138,2023-10-07,9,6424.68,0.0,57822.12,Retail
TXN_00356400,CUST_028406,PROD_02286,LOC_0205,2024-12-31,3,6480.05,0.0,19440.15,Partner
TXN_00224600,CUST_025635,PROD_01506,LOC_0229,2024-03-01,17,2187.47,5.0,35327.64,Retail
TXN_00466136,CUST_047002,PROD_01696,LOC_0037,2021-07-05,13,1335.45,10.0,15624.77,Retail
TXN_00259213,CUST_034798,PROD_01753,LOC_0165,2024-05-24,1,2245.07,5.0,2132.82,Retail
TXN_00298619,CUST_012056,PROD_00829,LOC_0226,2022-05-26,18,4876.86,15.0,74615.96,Online
TXN_00157141,,PROD_02219,LOC_0174,2022-02-05,14,2756.85,10.0,34736.31,Direct Sales
TXN_00065948,CUST_039105,PROD_04274,LOC_0240,2022-09-02,16,6696.74,10.0,96433.06,Online
TXN_00376188,CUST_009626,PROD_02775,LOC_0028,2023-02-12,18,4603.96,0.0,82871.28,Partner
TXN_00057320,CUST_007881,PROD_04617,LOC_0107,2025-05-03,17,3835.01,0.0,65195.17,Online
TXN_00263631,CUST_040286,PROD_04859,LOC_0179,2023-09-07,9,7610.9,0.0,68498.1,Retail
TXN_00344843,CUST_018704,PROD_04004,LOC_0239,2025-04-13,10,7737.29,20.0,61898.32,Retail
TXN_00023030,CUST_021356,PROD_02895,LOC_0073,2022-12-14,19,8192.91,5.0,147882.03,Online
TXN_00449312,CUST_035147,PROD_04790,LOC_0162,2023-09-29,17,9673.94,15.0,139788.43,Online
TXN_00143420,CUST_013811,PROD_03900,LOC_0152,2026-05-15,19,2960.19,20.0,44994.89,Direct Sales
TXN_00242082,CUST_046712,PROD_01179,LOC_0198,2022-11-09,12,8750.01,5.0,99750.11,Online
TXN_00244551,CUST_021714,PROD_04504,LOC_0052,2021-03-05,3,548.6,10.0,1481.22,Direct Sales
TXN_00407502,CUST_008691,PROD_01854,LOC_0032,2021-10-01,4,4493.16,20.0,14378.11,Direct Sales
TXN_00403658,CUST_017226,PROD_02757,LOC_0232,2026-02-14,16,4283.34,0.0,68533.44,Retail
TXN_00287929,CUST_018695,PROD_00169,LOC_0151,2023-09-18,14,2251.34,15.0,26790.95,Direct Sales
TXN_00139569,,PROD_02061,LOC_0216,2022-07-27,19,7970.11,0.0,151432.09,Online
TXN_00317634,CUST_042285,PROD_03466,LOC_0168,2022-12-08,14,8502.94,0.0,119041.16,Direct Sales
TXN_00350136,CUST_013337,PROD_04052,LOC_0189,2021-10-18,6,7484.24,5.0,42660.17,Online
TXN_00298853,CUST_015390,PROD_02515,LOC_0064,2025-03-30,13,1473.45,0.0,19154.85,Partner
TXN_00090401,CUST_029686,PROD_00755,LOC_0060,2023-08-21,11,4636.96,15.0,43355.58,Online
TXN_00387789,CUST_044647,PROD_04320,LOC_0076,2025-05-03,8,8118.43,10.0,58452.7,Online
TXN_00285043,CUST_040956,PROD_03658,LOC_0168,2023-01-02,14,2437.23,0.0,34121.22,Direct Sales
TXN_00457638,CUST_040222,PROD_00621,LOC_0162,2024-11-15,1,2827.46,5.0,2686.09,Online
TXN_00431407,CUST_029335,PROD_02961,LOC_0178,2025-07-04,4,9805.74,0.0,39222.96,Retail
TXN_00310315,CUST_047874,PROD_01100,LOC_0168,2024-03-24,7,3646.91,15.0,21699.11,Partner
TXN_00315300,CUST_012551,PROD_02108,LOC_0072,2024-05-18,10,1754.79,15.0,14915.72,Online
TXN_00013210,CUST_041311,PROD_02563,LOC_0141,2024-07-08,8,7498.31,20.0,47989.18,Retail
TXN_00114678,CUST_046996,PROD_04759,LOC_0183,2024-06-21,15,3531.09,15.0,45021.4,Retail
TXN_00130376,CUST_013091,PROD_04455,LOC_0237,2024-11-26,7,8328.8,0.0,58301.6,Direct Sales
TXN_00366869,CUST_024167,PROD_01023,LOC_0110,2024-03-01,5,8370.58,20.0,33482.32,Online
TXN_00494293,CUST_026143,PROD_00452,LOC_0117,2023-03-29,10,5670.79,20.0,45366.32,Retail
TXN_00024869,CUST_022309,PROD_04082,LOC_0188,2021-03-08,16,9342.37,0.0,149477.92,Online
TXN_00194336,CUST_045370,PROD_02881,LOC_0132,2026-05-01,15,4176.77,0.0,62651.55,Online
TXN_00195224,,PROD_03411,LOC_0037,2022-06-02,5,9445.52,0.0,47227.6,Direct Sales
TXN_00346790,,PROD_03575,LOC_0162,2026-01-24,5,5586.54,20.0,22346.16,Online
TXN_00303174,CUST_047183,PROD_00724,LOC_0160,2022-11-03,3,5345.64,10.0,14433.23,Direct Sales
TXN_00246761,CUST_026219,PROD_01105,LOC_0163,2024-10-23,12,5791.02,15.0,59068.4,Partner
TXN_00454127,CUST_033910,PROD_02522,LOC_0030,2022-05-12,5,7655.77,20.0,30623.08,Online
TXN_00291451,CUST_018027,PROD_02345,LOC_0060,2024-12-27,2,4666.41,15.0,7932.9,Retail
TXN_00200189,CUST_003709,PROD_03446,LOC_0185,2021-09-19,15,9426.99,5.0,134334.61,Online
TXN_00293318,CUST_023670,PROD_02742,LOC_0090,2025-11-12,2,8016.87,10.0,14430.37,Online
TXN_00411010,CUST_043934,PROD_04827,LOC_0147,2025-09-16,10,4590.2,15.0,39016.7,Direct Sales
TXN_00436286,CUST_010613,PROD_01286,LOC_0083,2023-11-18,16,8680.31,15.0,118052.22,Retail
TXN_00004729,CUST_044327,PROD_04866,LOC_0081,2021-04-17,8,1570.8,5.0,11938.08,Online
TXN_00199950,CUST_042940,PROD_02333,LOC_0239,2025-12-27,5,9934.95,20.0,39739.8,Retail
TXN_00204816,CUST_022689,PROD_03333,LOC_0044,2022-09-03,2,6035.27,10.0,10863.49,Online
TXN_00449255,CUST_031780,PROD_00936,LOC_0084,2024-03-10,18,3049.02,20.0,43905.89,Retail
TXN_00318537,CUST_036229,PROD_00229,LOC_0115,2022-09-14,13,2332.15,20.0,24254.36,Retail
TXN_00084722,CUST_003940,PROD_02277,LOC_0022,2025-09-03,1,2240.3,10.0,2016.27,Direct Sales
TXN_00487111,CUST_002913,PROD_00449,LOC_0109,2023-07-02,8,9121.94,15.0,62029.19,Direct Sales
TXN_00470173,CUST_026444,PROD_00232,LOC_0176,2025-02-06,4,5651.81,20.0,18085.79,Direct Sales
TXN_00085110,CUST_005482,PROD_03099,LOC_0080,2021-01-31,5,4527.21,20.0,18108.84,Online
TXN_00031871,CUST_047059,PROD_01098,LOC_0054,2025-07-21,7,6234.63,20.0,34913.93,Retail
TXN_00238857,CUST_030023,PROD_03153,LOC_0149,2025-02-16,5,6672.43,15.0,28357.83,Online
TXN_00254750,CUST_013780,PROD_04035,LOC_0204,2025-12-26,3,2795.7,10.0,7548.39,Partner
TXN_00393550,CUST_009030,PROD_03189,LOC_0182,2024-02-29,7,5412.93,0.0,37890.51,Direct Sales
TXN_00008127,CUST_006583,PROD_02893,LOC_0156,2025-09-14,19,2572.09,15.0,41539.25,Partner
TXN_00259244,CUST_024456,PROD_00088,LOC_0114,2025-11-27,5,7051.34,15.0,29968.19,Partner
TXN_00053985,CUST_024562,PROD_01523,LOC_0021,2022-12-16,11,5121.91,10.0,50706.91,Direct Sales
TXN_00352265,CUST_023484,PROD_03394,LOC_0236,2021-04-19,13,8775.08,20.0,91260.83,Retail
TXN_00127351,,PROD_00984,LOC_0022,2022-01-28,19,7145.66,0.0,135767.54,Retail
TXN_00272387,CUST_023881,PROD_00449,LOC_0077,2023-11-02,-1,2343.71,10.0,14765.37,Retail
TXN_00026902,CUST_020411,PROD_04614,LOC_0014,2026-06-17,10,5634.04,0.0,56340.4,Partner
TXN_00491178,CUST_016449,PROD_01855,LOC_0182,2021-06-04,6,4930.46,0.0,29582.76,Partner
TXN_00377550,CUST_038618,PROD_02325,LOC_0155,2025-05-18,14,7077.52,20.0,79268.22,Direct Sales
TXN_00434856,CUST_044969,PROD_00719,LOC_0185,2023-06-11,6,1122.42,15.0,5724.34,Online
TXN_00178598,CUST_049104,PROD_02601,LOC_0034,2023-06-09,-1,5045.8,10.0,49953.42,Direct Sales
TXN_00468887,CUST_039234,PROD_02856,LOC_0004,2023-11-15,15,4111.56,10.0,55506.06,Retail
TXN_00336453,CUST_017622,PROD_04419,LOC_0246,2021-11-19,19,6756.35,15.0,109115.05,Direct Sales
TXN_00075432,CUST_003824,PROD_03937,LOC_0149,2025-04-28,11,1889.95,0.0,20789.45,Retail
TXN_00349516,,PROD_04883,LOC_0237,2022-12-13,15,7908.4,20.0,94900.8,Partner
TXN_00164894,CUST_034416,PROD_02029,LOC_0124,2024-06-07,6,1037.12,20.0,4978.18,Direct Sales
TXN_00251896,CUST_000673,PROD_03351,LOC_0162,2022-08-20,11,3269.03,5.0,34161.36,Direct Sales
TXN_00268988,CUST_028596,PROD_04846,LOC_0077,2024-12-22,12,1916.99,20.0,18403.1,Online
TXN_00094173,CUST_042067,PROD_02874,LOC_0094,2025-07-21,5,1380.93,15.0,5868.95,Retail
TXN_00238731,CUST_011909,PROD_04896,LOC_0023,2021-03-08,10,9452.6,15.0,80347.1,Direct Sales
TXN_00059609,,PROD_01202,LOC_0147,2022-03-24,14,8591.27,5.0,114263.89,Partner
TXN_00257806,CUST_019021,PROD_03253,LOC_0071,2025-12-04,16,3703.62,5.0,56295.02,Direct Sales
TXN_00403042,CUST_013688,PROD_00171,LOC_0021,2024-12-26,12,1184.21,5.0,13499.99,Retail
TXN_00070567,CUST_046715,PROD_02347,LOC_0094,2022-11-17,10,8742.81,15.0,74313.88,Partner
TXN_00272351,CUST_005882,PROD_03889,LOC_0179,2025-08-30,18,1072.28,5.0,18335.99,Retail
TXN_00254912,CUST_024315,PROD_03921,LOC_0171,2023-02-04,11,3468.77,10.0,34340.82,Partner
TXN_00348198,CUST_010283,PROD_01721,LOC_0013,2024-09-14,5,2819.07,5.0,13390.58,Direct Sales
TXN_00310779,CUST_003958,PROD_00538,LOC_0179,2022-08-06,10,2162.19,15.0,18378.62,Retail
TXN_00126360,CUST_009117,PROD_00530,LOC_0005,2023-01-16,1,4975.63,10.0,4478.07,Direct Sales
TXN_00208120,CUST_028475,PROD_01412,LOC_0114,2021-04-17,11,4154.36,20.0,36558.37,Online
TXN_00438570,CUST_024330,PROD_02284,LOC_0229,2021-08-09,12,743.3,20.0,7135.68,Partner
TXN_00445551,CUST_033369,PROD_01150,LOC_0045,2021-06-14,7,2561.2,5.0,17031.98,Retail
TXN_00451259,CUST_007293,PROD_02965,LOC_0066,2022-04-26,8,5267.57,5.0,40033.53,Retail
TXN_00159079,CUST_037331,PROD_03821,LOC_0136,2025-07-13,19,5938.39,20.0,90263.53,Online
TXN_00286875,CUST_008092,PROD_04904,LOC_0160,2023-05-13,6,6624.95,15.0,33787.24,Retail
TXN_00109466,CUST_016891,PROD_03556,LOC_0080,2023-04-07,10,8122.31,5.0,77161.95,Direct Sales
TXN_00078914,CUST_039381,PROD_04603,LOC_0038,2022-03-28,2,2023.21,5.0,3844.1,Direct Sales
TXN_00414041,CUST_042775,PROD_00469,LOC_0072,2024-02-24,19,5376.67,0.0,102156.73,Online
TXN_00333231,CUST_029691,PROD_04138,LOC_0015,2025-07-24,5,3043.07,10.0,13693.82,Online
TXN_00413600,CUST_002453,PROD_04679,LOC_0208,2022-01-02,8,416.7,15.0,2833.56,Direct Sales
TXN_00335295,CUST_015628,PROD_00790,LOC_0001,2026-01-13,12,9630.5,15.0,98231.1,Partner
TXN_00432489,CUST_027714,PROD_01582,LOC_0212,2023-04-29,12,1442.1,0.0,17305.2,Retail
TXN_00243714,CUST_002901,PROD_00939,LOC_0105,2021-02-25,10,6987.46,15.0,59393.41,Online
TXN_00186076,CUST_034115,PROD_04153,LOC_0136,2023-11-24,16,1107.16,15.0,15057.38,Direct Sales
TXN_00209234,CUST_030705,PROD_00582,LOC_0213,2021-05-15,3,4969.58,10.0,13417.87,Direct Sales
TXN_00218409,CUST_016320,PROD_03282,LOC_0237,2025-06-08,6,5950.86,15.0,30349.39,Direct Sales
TXN_00496130,CUST_025603,PROD_04421,LOC_0064,2022-12-17,3,1348.38,15.0,3438.37,Partner
TXN_00197465,CUST_034755,PROD_00285,LOC_0233,2024-07-03,3,5744.32,15.0,14648.02,Direct Sales
TXN_00499311,CUST_003341,PROD_02147,LOC_0009,2023-03-30,14,8307.21,5.0,110485.89,Retail
TXN_00472294,CUST_042310,PROD_01483,LOC_0097,2025-01-07,5,8108.02,10.0,36486.09,Direct Sales
TXN_00076200,CUST_036600,PROD_03620,LOC_0026,2024-06-22,9,3001.73,0.0,27015.57,Online
TXN_00145028,CUST_020469,PROD_00524,LOC_0001,2025-01-14,11,2455.69,10.0,24311.33,Partner
TXN_00009375,CUST_015705,PROD_00460,LOC_0107,2024-03-16,17,2477.06,10.0,37899.02,Direct Sales
TXN_00012477,CUST_049965,PROD_04133,LOC_0150,2024-05-20,6,5504.53,20.0,26421.74,Retail
TXN_00037666,CUST_000824,PROD_04378,LOC_0221,2023-01-05,17,7076.19,20.0,96236.18,Direct Sales
TXN_00176853,CUST_025352,PROD_02687,LOC_0181,2025-01-06,6,6669.26,5.0,38014.78,Retail
TXN_00025027,CUST_020780,PROD_03889,LOC_0154,2026-04-06,7,1088.46,0.0,7619.22,Partner
TXN_00154818,CUST_011707,PROD_03647,LOC_0001,2026-06-26,2,5674.41,20.0,9079.06,Online
TXN_00443496,CUST_031896,PROD_00063,LOC_0221,2022-10-13,16,7778.93,10.0,112016.59,Retail
TXN_00356279,CUST_004518,PROD_01552,LOC_0015,2025-06-13,4,7355.65,5.0,27951.47,Direct Sales
TXN_00328040,CUST_040258,PROD_02021,LOC_0108,2026-02-06,-1,8379.96,15.0,113967.46,Partner
TXN_00235123,CUST_032677,PROD_03057,LOC_0206,2023-01-20,11,7209.3,0.0,79302.3,Partner
TXN_00054594,CUST_028088,PROD_01959,LOC_0007,2022-07-15,5,5719.7,20.0,22878.8,Online
TXN_00204545,CUST_016172,PROD_01215,LOC_0057,2024-06-24,2,1080.59,20.0,1728.94,Partner
TXN_00263008,CUST_042118,PROD_02894,LOC_0228,2021-04-11,12,1738.07,15.0,17728.31,Retail
TXN_00422089,CUST_006556,PROD_01354,LOC_0233,2021-07-15,16,5363.47,5.0,81524.74,Direct Sales
TXN_00230780,CUST_017413,PROD_03578,LOC_0120,2023-08-11,11,4821.79,20.0,42431.75,Direct Sales
TXN_00007537,CUST_005902,PROD_00588,LOC_0075,2025-08-18,4,7196.14,10.0,25906.1,Direct Sales
TXN_00369754,CUST_028842,PROD_02267,LOC_0153,2025-12-27,3,9923.89,0.0,29771.67,Online
TXN_00111234,CUST_011292,PROD_04800,LOC_0006,2026-01-30,12,9690.81,5.0,110475.23,Partner
TXN_00193613,CUST_045099,PROD_02008,LOC_0248,2021-02-06,12,3147.64,20.0,30217.34,Retail
TXN_00287430,CUST_020226,PROD_04409,LOC_0063,2025-05-05,9,299.49,5.0,2560.64,Retail
TXN_00304262,CUST_000146,PROD_02582,LOC_0213,2026-04-25,19,8241.33,10.0,140926.74,Partner
TXN_00332780,CUST_027573,PROD_01308,LOC_0192,2025-08-03,4,4914.16,15.0,16708.14,Partner
TXN_00205988,CUST_037474,PROD_03924,LOC_0093,2021-08-10,6,8503.11,15.0,43365.86,Partner
TXN_00473971,CUST_033981,PROD_00048,LOC_0181,2022-09-19,16,5794.66,5.0,88078.83,Direct Sales
TXN_00010649,CUST_007585,PROD_02027,LOC_0208,2022-08-19,13,7886.54,20.0,82020.02,Direct Sales
TXN_00413243,CUST_033366,PROD_01155,LOC_0238,2022-05-06,6,7507.99,20.0,36038.35,Retail
TXN_00492345,CUST_011807,PROD_04675,LOC_0021,2022-08-12,14,6842.83,5.0,91009.64,Partner
TXN_00360672,CUST_018115,PROD_01021,LOC_0087,2023-03-02,7,8181.8,5.0,54408.97,Retail
TXN_00435995,CUST_025731,PROD_02113,LOC_0064,2026-02-12,4,7633.01,15.0,25952.23,Online
TXN_00329254,CUST_037195,PROD_04806,LOC_0056,2022-02-21,16,1106.13,10.0,15928.27,Partner
TXN_00384121,CUST_026669,PROD_02912,LOC_0241,2026-06-14,8,1362.73,15.0,9266.56,Retail
TXN_00258737,CUST_024662,PROD_00182,LOC_0193,2023-02-01,10,1380.97,20.0,11047.76,Online
TXN_00096008,CUST_034600,PROD_03482,LOC_0009,2023-03-25,11,3833.72,0.0,42170.92,Direct Sales
TXN_00183124,CUST_039469,PROD_01264,LOC_0003,2024-04-08,9,8076.78,15.0,61787.37,Partner
TXN_00240483,CUST_046725,PROD_00867,LOC_0157,2023-08-31,9,6295.76,5.0,53828.75,Retail
TXN_00152525,CUST_001522,PROD_02580,LOC_0218,2024-12-09,17,8533.47,15.0,123308.64,Online
TXN_00328141,CUST_004476,PROD_03730,LOC_0067,2022-01-09,5,1892.01,20.0,7568.04,Online
TXN_00468778,CUST_048209,PROD_04126,LOC_0238,2024-03-08,12,277.19,20.0,2661.02,Online
TXN_00267716,CUST_008243,PROD_04826,LOC_0168,2023-03-17,3,5121.08,15.0,13058.75,Online
TXN_00163228,CUST_046963,PROD_00014,LOC_0202,2026-05-02,9,3911.6,20.0,28163.52,Retail
TXN_00282010,CUST_045733,PROD_01328,LOC_0131,2024-02-17,18,4655.29,0.0,83795.22,Partner
TXN_00065189,CUST_034642,PROD_01551,LOC_0107,2022-04-08,15,3786.26,5.0,53954.2,Partner
TXN_00401774,CUST_022019,PROD_01535,LOC_0184,2025-12-25,3,1550.86,20.0,3722.06,Retail
TXN_00458934,CUST_016802,PROD_00375,LOC_0168,2023-08-16,10,3493.51,20.0,27948.08,Direct Sales
TXN_00422930,CUST_043671,PROD_04077,LOC_0003,2025-11-12,16,8266.49,20.0,105811.07,Direct Sales
TXN_00160821,CUST_019200,PROD_02561,LOC_0238,2025-07-21,9,858.42,0.0,7725.78,Direct Sales
TXN_00349990,CUST_019415,PROD_01791,LOC_0028,2026-05-01,8,4718.88,10.0,33975.94,Retail
TXN_00285305,CUST_028764,PROD_03060,LOC_0173,2025-09-14,2,339.76,0.0,679.52,Partner
TXN_00380437,CUST_010296,PROD_00996,LOC_0163,2021-07-11,1,6912.4,5.0,6566.78,Partner
TXN_00299069,CUST_023057,PROD_03149,LOC_0152,2025-06-20,13,2105.18,5.0,25998.97,Retail
TXN_00312331,CUST_029658,PROD_04261,LOC_0249,2025-01-18,7,4356.47,5.0,28970.53,Online
TXN_00284980,CUST_046084,PROD_02119,LOC_0088,2024-01-04,9,6116.46,15.0,46790.92,Online
TXN_00364164,CUST_000190,PROD_03247,LOC_0234,2024-04-04,2,2743.89,0.0,5487.78,Online
TXN_00154870,CUST_010580,PROD_04021,LOC_0009,2023-12-21,17,8935.93,20.0,121528.65,Direct Sales
TXN_00211676,CUST_015959,PROD_03395,LOC_0213,2024-05-17,19,9945.63,15.0,160621.92,Retail
TXN_00182409,CUST_017367,PROD_03650,LOC_0088,2025-01-23,12,9579.54,5.0,109206.76,Direct Sales
TXN_00481575,CUST_041414,PROD_04718,LOC_0105,2024-04-02,9,8872.89,0.0,79856.01,Direct Sales
TXN_00485809,CUST_043564,PROD_00317,LOC_0137,2025-11-02,6,8364.07,0.0,50184.42,Direct Sales
TXN_00448577,CUST_041308,PROD_02514,LOC_0249,2024-04-02,3,151.35,15.0,385.94,Partner
TXN_00200963,CUST_043705,PROD_01201,LOC_0038,2023-07-09,16,9145.12,20.0,117057.54,Online
TXN_00494046,CUST_049726,PROD_04507,LOC_0214,2021-09-22,11,8415.17,15.0,78681.84,Online
TXN_00086877,CUST_014721,PROD_04166,LOC_0090,2023-12-05,15,1877.76,15.0,23941.44,Partner
TXN_00029917,CUST_001141,PROD_00185,LOC_0171,2024-01-04,7,9308.31,15.0,55384.44,Retail
TXN_00443125,CUST_023360,PROD_03634,LOC_0079,2024-04-18,16,5994.68,0.0,95914.88,Partner
TXN_00443338,CUST_044874,PROD_04912,LOC_0165,2024-01-20,17,4542.37,5.0,73359.28,Retail
TXN_00223941,CUST_046484,PROD_03301,LOC_0071,2026-03-24,7,7504.35,15.0,44650.88,Online
TXN_00326939,CUST_028998,PROD_04538,LOC_0214,2021-06-26,16,1610.91,15.0,21908.38,Direct Sales
TXN_00232078,CUST_048183,PROD_04247,LOC_0086,2023-01-18,4,6834.78,5.0,25972.16,Direct Sales
TXN_00179053,CUST_036787,PROD_01266,LOC_0074,2021-02-02,17,4744.14,10.0,72585.34,Direct Sales
TXN_00077894,CUST_002817,PROD_03633,LOC_0082,2021-06-10,3,3467.96,20.0,8323.1,Direct Sales
TXN_00359578,CUST_038259,PROD_04913,LOC_0145,2022-07-02,16,3468.33,0.0,55493.28,Online
TXN_00305699,CUST_026272,PROD_03890,LOC_0229,2022-02-28,2,4473.72,5.0,8500.07,Online
TXN_00296917,CUST_003457,PROD_01907,LOC_0095,2021-02-01,4,447.48,0.0,1789.92,Retail
TXN_00174967,CUST_044505,PROD_04692,LOC_0036,2026-04-12,2,5778.94,20.0,9246.3,Online
TXN_00088498,CUST_019531,PROD_01549,LOC_0248,2023-05-10,19,6663.42,0.0,126604.98,Online
TXN_00040541,CUST_011510,PROD_01672,LOC_0213,2022-12-17,11,3395.57,15.0,31748.58,Partner
TXN_00310975,CUST_034190,PROD_01619,LOC_0220,2022-03-09,11,5292.11,15.0,49481.23,Direct Sales
TXN_00498518,CUST_018360,PROD_02221,LOC_0240,2022-08-02,8,2049.41,10.0,14755.75,Partner
TXN_00166699,CUST_008444,PROD_02210,LOC_0157,2025-03-31,2,8027.36,0.0,16054.72,Partner
TXN_00201118,CUST_004710,PROD_01323,LOC_0126,2023-11-09,6,2430.66,10.0,13125.56,Online
TXN_00231530,CUST_039611,PROD_00968,LOC_0128,2025-11-07,2,2507.46,15.0,4262.68,Partner
TXN_00228200,CUST_025092,PROD_04077,LOC_0003,2022-09-06,3,4219.14,5.0,12024.55,Retail
TXN_00104071,CUST_018897,PROD_00004,LOC_0031,2023-01-23,12,8849.77,10.0,95577.52,Retail
TXN_00202974,,PROD_02270,LOC_0014,2024-06-26,7,7172.15,15.0,42674.29,Direct Sales
TXN_00486162,CUST_029419,PROD_00037,LOC_0153,2025-01-22,15,7204.07,0.0,108061.05,Online
TXN_00084874,CUST_005504,PROD_01077,LOC_0011,2022-03-09,4,4240.48,0.0,16961.92,Online
TXN_00406213,CUST_003285,PROD_02211,LOC_0039,2026-04-11,6,7133.26,20.0,34239.65,Partner
TXN_00256448,CUST_047907,PROD_02412,LOC_0029,2022-07-09,13,7868.17,20.0,81828.97,Partner
TXN_00459329,CUST_000166,PROD_02052,LOC_0121,2025-05-30,2,8526.85,5.0,16201.02,Partner
TXN_00164555,CUST_011937,PROD_03521,LOC_0093,2022-11-26,6,3458.25,0.0,20749.5,Online
TXN_00482531,CUST_023956,PROD_04780,LOC_0125,2023-01-15,1,2227.39,20.0,1781.91,Partner
TXN_00021754,CUST_005623,PROD_01552,LOC_0110,2025-07-11,16,2695.34,5.0,40969.17,Retail
TXN_00442577,CUST_001149,PROD_00251,LOC_0153,2025-05-05,9,5417.24,15.0,41441.89,Direct Sales
TXN_00283347,CUST_013595,PROD_03459,LOC_0144,2021-05-20,3,1721.73,0.0,5165.19,Online
TXN_00094694,CUST_009889,PROD_02427,LOC_0238,2024-09-29,14,8418.85,15.0,100184.32,Partner
TXN_00201263,,PROD_04973,LOC_0188,2023-03-10,11,9588.37,5.0,100198.47,Online
TXN_00415818,CUST_012700,PROD_03529,LOC_0067,2025-02-20,4,5344.87,5.0,20310.51,Online
TXN_00181814,CUST_019528,PROD_01161,LOC_0097,2026-01-29,2,3777.95,20.0,6044.72,Online
TXN_00316306,CUST_047339,PROD_03357,LOC_0100,2024-12-13,9,7772.55,15.0,59460.01,Online
TXN_00421087,CUST_020030,PROD_01867,LOC_0233,2024-09-14,15,9668.19,15.0,123269.42,Direct Sales
TXN_00181253,CUST_023982,PROD_01032,LOC_0125,2023-07-14,18,5161.48,5.0,88261.31,Retail
TXN_00426868,,PROD_03334,LOC_0219,2025-06-16,3,7321.02,20.0,17570.45,Online
TXN_00271804,CUST_039327,PROD_02419,LOC_0073,2023-01-16,13,9013.43,10.0,105457.13,Retail
TXN_00212187,CUST_028406,PROD_00388,LOC_0128,2023-02-17,9,1646.9,5.0,14081.0,Direct Sales
TXN_00318079,CUST_044836,PROD_04681,LOC_0149,2023-08-10,9,5005.4,10.0,40543.74,Retail
TXN_00025865,CUST_031823,PROD_03246,LOC_0107,2022-11-19,8,3476.28,0.0,27810.24,Partner
TXN_00429150,CUST_015587,PROD_04421,LOC_0032,2023-12-27,13,9992.53,10.0,116912.6,Online
TXN_00292935,,PROD_02693,LOC_0029,2025-10-18,14,5170.25,5.0,68764.32,Online
TXN_00123364,CUST_035381,PROD_01209,LOC_0183,2024-04-16,9,7831.51,15.0,59911.05,Retail
TXN_00498254,CUST_005855,PROD_01073,LOC_0109,2023-11-24,19,7834.84,0.0,148861.96,Online
TXN_00148411,CUST_033833,PROD_01287,LOC_0177,2024-11-17,13,4653.92,0.0,60500.96,Direct Sales
TXN_00100393,CUST_048710,PROD_04548,LOC_0227,2021-12-03,17,4240.84,10.0,64884.85,Direct Sales
TXN_00329067,,PROD_02332,LOC_0025,2024-07-20,7,395.26,0.0,2766.82,Retail
TXN_00246630,CUST_018724,PROD_01844,LOC_0179,2022-04-02,18,3843.9,0.0,69190.2,Partner
TXN_00233021,CUST_012355,PROD_03289,LOC_0243,2021-08-11,1,946.66,10.0,851.99,Direct Sales
TXN_00026982,CUST_022876,PROD_04651,LOC_0117,2023-09-02,1,3563.37,10.0,3207.03,Retail
TXN_00085776,CUST_030001,PROD_00114,LOC_0182,2025-06-14,3,5957.4,5.0,16978.59,Online
TXN_00315462,CUST_010338,PROD_01231,LOC_0198,2025-08-15,5,9841.54,15.0,41826.55,Retail
TXN_00470411,CUST_020422,PROD_04626,LOC_0180,2024-06-23,12,6936.03,0.0,83232.36,Online
TXN_00231780,CUST_033068,PROD_02428,LOC_0237,2026-01-20,9,3241.96,20.0,23342.11,Retail
TXN_00236743,CUST_043716,PROD_01870,LOC_0136,2025-04-21,10,351.21,5.0,3336.5,Partner
TXN_00331490,,PROD_01432,LOC_0192,2025-06-16,9,7509.77,0.0,67587.93,Direct Sales
TXN_00242286,CUST_049332,PROD_04674,LOC_0097,2025-08-08,13,3075.93,20.0,31989.67,Online
TXN_00387534,CUST_049709,PROD_03909,LOC_0195,2022-03-14,12,4708.64,20.0,45202.94,Direct Sales
TXN_00170942,CUST_002709,PROD_03525,LOC_0164,2026-04-03,14,9030.51,5.0,120105.78,Direct Sales
TXN_00498265,CUST_016578,PROD_04421,LOC_0088,2024-01-04,9,3616.34,0.0,32547.06,Retail
TXN_00063365,,PROD_01174,LOC_0007,2021-02-26,13,5442.18,0.0,70748.34,Retail
TXN_00095718,,PROD_01687,LOC_0130,2022-10-09,12,4197.13,0.0,50365.56,Retail
TXN_00467775,CUST_009899,PROD_04206,LOC_0249,2022-09-28,5,560.48,0.0,2802.4,Retail
TXN_00440214,CUST_022499,PROD_00441,LOC_0115,2025-05-28,11,2746.0,20.0,24164.8,Retail
TXN_00238248,CUST_033856,PROD_04023,LOC_0218,2024-12-01,14,8528.06,10.0,107453.56,Retail
TXN_00131391,CUST_012914,PROD_02195,LOC_0078,2023-04-07,18,2979.28,10.0,48264.34,Online
TXN_00357763,CUST_010159,PROD_00106,LOC_0185,2025-06-25,13,5606.27,15.0,61949.28,Partner
TXN_00092991,CUST_047068,PROD_01964,LOC_0182,2023-11-04,5,6057.76,20.0,24231.04,Retail
TXN_00447205,CUST_003990,PROD_03137,LOC_0011,2026-05-13,17,6940.85,0.0,117994.45,Online
TXN_00020896,CUST_018547,PROD_01552,LOC_0153,2024-04-28,18,7319.72,0.0,131754.96,Partner
TXN_00278754,CUST_022229,PROD_02263,LOC_0055,2023-08-18,6,6597.48,20.0,31667.9,Retail
TXN_00322615,CUST_010368,PROD_02925,LOC_0239,2023-11-27,10,2390.65,5.0,22711.18,Online
TXN_00091144,CUST_030241,PROD_04572,LOC_0024,2021-04-30,19,8919.91,10.0,152530.46,Partner
TXN_00481209,CUST_044372,PROD_04553,LOC_0017,2024-04-14,5,1838.19,0.0,9190.95,Online
TXN_00458851,CUST_006688,PROD_00213,LOC_0199,2024-01-27,8,8167.47,10.0,58805.78,Partner
TXN_00151355,CUST_045566,PROD_03456,LOC_0003,2026-03-05,18,3614.69,10.0,58557.98,Retail
TXN_00117055,CUST_007439,PROD_02128,LOC_0203,2025-06-19,16,4626.48,15.0,62920.13,Retail
TXN_00320456,CUST_021615,PROD_03209,LOC_0218,2021-11-29,18,3938.23,20.0,56710.51,Direct Sales
TXN_00244632,CUST_028306,PROD_00182,LOC_0033,2022-04-26,2,3963.04,5.0,7529.78,Retail
TXN_00392512,CUST_043482,PROD_00435,LOC_0167,2021-11-07,10,6999.68,10.0,62997.12,Retail
TXN_00305107,CUST_024816,PROD_04438,LOC_0207,2021-03-10,15,9903.71,0.0,148555.65,Retail
TXN_00103485,CUST_046192,PROD_04740,LOC_0153,2023-03-13,3,267.49,15.0,682.1,Direct Sales
TXN_00152236,CUST_036586,PROD_01296,LOC_0166,2022-08-14,16,4122.62,0.0,65961.92,Partner
TXN_00297281,,PROD_00552,LOC_0248,2021-02-14,2,5802.41,20.0,9283.86,Retail
TXN_00297482,CUST_035665,PROD_02883,LOC_0198,2022-03-04,17,921.71,5.0,14885.62,Partner
TXN_00275623,CUST_026117,PROD_01283,LOC_0008,2021-11-12,15,2998.96,5.0,42735.18,Partner
TXN_00397679,CUST_030405,PROD_01827,LOC_0105,2026-02-10,7,3853.09,15.0,22925.89,Direct Sales
TXN_00375044,CUST_005515,PROD_02128,LOC_0130,2025-06-08,16,526.94,10.0,7587.94,Online
TXN_00117486,CUST_022577,PROD_02979,LOC_0061,2024-01-06,3,8703.53,10.0,23499.53,Online
TXN_00172262,CUST_044476,PROD_03975,LOC_0034,2024-05-12,11,3877.98,5.0,40524.89,Partner
TXN_00010776,CUST_010102,PROD_01193,LOC_0073,2026-01-23,2,3524.23,10.0,6343.61,Direct Sales
TXN_00024378,CUST_031670,PROD_04999,LOC_0217,2022-03-31,19,6288.96,10.0,107541.22,Direct Sales
TXN_00019902,CUST_011309,PROD_01632,LOC_0188,2026-06-11,2,6770.16,15.0,11509.27,Partner
TXN_00052037,CUST_000220,PROD_00419,LOC_0011,2025-07-12,4,3440.97,0.0,13763.88,Direct Sales
TXN_00280738,,PROD_01477,LOC_0169,2024-07-01,4,1676.5,5.0,6370.7,Direct Sales
TXN_00339009,CUST_035044,PROD_03897,LOC_0038,2025-10-15,8,693.27,20.0,4436.93,Retail
TXN_00220924,CUST_038220,PROD_02943,LOC_0170,2021-01-30,10,3510.68,15.0,29840.78,Direct Sales
TXN_00193096,CUST_048206,PROD_01099,LOC_0084,2021-05-10,4,7924.06,10.0,28526.62,Retail
TXN_00105382,CUST_035013,PROD_01866,LOC_0196,2025-10-29,11,474.55,0.0,5220.05,Online
TXN_00287142,CUST_029390,PROD_02188,LOC_0210,2025-01-09,8,3399.06,5.0,25832.86,Retail
TXN_00352475,CUST_014736,PROD_01055,LOC_0156,2023-05-10,17,9036.88,0.0,153626.96,Retail
TXN_00294965,CUST_001020,PROD_01713,LOC_0176,2026-02-17,10,2890.53,20.0,23124.24,Retail
TXN_00056975,CUST_007813,PROD_03923,LOC_0180,2026-01-08,15,8941.41,20.0,107296.92,Retail
TXN_00099137,CUST_009022,PROD_02956,LOC_0076,2022-10-27,11,8916.49,5.0,93177.32,Retail
TXN_00119670,CUST_012688,PROD_00390,LOC_0109,2025-09-19,12,8177.88,20.0,78507.65,Partner
TXN_00237285,CUST_004120,PROD_00019,LOC_0214,2026-04-29,10,6009.68,0.0,60096.8,Online
TXN_00186968,CUST_028712,PROD_03729,LOC_0193,2025-06-30,15,7871.92,10.0,106270.92,Retail
TXN_00188985,CUST_046346,PROD_03339,LOC_0204,2025-08-15,1,7804.82,0.0,7804.82,Online
TXN_00321183,CUST_032518,PROD_02565,LOC_0154,2025-08-15,7,614.62,15.0,3656.99,Direct Sales
TXN_00447980,CUST_012089,PROD_03790,LOC_0031,2024-07-07,10,7679.25,5.0,72952.88,Online
TXN_00297783,CUST_003877,PROD_01185,LOC_0093,2021-06-12,15,3219.01,5.0,45870.89,Direct Sales
TXN_00043098,CUST_043320,PROD_00737,LOC_0027,2026-01-08,16,9103.09,0.0,145649.44,Direct Sales
TXN_00322813,CUST_033045,PROD_02214,LOC_0197,2022-10-25,18,3805.25,20.0,54795.6,Retail
TXN_00481333,CUST_034831,PROD_01574,LOC_0205,2025-05-24,18,892.41,5.0,15260.21,Direct Sales
TXN_00079167,CUST_024993,PROD_01057,LOC_0068,2021-11-27,17,3439.48,5.0,55547.6,Retail
TXN_00251435,CUST_041913,PROD_03914,LOC_0175,2025-06-21,14,8330.69,20.0,93303.73,Retail
TXN_00497501,CUST_023075,PROD_00075,LOC_0062,2023-05-15,3,5354.15,20.0,12849.96,Partner
TXN_00013909,CUST_000830,PROD_02327,LOC_0053,2024-10-07,19,522.21,10.0,8929.79,Partner
TXN_00010872,,PROD_01198,LOC_0052,2025-11-08,4,7067.74,5.0,26857.41,Direct Sales
TXN_00111260,CUST_016761,PROD_02784,LOC_0066,2026-05-11,13,7272.41,10.0,85087.2,Direct Sales
TXN_00438826,CUST_002216,PROD_00819,LOC_0161,2022-08-24,15,9894.57,20.0,118734.84,Online
TXN_00200731,CUST_048837,PROD_03794,LOC_0201,2021-09-10,7,5678.19,0.0,39747.33,Online
TXN_00000484,CUST_018355,PROD_03823,LOC_0004,2025-02-20,14,4614.19,15.0,54908.86,Partner
TXN_00018098,CUST_023864,PROD_00350,LOC_0167,2025-11-07,13,3534.75,15.0,39058.99,Partner
TXN_00329865,CUST_041315,PROD_02537,LOC_0027,2023-01-17,3,4950.41,15.0,12623.55,Retail
TXN_00419701,,PROD_04201,LOC_0134,2023-07-07,4,8766.58,10.0,31559.69,Direct Sales
TXN_00413081,CUST_009446,PROD_03672,LOC_0123,2025-05-27,12,8901.28,20.0,85452.29,Retail
TXN_00466125,CUST_017888,PROD_02168,LOC_0030,2021-04-11,6,1024.84,20.0,4919.23,Retail
TXN_00166144,CUST_011589,PROD_01364,LOC_0230,2023-10-08,7,6787.23,0.0,47510.61,Online
TXN_00277537,CUST_037921,PROD_01832,LOC_0066,2023-12-19,1,8564.91,10.0,7708.42,Online
TXN_00414819,CUST_033025,PROD_00225,LOC_0081,2025-03-04,5,5724.31,0.0,28621.55,Online
TXN_00182129,CUST_033712,PROD_01388,LOC_0018,2026-06-26,18,7092.91,20.0,102137.9,Retail
TXN_00296766,CUST_032855,PROD_01208,LOC_0194,2023-08-19,6,1480.93,10.0,7997.02,Online
TXN_00225554,CUST_042052,PROD_04143,LOC_0170,2022-05-19,2,7590.36,0.0,15180.72,Online
TXN_00480955,CUST_002789,PROD_00696,LOC_0004,2022-09-03,4,1831.7,20.0,5861.44,Direct Sales
TXN_00180879,CUST_030383,PROD_00801,LOC_0052,2026-05-03,16,7125.73,20.0,91209.34,Retail
TXN_00431791,CUST_003204,PROD_03894,LOC_0123,2024-09-01,10,9891.42,10.0,89022.78,Retail
TXN_00197775,CUST_008562,PROD_04888,LOC_0027,2024-04-16,18,9508.19,15.0,145475.31,Retail
TXN_00174753,CUST_026929,PROD_01265,LOC_0190,2023-07-16,19,3121.87,0.0,59315.53,Partner
TXN_00241966,CUST_049423,PROD_04019,LOC_0001,2025-12-23,5,6108.98,15.0,25963.16,Online
TXN_00335432,CUST_029320,PROD_04496,LOC_0042,2025-02-15,19,2430.37,20.0,36941.62,Retail
TXN_00441548,CUST_006235,PROD_04126,LOC_0124,2021-10-03,7,3993.71,0.0,27955.97,Partner
TXN_00054429,CUST_014165,PROD_04075,LOC_0227,2025-01-25,16,5890.12,10.0,84817.73,Online
TXN_00313355,CUST_043623,PROD_03796,LOC_0054,2023-12-05,8,601.96,0.0,4815.68,Online
TXN_00242912,CUST_021332,PROD_03289,LOC_0127,2025-09-24,5,5474.77,5.0,26005.16,Retail
TXN_00007925,CUST_048158,PROD_01691,LOC_0200,2024-02-09,11,4879.45,20.0,42939.16,Partner
TXN_00061006,CUST_029550,PROD_04169,LOC_0083,2022-11-24,11,4353.18,15.0,40702.23,Retail
TXN_00268349,CUST_029023,PROD_02041,LOC_0191,2024-12-04,3,7642.29,0.0,22926.87,Retail
TXN_00403706,,PROD_03634,LOC_0146,2021-12-28,14,8504.44,20.0,95249.73,Online
TXN_00495151,CUST_017943,PROD_04998,LOC_0062,2023-05-09,7,6592.96,5.0,43843.18,Partner
TXN_00300186,CUST_009989,PROD_01532,LOC_0072,2023-04-05,13,5174.85,5.0,63909.4,Online
TXN_00381903,CUST_001339,PROD_00664,LOC_0140,2021-08-26,13,9747.17,15.0,107706.23,Online
TXN_00358103,CUST_049596,PROD_02478,LOC_0035,2025-03-10,4,5251.32,0.0,21005.28,Online
TXN_00098359,CUST_014041,PROD_02556,LOC_0148,2021-05-12,16,3868.69,0.0,61899.04,Retail
TXN_00160411,CUST_010604,PROD_01441,LOC_0152,2021-01-16,2,6044.5,0.0,12089.0,Online
TXN_00053314,CUST_023803,PROD_03223,LOC_0203,2026-02-17,8,1485.93,15.0,10104.32,Online
TXN_00201754,CUST_044814,PROD_02718,LOC_0076,2025-10-20,13,2706.15,20.0,28143.96,Online
TXN_00422345,CUST_002527,PROD_02524,LOC_0190,2025-05-21,5,3621.91,5.0,17204.07,Direct Sales
TXN_00283825,CUST_014760,PROD_00074,LOC_0172,2025-06-24,13,5227.13,0.0,67952.69,Direct Sales
TXN_00479794,,PROD_01649,LOC_0009,2024-01-15,18,7994.91,10.0,129517.54,Direct Sales
TXN_00371553,CUST_016418,PROD_00745,LOC_0214,2025-10-08,17,8844.1,0.0,150349.7,Retail
TXN_00336213,CUST_014695,PROD_01639,LOC_0065,2023-03-17,4,2025.92,5.0,7698.5,Direct Sales
TXN_00171717,CUST_023253,PROD_03694,LOC_0116,2025-01-04,1,8670.7,15.0,7370.1,Partner
TXN_00059867,CUST_024673,PROD_03098,LOC_0147,2023-03-14,14,5169.45,10.0,65135.07,Direct Sales
TXN_00482462,CUST_019517,PROD_01766,LOC_0035,2023-03-31,6,2585.71,10.0,13962.83,Online
TXN_00361118,CUST_027589,PROD_02418,LOC_0111,2025-11-05,10,3617.03,5.0,34361.79,Partner
TXN_00259862,CUST_025693,PROD_04285,LOC_0114,2025-07-25,5,7793.9,5.0,37021.02,Online
TXN_00424819,CUST_006915,PROD_00290,LOC_0024,2022-04-12,11,1683.6,15.0,15741.66,Partner
TXN_00010903,CUST_003366,PROD_04457,LOC_0181,2021-08-20,8,7486.67,10.0,53904.02,Retail
TXN_00070202,CUST_049936,PROD_04828,LOC_0059,2026-05-12,7,2712.93,20.0,15192.41,Online
TXN_00045552,CUST_025913,PROD_01436,LOC_0167,2024-05-02,10,5995.95,0.0,59959.5,Retail
TXN_00408048,CUST_019363,PROD_02819,LOC_0043,2024-08-04,19,4451.82,0.0,84584.58,Direct Sales
TXN_00396922,CUST_044110,PROD_04381,LOC_0150,2023-08-25,16,9640.83,0.0,154253.28,Online
TXN_00142562,CUST_022577,PROD_02560,LOC_0187,2021-08-02,8,5635.2,5.0,42827.52,Partner
TXN_00282540,,PROD_00084,LOC_0018,2024-01-14,14,4160.17,15.0,49506.02,Retail
TXN_00209669,CUST_032041,PROD_04699,LOC_0223,2023-12-11,17,6286.05,20.0,85490.28,Retail
TXN_00307433,CUST_014706,PROD_04670,LOC_0066,2021-12-31,6,328.47,5.0,1872.28,Direct Sales
TXN_00180266,CUST_044958,PROD_03907,LOC_0116,2024-09-25,9,7761.67,20.0,55884.02,Online
TXN_00303762,CUST_026999,PROD_00324,LOC_0211,2023-08-02,18,820.43,0.0,14767.74,Direct Sales
TXN_00076863,CUST_009624,PROD_04810,LOC_0160,2022-09-09,12,9435.32,20.0,90579.07,Online
TXN_00355727,CUST_042405,PROD_03324,LOC_0140,2025-04-07,14,9683.38,0.0,135567.32,Partner
TXN_00448019,,PROD_00278,LOC_0171,2022-07-05,9,7940.38,20.0,57170.74,Online
TXN_00263169,CUST_019190,PROD_00449,LOC_0022,2025-12-31,3,1966.66,0.0,5899.98,Online
TXN_00143964,CUST_037302,PROD_01915,LOC_0189,2025-04-29,8,7922.4,15.0,53872.32,Partner
TXN_00049176,CUST_008842,PROD_00460,LOC_0038,2025-11-02,15,6450.31,15.0,82241.45,Partner
TXN_00324529,CUST_042332,PROD_00483,LOC_0204,2025-09-21,15,6607.93,0.0,99118.95,Retail
TXN_00489677,CUST_007924,PROD_01667,LOC_0113,2021-05-23,8,1055.86,15.0,7179.85,Online
TXN_00317754,CUST_033418,PROD_03154,LOC_0236,2021-04-20,8,2807.88,5.0,21339.89,Direct Sales
TXN_00194290,CUST_047971,PROD_00211,LOC_0189,2021-12-25,11,7122.05,5.0,74425.42,Online
TXN_00237330,CUST_002677,PROD_04599,LOC_0239,2022-04-26,13,1427.36,20.0,14844.54,Direct Sales
TXN_00296493,CUST_048895,PROD_00765,LOC_0166,2025-04-04,13,2507.45,10.0,29337.16,Direct Sales
TXN_00293714,CUST_010576,PROD_03879,LOC_0182,2024-05-11,13,7900.36,0.0,102704.68,Retail
TXN_00277448,CUST_001176,PROD_01158,LOC_0130,2021-12-04,17,6458.97,0.0,109802.49,Direct Sales
TXN_00160685,CUST_045701,PROD_04414,LOC_0148,2022-01-20,13,5401.57,0.0,70220.41,Partner
TXN_00046285,CUST_034427,PROD_00844,LOC_0110,2022-03-04,7,3264.68,10.0,20567.48,Partner
TXN_00442185,CUST_020011,PROD_01795,LOC_0077,2022-03-06,2,9951.66,0.0,19903.32,Retail
TXN_00381512,CUST_049022,PROD_02484,LOC_0163,2024-05-05,12,4510.83,15.0,46010.47,Direct Sales
TXN_00442418,CUST_031738,PROD_00743,LOC_0030,2024-06-24,4,8706.36,20.0,27860.35,Retail
TXN_00040461,,PROD_03218,LOC_0085,2022-09-26,14,7107.62,10.0,89556.01,Retail
TXN_00140816,CUST_018021,PROD_03858,LOC_0083,2021-03-12,6,1229.92,15.0,6272.59,Online
TXN_00445110,CUST_048744,PROD_00459,LOC_0177,2021-08-14,6,3932.08,5.0,22412.86,Direct Sales
TXN_00171693,CUST_027180,PROD_04962,LOC_0156,2022-03-15,2,7061.39,20.0,11298.22,Retail
TXN_00051327,CUST_033527,PROD_02159,LOC_0011,2022-11-25,10,1889.03,10.0,17001.27,Direct Sales
TXN_00080329,CUST_033749,PROD_02669,LOC_0189,2022-10-20,8,484.96,15.0,3297.73,Retail
TXN_00031457,CUST_025109,PROD_02324,LOC_0038,2024-12-10,14,6032.38,5.0,80230.65,Partner
TXN_00040811,CUST_036924,PROD_02483,LOC_0181,2023-06-22,5,7682.54,15.0,32650.8,Direct Sales
TXN_00249582,CUST_029150,PROD_02838,LOC_0217,2022-03-23,15,5298.08,0.0,79471.2,Online
TXN_00216367,CUST_040816,PROD_04759,LOC_0185,2025-03-11,17,1769.4,20.0,24063.84,Online
TXN_00497408,CUST_005249,PROD_02067,LOC_0065,2021-02-10,19,9048.5,20.0,137537.2,Partner
TXN_00029674,CUST_022236,PROD_01966,LOC_0164,2021-04-25,16,1300.37,20.0,16644.74,Retail
TXN_00084586,CUST_025966,PROD_04732,LOC_0092,2022-01-13,12,5405.13,15.0,55132.33,Direct Sales
TXN_00402518,CUST_035325,PROD_00496,LOC_0142,2025-08-30,1,1735.37,5.0,1648.6,Direct Sales
TXN_00206922,,PROD_02454,LOC_0150,2021-05-11,10,9185.29,20.0,73482.32,Direct Sales
TXN_00071863,,PROD_00558,LOC_0033,2023-09-13,7,1276.91,10.0,8044.53,Retail
TXN_00035107,CUST_009635,PROD_00268,LOC_0219,2021-11-10,15,6226.49,15.0,79387.75,Retail
TXN_00203997,CUST_026342,PROD_01232,LOC_0065,2025-12-30,1,1292.46,0.0,1292.46,Online
TXN_00439311,CUST_015159,PROD_01178,LOC_0188,2025-04-27,17,6708.85,20.0,91240.36,Partner
TXN_00444168,CUST_010002,PROD_00994,LOC_0113,2026-01-29,6,2659.86,10.0,14363.24,Partner
TXN_00099969,CUST_034174,PROD_02277,LOC_0200,2023-03-09,11,3724.74,20.0,32777.71,Direct Sales
TXN_00303055,CUST_002393,PROD_00246,LOC_0106,2022-05-23,3,1217.6,0.0,3652.8,Direct Sales
TXN_00498355,CUST_043042,PROD_03562,LOC_0114,2021-07-25,16,4216.54,5.0,64091.41,Direct Sales
TXN_00493917,CUST_034072,PROD_03992,LOC_0105,2022-09-08,18,6365.88,5.0,108856.55,Online
TXN_00432448,CUST_028746,PROD_01339,LOC_0123,2021-06-29,9,8106.8,0.0,72961.2,Online
TXN_00493287,CUST_000339,PROD_00965,LOC_0195,2021-04-17,17,1334.89,0.0,22693.13,Direct Sales
TXN_00350909,CUST_000712,PROD_02985,LOC_0043,2021-03-22,14,6445.62,15.0,76702.88,Direct Sales
TXN_00088277,CUST_004562,PROD_03017,LOC_0040,2025-06-18,10,5117.82,5.0,48619.29,Direct Sales
TXN_00497169,CUST_047036,PROD_00826,LOC_0219,2024-05-23,7,272.14,15.0,1619.23,Retail
TXN_00151462,,PROD_01339,LOC_0095,2021-01-04,8,9985.85,0.0,79886.8,Partner
TXN_00408389,CUST_020369,PROD_00453,LOC_0105,2025-01-29,8,5004.59,5.0,38034.88,Partner
TXN_00247131,CUST_004102,PROD_00064,LOC_0143,2025-04-03,8,7845.26,10.0,56485.87,Direct Sales
TXN_00341861,CUST_031073,PROD_02126,LOC_0226,2021-09-18,1,2132.95,0.0,2132.95,Retail
TXN_00394819,CUST_048285,PROD_03738,LOC_0012,2024-08-24,1,9173.43,20.0,7338.74,Partner
TXN_00112756,CUST_020960,PROD_03032,LOC_0062,2026-04-16,10,1859.93,15.0,15809.4,Online
TXN_00446873,CUST_043503,PROD_03180,LOC_0122,2025-07-14,17,6518.74,20.0,88654.86,Partner
TXN_00051911,CUST_010041,PROD_01932,LOC_0210,2024-11-01,9,2152.0,15.0,16462.8,Retail
TXN_00279559,CUST_030146,PROD_02909,LOC_0021,2026-03-17,17,1420.01,20.0,19312.14,Retail
TXN_00414500,CUST_034440,PROD_00942,LOC_0058,2021-04-25,3,8347.21,5.0,23789.55,Online
TXN_00006855,CUST_025321,PROD_03137,LOC_0143,2022-11-14,1,6211.01,20.0,4968.81,Online
TXN_00179957,CUST_033957,PROD_00375,LOC_0027,2026-03-18,11,1345.62,15.0,12581.55,Partner
TXN_00067199,CUST_045166,PROD_04207,LOC_0193,2021-01-04,18,8998.09,5.0,153867.34,Retail
TXN_00353572,CUST_032291,PROD_02429,LOC_0240,2024-03-10,13,9386.93,0.0,122030.09,Partner
TXN_00441959,CUST_042686,PROD_04479,LOC_0033,2021-12-10,15,3156.93,5.0,44986.25,Retail
TXN_00052822,CUST_015291,PROD_03374,LOC_0057,2022-04-30,10,1492.17,5.0,14175.62,Partner
TXN_00048735,CUST_048052,PROD_01792,LOC_0062,2024-11-07,13,4241.35,15.0,46866.92,Retail
TXN_00181064,CUST_018294,PROD_03264,LOC_0025,2022-09-10,19,5240.39,20.0,79653.93,Retail
TXN_00023577,CUST_011030,PROD_01274,LOC_0062,2021-04-11,4,6250.27,5.0,23751.03,Partner
TXN_00315196,,PROD_01038,LOC_0062,2022-02-12,7,223.61,5.0,1487.01,Direct Sales
TXN_00309585,CUST_027327,PROD_02202,LOC_0107,2022-06-26,8,4739.19,5.0,36017.84,Retail
TXN_00319366,CUST_034749,PROD_00916,LOC_0038,2023-10-18,5,6535.38,10.0,29409.21,Direct Sales
TXN_00048009,CUST_024118,PROD_01771,LOC_0142,2026-06-25,11,9794.83,0.0,107743.13,Partner
TXN_00307869,CUST_011578,PROD_02542,LOC_0015,2024-06-24,2,7076.18,10.0,12737.12,Retail
TXN_00388641,CUST_048865,PROD_00207,LOC_0058,2024-10-17,11,3291.51,15.0,30775.62,Retail
TXN_00261614,CUST_033119,PROD_00205,LOC_0141,2026-04-29,2,7739.45,0.0,15478.9,Partner
TXN_00209823,CUST_042593,PROD_00797,LOC_0115,2023-07-17,9,9759.41,5.0,83442.96,Online
TXN_00463489,CUST_022490,PROD_04622,LOC_0204,2022-09-09,17,2240.44,15.0,32374.36,Retail
TXN_00321123,CUST_036457,PROD_00479,LOC_0044,2025-01-05,5,8761.56,20.0,35046.24,Retail
TXN_00425389,CUST_023655,PROD_02129,LOC_0113,2022-11-11,8,8087.09,20.0,51757.38,Online
TXN_00304918,CUST_042180,PROD_00407,LOC_0157,2024-07-10,8,8645.23,5.0,65703.75,Direct Sales
TXN_00241898,CUST_046062,PROD_03183,LOC_0204,2023-05-07,12,4456.41,20.0,42781.54,Direct Sales
TXN_00024878,CUST_019543,PROD_04981,LOC_0232,2021-12-12,17,4408.52,10.0,67450.36,Direct Sales
TXN_00115542,CUST_007833,PROD_00244,LOC_0142,2026-05-07,6,4535.56,15.0,23131.36,Partner
TXN_00347054,CUST_013456,PROD_04559,LOC_0032,2025-07-14,19,5976.62,10.0,102200.2,Direct Sales
TXN_00369000,CUST_024922,PROD_01324,LOC_0119,2021-03-14,10,9302.25,20.0,74418.0,Online
TXN_00293348,CUST_029677,PROD_01009,LOC_0112,2025-08-22,10,9763.64,5.0,92754.58,Direct Sales
TXN_00102888,CUST_039471,PROD_03276,LOC_0093,2021-07-30,4,306.55,20.0,980.96,Direct Sales
TXN_00025290,CUST_018857,PROD_02605,LOC_0152,2023-11-28,6,5939.8,5.0,33856.86,Direct Sales
TXN_00425088,CUST_036975,PROD_02018,LOC_0159,2023-12-29,13,916.31,20.0,9529.62,Online
TXN_00460035,CUST_005726,PROD_02389,LOC_0235,2022-09-18,17,8014.15,5.0,129428.52,Partner
TXN_00225822,CUST_010166,PROD_01729,LOC_0098,2023-01-17,7,233.05,0.0,1631.35,Partner
TXN_00262229,CUST_033501,PROD_02757,LOC_0186,2022-03-27,6,3029.49,10.0,16359.25,Direct Sales
TXN_00386365,CUST_049037,PROD_01251,LOC_0104,2021-02-19,16,8488.65,5.0,129027.48,Online
TXN_00307707,CUST_011822,PROD_01388,LOC_0102,2022-02-07,17,7092.78,20.0,96461.81,Direct Sales
TXN_00394346,CUST_013462,PROD_00496,LOC_0028,2021-05-20,18,4232.35,10.0,68564.07,Partner
TXN_00268942,CUST_029416,PROD_02406,LOC_0009,2025-10-28,14,1726.54,15.0,20545.83,Online
TXN_00209066,CUST_028899,PROD_00999,LOC_0168,2023-08-06,1,4273.66,20.0,3418.93,Partner
TXN_00067224,CUST_033831,PROD_01967,LOC_0075,2022-04-03,19,7787.19,15.0,125763.12,Direct Sales
TXN_00268098,CUST_025087,PROD_03792,LOC_0071,2021-01-11,17,8025.74,0.0,136437.58,Direct Sales
TXN_00113038,CUST_028834,PROD_01012,LOC_0123,2023-10-31,18,8307.23,20.0,119624.11,Partner
TXN_00249729,CUST_022939,PROD_01828,LOC_0154,2022-05-25,14,4832.86,5.0,64277.04,Partner
TXN_00191689,CUST_035713,PROD_03978,LOC_0046,2021-01-01,2,2847.75,10.0,5125.95,Retail
TXN_00310440,CUST_045064,PROD_03629,LOC_0232,2023-07-08,5,5948.87,15.0,25282.7,Partner
TXN_00474555,CUST_029402,PROD_01324,LOC_0226,2025-11-25,5,4946.08,20.0,19784.32,Partner
TXN_00244014,CUST_028443,PROD_01358,LOC_0212,2021-01-08,12,6048.31,10.0,65321.75,Direct Sales
TXN_00369607,CUST_039663,PROD_00939,LOC_0109,2023-07-18,17,6070.17,5.0,98033.25,Direct Sales
TXN_00404552,CUST_005172,PROD_01412,LOC_0245,2024-01-05,10,4800.26,5.0,45602.47,Direct Sales
TXN_00012904,CUST_043016,PROD_00147,LOC_0150,2025-07-12,4,6401.76,0.0,25607.04,Direct Sales
TXN_00369662,CUST_001534,PROD_04772,LOC_0063,2023-07-30,12,5816.76,20.0,55840.9,Online
TXN_00268395,CUST_049588,PROD_02083,LOC_0165,2024-03-29,2,942.17,20.0,1507.47,Retail
TXN_00458033,CUST_023687,PROD_04441,LOC_0199,2021-03-10,10,3135.2,10.0,28216.8,Retail
TXN_00062308,CUST_001864,PROD_00649,LOC_0223,2023-04-19,6,1229.07,15.0,6268.26,Retail
TXN_00074921,CUST_003214,PROD_04419,LOC_0220,2023-09-18,4,1696.81,20.0,5429.79,Partner
TXN_00218576,CUST_031602,PROD_00250,LOC_0150,2024-11-08,12,6171.94,5.0,70360.12,Partner
TXN_00038054,CUST_003047,PROD_04302,LOC_0227,2025-03-21,19,9039.45,5.0,163162.07,Partner
TXN_00479901,CUST_041469,PROD_03863,LOC_0168,2023-05-31,12,725.24,15.0,7397.45,Direct Sales
TXN_00346021,,PROD_03958,LOC_0190,2024-10-09,3,4933.21,15.0,12579.69,Direct Sales
TXN_00337580,CUST_017636,PROD_00281,LOC_0198,2025-05-18,9,7577.06,0.0,68193.54,Online
TXN_00201327,CUST_013541,PROD_02500,LOC_0020,2026-03-05,18,7962.22,15.0,121821.97,Direct Sales
TXN_00465818,CUST_029922,PROD_02533,LOC_0242,2022-07-06,3,1746.21,10.0,4714.77,Direct Sales
TXN_00208327,CUST_013353,PROD_00089,LOC_0085,2025-01-17,6,3828.48,0.0,22970.88,Direct Sales
TXN_00006338,CUST_021113,PROD_01570,LOC_0133,2022-01-20,12,9304.91,0.0,111658.92,Retail
TXN_00232268,,PROD_02962,LOC_0171,2025-10-29,15,5877.04,10.0,79340.04,Retail
TXN_00447582,CUST_022342,PROD_03578,LOC_0148,2022-04-02,4,4557.91,15.0,15496.89,Partner
TXN_00151545,CUST_034722,PROD_04438,LOC_0167,2024-11-12,10,230.49,20.0,1843.92,Direct Sales
TXN_00395453,CUST_048837,PROD_03611,LOC_0080,2025-05-13,7,1217.32,5.0,8095.18,Direct Sales
TXN_00222750,CUST_002023,PROD_00041,LOC_0042,2023-03-30,18,8775.96,15.0,134272.19,Partner
TXN_00171277,CUST_020933,PROD_02823,LOC_0042,2025-07-17,11,1160.15,15.0,10847.4,Retail
TXN_00482863,CUST_037451,PROD_01648,LOC_0053,2023-08-19,7,9544.96,5.0,63473.98,Retail
TXN_00209543,CUST_010614,PROD_04891,LOC_0154,2024-05-20,4,3613.53,10.0,13008.71,Direct Sales
TXN_00256186,CUST_018092,PROD_02829,LOC_0061,2021-05-06,16,9925.92,20.0,127051.78,Retail
TXN_00105269,CUST_013604,PROD_00811,LOC_0022,2022-09-22,6,5119.95,10.0,27647.73,Online
TXN_00121023,CUST_011977,PROD_02399,LOC_0080,2026-06-18,1,5229.02,0.0,5229.02,Online
TXN_00360523,CUST_046425,PROD_00445,LOC_0138,2025-11-14,17,8580.48,5.0,138574.75,Online
TXN_00133483,CUST_040088,PROD_01265,LOC_0142,2025-12-16,18,5217.48,20.0,75131.71,Online
TXN_00318659,CUST_048058,PROD_02294,LOC_0076,2021-12-14,13,2358.23,5.0,29124.14,Direct Sales
TXN_00485358,CUST_007401,PROD_00017,LOC_0028,2025-04-24,5,9878.68,0.0,49393.4,Direct Sales
TXN_00138522,CUST_041429,PROD_00030,LOC_0079,2024-01-14,2,5473.57,0.0,10947.14,Retail
TXN_00471131,CUST_038300,PROD_04324,LOC_0230,2022-06-19,6,3245.6,10.0,17526.24,Online
TXN_00019061,CUST_027935,PROD_01059,LOC_0228,2024-10-20,14,5948.73,15.0,70789.89,Partner
TXN_00309136,CUST_023983,PROD_00587,LOC_0146,2024-08-15,5,6848.36,20.0,27393.44,Online
TXN_00482993,CUST_047127,PROD_01061,LOC_0233,2025-03-23,12,6994.72,0.0,83936.64,Partner
TXN_00283183,CUST_009112,PROD_02686,LOC_0203,2021-08-15,11,1115.11,5.0,11652.9,Direct Sales
TXN_00259662,CUST_044338,PROD_01262,LOC_0237,2022-04-06,3,8153.63,15.0,20791.76,Online
TXN_00039707,CUST_026524,PROD_01763,LOC_0153,2023-10-06,7,208.55,15.0,1240.87,Partner
TXN_00379188,CUST_029917,PROD_00780,LOC_0002,2024-10-17,6,902.62,0.0,5415.72,Direct Sales
TXN_00251705,CUST_022635,PROD_00281,LOC_0156,2021-04-25,13,5449.96,15.0,60222.06,Retail
TXN_00275839,,PROD_03033,LOC_0005,2024-12-25,4,9858.52,0.0,39434.08,Partner
TXN_00106780,CUST_008861,PROD_03130,LOC_0060,2023-02-06,19,8498.48,15.0,137250.45,Direct Sales
TXN_00085613,,PROD_04646,LOC_0136,2021-07-27,16,8814.42,5.0,133979.18,Online
TXN_00081550,CUST_017252,PROD_04247,LOC_0197,2021-02-02,12,123.68,20.0,1187.33,Direct Sales
TXN_00025098,CUST_006408,PROD_02599,LOC_0118,2021-05-15,8,6098.82,15.0,41471.98,Partner
TXN_00405458,CUST_031131,PROD_00829,LOC_0182,2025-09-29,11,3919.63,10.0,38804.34,Online
TXN_00040093,CUST_038447,PROD_02716,LOC_0168,2023-06-16,2,110.71,15.0,188.21,Direct Sales
TXN_00416490,CUST_010451,PROD_02262,LOC_0113,2023-11-23,11,2971.3,0.0,32684.3,Online
TXN_00456338,CUST_004088,PROD_03010,LOC_0179,2024-01-08,9,269.99,15.0,2065.42,Online
TXN_00294947,CUST_042612,PROD_00851,LOC_0060,2024-07-31,6,7452.28,20.0,35770.94,Online
TXN_00483079,CUST_028639,PROD_03410,LOC_0048,2021-03-18,12,7746.59,15.0,79015.22,Direct Sales
TXN_00100509,CUST_027190,PROD_03600,LOC_0195,2021-12-18,18,7972.48,15.0,121978.94,Retail
TXN_00373162,CUST_011360,PROD_03642,LOC_0118,2025-06-26,7,7286.53,0.0,51005.71,Direct Sales
TXN_00451010,CUST_024368,PROD_04962,LOC_0202,2022-09-15,3,6915.68,10.0,18672.34,Direct Sales
TXN_00017393,CUST_030884,PROD_03998,LOC_0115,2023-12-03,17,4115.74,20.0,55974.06,Partner
TXN_00122169,CUST_005846,PROD_04613,LOC_0153,2026-01-20,2,5594.21,5.0,10629.0,Partner
TXN_00221259,CUST_038155,PROD_00874,LOC_0247,2023-08-19,18,4386.16,10.0,71055.79,Direct Sales
TXN_00036670,CUST_033954,PROD_03376,LOC_0097,2021-11-10,12,8266.09,15.0,84314.12,Direct Sales
TXN_00287323,CUST_036874,PROD_01727,LOC_0145,2024-09-05,14,9006.07,20.0,100867.98,Direct Sales
TXN_00058028,CUST_025112,PROD_01177,LOC_0120,2026-01-06,3,4986.14,5.0,14210.5,Partner
TXN_00152127,CUST_009721,PROD_00550,LOC_0228,2022-05-17,5,1349.05,10.0,6070.72,Partner
TXN_00234998,CUST_048910,PROD_03444,LOC_0015,2026-03-05,17,4507.3,15.0,65130.48,Retail
TXN_00339615,CUST_043067,PROD_03178,LOC_0182,2024-02-14,1,4990.89,20.0,3992.71,Direct Sales
TXN_00012881,CUST_040336,PROD_03344,LOC_0023,2023-09-12,5,7767.73,0.0,38838.65,Retail
TXN_00372584,CUST_018366,PROD_02360,LOC_0224,2023-10-12,1,6753.2,15.0,5740.22,Retail
TXN_00047766,CUST_048084,PROD_01104,LOC_0147,2022-01-19,15,9985.91,0.0,149788.65,Retail
TXN_00364410,CUST_032860,PROD_03762,LOC_0113,2024-04-14,1,7458.89,10.0,6713.0,Direct Sales
TXN_00495349,CUST_000669,PROD_03748,LOC_0177,2023-12-25,1,6647.88,5.0,6315.49,Retail
TXN_00206999,CUST_015554,PROD_01934,LOC_0109,2025-04-24,8,5873.18,20.0,37588.35,Partner
TXN_00061130,CUST_005470,PROD_01865,LOC_0099,2022-12-09,19,4469.4,0.0,84918.6,Retail
TXN_00080956,CUST_033527,PROD_01262,LOC_0235,2021-10-08,8,6534.01,15.0,44431.27,Online
TXN_00235858,CUST_023228,PROD_04642,LOC_0121,2023-04-13,15,9986.81,5.0,142312.04,Online
TXN_00431123,CUST_010195,PROD_02105,LOC_0176,2021-11-24,9,119.84,0.0,1078.56,Online
TXN_00041375,CUST_005262,PROD_03052,LOC_0166,2023-06-03,19,9616.45,0.0,182712.55,Partner
TXN_00029799,CUST_007552,PROD_01494,LOC_0217,2024-03-06,3,7320.59,15.0,18667.5,Partner
TXN_00492430,CUST_046661,PROD_00849,LOC_0224,2025-05-10,3,2124.4,15.0,5417.22,Retail
TXN_00454693,CUST_040149,PROD_00098,LOC_0237,2024-09-02,9,9311.2,5.0,79610.76,Retail
TXN_00156509,CUST_014547,PROD_04332,LOC_0088,2024-12-31,15,6495.62,5.0,92562.58,Retail
TXN_00472229,CUST_022811,PROD_03978,LOC_0038,2023-12-09,11,8671.58,15.0,81079.27,Online
TXN_00148091,CUST_018388,PROD_03399,LOC_0104,2024-02-09,12,9176.51,0.0,110118.12,Online
TXN_00357823,CUST_016802,PROD_04040,LOC_0081,2025-10-03,19,3417.8,5.0,61691.29,Direct Sales
TXN_00405742,CUST_012236,PROD_04689,LOC_0089,2021-11-05,3,8862.88,5.0,25259.21,Online
TXN_00118032,CUST_047971,PROD_03057,LOC_0008,2021-01-16,12,4576.73,5.0,52174.72,Direct Sales
TXN_00000103,CUST_037745,PROD_04584,LOC_0032,2024-09-29,13,2151.55,0.0,27970.15,Direct Sales
TXN_00281234,CUST_007197,PROD_04253,LOC_0204,2026-06-27,12,7228.33,20.0,69391.97,Retail
TXN_00447891,CUST_030728,PROD_03080,LOC_0215,2021-06-13,6,8572.29,15.0,43718.68,Retail
TXN_00094988,CUST_013253,PROD_01648,LOC_0107,2023-05-25,16,2270.62,20.0,29063.94,Online
TXN_00143764,CUST_032895,PROD_02292,LOC_0154,2025-04-01,18,1413.36,10.0,22896.43,Online
TXN_00057932,CUST_047717,PROD_04493,LOC_0047,2025-11-30,7,5056.24,5.0,33624.0,Partner
TXN_00158427,CUST_021005,PROD_01813,LOC_0013,2021-12-29,3,2845.98,20.0,6830.35,Partner
TXN_00132443,CUST_009004,PROD_00537,LOC_0186,2023-07-29,8,2861.25,20.0,18312.0,Online
TXN_00477925,CUST_022327,PROD_03048,LOC_0210,2022-05-04,8,9364.18,15.0,63676.42,Online
TXN_00475008,CUST_009924,PROD_00776,LOC_0128,2026-02-15,4,3904.62,0.0,15618.48,Online
TXN_00216870,CUST_015949,PROD_01991,LOC_0170,2022-04-13,6,2449.36,10.0,13226.54,Online
TXN_00240990,CUST_015505,PROD_03227,LOC_0061,2021-01-05,8,6630.76,0.0,53046.08,Retail
TXN_00137679,CUST_032542,PROD_01644,LOC_0208,2026-01-15,17,5015.63,5.0,81002.42,Retail
TXN_00318674,CUST_009899,PROD_03113,LOC_0017,2021-05-24,10,2022.1,10.0,18198.9,Online
TXN_00207057,CUST_042952,PROD_02001,LOC_0219,2024-08-05,5,893.72,0.0,4468.6,Retail
TXN_00381429,,PROD_02773,LOC_0074,2024-11-19,14,2050.77,20.0,22968.62,Retail
TXN_00480036,CUST_032844,PROD_03013,LOC_0242,2021-01-08,19,1758.91,5.0,31748.33,Partner
TXN_00128272,CUST_029504,PROD_04738,LOC_0057,2025-12-21,6,8043.27,15.0,41020.68,Partner
TXN_00176993,CUST_014682,PROD_02311,LOC_0147,2021-06-30,10,7643.92,10.0,68795.28,Direct Sales
TXN_00121635,CUST_014272,PROD_01488,LOC_0196,2021-06-27,12,7675.61,10.0,82896.59,Online
TXN_00265432,CUST_030349,PROD_02613,LOC_0038,2022-12-18,6,1789.59,10.0,9663.79,Retail
TXN_00259700,CUST_039937,PROD_02694,LOC_0124,2026-03-23,18,3661.21,5.0,62606.69,Direct Sales
TXN_00284842,CUST_015374,PROD_03369,LOC_0216,2021-04-08,2,806.38,5.0,1532.12,Retail
TXN_00195443,CUST_004397,PROD_04581,LOC_0231,2021-07-17,16,556.48,15.0,7568.13,Online
TXN_00158032,CUST_040076,PROD_01501,LOC_0086,2024-12-22,11,4694.62,20.0,41312.66,Online
TXN_00449144,CUST_020145,PROD_01740,LOC_0049,2024-08-13,10,1166.75,10.0,10500.75,Partner
TXN_00195389,CUST_044624,PROD_04830,LOC_0003,2021-11-28,18,9911.06,15.0,151639.22,Online
TXN_00169543,CUST_006529,PROD_01635,LOC_0102,2024-12-31,10,6702.28,0.0,67022.8,Online
TXN_00036597,CUST_013516,PROD_03675,LOC_0043,2025-12-30,13,4852.43,15.0,53619.35,Retail
TXN_00220638,CUST_034104,PROD_01125,LOC_0157,2022-06-26,10,7239.4,10.0,65154.6,Direct Sales
TXN_00108607,CUST_012065,PROD_02714,LOC_0025,2023-07-04,7,3927.14,5.0,26115.48,Direct Sales
TXN_00406734,CUST_013952,PROD_02278,LOC_0244,2026-01-24,17,1128.78,15.0,16310.87,Retail
TXN_00496195,CUST_036310,PROD_01924,LOC_0194,2023-03-31,11,6329.04,0.0,69619.44,Retail
TXN_00119055,CUST_035895,PROD_00845,LOC_0034,2023-02-19,18,5418.9,5.0,92663.19,Partner
TXN_00397760,CUST_040835,PROD_01207,LOC_0015,2025-08-10,11,1948.84,15.0,18221.65,Partner
TXN_00280642,CUST_044040,PROD_02498,LOC_0015,2026-02-07,18,5090.35,10.0,82463.67,Direct Sales
TXN_00296006,CUST_012440,PROD_03288,LOC_0021,2023-12-26,2,1822.8,15.0,3098.76,Retail
TXN_00469417,CUST_032835,PROD_00077,LOC_0137,2021-03-26,9,7076.52,10.0,57319.81,Retail
TXN_00205099,CUST_035008,PROD_00175,LOC_0032,2025-09-30,13,7683.16,10.0,89892.97,Direct Sales
TXN_00316598,CUST_019569,PROD_02862,LOC_0185,2024-05-03,13,1308.65,0.0,17012.45,Retail
TXN_00373747,CUST_038852,PROD_01649,LOC_0154,2024-10-27,2,3423.29,15.0,5819.59,Online
TXN_00072660,CUST_010718,PROD_03276,LOC_0071,2025-02-15,14,7618.47,10.0,95992.72,Partner
TXN_00362278,CUST_016722,PROD_04563,LOC_0016,2023-12-29,5,3452.32,5.0,16398.52,Direct Sales
TXN_00205613,CUST_025186,PROD_00054,LOC_0045,2021-03-12,17,6331.44,20.0,86107.58,Direct Sales
TXN_00099776,CUST_026657,PROD_00454,LOC_0019,2023-06-08,7,1918.03,0.0,13426.21,Online
TXN_00140352,CUST_000412,PROD_00621,LOC_0086,2022-08-22,10,5087.67,5.0,48332.86,Retail
TXN_00001106,CUST_016560,PROD_02503,LOC_0160,2025-10-08,17,8968.58,20.0,121972.69,Retail
TXN_00262775,CUST_048498,PROD_03111,LOC_0166,2024-01-28,15,5841.03,10.0,78853.9,Partner
TXN_00330441,CUST_034939,PROD_01520,LOC_0080,2021-07-16,15,8541.74,15.0,108907.18,Online
TXN_00491202,CUST_004844,PROD_02610,LOC_0118,2022-11-18,13,3956.41,5.0,48861.66,Direct Sales
TXN_00425247,CUST_005277,PROD_00616,LOC_0179,2025-11-27,15,7310.58,0.0,109658.7,Retail
TXN_00248185,CUST_026078,PROD_03274,LOC_0006,2022-04-12,16,4808.58,0.0,76937.28,Online
TXN_00095207,CUST_003520,PROD_02830,LOC_0030,2025-08-05,17,778.18,15.0,11244.7,Retail
TXN_00448714,CUST_028861,PROD_02030,LOC_0075,2021-02-03,6,9318.74,10.0,50321.2,Partner
TXN_00226437,CUST_043350,PROD_01908,LOC_0041,2025-10-02,15,9729.54,10.0,131348.79,Online
TXN_00369465,CUST_001482,PROD_04058,LOC_0052,2024-08-23,3,4554.69,15.0,11614.46,Online
TXN_00285073,CUST_034504,PROD_03678,LOC_0046,2025-12-15,9,9291.65,5.0,79443.61,Online
TXN_00413645,CUST_034983,PROD_02438,LOC_0060,2021-06-04,17,4598.29,0.0,78170.93,Online
TXN_00304758,CUST_038321,PROD_00461,LOC_0235,2022-06-26,8,5934.19,20.0,37978.82,Retail
TXN_00288782,CUST_006397,PROD_00325,LOC_0081,2023-04-30,2,8330.29,5.0,15827.55,Partner
TXN_00218335,CUST_046920,PROD_03380,LOC_0011,2024-10-27,4,8260.54,10.0,29737.94,Retail
TXN_00184937,CUST_046993,PROD_01435,LOC_0100,2025-02-02,6,6327.38,20.0,30371.42,Online
TXN_00241110,CUST_014679,PROD_04688,LOC_0231,2021-05-05,2,4489.6,5.0,8530.24,Direct Sales
TXN_00251216,CUST_008526,PROD_02034,LOC_0169,2021-08-06,2,6336.76,10.0,11406.17,Online
TXN_00042620,CUST_013377,PROD_01785,LOC_0246,2024-10-03,10,9774.97,10.0,87974.73,Retail
TXN_00043222,CUST_031180,PROD_00055,LOC_0228,2021-01-02,17,6349.73,10.0,97150.87,Direct Sales
TXN_00018960,CUST_028835,PROD_00011,LOC_0221,2022-11-20,19,8155.45,15.0,131710.52,Online
TXN_00231550,CUST_013250,PROD_01316,LOC_0233,2024-11-08,3,8755.38,5.0,24952.83,Online
TXN_00429399,CUST_038243,PROD_02933,LOC_0230,2025-11-10,11,8258.61,0.0,90844.71,Retail
TXN_00032097,CUST_049167,PROD_04868,LOC_0068,2026-03-07,11,5466.9,15.0,51115.51,Retail
TXN_00357867,CUST_047612,PROD_01957,LOC_0244,2025-12-30,16,6347.67,5.0,96484.58,Online
TXN_00058435,CUST_048700,PROD_04927,LOC_0157,2024-10-17,4,6189.53,5.0,23520.21,Online
TXN_00381570,CUST_013246,PROD_00355,LOC_0072,2026-06-28,5,8727.25,5.0,41454.44,Online
TXN_00306353,CUST_008573,PROD_01792,LOC_0044,2025-04-07,4,9230.44,5.0,35075.67,Direct Sales
TXN_00054233,CUST_032117,PROD_03152,LOC_0233,2024-06-18,18,7807.38,10.0,126479.56,Partner
TXN_00047656,CUST_013930,PROD_02618,LOC_0079,2025-08-18,16,1946.13,15.0,26467.37,Retail
TXN_00246199,CUST_027285,PROD_03025,LOC_0208,2024-07-19,9,7057.14,10.0,57162.83,Direct Sales
TXN_00039582,CUST_049731,PROD_00793,LOC_0173,2026-06-13,1,2771.82,5.0,2633.23,Online
TXN_00416029,CUST_001075,PROD_04038,LOC_0216,2023-07-28,1,4568.05,10.0,4111.24,Direct Sales
TXN_00421571,CUST_004253,PROD_03388,LOC_0102,2024-10-24,5,1988.87,0.0,9944.35,Retail
TXN_00025307,CUST_007269,PROD_00587,LOC_0139,2024-11-12,7,3653.87,15.0,21740.53,Direct Sales
TXN_00076411,CUST_040679,PROD_04061,LOC_0012,2024-09-13,16,8608.27,20.0,110185.86,Partner
TXN_00111269,CUST_005052,PROD_00809,LOC_0193,2024-02-04,7,4619.01,20.0,25866.46,Retail
TXN_00398095,CUST_001568,PROD_01138,LOC_0125,2024-02-10,13,9905.94,0.0,128777.22,Retail
TXN_00428529,CUST_017962,PROD_01503,LOC_0026,2024-04-02,9,3064.46,20.0,22064.11,Partner
TXN_00288746,CUST_049456,PROD_00191,LOC_0072,2024-06-22,14,880.79,20.0,9864.85,Online
TXN_00311914,CUST_040213,PROD_02440,LOC_0122,2021-11-01,10,9965.72,0.0,99657.2,Direct Sales
TXN_00241699,CUST_044263,PROD_04273,LOC_0248,2023-11-20,16,7045.26,0.0,112724.16,Partner
TXN_00263183,CUST_032665,PROD_03640,LOC_0199,2024-03-22,5,3853.03,5.0,18301.89,Online
TXN_00090623,CUST_003651,PROD_00627,LOC_0205,2024-05-29,9,189.03,10.0,1531.14,Direct Sales
TXN_00227393,CUST_013285,PROD_02256,LOC_0021,2025-01-05,18,5510.76,20.0,79354.94,Retail
TXN_00062911,CUST_028980,PROD_01620,LOC_0110,2021-12-08,4,9343.45,15.0,31767.73,Online
TXN_00204507,CUST_000597,PROD_01729,LOC_0239,2023-07-23,1,9943.1,5.0,9445.94,Retail
TXN_00465946,CUST_039674,PROD_02051,LOC_0237,2022-10-13,16,9789.75,5.0,148804.2,Partner
TXN_00032387,CUST_049727,PROD_00684,LOC_0227,2022-07-27,6,9373.98,20.0,44995.1,Online
TXN_00340332,CUST_035850,PROD_01352,LOC_0011,2025-07-03,15,6028.4,5.0,85904.7,Partner
TXN_00492368,CUST_018240,PROD_01330,LOC_0057,2025-03-10,12,7099.4,10.0,76673.52,Online
TXN_00173899,CUST_032055,PROD_02702,LOC_0043,2025-11-15,2,1322.99,10.0,2381.38,Direct Sales
TXN_00165706,CUST_037430,PROD_02665,LOC_0122,2023-01-16,-1,9909.53,10.0,44592.88,Retail
TXN_00018401,CUST_015297,PROD_01044,LOC_0021,2026-02-16,3,8710.76,20.0,20905.82,Retail
TXN_00425971,CUST_032160,PROD_03411,LOC_0021,2021-07-15,17,483.06,0.0,8212.02,Retail
TXN_00403436,CUST_004805,PROD_02407,LOC_0113,2022-05-13,9,9291.09,10.0,75257.83,Partner
TXN_00264683,CUST_037878,PROD_04898,LOC_0050,2021-09-03,17,1809.17,10.0,27680.3,Online
TXN_00223965,CUST_001770,PROD_03072,LOC_0092,2022-08-23,1,5281.53,15.0,4489.3,Partner
TXN_00376197,,PROD_02564,LOC_0028,2024-02-16,10,2544.46,15.0,21627.91,Direct Sales
TXN_00351372,CUST_021559,PROD_04186,LOC_0217,2026-04-14,8,801.8,20.0,5131.52,Partner
TXN_00087289,CUST_008119,PROD_03145,LOC_0194,2024-10-24,9,4280.33,5.0,36596.82,Retail
TXN_00017783,CUST_002188,PROD_02164,LOC_0213,2025-12-11,15,9900.93,5.0,141088.25,Direct Sales
TXN_00066673,CUST_028984,PROD_04957,LOC_0230,2021-10-20,1,3599.64,20.0,2879.71,Direct Sales
TXN_00204201,CUST_038586,PROD_01647,LOC_0062,2025-12-15,19,4571.64,0.0,86861.16,Partner
TXN_00290296,CUST_040810,PROD_03583,LOC_0194,2023-05-16,1,5825.44,20.0,4660.35,Direct Sales
TXN_00142016,CUST_049274,PROD_01941,LOC_0178,2024-03-30,18,2723.09,5.0,46564.84,Partner
TXN_00396730,CUST_015194,PROD_01443,LOC_0128,2023-01-15,19,5107.93,0.0,97050.67,Online
TXN_00077006,CUST_035941,PROD_03402,LOC_0017,2023-09-10,3,3008.48,5.0,8574.17,Online
TXN_00356181,CUST_029572,PROD_02621,LOC_0039,2023-12-23,11,8543.46,5.0,89279.16,Direct Sales
TXN_00474303,CUST_036619,PROD_03437,LOC_0157,2026-05-17,19,8845.72,0.0,168068.68,Retail
TXN_00148323,CUST_014464,PROD_00705,LOC_0008,2022-02-03,18,7940.28,10.0,128632.54,Direct Sales
TXN_00087103,CUST_038846,PROD_03591,LOC_0226,2026-06-21,15,6263.78,20.0,75165.36,Online
TXN_00084771,CUST_022706,PROD_04798,LOC_0212,2021-02-11,16,4663.3,10.0,67151.52,Retail
TXN_00422359,CUST_009208,PROD_01835,LOC_0066,2025-03-22,10,805.31,0.0,8053.1,Online
TXN_00171926,CUST_011698,PROD_02800,LOC_0242,2024-07-29,7,7584.8,5.0,50438.92,Partner
TXN_00001323,CUST_011651,PROD_00982,LOC_0215,2021-03-17,4,9331.79,0.0,37327.16,Retail
TXN_00412843,CUST_002088,PROD_03479,LOC_0247,2025-02-18,18,4858.9,10.0,78714.18,Retail
TXN_00475758,CUST_025424,PROD_04546,LOC_0007,2023-02-22,14,5236.74,20.0,58651.49,Retail
TXN_00059690,CUST_014887,PROD_00275,LOC_0212,2022-01-26,5,6195.61,0.0,30978.05,Online
TXN_00356131,CUST_028462,PROD_00907,LOC_0026,2025-05-01,4,2239.23,0.0,8956.92,Partner
TXN_00263904,,PROD_01004,LOC_0240,2021-04-26,10,8410.79,5.0,79902.5,Direct Sales
TXN_00448282,CUST_015608,PROD_00662,LOC_0146,2023-08-12,12,3055.14,0.0,36661.68,Retail
TXN_00234766,,PROD_00487,LOC_0109,2023-01-17,2,7232.56,0.0,14465.12,Online
TXN_00127544,,PROD_00857,LOC_0210,2024-08-16,14,9967.43,10.0,125589.62,Direct Sales
TXN_00302092,CUST_000265,PROD_02289,LOC_0105,2024-07-12,7,1378.39,10.0,8683.86,Retail
TXN_00255405,CUST_019655,PROD_00154,LOC_0193,2021-10-01,12,8102.35,20.0,77782.56,Retail
TXN_00007892,CUST_024030,PROD_02700,LOC_0112,2021-02-09,7,5347.7,20.0,29947.12,Partner
TXN_00222559,CUST_047943,PROD_03303,LOC_0116,2025-07-13,8,6761.26,0.0,54090.08,Direct Sales
TXN_00385340,CUST_038523,PROD_02438,LOC_0133,2021-11-28,2,1732.58,20.0,2772.13,Retail
TXN_00478053,CUST_048500,PROD_00790,LOC_0066,2025-03-29,8,6574.13,5.0,49963.39,Retail
TXN_00188057,CUST_042139,PROD_02675,LOC_0102,2026-05-17,5,3982.4,0.0,19912.0,Partner
TXN_00022180,CUST_024782,PROD_01601,LOC_0248,2025-02-06,6,3626.64,10.0,19583.86,Retail
TXN_00491816,CUST_031215,PROD_01275,LOC_0173,2021-01-05,4,9084.33,10.0,32703.59,Online
TXN_00185909,CUST_014968,PROD_01346,LOC_0067,2023-07-27,12,5734.08,10.0,61928.06,Retail
TXN_00039488,CUST_026812,PROD_00999,LOC_0221,2022-06-29,5,3778.33,20.0,15113.32,Online
TXN_00347011,CUST_005781,PROD_02325,LOC_0192,2024-06-15,7,7682.67,0.0,53778.69,Retail
TXN_00399919,CUST_044906,PROD_00286,LOC_0086,2021-10-01,5,3752.77,10.0,16887.46,Online
TXN_00314504,CUST_047124,PROD_04449,LOC_0163,2025-10-26,14,2780.79,0.0,38931.06,Retail
TXN_00010374,CUST_032621,PROD_00492,LOC_0033,2025-11-12,3,845.54,20.0,2029.3,Direct Sales
TXN_00441535,CUST_042526,PROD_00939,LOC_0082,2023-11-02,15,4876.89,20.0,58522.68,Partner
TXN_00485757,CUST_034277,PROD_03732,LOC_0007,2021-09-18,7,6562.44,20.0,36749.66,Partner
TXN_00209283,CUST_009933,PROD_00588,LOC_0093,2024-07-24,4,5821.63,0.0,23286.52,Online
TXN_00431210,CUST_014301,PROD_01570,LOC_0124,2023-05-06,5,8559.83,5.0,40659.19,Retail
TXN_00052624,CUST_042700,PROD_00566,LOC_0210,2024-12-29,3,2887.21,0.0,8661.63,Online
TXN_00102862,CUST_009844,PROD_03911,LOC_0028,2022-12-21,13,1751.32,15.0,19352.09,Retail
TXN_00079996,CUST_028704,PROD_02095,LOC_0025,2021-05-15,15,1577.64,15.0,20114.91,Partner
TXN_00445404,CUST_044297,PROD_04604,LOC_0191,2021-10-14,17,7191.69,0.0,122258.73,Retail
TXN_00265498,CUST_001250,PROD_01511,LOC_0223,2022-04-24,1,361.9,0.0,361.9,Partner
TXN_00134811,CUST_034478,PROD_01355,LOC_0167,2021-06-10,18,8441.61,10.0,136754.08,Online
TXN_00218190,CUST_009368,PROD_01358,LOC_0205,2021-08-31,9,4239.28,0.0,38153.52,Retail
TXN_00396672,CUST_016401,PROD_03661,LOC_0002,2025-10-13,3,1109.91,15.0,2830.27,Retail
TXN_00283194,CUST_030870,PROD_01881,LOC_0011,2025-09-23,11,2706.15,15.0,25302.5,Retail
TXN_00411816,CUST_037108,PROD_03692,LOC_0102,2024-11-13,16,8061.51,10.0,116085.74,Retail
TXN_00420784,CUST_037039,PROD_02170,LOC_0171,2025-03-03,11,2703.36,5.0,28250.11,Online
TXN_00054920,CUST_026932,PROD_00554,LOC_0186,2022-03-11,17,3862.68,0.0,65665.56,Direct Sales
TXN_00462857,CUST_044246,PROD_01970,LOC_0190,2024-01-05,3,7925.27,20.0,19020.65,Partner
TXN_00376703,CUST_025036,PROD_04488,LOC_0179,2023-10-30,17,8524.54,10.0,130425.46,Online
TXN_00270783,CUST_033140,PROD_01001,LOC_0186,2021-02-06,11,7878.67,10.0,77998.83,Online
TXN_00113622,CUST_019768,PROD_03762,LOC_0157,2021-10-03,5,5361.62,20.0,21446.48,Online
TXN_00444974,CUST_036298,PROD_01522,LOC_0198,2023-05-29,14,9773.06,20.0,109458.27,Partner
TXN_00183155,CUST_009280,PROD_00374,LOC_0028,2021-05-23,2,8072.66,10.0,14530.79,Partner
TXN_00159305,CUST_010941,PROD_04679,LOC_0240,2022-11-02,17,6850.03,5.0,110627.98,Direct Sales
TXN_00241846,CUST_015951,PROD_01898,LOC_0087,2021-12-21,16,3158.36,10.0,45480.38,Partner
TXN_00340802,CUST_025842,PROD_04015,LOC_0120,2024-06-02,11,9615.5,10.0,95193.45,Online
TXN_00046604,CUST_040468,PROD_01868,LOC_0082,2022-07-13,19,775.98,20.0,11794.9,Partner
TXN_00049118,CUST_034121,PROD_00690,LOC_0146,2023-05-24,2,7135.9,5.0,13558.21,Online
TXN_00159406,CUST_038093,PROD_04239,LOC_0140,2023-07-09,7,9479.56,20.0,53085.54,Partner
TXN_00012878,CUST_038403,PROD_01160,LOC_0009,2025-02-13,14,8611.42,20.0,96447.9,Partner
TXN_00456282,CUST_032095,PROD_03059,LOC_0168,2024-12-05,19,1540.23,0.0,29264.37,Retail
TXN_00029956,CUST_038287,PROD_04171,LOC_0170,2021-03-11,17,7109.58,10.0,108776.57,Partner
TXN_00396257,CUST_047362,PROD_01735,LOC_0055,2023-11-10,19,1295.18,0.0,24608.42,Direct Sales
TXN_00328986,CUST_048347,PROD_03874,LOC_0168,2021-03-28,9,7149.88,0.0,64348.92,Direct Sales
TXN_00024520,CUST_028083,PROD_02777,LOC_0122,2025-08-28,14,5790.8,5.0,77017.64,Retail
TXN_00388451,CUST_019364,PROD_04189,LOC_0017,2021-09-28,14,9120.19,5.0,121298.53,Online
TXN_00222709,CUST_037009,PROD_03789,LOC_0141,2021-12-14,7,6688.95,10.0,42140.38,Direct Sales
TXN_00247257,CUST_014507,PROD_04162,LOC_0028,2021-05-04,4,4631.05,0.0,18524.2,Direct Sales
TXN_00155190,,PROD_04548,LOC_0045,2024-11-09,17,6199.76,15.0,89586.53,Online
TXN_00009198,CUST_039458,PROD_00063,LOC_0002,2021-12-19,7,1457.31,15.0,8670.99,Direct Sales
TXN_00472850,CUST_024094,PROD_00078,LOC_0151,2021-01-29,13,4446.01,0.0,57798.13,Partner
TXN_00315177,CUST_039511,PROD_03358,LOC_0106,2024-05-27,3,7801.2,15.0,19893.06,Direct Sales
TXN_00033908,CUST_044123,PROD_02022,LOC_0219,2021-11-25,11,7570.92,10.0,74952.11,Direct Sales
TXN_00067980,CUST_040124,PROD_03166,LOC_0089,2025-05-30,12,2727.94,0.0,32735.28,Online
TXN_00191071,,PROD_02995,LOC_0219,2023-08-21,4,4870.36,15.0,16559.22,Partner
TXN_00404320,CUST_045461,PROD_02117,LOC_0184,2024-04-16,11,9442.99,15.0,88291.96,Online
TXN_00003629,CUST_002043,PROD_02182,LOC_0243,2025-02-13,11,8533.18,0.0,93864.98,Online
TXN_00474541,CUST_007575,PROD_04732,LOC_0238,2025-12-27,15,9757.17,20.0,117086.04,Retail
TXN_00267384,CUST_011833,PROD_00339,LOC_0111,2025-02-25,14,2797.26,5.0,37203.56,Online
TXN_00134026,CUST_019456,PROD_03467,LOC_0026,2025-04-14,14,3643.94,20.0,40812.13,Online
TXN_00202465,CUST_030821,PROD_03450,LOC_0078,2025-11-09,14,6329.44,15.0,75320.34,Online
TXN_00014990,CUST_013261,PROD_04769,LOC_0188,2024-06-02,8,6660.15,0.0,53281.2,Online
TXN_00418365,CUST_002066,PROD_01578,LOC_0159,2024-11-24,7,8747.29,20.0,48984.82,Partner
TXN_00394174,CUST_044771,PROD_02142,LOC_0034,2023-09-26,7,4236.65,20.0,23725.24,Retail
TXN_00245452,CUST_029117,PROD_00606,LOC_0003,2022-09-21,6,5693.04,20.0,27326.59,Online
TXN_00178918,CUST_048871,PROD_04149,LOC_0040,2022-01-13,12,1614.65,0.0,19375.8,Partner
TXN_00029573,CUST_026490,PROD_02293,LOC_0017,2022-12-09,5,7014.62,5.0,33319.44,Partner
TXN_00141318,CUST_020109,PROD_00938,LOC_0034,2025-12-29,16,1602.74,10.0,23079.46,Partner
TXN_00011825,CUST_024790,PROD_02007,LOC_0089,2022-03-07,6,6119.57,10.0,33045.68,Partner
TXN_00457977,CUST_049144,PROD_00535,LOC_0002,2023-09-18,16,4132.56,0.0,66120.96,Retail
TXN_00487110,CUST_045625,PROD_04289,LOC_0066,2023-04-20,1,5703.19,5.0,5418.03,Retail
TXN_00089155,CUST_020443,PROD_04215,LOC_0237,2022-05-19,16,9076.82,15.0,123444.75,Retail
TXN_00456483,CUST_031625,PROD_00415,LOC_0178,2021-12-04,6,8208.92,15.0,41865.49,Retail
TXN_00487124,CUST_012506,PROD_01355,LOC_0239,2022-10-31,8,5997.77,15.0,40784.84,Online
TXN_00135536,CUST_037259,PROD_04307,LOC_0020,2021-05-14,9,1039.47,0.0,9355.23,Retail
TXN_00118886,CUST_009228,PROD_02205,LOC_0168,2022-10-14,4,4581.95,5.0,17411.41,Partner
TXN_00429535,CUST_029262,PROD_01401,LOC_0157,2024-01-12,4,504.69,0.0,2018.76,Online
TXN_00028008,CUST_018927,PROD_03843,LOC_0064,2024-07-14,19,2088.66,5.0,37700.31,Online
TXN_00059377,CUST_021732,PROD_03195,LOC_0056,2022-10-04,3,1624.58,20.0,3898.99,Partner
TXN_00303734,CUST_008251,PROD_03266,LOC_0017,2022-02-14,11,5739.93,0.0,63139.23,Online
TXN_00007821,CUST_004069,PROD_00090,LOC_0079,2025-12-04,5,613.75,5.0,2915.31,Partner
TXN_00226743,CUST_027836,PROD_04921,LOC_0188,2025-04-09,6,8145.38,15.0,41541.44,Partner
TXN_00096265,CUST_016847,PROD_02846,LOC_0072,2024-04-27,15,7971.68,20.0,95660.16,Direct Sales
TXN_00281961,CUST_002433,PROD_01359,LOC_0089,2023-11-26,18,2744.83,0.0,49406.94,Online
TXN_00492792,CUST_045843,PROD_02759,LOC_0166,2024-05-08,10,4590.52,0.0,45905.2,Partner
TXN_00246699,CUST_041029,PROD_04946,LOC_0070,2024-04-14,5,786.3,20.0,3145.2,Partner
TXN_00202922,CUST_031856,PROD_00004,LOC_0113,2023-10-13,19,5695.78,10.0,97397.84,Retail
TXN_00062728,CUST_025292,PROD_01042,LOC_0065,2024-08-21,12,5390.44,15.0,54982.49,Retail
TXN_00371325,CUST_001509,PROD_03886,LOC_0148,2023-04-07,3,1777.99,20.0,4267.18,Direct Sales
TXN_00228921,CUST_036612,PROD_01551,LOC_0223,2025-03-17,5,8952.5,20.0,35810.0,Retail
TXN_00294438,CUST_043704,PROD_01790,LOC_0190,2022-03-27,12,7113.64,20.0,68290.94,Retail
TXN_00309921,CUST_014337,PROD_01256,LOC_0234,2026-02-01,11,4744.6,10.0,46971.54,Direct Sales
TXN_00192211,CUST_002987,PROD_04034,LOC_0018,2023-10-25,8,8967.45,10.0,64565.64,Partner
TXN_00452874,CUST_018423,PROD_03477,LOC_0105,2025-01-13,17,3938.05,15.0,56904.82,Online
TXN_00272235,CUST_016473,PROD_01970,LOC_0014,2024-10-19,7,7047.36,20.0,39465.22,Direct Sales
TXN_00158557,CUST_006665,PROD_01848,LOC_0134,2022-02-12,4,9946.37,15.0,33817.66,Partner
TXN_00438070,CUST_047656,PROD_00885,LOC_0229,2023-11-13,16,1182.81,0.0,18924.96,Direct Sales
TXN_00305893,CUST_007603,PROD_00961,LOC_0175,2021-01-01,5,3795.64,5.0,18029.29,Partner
TXN_00447976,CUST_026186,PROD_01351,LOC_0139,2025-08-23,14,2657.22,0.0,37201.08,Partner
TXN_00420288,CUST_036186,PROD_04565,LOC_0154,2025-12-17,17,9593.49,20.0,130471.46,Direct Sales
TXN_00020455,CUST_010515,PROD_01968,LOC_0072,2022-01-30,11,8376.49,0.0,92141.39,Retail
TXN_00206842,CUST_002181,PROD_00116,LOC_0228,2025-02-12,18,5055.01,15.0,77341.65,Partner
TXN_00328671,CUST_001213,PROD_03025,LOC_0079,2023-06-02,4,4512.56,15.0,15342.7,Retail
TXN_00230455,CUST_044294,PROD_03180,LOC_0153,2026-02-04,19,7724.35,0.0,146762.65,Online
TXN_00138799,CUST_032164,PROD_02938,LOC_0131,2025-11-21,16,6213.41,20.0,79531.65,Online
TXN_00259312,CUST_041651,PROD_02356,LOC_0150,2021-08-25,8,9526.33,5.0,72400.11,Retail
TXN_00178473,CUST_005919,PROD_03316,LOC_0105,2023-12-10,1,6264.59,10.0,5638.13,Online
TXN_00241804,CUST_004261,PROD_01940,LOC_0101,2023-03-14,14,2201.57,20.0,24657.58,Retail
TXN_00457038,CUST_045850,PROD_02880,LOC_0246,2025-06-25,8,4763.83,5.0,36205.11,Direct Sales
TXN_00129153,CUST_042437,PROD_03462,LOC_0218,2025-12-01,12,730.46,20.0,7012.42,Partner
TXN_00192074,CUST_049424,PROD_02934,LOC_0080,2024-12-04,19,3655.5,5.0,65981.77,Direct Sales
TXN_00157035,CUST_005470,PROD_01224,LOC_0135,2021-03-20,16,5632.94,10.0,81114.34,Direct Sales
TXN_00370643,CUST_003388,PROD_04222,LOC_0002,2023-03-25,17,8034.05,5.0,129749.91,Online
TXN_00248987,CUST_034624,PROD_00207,LOC_0057,2025-03-29,1,9132.82,15.0,7762.9,Partner
TXN_00152767,CUST_031100,PROD_02296,LOC_0216,2023-12-21,5,1964.41,20.0,7857.64,Partner
TXN_00117802,CUST_019173,PROD_02549,LOC_0238,2023-11-14,6,3851.24,15.0,19641.32,Online
TXN_00316780,CUST_020802,PROD_02801,LOC_0240,2024-11-11,10,6482.11,0.0,64821.1,Retail
TXN_00103792,CUST_006141,PROD_03947,LOC_0108,2024-01-25,19,9292.26,0.0,176552.94,Partner
TXN_00066635,CUST_035204,PROD_03735,LOC_0162,2024-06-23,17,5578.4,10.0,85349.52,Partner
TXN_00499179,CUST_001334,PROD_04994,LOC_0051,2026-06-23,14,2238.66,15.0,26640.05,Direct Sales
TXN_00088673,CUST_032816,PROD_04907,LOC_0172,2022-02-21,19,4966.55,5.0,89646.23,Partner
TXN_00345780,,PROD_02262,LOC_0215,2022-11-17,3,8281.97,5.0,23603.61,Online
TXN_00386982,CUST_047923,PROD_01859,LOC_0035,2025-12-07,19,1947.67,20.0,29604.58,Retail
TXN_00204087,CUST_020748,PROD_02545,LOC_0135,2022-05-30,18,5522.81,10.0,89469.52,Online
TXN_00116751,CUST_002666,PROD_03637,LOC_0055,2021-05-09,4,5857.61,10.0,21087.4,Partner
TXN_00191159,CUST_038383,PROD_00705,LOC_0149,2025-05-12,4,5874.82,5.0,22324.32,Retail
TXN_00453032,CUST_016936,PROD_03652,LOC_0048,2022-05-28,14,9607.07,0.0,134498.98,Retail
TXN_00462832,CUST_006485,PROD_02719,LOC_0220,2024-04-25,1,1926.51,0.0,1926.51,Online
TXN_00129165,CUST_015335,PROD_04946,LOC_0004,2025-07-27,2,2419.63,10.0,4355.33,Direct Sales
TXN_00407837,CUST_044833,PROD_01986,LOC_0114,2024-05-26,14,8110.58,10.0,102193.31,Online
TXN_00116936,CUST_035385,PROD_01885,LOC_0182,2024-12-25,12,1684.59,5.0,19204.33,Retail
TXN_00021336,CUST_003186,PROD_02507,LOC_0053,2023-09-21,7,5860.73,5.0,38973.85,Partner
TXN_00131123,CUST_017528,PROD_04293,LOC_0245,2021-11-06,1,8275.89,10.0,7448.3,Direct Sales
TXN_00065450,CUST_009593,PROD_03404,LOC_0240,2025-11-13,16,8442.21,20.0,108060.29,Retail
TXN_00381049,CUST_004779,PROD_04893,LOC_0226,2023-04-17,3,2586.92,10.0,6984.68,Retail
TXN_00004468,CUST_032390,PROD_04461,LOC_0181,2025-05-07,15,992.38,5.0,14141.42,Direct Sales
TXN_00115675,CUST_028553,PROD_01083,LOC_0205,2021-06-22,7,3324.61,0.0,23272.27,Retail
TXN_00207469,CUST_038221,PROD_01880,LOC_0045,2023-05-22,7,3190.59,0.0,22334.13,Partner
TXN_00031748,CUST_000201,PROD_04025,LOC_0247,2024-06-26,14,8710.37,15.0,103653.4,Direct Sales
TXN_00208281,CUST_037227,PROD_03386,LOC_0200,2024-03-07,6,8971.44,10.0,48445.78,Retail
TXN_00046210,CUST_036055,PROD_02300,LOC_0027,2021-08-14,6,9709.35,0.0,58256.1,Partner
TXN_00251995,CUST_049246,PROD_01023,LOC_0170,2023-12-18,14,866.61,5.0,11525.91,Partner
TXN_00105976,CUST_012550,PROD_04805,LOC_0038,2022-05-31,13,3632.43,0.0,47221.59,Retail
TXN_00347211,CUST_025218,PROD_03402,LOC_0213,2023-07-01,1,6291.12,0.0,6291.12,Online
TXN_00455566,CUST_012500,PROD_04343,LOC_0238,2022-11-06,14,7339.59,20.0,82203.41,Retail
TXN_00169603,CUST_035126,PROD_02623,LOC_0240,2022-03-07,10,7322.76,5.0,69566.22,Partner
TXN_00266853,CUST_040214,PROD_03308,LOC_0180,2025-06-23,14,1476.08,10.0,18598.61,Direct Sales
TXN_00094872,CUST_018939,PROD_01506,LOC_0148,2024-07-21,9,446.86,15.0,3418.48,Direct Sales
TXN_00150484,CUST_024048,PROD_01688,LOC_0130,2022-11-23,12,7007.01,0.0,84084.12,Direct Sales
TXN_00190606,CUST_007807,PROD_03832,LOC_0143,2021-12-10,19,7851.42,10.0,134259.28,Partner
TXN_00439632,CUST_039250,PROD_00533,LOC_0057,2024-09-24,12,959.38,0.0,11512.56,Retail
TXN_00072374,CUST_029077,PROD_03596,LOC_0034,2026-06-03,8,1912.73,20.0,12241.47,Direct Sales
TXN_00109168,CUST_001932,PROD_00818,LOC_0183,2024-03-22,13,7963.11,5.0,98344.41,Online
TXN_00460454,,PROD_01036,LOC_0190,2023-01-25,12,4664.33,5.0,53173.36,Direct Sales
TXN_00264221,CUST_020848,PROD_00847,LOC_0004,2024-09-04,5,3730.35,5.0,17719.16,Online
TXN_00200497,CUST_020854,PROD_01907,LOC_0155,2023-01-23,11,2393.99,15.0,22383.81,Retail
TXN_00319135,CUST_037414,PROD_02046,LOC_0044,2022-06-26,6,7618.93,20.0,36570.86,Partner
TXN_00079602,CUST_046276,PROD_02636,LOC_0044,2024-09-11,15,9990.65,10.0,134873.78,Direct Sales
TXN_00372754,CUST_035007,PROD_04505,LOC_0217,2025-02-16,9,4251.37,20.0,30609.86,Online
TXN_00155001,CUST_025448,PROD_00397,LOC_0025,2025-11-09,13,8137.41,5.0,100497.01,Direct Sales
TXN_00233911,CUST_033405,PROD_03331,LOC_0235,2024-04-03,9,7718.47,10.0,62519.61,Online
TXN_00276739,CUST_034586,PROD_03439,LOC_0006,2023-01-18,9,2784.66,5.0,23808.84,Partner
TXN_00439555,CUST_025939,PROD_02912,LOC_0150,2024-08-17,1,1630.9,0.0,1630.9,Retail
TXN_00399957,CUST_044297,PROD_00056,LOC_0198,2022-12-03,3,248.06,10.0,669.76,Retail
TXN_00429280,CUST_018995,PROD_04623,LOC_0050,2021-10-06,19,4495.22,15.0,72597.8,Retail
TXN_00094179,CUST_031042,PROD_00686,LOC_0173,2025-10-05,16,3011.83,10.0,43370.35,Partner
TXN_00430930,CUST_025357,PROD_04296,LOC_0054,2023-05-06,5,1253.43,0.0,6267.15,Retail
TXN_00109721,CUST_002251,PROD_01357,LOC_0230,2026-02-28,2,7301.69,5.0,13873.21,Direct Sales
TXN_00156788,CUST_048158,PROD_03067,LOC_0107,2025-12-19,15,1559.44,0.0,23391.6,Online
TXN_00362498,CUST_039449,PROD_02615,LOC_0006,2026-06-19,3,363.03,15.0,925.73,Online
TXN_00464205,CUST_042468,PROD_00051,LOC_0227,2022-08-30,16,8412.31,15.0,114407.42,Online
TXN_00224391,CUST_018018,PROD_00678,LOC_0130,2025-09-29,14,3745.59,15.0,44572.52,Partner
TXN_00019669,CUST_006750,PROD_03093,LOC_0147,2025-05-29,1,9753.86,15.0,8290.78,Direct Sales
TXN_00466074,CUST_049808,PROD_00165,LOC_0211,2021-06-05,10,5397.0,0.0,53970.0,Retail
TXN_00452943,CUST_003602,PROD_04125,LOC_0139,2025-12-03,8,139.36,0.0,1114.88,Partner
TXN_00135652,CUST_015628,PROD_03371,LOC_0030,2025-03-23,14,8866.49,20.0,99304.69,Online
TXN_00173937,CUST_001886,PROD_03240,LOC_0162,2022-07-06,18,8888.78,15.0,135998.33,Direct Sales
TXN_00329282,CUST_044631,PROD_04264,LOC_0240,2023-12-17,3,926.95,20.0,2224.68,Online
TXN_00032019,CUST_003085,PROD_03157,LOC_0045,2021-12-29,19,681.89,10.0,11660.32,Partner
TXN_00210901,CUST_002489,PROD_02793,LOC_0005,2024-12-20,4,6548.07,0.0,26192.28,Direct Sales
TXN_00040572,CUST_001030,PROD_01851,LOC_0109,2021-01-20,12,1188.17,10.0,12832.24,Online
TXN_00067303,CUST_047979,PROD_01736,LOC_0073,2023-11-05,6,2814.92,5.0,16045.04,Retail
TXN_00367479,CUST_008675,PROD_01310,LOC_0232,2026-05-20,8,7865.95,20.0,50342.08,Retail
TXN_00143504,,PROD_01028,LOC_0081,2021-08-19,11,8133.83,0.0,89472.13,Retail
TXN_00165381,,PROD_04476,LOC_0234,2025-06-14,1,132.65,15.0,112.75,Online
TXN_00255775,CUST_004377,PROD_03259,LOC_0073,2022-04-04,7,3258.14,20.0,18245.58,Partner
TXN_00126985,CUST_013769,PROD_03793,LOC_0060,2023-03-21,8,4163.3,15.0,28310.44,Retail
TXN_00130551,CUST_045341,PROD_04895,LOC_0012,2021-08-01,3,3366.9,0.0,10100.7,Online
TXN_00353387,CUST_005660,PROD_02490,LOC_0123,2022-09-15,8,914.83,20.0,5854.91,Retail
TXN_00095412,CUST_035215,PROD_01088,LOC_0181,2021-11-10,2,9455.35,20.0,15128.56,Partner
TXN_00148717,CUST_028916,PROD_04037,LOC_0015,2021-04-22,17,9846.19,5.0,159015.97,Retail
TXN_00449672,CUST_045836,PROD_00251,LOC_0245,2025-05-01,5,3562.89,5.0,16923.73,Partner
TXN_00014183,CUST_027860,PROD_04751,LOC_0134,2024-02-01,4,548.15,5.0,2082.97,Online
TXN_00028046,CUST_024412,PROD_04069,LOC_0139,2024-01-27,4,5070.29,10.0,18253.04,Retail
TXN_00060781,CUST_029134,PROD_02025,LOC_0087,2021-11-04,18,6530.67,0.0,117552.06,Partner
TXN_00073360,CUST_010931,PROD_03178,LOC_0198,2023-05-03,13,2760.64,0.0,35888.32,Online
TXN_00099288,CUST_043111,PROD_04968,LOC_0164,2022-06-15,6,8962.13,15.0,45706.86,Direct Sales
TXN_00338335,CUST_042709,PROD_03825,LOC_0175,2025-08-04,12,6613.6,10.0,71426.88,Partner
TXN_00247884,CUST_012746,PROD_02688,LOC_0068,2021-05-11,18,563.17,0.0,10137.06,Direct Sales
TXN_00189410,CUST_048187,PROD_02156,LOC_0197,2021-08-05,3,9391.53,20.0,22539.67,Online
TXN_00241056,CUST_025713,PROD_03567,LOC_0207,2021-10-18,16,7180.69,5.0,109146.49,Retail
TXN_00193329,CUST_013558,PROD_04521,LOC_0165,2024-02-16,11,6886.43,15.0,64388.12,Direct Sales
TXN_00445648,CUST_016027,PROD_00419,LOC_0002,2023-07-29,17,2236.6,20.0,30417.76,Partner
TXN_00032740,CUST_019989,PROD_03028,LOC_0036,2021-12-31,15,6483.71,5.0,92392.87,Partner
TXN_00018145,CUST_037378,PROD_00533,LOC_0210,2026-04-22,17,2831.08,15.0,40909.11,Retail
TXN_00376271,CUST_033513,PROD_00240,LOC_0124,2024-07-26,14,398.2,15.0,4738.58,Retail
TXN_00216779,CUST_007706,PROD_04298,LOC_0211,2025-07-24,6,1175.16,0.0,7050.96,Online
TXN_00475871,CUST_037567,PROD_04560,LOC_0192,2024-11-15,1,4980.73,0.0,4980.73,Online
TXN_00404981,CUST_036297,PROD_04505,LOC_0166,2024-12-19,13,6102.63,5.0,75367.48,Partner
TXN_00379329,,PROD_03817,LOC_0134,2022-04-23,18,9819.66,10.0,159078.49,Online
TXN_00006464,CUST_006303,PROD_03289,LOC_0005,2021-11-13,1,9827.16,0.0,9827.16,Direct Sales
TXN_00135637,,PROD_04668,LOC_0114,2024-05-01,9,2084.89,15.0,15949.41,Direct Sales
TXN_00452534,CUST_034316,PROD_04588,LOC_0015,2024-02-02,16,2847.47,10.0,41003.57,Online
TXN_00203869,CUST_025522,PROD_00260,LOC_0049,2024-07-06,8,7154.72,0.0,57237.76,Online
TXN_00173595,CUST_042418,PROD_04532,LOC_0238,2022-09-06,19,1748.0,20.0,26569.6,Partner
TXN_00069463,,PROD_00511,LOC_0062,2021-10-19,12,7379.64,10.0,79700.11,Online
TXN_00343983,CUST_033549,PROD_01351,LOC_0026,2025-01-17,8,4226.0,15.0,28736.8,Online
TXN_00025300,CUST_034302,PROD_02647,LOC_0145,2024-06-24,13,7047.81,0.0,91621.53,Online
TXN_00188583,CUST_009593,PROD_01931,LOC_0221,2025-05-17,18,2594.83,5.0,44371.59,Partner
TXN_00126537,CUST_004715,PROD_04033,LOC_0002,2021-07-11,13,7799.81,10.0,91257.78,Direct Sales
TXN_00346267,CUST_030289,PROD_00738,LOC_0100,2021-06-25,4,3311.89,20.0,10598.05,Partner
TXN_00220078,CUST_040246,PROD_00421,LOC_0137,2023-01-26,6,7996.1,15.0,40780.11,Partner
TXN_00485229,CUST_022502,PROD_02808,LOC_0016,2023-12-15,1,5501.29,10.0,4951.16,Partner
TXN_00012142,CUST_038916,PROD_03460,LOC_0230,2024-12-15,16,8271.79,0.0,132348.64,Direct Sales
TXN_00354175,CUST_007577,PROD_02214,LOC_0093,2022-06-20,1,7406.98,10.0,6666.28,Direct Sales
TXN_00491893,,PROD_00275,LOC_0062,2021-04-23,9,5315.3,10.0,43053.93,Direct Sales
TXN_00220198,CUST_000742,PROD_04127,LOC_0203,2023-03-27,10,3015.57,20.0,24124.56,Retail
TXN_00418223,CUST_043651,PROD_04392,LOC_0118,2025-06-04,5,8261.67,0.0,41308.35,Direct Sales
TXN_00023426,CUST_049963,PROD_03633,LOC_0239,2021-05-12,12,3782.27,20.0,36309.79,Retail
TXN_00357220,CUST_044677,PROD_03192,LOC_0182,2023-03-30,6,8656.05,5.0,49339.48,Retail
TXN_00460632,CUST_047513,PROD_04460,LOC_0181,2023-08-21,19,8827.96,5.0,159344.68,Online
TXN_00070895,CUST_034004,PROD_01344,LOC_0172,2025-07-22,1,9111.75,0.0,9111.75,Online
TXN_00276666,CUST_036992,PROD_02449,LOC_0208,2022-10-22,7,3546.98,5.0,23587.42,Direct Sales
TXN_00157545,CUST_048085,PROD_04788,LOC_0112,2022-02-07,14,6502.35,5.0,86481.26,Direct Sales
TXN_00380091,CUST_046810,PROD_03292,LOC_0006,2024-06-25,13,8153.57,0.0,105996.41,Online
TXN_00469180,CUST_016400,PROD_04477,LOC_0036,2023-12-20,9,149.25,5.0,1276.09,Direct Sales
TXN_00466556,CUST_023091,PROD_03520,LOC_0160,2021-06-02,2,1318.64,5.0,2505.42,Direct Sales
TXN_00313102,CUST_040907,PROD_00791,LOC_0028,2023-10-21,7,4110.5,5.0,27334.82,Partner
TXN_00457283,CUST_026835,PROD_00888,LOC_0132,2023-11-11,1,5006.64,5.0,4756.31,Retail
TXN_00257700,CUST_036197,PROD_03897,LOC_0049,2024-07-04,18,3524.81,5.0,60274.25,Direct Sales
TXN_00295652,CUST_037656,PROD_03569,LOC_0110,2022-02-24,18,8656.98,20.0,124660.51,Retail
TXN_00419379,CUST_021852,PROD_03770,LOC_0066,2024-06-04,11,1119.38,5.0,11697.52,Partner
TXN_00448065,CUST_006114,PROD_01551,LOC_0104,2025-04-08,15,4774.61,5.0,68038.19,Online
TXN_00447241,CUST_029911,PROD_01193,LOC_0109,2022-12-09,9,2280.66,15.0,17447.05,Direct Sales
TXN_00034134,CUST_026187,PROD_02554,LOC_0109,2021-02-23,3,4036.6,15.0,10293.33,Retail
TXN_00006457,CUST_046336,PROD_00901,LOC_0008,2024-06-18,15,5237.05,10.0,70700.18,Online
TXN_00226932,CUST_046294,PROD_01224,LOC_0028,2021-02-19,17,8897.9,15.0,128574.65,Retail
TXN_00403088,CUST_034253,PROD_03104,LOC_0061,2021-07-01,17,3375.05,20.0,45900.68,Online
TXN_00331082,CUST_003339,PROD_02606,LOC_0006,2022-10-17,13,7354.48,10.0,86047.42,Partner
TXN_00313151,CUST_004665,PROD_03245,LOC_0050,2022-05-30,9,7238.17,15.0,55372.0,Direct Sales
TXN_00122009,CUST_002165,PROD_01853,LOC_0003,2022-12-27,3,4579.21,10.0,12363.87,Retail
TXN_00001646,CUST_021782,PROD_03066,LOC_0245,2024-05-19,8,7240.45,5.0,55027.42,Partner
TXN_00210081,CUST_005193,PROD_00679,LOC_0131,2023-04-22,4,8665.07,10.0,31194.25,Direct Sales
TXN_00228052,CUST_026933,PROD_02299,LOC_0097,2023-09-27,12,2759.27,20.0,26488.99,Direct Sales
TXN_00225022,CUST_044486,PROD_04558,LOC_0190,2023-06-07,1,2057.63,20.0,1646.1,Partner
TXN_00482718,CUST_004165,PROD_02361,LOC_0027,2023-06-23,12,737.7,10.0,7967.16,Direct Sales
TXN_00214798,CUST_041591,PROD_03239,LOC_0147,2025-06-29,5,7301.58,5.0,34682.5,Partner
TXN_00297349,,PROD_00262,LOC_0074,2025-05-14,16,2294.86,0.0,36717.76,Online
TXN_00015595,CUST_041880,PROD_04080,LOC_0022,2023-08-29,10,714.14,5.0,6784.33,Online
TXN_00347247,CUST_011530,PROD_04632,LOC_0009,2025-05-17,2,4613.07,20.0,7380.91,Partner
TXN_00264786,CUST_043738,PROD_03980,LOC_0089,2022-12-30,19,8602.28,15.0,138926.82,Online
TXN_00063445,CUST_006985,PROD_02825,LOC_0194,2022-07-03,7,7538.43,20.0,42215.21,Online
TXN_00185153,CUST_027907,PROD_03673,LOC_0019,2025-12-05,9,6449.24,5.0,55141.0,Partner
TXN_00362798,CUST_031449,PROD_04050,LOC_0161,2025-09-22,14,2022.28,20.0,22649.54,Retail
TXN_00439595,CUST_046227,PROD_02895,LOC_0166,2025-03-07,4,6186.6,0.0,24746.4,Retail
TXN_00320236,CUST_039722,PROD_02619,LOC_0071,2021-08-25,10,8195.43,20.0,65563.44,Partner
TXN_00097840,CUST_008305,PROD_04716,LOC_0142,2022-10-28,11,1349.18,15.0,12614.83,Online
TXN_00207085,CUST_022407,PROD_00280,LOC_0104,2021-03-30,9,919.88,5.0,7864.97,Retail
TXN_00123362,CUST_012772,PROD_03407,LOC_0210,2025-07-01,12,1049.29,10.0,11332.33,Direct Sales
TXN_00330552,CUST_002390,PROD_02178,LOC_0198,2024-11-17,6,5200.25,0.0,31201.5,Online
TXN_00177036,CUST_031948,PROD_02335,LOC_0223,2022-01-19,9,4997.8,0.0,44980.2,Direct Sales
TXN_00411181,CUST_049437,PROD_02325,LOC_0129,2022-02-02,13,4251.38,10.0,49741.15,Partner
TXN_00095269,CUST_041572,PROD_03648,LOC_0074,2025-06-15,1,2844.67,15.0,2417.97,Direct Sales
TXN_00428569,CUST_039138,PROD_00401,LOC_0082,2022-06-02,15,5873.8,10.0,79296.3,Partner
TXN_00128383,CUST_031578,PROD_00569,LOC_0112,2025-01-10,12,3847.48,0.0,46169.76,Retail
TXN_00379779,CUST_019025,PROD_04721,LOC_0239,2022-03-30,5,5783.89,10.0,26027.5,Online
TXN_00097087,CUST_014127,PROD_01479,LOC_0078,2026-02-05,5,3745.07,0.0,18725.35,Direct Sales
TXN_00424366,CUST_018170,PROD_00315,LOC_0115,2023-07-30,13,3503.83,20.0,36439.83,Partner
TXN_00284379,,PROD_00459,LOC_0127,2021-07-15,4,8177.92,10.0,29440.51,Direct Sales
TXN_00454417,CUST_045093,PROD_01035,LOC_0058,2022-12-14,14,7155.8,20.0,80144.96,Retail
TXN_00385999,,PROD_00126,LOC_0089,2024-02-01,18,5393.63,10.0,87376.81,Partner
TXN_00138542,CUST_020650,PROD_01741,LOC_0139,2023-03-21,19,5442.76,0.0,103412.44,Online
TXN_00462095,CUST_007129,PROD_02672,LOC_0102,2021-04-25,8,1141.35,15.0,7761.18,Partner
TXN_00256532,CUST_017878,PROD_00474,LOC_0246,2021-08-12,1,3114.01,10.0,2802.61,Direct Sales
TXN_00178221,CUST_044744,PROD_01754,LOC_0004,2021-07-09,12,4778.69,0.0,57344.28,Retail
TXN_00212353,CUST_023595,PROD_02364,LOC_0068,2026-02-17,14,4005.27,0.0,56073.78,Retail
TXN_00369926,CUST_044658,PROD_04858,LOC_0095,2021-04-19,17,4115.46,10.0,62966.54,Online
TXN_00248299,CUST_019347,PROD_01131,LOC_0049,2023-10-01,7,8268.66,20.0,46304.5,Retail
TXN_00116439,CUST_031051,PROD_00869,LOC_0055,2026-05-02,3,1693.77,0.0,5081.31,Online
TXN_00481291,CUST_016558,PROD_02870,LOC_0037,2022-05-13,10,5460.37,0.0,54603.7,Direct Sales
TXN_00261687,,PROD_03433,LOC_0134,2022-09-02,8,8195.2,0.0,65561.6,Retail
TXN_00069642,CUST_034483,PROD_04764,LOC_0131,2024-06-13,19,6867.1,20.0,104379.92,Partner
TXN_00051883,CUST_035671,PROD_04270,LOC_0006,2026-06-06,3,3939.65,20.0,9455.16,Partner
TXN_00379813,CUST_008011,PROD_02221,LOC_0011,2025-12-20,7,1045.47,15.0,6220.55,Retail
TXN_00176029,CUST_009621,PROD_04048,LOC_0069,2023-11-05,13,1227.55,0.0,15958.15,Direct Sales
TXN_00302066,CUST_039257,PROD_04933,LOC_0069,2021-04-11,4,7908.11,0.0,31632.44,Direct Sales
TXN_00192637,CUST_037820,PROD_00164,LOC_0193,2022-08-03,8,192.27,15.0,1307.44,Retail
TXN_00068418,CUST_025452,PROD_04788,LOC_0221,2021-02-27,15,9857.02,15.0,125677.0,Partner
TXN_00372769,CUST_048936,PROD_03059,LOC_0122,2024-05-14,19,2048.29,10.0,35025.76,Partner
TXN_00210465,CUST_007732,PROD_02289,LOC_0196,2025-12-26,11,8788.14,15.0,82169.11,Online
TXN_00413641,CUST_031363,PROD_04212,LOC_0220,2024-02-24,12,5646.66,5.0,64371.92,Online
TXN_00482512,CUST_013693,PROD_01378,LOC_0147,2025-01-08,5,2184.0,20.0,8736.0,Online
TXN_00325774,CUST_025172,PROD_01497,LOC_0065,2025-06-09,1,7185.18,15.0,6107.4,Online
TXN_00302506,,PROD_03926,LOC_0119,2022-02-16,12,9666.13,20.0,92794.85,Partner
TXN_00365506,CUST_040157,PROD_02809,LOC_0078,2021-10-23,4,1985.76,15.0,6751.58,Partner
TXN_00338952,CUST_043411,PROD_03023,LOC_0025,2024-05-05,8,9647.29,0.0,77178.32,Direct Sales
TXN_00498562,CUST_028309,PROD_00838,LOC_0110,2024-03-07,6,5418.39,20.0,26008.27,Online
TXN_00144612,CUST_030032,PROD_03360,LOC_0006,2022-01-14,16,3736.6,5.0,56796.32,Online
TXN_00304900,CUST_037428,PROD_03792,LOC_0132,2021-07-01,3,3428.59,0.0,10285.77,Direct Sales
TXN_00170079,CUST_008727,PROD_01667,LOC_0196,2023-12-07,19,5085.07,15.0,82123.88,Retail
TXN_00342373,CUST_006039,PROD_03067,LOC_0076,2022-12-16,11,7837.27,10.0,77588.97,Online
TXN_00240337,CUST_034597,PROD_03088,LOC_0231,2022-10-31,12,5188.2,10.0,56032.56,Online
TXN_00091136,CUST_043089,PROD_03596,LOC_0182,2023-06-01,11,1642.5,5.0,17164.12,Partner
TXN_00462057,CUST_045782,PROD_03899,LOC_0243,2024-05-31,2,2222.66,5.0,4223.05,Online
TXN_00333946,CUST_018721,PROD_04155,LOC_0017,2022-12-25,8,6793.43,15.0,46195.32,Partner
TXN_00031944,CUST_041593,PROD_02059,LOC_0198,2021-03-01,1,5549.39,5.0,5271.92,Retail
TXN_00180078,CUST_013258,PROD_02334,LOC_0116,2025-07-10,11,2505.06,0.0,27555.66,Online
TXN_00188173,CUST_009190,PROD_03308,LOC_0057,2024-06-03,13,1586.57,5.0,19594.14,Retail
TXN_00177639,CUST_001785,PROD_00489,LOC_0127,2022-01-02,15,1973.99,15.0,25168.37,Partner
TXN_00294057,CUST_011369,PROD_00765,LOC_0245,2023-06-04,5,1159.58,0.0,5797.9,Partner
TXN_00069319,CUST_010511,PROD_03996,LOC_0097,2021-10-05,15,328.75,15.0,4191.56,Direct Sales
TXN_00105644,CUST_015107,PROD_00007,LOC_0016,2025-06-13,7,2354.19,0.0,16479.33,Partner
TXN_00473006,CUST_037242,PROD_02336,LOC_0142,2023-11-11,9,6875.17,20.0,49501.22,Direct Sales
TXN_00166076,CUST_041024,PROD_02740,LOC_0030,2025-04-28,3,6093.88,15.0,15539.39,Retail
TXN_00270194,CUST_021857,PROD_03163,LOC_0006,2023-03-23,10,1130.74,15.0,9611.29,Direct Sales
TXN_00368646,CUST_018449,PROD_00540,LOC_0225,2025-06-23,18,9885.4,5.0,169040.34,Retail
TXN_00424822,CUST_024908,PROD_01576,LOC_0143,2024-05-29,12,7744.51,10.0,83640.71,Direct Sales
TXN_00398655,CUST_049186,PROD_03013,LOC_0099,2022-09-10,4,7105.34,15.0,24158.16,Direct Sales
TXN_00319498,CUST_015003,PROD_02743,LOC_0185,2024-02-22,15,7691.41,0.0,115371.15,Retail
TXN_00434859,CUST_013077,PROD_02296,LOC_0224,2026-03-18,19,2950.56,5.0,53257.61,Partner
TXN_00146865,CUST_024253,PROD_01461,LOC_0155,2026-01-23,13,8454.46,10.0,98917.18,Retail
TXN_00297059,CUST_040764,PROD_01851,LOC_0055,2022-11-21,1,1642.0,5.0,1559.9,Direct Sales
TXN_00129579,CUST_032253,PROD_02392,LOC_0042,2026-01-08,17,5223.46,20.0,71039.06,Retail
TXN_00131202,CUST_020041,PROD_03215,LOC_0082,2023-01-29,13,8832.9,20.0,91862.16,Online
TXN_00119735,CUST_003703,PROD_03675,LOC_0126,2023-04-06,3,4859.63,15.0,12392.06,Retail
TXN_00170298,CUST_003130,PROD_01585,LOC_0075,2023-05-06,1,1974.1,15.0,1677.98,Retail
TXN_00024099,CUST_015313,PROD_00220,LOC_0132,2025-05-04,10,9345.34,10.0,84108.06,Partner
TXN_00133745,CUST_020332,PROD_03747,LOC_0197,2022-01-12,8,5056.32,10.0,36405.5,Partner
TXN_00289674,CUST_027473,PROD_00835,LOC_0190,2022-07-06,7,4447.33,0.0,31131.31,Online
TXN_00162582,CUST_033922,PROD_00158,LOC_0102,2024-05-25,6,4645.52,0.0,27873.12,Direct Sales
TXN_00099117,CUST_012445,PROD_04868,LOC_0051,2023-10-14,3,5110.16,15.0,13030.91,Direct Sales
TXN_00464014,CUST_011807,PROD_01251,LOC_0074,2024-02-24,16,261.49,5.0,3974.65,Partner
TXN_00139697,CUST_043112,PROD_04859,LOC_0023,2022-02-13,5,490.44,10.0,2206.98,Online
TXN_00039106,CUST_049282,PROD_00470,LOC_0146,2024-06-15,14,4555.47,15.0,54210.09,Retail
TXN_00309867,CUST_036531,PROD_02867,LOC_0206,2021-10-30,8,1951.52,0.0,15612.16,Direct Sales
TXN_00474947,CUST_030465,PROD_02631,LOC_0017,2025-02-15,14,7656.32,10.0,96469.63,Online
TXN_00499949,CUST_002690,PROD_00814,LOC_0199,2025-06-28,19,7088.96,20.0,107752.19,Online
TXN_00218161,CUST_046599,PROD_03000,LOC_0175,2024-07-20,14,8941.56,0.0,125181.84,Retail
TXN_00418640,CUST_028762,PROD_02845,LOC_0020,2024-08-16,11,6343.13,10.0,62796.99,Partner
TXN_00393683,CUST_004546,PROD_04596,LOC_0188,2023-04-30,4,6610.14,0.0,26440.56,Online
TXN_00112289,CUST_039499,PROD_03595,LOC_0239,2024-06-03,9,3519.29,20.0,25338.89,Direct Sales
TXN_00408408,CUST_037561,PROD_02727,LOC_0110,2023-05-30,14,3898.88,10.0,49125.89,Direct Sales
TXN_00242024,CUST_016744,PROD_03736,LOC_0172,2021-04-02,13,1009.6,0.0,13124.8,Direct Sales
TXN_00281303,CUST_012878,PROD_04492,LOC_0096,2023-09-17,9,1456.13,5.0,12449.91,Partner
TXN_00174059,CUST_007831,PROD_01005,LOC_0076,2021-07-04,18,4549.79,5.0,77801.41,Direct Sales
TXN_00325219,,PROD_04793,LOC_0205,2024-06-26,12,2889.39,5.0,32939.05,Direct Sales
TXN_00254835,CUST_016881,PROD_00898,LOC_0075,2023-03-25,13,3771.54,20.0,39224.02,Online
TXN_00100538,CUST_047103,PROD_01910,LOC_0018,2021-12-17,2,2058.81,15.0,3499.98,Retail
TXN_00173739,CUST_019395,PROD_00259,LOC_0213,2024-04-27,3,435.22,15.0,1109.81,Partner
TXN_00410666,CUST_046497,PROD_03727,LOC_0237,2023-05-30,2,3570.27,5.0,6783.51,Online
TXN_00079319,CUST_048274,PROD_00347,LOC_0131,2023-08-03,7,1878.45,5.0,12491.69,Direct Sales
TXN_00379316,CUST_022336,PROD_02799,LOC_0086,2024-07-16,4,9562.69,15.0,32513.15,Partner
TXN_00311059,CUST_006896,PROD_01366,LOC_0088,2023-01-20,2,518.97,15.0,882.25,Retail
TXN_00475847,CUST_032880,PROD_03589,LOC_0135,2025-05-21,14,9995.16,0.0,139932.24,Direct Sales
TXN_00270124,CUST_041013,PROD_01006,LOC_0244,2026-03-22,14,9281.78,20.0,103955.94,Direct Sales
TXN_00074979,CUST_043602,PROD_02859,LOC_0208,2023-10-27,5,8411.05,5.0,39952.49,Partner
TXN_00264597,CUST_011553,PROD_02178,LOC_0170,2024-10-29,2,4236.47,5.0,8049.29,Online
TXN_00499916,CUST_015476,PROD_02600,LOC_0126,2021-01-03,5,4816.63,15.0,20470.68,Retail
TXN_00266233,CUST_022020,PROD_01592,LOC_0247,2023-11-12,6,826.41,0.0,4958.46,Retail
TXN_00051843,CUST_035195,PROD_01906,LOC_0044,2021-05-26,3,3092.9,20.0,7422.96,Retail
TXN_00379218,CUST_049535,PROD_00829,LOC_0197,2022-02-26,13,172.83,5.0,2134.45,Online
TXN_00124551,CUST_010893,PROD_03459,LOC_0037,2021-12-02,5,9484.75,10.0,42681.38,Retail
TXN_00458513,CUST_016185,PROD_00161,LOC_0111,2023-05-20,10,9679.2,20.0,77433.6,Retail
TXN_00025759,CUST_004017,PROD_03734,LOC_0247,2026-05-19,1,9780.38,10.0,8802.34,Retail
TXN_00140087,CUST_038999,PROD_04815,LOC_0060,2025-12-19,9,2946.71,5.0,25194.37,Partner
TXN_00392747,CUST_046522,PROD_02940,LOC_0154,2025-03-31,7,9735.1,0.0,68145.7,Online
TXN_00356975,CUST_020916,PROD_01397,LOC_0059,2022-04-24,3,6707.98,20.0,16099.15,Online
TXN_00022962,CUST_040310,PROD_02527,LOC_0055,2025-12-13,11,8707.72,0.0,95784.92,Partner
TXN_00322539,CUST_021879,PROD_00941,LOC_0099,2022-04-21,5,4509.08,5.0,21418.13,Online
TXN_00182648,CUST_027478,PROD_00792,LOC_0111,2024-12-17,7,5166.11,5.0,34354.63,Direct Sales
TXN_00354796,,PROD_00635,LOC_0080,2025-03-18,18,5368.27,0.0,96628.86,Direct Sales
TXN_00322949,CUST_047602,PROD_00415,LOC_0126,2023-01-30,15,3572.63,5.0,50909.98,Online
TXN_00127918,CUST_010668,PROD_02591,LOC_0018,2022-01-29,2,6149.42,15.0,10454.01,Online
TXN_00044132,CUST_033811,PROD_00659,LOC_0148,2022-03-23,13,7233.27,5.0,89330.88,Retail
TXN_00444774,CUST_002729,PROD_03586,LOC_0073,2025-09-29,8,2815.25,0.0,22522.0,Retail
TXN_00254133,CUST_031427,PROD_00319,LOC_0049,2023-11-06,9,4446.65,15.0,34016.87,Retail
TXN_00393452,CUST_011707,PROD_01749,LOC_0147,2022-07-12,18,8194.78,0.0,147506.04,Retail
TXN_00286686,CUST_019497,PROD_03199,LOC_0175,2026-02-27,10,9460.25,10.0,85142.25,Retail
TXN_00057413,CUST_009632,PROD_04744,LOC_0168,2024-11-25,4,8486.5,15.0,28854.1,Partner
TXN_00356757,CUST_042050,PROD_04320,LOC_0194,2025-03-07,16,7591.04,15.0,103238.14,Retail
TXN_00092616,CUST_012804,PROD_00576,LOC_0144,2024-12-28,14,2453.22,5.0,32627.83,Partner
TXN_00304274,CUST_045557,PROD_02156,LOC_0079,2025-07-10,2,6683.11,15.0,11361.29,Online
TXN_00020414,CUST_001564,PROD_01614,LOC_0112,2023-09-02,12,2737.23,5.0,31204.42,Retail
TXN_00334350,CUST_011855,PROD_00119,LOC_0148,2022-09-20,14,2786.92,10.0,35115.19,Retail
TXN_00130920,CUST_044543,PROD_04813,LOC_0043,2021-07-18,11,1018.55,0.0,11204.05,Online
TXN_00348064,CUST_028630,PROD_04371,LOC_0125,2025-01-28,13,7715.54,5.0,95286.92,Partner
TXN_00367957,CUST_012298,PROD_03796,LOC_0075,2023-12-28,1,2078.45,15.0,1766.68,Partner
TXN_00300376,CUST_040532,PROD_00917,LOC_0214,2025-08-22,15,5254.6,20.0,63055.2,Direct Sales
TXN_00358890,CUST_037404,PROD_04342,LOC_0102,2022-10-18,3,981.96,0.0,2945.88,Direct Sales
TXN_00366579,CUST_030188,PROD_03913,LOC_0167,2024-09-25,10,6087.13,5.0,57827.74,Online
TXN_00286552,CUST_011893,PROD_03982,LOC_0246,2024-08-14,15,9363.18,10.0,126402.93,Retail
TXN_00023415,CUST_036280,PROD_03560,LOC_0022,2023-11-04,11,3037.45,20.0,26729.56,Partner
TXN_00150606,CUST_022287,PROD_01772,LOC_0121,2024-04-15,2,8924.33,15.0,15171.36,Partner
TXN_00053276,CUST_004951,PROD_02491,LOC_0068,2021-12-15,12,1534.53,20.0,14731.49,Online
TXN_00274474,CUST_000490,PROD_04403,LOC_0075,2021-08-01,16,8903.45,0.0,142455.2,Direct Sales
TXN_00157487,CUST_025542,PROD_00320,LOC_0026,2023-11-21,5,771.5,15.0,3278.88,Direct Sales
TXN_00048478,CUST_009155,PROD_03194,LOC_0139,2023-05-04,15,7377.53,5.0,105129.8,Partner
TXN_00480441,,PROD_04595,LOC_0190,2021-01-29,16,3009.96,5.0,45751.39,Online
TXN_00292103,CUST_006408,PROD_01403,LOC_0161,2022-12-01,9,675.17,10.0,5468.88,Retail
TXN_00101301,CUST_000727,PROD_02424,LOC_0086,2026-06-11,7,2707.83,0.0,18954.81,Online
TXN_00081353,CUST_009120,PROD_00609,LOC_0248,2024-10-26,17,1554.66,10.0,23786.3,Partner
TXN_00366184,CUST_047326,PROD_00474,LOC_0072,2026-04-24,12,9251.26,10.0,99913.61,Online
TXN_00437184,CUST_001167,PROD_03129,LOC_0195,2021-04-23,8,2495.85,15.0,16971.78,Online
TXN_00088109,CUST_001541,PROD_02666,LOC_0035,2025-04-10,16,5743.62,5.0,87303.02,Partner
TXN_00358284,CUST_020835,PROD_01455,LOC_0188,2023-09-06,10,6309.5,20.0,50476.0,Partner
TXN_00017210,CUST_004659,PROD_01489,LOC_0109,2023-10-18,14,6882.15,15.0,81897.58,Online
TXN_00150913,CUST_013104,PROD_02286,LOC_0125,2023-09-22,8,2264.08,20.0,14490.11,Direct Sales
TXN_00433982,CUST_026847,PROD_03245,LOC_0190,2025-11-23,12,2187.54,0.0,26250.48,Direct Sales
TXN_00099656,CUST_036340,PROD_00331,LOC_0220,2024-08-09,5,6943.27,15.0,29508.9,Direct Sales
TXN_00463973,CUST_047367,PROD_04924,LOC_0024,2023-06-30,6,8250.62,20.0,39602.98,Online
TXN_00224908,,PROD_02228,LOC_0180,2025-09-12,9,8996.42,5.0,76919.39,Online
TXN_00012862,CUST_024639,PROD_03896,LOC_0238,2024-03-03,8,7942.54,0.0,63540.32,Direct Sales
TXN_00077366,CUST_019394,PROD_04987,LOC_0082,2022-10-05,13,2996.6,5.0,37008.01,Partner
TXN_00354533,CUST_002878,PROD_00544,LOC_0153,2025-06-27,18,238.53,10.0,3864.19,Direct Sales
TXN_00389329,CUST_019685,PROD_04749,LOC_0069,2024-06-08,10,9148.15,0.0,91481.5,Partner
TXN_00236431,CUST_040627,PROD_01685,LOC_0246,2023-12-21,16,2049.42,20.0,26232.58,Partner
TXN_00452276,CUST_022316,PROD_03187,LOC_0004,2021-07-23,4,9687.53,5.0,36812.61,Direct Sales
TXN_00249681,CUST_016937,PROD_01254,LOC_0021,2025-05-12,13,8834.04,20.0,91874.02,Partner
TXN_00403587,CUST_002038,PROD_03668,LOC_0008,2024-06-06,6,8656.82,5.0,49343.87,Direct Sales
TXN_00403911,,PROD_00564,LOC_0245,2023-07-24,12,8643.55,20.0,82978.08,Direct Sales
TXN_00080758,CUST_034135,PROD_03252,LOC_0051,2025-09-11,16,5238.46,20.0,67052.29,Partner
TXN_00445270,CUST_030825,PROD_03960,LOC_0159,2023-02-02,13,7373.06,15.0,81472.31,Retail
TXN_00384042,CUST_019507,PROD_01196,LOC_0106,2021-04-29,6,5732.83,5.0,32677.13,Direct Sales
TXN_00209104,CUST_013812,PROD_01638,LOC_0045,2025-11-06,13,9065.68,5.0,111961.15,Retail
TXN_00485709,CUST_035374,PROD_03928,LOC_0192,2022-06-04,11,6636.67,20.0,58402.7,Direct Sales
TXN_00072547,CUST_008081,PROD_04903,LOC_0024,2021-06-24,9,5752.49,20.0,41417.93,Online
TXN_00029485,CUST_037321,PROD_03966,LOC_0192,2024-06-10,5,3936.18,15.0,16728.76,Direct Sales
TXN_00351616,,PROD_02373,LOC_0103,2022-11-09,14,4901.4,0.0,68619.6,Online
TXN_00001568,CUST_040041,PROD_04674,LOC_0187,2025-03-23,15,1780.61,20.0,21367.32,Partner
TXN_00449195,CUST_037482,PROD_02913,LOC_0234,2023-07-09,-1,3439.73,15.0,20466.39,Direct Sales
TXN_00028158,CUST_049396,PROD_01753,LOC_0083,2022-06-26,9,2244.96,0.0,20204.64,Retail
TXN_00455608,CUST_030760,PROD_01054,LOC_0102,2024-01-08,4,3165.07,10.0,11394.25,Retail
TXN_00210549,CUST_033453,PROD_01962,LOC_0160,2024-05-23,17,4606.55,10.0,70480.22,Partner
TXN_00415534,,PROD_01331,LOC_0154,2022-04-04,18,1754.88,15.0,26849.66,Retail
TXN_00424164,CUST_029044,PROD_03729,LOC_0228,2025-08-03,6,7852.71,10.0,42404.63,Retail
TXN_00398228,CUST_046579,PROD_01748,LOC_0029,2025-09-08,11,6208.9,5.0,64883.0,Retail
TXN_00463995,CUST_035356,PROD_02327,LOC_0135,2021-03-04,17,7499.19,0.0,127486.23,Partner
TXN_00167369,CUST_022025,PROD_03140,LOC_0033,2023-01-25,19,3160.84,10.0,54050.36,Partner
TXN_00195821,CUST_033276,PROD_02756,LOC_0110,2022-11-24,4,9607.02,20.0,30742.46,Online
TXN_00052357,CUST_016538,PROD_00351,LOC_0232,2026-05-27,18,1078.93,15.0,16507.63,Direct Sales
TXN_00223601,CUST_001893,PROD_04608,LOC_0221,2021-03-04,11,465.11,0.0,5116.21,Online
TXN_00096179,CUST_015789,PROD_00394,LOC_0132,2024-11-03,19,5924.98,20.0,90059.7,Retail
TXN_00496622,CUST_027784,PROD_01481,LOC_0114,2024-07-14,5,3843.15,15.0,16333.39,Direct Sales
TXN_00079668,CUST_014672,PROD_03673,LOC_0212,2024-10-03,3,3794.57,10.0,10245.34,Direct Sales
TXN_00035728,CUST_016889,PROD_04605,LOC_0163,2021-10-16,15,4763.94,5.0,67886.14,Direct Sales
TXN_00102702,CUST_024114,PROD_04170,LOC_0072,2023-07-21,12,776.2,0.0,9314.4,Direct Sales
TXN_00128538,CUST_021038,PROD_02652,LOC_0094,2023-07-15,-1,3969.02,20.0,38102.59,Retail
TXN_00392734,CUST_029129,PROD_00702,LOC_0142,2022-10-08,17,1780.24,15.0,25724.47,Direct Sales
TXN_00092909,CUST_009099,PROD_01756,LOC_0067,2023-12-15,7,8920.63,5.0,59322.19,Direct Sales
TXN_00196916,CUST_020918,PROD_04260,LOC_0161,2026-01-21,12,6115.03,5.0,69711.34,Online
TXN_00353527,CUST_026874,PROD_03601,LOC_0218,2022-12-09,3,9644.9,10.0,26041.23,Online
TXN_00206939,CUST_036337,PROD_01096,LOC_0116,2024-06-11,18,6259.46,20.0,90136.22,Online
TXN_00374607,CUST_022020,PROD_00261,LOC_0130,2025-07-23,3,9478.39,10.0,25591.65,Online
TXN_00220168,CUST_033917,PROD_02381,LOC_0068,2026-05-11,19,6159.15,5.0,111172.66,Direct Sales
TXN_00126630,CUST_041158,PROD_02494,LOC_0233,2025-04-03,10,9216.95,15.0,78344.08,Direct Sales
TXN_00302707,CUST_004091,PROD_01870,LOC_0228,2023-09-14,8,8932.75,15.0,60742.7,Direct Sales
TXN_00015563,CUST_028199,PROD_03836,LOC_0101,2023-12-26,7,7471.16,20.0,41838.5,Direct Sales
TXN_00493084,CUST_025765,PROD_03139,LOC_0033,2023-10-04,13,4335.01,5.0,53537.37,Partner
TXN_00427516,CUST_012946,PROD_01706,LOC_0213,2024-07-27,11,7384.01,10.0,73101.7,Direct Sales
TXN_00152429,CUST_030925,PROD_01650,LOC_0117,2022-06-26,2,1158.79,20.0,1854.06,Online
TXN_00407540,CUST_006833,PROD_04150,LOC_0042,2022-06-17,14,4621.79,10.0,58234.55,Online
TXN_00440994,CUST_043033,PROD_04968,LOC_0248,2021-10-30,3,8028.21,20.0,19267.7,Partner
TXN_00491617,CUST_021700,PROD_02079,LOC_0153,2022-07-06,1,6072.52,10.0,5465.27,Direct Sales
TXN_00389876,CUST_014046,PROD_00818,LOC_0030,2023-12-09,8,4310.3,15.0,29310.04,Partner
TXN_00016301,CUST_035299,PROD_04611,LOC_0192,2024-10-25,18,8102.15,15.0,123962.89,Online
TXN_00438297,CUST_031581,PROD_02437,LOC_0157,2026-06-24,17,5943.5,15.0,85883.58,Partner
TXN_00275861,CUST_013865,PROD_01707,LOC_0044,2024-04-25,9,8789.06,0.0,79101.54,Online
TXN_00490454,CUST_002746,PROD_01376,LOC_0009,2021-06-12,1,6429.49,5.0,6108.02,Partner
TXN_00058761,CUST_049117,PROD_01977,LOC_0112,2022-09-22,15,5271.61,20.0,63259.32,Partner
TXN_00384312,CUST_010498,PROD_01549,LOC_0135,2026-04-06,10,6604.06,5.0,62738.57,Online
TXN_00359953,CUST_047610,PROD_00938,LOC_0159,2025-12-29,17,1509.61,20.0,20530.7,Online
TXN_00199969,CUST_034408,PROD_00383,LOC_0021,2022-08-04,18,4927.82,5.0,84265.72,Online
TXN_00496290,CUST_036070,PROD_03713,LOC_0159,2022-01-22,1,6191.72,15.0,5262.96,Direct Sales
TXN_00166815,CUST_046576,PROD_03144,LOC_0028,2023-11-28,1,9110.13,5.0,8654.62,Partner
TXN_00229577,CUST_033574,PROD_02640,LOC_0162,2024-06-07,14,4035.98,10.0,50853.35,Online
TXN_00087826,CUST_005610,PROD_00449,LOC_0200,2025-09-12,11,8349.5,5.0,87252.28,Online
TXN_00428715,CUST_009642,PROD_04179,LOC_0183,2022-01-21,10,1917.26,20.0,15338.08,Retail
TXN_00477735,CUST_019415,PROD_01184,LOC_0210,2022-06-11,4,5320.71,10.0,19154.56,Online
TXN_00274215,CUST_032615,PROD_01740,LOC_0103,2023-02-18,13,8783.2,5.0,108472.52,Online
TXN_00298173,CUST_037254,PROD_04217,LOC_0199,2022-04-10,2,4045.47,5.0,7686.39,Partner
TXN_00222688,CUST_047755,PROD_02235,LOC_0065,2024-10-25,11,8171.92,5.0,85396.56,Direct Sales
TXN_00424352,CUST_049083,PROD_02647,LOC_0131,2023-11-14,19,5061.77,20.0,76938.9,Retail
TXN_00166138,CUST_032323,PROD_02424,LOC_0054,2022-03-25,5,7674.01,15.0,32614.54,Partner
TXN_00077144,CUST_013452,PROD_03241,LOC_0212,2026-02-17,1,8011.48,10.0,7210.33,Partner
TXN_00411995,CUST_029666,PROD_01953,LOC_0177,2023-01-03,10,9897.47,0.0,98974.7,Direct Sales
TXN_00474025,,PROD_00841,LOC_0218,2022-08-11,3,4623.65,20.0,11096.76,Online
TXN_00491811,CUST_048786,PROD_02423,LOC_0235,2024-04-04,13,3111.75,15.0,34384.84,Partner
TXN_00127013,CUST_015538,PROD_00900,LOC_0213,2021-04-30,13,7390.05,20.0,76856.52,Online
TXN_00095805,CUST_023630,PROD_01949,LOC_0139,2024-09-18,9,2980.78,0.0,26827.02,Direct Sales
TXN_00338875,CUST_008224,PROD_04802,LOC_0162,2022-06-21,2,2520.16,10.0,4536.29,Online
TXN_00109630,CUST_048474,PROD_00662,LOC_0030,2021-09-04,9,9225.38,0.0,83028.42,Partner
TXN_00317499,CUST_026208,PROD_04281,LOC_0127,2021-04-30,17,2142.71,10.0,32783.46,Retail
TXN_00021593,CUST_006896,PROD_02478,LOC_0045,2022-03-23,14,9417.19,20.0,105472.53,Retail
TXN_00471837,CUST_038648,PROD_00301,LOC_0171,2024-05-12,18,2576.33,20.0,37099.15,Retail
TXN_00022812,CUST_029080,PROD_04265,LOC_0098,2023-12-12,18,526.95,20.0,7588.08,Online
TXN_00435431,CUST_024717,PROD_02680,LOC_0213,2022-11-09,17,6863.11,15.0,99171.94,Online
TXN_00333354,CUST_042031,PROD_02175,LOC_0217,2024-06-04,10,9009.24,15.0,76578.54,Online
TXN_00427069,CUST_008655,PROD_01708,LOC_0089,2021-05-17,13,5787.05,5.0,71470.07,Retail
TXN_00235009,CUST_007567,PROD_02458,LOC_0126,2023-05-23,15,4422.94,20.0,53075.28,Online
TXN_00010259,CUST_007382,PROD_01353,LOC_0207,2023-11-19,19,1156.11,15.0,18671.18,Retail
TXN_00288377,,PROD_03716,LOC_0229,2022-03-07,10,3883.67,5.0,36894.86,Partner
TXN_00308954,CUST_023635,PROD_01310,LOC_0100,2023-08-19,12,7468.68,0.0,89624.16,Online
TXN_00284346,,PROD_03588,LOC_0022,2026-01-11,5,760.46,20.0,3041.84,Partner
TXN_00007506,CUST_045197,PROD_02167,LOC_0126,2026-01-22,15,1137.52,5.0,16209.66,Online
TXN_00346401,CUST_026327,PROD_01808,LOC_0182,2025-11-09,16,5530.06,10.0,79632.86,Partner
TXN_00402963,CUST_016504,PROD_03489,LOC_0191,2025-03-08,-1,7771.2,5.0,88591.68,Direct Sales
TXN_00489133,CUST_049731,PROD_04742,LOC_0174,2025-07-03,17,1901.19,10.0,29088.21,Online
TXN_00362610,CUST_002566,PROD_02042,LOC_0202,2024-03-10,17,1698.08,10.0,25980.62,Online
TXN_00024038,CUST_019020,PROD_03820,LOC_0164,2024-09-01,19,474.4,20.0,7210.88,Partner
TXN_00183387,CUST_032725,PROD_04464,LOC_0170,2021-09-01,5,8704.27,20.0,34817.08,Partner
TXN_00234889,,PROD_04021,LOC_0085,2021-09-29,5,6080.07,10.0,27360.32,Online
TXN_00427315,CUST_036765,PROD_02626,LOC_0084,2026-04-05,18,532.36,0.0,9582.48,Partner
TXN_00181204,CUST_035970,PROD_03952,LOC_0001,2025-06-13,5,530.33,10.0,2386.48,Partner
TXN_00274729,CUST_014154,PROD_01807,LOC_0195,2025-06-27,5,9146.02,20.0,36584.08,Retail
TXN_00342047,CUST_033042,PROD_04207,LOC_0089,2023-05-31,18,4052.02,0.0,72936.36,Direct Sales
TXN_00254184,CUST_039781,PROD_00615,LOC_0090,2021-11-15,16,8000.69,5.0,121610.49,Online
TXN_00327290,CUST_013928,PROD_04826,LOC_0197,2021-01-06,8,9333.64,20.0,59735.3,Partner
TXN_00444681,CUST_000194,PROD_00910,LOC_0052,2021-05-30,1,9944.27,5.0,9447.06,Partner
TXN_00291578,CUST_021169,PROD_01089,LOC_0201,2024-04-17,19,4375.97,20.0,66514.74,Online
TXN_00356854,CUST_037578,PROD_04274,LOC_0054,2024-12-09,9,3506.09,5.0,29977.07,Partner
TXN_00458206,CUST_043907,PROD_02582,LOC_0120,2023-02-03,17,8383.01,0.0,142511.17,Retail
TXN_00013232,CUST_041944,PROD_02282,LOC_0046,2025-04-06,16,9458.68,5.0,143771.94,Partner
TXN_00309984,CUST_008518,PROD_01720,LOC_0070,2024-04-19,9,2726.77,20.0,19632.74,Online
TXN_00220378,CUST_036443,PROD_03899,LOC_0187,2024-08-18,12,7813.45,10.0,84385.26,Online
TXN_00339166,CUST_019412,PROD_03480,LOC_0054,2022-03-12,6,5350.98,0.0,32105.88,Direct Sales
TXN_00473449,CUST_009897,PROD_01674,LOC_0188,2025-02-17,7,7054.78,20.0,39506.77,Partner
TXN_00428654,CUST_029955,PROD_00386,LOC_0075,2025-03-28,3,2511.1,0.0,7533.3,Retail
TXN_00400439,CUST_003293,PROD_00106,LOC_0050,2026-02-10,13,8414.46,5.0,103918.58,Retail
TXN_00359393,CUST_015798,PROD_02267,LOC_0070,2026-01-20,1,6309.5,15.0,5363.08,Direct Sales
TXN_00219029,CUST_006834,PROD_03849,LOC_0033,2021-01-18,17,5291.45,20.0,71963.72,Retail
TXN_00333532,CUST_041063,PROD_02693,LOC_0189,2022-09-28,13,5278.05,5.0,65183.92,Partner
TXN_00223432,CUST_009067,PROD_04445,LOC_0238,2022-08-07,12,2695.3,0.0,32343.6,Direct Sales
TXN_00024296,CUST_046371,PROD_00539,LOC_0162,2025-04-15,15,4698.43,10.0,63428.81,Online
TXN_00176926,CUST_034170,PROD_01955,LOC_0193,2021-12-14,14,486.23,15.0,5786.14,Partner
TXN_00135732,CUST_007317,PROD_00613,LOC_0247,2022-12-18,16,4247.78,0.0,67964.48,Retail
TXN_00391734,CUST_022715,PROD_02371,LOC_0109,2025-01-26,18,4326.47,0.0,77876.46,Direct Sales
TXN_00368952,CUST_006133,PROD_00812,LOC_0164,2023-08-02,17,4795.44,5.0,77446.36,Partner
TXN_00213963,,PROD_03074,LOC_0035,2023-06-07,13,2040.28,15.0,22545.09,Retail
TXN_00229624,CUST_017292,PROD_00140,LOC_0033,2025-10-22,4,9813.13,0.0,39252.52,Retail
TXN_00299947,CUST_002514,PROD_01359,LOC_0003,2022-11-02,16,7239.04,15.0,98450.94,Partner
TXN_00289866,CUST_018517,PROD_02752,LOC_0219,2022-04-30,6,1947.71,10.0,10517.63,Retail
TXN_00259409,,PROD_00713,LOC_0228,2021-09-12,1,4067.92,10.0,3661.13,Online
TXN_00444104,,PROD_04095,LOC_0096,2024-04-27,9,1132.69,5.0,9684.5,Partner
TXN_00251054,CUST_039666,PROD_02372,LOC_0159,2026-04-05,8,9727.43,20.0,62255.55,Partner
TXN_00052247,CUST_033786,PROD_04614,LOC_0174,2021-03-06,7,4552.59,15.0,27087.91,Direct Sales
TXN_00292542,CUST_013583,PROD_00414,LOC_0126,2025-01-22,11,7706.43,10.0,76293.66,Retail
TXN_00454928,CUST_014242,PROD_03947,LOC_0111,2026-06-14,7,1229.97,20.0,6887.83,Retail
TXN_00168297,CUST_037405,PROD_02880,LOC_0084,2022-10-07,18,1942.15,20.0,27966.96,Online
TXN_00026291,CUST_032998,PROD_02618,LOC_0219,2022-12-04,16,5516.99,5.0,83858.25,Direct Sales
TXN_00496524,,PROD_03940,LOC_0166,2023-02-14,3,3445.16,10.0,9301.93,Retail
TXN_00386953,CUST_016706,PROD_02138,LOC_0163,2025-03-21,11,8296.94,15.0,77576.39,Retail
TXN_00314391,CUST_000996,PROD_01691,LOC_0218,2022-06-07,7,3495.04,20.0,19572.22,Online
TXN_00083790,CUST_003578,PROD_01521,LOC_0215,2023-06-28,8,5341.64,15.0,36323.15,Online
TXN_00337768,CUST_034919,PROD_02453,LOC_0038,2025-06-27,19,4563.75,5.0,82375.69,Partner
TXN_00070414,CUST_032651,PROD_04829,LOC_0221,2022-04-15,11,4695.19,20.0,41317.67,Direct Sales
TXN_00102465,CUST_042670,PROD_00698,LOC_0242,2026-03-21,14,2189.69,20.0,24524.53,Online
TXN_00068881,,PROD_02947,LOC_0115,2025-12-16,7,6355.3,15.0,37814.03,Online
TXN_00414622,CUST_002434,PROD_02273,LOC_0069,2024-05-14,14,9184.89,0.0,128588.46,Retail
TXN_00406832,CUST_027848,PROD_04341,LOC_0149,2026-05-29,15,789.37,0.0,11840.55,Online
TXN_00264507,CUST_029777,PROD_02126,LOC_0133,2021-07-30,6,126.04,5.0,718.43,Retail
TXN_00022720,CUST_039620,PROD_04491,LOC_0024,2024-08-20,6,9179.51,15.0,46815.5,Direct Sales
TXN_00191011,CUST_043681,PROD_02072,LOC_0248,2022-03-11,18,2127.3,5.0,36376.83,Direct Sales
TXN_00331182,CUST_017291,PROD_04257,LOC_0191,2021-03-05,17,7724.82,15.0,111623.65,Partner
TXN_00321291,CUST_040682,PROD_01211,LOC_0217,2021-07-30,14,7137.04,15.0,84930.78,Partner
TXN_00249628,CUST_012949,PROD_03630,LOC_0213,2022-06-18,13,7853.43,20.0,81675.67,Retail
TXN_00000540,CUST_025852,PROD_02744,LOC_0064,2021-08-18,12,9610.21,15.0,98024.14,Partner
TXN_00438054,CUST_012627,PROD_03681,LOC_0164,2022-09-30,10,4096.49,10.0,36868.41,Retail
TXN_00346348,CUST_020857,PROD_01762,LOC_0197,2023-04-14,9,3032.01,5.0,25923.69,Online
TXN_00122285,CUST_041004,PROD_01447,LOC_0106,2026-05-08,6,7430.0,20.0,35664.0,Online
TXN_00300350,CUST_038244,PROD_01725,LOC_0162,2024-09-21,5,6325.75,0.0,31628.75,Online
TXN_00128908,,PROD_01517,LOC_0248,2022-09-15,11,8514.85,15.0,79613.85,Partner
TXN_00229365,CUST_003216,PROD_02351,LOC_0144,2021-11-21,4,6541.34,5.0,24857.09,Retail
TXN_00307770,CUST_047180,PROD_00656,LOC_0194,2022-08-08,10,7849.9,15.0,66724.15,Retail
TXN_00255008,,PROD_03071,LOC_0053,2022-05-22,14,2079.08,15.0,24741.05,Direct Sales
TXN_00471333,CUST_012343,PROD_02063,LOC_0187,2023-09-14,15,2728.39,20.0,32740.68,Partner
TXN_00230131,CUST_049897,PROD_00487,LOC_0224,2025-11-25,11,2141.33,20.0,18843.7,Direct Sales
TXN_00142200,CUST_037297,PROD_03764,LOC_0105,2026-01-16,16,6202.31,15.0,84351.42,Retail
TXN_00333967,CUST_010722,PROD_01429,LOC_0169,2021-02-26,1,382.67,10.0,344.4,Direct Sales
TXN_00252900,CUST_022459,PROD_01008,LOC_0022,2022-05-06,7,6001.0,10.0,37806.3,Online
TXN_00058748,,PROD_03730,LOC_0058,2023-06-25,15,2844.69,0.0,42670.35,Online
TXN_00223813,CUST_031503,PROD_02227,LOC_0170,2022-11-16,15,4448.26,10.0,60051.51,Direct Sales
TXN_00147758,CUST_000360,PROD_00523,LOC_0093,2022-01-29,8,6897.71,10.0,49663.51,Online
TXN_00125513,CUST_006705,PROD_03450,LOC_0103,2024-01-23,4,3233.42,15.0,10993.63,Retail
TXN_00097023,CUST_014291,PROD_04290,LOC_0190,2023-08-23,13,9746.63,15.0,107700.26,Partner
TXN_00241727,CUST_034640,PROD_02984,LOC_0178,2026-05-05,19,941.91,15.0,15211.85,Partner
TXN_00128887,CUST_022035,PROD_03233,LOC_0133,2024-01-20,9,4707.63,15.0,36013.37,Direct Sales
TXN_00191533,CUST_022234,PROD_02849,LOC_0121,2024-03-18,13,704.77,15.0,7787.71,Partner
TXN_00237162,CUST_013175,PROD_02836,LOC_0053,2024-02-07,13,1879.66,10.0,21992.02,Direct Sales
TXN_00227922,CUST_010347,PROD_02805,LOC_0064,2021-01-24,5,6818.62,15.0,28979.14,Retail
TXN_00079100,CUST_044643,PROD_04102,LOC_0058,2023-09-17,15,9672.55,10.0,130579.42,Partner
TXN_00221598,CUST_039288,PROD_03358,LOC_0068,2022-12-04,10,3105.8,0.0,31058.0,Direct Sales
TXN_00246651,CUST_012367,PROD_03946,LOC_0151,2023-01-06,13,5262.29,5.0,64989.28,Retail
TXN_00254784,CUST_037267,PROD_04858,LOC_0146,2023-02-18,16,261.96,0.0,4191.36,Retail
TXN_00232705,CUST_024914,PROD_04341,LOC_0091,2024-07-15,7,9014.43,15.0,53635.86,Direct Sales
TXN_00352867,CUST_005213,PROD_01519,LOC_0046,2025-01-26,15,1437.41,15.0,18326.98,Direct Sales
TXN_00171256,CUST_030861,PROD_04933,LOC_0062,2021-03-07,5,7717.7,10.0,34729.65,Online
TXN_00285304,CUST_038409,PROD_00761,LOC_0104,2023-10-29,7,9867.95,0.0,69075.65,Retail
TXN_00331878,CUST_022003,PROD_02038,LOC_0223,2026-01-02,11,9244.28,20.0,81349.66,Partner
TXN_00165505,CUST_025175,PROD_04476,LOC_0051,2023-04-09,16,9121.35,15.0,124050.36,Direct Sales
TXN_00357162,CUST_042385,PROD_03608,LOC_0126,2021-11-20,3,6996.36,15.0,17840.72,Partner
TXN_00417347,CUST_048542,PROD_04058,LOC_0001,2021-12-06,7,4863.62,20.0,27236.27,Partner
TXN_00417230,CUST_018925,PROD_00033,LOC_0243,2023-10-31,16,6147.21,5.0,93437.59,Retail
TXN_00336759,CUST_032179,PROD_04726,LOC_0091,2022-02-08,1,6328.24,20.0,5062.59,Direct Sales
TXN_00038564,CUST_005171,PROD_00652,LOC_0075,2022-12-13,9,6644.89,10.0,53823.61,Direct Sales
TXN_00261960,CUST_014565,PROD_00257,LOC_0192,2026-01-18,6,4911.5,10.0,26522.1,Retail
TXN_00412262,CUST_020793,PROD_03212,LOC_0077,2023-11-01,12,6654.77,0.0,79857.24,Retail
TXN_00455530,CUST_026905,PROD_03856,LOC_0244,2025-09-26,6,3604.44,0.0,21626.64,Retail
TXN_00239139,CUST_032804,PROD_04797,LOC_0022,2021-02-10,13,3832.71,0.0,49825.23,Direct Sales
TXN_00218065,CUST_011221,PROD_00530,LOC_0046,2024-10-10,1,5904.78,15.0,5019.06,Retail
TXN_00137516,CUST_010135,PROD_04875,LOC_0142,2021-08-29,10,1063.16,5.0,10100.02,Partner
TXN_00052181,CUST_011180,PROD_02301,LOC_0064,2023-05-12,14,6179.65,10.0,77863.59,Online
TXN_00421717,CUST_011507,PROD_02197,LOC_0147,2021-03-09,16,7619.44,10.0,109719.94,Direct Sales
TXN_00276102,CUST_034897,PROD_00316,LOC_0130,2025-12-30,14,6021.96,20.0,67445.95,Direct Sales
TXN_00138637,CUST_037247,PROD_04147,LOC_0047,2024-06-23,1,7664.9,10.0,6898.41,Online
TXN_00382325,CUST_023294,PROD_03771,LOC_0046,2025-02-13,14,355.87,10.0,4483.96,Partner
TXN_00164403,CUST_038116,PROD_04367,LOC_0132,2023-10-25,15,5891.76,10.0,79538.76,Partner
TXN_00079540,CUST_026158,PROD_04254,LOC_0071,2025-11-02,10,3365.59,10.0,30290.31,Online
TXN_00238298,CUST_002010,PROD_03374,LOC_0173,2021-06-29,17,563.45,10.0,8620.79,Partner
TXN_00465644,CUST_029804,PROD_02221,LOC_0163,2024-09-14,15,7121.48,10.0,96139.98,Direct Sales
TXN_00209244,CUST_003390,PROD_03773,LOC_0247,2024-08-27,2,3256.33,5.0,6187.03,Online
TXN_00073450,CUST_005984,PROD_00219,LOC_0165,2021-02-12,10,8506.19,10.0,76555.71,Direct Sales
TXN_00253373,CUST_011651,PROD_02846,LOC_0239,2026-04-22,18,3547.85,20.0,51089.04,Direct Sales
TXN_00222776,CUST_010628,PROD_01966,LOC_0068,2025-04-21,5,986.2,0.0,4931.0,Retail
TXN_00488535,CUST_021400,PROD_01079,LOC_0023,2022-07-08,10,5158.37,5.0,49004.51,Online
TXN_00189360,CUST_041819,PROD_00797,LOC_0151,2022-06-27,8,401.24,20.0,2567.94,Direct Sales
TXN_00444942,CUST_045465,PROD_00517,LOC_0176,2022-01-31,14,2220.93,10.0,27983.72,Retail
TXN_00455663,CUST_010015,PROD_02181,LOC_0038,2025-01-04,3,8244.72,15.0,21024.04,Direct Sales
TXN_00034514,CUST_026090,PROD_03858,LOC_0042,2026-03-29,6,5350.07,10.0,28890.38,Partner
TXN_00261363,CUST_006148,PROD_02309,LOC_0088,2023-01-17,7,7364.41,15.0,43818.24,Retail
TXN_00000579,CUST_020307,PROD_04998,LOC_0121,2023-05-24,4,5633.91,20.0,18028.51,Online
TXN_00303309,CUST_047046,PROD_04773,LOC_0118,2023-07-02,1,3290.57,5.0,3126.04,Retail
TXN_00361666,,PROD_00701,LOC_0060,2022-03-03,6,5300.75,0.0,31804.5,Retail
TXN_00386041,CUST_021320,PROD_03512,LOC_0007,2023-11-19,1,9072.26,0.0,9072.26,Direct Sales
TXN_00175090,CUST_031319,PROD_04355,LOC_0140,2023-11-19,-1,4389.11,20.0,66714.47,Retail
TXN_00247003,CUST_040155,PROD_03374,LOC_0066,2022-04-26,1,9964.26,15.0,8469.62,Online
TXN_00105376,CUST_004802,PROD_03621,LOC_0018,2022-04-16,19,5112.93,5.0,92288.39,Online
TXN_00334101,CUST_025516,PROD_01037,LOC_0170,2022-03-12,11,6956.62,10.0,68870.54,Retail
TXN_00067386,CUST_003941,PROD_01597,LOC_0093,2023-03-08,3,4586.54,5.0,13071.64,Online
TXN_00241371,CUST_012921,PROD_03946,LOC_0131,2024-05-10,2,6911.86,10.0,12441.35,Online
TXN_00016851,CUST_014924,PROD_00294,LOC_0207,2021-01-30,10,5690.24,5.0,54057.28,Online
TXN_00308399,CUST_048544,PROD_02294,LOC_0131,2024-05-27,3,6113.71,5.0,17424.07,Direct Sales
TXN_00170167,CUST_020023,PROD_04905,LOC_0168,2025-08-19,4,513.09,15.0,1744.51,Retail
TXN_00367652,CUST_043117,PROD_03758,LOC_0126,2025-09-20,7,9102.64,0.0,63718.48,Direct Sales
TXN_00287472,CUST_025415,PROD_01515,LOC_0077,2021-08-27,19,1389.03,0.0,26391.57,Retail
TXN_00295424,CUST_009605,PROD_02990,LOC_0023,2022-09-21,19,4442.96,15.0,71753.8,Online
TXN_00150461,CUST_011501,PROD_04417,LOC_0167,2024-08-23,10,8416.38,5.0,79955.61,Partner
TXN_00163401,CUST_027659,PROD_04099,LOC_0242,2022-04-12,10,8928.46,20.0,71427.68,Direct Sales
TXN_00462779,CUST_020176,PROD_03457,LOC_0052,2023-10-26,6,5254.73,10.0,28375.54,Direct Sales
TXN_00182762,CUST_019031,PROD_01668,LOC_0059,2025-03-03,15,1653.34,5.0,23560.09,Retail
TXN_00162240,CUST_008458,PROD_04010,LOC_0157,2026-03-05,3,2392.04,5.0,6817.31,Online
TXN_00227218,CUST_003479,PROD_01741,LOC_0139,2024-02-23,19,3293.64,5.0,59450.2,Partner
TXN_00203720,CUST_028491,PROD_01810,LOC_0192,2023-09-04,6,5246.21,15.0,26755.67,Retail
TXN_00299840,CUST_030937,PROD_01194,LOC_0074,2023-05-16,1,8340.83,5.0,7923.79,Retail
TXN_00102495,CUST_035709,PROD_00182,LOC_0016,2025-12-12,3,7682.49,15.0,19590.35,Retail
TXN_00329262,CUST_005402,PROD_02202,LOC_0188,2023-11-04,11,8973.98,10.0,88842.4,Direct Sales
TXN_00226948,CUST_042897,PROD_02682,LOC_0040,2022-04-16,1,6096.9,0.0,6096.9,Direct Sales
TXN_00280762,CUST_018575,PROD_02646,LOC_0181,2021-07-04,5,375.17,5.0,1782.06,Online
TXN_00337866,CUST_022187,PROD_01185,LOC_0184,2022-03-02,17,5328.65,10.0,81528.34,Online
TXN_00089840,CUST_000406,PROD_03359,LOC_0024,2023-10-26,3,8002.05,5.0,22805.84,Online
TXN_00328345,CUST_006999,PROD_04087,LOC_0190,2023-05-27,13,3251.5,0.0,42269.5,Partner
TXN_00236120,CUST_018866,PROD_04849,LOC_0034,2025-01-23,19,5795.44,0.0,110113.36,Online
TXN_00127331,CUST_027556,PROD_02541,LOC_0149,2024-04-15,17,9530.73,10.0,145820.17,Partner
TXN_00068180,CUST_018635,PROD_00236,LOC_0047,2021-11-11,18,9410.57,10.0,152451.23,Direct Sales
TXN_00004698,CUST_018504,PROD_00491,LOC_0058,2023-01-20,11,6009.56,10.0,59494.64,Online
TXN_00246273,CUST_027980,PROD_00161,LOC_0033,2022-07-10,7,1056.0,15.0,6283.2,Partner
TXN_00431692,CUST_008640,PROD_02181,LOC_0197,2023-09-24,2,552.65,20.0,884.24,Partner
TXN_00438571,CUST_013494,PROD_00638,LOC_0151,2021-11-25,17,2184.07,0.0,37129.19,Retail
TXN_00093113,CUST_011666,PROD_02318,LOC_0068,2023-06-29,7,7120.66,10.0,44860.16,Partner
TXN_00345598,CUST_022609,PROD_04967,LOC_0192,2021-04-22,10,2592.6,20.0,20740.8,Online
TXN_00160225,CUST_049171,PROD_01347,LOC_0071,2023-12-29,17,8162.38,5.0,131822.44,Direct Sales
TXN_00183440,CUST_027526,PROD_02222,LOC_0161,2026-04-03,6,2328.75,15.0,11876.62,Online
TXN_00113949,CUST_014616,PROD_03438,LOC_0085,2022-03-14,19,2088.1,0.0,39673.9,Online
TXN_00104508,CUST_014394,PROD_00573,LOC_0169,2021-04-29,16,4259.91,0.0,68158.56,Online
TXN_00396000,CUST_023850,PROD_00644,LOC_0053,2023-08-01,18,7601.42,10.0,123143.0,Direct Sales
TXN_00241860,,PROD_03235,LOC_0212,2026-06-12,9,3548.72,10.0,28744.63,Retail
TXN_00305086,CUST_021287,PROD_03502,LOC_0160,2023-03-30,4,2687.62,15.0,9137.91,Direct Sales
TXN_00491574,CUST_010798,PROD_03754,LOC_0111,2022-09-01,11,7289.38,20.0,64146.54,Direct Sales
TXN_00042916,CUST_001891,PROD_01157,LOC_0182,2024-08-07,13,5947.03,5.0,73445.82,Direct Sales
TXN_00122948,CUST_045662,PROD_00989,LOC_0214,2026-06-22,9,6960.75,20.0,50117.4,Online
TXN_00357456,CUST_015707,PROD_02148,LOC_0073,2024-03-17,17,3515.46,20.0,47810.26,Online
TXN_00051083,CUST_047790,PROD_00698,LOC_0248,2022-11-26,16,2231.27,0.0,35700.32,Direct Sales
TXN_00108796,CUST_039239,PROD_01911,LOC_0092,2024-12-07,10,3866.66,15.0,32866.61,Partner
TXN_00265704,CUST_030479,PROD_01572,LOC_0118,2022-08-03,4,1195.34,15.0,4064.16,Online
TXN_00423161,CUST_019427,PROD_04716,LOC_0133,2025-02-08,6,631.41,5.0,3599.04,Online
TXN_00218664,CUST_036486,PROD_03272,LOC_0079,2022-02-04,18,591.25,15.0,9046.12,Online
TXN_00040951,CUST_012421,PROD_03451,LOC_0197,2023-01-18,17,4488.58,20.0,61044.69,Online
TXN_00444547,CUST_048138,PROD_03917,LOC_0069,2021-01-24,12,9842.7,5.0,112206.78,Partner
TXN_00013144,CUST_009376,PROD_02648,LOC_0008,2023-01-07,13,4550.22,15.0,50279.93,Retail
TXN_00440349,CUST_005378,PROD_04969,LOC_0207,2023-08-14,7,1564.72,15.0,9310.08,Partner
TXN_00213940,CUST_013618,PROD_01230,LOC_0042,2024-07-25,7,2587.55,5.0,17207.21,Direct Sales
TXN_00160902,CUST_021277,PROD_04690,LOC_0024,2022-05-03,12,7085.2,15.0,72269.04,Partner
TXN_00085804,CUST_003344,PROD_01599,LOC_0110,2023-06-14,1,1658.58,0.0,1658.58,Retail
TXN_00303625,CUST_022905,PROD_03695,LOC_0187,2021-06-22,18,4148.99,0.0,74681.82,Partner
TXN_00115495,CUST_025197,PROD_03027,LOC_0049,2025-04-05,6,7892.74,10.0,42620.8,Partner
TXN_00351688,CUST_006106,PROD_01503,LOC_0003,2025-06-07,9,642.65,10.0,5205.46,Retail
TXN_00320252,CUST_034810,PROD_00430,LOC_0014,2023-12-27,16,8546.6,5.0,129908.32,Retail
TXN_00070757,CUST_014188,PROD_03151,LOC_0208,2023-08-28,17,8945.9,15.0,129268.25,Retail
TXN_00252043,CUST_031663,PROD_04264,LOC_0118,2024-05-26,5,3524.57,15.0,14979.42,Partner
TXN_00386991,CUST_010276,PROD_04311,LOC_0081,2025-07-26,4,8195.45,5.0,31142.71,Direct Sales
TXN_00459700,CUST_036126,PROD_01317,LOC_0228,2021-03-18,8,9344.39,10.0,67279.61,Online
TXN_00351027,CUST_020873,PROD_02138,LOC_0005,2023-07-21,11,1324.68,5.0,13842.91,Direct Sales
TXN_00292234,CUST_042296,PROD_03716,LOC_0145,2021-07-16,16,7090.48,20.0,90758.14,Retail
TXN_00345580,CUST_005341,PROD_03694,LOC_0178,2026-01-17,6,191.8,15.0,978.18,Retail
TXN_00335350,CUST_006233,PROD_04753,LOC_0152,2023-10-01,15,3176.77,0.0,47651.55,Direct Sales
TXN_00032517,CUST_013267,PROD_04254,LOC_0141,2022-01-03,5,6265.81,20.0,25063.24,Retail
TXN_00157514,CUST_009736,PROD_01416,LOC_0205,2022-02-19,14,5987.79,20.0,67063.25,Partner
TXN_00455569,CUST_033046,PROD_00784,LOC_0183,2025-11-26,10,157.5,10.0,1417.5,Partner
TXN_00429607,CUST_019982,PROD_02144,LOC_0071,2021-11-23,11,713.61,0.0,7849.71,Partner
TXN_00037653,CUST_018380,PROD_02327,LOC_0173,2021-10-29,8,8672.87,15.0,58975.52,Online
TXN_00489433,,PROD_02727,LOC_0008,2023-02-23,5,9429.31,20.0,37717.24,Online
TXN_00307303,CUST_032224,PROD_02316,LOC_0118,2024-01-28,10,5067.74,0.0,50677.4,Retail
TXN_00212863,CUST_004504,PROD_01312,LOC_0187,2022-12-18,3,9774.3,20.0,23458.32,Direct Sales
TXN_00252681,CUST_034713,PROD_01893,LOC_0080,2021-09-22,3,1725.43,10.0,4658.66,Online
TXN_00465084,CUST_022674,PROD_00618,LOC_0127,2024-09-02,9,9969.1,5.0,85235.8,Retail
TXN_00020893,CUST_005404,PROD_00872,LOC_0168,2021-09-28,19,9788.15,20.0,148779.88,Direct Sales
TXN_00413085,CUST_000877,PROD_00530,LOC_0193,2021-09-14,1,6452.07,20.0,5161.66,Direct Sales
TXN_00471918,CUST_048350,PROD_01905,LOC_0194,2022-05-22,16,3179.53,10.0,45785.23,Retail
TXN_00005707,CUST_043180,PROD_04921,LOC_0222,2025-01-04,4,5689.8,5.0,21621.24,Retail
TXN_00158173,CUST_000665,PROD_02385,LOC_0003,2025-03-13,9,334.36,0.0,3009.24,Retail
TXN_00239603,CUST_011821,PROD_04302,LOC_0233,2021-10-07,3,4226.93,0.0,12680.79,Partner
TXN_00132288,CUST_008800,PROD_03920,LOC_0111,2021-02-24,16,4812.3,0.0,76996.8,Direct Sales
TXN_00440944,CUST_024770,PROD_00721,LOC_0142,2026-06-01,10,3270.96,10.0,29438.64,Direct Sales
TXN_00030082,CUST_031544,PROD_03790,LOC_0009,2025-02-01,13,7296.75,15.0,80629.09,Retail
TXN_00282751,CUST_006948,PROD_03793,LOC_0131,2024-05-04,18,4472.84,0.0,80511.12,Partner
TXN_00094273,CUST_045257,PROD_03327,LOC_0237,2022-03-20,5,4084.08,5.0,19399.38,Direct Sales
TXN_00250885,CUST_044183,PROD_01729,LOC_0171,2021-08-20,12,9897.55,15.0,100955.01,Online
TXN_00091443,CUST_040007,PROD_04078,LOC_0158,2025-01-05,15,9378.77,10.0,126613.4,Online
TXN_00214117,CUST_030781,PROD_02265,LOC_0021,2022-11-01,16,1369.24,5.0,20812.45,Retail
TXN_00366586,CUST_040294,PROD_03657,LOC_0119,2022-06-06,5,392.76,15.0,1669.23,Direct Sales
TXN_00202325,CUST_003107,PROD_03618,LOC_0195,2024-01-29,17,2358.68,20.0,32078.05,Retail
TXN_00131333,CUST_034177,PROD_03024,LOC_0248,2025-01-20,4,9868.46,10.0,35526.46,Online
TXN_00442731,CUST_035947,PROD_02123,LOC_0090,2025-07-03,1,8704.76,5.0,8269.52,Online
TXN_00094527,CUST_043593,PROD_02451,LOC_0124,2023-10-30,4,4628.75,10.0,16663.5,Partner
TXN_00384921,CUST_039971,PROD_00291,LOC_0232,2021-12-11,3,9691.74,15.0,24713.94,Retail
TXN_00471123,CUST_008593,PROD_03495,LOC_0193,2024-08-20,12,7884.69,15.0,80423.84,Online
TXN_00005105,CUST_041991,PROD_04922,LOC_0086,2024-10-10,15,4526.4,0.0,67896.0,Direct Sales
TXN_00250415,CUST_035466,PROD_04271,LOC_0152,2023-05-08,1,7003.54,0.0,7003.54,Retail
TXN_00023413,CUST_045893,PROD_02119,LOC_0242,2023-02-20,15,6768.71,5.0,96454.12,Partner
TXN_00044203,CUST_006743,PROD_02914,LOC_0181,2022-03-11,16,6880.28,10.0,99076.03,Retail
TXN_00369612,CUST_028343,PROD_00450,LOC_0021,2025-05-30,12,9794.9,0.0,117538.8,Direct Sales
TXN_00293640,CUST_005045,PROD_03353,LOC_0242,2021-12-11,15,4085.94,10.0,55160.19,Online
TXN_00135572,CUST_010371,PROD_00236,LOC_0234,2024-01-20,18,3155.01,5.0,53950.67,Partner
TXN_00449849,CUST_027853,PROD_02527,LOC_0231,2025-01-22,6,6191.45,5.0,35291.26,Online
TXN_00096895,CUST_023336,PROD_03015,LOC_0082,2025-05-25,9,8534.54,20.0,61448.69,Partner
TXN_00371068,CUST_022814,PROD_01636,LOC_0246,2025-09-17,6,8065.6,15.0,41134.56,Partner
TXN_00491326,CUST_002573,PROD_03733,LOC_0188,2024-07-06,7,8019.46,15.0,47715.79,Direct Sales
TXN_00131677,CUST_022433,PROD_03548,LOC_0015,2021-12-07,18,9553.98,20.0,137577.31,Direct Sales
TXN_00434902,,PROD_04531,LOC_0101,2025-09-14,4,1098.93,15.0,3736.36,Direct Sales
TXN_00466981,CUST_038138,PROD_01486,LOC_0002,2025-04-13,5,6289.0,10.0,28300.5,Partner
TXN_00171670,CUST_035048,PROD_02193,LOC_0153,2022-08-25,16,7341.57,20.0,93972.1,Direct Sales
TXN_00323260,CUST_028678,PROD_02473,LOC_0094,2021-08-15,9,3844.66,10.0,31141.75,Partner
TXN_00286865,CUST_039622,PROD_01825,LOC_0117,2025-09-20,8,4459.72,10.0,32109.98,Retail
TXN_00488936,CUST_009063,PROD_03783,LOC_0060,2024-12-08,3,9286.26,15.0,23679.96,Partner
TXN_00169146,CUST_018180,PROD_01003,LOC_0177,2023-07-27,7,4804.51,0.0,33631.57,Direct Sales
TXN_00237074,CUST_027762,PROD_03038,LOC_0003,2025-02-14,10,1033.65,20.0,8269.2,Direct Sales
TXN_00479712,CUST_009950,PROD_04050,LOC_0092,2021-02-12,4,5179.13,5.0,19680.69,Retail
TXN_00271318,CUST_019490,PROD_02189,LOC_0186,2021-01-19,1,8153.73,0.0,8153.73,Retail
TXN_00427479,CUST_015199,PROD_02259,LOC_0238,2022-09-18,9,4411.2,5.0,37715.76,Online
TXN_00075232,CUST_002304,PROD_03423,LOC_0019,2023-03-06,2,3826.17,0.0,7652.34,Online
TXN_00270602,CUST_045725,PROD_01817,LOC_0190,2025-06-25,17,3690.95,10.0,56471.54,Online
TXN_00149004,CUST_006764,PROD_04092,LOC_0145,2023-01-19,16,5416.34,5.0,82328.37,Retail
TXN_00042771,CUST_000921,PROD_02944,LOC_0095,2024-04-27,7,4222.67,5.0,28080.76,Retail
TXN_00261921,CUST_042463,PROD_04847,LOC_0222,2023-11-30,8,872.64,5.0,6632.06,Partner
TXN_00302526,CUST_043526,PROD_01482,LOC_0192,2025-02-05,3,5735.48,20.0,13765.15,Retail
TXN_00074288,CUST_009576,PROD_01039,LOC_0217,2026-06-20,16,7361.44,5.0,111893.89,Online
TXN_00398436,CUST_023640,PROD_04705,LOC_0182,2024-04-29,16,9940.94,10.0,143149.54,Partner
TXN_00449157,CUST_036353,PROD_04148,LOC_0244,2021-04-26,16,5303.34,10.0,76368.1,Direct Sales
TXN_00282247,CUST_032057,PROD_04488,LOC_0099,2025-11-19,15,5467.35,15.0,69708.71,Direct Sales
TXN_00479045,CUST_024920,PROD_04370,LOC_0193,2023-06-22,6,9280.49,5.0,52898.79,Direct Sales
TXN_00150076,CUST_047247,PROD_01367,LOC_0060,2023-10-05,7,1273.41,5.0,8468.18,Partner
TXN_00121114,,PROD_00486,LOC_0201,2026-03-24,5,8329.71,20.0,33318.84,Direct Sales
TXN_00165847,CUST_000665,PROD_04305,LOC_0161,2026-06-15,8,4063.39,5.0,30881.76,Direct Sales
TXN_00001359,CUST_029048,PROD_02397,LOC_0015,2025-10-20,5,7691.01,0.0,38455.05,Partner
TXN_00323965,CUST_048325,PROD_03782,LOC_0065,2021-12-23,9,2369.7,0.0,21327.3,Direct Sales
TXN_00252525,CUST_000329,PROD_00805,LOC_0132,2025-12-22,9,9861.49,20.0,71002.73,Direct Sales
TXN_00264170,CUST_045123,PROD_03074,LOC_0195,2023-02-24,7,2922.22,20.0,16364.43,Retail
TXN_00312194,CUST_038229,PROD_02555,LOC_0211,2024-05-12,8,7839.53,20.0,50172.99,Direct Sales
TXN_00373300,CUST_000025,PROD_03879,LOC_0122,2021-10-16,6,2247.82,0.0,13486.92,Direct Sales
TXN_00103922,CUST_020682,PROD_02037,LOC_0213,2022-10-22,18,4055.23,20.0,58395.31,Partner
TXN_00263112,CUST_033371,PROD_00677,LOC_0126,2022-06-15,18,8339.02,20.0,120081.89,Partner
TXN_00346509,CUST_005497,PROD_02419,LOC_0160,2023-09-16,9,8817.09,15.0,67450.74,Direct Sales
TXN_00288724,CUST_008617,PROD_03681,LOC_0024,2025-12-12,5,8384.62,5.0,39826.95,Online
TXN_00385704,CUST_016519,PROD_04092,LOC_0043,2023-10-16,7,7035.01,5.0,46782.82,Retail
TXN_00196993,CUST_021737,PROD_03537,LOC_0211,2022-03-23,4,1993.51,20.0,6379.23,Retail
TXN_00236254,CUST_036626,PROD_01204,LOC_0138,2026-05-13,12,9456.35,15.0,96454.77,Direct Sales
TXN_00103007,CUST_033443,PROD_04725,LOC_0010,2021-10-25,19,8644.09,20.0,131390.17,Online
TXN_00048360,CUST_009648,PROD_02514,LOC_0193,2025-01-08,3,7160.91,5.0,20408.59,Online
TXN_00040312,CUST_000879,PROD_04521,LOC_0097,2022-01-31,3,1699.9,0.0,5099.7,Direct Sales
TXN_00096990,CUST_002459,PROD_00287,LOC_0134,2021-06-26,7,5799.28,15.0,34505.72,Direct Sales
TXN_00001239,CUST_045118,PROD_01133,LOC_0167,2022-08-31,19,2541.9,10.0,43466.49,Online
TXN_00010408,CUST_032128,PROD_03929,LOC_0042,2025-01-07,8,1757.91,20.0,11250.62,Direct Sales
TXN_00479093,CUST_033904,PROD_00129,LOC_0181,2022-06-18,4,7549.69,10.0,27178.88,Retail
TXN_00067881,CUST_023720,PROD_04424,LOC_0022,2025-03-06,13,9598.46,20.0,99823.98,Online
TXN_00315330,CUST_007037,PROD_01512,LOC_0221,2022-03-15,6,4483.23,15.0,22864.47,Online
TXN_00065024,CUST_026078,PROD_03791,LOC_0187,2022-09-16,16,9987.04,20.0,127834.11,Online
TXN_00173656,CUST_004258,PROD_04460,LOC_0170,2025-05-19,12,9865.51,20.0,94708.9,Retail
TXN_00037664,CUST_030792,PROD_01434,LOC_0249,2024-03-11,15,1333.53,0.0,20002.95,Direct Sales
TXN_00322788,CUST_004078,PROD_01741,LOC_0179,2021-02-23,18,6199.87,20.0,89278.13,Online
TXN_00462661,CUST_027857,PROD_03951,LOC_0206,2023-12-17,8,4061.48,10.0,29242.66,Online
TXN_00425862,CUST_028486,PROD_04762,LOC_0020,2023-12-19,8,4149.76,20.0,26558.46,Direct Sales
TXN_00095173,CUST_001246,PROD_04781,LOC_0234,2024-12-07,14,5970.66,0.0,83589.24,Partner
TXN_00220330,CUST_005142,PROD_02881,LOC_0233,2024-08-28,17,2878.12,10.0,44035.24,Online
TXN_00184332,CUST_005563,PROD_03113,LOC_0150,2021-02-08,17,9134.56,0.0,155287.52,Partner
TXN_00431492,CUST_034452,PROD_04031,LOC_0159,2023-11-20,17,7420.26,10.0,113529.98,Online
TXN_00053357,CUST_011775,PROD_04518,LOC_0148,2026-01-18,19,7768.35,0.0,147598.65,Partner
TXN_00472985,CUST_036325,PROD_03248,LOC_0208,2026-03-07,12,3144.23,10.0,33957.68,Online
TXN_00302300,CUST_005836,PROD_03231,LOC_0046,2021-01-24,6,9491.7,15.0,48407.67,Retail
TXN_00086390,CUST_044080,PROD_00160,LOC_0108,2026-05-24,8,5329.8,15.0,36242.64,Direct Sales
TXN_00429938,CUST_019190,PROD_03076,LOC_0140,2023-06-10,4,8309.72,5.0,31576.94,Partner
TXN_00459636,,PROD_00120,LOC_0129,2021-09-17,1,2020.8,20.0,1616.64,Retail
TXN_00092989,CUST_047840,PROD_00045,LOC_0154,2025-11-17,5,3014.44,10.0,13564.98,Online
TXN_00215849,CUST_041718,PROD_01012,LOC_0130,2024-06-02,2,8110.5,0.0,16221.0,Online
TXN_00074981,CUST_017095,PROD_03392,LOC_0134,2022-04-08,5,7526.21,5.0,35749.5,Partner
TXN_00430797,CUST_010569,PROD_02298,LOC_0228,2025-09-05,9,6223.77,20.0,44811.14,Partner
TXN_00085858,CUST_044904,PROD_03698,LOC_0163,2024-12-22,12,3910.08,15.0,39882.82,Partner
TXN_00404769,CUST_020379,PROD_04545,LOC_0126,2023-09-20,11,9165.25,5.0,95776.86,Online
TXN_00157684,CUST_024134,PROD_02795,LOC_0161,2023-07-10,14,9469.18,10.0,119311.67,Online
TXN_00252201,CUST_025392,PROD_02934,LOC_0211,2021-03-25,15,720.08,20.0,8640.96,Retail
TXN_00003776,CUST_006723,PROD_03717,LOC_0188,2026-02-05,17,9253.98,5.0,149451.78,Online
TXN_00266376,,PROD_01981,LOC_0112,2022-03-11,18,5374.75,15.0,82233.68,Retail
TXN_00245839,CUST_016283,PROD_02236,LOC_0169,2022-11-23,14,2442.68,20.0,27358.02,Retail
TXN_00478175,CUST_035910,PROD_03852,LOC_0202,2021-05-06,10,8629.93,15.0,73354.4,Partner
TXN_00485331,CUST_012124,PROD_03048,LOC_0127,2024-01-08,10,1255.89,20.0,10047.12,Online
TXN_00476450,CUST_010085,PROD_02769,LOC_0167,2024-11-02,1,7610.12,20.0,6088.1,Direct Sales
TXN_00254638,CUST_034283,PROD_00985,LOC_0053,2022-02-25,11,2875.62,0.0,31631.82,Partner
TXN_00197704,CUST_029365,PROD_00797,LOC_0241,2021-05-11,10,5571.44,5.0,52928.68,Direct Sales
TXN_00110488,CUST_006146,PROD_03211,LOC_0242,2025-05-19,1,177.57,5.0,168.69,Online
TXN_00457737,CUST_030318,PROD_02390,LOC_0150,2025-11-28,15,3507.43,10.0,47350.3,Partner
TXN_00258345,,PROD_03483,LOC_0037,2025-07-01,3,1454.23,10.0,3926.42,Direct Sales
TXN_00030900,CUST_035282,PROD_00256,LOC_0140,2026-02-17,9,3814.35,15.0,29179.78,Partner
TXN_00166103,CUST_039792,PROD_04343,LOC_0054,2024-11-23,19,3925.67,15.0,63399.57,Direct Sales
TXN_00307854,,PROD_00382,LOC_0131,2023-02-16,6,1728.49,0.0,10370.94,Direct Sales
TXN_00290735,CUST_042738,PROD_04101,LOC_0165,2022-02-02,10,647.84,20.0,5182.72,Retail
TXN_00427957,,PROD_01205,LOC_0043,2025-11-18,7,7597.34,20.0,42545.1,Online
TXN_00246224,CUST_007127,PROD_03571,LOC_0039,2021-08-18,4,8645.67,5.0,32853.55,Direct Sales
TXN_00237180,CUST_045692,PROD_04526,LOC_0246,2021-08-15,2,5110.37,0.0,10220.74,Direct Sales
TXN_00063202,CUST_020159,PROD_03926,LOC_0226,2021-12-09,4,9566.0,20.0,30611.2,Retail
TXN_00410448,CUST_046813,PROD_00780,LOC_0198,2022-02-23,6,3778.56,5.0,21537.79,Retail
TXN_00474315,CUST_036892,PROD_02492,LOC_0126,2023-06-04,5,805.5,15.0,3423.38,Retail
TXN_00193405,CUST_038057,PROD_03813,LOC_0008,2025-04-30,3,1422.72,20.0,3414.53,Partner
TXN_00444811,CUST_008117,PROD_02281,LOC_0155,2026-06-21,17,7884.74,20.0,107232.46,Direct Sales
TXN_00067733,CUST_039033,PROD_00151,LOC_0079,2023-08-24,12,1898.79,5.0,21646.21,Direct Sales
TXN_00168822,CUST_030316,PROD_04620,LOC_0114,2022-07-15,9,1837.1,20.0,13227.12,Direct Sales
TXN_00343851,CUST_043185,PROD_04656,LOC_0086,2022-03-17,14,3294.08,15.0,39199.55,Retail
TXN_00128428,CUST_042940,PROD_01740,LOC_0168,2026-01-30,11,5928.91,0.0,65218.01,Direct Sales
TXN_00033479,CUST_037960,PROD_02924,LOC_0139,2022-02-14,7,7229.68,10.0,45546.98,Online
TXN_00246101,CUST_011490,PROD_04050,LOC_0203,2022-11-14,2,8688.89,5.0,16508.89,Retail
TXN_00312899,CUST_003859,PROD_01404,LOC_0165,2025-04-12,-1,203.79,15.0,346.44,Partner
TXN_00439368,CUST_000833,PROD_00722,LOC_0143,2026-04-17,2,980.79,10.0,1765.42,Partner
TXN_00050042,CUST_045074,PROD_04190,LOC_0153,2022-08-24,8,4592.26,20.0,29390.46,Direct Sales
TXN_00073865,CUST_023146,PROD_01576,LOC_0051,2023-12-08,14,5921.06,20.0,66315.87,Direct Sales
TXN_00244083,CUST_029792,PROD_03520,LOC_0129,2023-12-10,3,7405.4,20.0,17772.96,Partner
TXN_00404565,CUST_017858,PROD_03275,LOC_0229,2022-07-21,7,4939.98,10.0,31121.87,Online
TXN_00406904,CUST_012082,PROD_04435,LOC_0175,2025-01-07,7,9967.16,15.0,59304.6,Online
TXN_00303156,CUST_049565,PROD_03957,LOC_0236,2025-12-04,11,8648.66,5.0,90378.5,Direct Sales
TXN_00101641,CUST_042868,PROD_01350,LOC_0117,2026-05-20,3,7003.72,5.0,19960.6,Online
TXN_00273675,CUST_040443,PROD_03191,LOC_0159,2023-02-21,8,6816.4,20.0,43624.96,Direct Sales
TXN_00347065,CUST_026302,PROD_02918,LOC_0191,2021-11-23,2,861.84,10.0,1551.31,Direct Sales
TXN_00068979,CUST_024760,PROD_00860,LOC_0107,2022-07-18,11,1565.08,0.0,17215.88,Retail
TXN_00130002,CUST_003702,PROD_04114,LOC_0089,2022-08-03,10,2652.49,15.0,22546.16,Retail
TXN_00150985,CUST_025870,PROD_01207,LOC_0029,2021-04-13,19,9506.35,0.0,180620.65,Retail
TXN_00076824,CUST_036971,PROD_01917,LOC_0204,2022-03-06,9,1815.32,0.0,16337.88,Retail
TXN_00415955,CUST_020668,PROD_04531,LOC_0197,2024-09-13,19,8897.89,15.0,143700.92,Online
TXN_00267232,CUST_047238,PROD_03735,LOC_0066,2022-08-22,4,2615.52,15.0,8892.77,Direct Sales
TXN_00078139,CUST_041764,PROD_04019,LOC_0219,2025-06-10,18,4455.59,5.0,76190.59,Retail
TXN_00448722,CUST_033790,PROD_03128,LOC_0080,2024-01-10,2,4395.79,20.0,7033.26,Direct Sales
TXN_00031103,CUST_015824,PROD_01190,LOC_0223,2025-09-11,15,2194.12,20.0,26329.44,Partner
TXN_00086215,CUST_000742,PROD_04399,LOC_0241,2022-07-28,15,9564.88,10.0,129125.88,Partner
TXN_00044707,CUST_041541,PROD_03820,LOC_0053,2025-06-23,13,4606.07,0.0,59878.91,Direct Sales
TXN_00185116,,PROD_04879,LOC_0221,2026-04-24,18,848.45,0.0,15272.1,Online
TXN_00278800,CUST_049346,PROD_04371,LOC_0053,2022-09-16,17,1528.1,20.0,20782.16,Partner
TXN_00102739,CUST_026671,PROD_02210,LOC_0067,2024-03-13,8,2542.27,20.0,16270.53,Partner
TXN_00082836,CUST_037466,PROD_00548,LOC_0110,2022-07-03,13,5510.26,5.0,68051.71,Retail
TXN_00326349,CUST_003239,PROD_03039,LOC_0089,2022-03-06,9,5880.58,15.0,44986.44,Partner
TXN_00373552,CUST_047167,PROD_03533,LOC_0005,2024-03-20,17,7487.34,0.0,127284.78,Direct Sales
TXN_00097446,CUST_041545,PROD_01718,LOC_0232,2025-06-07,17,7509.78,0.0,127666.26,Retail
TXN_00229585,CUST_043002,PROD_04523,LOC_0123,2023-03-19,4,2931.57,15.0,9967.34,Partner
TXN_00385172,CUST_033951,PROD_04557,LOC_0161,2021-04-06,15,7669.86,0.0,115047.9,Retail
TXN_00250946,CUST_042926,PROD_04684,LOC_0115,2023-03-29,11,5528.07,0.0,60808.77,Direct Sales
TXN_00377375,CUST_008117,PROD_04762,LOC_0106,2023-04-16,2,1762.72,10.0,3172.9,Direct Sales
TXN_00002941,CUST_034286,PROD_01534,LOC_0223,2026-03-05,6,1205.2,5.0,6869.64,Online
TXN_00127690,CUST_022679,PROD_00694,LOC_0104,2021-03-08,3,2097.57,20.0,5034.17,Retail
TXN_00269910,CUST_043515,PROD_01606,LOC_0101,2023-03-26,7,1375.93,15.0,8186.78,Online
TXN_00096123,CUST_034444,PROD_02377,LOC_0028,2021-10-06,13,7952.71,5.0,98215.97,Retail
TXN_00067050,CUST_030091,PROD_03076,LOC_0018,2021-10-10,13,1895.05,10.0,22172.08,Retail
TXN_00423513,CUST_044679,PROD_02794,LOC_0245,2021-06-12,19,6958.43,20.0,105768.14,Online
TXN_00452898,CUST_008160,PROD_03943,LOC_0108,2023-11-22,9,3891.91,10.0,31524.47,Direct Sales
TXN_00236502,CUST_032086,PROD_00820,LOC_0188,2023-10-05,8,8738.16,10.0,62914.75,Direct Sales
TXN_00098132,CUST_044687,PROD_00229,LOC_0031,2023-11-20,15,8064.51,5.0,114919.27,Direct Sales
TXN_00398330,CUST_023824,PROD_04402,LOC_0154,2022-10-08,9,2345.55,20.0,16887.96,Online
TXN_00270259,CUST_006561,PROD_03367,LOC_0118,2025-12-07,11,5486.29,5.0,57331.73,Retail
TXN_00104591,CUST_020846,PROD_01684,LOC_0025,2025-03-12,2,4507.06,20.0,7211.3,Direct Sales
TXN_00152825,CUST_021175,PROD_03018,LOC_0201,2024-03-29,18,3795.34,10.0,61484.51,Direct Sales
TXN_00233454,CUST_013272,PROD_03488,LOC_0220,2025-04-19,11,3811.32,10.0,37732.07,Direct Sales
TXN_00033753,CUST_009303,PROD_04285,LOC_0188,2021-10-10,15,3221.79,15.0,41077.82,Direct Sales
TXN_00148526,CUST_046350,PROD_00030,LOC_0148,2025-09-19,13,9793.29,20.0,101850.22,Online
TXN_00068651,CUST_048179,PROD_02769,LOC_0133,2026-03-17,6,448.48,5.0,2556.34,Online
TXN_00398258,CUST_038979,PROD_02622,LOC_0221,2026-05-14,7,658.46,5.0,4378.76,Partner
TXN_00498109,CUST_002315,PROD_01335,LOC_0231,2024-12-10,19,544.49,5.0,9828.04,Online
TXN_00131492,CUST_003498,PROD_04662,LOC_0154,2024-08-06,3,733.88,20.0,1761.31,Online
TXN_00355808,CUST_023748,PROD_02409,LOC_0237,2022-01-08,15,6761.79,15.0,86212.82,Direct Sales
TXN_00213601,CUST_014555,PROD_02603,LOC_0083,2024-10-27,10,4136.83,0.0,41368.3,Direct Sales
TXN_00265971,,PROD_02988,LOC_0086,2023-11-26,3,702.48,5.0,2002.07,Direct Sales
TXN_00330278,CUST_045794,PROD_01333,LOC_0066,2025-04-14,17,370.23,20.0,5035.13,Partner
TXN_00141753,CUST_027165,PROD_01721,LOC_0216,2023-11-25,9,6167.87,15.0,47184.21,Online
TXN_00009227,CUST_008524,PROD_02726,LOC_0228,2023-07-01,15,1997.22,5.0,28460.38,Online
TXN_00287475,CUST_046324,PROD_02999,LOC_0001,2021-07-27,7,7132.61,5.0,47431.86,Online
TXN_00201336,CUST_004843,PROD_01922,LOC_0149,2023-12-22,15,3552.09,0.0,53281.35,Direct Sales
TXN_00157082,CUST_026024,PROD_03902,LOC_0021,2021-11-02,14,6569.42,15.0,78176.1,Partner
TXN_00327332,CUST_041000,PROD_00521,LOC_0139,2021-07-09,4,5091.18,5.0,19346.48,Direct Sales
TXN_00360286,CUST_040856,PROD_04358,LOC_0044,2025-11-07,15,2811.67,0.0,42175.05,Retail
TXN_00025470,CUST_037637,PROD_00931,LOC_0247,2024-01-12,6,1398.34,15.0,7131.53,Retail
TXN_00217867,CUST_010181,PROD_04137,LOC_0115,2021-10-14,7,508.75,0.0,3561.25,Partner
TXN_00179540,CUST_016260,PROD_01261,LOC_0146,2026-03-23,12,122.3,5.0,1394.22,Direct Sales
TXN_00264533,CUST_013073,PROD_00884,LOC_0102,2022-02-07,8,4488.61,10.0,32317.99,Partner
TXN_00445299,CUST_004097,PROD_00308,LOC_0108,2021-02-15,1,485.43,0.0,485.43,Partner
TXN_00208487,CUST_024375,PROD_04927,LOC_0090,2021-07-30,4,595.52,5.0,2262.98,Online
TXN_00155558,CUST_038379,PROD_04329,LOC_0147,2025-10-06,15,663.13,10.0,8952.26,Online
TXN_00121269,CUST_022864,PROD_00668,LOC_0157,2023-01-08,19,9573.22,20.0,145512.94,Partner
TXN_00186921,CUST_034610,PROD_03081,LOC_0007,2026-01-12,4,7908.36,20.0,25306.75,Retail
TXN_00250668,,PROD_02743,LOC_0015,2024-03-13,7,9897.73,5.0,65819.9,Retail
TXN_00475083,CUST_032052,PROD_04068,LOC_0236,2024-09-12,14,4151.18,20.0,46493.22,Partner
TXN_00257234,CUST_011865,PROD_04277,LOC_0040,2023-03-10,3,8370.95,15.0,21345.92,Online
TXN_00344614,CUST_033862,PROD_01135,LOC_0014,2026-01-19,8,8950.92,10.0,64446.62,Online
TXN_00338378,CUST_017293,PROD_01772,LOC_0114,2026-04-08,5,4670.33,10.0,21016.48,Partner
TXN_00479249,CUST_047354,PROD_02047,LOC_0108,2022-03-04,16,8162.29,20.0,104477.31,Retail
TXN_00320967,CUST_010924,PROD_00690,LOC_0042,2024-05-05,1,7375.87,10.0,6638.28,Partner
TXN_00114193,CUST_043403,PROD_04780,LOC_0203,2024-03-20,16,4559.96,10.0,65663.42,Online
TXN_00004183,CUST_016258,PROD_02191,LOC_0235,2023-12-23,1,8858.74,0.0,8858.74,Direct Sales
TXN_00168886,CUST_018212,PROD_03170,LOC_0102,2023-11-18,15,529.82,10.0,7152.57,Retail
TXN_00391621,CUST_018936,PROD_04315,LOC_0046,2021-03-28,13,1323.82,0.0,17209.66,Online
TXN_00143445,CUST_020023,PROD_00945,LOC_0147,2021-04-30,18,8321.9,20.0,119835.36,Direct Sales
TXN_00430401,CUST_012397,PROD_02828,LOC_0123,2026-05-31,18,3867.4,5.0,66132.54,Retail
TXN_00173814,CUST_037471,PROD_00677,LOC_0135,2023-05-23,10,7496.06,15.0,63716.51,Retail
TXN_00003582,CUST_014465,PROD_00960,LOC_0086,2025-11-06,17,5129.93,0.0,87208.81,Retail
TXN_00143354,CUST_012738,PROD_01824,LOC_0049,2021-05-25,16,655.27,20.0,8387.46,Partner
TXN_00301397,CUST_036896,PROD_03461,LOC_0085,2024-10-10,11,8711.58,0.0,95827.38,Partner
TXN_00234055,CUST_025576,PROD_01444,LOC_0029,2024-07-01,1,5026.12,20.0,4020.9,Partner
TXN_00381459,CUST_029920,PROD_00886,LOC_0008,2021-08-23,19,2684.17,20.0,40799.38,Online
TXN_00308148,CUST_043852,PROD_04230,LOC_0209,2023-07-15,15,751.4,20.0,9016.8,Direct Sales
TXN_00405105,CUST_009863,PROD_00870,LOC_0060,2024-01-30,2,5810.11,0.0,11620.22,Retail
TXN_00198883,CUST_002378,PROD_03289,LOC_0192,2022-03-14,19,8247.74,20.0,125365.65,Partner
TXN_00302019,CUST_028261,PROD_04498,LOC_0145,2023-04-20,3,3531.4,20.0,8475.36,Online
TXN_00069710,CUST_000409,PROD_02754,LOC_0144,2022-06-30,1,4416.73,10.0,3975.06,Online
TXN_00299717,CUST_000858,PROD_02014,LOC_0103,2021-11-09,12,7452.2,20.0,71541.12,Direct Sales
TXN_00365489,CUST_040988,PROD_04148,LOC_0111,2023-07-28,1,3378.87,20.0,2703.1,Partner
TXN_00310708,CUST_025810,PROD_04851,LOC_0189,2026-02-01,1,3609.91,0.0,3609.91,Partner
TXN_00319854,CUST_014816,PROD_01786,LOC_0104,2023-10-02,8,8349.6,15.0,56777.28,Direct Sales
TXN_00335854,CUST_003153,PROD_02665,LOC_0013,2025-09-12,7,5663.81,5.0,37664.34,Online
TXN_00167663,CUST_033907,PROD_03851,LOC_0089,2026-04-03,14,1205.99,15.0,14351.28,Retail
TXN_00037641,CUST_005285,PROD_04199,LOC_0027,2022-04-12,16,3665.34,5.0,55713.17,Partner
TXN_00272294,CUST_030029,PROD_03589,LOC_0053,2026-03-28,15,5143.66,15.0,65581.66,Retail
TXN_00411169,CUST_041822,PROD_04925,LOC_0137,2025-12-03,13,5534.1,0.0,71943.3,Partner
TXN_00187385,CUST_037832,PROD_03373,LOC_0189,2024-02-19,3,3471.96,5.0,9895.09,Retail
TXN_00069462,CUST_045588,PROD_00522,LOC_0096,2021-12-23,1,3725.23,15.0,3166.45,Retail
TXN_00001062,CUST_010025,PROD_02741,LOC_0237,2021-05-28,5,6959.91,20.0,27839.64,Retail
TXN_00195705,CUST_019861,PROD_02284,LOC_0180,2024-08-01,2,3400.37,5.0,6460.7,Retail
TXN_00226724,CUST_047684,PROD_00510,LOC_0055,2022-07-11,3,4720.55,0.0,14161.65,Direct Sales
TXN_00036353,CUST_041191,PROD_03265,LOC_0056,2025-07-22,16,1582.45,0.0,25319.2,Online
TXN_00302403,CUST_036493,PROD_00259,LOC_0090,2023-02-17,17,5720.27,20.0,77795.67,Online
TXN_00369206,CUST_010529,PROD_02946,LOC_0171,2021-08-06,13,630.1,5.0,7781.74,Online
TXN_00002412,,PROD_03653,LOC_0147,2023-04-19,15,809.93,10.0,10934.05,Partner
TXN_00470192,CUST_031051,PROD_03861,LOC_0007,2022-03-02,19,6531.57,5.0,117894.84,Direct Sales
TXN_00322623,CUST_003591,PROD_02497,LOC_0044,2022-07-12,-1,4196.82,10.0,64211.35,Retail
TXN_00444767,CUST_004739,PROD_03159,LOC_0202,2024-12-28,4,8882.31,5.0,33752.78,Online
TXN_00392479,CUST_037178,PROD_00584,LOC_0150,2025-08-11,15,6693.92,15.0,85347.48,Online
TXN_00074744,CUST_000827,PROD_04034,LOC_0073,2024-06-12,14,9736.15,0.0,136306.1,Retail
TXN_00171593,CUST_017741,PROD_04995,LOC_0242,2021-04-04,10,7398.29,10.0,66584.61,Direct Sales
TXN_00262985,CUST_022373,PROD_04270,LOC_0071,2021-04-01,9,3983.49,15.0,30473.7,Direct Sales
TXN_00162216,CUST_023646,PROD_03527,LOC_0233,2025-11-20,2,1443.94,0.0,2887.88,Retail
TXN_00431054,CUST_030699,PROD_02028,LOC_0001,2021-09-27,1,2056.39,10.0,1850.75,Online
TXN_00384595,CUST_027283,PROD_03464,LOC_0196,2021-04-07,6,5968.29,20.0,28647.79,Direct Sales
TXN_00414562,,PROD_01932,LOC_0149,2025-06-23,1,8808.04,10.0,7927.24,Retail
TXN_00160719,CUST_043438,PROD_00673,LOC_0114,2022-06-12,7,7277.91,0.0,50945.37,Online
TXN_00327597,CUST_013715,PROD_00944,LOC_0152,2025-03-28,3,1090.46,15.0,2780.67,Partner
TXN_00001733,CUST_040077,PROD_03940,LOC_0103,2025-08-15,6,8489.32,15.0,43295.53,Direct Sales
TXN_00389637,CUST_033490,PROD_02408,LOC_0215,2022-03-21,9,9105.48,5.0,77851.85,Direct Sales
TXN_00012983,CUST_037516,PROD_02795,LOC_0064,2024-07-17,14,9318.08,15.0,110885.15,Direct Sales
TXN_00409652,CUST_005340,PROD_00507,LOC_0053,2024-03-13,12,2516.26,10.0,27175.61,Direct Sales
TXN_00276879,CUST_002472,PROD_01834,LOC_0181,2025-08-12,16,4244.65,5.0,64518.68,Partner
TXN_00154171,CUST_022475,PROD_01246,LOC_0199,2024-05-08,11,2992.11,10.0,29621.89,Online
TXN_00465391,CUST_022961,PROD_02380,LOC_0193,2023-01-01,8,7339.39,15.0,49907.85,Retail
TXN_00421050,CUST_047976,PROD_01268,LOC_0223,2025-07-11,3,6365.95,15.0,16233.17,Direct Sales
TXN_00335900,CUST_016400,PROD_02681,LOC_0195,2025-07-02,19,1794.35,0.0,34092.65,Partner
TXN_00334531,CUST_014359,PROD_02189,LOC_0138,2021-07-12,11,2954.5,15.0,27624.58,Partner
TXN_00291533,CUST_015158,PROD_02901,LOC_0182,2022-10-09,7,996.01,10.0,6274.86,Direct Sales
TXN_00261987,CUST_044679,PROD_01653,LOC_0181,2021-03-03,3,8912.88,0.0,26738.64,Partner
TXN_00223190,CUST_003093,PROD_02201,LOC_0165,2021-03-11,4,1029.95,10.0,3707.82,Partner
TXN_00246397,CUST_043094,PROD_00033,LOC_0021,2022-05-25,14,6577.23,20.0,73664.98,Partner
TXN_00029069,CUST_032135,PROD_02183,LOC_0146,2026-06-07,16,1239.86,0.0,19837.76,Retail
TXN_00295158,CUST_044411,PROD_01683,LOC_0046,2021-05-04,11,3696.61,15.0,34563.3,Direct Sales
TXN_00308208,CUST_011168,PROD_02249,LOC_0124,2024-05-24,7,7761.4,10.0,48896.82,Direct Sales
TXN_00301786,CUST_007406,PROD_04281,LOC_0181,2021-06-18,14,4897.45,10.0,61707.87,Retail
TXN_00219710,CUST_013744,PROD_00800,LOC_0008,2023-05-18,3,6136.95,20.0,14728.68,Partner
TXN_00426128,CUST_046384,PROD_02995,LOC_0008,2021-07-19,14,1270.24,15.0,15115.86,Partner
TXN_00351340,CUST_008141,PROD_02535,LOC_0248,2024-07-17,2,4604.48,20.0,7367.17,Partner
TXN_00107418,CUST_013452,PROD_00027,LOC_0083,2023-10-02,15,6058.66,5.0,86335.9,Direct Sales
TXN_00100389,CUST_011683,PROD_04965,LOC_0244,2021-07-24,12,7899.75,20.0,75837.6,Online
TXN_00431384,CUST_043478,PROD_02290,LOC_0249,2021-04-27,1,9331.24,10.0,8398.12,Retail
TXN_00338563,CUST_005377,PROD_00414,LOC_0092,2021-02-25,1,7113.02,0.0,7113.02,Online
TXN_00209307,,PROD_04532,LOC_0036,2025-08-14,1,2045.69,20.0,1636.55,Partner
TXN_00428015,CUST_028771,PROD_01513,LOC_0088,2022-05-07,19,2653.29,10.0,45371.26,Retail
TXN_00264653,CUST_029445,PROD_00241,LOC_0214,2023-02-07,11,8279.02,0.0,91069.22,Retail
TXN_00415785,CUST_017114,PROD_04346,LOC_0223,2021-04-19,2,9608.79,10.0,17295.82,Partner
TXN_00437904,CUST_004866,PROD_02793,LOC_0082,2021-06-26,14,6774.65,20.0,75876.08,Retail
TXN_00462255,CUST_005186,PROD_02531,LOC_0200,2023-10-02,4,6022.01,0.0,24088.04,Direct Sales
TXN_00328605,CUST_049837,PROD_04722,LOC_0144,2023-06-13,2,7655.61,5.0,14545.66,Partner
TXN_00330225,CUST_046940,PROD_01594,LOC_0033,2024-07-06,10,3043.03,10.0,27387.27,Retail
TXN_00414282,CUST_008473,PROD_01815,LOC_0073,2023-03-14,19,6128.36,20.0,93151.07,Retail
TXN_00259733,CUST_031420,PROD_03777,LOC_0115,2025-06-11,10,8744.67,15.0,74329.69,Online
TXN_00490857,CUST_025290,PROD_03995,LOC_0182,2023-06-18,17,6383.52,15.0,92241.86,Online
TXN_00498025,CUST_007761,PROD_01438,LOC_0175,2025-03-25,19,5972.47,10.0,102129.24,Direct Sales
TXN_00410977,CUST_017006,PROD_03117,LOC_0021,2021-04-15,10,1551.79,5.0,14742.0,Partner
TXN_00357014,CUST_036436,PROD_03573,LOC_0186,2021-03-11,1,4665.72,0.0,4665.72,Online
TXN_00138905,CUST_048364,PROD_01844,LOC_0134,2021-06-29,5,6154.56,20.0,24618.24,Retail
TXN_00078430,CUST_028503,PROD_03241,LOC_0113,2023-04-24,18,2159.25,20.0,31093.2,Online
TXN_00056050,CUST_018896,PROD_00347,LOC_0100,2021-04-26,17,5060.48,15.0,73123.94,Partner
TXN_00311389,CUST_035632,PROD_00923,LOC_0131,2024-06-14,6,4656.96,10.0,25147.58,Online
TXN_00335376,CUST_034880,PROD_00892,LOC_0017,2023-08-02,5,7215.19,0.0,36075.95,Retail
TXN_00195372,CUST_009454,PROD_02438,LOC_0244,2022-11-25,14,2666.77,15.0,31734.56,Direct Sales
TXN_00246481,CUST_014004,PROD_03878,LOC_0217,2025-08-15,2,303.45,20.0,485.52,Retail
TXN_00178798,CUST_037218,PROD_01819,LOC_0220,2023-02-07,2,1590.11,5.0,3021.21,Retail
TXN_00389020,CUST_042936,PROD_01567,LOC_0222,2026-02-11,15,444.23,15.0,5663.93,Direct Sales
TXN_00493267,CUST_002589,PROD_02550,LOC_0243,2026-02-13,14,4010.75,10.0,50535.45,Retail
TXN_00031158,CUST_030767,PROD_04072,LOC_0244,2024-09-17,18,5613.27,0.0,101038.86,Direct Sales
TXN_00140873,CUST_006337,PROD_03841,LOC_0039,2025-12-26,3,2116.27,10.0,5713.93,Direct Sales
TXN_00197779,CUST_013550,PROD_00296,LOC_0094,2022-07-25,1,2534.98,20.0,2027.98,Direct Sales
TXN_00077674,CUST_049872,PROD_03848,LOC_0202,2024-03-30,9,8392.06,5.0,71752.11,Direct Sales
TXN_00115528,CUST_009754,PROD_03837,LOC_0161,2021-05-24,14,2230.24,20.0,24978.69,Partner
TXN_00011843,CUST_048102,PROD_03241,LOC_0204,2023-01-04,8,769.75,15.0,5234.3,Online
TXN_00249476,CUST_002349,PROD_03338,LOC_0022,2021-06-19,7,1286.04,20.0,7201.82,Online
TXN_00011974,CUST_034053,PROD_02273,LOC_0016,2025-08-05,5,6479.8,15.0,27539.15,Retail
TXN_00030741,CUST_036137,PROD_04398,LOC_0159,2024-08-23,9,3468.1,5.0,29652.25,Retail
TXN_00122372,,PROD_00534,LOC_0022,2026-05-12,8,9538.51,20.0,61046.46,Partner
TXN_00182647,CUST_000821,PROD_00460,LOC_0039,2025-06-24,5,9483.74,15.0,40305.89,Retail
TXN_00285537,CUST_012328,PROD_03751,LOC_0223,2025-02-04,6,7184.91,15.0,36643.04,Online
TXN_00499016,CUST_046650,PROD_04613,LOC_0019,2021-11-17,2,1612.31,20.0,2579.7,Retail
TXN_00147286,CUST_003448,PROD_03356,LOC_0136,2022-01-02,8,9379.04,15.0,63777.47,Partner
TXN_00189394,CUST_024265,PROD_03355,LOC_0038,2021-07-09,1,7100.31,5.0,6745.29,Retail
TXN_00295178,CUST_008014,PROD_04887,LOC_0208,2024-11-02,8,6804.96,10.0,48995.71,Partner
TXN_00105200,CUST_021356,PROD_01800,LOC_0095,2026-05-19,8,1533.12,15.0,10425.22,Direct Sales
TXN_00070839,CUST_037020,PROD_00324,LOC_0142,2021-05-10,1,3154.26,0.0,3154.26,Direct Sales
TXN_00340867,CUST_044736,PROD_04218,LOC_0209,2023-11-20,5,525.92,15.0,2235.16,Online
TXN_00315738,CUST_014203,PROD_04650,LOC_0057,2026-06-03,18,4623.51,15.0,70739.7,Retail
TXN_00200446,CUST_006173,PROD_00968,LOC_0236,2024-05-11,13,2440.71,20.0,25383.38,Direct Sales
TXN_00178522,CUST_010893,PROD_02250,LOC_0046,2023-09-23,18,1253.32,10.0,20303.78,Partner
TXN_00155134,CUST_045367,PROD_02681,LOC_0077,2021-09-14,18,6759.67,20.0,97339.25,Partner
TXN_00460249,CUST_001001,PROD_00022,LOC_0199,2025-08-30,2,7438.73,10.0,13389.71,Retail
TXN_00095470,CUST_040452,PROD_03471,LOC_0179,2025-11-01,1,3031.58,5.0,2880.0,Retail
TXN_00074832,CUST_041788,PROD_02702,LOC_0185,2021-12-04,17,6806.92,10.0,104145.88,Retail
TXN_00214716,CUST_009693,PROD_01223,LOC_0204,2021-01-13,11,4970.74,5.0,51944.23,Partner
TXN_00231970,CUST_020230,PROD_03777,LOC_0178,2021-02-14,16,8842.91,10.0,127337.9,Online
TXN_00143349,CUST_005781,PROD_01776,LOC_0051,2021-05-25,14,7185.77,5.0,95570.74,Online
TXN_00365621,CUST_018214,PROD_00414,LOC_0046,2021-03-12,14,380.15,10.0,4789.89,Retail
TXN_00089466,CUST_035879,PROD_02639,LOC_0198,2023-09-29,10,7855.11,20.0,62840.88,Partner
TXN_00026941,CUST_045654,PROD_02193,LOC_0187,2022-01-26,9,7763.86,15.0,59393.53,Partner
TXN_00040412,CUST_022652,PROD_04093,LOC_0110,2023-12-23,1,9970.13,0.0,9970.13,Retail
TXN_00247397,CUST_008467,PROD_00702,LOC_0130,2026-02-26,19,8146.72,5.0,147048.3,Partner
TXN_00333929,CUST_022729,PROD_03872,LOC_0191,2022-04-01,7,4992.35,10.0,31451.81,Retail
TXN_00280991,CUST_045984,PROD_04962,LOC_0199,2023-08-16,19,9398.67,15.0,151788.52,Direct Sales
TXN_00093335,,PROD_01031,LOC_0182,2023-09-22,13,5320.44,20.0,55332.58,Retail
TXN_00267611,CUST_047653,PROD_01544,LOC_0119,2025-10-22,14,3697.6,5.0,49178.08,Retail
TXN_00366581,CUST_033532,PROD_02462,LOC_0070,2026-05-30,4,3883.26,15.0,13203.08,Retail
TXN_00124693,CUST_016447,PROD_02953,LOC_0180,2021-10-11,17,869.45,5.0,14041.62,Online
TXN_00265449,CUST_018295,PROD_04706,LOC_0022,2022-05-11,8,144.96,5.0,1101.7,Direct Sales
TXN_00256218,CUST_006373,PROD_02425,LOC_0083,2021-03-27,13,5996.1,15.0,66256.9,Online
TXN_00236455,CUST_023918,PROD_02727,LOC_0139,2024-08-26,2,2358.99,5.0,4482.08,Direct Sales
TXN_00260925,CUST_049951,PROD_04046,LOC_0161,2021-08-02,4,6728.95,20.0,21532.64,Retail
TXN_00160876,CUST_030586,PROD_03609,LOC_0065,2022-12-20,13,3614.51,0.0,46988.63,Online
TXN_00030852,CUST_021602,PROD_01113,LOC_0132,2024-03-23,5,8276.74,15.0,35176.14,Direct Sales
TXN_00022457,CUST_009878,PROD_02827,LOC_0121,2024-12-14,6,946.56,5.0,5395.39,Partner
TXN_00062393,CUST_034958,PROD_03378,LOC_0022,2021-08-07,13,8688.58,15.0,96008.81,Partner
TXN_00192989,CUST_033782,PROD_03040,LOC_0159,2023-08-25,8,7740.06,5.0,58824.46,Partner
TXN_00006908,CUST_038987,PROD_04921,LOC_0149,2023-04-02,16,3349.23,5.0,50908.3,Partner
TXN_00496656,CUST_013375,PROD_02271,LOC_0172,2022-06-16,10,7480.23,15.0,63581.95,Online
TXN_00423552,CUST_022745,PROD_03491,LOC_0089,2025-07-13,15,7492.5,20.0,89910.0,Partner
TXN_00221565,CUST_030948,PROD_01995,LOC_0231,2022-06-15,16,4380.94,5.0,66590.29,Online
TXN_00247695,,PROD_00644,LOC_0240,2022-12-24,2,200.04,10.0,360.07,Online
TXN_00499079,CUST_015140,PROD_01357,LOC_0219,2021-02-11,8,7662.54,15.0,52105.27,Direct Sales
TXN_00006937,CUST_007151,PROD_00327,LOC_0075,2025-01-29,2,6001.75,20.0,9602.8,Partner
TXN_00495853,CUST_029758,PROD_04215,LOC_0012,2022-02-07,14,1462.13,5.0,19446.33,Direct Sales
TXN_00027763,CUST_048382,PROD_00270,LOC_0065,2025-02-08,9,4792.58,0.0,43133.22,Online
TXN_00215309,CUST_018849,PROD_04116,LOC_0085,2025-10-03,7,1800.04,0.0,12600.28,Online
TXN_00480487,CUST_019857,PROD_00794,LOC_0233,2023-09-20,9,6100.88,0.0,54907.92,Retail
TXN_00407912,CUST_045612,PROD_04635,LOC_0038,2021-02-27,7,3247.95,20.0,18188.52,Direct Sales
TXN_00112858,CUST_013768,PROD_04025,LOC_0233,2025-01-31,7,1931.97,15.0,11495.22,Direct Sales
TXN_00287446,CUST_020675,PROD_01999,LOC_0007,2023-12-30,5,8321.0,0.0,41605.0,Partner
TXN_00402866,CUST_032187,PROD_02023,LOC_0236,2024-11-24,13,9587.91,5.0,118410.69,Retail
TXN_00477458,CUST_009487,PROD_04890,LOC_0201,2025-10-05,12,6689.92,15.0,68237.18,Partner
TXN_00003295,CUST_030269,PROD_02645,LOC_0183,2023-10-01,16,8218.63,0.0,131498.08,Partner
TXN_00321664,CUST_032704,PROD_01902,LOC_0170,2025-07-29,6,7498.97,20.0,35995.06,Online
TXN_00279197,CUST_003500,PROD_02345,LOC_0139,2021-11-08,7,2184.75,5.0,14528.59,Retail
TXN_00076049,CUST_046274,PROD_01699,LOC_0244,2022-03-02,10,7926.18,5.0,75298.71,Online
TXN_00289501,CUST_005932,PROD_00351,LOC_0226,2021-06-06,3,6353.78,20.0,15249.07,Direct Sales
TXN_00238643,CUST_043366,PROD_04253,LOC_0053,2025-10-07,9,2003.44,20.0,14424.77,Direct Sales
TXN_00140496,CUST_047548,PROD_00870,LOC_0066,2024-03-31,1,1584.4,10.0,1425.96,Online
TXN_00366764,CUST_017011,PROD_00148,LOC_0048,2025-12-04,15,5069.85,20.0,60838.2,Online
TXN_00029384,CUST_026735,PROD_02997,LOC_0219,2021-10-27,18,9514.19,5.0,162692.65,Partner
TXN_00420172,CUST_023462,PROD_01535,LOC_0179,2023-09-18,4,4244.54,15.0,14431.44,Partner
TXN_00010599,CUST_033339,PROD_00141,LOC_0061,2026-05-12,11,3201.33,0.0,35214.63,Partner
TXN_00394980,CUST_035016,PROD_02841,LOC_0104,2024-11-14,16,4718.93,0.0,75502.88,Partner
TXN_00320544,CUST_044736,PROD_03930,LOC_0154,2024-11-07,8,9761.4,10.0,70282.08,Retail
TXN_00305574,CUST_039629,PROD_02070,LOC_0093,2022-01-14,15,896.1,20.0,10753.2,Partner
TXN_00466777,CUST_048631,PROD_01876,LOC_0121,2022-09-25,16,9781.13,20.0,125198.46,Partner
TXN_00138937,CUST_028348,PROD_03576,LOC_0021,2022-09-25,2,2427.1,15.0,4126.07,Direct Sales
TXN_00271423,CUST_047733,PROD_04645,LOC_0009,2022-12-22,17,1436.8,0.0,24425.6,Partner
TXN_00374253,CUST_035729,PROD_01862,LOC_0054,2023-06-21,3,6086.68,10.0,16434.04,Online
TXN_00194038,CUST_031452,PROD_01307,LOC_0230,2022-11-11,14,180.61,0.0,2528.54,Partner
TXN_00107307,CUST_041019,PROD_00705,LOC_0124,2023-06-28,3,4969.15,15.0,12671.33,Retail
TXN_00293520,CUST_023073,PROD_04255,LOC_0010,2024-11-04,3,3265.28,5.0,9306.05,Partner
TXN_00087919,CUST_043072,PROD_02190,LOC_0124,2022-12-06,14,9333.19,0.0,130664.66,Direct Sales
TXN_00063148,CUST_047765,PROD_00282,LOC_0107,2021-06-06,6,373.11,15.0,1902.86,Online
TXN_00149341,CUST_035117,PROD_00793,LOC_0240,2023-02-28,3,3899.95,5.0,11114.86,Partner
TXN_00195248,CUST_034268,PROD_03163,LOC_0012,2022-05-26,19,8377.85,0.0,159179.15,Online
TXN_00208413,CUST_008416,PROD_02087,LOC_0021,2022-12-22,10,3971.81,5.0,37732.2,Online
TXN_00153720,CUST_004198,PROD_03648,LOC_0245,2022-01-17,16,3027.41,15.0,41172.78,Retail
TXN_00326788,CUST_045944,PROD_04833,LOC_0131,2026-05-30,19,8248.47,15.0,133212.79,Retail
TXN_00009827,CUST_007710,PROD_01801,LOC_0108,2025-09-20,16,869.19,5.0,13211.69,Online
TXN_00338958,CUST_038070,PROD_01107,LOC_0066,2025-09-22,16,6924.06,5.0,105245.71,Direct Sales
TXN_00056845,CUST_006012,PROD_03804,LOC_0083,2022-05-13,7,460.31,15.0,2738.84,Direct Sales
TXN_00107688,CUST_028962,PROD_01147,LOC_0027,2021-02-11,9,1083.59,15.0,8289.46,Direct Sales
TXN_00336082,CUST_000399,PROD_03169,LOC_0234,2021-12-23,10,5173.46,0.0,51734.6,Online
TXN_00198680,CUST_005784,PROD_02402,LOC_0190,2025-10-15,9,8313.73,0.0,74823.57,Direct Sales
TXN_00457895,CUST_001501,PROD_00637,LOC_0111,2026-02-11,13,670.35,15.0,7407.37,Online
TXN_00406761,CUST_029911,PROD_01391,LOC_0193,2021-03-29,13,6237.42,0.0,81086.46,Partner
TXN_00302411,CUST_043806,PROD_03253,LOC_0040,2023-08-25,15,7148.75,5.0,101869.69,Direct Sales
TXN_00266032,CUST_025608,PROD_03103,LOC_0146,2023-02-13,3,1443.69,15.0,3681.41,Online
TXN_00450283,CUST_048133,PROD_02568,LOC_0184,2024-08-27,17,7852.09,20.0,106788.42,Direct Sales
TXN_00378157,CUST_022918,PROD_04405,LOC_0109,2024-12-14,14,8368.41,5.0,111299.85,Direct Sales
TXN_00095562,CUST_046268,PROD_02414,LOC_0248,2022-12-11,11,6800.19,0.0,74802.09,Partner
TXN_00437898,CUST_002356,PROD_02147,LOC_0178,2024-05-23,10,8106.68,15.0,68906.78,Retail
TXN_00264326,CUST_021164,PROD_02823,LOC_0209,2024-07-01,7,3429.95,0.0,24009.65,Online
TXN_00178267,CUST_012305,PROD_01455,LOC_0105,2024-01-19,14,985.93,10.0,12422.72,Retail
TXN_00285923,CUST_023047,PROD_04369,LOC_0077,2023-03-03,4,5991.96,5.0,22769.45,Retail
TXN_00167439,CUST_037918,PROD_01122,LOC_0106,2024-02-18,12,7781.72,10.0,84042.58,Online
TXN_00252950,CUST_031187,PROD_02936,LOC_0172,2024-02-15,6,7343.45,10.0,39654.63,Retail
TXN_00422519,CUST_030308,PROD_03585,LOC_0172,2025-08-25,12,793.34,10.0,8568.07,Direct Sales
TXN_00018067,CUST_039422,PROD_01262,LOC_0006,2026-03-04,18,1086.9,15.0,16629.57,Online
TXN_00261745,CUST_035890,PROD_02359,LOC_0078,2023-06-28,19,9295.08,15.0,150115.54,Online
TXN_00091267,CUST_023149,PROD_03076,LOC_0029,2022-11-23,9,2462.69,15.0,18839.58,Online
TXN_00254522,CUST_034885,PROD_01092,LOC_0011,2025-05-06,8,894.78,0.0,7158.24,Retail
TXN_00028529,CUST_042927,PROD_00775,LOC_0063,2025-02-05,12,8948.94,15.0,91279.19,Direct Sales
TXN_00135397,CUST_010772,PROD_02313,LOC_0022,2025-09-03,6,7393.77,15.0,37708.23,Direct Sales
TXN_00321997,CUST_043108,PROD_00880,LOC_0063,2021-12-12,6,8912.85,0.0,53477.1,Retail
TXN_00437584,CUST_039919,PROD_00184,LOC_0014,2026-06-05,19,9543.38,20.0,145059.38,Direct Sales
TXN_00304870,CUST_010715,PROD_01635,LOC_0048,2021-04-17,15,7128.68,10.0,96237.18,Direct Sales
TXN_00021588,CUST_013251,PROD_03209,LOC_0004,2025-07-11,14,2196.5,0.0,30751.0,Direct Sales
TXN_00094184,CUST_048043,PROD_01372,LOC_0195,2024-09-11,12,859.57,10.0,9283.36,Online
TXN_00159145,CUST_014976,PROD_00005,LOC_0135,2025-10-05,5,773.81,20.0,3095.24,Retail
TXN_00031275,CUST_023118,PROD_04602,LOC_0158,2025-12-18,3,6811.17,15.0,17368.48,Partner
TXN_00380391,CUST_008982,PROD_00713,LOC_0001,2021-07-29,1,1088.94,0.0,1088.94,Direct Sales
TXN_00494475,CUST_003171,PROD_04694,LOC_0037,2021-02-05,12,7138.93,15.0,72817.09,Direct Sales
TXN_00026408,CUST_033461,PROD_01516,LOC_0150,2022-11-05,13,9806.34,20.0,101985.94,Retail
TXN_00042239,CUST_033289,PROD_02428,LOC_0197,2022-12-06,5,9121.39,5.0,43326.6,Online
TXN_00267198,CUST_023886,PROD_03209,LOC_0006,2022-12-23,8,2691.94,0.0,21535.52,Online
TXN_00320776,CUST_040252,PROD_00865,LOC_0007,2025-03-06,6,3269.58,0.0,19617.48,Retail
TXN_00359755,CUST_048500,PROD_03494,LOC_0219,2024-04-15,3,4624.9,5.0,13180.96,Partner
TXN_00466198,CUST_025431,PROD_01389,LOC_0240,2024-03-29,12,8446.01,0.0,101352.12,Direct Sales
TXN_00147299,CUST_000017,PROD_01287,LOC_0020,2024-11-14,7,1329.26,5.0,8839.58,Retail
TXN_00109030,CUST_044281,PROD_01837,LOC_0233,2024-01-22,18,6925.68,5.0,118429.13,Partner
TXN_00043393,CUST_025831,PROD_02862,LOC_0236,2024-05-21,13,8420.75,5.0,103996.26,Partner
TXN_00176799,CUST_029960,PROD_03407,LOC_0068,2021-11-21,6,3101.86,10.0,16750.04,Direct Sales
TXN_00443570,CUST_011719,PROD_01370,LOC_0227,2026-03-17,9,685.68,15.0,5245.45,Retail
TXN_00409610,CUST_049395,PROD_04728,LOC_0085,2025-07-15,3,2796.15,5.0,7969.03,Direct Sales
TXN_00429537,CUST_048945,PROD_01753,LOC_0161,2025-05-12,5,3931.59,15.0,16709.26,Online
TXN_00046616,CUST_025851,PROD_01233,LOC_0137,2026-01-31,16,8164.76,5.0,124104.35,Online
TXN_00021165,CUST_024342,PROD_02648,LOC_0024,2021-04-22,14,4313.95,15.0,51336.0,Online
TXN_00151147,CUST_040221,PROD_04517,LOC_0118,2025-05-06,16,9184.01,5.0,139596.95,Direct Sales
TXN_00129749,CUST_005828,PROD_01059,LOC_0193,2022-12-17,3,263.17,10.0,710.56,Retail
TXN_00384057,CUST_039129,PROD_04211,LOC_0058,2022-08-10,6,4236.35,10.0,22876.29,Direct Sales
TXN_00233921,CUST_043910,PROD_03612,LOC_0035,2021-07-27,9,184.21,15.0,1409.21,Retail
TXN_00154282,CUST_012928,PROD_04960,LOC_0120,2022-02-10,18,6582.43,10.0,106635.37,Partner
TXN_00423626,CUST_030996,PROD_03806,LOC_0228,2023-04-11,4,6488.55,0.0,25954.2,Retail
TXN_00398880,CUST_031736,PROD_01095,LOC_0113,2025-09-18,16,8980.55,15.0,122135.48,Partner
TXN_00234862,CUST_024088,PROD_00559,LOC_0142,2021-01-28,14,2626.04,5.0,34926.33,Direct Sales
TXN_00466810,CUST_004221,PROD_01922,LOC_0190,2022-05-13,19,4051.51,5.0,73129.76,Partner
TXN_00024807,CUST_047174,PROD_03439,LOC_0001,2025-10-05,16,5213.24,0.0,83411.84,Partner
TXN_00105216,CUST_012008,PROD_02992,LOC_0215,2022-03-26,15,1043.76,15.0,13307.94,Retail
TXN_00295801,CUST_048093,PROD_02961,LOC_0135,2023-03-16,4,7187.46,15.0,24437.36,Online
TXN_00291938,CUST_016326,PROD_02167,LOC_0069,2023-03-28,9,6159.69,5.0,52665.35,Partner
TXN_00094164,CUST_012576,PROD_03258,LOC_0084,2024-01-08,13,1004.9,15.0,11104.14,Retail
TXN_00462574,CUST_011522,PROD_03804,LOC_0102,2022-06-15,7,1335.17,5.0,8878.88,Online
TXN_00371137,CUST_010438,PROD_00091,LOC_0025,2022-02-06,13,2539.36,10.0,29710.51,Online
TXN_00420472,CUST_032862,PROD_02227,LOC_0069,2024-01-21,5,6943.29,20.0,27773.16,Retail
TXN_00325117,CUST_007956,PROD_04563,LOC_0227,2021-12-20,11,3418.79,0.0,37606.69,Online
TXN_00049211,CUST_004709,PROD_01113,LOC_0122,2024-11-29,19,6440.54,5.0,116251.75,Retail
TXN_00440682,CUST_018368,PROD_02810,LOC_0101,2023-10-06,14,8337.18,10.0,105048.47,Partner
TXN_00244225,CUST_044654,PROD_01033,LOC_0229,2022-08-19,6,1124.81,10.0,6073.97,Retail
TXN_00087039,CUST_030164,PROD_04064,LOC_0137,2025-09-08,19,1739.31,20.0,26437.51,Direct Sales
TXN_00285831,CUST_014779,PROD_01078,LOC_0056,2021-04-09,15,6686.15,0.0,100292.25,Direct Sales
TXN_00263566,CUST_041516,PROD_02292,LOC_0219,2026-03-05,4,4512.42,15.0,15342.23,Partner
TXN_00057032,CUST_001849,PROD_00214,LOC_0169,2025-10-08,10,4701.27,15.0,39960.8,Direct Sales
TXN_00217378,CUST_000577,PROD_03831,LOC_0078,2022-04-17,8,8831.26,15.0,60052.57,Direct Sales
TXN_00432640,CUST_015394,PROD_03473,LOC_0186,2025-05-06,9,4941.36,5.0,42248.63,Retail
TXN_00492623,CUST_024422,PROD_00505,LOC_0185,2023-02-11,16,658.08,0.0,10529.28,Retail
TXN_00212497,CUST_034992,PROD_04707,LOC_0004,2021-05-08,10,843.31,20.0,6746.48,Retail
TXN_00410348,CUST_028519,PROD_02500,LOC_0105,2023-08-11,19,4781.93,15.0,77228.17,Retail
TXN_00349600,CUST_002216,PROD_04559,LOC_0104,2022-07-14,17,5513.16,15.0,79665.16,Retail
TXN_00471771,CUST_002542,PROD_03958,LOC_0230,2025-11-04,8,7072.08,15.0,48090.14,Direct Sales
TXN_00082914,CUST_043484,PROD_02470,LOC_0166,2026-03-25,18,4542.07,5.0,77669.4,Retail
TXN_00235736,CUST_011230,PROD_02164,LOC_0011,2023-04-16,1,3440.89,10.0,3096.8,Partner
TXN_00236792,CUST_031664,PROD_04403,LOC_0067,2021-03-23,4,7339.27,0.0,29357.08,Retail
TXN_00191621,CUST_039910,PROD_00683,LOC_0002,2021-04-08,3,1388.53,10.0,3749.03,Direct Sales
TXN_00283954,CUST_040829,PROD_02071,LOC_0022,2023-07-11,5,2026.49,10.0,9119.21,Retail
TXN_00418882,CUST_015121,PROD_03654,LOC_0034,2026-05-10,15,7483.71,10.0,101030.08,Direct Sales
TXN_00254977,CUST_032446,PROD_00890,LOC_0239,2023-10-01,12,9642.79,5.0,109927.81,Online
TXN_00083475,CUST_035565,PROD_00366,LOC_0242,2025-04-15,19,4711.71,10.0,80570.24,Partner
TXN_00326491,CUST_002688,PROD_00772,LOC_0215,2025-09-09,2,6079.69,0.0,12159.38,Direct Sales
TXN_00263589,CUST_017491,PROD_02360,LOC_0012,2026-03-01,14,8723.16,0.0,122124.24,Partner
TXN_00431804,CUST_049334,PROD_01757,LOC_0118,2022-01-24,1,9363.39,0.0,9363.39,Partner
TXN_00359756,CUST_029713,PROD_02539,LOC_0198,2024-12-04,15,1550.04,10.0,20925.54,Direct Sales
TXN_00303858,CUST_048650,PROD_03533,LOC_0051,2023-10-06,19,9419.3,5.0,170018.36,Direct Sales
TXN_00354259,CUST_043640,PROD_04807,LOC_0205,2021-01-01,3,6594.56,5.0,18794.5,Online
TXN_00388402,CUST_017813,PROD_01264,LOC_0166,2023-01-27,14,7892.99,15.0,93926.58,Retail
TXN_00460810,CUST_016634,PROD_02110,LOC_0239,2023-01-25,5,3732.83,10.0,16797.74,Online
TXN_00246148,CUST_006485,PROD_02901,LOC_0114,2022-12-15,15,9187.87,20.0,110254.44,Retail
TXN_00334316,CUST_022562,PROD_02024,LOC_0034,2021-10-01,12,6176.47,0.0,74117.64,Partner
TXN_00279107,,PROD_03551,LOC_0231,2024-12-20,9,3694.82,15.0,28265.37,Online
TXN_00009482,CUST_006000,PROD_01317,LOC_0002,2023-01-10,-1,560.98,15.0,4291.5,Partner
TXN_00034979,CUST_004665,PROD_04416,LOC_0195,2022-08-13,17,4193.98,20.0,57038.13,Direct Sales
TXN_00176515,CUST_024160,PROD_04380,LOC_0122,2024-07-24,6,9558.9,10.0,51618.06,Partner
TXN_00282703,CUST_044408,PROD_04605,LOC_0197,2022-09-21,4,1633.93,20.0,5228.58,Retail
TXN_00357212,CUST_017133,PROD_01743,LOC_0066,2024-05-17,16,7812.32,10.0,112497.41,Online
TXN_00136711,CUST_037148,PROD_04913,LOC_0015,2024-04-30,9,1924.86,20.0,13858.99,Partner
TXN_00095198,CUST_024308,PROD_01817,LOC_0127,2024-04-29,4,736.29,5.0,2797.9,Online
TXN_00024556,CUST_048496,PROD_04855,LOC_0151,2026-05-23,13,941.72,15.0,10406.01,Online
TXN_00200750,CUST_027572,PROD_04800,LOC_0162,2026-04-26,13,7001.36,20.0,72814.14,Partner
TXN_00034208,CUST_037662,PROD_04862,LOC_0057,2024-11-14,19,7885.11,10.0,134835.38,Partner
TXN_00224954,CUST_038283,PROD_00722,LOC_0105,2022-08-25,17,6767.01,10.0,103535.25,Retail
TXN_00267039,CUST_047063,PROD_04433,LOC_0040,2024-01-17,14,8490.26,10.0,106977.28,Partner
TXN_00303518,CUST_000920,PROD_04015,LOC_0136,2023-08-05,11,9767.03,10.0,96693.6,Retail
TXN_00293802,CUST_021674,PROD_00109,LOC_0091,2022-05-19,13,8348.86,0.0,108535.18,Retail
TXN_00455755,CUST_034224,PROD_04224,LOC_0052,2024-10-10,4,4042.79,20.0,12936.93,Retail
TXN_00449886,CUST_020428,PROD_03622,LOC_0160,2021-12-07,12,1961.61,5.0,22362.35,Online
TXN_00294522,CUST_026439,PROD_04710,LOC_0238,2023-05-06,19,9255.86,10.0,158275.21,Online
TXN_00070065,CUST_037582,PROD_00262,LOC_0244,2022-01-06,17,6069.17,0.0,103175.89,Direct Sales
TXN_00225173,CUST_017092,PROD_01679,LOC_0159,2024-03-12,3,6925.03,20.0,16620.07,Partner
TXN_00483026,CUST_015291,PROD_04526,LOC_0148,2022-01-04,13,9517.2,20.0,98978.88,Partner
TXN_00006080,CUST_000172,PROD_02750,LOC_0031,2025-12-13,2,1629.43,0.0,3258.86,Online
TXN_00031079,CUST_022770,PROD_00848,LOC_0122,2021-07-05,7,7226.85,20.0,40470.36,Online
TXN_00149967,CUST_035481,PROD_04602,LOC_0218,2021-07-22,12,3749.17,0.0,44990.04,Online
TXN_00121147,CUST_018502,PROD_02248,LOC_0082,2025-11-07,9,4934.84,15.0,37751.53,Online
TXN_00122155,CUST_034975,PROD_00918,LOC_0222,2025-05-30,17,3419.4,15.0,49410.33,Retail
TXN_00257174,CUST_004381,PROD_00829,LOC_0067,2021-08-18,2,7034.24,15.0,11958.21,Online
TXN_00250686,CUST_048472,PROD_02958,LOC_0205,2021-06-18,14,3431.48,5.0,45638.68,Online
TXN_00034168,CUST_024171,PROD_01682,LOC_0028,2024-05-30,8,2933.21,20.0,18772.54,Partner
TXN_00175418,CUST_029973,PROD_04429,LOC_0155,2026-01-09,10,4322.36,15.0,36740.06,Direct Sales
TXN_00363809,CUST_018956,PROD_01772,LOC_0223,2021-04-15,9,4906.88,0.0,44161.92,Partner
TXN_00385731,CUST_042066,PROD_04050,LOC_0037,2024-08-16,8,3088.92,5.0,23475.79,Direct Sales
TXN_00035636,CUST_029962,PROD_01270,LOC_0025,2025-11-06,16,3246.08,5.0,49340.42,Online
TXN_00466289,CUST_001106,PROD_02957,LOC_0220,2026-05-25,14,9280.95,15.0,110443.3,Partner
TXN_00471634,CUST_002672,PROD_01513,LOC_0135,2025-10-12,17,213.52,0.0,3629.84,Partner
TXN_00372100,CUST_042272,PROD_00767,LOC_0078,2023-06-21,5,160.27,20.0,641.08,Online
TXN_00124011,CUST_031914,PROD_02313,LOC_0244,2024-05-15,12,786.26,5.0,8963.36,Retail
TXN_00369322,CUST_009300,PROD_00854,LOC_0240,2021-05-31,17,1111.88,5.0,17956.86,Online
TXN_00309703,CUST_021986,PROD_00979,LOC_0035,2024-06-30,7,7975.97,15.0,47457.02,Retail
TXN_00390532,CUST_000240,PROD_02649,LOC_0062,2025-05-05,8,9748.75,10.0,70191.0,Retail
TXN_00371046,CUST_006280,PROD_02241,LOC_0136,2022-04-20,18,9260.31,10.0,150017.02,Partner
TXN_00413434,CUST_026076,PROD_01365,LOC_0214,2025-10-27,9,1552.7,0.0,13974.3,Online
TXN_00009262,CUST_043618,PROD_04886,LOC_0024,2024-07-16,11,2373.57,15.0,22192.88,Retail
TXN_00071207,CUST_042099,PROD_02859,LOC_0033,2025-10-14,17,8033.08,5.0,129734.24,Direct Sales
TXN_00466162,CUST_025222,PROD_04743,LOC_0148,2026-01-14,14,7923.84,15.0,94293.7,Retail
TXN_00461510,CUST_028008,PROD_01736,LOC_0191,2021-06-29,12,847.24,20.0,8133.5,Online
TXN_00264009,CUST_039516,PROD_03079,LOC_0133,2026-02-13,15,2135.31,5.0,30428.17,Direct Sales
TXN_00369716,CUST_034840,PROD_04772,LOC_0241,2023-07-02,6,4579.11,15.0,23353.46,Online
TXN_00220167,CUST_037222,PROD_01184,LOC_0157,2024-11-18,3,7107.26,0.0,21321.78,Retail
TXN_00478394,CUST_011493,PROD_00590,LOC_0111,2021-03-03,15,3455.88,0.0,51838.2,Partner
TXN_00280993,CUST_048487,PROD_03014,LOC_0097,2025-11-18,15,841.54,20.0,10098.48,Online
TXN_00041632,CUST_034847,PROD_02695,LOC_0097,2021-12-08,18,5217.87,0.0,93921.66,Online
TXN_00067650,CUST_010948,PROD_01963,LOC_0143,2022-07-14,19,9938.3,15.0,160503.54,Retail
TXN_00205609,CUST_046043,PROD_00068,LOC_0027,2021-04-30,11,6372.22,15.0,59580.26,Retail
TXN_00071619,CUST_047147,PROD_01010,LOC_0127,2024-05-26,19,3958.39,0.0,75209.41,Direct Sales
TXN_00448064,CUST_047566,PROD_01243,LOC_0242,2024-01-13,4,2382.72,0.0,9530.88,Online
TXN_00486143,CUST_009486,PROD_01629,LOC_0054,2021-02-04,14,1435.52,5.0,19092.42,Partner
TXN_00451234,CUST_018806,PROD_00278,LOC_0209,2025-10-19,14,2603.97,15.0,30987.24,Online
TXN_00461040,CUST_013464,PROD_02332,LOC_0102,2022-09-04,17,4522.73,5.0,73042.09,Direct Sales
TXN_00187192,CUST_047404,PROD_01055,LOC_0215,2025-06-09,7,251.66,20.0,1409.3,Partner
TXN_00108247,CUST_009455,PROD_04196,LOC_0207,2023-09-28,5,8370.07,5.0,39757.83,Retail
TXN_00215845,CUST_025834,PROD_01589,LOC_0220,2026-01-03,12,7041.99,10.0,76053.49,Partner
TXN_00465223,CUST_001531,PROD_01907,LOC_0077,2023-10-25,7,2722.96,0.0,19060.72,Direct Sales
TXN_00167333,CUST_030918,PROD_04686,LOC_0103,2026-06-08,12,904.8,0.0,10857.6,Online
TXN_00158947,CUST_006105,PROD_00376,LOC_0075,2024-04-05,18,6921.49,20.0,99669.46,Direct Sales
TXN_00210896,CUST_006285,PROD_01077,LOC_0203,2026-01-12,16,9698.24,15.0,131896.06,Retail
TXN_00368222,CUST_027181,PROD_01994,LOC_0064,2023-04-08,15,9444.16,20.0,113329.92,Partner
TXN_00087357,,PROD_03298,LOC_0046,2024-01-18,6,6411.57,20.0,30775.54,Online
TXN_00292630,CUST_030873,PROD_02428,LOC_0204,2025-12-08,18,4737.32,0.0,85271.76,Online
TXN_00152375,CUST_020241,PROD_03434,LOC_0029,2023-11-15,2,2821.42,15.0,4796.41,Retail
TXN_00052394,CUST_008324,PROD_02126,LOC_0179,2022-06-02,11,4201.63,20.0,36974.34,Partner
TXN_00104512,CUST_026943,PROD_00930,LOC_0001,2024-10-07,19,5557.98,0.0,105601.62,Partner
TXN_00265515,CUST_014688,PROD_00088,LOC_0007,2024-09-09,11,798.58,5.0,8345.16,Online
TXN_00493649,CUST_017741,PROD_04193,LOC_0098,2025-10-19,13,1785.32,15.0,19727.79,Retail
TXN_00141552,CUST_024033,PROD_02187,LOC_0089,2024-04-17,3,1695.3,5.0,4831.6,Partner
TXN_00393716,CUST_018613,PROD_02022,LOC_0246,2024-09-05,9,9103.0,0.0,81927.0,Direct Sales
TXN_00214287,CUST_024538,PROD_01228,LOC_0240,2026-02-01,5,8157.51,5.0,38748.17,Retail
TXN_00311708,CUST_014969,PROD_00254,LOC_0160,2025-09-22,3,1477.01,5.0,4209.48,Retail
TXN_00163830,CUST_005159,PROD_03205,LOC_0085,2025-05-22,16,9573.54,10.0,137858.98,Direct Sales
TXN_00388789,CUST_038857,PROD_00499,LOC_0211,2024-01-04,9,5630.94,15.0,43076.69,Direct Sales
TXN_00107403,CUST_029168,PROD_03328,LOC_0218,2023-09-08,10,3720.11,0.0,37201.1,Partner
TXN_00006863,CUST_006386,PROD_01635,LOC_0022,2024-09-04,4,5872.47,15.0,19966.4,Online
TXN_00051230,CUST_008581,PROD_04790,LOC_0225,2023-02-27,1,3060.79,20.0,2448.63,Direct Sales
TXN_00399194,CUST_034299,PROD_00787,LOC_0050,2025-08-02,14,8224.41,0.0,115141.74,Partner
TXN_00012955,CUST_042674,PROD_02162,LOC_0016,2025-11-07,4,2919.52,0.0,11678.08,Retail
TXN_00235430,CUST_030859,PROD_01619,LOC_0202,2022-05-25,10,5597.17,5.0,53173.12,Retail
TXN_00489718,CUST_025959,PROD_04094,LOC_0184,2023-03-20,1,1548.62,15.0,1316.33,Retail
TXN_00390173,CUST_017314,PROD_01273,LOC_0095,2024-10-18,16,6403.82,5.0,97338.06,Partner
TXN_00006443,CUST_005941,PROD_00050,LOC_0157,2024-12-10,5,2533.51,5.0,12034.17,Direct Sales
TXN_00080746,CUST_031391,PROD_03240,LOC_0015,2021-04-11,6,7130.51,0.0,42783.06,Partner
TXN_00040631,CUST_024236,PROD_03111,LOC_0029,2021-08-28,3,8897.38,0.0,26692.14,Online
TXN_00316223,CUST_022361,PROD_03729,LOC_0053,2024-08-04,12,3589.48,20.0,34459.01,Partner
TXN_00335386,CUST_049594,PROD_04468,LOC_0092,2025-02-25,1,9259.0,5.0,8796.05,Direct Sales
TXN_00433713,CUST_041282,PROD_02081,LOC_0102,2023-02-09,18,8414.92,15.0,128748.28,Direct Sales
TXN_00184320,CUST_037301,PROD_03082,LOC_0025,2025-01-28,13,2759.06,15.0,30487.61,Retail
TXN_00004892,CUST_012313,PROD_00349,LOC_0125,2024-10-28,18,4435.89,20.0,63876.82,Partner
TXN_00250944,CUST_006467,PROD_03169,LOC_0141,2022-11-26,1,3481.61,0.0,3481.61,Retail
TXN_00141975,CUST_044217,PROD_02920,LOC_0034,2022-12-29,18,5069.89,15.0,77569.32,Direct Sales
TXN_00028576,CUST_047228,PROD_01360,LOC_0070,2024-07-16,11,5976.39,20.0,52592.23,Partner
TXN_00382753,CUST_042489,PROD_00848,LOC_0067,2025-10-18,14,2864.03,0.0,40096.42,Direct Sales
TXN_00473597,CUST_000372,PROD_03250,LOC_0177,2025-06-06,7,9970.87,20.0,55836.87,Retail
TXN_00109113,CUST_022080,PROD_04276,LOC_0179,2021-06-22,4,146.98,0.0,587.92,Online
TXN_00472472,CUST_021082,PROD_01520,LOC_0055,2021-06-11,4,4650.25,0.0,18601.0,Retail
TXN_00394657,CUST_019974,PROD_02004,LOC_0096,2024-08-05,4,7933.2,5.0,30146.16,Online
TXN_00127568,CUST_046302,PROD_00084,LOC_0069,2026-02-23,6,9784.22,15.0,49899.52,Online
TXN_00085649,CUST_017333,PROD_02370,LOC_0229,2023-11-25,7,5511.2,15.0,32791.64,Retail
TXN_00405645,CUST_027101,PROD_02623,LOC_0144,2022-08-29,19,8012.36,0.0,152234.84,Direct Sales
TXN_00323640,CUST_043999,PROD_03360,LOC_0056,2026-02-16,8,2409.68,5.0,18313.57,Retail
TXN_00233326,CUST_018575,PROD_00739,LOC_0192,2022-10-18,17,1587.11,0.0,26980.87,Partner
TXN_00221328,CUST_039741,PROD_01823,LOC_0043,2021-02-01,8,9019.46,5.0,68547.9,Direct Sales
TXN_00112248,CUST_038058,PROD_02288,LOC_0009,2021-03-31,5,4521.57,5.0,21477.46,Partner
TXN_00138126,CUST_014011,PROD_00858,LOC_0196,2025-08-23,16,9977.98,20.0,127718.14,Partner
TXN_00134468,CUST_036060,PROD_00838,LOC_0041,2022-01-24,5,1029.28,10.0,4631.76,Partner
TXN_00210163,CUST_029365,PROD_01400,LOC_0205,2026-03-05,7,7387.32,20.0,41368.99,Retail
TXN_00220473,CUST_042479,PROD_03721,LOC_0135,2023-08-27,5,6215.7,0.0,31078.5,Online
TXN_00271647,CUST_001867,PROD_03059,LOC_0053,2022-01-08,16,4656.17,15.0,63323.91,Retail
TXN_00261874,CUST_007265,PROD_04001,LOC_0204,2024-03-22,18,475.78,0.0,8564.04,Retail
TXN_00314914,CUST_037704,PROD_04834,LOC_0230,2023-04-27,7,4640.56,20.0,25987.14,Partner
TXN_00346640,CUST_033207,PROD_04888,LOC_0241,2024-04-20,9,3705.89,0.0,33353.01,Direct Sales
TXN_00155673,CUST_039076,PROD_00837,LOC_0140,2024-02-05,7,1572.78,10.0,9908.51,Retail
TXN_00343411,CUST_047214,PROD_02084,LOC_0121,2021-12-20,15,1958.31,15.0,24968.45,Online
TXN_00157683,CUST_011741,PROD_00115,LOC_0191,2026-04-28,17,7239.93,10.0,110770.93,Partner
TXN_00341666,,PROD_01087,LOC_0033,2025-10-19,1,2319.42,20.0,1855.54,Retail
TXN_00027355,CUST_032836,PROD_04344,LOC_0052,2023-04-21,2,8575.65,5.0,16293.73,Partner
TXN_00078380,CUST_001243,PROD_00313,LOC_0200,2024-04-20,7,6158.23,20.0,34486.09,Partner
TXN_00482178,CUST_003578,PROD_02606,LOC_0104,2021-04-16,8,4789.52,15.0,32568.74,Online
TXN_00269414,CUST_019131,PROD_02452,LOC_0029,2023-08-28,5,951.35,10.0,4281.08,Retail
TXN_00252160,CUST_017253,PROD_01083,LOC_0246,2022-05-10,9,8440.02,10.0,68364.16,Direct Sales
TXN_00310341,CUST_013895,PROD_01650,LOC_0187,2025-08-15,8,4045.41,5.0,30745.12,Online
TXN_00414247,CUST_049651,PROD_03265,LOC_0237,2023-09-08,1,1006.47,15.0,855.5,Retail
TXN_00123609,CUST_009587,PROD_00814,LOC_0147,2025-10-23,2,6694.4,0.0,13388.8,Direct Sales
TXN_00148756,CUST_003906,PROD_04908,LOC_0132,2022-11-24,18,9500.45,10.0,153907.29,Retail
TXN_00475134,CUST_049511,PROD_04464,LOC_0249,2023-11-25,10,6871.39,10.0,61842.51,Retail
TXN_00328951,CUST_001981,PROD_04820,LOC_0044,2024-06-05,11,6312.89,0.0,69441.79,Online
TXN_00258209,CUST_007111,PROD_00028,LOC_0198,2025-03-15,14,8221.66,20.0,92082.59,Retail
TXN_00237217,CUST_028070,PROD_01974,LOC_0190,2021-07-10,11,4055.96,10.0,40154.0,Partner
TXN_00177935,CUST_011737,PROD_03388,LOC_0004,2024-12-23,17,7869.49,5.0,127092.26,Partner
TXN_00036470,CUST_045156,PROD_02257,LOC_0007,2022-03-12,15,3373.48,15.0,43011.87,Direct Sales
TXN_00166851,CUST_046476,PROD_01395,LOC_0148,2022-11-12,9,3820.29,10.0,30944.35,Online
TXN_00429749,CUST_025436,PROD_01982,LOC_0152,2024-06-14,16,3878.11,15.0,52742.3,Direct Sales
TXN_00304094,CUST_002138,PROD_00471,LOC_0155,2026-06-13,13,8181.73,5.0,101044.37,Direct Sales
TXN_00288611,CUST_009552,PROD_03979,LOC_0248,2021-09-01,19,8667.2,10.0,148209.12,Online
TXN_00070309,CUST_021426,PROD_02777,LOC_0222,2025-06-16,12,1548.87,15.0,15798.47,Direct Sales
TXN_00317179,,PROD_03953,LOC_0225,2024-01-25,13,6649.08,10.0,77794.24,Online
TXN_00091523,,PROD_01797,LOC_0189,2025-10-05,16,3801.82,5.0,57787.66,Retail
TXN_00473779,CUST_016182,PROD_03230,LOC_0158,2021-12-21,7,8582.83,20.0,48063.85,Online
TXN_00271432,CUST_002952,PROD_04379,LOC_0062,2023-02-01,4,4649.58,20.0,14878.66,Direct Sales
TXN_00136766,CUST_043587,PROD_00522,LOC_0153,2022-09-20,4,4023.09,0.0,16092.36,Online
TXN_00183511,CUST_028310,PROD_03012,LOC_0107,2022-09-13,6,3119.2,10.0,16843.68,Retail
TXN_00019722,CUST_038051,PROD_04037,LOC_0231,2025-08-23,4,5870.11,0.0,23480.44,Partner
TXN_00047715,CUST_038629,PROD_03309,LOC_0152,2022-06-09,2,5122.83,5.0,9733.38,Partner
TXN_00314577,CUST_022758,PROD_03561,LOC_0108,2021-11-13,9,9060.12,15.0,69309.92,Direct Sales
TXN_00233720,CUST_031087,PROD_01350,LOC_0197,2026-03-17,7,4563.84,0.0,31946.88,Direct Sales
TXN_00152702,CUST_023348,PROD_02982,LOC_0188,2023-08-05,1,4828.21,5.0,4586.8,Direct Sales
TXN_00114895,CUST_028500,PROD_02000,LOC_0202,2023-12-17,18,115.43,20.0,1662.19,Online
TXN_00264820,CUST_010421,PROD_03566,LOC_0044,2022-10-15,18,5348.64,20.0,77020.42,Direct Sales
TXN_00439618,CUST_028327,PROD_02923,LOC_0043,2023-07-13,9,2125.85,15.0,16262.75,Online
TXN_00004619,CUST_043735,PROD_03079,LOC_0184,2026-01-16,4,3692.35,10.0,13292.46,Retail
TXN_00440581,CUST_033786,PROD_04168,LOC_0153,2024-01-12,11,9112.09,15.0,85198.04,Online
TXN_00004285,CUST_044238,PROD_01342,LOC_0073,2021-05-24,6,8044.77,10.0,43441.76,Partner
TXN_00434883,CUST_020274,PROD_00474,LOC_0111,2022-01-24,7,6297.02,10.0,39671.23,Retail
TXN_00041281,CUST_019375,PROD_01998,LOC_0216,2021-09-19,7,4846.02,0.0,33922.14,Partner
TXN_00109880,CUST_043105,PROD_02450,LOC_0210,2024-02-27,12,2867.59,15.0,29249.42,Retail
TXN_00455585,CUST_024331,PROD_03928,LOC_0084,2022-12-14,9,3528.98,5.0,30172.78,Direct Sales
TXN_00377661,CUST_037336,PROD_04380,LOC_0091,2022-11-16,10,4828.87,10.0,43459.83,Online
TXN_00281518,CUST_028918,PROD_03377,LOC_0120,2025-12-09,12,2639.79,15.0,26925.86,Retail
TXN_00181582,CUST_031643,PROD_00375,LOC_0011,2025-08-06,7,3114.64,0.0,21802.48,Direct Sales
TXN_00449141,CUST_012004,PROD_04623,LOC_0005,2022-03-14,3,3711.1,15.0,9463.3,Partner
TXN_00284418,CUST_026468,PROD_02135,LOC_0160,2025-11-30,10,1654.22,10.0,14887.98,Partner
TXN_00019777,CUST_008039,PROD_01182,LOC_0020,2023-10-02,5,9368.4,5.0,44499.9,Retail
TXN_00092884,CUST_013427,PROD_04430,LOC_0233,2023-01-12,5,5902.4,15.0,25085.2,Partner
TXN_00493382,CUST_008322,PROD_02018,LOC_0104,2025-10-23,11,142.74,0.0,1570.14,Retail
TXN_00443345,,PROD_00106,LOC_0187,2025-10-11,13,3995.37,0.0,51939.81,Retail
TXN_00479023,CUST_037791,PROD_04568,LOC_0125,2025-09-05,14,1983.96,20.0,22220.35,Partner
TXN_00020256,CUST_007195,PROD_01784,LOC_0219,2023-06-19,12,3277.72,5.0,37366.01,Partner
TXN_00240859,CUST_022095,PROD_03526,LOC_0039,2022-03-04,3,8470.64,10.0,22870.73,Partner
TXN_00314386,CUST_010416,PROD_04616,LOC_0090,2021-03-20,17,2393.53,0.0,40690.01,Direct Sales
TXN_00197147,CUST_021264,PROD_02009,LOC_0242,2026-04-23,4,2295.02,20.0,7344.06,Partner
TXN_00265634,CUST_018617,PROD_03228,LOC_0175,2025-06-22,1,5890.06,10.0,5301.05,Retail
TXN_00076835,CUST_029602,PROD_00876,LOC_0229,2024-06-29,6,5747.29,5.0,32759.55,Retail
TXN_00355951,CUST_021992,PROD_00338,LOC_0136,2022-11-04,11,8551.33,20.0,75251.7,Online
TXN_00200330,CUST_037868,PROD_00768,LOC_0211,2021-12-22,19,6978.72,15.0,112706.33,Retail
TXN_00305886,CUST_045718,PROD_01584,LOC_0182,2026-02-22,5,4856.3,5.0,23067.42,Direct Sales
TXN_00417067,CUST_019498,PROD_04919,LOC_0112,2021-07-02,16,5160.81,10.0,74315.66,Retail
TXN_00318339,CUST_002262,PROD_04761,LOC_0173,2025-02-12,11,8100.31,0.0,89103.41,Online
TXN_00486089,CUST_004260,PROD_04217,LOC_0147,2021-09-01,1,7309.08,0.0,7309.08,Partner
TXN_00295238,CUST_045986,PROD_03044,LOC_0084,2025-04-09,3,1398.29,0.0,4194.87,Direct Sales
TXN_00484747,CUST_004929,PROD_03072,LOC_0193,2023-01-30,18,3448.18,15.0,52757.15,Online
TXN_00317654,CUST_015609,PROD_01027,LOC_0173,2025-11-22,13,5641.03,0.0,73333.39,Online
TXN_00234064,CUST_024031,PROD_02613,LOC_0121,2025-11-03,6,7965.13,10.0,43011.7,Retail
TXN_00489547,CUST_036432,PROD_04185,LOC_0115,2025-10-13,15,6160.86,5.0,87792.25,Online
TXN_00398035,CUST_047371,PROD_02822,LOC_0237,2022-09-18,15,2302.38,0.0,34535.7,Online
TXN_00401818,CUST_008130,PROD_02791,LOC_0012,2026-04-27,10,2345.84,5.0,22285.48,Direct Sales
TXN_00208774,,PROD_01719,LOC_0067,2025-11-27,18,4484.57,20.0,64577.81,Retail
TXN_00207535,CUST_029369,PROD_00269,LOC_0174,2023-11-15,15,9029.9,15.0,115131.22,Retail
TXN_00366354,CUST_008655,PROD_02036,LOC_0022,2021-05-05,13,3421.25,5.0,42252.44,Online
TXN_00116088,CUST_030983,PROD_00564,LOC_0182,2025-03-10,6,9645.16,0.0,57870.96,Retail
TXN_00119599,CUST_026143,PROD_01661,LOC_0193,2024-01-07,5,6779.05,20.0,27116.2,Partner
TXN_00471542,CUST_009076,PROD_02304,LOC_0125,2022-11-17,10,960.98,5.0,9129.31,Partner
TXN_00055683,CUST_041372,PROD_03237,LOC_0221,2026-03-21,16,663.84,20.0,8497.15,Online
TXN_00376916,CUST_041234,PROD_03932,LOC_0161,2022-09-13,5,8262.86,10.0,37182.87,Online
TXN_00181714,CUST_020879,PROD_02198,LOC_0212,2025-12-18,17,3239.24,5.0,52313.73,Retail
TXN_00032808,CUST_014383,PROD_03672,LOC_0237,2021-04-24,13,154.09,0.0,2003.17,Retail
TXN_00309497,CUST_025932,PROD_03468,LOC_0005,2026-05-30,18,6360.24,20.0,91587.46,Direct Sales
TXN_00060519,CUST_003088,PROD_01912,LOC_0034,2022-03-12,13,5135.4,10.0,60084.18,Online
TXN_00409638,CUST_010293,PROD_01832,LOC_0129,2022-10-03,19,8882.65,0.0,168770.35,Retail
TXN_00216189,CUST_024661,PROD_01506,LOC_0048,2023-12-11,19,1761.81,5.0,31800.67,Direct Sales
TXN_00248547,CUST_032677,PROD_03681,LOC_0152,2023-03-22,7,6157.25,0.0,43100.75,Partner
TXN_00296103,,PROD_02018,LOC_0134,2021-05-23,1,1143.72,20.0,914.98,Online
TXN_00467912,CUST_010101,PROD_01399,LOC_0061,2022-06-27,16,1255.99,15.0,17081.46,Partner
TXN_00088146,CUST_046391,PROD_00459,LOC_0228,2025-02-03,19,6421.64,20.0,97608.93,Partner
TXN_00379712,CUST_008187,PROD_00683,LOC_0223,2024-06-26,8,481.21,0.0,3849.68,Direct Sales
TXN_00007047,CUST_021508,PROD_01731,LOC_0114,2022-09-01,13,7793.67,0.0,101317.71,Partner
TXN_00323419,CUST_022785,PROD_03031,LOC_0078,2021-03-30,8,1711.33,0.0,13690.64,Direct Sales
TXN_00401560,CUST_022405,PROD_00465,LOC_0135,2023-09-07,18,6623.97,10.0,107308.31,Retail
TXN_00245334,CUST_019361,PROD_02013,LOC_0209,2023-01-03,12,9164.57,20.0,87979.87,Direct Sales
TXN_00430336,CUST_025788,PROD_02341,LOC_0243,2026-05-26,19,7415.56,10.0,126806.08,Direct Sales
TXN_00120500,CUST_023297,PROD_01991,LOC_0150,2022-07-24,13,3777.6,20.0,39287.04,Online
TXN_00243224,CUST_031331,PROD_03408,LOC_0177,2023-03-22,8,6569.28,20.0,42043.39,Partner
TXN_00067978,CUST_012199,PROD_03700,LOC_0151,2025-06-30,19,9296.5,0.0,176633.5,Online
TXN_00317677,CUST_036929,PROD_01480,LOC_0035,2022-01-23,4,9868.11,5.0,37498.82,Direct Sales
TXN_00398054,CUST_046825,PROD_03448,LOC_0059,2025-03-27,5,5584.17,15.0,23732.72,Partner
TXN_00057190,CUST_031547,PROD_00226,LOC_0039,2024-08-24,13,4077.61,20.0,42407.14,Direct Sales
TXN_00158917,CUST_014315,PROD_04737,LOC_0143,2023-08-28,7,2377.79,15.0,14147.85,Direct Sales
TXN_00461815,CUST_026405,PROD_04263,LOC_0241,2025-10-11,19,6087.26,20.0,92526.35,Retail
TXN_00237759,CUST_032761,PROD_01468,LOC_0217,2026-04-28,11,3374.94,10.0,33411.91,Online
TXN_00102795,CUST_048604,PROD_02714,LOC_0070,2023-08-14,12,5042.25,15.0,51430.95,Online
TXN_00263528,CUST_009946,PROD_02471,LOC_0074,2022-04-21,5,1888.52,10.0,8498.34,Direct Sales
TXN_00334304,CUST_029479,PROD_03966,LOC_0033,2022-08-04,12,1499.8,20.0,14398.08,Partner
TXN_00361550,CUST_016111,PROD_01117,LOC_0196,2025-06-29,5,5751.58,10.0,25882.11,Retail
TXN_00111094,CUST_018753,PROD_03110,LOC_0091,2025-07-18,1,1966.29,0.0,1966.29,Direct Sales
TXN_00113112,CUST_007287,PROD_02313,LOC_0167,2022-12-13,16,6246.91,5.0,94953.03,Retail
TXN_00365738,CUST_000565,PROD_00303,LOC_0244,2026-01-30,6,5253.97,20.0,25219.06,Direct Sales
TXN_00466176,CUST_019806,PROD_02769,LOC_0087,2022-05-07,19,8699.01,5.0,157017.13,Partner
TXN_00409953,CUST_027538,PROD_00115,LOC_0096,2021-08-02,19,6623.73,10.0,113265.78,Retail
TXN_00323706,CUST_027677,PROD_01088,LOC_0032,2024-07-11,3,1394.69,10.0,3765.66,Retail
TXN_00371557,CUST_048985,PROD_02810,LOC_0041,2025-09-04,10,325.24,20.0,2601.92,Retail
TXN_00034556,CUST_040976,PROD_00196,LOC_0102,2024-05-20,8,7488.61,20.0,47927.1,Direct Sales
TXN_00348969,CUST_038797,PROD_02750,LOC_0142,2021-05-17,10,424.64,5.0,4034.08,Partner
TXN_00330347,CUST_008665,PROD_01180,LOC_0046,2023-08-18,17,111.8,10.0,1710.54,Online
TXN_00315945,CUST_021497,PROD_02674,LOC_0041,2023-01-04,3,1024.99,10.0,2767.47,Retail
TXN_00407648,CUST_026228,PROD_04831,LOC_0151,2024-08-31,17,6098.18,10.0,93302.15,Retail
TXN_00432909,CUST_016499,PROD_00558,LOC_0227,2021-06-03,19,7600.35,5.0,137186.32,Partner
TXN_00048453,CUST_011556,PROD_00431,LOC_0130,2021-08-17,13,6880.97,0.0,89452.61,Retail
TXN_00329796,,PROD_00208,LOC_0177,2025-08-30,3,473.53,0.0,1420.59,Retail
TXN_00260763,CUST_004829,PROD_01840,LOC_0160,2023-02-19,16,2684.42,15.0,36508.11,Retail
TXN_00239967,CUST_029965,PROD_00581,LOC_0246,2024-11-14,1,3428.03,20.0,2742.42,Partner
TXN_00196390,CUST_029450,PROD_00162,LOC_0200,2021-03-08,19,7715.96,5.0,139273.08,Direct Sales
TXN_00183628,CUST_023299,PROD_04837,LOC_0080,2021-05-08,14,870.49,5.0,11577.52,Partner
TXN_00348264,CUST_043489,PROD_01283,LOC_0220,2021-05-10,9,5628.75,10.0,45592.88,Online
TXN_00393733,CUST_025523,PROD_00676,LOC_0187,2024-02-19,6,6391.24,20.0,30677.95,Partner
TXN_00061479,CUST_020916,PROD_04665,LOC_0125,2023-09-22,13,7177.14,0.0,93302.82,Retail
TXN_00297258,CUST_019326,PROD_01478,LOC_0192,2023-03-17,19,3678.87,5.0,66403.6,Retail
TXN_00360699,CUST_028675,PROD_02404,LOC_0059,2021-07-31,12,3494.15,5.0,39833.31,Online
TXN_00244905,,PROD_00437,LOC_0019,2023-03-22,18,3964.2,10.0,64220.04,Online
TXN_00012479,CUST_010272,PROD_04034,LOC_0236,2025-02-09,11,6419.18,20.0,56488.78,Online
TXN_00122816,CUST_038086,PROD_02257,LOC_0025,2025-10-10,9,2139.43,15.0,16366.64,Direct Sales
TXN_00116680,CUST_045190,PROD_00730,LOC_0211,2022-03-03,5,6572.28,0.0,32861.4,Partner
TXN_00446109,CUST_013940,PROD_04409,LOC_0228,2025-07-04,15,5233.83,0.0,78507.45,Direct Sales
TXN_00070382,,PROD_00232,LOC_0029,2021-07-18,17,5893.31,10.0,90167.64,Partner
TXN_00009531,CUST_025928,PROD_00436,LOC_0229,2024-03-30,17,4894.5,0.0,83206.5,Partner
TXN_00443347,CUST_030012,PROD_03586,LOC_0044,2023-08-26,1,5132.1,5.0,4875.5,Direct Sales
TXN_00227162,CUST_044418,PROD_01457,LOC_0204,2022-12-14,14,3919.89,0.0,54878.46,Direct Sales
TXN_00373073,CUST_042560,PROD_02178,LOC_0006,2024-05-28,19,6227.47,15.0,100573.64,Online
TXN_00080680,CUST_010313,PROD_02788,LOC_0152,2022-02-04,12,859.51,5.0,9798.41,Online
TXN_00412600,CUST_042071,PROD_01367,LOC_0114,2024-02-08,4,627.0,15.0,2131.8,Direct Sales
TXN_00101681,CUST_040078,PROD_01444,LOC_0011,2024-04-22,13,5637.77,15.0,62297.36,Partner
TXN_00058782,CUST_024518,PROD_02075,LOC_0135,2025-02-26,17,5631.8,15.0,81379.51,Partner
TXN_00300766,CUST_047183,PROD_03101,LOC_0009,2021-03-13,11,7256.3,15.0,67846.4,Online
TXN_00234156,CUST_044126,PROD_04710,LOC_0189,2025-03-09,18,5069.78,0.0,91256.04,Direct Sales
TXN_00213146,CUST_048786,PROD_00842,LOC_0216,2023-05-12,17,4429.11,5.0,71530.13,Direct Sales
TXN_00090951,CUST_004988,PROD_02438,LOC_0221,2023-06-05,16,9931.86,10.0,143018.78,Retail
TXN_00164682,CUST_018381,PROD_04809,LOC_0054,2021-09-19,15,9552.4,0.0,143286.0,Online
TXN_00240894,CUST_047750,PROD_04990,LOC_0095,2025-05-29,5,5342.6,20.0,21370.4,Partner
TXN_00293642,CUST_039049,PROD_02030,LOC_0137,2025-07-03,17,8418.59,15.0,121648.63,Partner
TXN_00316908,CUST_010792,PROD_01942,LOC_0235,2023-01-31,9,2150.34,5.0,18385.41,Direct Sales
TXN_00086359,CUST_020148,PROD_01870,LOC_0155,2021-12-01,17,7466.94,10.0,114244.18,Partner
TXN_00420573,CUST_018158,PROD_00313,LOC_0138,2025-09-14,7,6799.64,5.0,45217.61,Direct Sales
TXN_00046795,CUST_043654,PROD_01170,LOC_0209,2023-11-18,13,1824.28,10.0,21344.08,Partner
TXN_00141067,CUST_004502,PROD_03691,LOC_0085,2021-07-04,16,2735.29,20.0,35011.71,Direct Sales
TXN_00211690,CUST_041719,PROD_04893,LOC_0240,2024-02-01,19,1036.48,5.0,18708.46,Direct Sales
TXN_00190243,CUST_021112,PROD_01825,LOC_0068,2023-09-30,8,8593.94,5.0,65313.94,Online
TXN_00283204,CUST_038868,PROD_02231,LOC_0184,2023-05-18,5,9459.01,0.0,47295.05,Retail
TXN_00061145,CUST_046492,PROD_03205,LOC_0047,2021-07-08,11,1645.67,20.0,14481.9,Online
TXN_00271592,CUST_011902,PROD_03521,LOC_0230,2021-10-23,10,5115.51,5.0,48597.34,Direct Sales
TXN_00189355,CUST_009166,PROD_00788,LOC_0173,2026-02-23,7,424.36,0.0,2970.52,Direct Sales
TXN_00478169,CUST_034310,PROD_01750,LOC_0120,2025-07-21,3,3580.88,20.0,8594.11,Partner
TXN_00312509,CUST_033355,PROD_00821,LOC_0162,2021-12-26,4,4948.38,15.0,16824.49,Online
TXN_00065349,CUST_004558,PROD_02292,LOC_0024,2025-02-20,9,9433.34,5.0,80655.06,Online
TXN_00102288,CUST_036614,PROD_04225,LOC_0034,2026-04-26,9,6986.81,5.0,59737.23,Direct Sales
TXN_00111181,,PROD_01298,LOC_0062,2023-06-01,13,2383.21,0.0,30981.73,Retail
TXN_00139565,CUST_038955,PROD_02743,LOC_0147,2024-03-07,5,2318.2,15.0,9852.35,Retail
TXN_00470687,CUST_032347,PROD_00392,LOC_0183,2021-10-12,19,7069.42,10.0,120887.08,Direct Sales
TXN_00331022,CUST_012056,PROD_03219,LOC_0054,2022-12-31,1,8857.41,20.0,7085.93,Partner
TXN_00293756,CUST_016997,PROD_02819,LOC_0207,2025-02-10,2,4165.67,0.0,8331.34,Direct Sales
TXN_00401327,CUST_036218,PROD_01635,LOC_0195,2021-04-27,18,4004.9,10.0,64879.38,Retail
TXN_00355271,CUST_021705,PROD_00130,LOC_0178,2025-05-22,5,9913.67,20.0,39654.68,Online
TXN_00278283,CUST_046552,PROD_03087,LOC_0021,2021-05-14,4,7305.09,10.0,26298.32,Retail
TXN_00256605,CUST_022526,PROD_03885,LOC_0027,2024-03-15,6,2651.14,15.0,13520.81,Partner
TXN_00158979,CUST_003690,PROD_03996,LOC_0190,2026-01-02,7,2148.58,5.0,14288.06,Direct Sales
TXN_00416564,CUST_047211,PROD_02401,LOC_0032,2025-09-28,14,3409.17,20.0,38182.7,Partner
TXN_00385572,CUST_032630,PROD_00303,LOC_0072,2023-02-12,17,7135.01,10.0,109165.65,Online
TXN_00421898,CUST_011625,PROD_02889,LOC_0090,2021-12-30,9,8177.67,0.0,73599.03,Online
TXN_00303178,CUST_036388,PROD_03577,LOC_0069,2022-10-04,6,9438.81,0.0,56632.86,Retail
TXN_00008620,CUST_003835,PROD_02430,LOC_0110,2025-04-12,10,4982.83,0.0,49828.3,Retail
TXN_00159878,CUST_034513,PROD_03983,LOC_0187,2026-04-06,14,9980.62,5.0,132742.25,Partner
TXN_00130443,CUST_044494,PROD_04312,LOC_0150,2023-05-13,2,9655.17,10.0,17379.31,Partner
TXN_00124285,CUST_019890,PROD_03481,LOC_0041,2021-06-30,4,9386.5,5.0,35668.7,Direct Sales
TXN_00436552,CUST_048939,PROD_01728,LOC_0141,2025-04-06,10,1610.57,20.0,12884.56,Retail
TXN_00239267,,PROD_03988,LOC_0221,2023-12-30,7,846.96,10.0,5335.85,Direct Sales
TXN_00324121,CUST_032748,PROD_02714,LOC_0180,2024-09-03,12,8786.14,15.0,89618.63,Partner
TXN_00339576,CUST_032562,PROD_00856,LOC_0085,2024-11-08,3,4450.46,0.0,13351.38,Retail
TXN_00310143,CUST_003778,PROD_03331,LOC_0244,2025-03-15,5,7861.71,10.0,35377.7,Online
TXN_00394630,CUST_025122,PROD_04005,LOC_0087,2024-10-12,2,4870.46,10.0,8766.83,Online
TXN_00163862,CUST_044857,PROD_00610,LOC_0174,2023-12-04,12,4652.07,15.0,47451.11,Retail
TXN_00208586,CUST_013546,PROD_00671,LOC_0164,2025-04-16,17,8751.58,15.0,126460.33,Partner
TXN_00307435,CUST_008547,PROD_01450,LOC_0115,2024-03-09,8,4848.45,5.0,36848.22,Retail
TXN_00062942,CUST_012543,PROD_00202,LOC_0067,2025-11-28,4,3406.79,15.0,11583.09,Partner
TXN_00351341,CUST_023417,PROD_03734,LOC_0080,2024-11-12,13,1385.59,0.0,18012.67,Direct Sales
TXN_00282606,CUST_044955,PROD_02132,LOC_0104,2022-12-09,16,1937.14,0.0,30994.24,Direct Sales
TXN_00481663,CUST_018161,PROD_00743,LOC_0138,2025-05-01,6,1017.08,5.0,5797.36,Online
TXN_00280734,CUST_041309,PROD_00031,LOC_0106,2021-01-27,2,4302.17,0.0,8604.34,Retail
TXN_00162875,CUST_003198,PROD_04373,LOC_0181,2026-05-17,16,386.86,10.0,5570.78,Direct Sales
TXN_00248976,CUST_040658,PROD_02574,LOC_0147,2025-06-17,14,4731.07,10.0,59611.48,Partner
TXN_00341995,CUST_023554,PROD_00923,LOC_0165,2025-08-29,16,1711.09,15.0,23270.82,Direct Sales
TXN_00310016,CUST_028386,PROD_02731,LOC_0131,2025-01-22,3,704.34,15.0,1796.07,Partner
TXN_00276220,CUST_036963,PROD_02924,LOC_0032,2024-06-04,8,8810.04,5.0,66956.3,Online
TXN_00244936,CUST_045503,PROD_00205,LOC_0026,2024-10-20,3,8020.04,20.0,19248.1,Retail
TXN_00326215,CUST_038993,PROD_01317,LOC_0018,2024-05-12,4,589.83,10.0,2123.39,Direct Sales
TXN_00224767,CUST_003434,PROD_04160,LOC_0055,2023-04-03,10,6911.82,10.0,62206.38,Retail
TXN_00051352,CUST_020926,PROD_04967,LOC_0116,2025-05-02,11,7487.58,5.0,78245.21,Direct Sales
TXN_00229548,CUST_016156,PROD_01496,LOC_0113,2022-05-16,7,9505.04,20.0,53228.22,Partner
TXN_00024461,CUST_020480,PROD_01368,LOC_0246,2023-12-09,16,2240.21,20.0,28674.69,Direct Sales
TXN_00316207,CUST_015761,PROD_04451,LOC_0046,2024-10-17,19,6967.34,10.0,119141.51,Online
TXN_00267431,CUST_048105,PROD_04312,LOC_0126,2022-09-09,11,7110.16,0.0,78211.76,Partner
TXN_00131882,,PROD_04363,LOC_0015,2024-08-05,12,8743.94,0.0,104927.28,Online
TXN_00496935,CUST_032206,PROD_00843,LOC_0141,2025-05-05,16,856.37,20.0,10961.54,Partner
TXN_00318034,CUST_006143,PROD_03838,LOC_0210,2022-12-14,5,7014.0,10.0,31563.0,Online
TXN_00024726,CUST_046894,PROD_00980,LOC_0003,2025-02-02,10,6867.52,0.0,68675.2,Direct Sales
TXN_00355455,CUST_021466,PROD_01162,LOC_0014,2024-04-26,18,276.98,15.0,4237.79,Retail
TXN_00050824,CUST_022920,PROD_03393,LOC_0123,2021-07-29,5,6477.79,15.0,27530.61,Partner
TXN_00385150,CUST_008173,PROD_00459,LOC_0070,2024-07-11,3,7728.88,20.0,18549.31,Retail
TXN_00218660,CUST_021537,PROD_04673,LOC_0181,2023-06-22,19,6627.19,5.0,119620.78,Partner
TXN_00106056,CUST_008253,PROD_02961,LOC_0049,2021-07-16,16,7390.37,15.0,100509.03,Online
TXN_00260903,CUST_018792,PROD_03238,LOC_0213,2024-04-30,18,7755.9,20.0,111684.96,Direct Sales
TXN_00201260,CUST_044005,PROD_00164,LOC_0037,2022-05-20,6,3786.65,15.0,19311.92,Retail
TXN_00402464,CUST_024052,PROD_03944,LOC_0110,2025-07-01,18,3993.34,20.0,57504.1,Online
TXN_00386922,CUST_032776,PROD_02299,LOC_0216,2022-10-14,1,8866.86,15.0,7536.83,Partner
TXN_00029850,CUST_005422,PROD_04013,LOC_0096,2022-03-04,2,5669.54,15.0,9638.22,Retail
TXN_00240664,CUST_014706,PROD_01791,LOC_0196,2024-01-03,3,9002.61,15.0,22956.66,Partner
TXN_00468036,CUST_018140,PROD_01777,LOC_0041,2025-05-04,18,1140.37,10.0,18473.99,Online
TXN_00027281,CUST_030568,PROD_03293,LOC_0182,2024-07-19,7,4041.15,10.0,25459.24,Partner
TXN_00251430,CUST_047757,PROD_00475,LOC_0174,2023-06-24,17,6013.53,15.0,86895.51,Retail
TXN_00014222,CUST_031321,PROD_00122,LOC_0109,2022-06-14,2,3741.69,10.0,6735.04,Retail
TXN_00200017,CUST_022908,PROD_02664,LOC_0224,2024-09-12,12,5586.26,20.0,53628.1,Direct Sales
TXN_00042903,CUST_033704,PROD_01300,LOC_0070,2023-02-04,5,6513.96,5.0,30941.31,Retail
TXN_00059578,,PROD_01838,LOC_0013,2022-07-30,16,8429.02,15.0,114634.67,Partner
TXN_00232479,CUST_003160,PROD_04961,LOC_0195,2024-02-15,3,3568.61,20.0,8564.66,Online
TXN_00156270,CUST_004925,PROD_00506,LOC_0190,2023-10-26,13,7937.42,20.0,82549.17,Online
TXN_00061793,CUST_022466,PROD_01406,LOC_0077,2022-04-11,7,3649.06,10.0,22989.08,Direct Sales
TXN_00242076,CUST_039409,PROD_00552,LOC_0162,2022-08-17,7,8144.4,20.0,45608.64,Online
TXN_00155505,CUST_003989,PROD_04334,LOC_0235,2022-08-02,2,499.95,20.0,799.92,Partner
TXN_00384554,CUST_044617,PROD_01598,LOC_0072,2025-03-15,8,6459.45,20.0,41340.48,Retail
TXN_00395579,CUST_036762,PROD_02354,LOC_0014,2023-02-04,7,9372.95,15.0,55769.05,Online
TXN_00392023,CUST_040845,PROD_00445,LOC_0114,2021-01-31,3,7611.92,5.0,21693.97,Retail
TXN_00178741,CUST_022963,PROD_01863,LOC_0238,2022-01-03,5,6752.75,10.0,30387.38,Direct Sales
TXN_00187500,CUST_036865,PROD_01031,LOC_0112,2022-01-29,6,7842.94,20.0,37646.11,Partner
TXN_00465590,CUST_023670,PROD_02908,LOC_0197,2024-10-22,14,4276.74,5.0,56880.64,Online
TXN_00033298,CUST_007236,PROD_02316,LOC_0104,2021-01-30,9,5215.92,0.0,46943.28,Online
TXN_00468217,CUST_032876,PROD_04424,LOC_0176,2023-07-23,11,4418.94,10.0,43747.51,Retail
TXN_00343075,CUST_034368,PROD_03172,LOC_0162,2026-02-18,10,3658.93,0.0,36589.3,Online
TXN_00271194,CUST_014256,PROD_04214,LOC_0152,2025-01-14,12,7821.96,20.0,75090.82,Partner
TXN_00331200,,PROD_04720,LOC_0060,2025-01-27,16,7442.19,10.0,107167.54,Partner
TXN_00430165,CUST_018047,PROD_00797,LOC_0073,2024-07-04,11,7017.64,20.0,61755.23,Direct Sales
TXN_00122696,CUST_007926,PROD_03148,LOC_0111,2023-08-06,18,8580.52,20.0,123559.49,Direct Sales
TXN_00359622,CUST_026328,PROD_01776,LOC_0163,2022-11-24,12,6315.47,20.0,60628.51,Retail
TXN_00483704,CUST_031781,PROD_01593,LOC_0197,2025-02-19,9,7970.04,10.0,64557.32,Direct Sales
TXN_00068640,CUST_009498,PROD_04886,LOC_0215,2022-08-08,8,1005.09,0.0,8040.72,Retail
TXN_00220480,CUST_019626,PROD_02706,LOC_0234,2023-06-28,6,241.45,5.0,1376.26,Direct Sales
TXN_00018851,CUST_040164,PROD_01255,LOC_0061,2026-03-12,18,1755.43,15.0,26858.08,Retail
TXN_00456815,CUST_019004,PROD_00628,LOC_0199,2021-04-26,11,9850.89,20.0,86687.83,Online
TXN_00010186,CUST_010860,PROD_04980,LOC_0204,2025-10-10,2,7996.83,5.0,15193.98,Partner
TXN_00055106,CUST_036817,PROD_04787,LOC_0004,2023-08-16,8,3821.67,20.0,24458.69,Retail
TXN_00354983,CUST_030955,PROD_03481,LOC_0239,2023-11-13,18,5898.74,0.0,106177.32,Partner
TXN_00382287,CUST_035832,PROD_00987,LOC_0005,2021-02-26,14,7550.97,10.0,95142.22,Online
TXN_00474488,CUST_000403,PROD_02043,LOC_0133,2025-12-30,18,588.38,5.0,10061.3,Online
TXN_00074629,CUST_023168,PROD_00741,LOC_0082,2021-08-30,9,3678.0,20.0,26481.6,Direct Sales
TXN_00490089,CUST_009227,PROD_03751,LOC_0206,2023-04-19,7,8492.12,15.0,50528.11,Partner
TXN_00263079,CUST_041787,PROD_01394,LOC_0145,2022-10-19,16,3852.01,0.0,61632.16,Direct Sales
TXN_00404601,CUST_005292,PROD_03891,LOC_0167,2022-08-11,1,8488.73,10.0,7639.86,Online
TXN_00140623,CUST_028934,PROD_01411,LOC_0191,2026-06-18,2,6696.83,20.0,10714.93,Retail
TXN_00169248,CUST_020105,PROD_03753,LOC_0217,2024-12-21,7,1100.51,10.0,6933.21,Online
TXN_00012996,CUST_001794,PROD_02915,LOC_0082,2024-09-06,6,8960.15,0.0,53760.9,Direct Sales
TXN_00250834,CUST_002036,PROD_04619,LOC_0009,2025-08-11,10,4950.23,0.0,49502.3,Online
TXN_00228332,CUST_049036,PROD_04675,LOC_0052,2026-01-23,14,5658.13,15.0,67331.75,Partner
TXN_00161028,CUST_032666,PROD_03713,LOC_0231,2026-01-18,11,3822.29,20.0,33636.15,Retail
TXN_00380488,CUST_014704,PROD_01381,LOC_0244,2021-05-07,10,863.27,20.0,6906.16,Online
TXN_00107273,CUST_029873,PROD_03913,LOC_0090,2021-12-04,8,9335.98,0.0,74687.84,Retail
TXN_00410516,CUST_044129,PROD_01535,LOC_0021,2026-04-27,10,6234.45,5.0,59227.27,Direct Sales
TXN_00206405,CUST_048280,PROD_02768,LOC_0203,2022-01-08,3,7243.77,10.0,19558.18,Online
TXN_00109790,CUST_016912,PROD_04744,LOC_0215,2026-03-28,8,5856.25,10.0,42165.0,Direct Sales
TXN_00160651,CUST_000099,PROD_01884,LOC_0060,2021-05-05,12,7825.04,0.0,93900.48,Online
TXN_00106272,CUST_022457,PROD_01849,LOC_0164,2026-03-01,18,7253.73,15.0,110982.07,Online
TXN_00002864,,PROD_00096,LOC_0119,2021-05-03,9,6799.69,20.0,48957.77,Direct Sales
TXN_00443529,CUST_002166,PROD_00746,LOC_0051,2023-06-22,12,8884.48,5.0,101283.07,Partner
TXN_00097064,CUST_049579,PROD_02647,LOC_0184,2021-05-01,3,9605.75,15.0,24494.66,Direct Sales
TXN_00463342,CUST_032024,PROD_03947,LOC_0155,2022-02-22,19,1345.49,15.0,21729.66,Direct Sales
TXN_00335703,CUST_026229,PROD_03800,LOC_0194,2023-06-06,9,1766.93,0.0,15902.37,Online
TXN_00229244,CUST_016593,PROD_02855,LOC_0218,2022-04-28,10,4085.65,5.0,38813.67,Direct Sales
TXN_00070377,CUST_037511,PROD_00093,LOC_0071,2022-08-23,4,5116.91,20.0,16374.11,Direct Sales
TXN_00208850,CUST_001408,PROD_04462,LOC_0237,2022-01-29,7,9015.15,5.0,59950.75,Online
TXN_00252350,CUST_005199,PROD_00554,LOC_0207,2025-01-23,17,5859.32,5.0,94628.02,Online
TXN_00420617,CUST_046428,PROD_04682,LOC_0220,2022-12-05,16,4131.76,20.0,52886.53,Partner
TXN_00375809,CUST_015111,PROD_04019,LOC_0064,2022-02-18,14,4798.31,15.0,57099.89,Direct Sales
TXN_00064364,CUST_023291,PROD_04608,LOC_0249,2023-01-07,2,5106.04,10.0,9190.87,Partner
TXN_00014961,CUST_025709,PROD_04835,LOC_0103,2025-03-07,14,7672.44,10.0,96672.74,Partner
TXN_00073308,CUST_002184,PROD_04662,LOC_0049,2022-06-24,10,5368.3,5.0,50998.85,Online
TXN_00411052,CUST_033897,PROD_01589,LOC_0207,2023-02-14,12,9045.5,10.0,97691.4,Retail
TXN_00149326,CUST_007566,PROD_03007,LOC_0088,2025-02-18,1,9891.85,15.0,8408.07,Partner
TXN_00486560,CUST_042359,PROD_03857,LOC_0058,2022-09-05,1,7898.12,15.0,6713.4,Direct Sales
TXN_00486633,CUST_045717,PROD_00057,LOC_0044,2026-03-27,14,8795.38,15.0,104665.02,Online
TXN_00308082,CUST_012911,PROD_02426,LOC_0167,2021-12-05,17,2100.04,5.0,33915.65,Partner
TXN_00026428,CUST_006098,PROD_01285,LOC_0146,2022-12-04,14,8517.14,10.0,107315.96,Direct Sales
TXN_00117168,CUST_019153,PROD_04263,LOC_0093,2026-04-30,17,6720.79,15.0,97115.42,Direct Sales
TXN_00222536,CUST_003279,PROD_03839,LOC_0032,2025-10-29,19,7409.41,10.0,126700.91,Retail
TXN_00254098,CUST_008192,PROD_00306,LOC_0139,2025-05-13,10,4591.18,15.0,39025.03,Direct Sales
TXN_00054123,CUST_025839,PROD_02172,LOC_0137,2025-05-28,5,1919.69,10.0,8638.61,Online
TXN_00316280,CUST_000996,PROD_03734,LOC_0086,2022-05-01,10,6072.91,0.0,60729.1,Partner
TXN_00334335,CUST_016642,PROD_02026,LOC_0191,2026-01-07,3,6593.05,20.0,15823.32,Direct Sales
TXN_00024369,CUST_027640,PROD_03724,LOC_0230,2024-09-26,17,7322.24,0.0,124478.08,Online
TXN_00323203,CUST_017105,PROD_02954,LOC_0146,2022-06-05,14,5103.53,20.0,57159.54,Direct Sales
TXN_00478895,CUST_047217,PROD_04132,LOC_0169,2022-07-11,14,801.53,20.0,8977.14,Partner
TXN_00109422,CUST_024178,PROD_00020,LOC_0033,2021-02-13,6,5641.6,10.0,30464.64,Partner
TXN_00098469,CUST_029401,PROD_01029,LOC_0052,2021-06-09,16,124.46,20.0,1593.09,Online
TXN_00434538,CUST_004865,PROD_04421,LOC_0052,2021-09-27,5,8657.67,5.0,41123.93,Online
TXN_00292964,,PROD_01404,LOC_0241,2026-03-21,9,5635.44,0.0,50718.96,Retail
TXN_00196659,CUST_036844,PROD_03261,LOC_0120,2026-02-19,14,2771.9,15.0,32985.61,Direct Sales
TXN_00235899,CUST_032044,PROD_01641,LOC_0042,2025-10-02,8,4055.94,0.0,32447.52,Online
TXN_00305909,CUST_015534,PROD_00811,LOC_0054,2025-02-05,10,9685.26,5.0,92009.97,Direct Sales
TXN_00307352,CUST_036320,PROD_02967,LOC_0099,2026-01-09,9,9180.82,15.0,70233.27,Online
TXN_00034151,CUST_039237,PROD_00921,LOC_0060,2025-09-01,2,6531.74,5.0,12410.31,Partner
TXN_00437758,CUST_005445,PROD_01916,LOC_0024,2021-12-04,13,5795.62,15.0,64041.6,Direct Sales
TXN_00121210,CUST_002520,PROD_04495,LOC_0069,2026-03-16,14,4270.93,10.0,53813.72,Partner
TXN_00234016,CUST_021483,PROD_04072,LOC_0176,2024-11-26,11,2134.48,15.0,19957.39,Direct Sales
TXN_00202062,CUST_027908,PROD_02312,LOC_0065,2024-06-05,2,6624.23,0.0,13248.46,Direct Sales
TXN_00064581,CUST_022832,PROD_02338,LOC_0134,2023-02-15,14,9190.73,15.0,109369.69,Retail
TXN_00089774,CUST_028084,PROD_01814,LOC_0122,2026-01-15,19,504.27,20.0,7664.9,Online
TXN_00266527,CUST_009369,PROD_01869,LOC_0149,2023-08-01,11,337.04,5.0,3522.07,Online
TXN_00279047,CUST_000208,PROD_02267,LOC_0200,2025-01-05,3,2472.5,0.0,7417.5,Partner
TXN_00032552,CUST_037619,PROD_02603,LOC_0244,2025-12-30,11,4994.72,10.0,49447.73,Direct Sales
TXN_00366489,,PROD_02644,LOC_0044,2024-09-16,6,5047.61,20.0,24228.53,Online
TXN_00048879,CUST_011706,PROD_04987,LOC_0246,2025-08-02,17,3645.02,15.0,52670.54,Retail
TXN_00224746,CUST_045688,PROD_03984,LOC_0188,2022-07-19,18,8133.13,10.0,131756.71,Online
TXN_00214095,CUST_023285,PROD_03628,LOC_0163,2022-09-14,19,657.54,10.0,11243.93,Partner
TXN_00189126,CUST_003473,PROD_03957,LOC_0037,2025-10-31,15,1073.38,0.0,16100.7,Online
TXN_00498766,CUST_002224,PROD_01659,LOC_0045,2022-08-09,6,5026.06,20.0,24125.09,Partner
TXN_00257629,CUST_019919,PROD_03808,LOC_0017,2024-11-03,10,2939.0,10.0,26451.0,Partner
TXN_00126844,CUST_016665,PROD_04539,LOC_0179,2024-06-05,7,5849.62,10.0,36852.61,Retail
TXN_00074802,CUST_028991,PROD_00477,LOC_0104,2023-11-27,13,3700.51,10.0,43295.97,Online
TXN_00023539,CUST_049878,PROD_02660,LOC_0223,2023-08-11,18,6230.11,0.0,112141.98,Retail
TXN_00072433,CUST_011906,PROD_00792,LOC_0063,2021-12-17,6,762.93,15.0,3890.94,Retail
TXN_00125939,CUST_041811,PROD_04549,LOC_0047,2026-01-08,8,1088.2,0.0,8705.6,Partner
TXN_00491944,CUST_025751,PROD_02839,LOC_0142,2024-07-24,4,8239.45,5.0,31309.91,Online
TXN_00146557,CUST_042441,PROD_02699,LOC_0220,2021-04-13,17,3898.31,10.0,59644.14,Partner
TXN_00154400,CUST_005908,PROD_02969,LOC_0141,2022-09-15,4,3255.51,5.0,12370.94,Online
TXN_00204993,CUST_046640,PROD_01418,LOC_0080,2024-12-30,1,933.83,10.0,840.45,Partner
TXN_00395411,CUST_006440,PROD_04088,LOC_0070,2026-02-06,13,773.4,20.0,8043.36,Partner
TXN_00271716,CUST_018941,PROD_01148,LOC_0227,2022-06-22,8,4063.31,20.0,26005.18,Online
TXN_00479909,CUST_020580,PROD_02462,LOC_0164,2022-06-29,16,2438.22,10.0,35110.37,Online
TXN_00006437,CUST_019495,PROD_01243,LOC_0217,2025-10-05,15,9189.05,20.0,110268.6,Direct Sales
TXN_00396595,CUST_047135,PROD_03392,LOC_0105,2021-01-31,3,7682.64,5.0,21895.52,Direct Sales
TXN_00424767,CUST_027041,PROD_01332,LOC_0226,2024-11-15,7,2064.26,5.0,13727.33,Partner
TXN_00469104,CUST_032871,PROD_00072,LOC_0223,2025-09-04,18,8146.97,5.0,139313.19,Retail
TXN_00455421,CUST_049883,PROD_04036,LOC_0024,2022-10-18,9,6751.78,15.0,51651.12,Direct Sales
TXN_00360206,CUST_031179,PROD_02341,LOC_0075,2021-09-06,1,4125.27,15.0,3506.48,Partner
TXN_00301614,CUST_021400,PROD_01159,LOC_0042,2025-05-26,2,1458.67,15.0,2479.74,Direct Sales
TXN_00492868,CUST_007094,PROD_00166,LOC_0207,2024-02-04,8,7987.93,20.0,51122.75,Partner
TXN_00395101,CUST_037310,PROD_03401,LOC_0049,2026-01-06,7,8341.97,20.0,46715.03,Online
TXN_00367937,CUST_019917,PROD_01300,LOC_0125,2024-10-04,7,2532.44,15.0,15068.02,Direct Sales
TXN_00449392,CUST_010467,PROD_02196,LOC_0228,2023-06-03,12,7793.72,5.0,88848.41,Retail
TXN_00355356,CUST_010393,PROD_01495,LOC_0146,2025-02-20,17,5016.74,20.0,68227.66,Retail
TXN_00211014,CUST_026994,PROD_02400,LOC_0195,2022-06-15,13,8142.29,20.0,84679.82,Online
TXN_00388615,CUST_016133,PROD_00570,LOC_0182,2023-04-09,7,6101.14,0.0,42707.98,Direct Sales
TXN_00459099,CUST_005224,PROD_02165,LOC_0216,2026-01-25,4,6258.9,15.0,21280.26,Direct Sales
TXN_00095506,CUST_025679,PROD_02566,LOC_0059,2022-07-10,2,1368.75,5.0,2600.62,Retail
TXN_00149612,CUST_029421,PROD_00215,LOC_0154,2023-07-30,14,917.58,20.0,10276.9,Retail
TXN_00084433,CUST_035306,PROD_03708,LOC_0044,2025-12-31,7,2178.15,15.0,12959.99,Partner
TXN_00308235,CUST_013974,PROD_01493,LOC_0190,2021-01-14,13,5803.53,5.0,71673.6,Direct Sales
TXN_00096616,CUST_008172,PROD_00421,LOC_0072,2023-01-21,15,610.88,15.0,7788.72,Partner
TXN_00286277,CUST_049122,PROD_03287,LOC_0128,2023-04-21,17,630.62,15.0,9112.46,Direct Sales
TXN_00358381,CUST_017382,PROD_03683,LOC_0199,2025-10-18,3,1796.5,20.0,4311.6,Direct Sales
TXN_00223703,CUST_049716,PROD_00454,LOC_0072,2023-09-01,16,9255.27,20.0,118467.46,Direct Sales
TXN_00275956,CUST_021457,PROD_00797,LOC_0085,2023-04-30,16,2650.19,15.0,36042.58,Partner
TXN_00361848,CUST_045466,PROD_03499,LOC_0057,2022-02-14,11,3832.64,15.0,35835.18,Partner
TXN_00007738,CUST_019955,PROD_04614,LOC_0099,2021-03-11,14,3172.18,10.0,39969.47,Online
TXN_00380104,CUST_045352,PROD_02646,LOC_0050,2021-12-22,18,215.26,10.0,3487.21,Direct Sales
TXN_00068596,CUST_005345,PROD_01071,LOC_0051,2024-12-26,19,8780.24,15.0,141800.88,Online
TXN_00000980,CUST_030936,PROD_04231,LOC_0137,2023-09-16,18,790.22,15.0,12090.37,Online
TXN_00142420,CUST_041146,PROD_00712,LOC_0166,2024-10-11,8,6335.53,5.0,48150.03,Online
TXN_00447473,CUST_040935,PROD_00808,LOC_0141,2022-12-02,3,4214.6,20.0,10115.04,Online
TXN_00167579,CUST_003728,PROD_01624,LOC_0164,2021-06-26,18,7550.36,5.0,129111.16,Retail
TXN_00060048,CUST_047794,PROD_01035,LOC_0037,2024-07-13,13,7958.46,5.0,98286.98,Retail
TXN_00370243,CUST_012640,PROD_02012,LOC_0239,2025-10-06,19,5496.06,10.0,93982.63,Online
TXN_00002308,CUST_020456,PROD_02796,LOC_0187,2023-08-20,16,4040.63,20.0,51720.06,Online
TXN_00328182,CUST_033845,PROD_00926,LOC_0087,2023-02-14,14,8992.81,20.0,100719.47,Partner
TXN_00394132,CUST_042888,PROD_00104,LOC_0089,2022-12-12,13,3728.84,20.0,38779.94,Retail
TXN_00215786,CUST_017915,PROD_01266,LOC_0165,2024-01-21,4,5280.85,15.0,17954.89,Online
TXN_00464661,CUST_043886,PROD_00627,LOC_0012,2023-11-03,5,8994.49,15.0,38226.58,Partner
TXN_00008938,CUST_034214,PROD_00375,LOC_0094,2023-10-04,10,574.46,5.0,5457.37,Online
TXN_00142706,CUST_008897,PROD_00043,LOC_0071,2024-04-21,7,5128.52,10.0,32309.68,Direct Sales
TXN_00368270,CUST_000808,PROD_00774,LOC_0039,2022-12-15,18,4676.59,10.0,75760.76,Online
TXN_00410100,CUST_020911,PROD_00652,LOC_0163,2023-09-08,9,8556.6,15.0,65457.99,Partner
TXN_00009601,CUST_045226,PROD_00863,LOC_0043,2024-04-11,6,6117.19,0.0,36703.14,Retail
TXN_00269793,CUST_011580,PROD_01404,LOC_0149,2023-07-02,19,4416.01,20.0,67123.35,Retail
TXN_00118259,CUST_042584,PROD_01079,LOC_0209,2022-07-24,10,7966.74,10.0,71700.66,Partner
TXN_00301348,,PROD_03340,LOC_0071,2022-01-20,14,6630.59,20.0,74262.61,Online
TXN_00096229,CUST_025557,PROD_04559,LOC_0177,2024-07-10,17,5533.59,15.0,79960.38,Online
TXN_00080511,CUST_022612,PROD_01090,LOC_0214,2021-06-10,15,7044.58,0.0,105668.7,Retail
TXN_00055073,CUST_000525,PROD_03466,LOC_0169,2023-07-13,8,2925.6,10.0,21064.32,Online
TXN_00074446,CUST_002585,PROD_02377,LOC_0064,2025-02-02,1,1507.23,0.0,1507.23,Online
TXN_00359285,CUST_008899,PROD_02896,LOC_0125,2025-10-26,8,4817.8,0.0,38542.4,Retail
TXN_00270183,CUST_026896,PROD_03652,LOC_0193,2023-12-23,4,5021.61,10.0,18077.8,Direct Sales
TXN_00162834,CUST_034887,PROD_00512,LOC_0013,2021-02-17,19,1491.98,15.0,24095.48,Retail
TXN_00044566,CUST_019826,PROD_03191,LOC_0192,2026-06-21,4,9726.08,20.0,31123.46,Retail
TXN_00217865,CUST_033514,PROD_03631,LOC_0033,2026-03-05,15,2031.66,5.0,28951.16,Retail
TXN_00301031,CUST_001780,PROD_04131,LOC_0241,2024-09-22,12,5274.08,15.0,53795.62,Partner
TXN_00401167,CUST_032879,PROD_00066,LOC_0117,2023-02-21,5,5148.16,15.0,21879.68,Online
TXN_00227205,CUST_010814,PROD_02498,LOC_0024,2022-10-08,17,6668.03,10.0,102020.86,Partner
TXN_00315739,CUST_034732,PROD_02732,LOC_0189,2021-09-26,1,6328.2,10.0,5695.38,Online
TXN_00476980,CUST_009445,PROD_03132,LOC_0091,2025-05-12,17,3462.47,0.0,58861.99,Online
TXN_00490060,CUST_009848,PROD_02006,LOC_0239,2024-01-22,18,5573.31,5.0,95303.6,Online
TXN_00072966,CUST_025577,PROD_02072,LOC_0006,2025-03-08,8,9940.25,10.0,71569.8,Retail
TXN_00034320,CUST_048554,PROD_01588,LOC_0126,2021-11-13,7,5584.52,10.0,35182.48,Retail
TXN_00443132,CUST_016308,PROD_00857,LOC_0102,2026-03-19,10,5094.5,15.0,43303.25,Retail
TXN_00267724,CUST_024958,PROD_01437,LOC_0184,2022-07-27,17,3797.47,20.0,51645.59,Online
TXN_00190250,CUST_037720,PROD_02038,LOC_0008,2023-10-30,4,7383.13,15.0,25102.64,Partner
TXN_00217218,CUST_015811,PROD_04234,LOC_0206,2024-06-11,13,217.08,0.0,2822.04,Partner
TXN_00387329,CUST_040927,PROD_02691,LOC_0056,2026-02-16,19,6826.74,0.0,129708.06,Partner
TXN_00411954,CUST_030576,PROD_01414,LOC_0068,2021-06-15,6,1361.45,15.0,6943.4,Retail
TXN_00030172,CUST_002180,PROD_01221,LOC_0006,2023-09-21,10,9724.5,20.0,77796.0,Partner
TXN_00049463,CUST_001955,PROD_00863,LOC_0014,2021-08-12,9,5871.6,20.0,42275.52,Partner
TXN_00189390,CUST_034388,PROD_00690,LOC_0056,2021-05-15,3,5766.84,5.0,16435.49,Retail
TXN_00393731,CUST_005946,PROD_00066,LOC_0145,2024-08-24,12,2110.56,0.0,25326.72,Direct Sales
TXN_00318114,CUST_013278,PROD_02092,LOC_0029,2022-11-09,1,7908.13,15.0,6721.91,Direct Sales
TXN_00116913,CUST_031245,PROD_03954,LOC_0236,2023-04-30,13,2710.89,0.0,35241.57,Retail
TXN_00132982,CUST_030464,PROD_03305,LOC_0011,2024-08-17,8,8168.41,10.0,58812.55,Direct Sales
TXN_00036526,CUST_048707,PROD_03766,LOC_0117,2026-06-09,16,4560.82,20.0,58378.5,Online
TXN_00054657,CUST_022919,PROD_04916,LOC_0098,2023-12-28,2,1321.14,10.0,2378.05,Partner
TXN_00134961,CUST_003404,PROD_02963,LOC_0188,2023-09-26,5,2747.57,15.0,11677.17,Partner
TXN_00186659,CUST_043458,PROD_03636,LOC_0002,2025-11-25,6,1180.73,15.0,6021.72,Retail
TXN_00497432,CUST_025305,PROD_01936,LOC_0023,2023-01-26,3,5720.53,10.0,15445.43,Online
TXN_00121032,CUST_021008,PROD_01581,LOC_0010,2025-10-13,1,3997.53,0.0,3997.53,Retail
TXN_00468466,CUST_016355,PROD_04744,LOC_0243,2024-04-22,3,5275.56,10.0,14244.01,Retail
TXN_00040556,,PROD_04715,LOC_0114,2022-09-24,6,2455.89,10.0,13261.81,Direct Sales
TXN_00232576,CUST_042069,PROD_01100,LOC_0065,2021-06-04,18,8528.35,5.0,145834.78,Direct Sales
TXN_00120317,CUST_023818,PROD_01857,LOC_0119,2021-12-10,8,6478.86,10.0,46647.79,Partner
TXN_00427569,CUST_028812,PROD_04827,LOC_0032,2023-11-05,5,6103.98,20.0,24415.92,Online
TXN_00222337,CUST_030256,PROD_04517,LOC_0096,2024-07-02,13,1592.01,10.0,18626.52,Direct Sales
TXN_00326299,CUST_022473,PROD_02890,LOC_0130,2022-11-03,12,7085.4,20.0,68019.84,Online
TXN_00428035,CUST_033232,PROD_03616,LOC_0167,2026-03-30,5,4879.79,5.0,23179.0,Partner
TXN_00405408,CUST_008497,PROD_01693,LOC_0097,2026-01-25,6,4826.63,5.0,27511.79,Direct Sales
TXN_00476959,CUST_035123,PROD_00152,LOC_0205,2023-07-26,1,9387.29,0.0,9387.29,Direct Sales
TXN_00006850,CUST_027112,PROD_00437,LOC_0223,2023-05-14,9,9953.28,5.0,85100.54,Partner
TXN_00124975,,PROD_01822,LOC_0150,2023-03-03,15,9041.84,5.0,128846.22,Direct Sales
TXN_00003524,CUST_019122,PROD_02432,LOC_0108,2022-02-19,1,4414.55,0.0,4414.55,Retail
TXN_00251847,CUST_004642,PROD_01224,LOC_0027,2022-05-02,5,3433.23,20.0,13732.92,Retail
TXN_00252744,CUST_008964,PROD_01503,LOC_0164,2025-11-14,7,5820.67,15.0,34632.99,Online
TXN_00228464,CUST_039317,PROD_00334,LOC_0004,2022-02-01,15,3032.44,5.0,43212.27,Retail
TXN_00159376,CUST_033169,PROD_00431,LOC_0149,2021-02-03,9,6338.01,15.0,48485.78,Partner
TXN_00258789,CUST_015543,PROD_01556,LOC_0165,2023-01-09,16,9234.79,15.0,125593.14,Retail
TXN_00279351,CUST_005166,PROD_01680,LOC_0132,2023-04-17,17,8423.51,20.0,114559.74,Online
TXN_00152559,CUST_008379,PROD_03997,LOC_0145,2021-04-02,11,1837.35,15.0,17179.22,Retail
TXN_00383781,CUST_024880,PROD_03961,LOC_0157,2025-09-18,4,7140.35,0.0,28561.4,Online
TXN_00242473,CUST_015314,PROD_03104,LOC_0113,2022-07-31,5,9090.56,20.0,36362.24,Online
TXN_00329741,CUST_046998,PROD_02619,LOC_0195,2023-05-14,4,713.32,0.0,2853.28,Online
TXN_00012356,CUST_036619,PROD_04368,LOC_0128,2026-05-29,10,4426.32,0.0,44263.2,Online
TXN_00264158,CUST_021472,PROD_00289,LOC_0041,2022-04-23,11,4749.56,10.0,47020.64,Online
TXN_00373117,CUST_046475,PROD_00689,LOC_0130,2026-04-04,2,8470.82,10.0,15247.48,Retail
TXN_00308588,CUST_010666,PROD_03252,LOC_0083,2023-11-07,11,9973.59,20.0,87767.59,Online
TXN_00061694,CUST_001852,PROD_04648,LOC_0007,2022-12-30,7,7855.12,15.0,46737.96,Direct Sales
TXN_00375392,,PROD_01380,LOC_0163,2021-07-25,15,118.95,20.0,1427.4,Online
TXN_00052903,CUST_025266,PROD_03106,LOC_0215,2024-08-16,3,4576.37,10.0,12356.2,Direct Sales
TXN_00239735,CUST_016752,PROD_04596,LOC_0196,2021-12-14,11,4386.63,20.0,38602.34,Partner
TXN_00000007,CUST_023898,PROD_02613,LOC_0130,2025-11-25,14,8103.13,0.0,113443.82,Retail
TXN_00106689,CUST_004019,PROD_03649,LOC_0110,2022-04-25,4,4691.36,0.0,18765.44,Online
TXN_00440352,CUST_044298,PROD_00937,LOC_0015,2025-04-25,16,191.68,0.0,3066.88,Online
TXN_00445382,CUST_022652,PROD_00453,LOC_0199,2026-03-08,10,5605.97,0.0,56059.7,Partner
TXN_00198256,CUST_026721,PROD_01591,LOC_0243,2021-02-21,1,4247.06,0.0,4247.06,Online
TXN_00471906,CUST_049902,PROD_02463,LOC_0182,2023-07-04,4,7143.16,20.0,22858.11,Partner
TXN_00040006,,PROD_02562,LOC_0036,2021-02-12,19,9483.27,0.0,180182.13,Retail
TXN_00083345,CUST_047388,PROD_04596,LOC_0081,2022-03-02,10,1941.59,20.0,15532.72,Online
TXN_00308973,CUST_014630,PROD_04426,LOC_0059,2022-03-29,3,6226.59,20.0,14943.82,Retail
TXN_00194654,CUST_000309,PROD_01183,LOC_0089,2024-02-12,9,881.92,10.0,7143.55,Retail
TXN_00394186,CUST_026264,PROD_00724,LOC_0162,2025-07-31,8,1947.2,5.0,14798.72,Retail
TXN_00048977,CUST_010873,PROD_00939,LOC_0061,2023-03-31,4,150.6,0.0,602.4,Partner
TXN_00107091,CUST_018668,PROD_02543,LOC_0243,2026-03-03,7,5052.5,20.0,28294.0,Partner
TXN_00150869,CUST_027959,PROD_01931,LOC_0214,2024-03-03,7,407.13,10.0,2564.92,Partner
TXN_00173010,,PROD_01801,LOC_0149,2026-06-02,14,5000.84,15.0,59510.0,Retail
TXN_00042039,CUST_045645,PROD_04485,LOC_0006,2024-06-14,18,9070.14,0.0,163262.52,Partner
TXN_00134300,CUST_004314,PROD_03466,LOC_0006,2024-06-19,12,399.53,15.0,4075.21,Online
TXN_00190979,CUST_019800,PROD_00379,LOC_0050,2023-02-24,6,3725.87,15.0,19001.94,Direct Sales
TXN_00253460,CUST_043152,PROD_00733,LOC_0171,2026-06-06,13,8123.54,5.0,100325.72,Online
TXN_00042514,CUST_020393,PROD_02196,LOC_0014,2022-04-06,2,8102.37,0.0,16204.74,Retail
TXN_00391241,CUST_014311,PROD_03037,LOC_0084,2025-09-24,4,6648.71,15.0,22605.61,Direct Sales
TXN_00445667,CUST_032283,PROD_04547,LOC_0195,2026-05-09,13,8294.65,0.0,107830.45,Online
TXN_00317773,CUST_043527,PROD_00476,LOC_0159,2026-02-20,1,3768.89,5.0,3580.45,Partner
TXN_00335837,CUST_007594,PROD_00972,LOC_0139,2024-05-23,16,5018.49,10.0,72266.26,Retail
TXN_00094137,CUST_038472,PROD_00623,LOC_0219,2023-01-22,8,3003.32,10.0,21623.9,Partner
TXN_00184390,CUST_012904,PROD_01880,LOC_0118,2023-12-31,2,6801.31,10.0,12242.36,Direct Sales
TXN_00098751,CUST_028283,PROD_04466,LOC_0115,2025-05-17,1,9208.96,10.0,8288.06,Retail
TXN_00015450,CUST_015170,PROD_03737,LOC_0107,2025-08-26,18,9600.59,20.0,138248.5,Partner
TXN_00193083,CUST_013869,PROD_02678,LOC_0222,2024-12-01,18,1843.32,15.0,28202.8,Direct Sales
TXN_00117438,CUST_035915,PROD_04233,LOC_0139,2022-12-24,5,6699.99,20.0,26799.96,Partner
TXN_00026659,CUST_038628,PROD_03947,LOC_0103,2021-07-23,14,597.79,5.0,7950.61,Online
TXN_00257672,CUST_044748,PROD_04674,LOC_0091,2021-07-10,15,7434.13,10.0,100360.76,Retail
TXN_00068816,CUST_024524,PROD_04000,LOC_0073,2026-03-30,6,3382.4,15.0,17250.24,Partner
TXN_00456399,CUST_033007,PROD_02482,LOC_0157,2023-12-25,2,5760.33,5.0,10944.63,Retail
TXN_00414448,CUST_035517,PROD_01601,LOC_0202,2025-08-01,18,3962.87,0.0,71331.66,Online
TXN_00425626,CUST_019231,PROD_04138,LOC_0242,2024-06-06,7,1496.73,0.0,10477.11,Direct Sales
TXN_00307112,CUST_032166,PROD_00642,LOC_0157,2023-06-14,14,7810.38,20.0,87476.26,Partner
TXN_00073731,CUST_029394,PROD_03409,LOC_0052,2022-08-30,10,9818.35,10.0,88365.15,Partner
TXN_00299844,CUST_044272,PROD_00363,LOC_0238,2025-01-18,12,9195.97,0.0,110351.64,Partner
TXN_00365374,CUST_027846,PROD_04580,LOC_0244,2026-03-27,10,6990.98,15.0,59423.33,Retail
TXN_00377862,CUST_001455,PROD_01805,LOC_0188,2023-04-07,7,8160.32,10.0,51410.02,Direct Sales
TXN_00326182,CUST_043709,PROD_00991,LOC_0207,2021-03-12,8,2155.87,20.0,13797.57,Partner
TXN_00140547,CUST_009686,PROD_00449,LOC_0006,2021-12-04,1,9453.43,10.0,8508.09,Direct Sales
TXN_00460787,CUST_029447,PROD_03371,LOC_0242,2024-11-10,17,8408.16,0.0,142938.72,Partner
TXN_00345094,CUST_026073,PROD_00429,LOC_0064,2024-05-14,2,2141.73,15.0,3640.94,Partner
TXN_00223455,CUST_042269,PROD_04059,LOC_0114,2023-06-25,19,113.56,10.0,1941.88,Retail
TXN_00317868,CUST_047808,PROD_04508,LOC_0128,2025-12-18,17,5778.29,20.0,78584.74,Partner
TXN_00403157,,PROD_03551,LOC_0068,2025-03-24,6,3812.59,20.0,18300.43,Retail
TXN_00132804,CUST_004235,PROD_03414,LOC_0177,2023-05-22,5,9277.55,0.0,46387.75,Direct Sales
TXN_00095343,CUST_018244,PROD_02820,LOC_0241,2026-02-26,17,2919.73,0.0,49635.41,Partner
TXN_00463098,CUST_034873,PROD_02965,LOC_0199,2022-04-12,4,1261.86,5.0,4795.07,Direct Sales
TXN_00423422,CUST_018382,PROD_04348,LOC_0225,2024-07-31,8,9027.83,5.0,68611.51,Direct Sales
TXN_00410748,CUST_017494,PROD_00308,LOC_0149,2025-03-14,10,1247.75,0.0,12477.5,Direct Sales
TXN_00148032,CUST_008761,PROD_04757,LOC_0113,2021-11-28,2,9327.43,0.0,18654.86,Partner
TXN_00472442,CUST_022424,PROD_04661,LOC_0031,2022-03-07,10,5312.83,5.0,50471.88,Partner
TXN_00202553,CUST_000673,PROD_00007,LOC_0121,2022-02-01,1,8544.19,10.0,7689.77,Retail
TXN_00150952,CUST_008375,PROD_00871,LOC_0231,2024-12-06,13,5775.38,0.0,75079.94,Direct Sales
TXN_00012736,CUST_038260,PROD_00767,LOC_0238,2024-11-05,17,2890.82,10.0,44229.55,Partner
TXN_00141804,CUST_013981,PROD_02384,LOC_0053,2024-05-02,11,3558.96,5.0,37191.13,Online
TXN_00094312,CUST_023920,PROD_03846,LOC_0031,2022-10-16,2,4834.81,0.0,9669.62,Online
TXN_00316092,CUST_047933,PROD_04484,LOC_0124,2021-02-15,14,5484.35,0.0,76780.9,Direct Sales
TXN_00038785,CUST_030142,PROD_01249,LOC_0131,2021-03-30,11,7939.66,10.0,78602.63,Retail
TXN_00257253,CUST_002117,PROD_02258,LOC_0072,2022-04-08,14,1647.08,0.0,23059.12,Online
TXN_00002915,CUST_021158,PROD_03291,LOC_0102,2022-01-13,11,2060.99,0.0,22670.89,Partner
TXN_00261278,CUST_022152,PROD_04004,LOC_0060,2026-01-14,17,3619.08,15.0,52295.71,Retail
TXN_00132044,CUST_015020,PROD_01617,LOC_0182,2022-10-31,19,3728.28,0.0,70837.32,Partner
TXN_00085843,CUST_005239,PROD_00143,LOC_0173,2021-01-06,10,5272.66,15.0,44817.61,Retail
TXN_00491602,CUST_029039,PROD_04993,LOC_0190,2023-05-29,7,2677.13,5.0,17802.91,Direct Sales
TXN_00450014,CUST_048443,PROD_02112,LOC_0004,2022-05-10,1,6528.63,5.0,6202.2,Partner
TXN_00257134,CUST_018811,PROD_03775,LOC_0114,2024-10-28,6,8189.08,10.0,44221.03,Retail
TXN_00124637,CUST_011893,PROD_02087,LOC_0232,2024-06-13,4,7188.76,5.0,27317.29,Direct Sales
TXN_00139148,CUST_039688,PROD_01132,LOC_0115,2025-02-20,19,5353.69,0.0,101720.11,Partner
TXN_00161902,CUST_032526,PROD_04191,LOC_0049,2023-07-13,8,6571.01,20.0,42054.46,Direct Sales
TXN_00214894,CUST_007466,PROD_02896,LOC_0241,2021-07-08,6,8210.47,20.0,39410.26,Direct Sales
TXN_00261312,CUST_002893,PROD_02500,LOC_0009,2025-11-09,18,7828.72,10.0,126825.26,Online
TXN_00482529,CUST_043225,PROD_02175,LOC_0007,2026-03-29,19,2386.5,10.0,40809.15,Direct Sales
TXN_00372675,CUST_004627,PROD_01448,LOC_0242,2024-01-02,17,2227.09,10.0,34074.48,Online
TXN_00382577,CUST_048096,PROD_00997,LOC_0085,2022-10-17,9,6327.62,10.0,51253.72,Online
TXN_00205396,CUST_016524,PROD_04656,LOC_0211,2026-06-19,11,6880.8,10.0,68119.92,Retail
TXN_00417227,CUST_039262,PROD_04772,LOC_0211,2023-11-23,17,9657.69,20.0,131344.58,Retail
TXN_00244684,CUST_020486,PROD_03949,LOC_0099,2021-07-03,16,1791.77,0.0,28668.32,Partner
TXN_00176059,CUST_045689,PROD_02694,LOC_0072,2021-08-24,11,284.26,10.0,2814.17,Retail
TXN_00377690,CUST_048409,PROD_01629,LOC_0082,2022-08-06,17,4907.98,0.0,83435.66,Partner
TXN_00002494,CUST_008110,PROD_02097,LOC_0006,2026-06-14,5,9958.87,20.0,39835.48,Partner
TXN_00089984,,PROD_01042,LOC_0117,2023-12-06,1,2486.66,10.0,2237.99,Retail
TXN_00441267,CUST_035146,PROD_01038,LOC_0233,2022-06-01,5,2980.75,20.0,11923.0,Online
TXN_00083881,CUST_004763,PROD_02489,LOC_0098,2023-12-08,5,6931.12,20.0,27724.48,Online
TXN_00060783,CUST_042395,PROD_00248,LOC_0120,2021-11-10,18,9909.63,5.0,169454.67,Partner
TXN_00486155,CUST_039621,PROD_01230,LOC_0229,2025-07-03,10,6592.04,0.0,65920.4,Retail
TXN_00318838,CUST_034183,PROD_01038,LOC_0076,2023-03-20,12,6451.19,20.0,61931.42,Retail
TXN_00142876,CUST_030513,PROD_01810,LOC_0130,2023-04-02,9,6844.26,15.0,52358.59,Retail
TXN_00277243,CUST_010464,PROD_04616,LOC_0144,2025-01-01,1,6768.09,10.0,6091.28,Direct Sales
TXN_00416044,CUST_000103,PROD_03926,LOC_0080,2023-02-15,16,5992.16,15.0,81493.38,Partner
TXN_00457423,CUST_023031,PROD_02975,LOC_0161,2024-07-31,6,4329.51,5.0,24678.21,Direct Sales
TXN_00346023,CUST_041601,PROD_04874,LOC_0184,2021-06-16,14,1665.04,0.0,23310.56,Retail
TXN_00082028,CUST_001033,PROD_00294,LOC_0054,2025-12-09,2,1306.91,15.0,2221.75,Online
TXN_00138597,CUST_027785,PROD_04909,LOC_0070,2025-03-29,17,4438.34,10.0,67906.6,Retail
TXN_00461212,CUST_014933,PROD_00469,LOC_0210,2021-12-08,13,7777.88,0.0,101112.44,Retail
TXN_00052365,CUST_046446,PROD_04734,LOC_0144,2021-05-23,16,9128.04,20.0,116838.91,Direct Sales
TXN_00311568,,PROD_02255,LOC_0015,2024-04-18,3,6403.31,0.0,19209.93,Retail
TXN_00019368,CUST_013112,PROD_01622,LOC_0061,2021-05-03,5,9274.48,0.0,46372.4,Partner
TXN_00375223,CUST_006868,PROD_00882,LOC_0099,2025-06-07,2,6552.24,15.0,11138.81,Direct Sales
TXN_00459555,CUST_041268,PROD_02429,LOC_0089,2025-01-06,3,4895.69,20.0,11749.66,Online
TXN_00397779,CUST_015162,PROD_02701,LOC_0167,2025-03-03,8,6296.95,10.0,45338.04,Retail
TXN_00017143,CUST_045132,PROD_00332,LOC_0156,2024-04-05,11,6327.25,10.0,62639.78,Partner
TXN_00463422,CUST_048074,PROD_01262,LOC_0210,2025-03-31,1,8890.71,5.0,8446.17,Direct Sales
TXN_00318621,CUST_039478,PROD_00535,LOC_0237,2026-02-27,10,2484.44,0.0,24844.4,Partner
TXN_00070162,CUST_021974,PROD_02714,LOC_0022,2026-04-04,8,8766.97,15.0,59615.4,Partner
TXN_00496342,CUST_046514,PROD_03009,LOC_0075,2022-02-18,1,803.85,20.0,643.08,Partner
TXN_00322584,CUST_023873,PROD_03742,LOC_0008,2024-07-23,16,907.32,0.0,14517.12,Retail
TXN_00444343,CUST_008681,PROD_03350,LOC_0243,2024-04-29,10,6956.64,5.0,66088.08,Online
TXN_00148384,CUST_005265,PROD_04667,LOC_0032,2026-04-06,14,6774.39,10.0,85357.31,Retail
TXN_00247964,CUST_011336,PROD_04367,LOC_0052,2025-10-22,13,1279.42,5.0,15800.84,Direct Sales
TXN_00127134,CUST_046339,PROD_03882,LOC_0055,2024-05-04,16,436.48,0.0,6983.68,Online
TXN_00263258,CUST_045549,PROD_04413,LOC_0218,2025-01-10,11,9880.97,10.0,97821.6,Direct Sales
TXN_00337500,CUST_047759,PROD_02292,LOC_0228,2024-07-08,6,9034.22,0.0,54205.32,Direct Sales
TXN_00042099,CUST_039244,PROD_00534,LOC_0088,2022-03-28,14,4632.98,15.0,55132.46,Partner
TXN_00033406,CUST_003688,PROD_03221,LOC_0221,2025-10-25,16,986.6,0.0,15785.6,Direct Sales
TXN_00031282,CUST_010476,PROD_00332,LOC_0177,2025-12-05,13,7062.59,10.0,82632.3,Online
TXN_00220059,CUST_010626,PROD_02783,LOC_0137,2023-05-10,11,6173.66,20.0,54328.21,Online
TXN_00103904,CUST_031972,PROD_00390,LOC_0080,2026-04-28,1,7976.58,5.0,7577.75,Online
TXN_00277660,CUST_046019,PROD_00544,LOC_0089,2023-04-23,5,7340.37,15.0,31196.57,Direct Sales
TXN_00049898,CUST_040808,PROD_04290,LOC_0038,2023-12-06,4,6764.5,10.0,24352.2,Direct Sales
TXN_00404490,CUST_043642,PROD_01902,LOC_0208,2024-09-19,12,284.68,0.0,3416.16,Direct Sales
TXN_00162402,CUST_028017,PROD_04948,LOC_0175,2024-09-10,16,3405.0,15.0,46308.0,Direct Sales
TXN_00383851,CUST_002000,PROD_00545,LOC_0100,2024-09-12,6,3711.87,10.0,20044.1,Direct Sales
TXN_00442844,CUST_005819,PROD_01665,LOC_0089,2024-03-10,8,2806.85,5.0,21332.06,Retail
TXN_00362123,CUST_017132,PROD_01148,LOC_0186,2021-11-27,9,2140.58,10.0,17338.7,Direct Sales
TXN_00217391,CUST_026581,PROD_01920,LOC_0129,2024-06-26,1,7537.51,0.0,7537.51,Online
TXN_00396830,CUST_010788,PROD_02777,LOC_0027,2022-04-18,4,7731.41,10.0,27833.08,Direct Sales
TXN_00025138,CUST_043348,PROD_01336,LOC_0086,2026-01-17,10,3234.7,20.0,25877.6,Retail
TXN_00273015,CUST_047585,PROD_01467,LOC_0057,2022-12-09,1,729.82,20.0,583.86,Online
TXN_00259939,CUST_045762,PROD_03318,LOC_0118,2024-08-09,1,7394.92,15.0,6285.68,Retail
TXN_00452905,CUST_013553,PROD_04171,LOC_0128,2023-07-15,3,4532.53,10.0,12237.83,Online
TXN_00175123,CUST_040074,PROD_03400,LOC_0219,2024-01-17,2,156.54,15.0,266.12,Retail
TXN_00292655,CUST_008698,PROD_02331,LOC_0093,2024-06-30,11,6703.79,0.0,73741.69,Online
TXN_00005198,CUST_011170,PROD_01173,LOC_0150,2022-11-15,11,4394.98,0.0,48344.78,Online
TXN_00136872,CUST_023374,PROD_02610,LOC_0094,2021-12-11,6,2506.23,15.0,12781.77,Partner
TXN_00406459,CUST_014410,PROD_01753,LOC_0225,2023-05-04,2,4230.11,10.0,7614.2,Direct Sales
TXN_00226588,CUST_004164,PROD_01658,LOC_0204,2025-05-15,2,2221.13,0.0,4442.26,Retail
TXN_00447166,CUST_026692,PROD_03397,LOC_0150,2026-03-22,17,5263.27,20.0,71580.47,Retail
TXN_00256701,CUST_043736,PROD_04900,LOC_0028,2026-01-29,9,3464.29,15.0,26501.82,Direct Sales
TXN_00167582,CUST_028490,PROD_03593,LOC_0125,2024-08-03,7,5623.42,15.0,33459.35,Retail
TXN_00208042,CUST_043516,PROD_00711,LOC_0089,2022-05-10,13,5542.82,15.0,61248.16,Direct Sales
TXN_00192361,CUST_033883,PROD_01377,LOC_0144,2024-07-21,19,1566.56,10.0,26788.18,Direct Sales
TXN_00173307,CUST_007493,PROD_04838,LOC_0053,2021-08-15,3,5227.39,0.0,15682.17,Partner
TXN_00157773,CUST_033654,PROD_00267,LOC_0064,2024-01-04,7,857.63,10.0,5403.07,Direct Sales
TXN_00493376,CUST_007135,PROD_04824,LOC_0188,2025-07-30,18,1470.37,10.0,23819.99,Retail
TXN_00432627,CUST_003172,PROD_04408,LOC_0210,2025-02-10,12,3350.05,20.0,32160.48,Direct Sales
TXN_00485113,CUST_006689,PROD_04650,LOC_0164,2025-09-21,4,8765.07,10.0,31554.25,Online
TXN_00140510,CUST_039394,PROD_00344,LOC_0170,2022-07-23,12,4812.68,15.0,49089.34,Direct Sales
TXN_00084400,CUST_042272,PROD_01138,LOC_0163,2025-08-16,19,6715.19,10.0,114829.75,Retail
TXN_00369455,,PROD_03938,LOC_0186,2024-06-27,15,299.02,10.0,4036.77,Online
TXN_00058983,CUST_032837,PROD_04022,LOC_0012,2025-11-03,7,4418.21,5.0,29381.1,Online
TXN_00447036,CUST_014409,PROD_03862,LOC_0146,2023-01-29,4,6893.6,20.0,22059.52,Direct Sales
TXN_00296956,CUST_007716,PROD_03475,LOC_0136,2023-01-17,9,4083.69,10.0,33077.89,Online
TXN_00310036,CUST_018424,PROD_03273,LOC_0205,2023-03-29,18,9038.56,20.0,130155.26,Direct Sales
TXN_00426440,CUST_013033,PROD_00497,LOC_0222,2023-09-29,3,5336.45,20.0,12807.48,Partner
TXN_00151025,CUST_012503,PROD_02005,LOC_0172,2023-12-30,14,7910.92,15.0,94139.95,Retail
TXN_00146535,CUST_033545,PROD_02004,LOC_0024,2024-01-05,13,7058.81,20.0,73411.62,Retail
TXN_00002437,CUST_006474,PROD_01694,LOC_0077,2021-06-15,4,9551.03,20.0,30563.3,Retail
TXN_00153658,CUST_027969,PROD_03318,LOC_0203,2021-05-21,11,3645.01,0.0,40095.11,Retail
TXN_00250492,CUST_004314,PROD_02882,LOC_0117,2022-07-01,15,5139.25,10.0,69379.88,Retail
TXN_00207588,CUST_045703,PROD_01991,LOC_0053,2024-03-30,19,8751.43,0.0,166277.17,Direct Sales
TXN_00388115,,PROD_00305,LOC_0198,2021-05-16,17,5513.18,15.0,79665.45,Direct Sales
TXN_00170014,CUST_020209,PROD_02983,LOC_0115,2025-05-26,7,3644.49,10.0,22960.29,Online
TXN_00490409,CUST_001869,PROD_02962,LOC_0145,2021-03-06,15,7922.3,15.0,101009.32,Online
TXN_00399016,CUST_043145,PROD_03061,LOC_0168,2024-10-26,11,8452.39,10.0,83678.66,Partner
TXN_00341154,CUST_002939,PROD_02323,LOC_0187,2023-02-07,19,7598.54,5.0,137153.65,Retail
TXN_00474424,CUST_039279,PROD_04171,LOC_0124,2023-12-13,6,8942.71,0.0,53656.26,Partner
TXN_00112243,CUST_016973,PROD_03222,LOC_0080,2023-03-17,18,3902.08,20.0,56189.95,Retail
TXN_00165964,CUST_035140,PROD_02794,LOC_0209,2024-01-07,2,2668.72,0.0,5337.44,Retail
TXN_00183660,CUST_027059,PROD_04327,LOC_0138,2025-08-17,7,5384.34,15.0,32036.82,Retail
TXN_00243219,CUST_023722,PROD_03213,LOC_0219,2024-08-10,1,4361.79,10.0,3925.61,Retail
TXN_00179621,CUST_002315,PROD_03075,LOC_0139,2026-04-14,16,2612.81,0.0,41804.96,Online
TXN_00068966,CUST_031148,PROD_01554,LOC_0053,2021-05-11,17,895.3,0.0,15220.1,Direct Sales
TXN_00497377,CUST_022057,PROD_02184,LOC_0148,2025-06-26,6,6088.38,5.0,34703.77,Retail
TXN_00003221,CUST_007656,PROD_04886,LOC_0003,2022-05-21,1,9093.62,10.0,8184.26,Direct Sales
TXN_00172280,,PROD_01308,LOC_0060,2023-03-31,15,7710.83,15.0,98313.08,Retail
TXN_00122885,CUST_011299,PROD_01780,LOC_0130,2023-01-29,11,3891.25,0.0,42803.75,Retail
TXN_00053557,CUST_021921,PROD_03601,LOC_0210,2021-04-18,17,6563.56,10.0,100422.47,Online
TXN_00023995,CUST_007281,PROD_01073,LOC_0136,2021-02-27,8,5099.23,15.0,34674.76,Retail
TXN_00263767,CUST_006481,PROD_04394,LOC_0119,2021-10-07,18,508.09,0.0,9145.62,Direct Sales
TXN_00047948,CUST_012132,PROD_01009,LOC_0139,2025-05-20,6,514.75,5.0,2934.08,Online
TXN_00077514,CUST_023908,PROD_04421,LOC_0213,2024-12-06,1,7829.79,15.0,6655.32,Retail
TXN_00150412,,PROD_00849,LOC_0047,2025-10-12,2,8716.68,20.0,13946.69,Direct Sales
TXN_00165323,CUST_048296,PROD_02322,LOC_0072,2024-09-20,17,2390.0,0.0,40630.0,Partner
TXN_00161566,CUST_008596,PROD_01412,LOC_0128,2022-10-27,10,4086.88,10.0,36781.92,Partner
TXN_00358601,CUST_027944,PROD_00211,LOC_0028,2026-05-24,9,2850.07,0.0,25650.63,Retail
TXN_00185524,CUST_006760,PROD_04509,LOC_0024,2025-09-14,19,5603.57,10.0,95821.05,Online
TXN_00279754,CUST_005718,PROD_02237,LOC_0172,2023-10-05,6,484.68,15.0,2471.87,Online
TXN_00296069,CUST_004712,PROD_04132,LOC_0228,2022-09-25,10,4208.01,10.0,37872.09,Partner
TXN_00254943,CUST_034927,PROD_04196,LOC_0234,2024-07-19,6,6169.2,10.0,33313.68,Online
TXN_00014894,,PROD_01671,LOC_0102,2025-02-03,19,6850.26,5.0,123647.19,Direct Sales
TXN_00471273,CUST_030999,PROD_01918,LOC_0208,2022-01-03,12,5717.5,20.0,54888.0,Direct Sales
TXN_00303278,CUST_023934,PROD_02008,LOC_0005,2021-09-28,9,146.51,20.0,1054.87,Direct Sales
TXN_00395662,CUST_019140,PROD_04177,LOC_0020,2021-10-12,16,4257.57,20.0,54496.9,Retail
TXN_00012641,CUST_008491,PROD_03687,LOC_0087,2023-11-10,14,3244.65,0.0,45425.1,Partner
TXN_00166856,CUST_019809,PROD_03503,LOC_0194,2023-08-06,16,8914.68,10.0,128371.39,Retail
TXN_00437397,CUST_019677,PROD_00707,LOC_0201,2022-12-26,16,5065.28,15.0,68887.81,Partner
TXN_00068331,CUST_047544,PROD_00787,LOC_0072,2022-10-09,2,8137.85,15.0,13834.34,Retail
TXN_00185961,CUST_000310,PROD_01675,LOC_0058,2024-11-19,6,7831.75,5.0,44640.98,Partner
TXN_00290187,CUST_039707,PROD_03196,LOC_0170,2022-02-28,12,4964.26,15.0,50635.45,Retail
TXN_00102447,CUST_008032,PROD_03238,LOC_0200,2025-12-30,18,1838.36,20.0,26472.38,Direct Sales
TXN_00458009,CUST_034826,PROD_01546,LOC_0197,2021-10-05,17,2095.91,20.0,28504.38,Retail
TXN_00032798,CUST_010983,PROD_01439,LOC_0192,2024-12-18,4,8569.45,0.0,34277.8,Online
TXN_00348488,CUST_001431,PROD_00944,LOC_0123,2021-11-01,8,5833.43,0.0,46667.44,Retail
TXN_00023003,CUST_045719,PROD_03543,LOC_0073,2025-07-20,6,3159.1,15.0,16111.41,Partner
TXN_00440241,CUST_022212,PROD_00357,LOC_0046,2022-11-10,7,6374.28,10.0,40157.96,Retail
TXN_00490328,CUST_042017,PROD_02021,LOC_0195,2023-01-27,7,8064.64,15.0,47984.61,Direct Sales
TXN_00016858,CUST_010470,PROD_04478,LOC_0242,2025-04-25,16,2717.57,0.0,43481.12,Direct Sales
TXN_00170541,CUST_011328,PROD_03670,LOC_0249,2023-10-09,6,6518.15,15.0,33242.56,Online
TXN_00211340,CUST_013004,PROD_01945,LOC_0021,2021-07-10,6,2911.82,0.0,17470.92,Direct Sales
TXN_00324066,CUST_028745,PROD_00982,LOC_0104,2026-03-16,17,3044.09,0.0,51749.53,Direct Sales
TXN_00407655,CUST_032445,PROD_00676,LOC_0196,2025-12-03,4,7676.6,0.0,30706.4,Retail
TXN_00087612,CUST_015008,PROD_02540,LOC_0182,2022-07-04,18,8646.11,20.0,124503.98,Partner
TXN_00255954,CUST_021633,PROD_01054,LOC_0132,2024-10-15,3,7608.37,15.0,19401.34,Direct Sales
TXN_00421124,CUST_031837,PROD_04641,LOC_0209,2023-04-09,1,3874.7,15.0,3293.5,Retail
TXN_00347304,CUST_044041,PROD_00329,LOC_0022,2022-04-24,17,7102.1,0.0,120735.7,Online
TXN_00417279,CUST_017067,PROD_04619,LOC_0121,2021-06-25,19,7369.88,20.0,112022.18,Partner
TXN_00119291,CUST_015636,PROD_03777,LOC_0145,2025-08-29,6,8946.85,0.0,53681.1,Direct Sales
TXN_00450805,CUST_031748,PROD_00881,LOC_0108,2024-03-03,7,7382.3,20.0,41340.88,Partner
TXN_00090130,CUST_005911,PROD_04352,LOC_0031,2026-04-06,9,6288.12,10.0,50933.77,Retail
TXN_00477275,CUST_034613,PROD_00181,LOC_0193,2021-12-25,5,3750.59,10.0,16877.66,Online
TXN_00349506,CUST_006597,PROD_02646,LOC_0212,2024-08-17,6,7585.4,20.0,36409.92,Direct Sales
TXN_00150543,CUST_034008,PROD_00062,LOC_0220,2026-06-19,2,5874.56,0.0,11749.12,Retail
TXN_00296076,CUST_011900,PROD_04883,LOC_0036,2023-11-30,12,8865.1,20.0,85104.96,Retail
TXN_00104533,CUST_029690,PROD_03512,LOC_0105,2021-05-17,19,4753.19,20.0,72248.49,Online
TXN_00208358,CUST_024035,PROD_01309,LOC_0003,2025-09-05,6,6051.05,10.0,32675.67,Online
TXN_00342464,CUST_018151,PROD_02703,LOC_0060,2022-05-20,10,1306.28,15.0,11103.38,Online
TXN_00058219,CUST_028217,PROD_02280,LOC_0132,2026-02-08,15,9694.19,20.0,116330.28,Retail
TXN_00477502,,PROD_00412,LOC_0016,2024-08-07,1,9368.43,5.0,8900.01,Online
TXN_00185986,CUST_003945,PROD_01013,LOC_0188,2022-07-28,14,4617.03,5.0,61406.5,Direct Sales
TXN_00274586,,PROD_03133,LOC_0190,2025-06-11,12,1753.74,10.0,18940.39,Direct Sales
TXN_00337490,,PROD_00650,LOC_0061,2022-02-11,4,4057.42,20.0,12983.74,Partner
TXN_00369904,CUST_043224,PROD_00874,LOC_0183,2025-10-05,5,8092.3,15.0,34392.28,Retail
TXN_00231432,CUST_008838,PROD_02657,LOC_0019,2023-02-20,11,9053.28,10.0,89627.47,Partner
TXN_00209516,CUST_038081,PROD_04821,LOC_0172,2025-08-24,17,7156.23,20.0,97324.73,Partner
TXN_00192060,CUST_038956,PROD_02631,LOC_0187,2025-01-13,9,2326.0,5.0,19887.3,Partner
TXN_00261386,,PROD_01724,LOC_0096,2021-07-23,19,1660.46,10.0,28393.87,Partner
TXN_00424507,CUST_005444,PROD_03960,LOC_0048,2022-06-10,1,6242.96,20.0,4994.37,Retail
TXN_00061540,CUST_045572,PROD_04514,LOC_0143,2023-09-15,9,5218.95,5.0,44622.02,Online
TXN_00293675,CUST_044564,PROD_00569,LOC_0188,2023-07-15,9,4102.99,15.0,31387.87,Retail
TXN_00168902,CUST_017352,PROD_00271,LOC_0128,2021-01-11,7,2065.4,10.0,13012.02,Partner
TXN_00059929,CUST_020823,PROD_04308,LOC_0202,2024-10-29,4,208.34,5.0,791.69,Retail
TXN_00480085,CUST_038931,PROD_01497,LOC_0016,2025-04-30,11,752.41,15.0,7035.03,Partner
TXN_00453725,CUST_023501,PROD_01627,LOC_0008,2024-06-23,9,662.28,5.0,5662.49,Online
TXN_00113285,CUST_027780,PROD_00543,LOC_0144,2025-01-01,10,1186.28,5.0,11269.66,Direct Sales
TXN_00228763,CUST_000862,PROD_02286,LOC_0032,2022-05-18,5,9186.96,5.0,43638.06,Direct Sales
TXN_00424674,CUST_031092,PROD_04200,LOC_0068,2024-07-31,4,4364.65,10.0,15712.74,Retail
TXN_00155400,CUST_047876,PROD_01561,LOC_0093,2025-01-06,1,4664.8,0.0,4664.8,Retail
TXN_00371213,CUST_034095,PROD_01243,LOC_0005,2024-10-10,13,2288.58,15.0,25288.81,Retail
TXN_00163423,CUST_012722,PROD_02466,LOC_0010,2023-02-08,10,9479.89,20.0,75839.12,Online
TXN_00160893,CUST_036229,PROD_00891,LOC_0039,2025-08-03,4,9989.39,15.0,33963.93,Retail
TXN_00098474,CUST_002308,PROD_01657,LOC_0222,2023-04-16,17,4133.52,0.0,70269.84,Partner
TXN_00027360,CUST_015053,PROD_02923,LOC_0195,2024-01-03,9,7167.03,0.0,64503.27,Direct Sales
TXN_00007711,CUST_024314,PROD_03429,LOC_0010,2025-09-13,7,2341.76,5.0,15572.7,Retail
TXN_00493325,CUST_047545,PROD_03080,LOC_0211,2025-02-15,18,9316.42,0.0,167695.56,Partner
TXN_00367096,CUST_026113,PROD_01709,LOC_0092,2025-11-22,12,4941.42,10.0,53367.34,Retail
TXN_00002895,CUST_049486,PROD_03597,LOC_0184,2025-06-26,12,9471.72,0.0,113660.64,Retail
TXN_00452922,CUST_015333,PROD_04109,LOC_0168,2023-11-14,9,4052.52,15.0,31001.78,Partner
TXN_00136973,CUST_046289,PROD_04631,LOC_0114,2026-01-30,17,9849.51,20.0,133953.34,Retail
TXN_00263177,CUST_029008,PROD_00889,LOC_0079,2023-06-05,7,4968.7,10.0,31302.81,Partner
TXN_00287915,CUST_034637,PROD_03932,LOC_0045,2022-08-30,4,1029.31,10.0,3705.52,Online
TXN_00405730,CUST_024354,PROD_02726,LOC_0054,2025-03-26,14,8979.75,5.0,119430.67,Partner
TXN_00054329,CUST_006229,PROD_03836,LOC_0084,2024-06-17,12,2230.23,5.0,25424.62,Direct Sales
TXN_00031666,CUST_039518,PROD_01526,LOC_0105,2024-07-24,16,6687.51,10.0,96300.14,Partner
TXN_00236032,CUST_040053,PROD_03350,LOC_0064,2024-01-04,6,868.98,5.0,4953.19,Online
TXN_00380047,CUST_043842,PROD_03128,LOC_0021,2026-03-02,14,6958.55,15.0,82806.74,Partner
TXN_00057034,CUST_017971,PROD_01962,LOC_0103,2022-10-12,11,6515.66,15.0,60921.42,Partner
TXN_00260021,CUST_028038,PROD_01449,LOC_0203,2022-09-11,16,1310.25,20.0,16771.2,Partner
TXN_00190735,CUST_040147,PROD_02830,LOC_0071,2026-04-05,18,6715.51,5.0,114835.22,Direct Sales
TXN_00146259,CUST_019195,PROD_00089,LOC_0035,2023-01-30,10,6485.41,0.0,64854.1,Partner
TXN_00144901,CUST_042978,PROD_04254,LOC_0060,2024-07-11,16,6907.99,10.0,99475.06,Direct Sales
TXN_00193789,CUST_019663,PROD_03611,LOC_0043,2023-10-06,10,4343.67,15.0,36921.2,Direct Sales
TXN_00396526,CUST_029688,PROD_04774,LOC_0213,2026-06-26,4,2122.6,15.0,7216.84,Direct Sales
TXN_00447357,CUST_028790,PROD_04511,LOC_0093,2021-10-27,6,917.25,15.0,4677.97,Direct Sales
TXN_00388565,CUST_010223,PROD_02638,LOC_0083,2025-04-07,7,3723.81,20.0,20853.34,Online
TXN_00107118,CUST_014100,PROD_04837,LOC_0068,2022-03-14,9,3516.04,5.0,30062.14,Retail
TXN_00276034,CUST_022537,PROD_03454,LOC_0034,2026-06-16,12,3193.77,10.0,34492.72,Partner
TXN_00095772,CUST_041608,PROD_01210,LOC_0219,2026-04-09,12,4494.9,5.0,51241.86,Retail
TXN_00228691,CUST_027956,PROD_04772,LOC_0164,2023-02-22,2,5179.51,0.0,10359.02,Direct Sales
TXN_00449746,CUST_038248,PROD_02308,LOC_0164,2021-12-07,8,251.58,15.0,1710.74,Direct Sales
TXN_00349603,CUST_021058,PROD_00960,LOC_0022,2021-03-27,9,976.72,15.0,7471.91,Direct Sales
TXN_00434340,CUST_011000,PROD_03256,LOC_0080,2022-03-11,19,870.85,15.0,14064.23,Direct Sales
TXN_00131958,CUST_034304,PROD_02332,LOC_0041,2025-02-11,15,9784.93,20.0,117419.16,Online
TXN_00035387,,PROD_03075,LOC_0228,2023-05-07,17,3644.98,15.0,52669.96,Partner
TXN_00211033,CUST_046095,PROD_00147,LOC_0132,2025-10-07,14,6824.67,5.0,90768.11,Retail
TXN_00196656,CUST_031235,PROD_00409,LOC_0222,2021-12-26,12,3026.68,10.0,32688.14,Online
TXN_00023330,CUST_048562,PROD_00334,LOC_0234,2024-07-08,7,9237.13,15.0,54960.92,Online
TXN_00491769,CUST_028447,PROD_01757,LOC_0004,2023-05-26,19,8548.2,15.0,138053.43,Online
TXN_00171786,CUST_035058,PROD_01903,LOC_0040,2026-05-17,16,3469.11,10.0,49955.18,Retail
TXN_00171505,CUST_043184,PROD_04556,LOC_0145,2025-08-09,17,2175.47,5.0,35133.84,Partner
TXN_00253154,CUST_048711,PROD_02264,LOC_0109,2021-04-24,5,7121.98,10.0,32048.91,Direct Sales
TXN_00463712,CUST_040598,PROD_02469,LOC_0126,2024-03-30,16,6867.53,10.0,98892.43,Retail
TXN_00140369,CUST_038377,PROD_02063,LOC_0101,2022-08-29,7,4070.51,20.0,22794.86,Partner
TXN_00314426,CUST_025980,PROD_02703,LOC_0123,2025-06-29,15,7645.53,5.0,108948.8,Online
TXN_00263594,CUST_032439,PROD_00514,LOC_0144,2024-11-01,9,3301.49,0.0,29713.41,Direct Sales
TXN_00481898,CUST_010835,PROD_02888,LOC_0232,2026-03-05,7,7056.95,15.0,41988.85,Partner
TXN_00373026,CUST_010725,PROD_04129,LOC_0020,2025-04-26,10,8517.92,15.0,72402.32,Partner
TXN_00173093,CUST_009887,PROD_00641,LOC_0120,2022-12-11,12,5328.97,10.0,57552.88,Online
TXN_00439820,CUST_007488,PROD_04332,LOC_0189,2025-02-03,12,8520.77,10.0,92024.32,Direct Sales
TXN_00270331,CUST_030314,PROD_00788,LOC_0128,2025-06-14,7,3554.82,5.0,23639.55,Direct Sales
TXN_00285757,CUST_024688,PROD_04776,LOC_0176,2025-03-22,10,5391.1,10.0,48519.9,Retail
TXN_00371618,CUST_010352,PROD_02886,LOC_0129,2026-03-09,7,1900.11,20.0,10640.62,Partner
TXN_00138514,CUST_043585,PROD_01741,LOC_0155,2022-12-11,10,717.58,20.0,5740.64,Online
TXN_00082008,CUST_015362,PROD_00269,LOC_0167,2022-09-13,11,9104.11,5.0,95137.95,Retail
TXN_00485439,CUST_009110,PROD_00045,LOC_0183,2022-12-02,1,7476.59,15.0,6355.1,Retail
TXN_00088940,CUST_023271,PROD_01793,LOC_0067,2023-10-08,1,6648.92,20.0,5319.14,Direct Sales
TXN_00224392,CUST_013128,PROD_01556,LOC_0142,2025-12-09,15,210.45,20.0,2525.4,Retail
TXN_00020749,CUST_013095,PROD_03395,LOC_0151,2025-04-04,17,6141.25,10.0,93961.12,Retail
TXN_00016564,CUST_011840,PROD_00352,LOC_0131,2024-03-07,15,9157.07,0.0,137356.05,Direct Sales
TXN_00115583,CUST_024706,PROD_04784,LOC_0227,2022-03-13,6,7820.06,20.0,37536.29,Partner
TXN_00113729,CUST_031303,PROD_04953,LOC_0217,2023-07-31,12,1968.51,10.0,21259.91,Retail
TXN_00126353,CUST_025960,PROD_04283,LOC_0046,2025-02-18,1,5991.39,10.0,5392.25,Direct Sales
TXN_00268391,CUST_027382,PROD_02983,LOC_0170,2024-08-04,13,451.24,10.0,5279.51,Online
TXN_00236025,CUST_011711,PROD_00644,LOC_0155,2025-05-08,6,8704.24,15.0,44391.62,Online
TXN_00439610,CUST_011419,PROD_03067,LOC_0175,2022-06-04,19,9788.04,20.0,148778.21,Direct Sales
TXN_00089181,CUST_033035,PROD_02442,LOC_0223,2025-06-13,7,7766.02,15.0,46207.82,Online
TXN_00387050,CUST_044425,PROD_02362,LOC_0081,2024-01-08,14,9298.97,20.0,104148.46,Retail
TXN_00467078,CUST_001658,PROD_02154,LOC_0087,2021-06-08,4,9433.05,5.0,35845.59,Direct Sales
TXN_00188096,CUST_000623,PROD_03069,LOC_0202,2021-04-04,15,5389.16,20.0,64669.92,Partner
TXN_00069321,CUST_007909,PROD_02279,LOC_0026,2022-03-26,11,1912.23,5.0,19982.8,Retail
TXN_00241075,CUST_030866,PROD_00433,LOC_0127,2021-12-23,5,4642.81,15.0,19731.94,Retail
TXN_00367524,CUST_016063,PROD_00004,LOC_0105,2022-02-03,13,5403.06,20.0,56191.82,Online
TXN_00322563,CUST_008363,PROD_02414,LOC_0171,2021-08-08,17,1362.04,20.0,18523.74,Partner
TXN_00418375,CUST_000048,PROD_04334,LOC_0174,2023-07-30,5,7946.72,15.0,33773.56,Online
TXN_00286726,,PROD_02410,LOC_0116,2023-08-08,11,9485.05,5.0,99118.77,Online
TXN_00035897,CUST_037501,PROD_04396,LOC_0086,2023-02-10,2,4991.28,0.0,9982.56,Online
TXN_00028855,CUST_025727,PROD_03402,LOC_0092,2023-02-27,4,5788.24,0.0,23152.96,Partner
TXN_00379859,,PROD_02665,LOC_0225,2023-01-06,5,3692.78,0.0,18463.9,Online
TXN_00287916,CUST_016706,PROD_03276,LOC_0241,2023-01-06,13,4413.01,15.0,48763.76,Partner
TXN_00366109,CUST_034619,PROD_01682,LOC_0031,2024-05-24,17,2685.53,15.0,38805.91,Online
TXN_00352145,CUST_044783,PROD_00856,LOC_0033,2021-03-18,18,9800.45,0.0,176408.1,Retail
TXN_00380126,CUST_028712,PROD_04832,LOC_0094,2025-11-09,8,4265.18,10.0,30709.3,Partner
TXN_00402698,CUST_017757,PROD_02351,LOC_0001,2023-08-07,19,5213.86,0.0,99063.34,Retail
TXN_00094428,CUST_011205,PROD_00565,LOC_0190,2021-01-14,16,8128.8,0.0,130060.8,Partner
TXN_00156549,CUST_026633,PROD_04726,LOC_0111,2025-12-29,16,6081.9,10.0,87579.36,Online
TXN_00087848,CUST_012752,PROD_03672,LOC_0198,2024-09-24,13,3276.32,0.0,42592.16,Direct Sales
TXN_00012219,CUST_031206,PROD_04176,LOC_0053,2026-06-01,18,6551.47,15.0,100237.49,Online
TXN_00223228,CUST_047530,PROD_00333,LOC_0109,2024-03-06,19,4497.24,10.0,76902.8,Partner
TXN_00082793,CUST_042678,PROD_00018,LOC_0139,2021-05-27,15,4897.76,0.0,73466.4,Retail
TXN_00264293,CUST_012236,PROD_00563,LOC_0063,2022-07-31,19,1547.29,20.0,23518.81,Online
TXN_00104642,,PROD_00253,LOC_0005,2025-08-18,16,8548.55,15.0,116260.28,Direct Sales
TXN_00230639,,PROD_02968,LOC_0087,2022-12-05,11,347.99,10.0,3445.1,Direct Sales
TXN_00062742,CUST_037830,PROD_01827,LOC_0063,2024-03-13,3,1106.41,10.0,2987.31,Direct Sales
TXN_00091341,CUST_048606,PROD_00802,LOC_0152,2022-02-22,19,9371.95,20.0,142453.64,Online
TXN_00019588,CUST_032836,PROD_01311,LOC_0182,2024-05-31,19,4968.25,20.0,75517.4,Retail
TXN_00305735,CUST_012727,PROD_00406,LOC_0135,2025-03-02,13,1037.24,15.0,11461.5,Retail
TXN_00120823,CUST_027998,PROD_02075,LOC_0002,2022-02-24,2,4039.66,20.0,6463.46,Partner
TXN_00454977,CUST_044834,PROD_03972,LOC_0201,2023-06-19,19,6734.85,0.0,127962.15,Direct Sales
TXN_00418976,CUST_026750,PROD_03438,LOC_0187,2024-12-16,12,2806.89,0.0,33682.68,Direct Sales
TXN_00054114,CUST_032592,PROD_03952,LOC_0099,2021-10-12,6,3338.2,15.0,17024.82,Online
TXN_00055247,CUST_029231,PROD_03316,LOC_0172,2025-08-29,17,750.33,20.0,10204.49,Partner
TXN_00497548,CUST_036244,PROD_00934,LOC_0118,2024-03-31,4,2204.2,10.0,7935.12,Direct Sales
TXN_00306625,CUST_034313,PROD_04136,LOC_0197,2025-05-01,5,6185.41,20.0,24741.64,Partner
TXN_00484597,CUST_033172,PROD_02112,LOC_0111,2025-09-21,19,2061.78,0.0,39173.82,Online
TXN_00286095,CUST_048934,PROD_04201,LOC_0001,2021-12-07,17,3074.7,5.0,49656.4,Direct Sales
TXN_00299768,CUST_037837,PROD_04235,LOC_0054,2024-02-12,1,9289.52,5.0,8825.04,Online
TXN_00287176,CUST_004511,PROD_03668,LOC_0248,2024-04-23,3,7074.2,20.0,16978.08,Direct Sales
TXN_00108923,CUST_012670,PROD_00354,LOC_0104,2021-01-22,2,3872.98,0.0,7745.96,Direct Sales
TXN_00063845,,PROD_01063,LOC_0207,2022-05-01,10,4018.41,20.0,32147.28,Online
TXN_00258965,CUST_040128,PROD_02452,LOC_0002,2021-10-19,11,7202.16,5.0,75262.57,Partner
TXN_00212817,CUST_001447,PROD_02114,LOC_0012,2023-10-12,12,717.2,15.0,7315.44,Direct Sales
TXN_00236301,CUST_009550,PROD_00014,LOC_0249,2024-03-09,17,2683.41,15.0,38775.27,Partner
TXN_00389129,CUST_045674,PROD_03837,LOC_0187,2021-04-17,12,9188.83,15.0,93726.07,Retail
TXN_00329360,CUST_028287,PROD_00974,LOC_0089,2022-11-22,17,7041.13,5.0,113714.25,Online
TXN_00085697,CUST_029284,PROD_01270,LOC_0229,2024-08-10,10,2543.96,15.0,21623.66,Direct Sales
TXN_00107334,CUST_024714,PROD_03189,LOC_0017,2022-11-15,13,8445.03,15.0,93317.58,Direct Sales
TXN_00319634,CUST_008665,PROD_02008,LOC_0062,2022-09-19,6,7016.04,15.0,35781.8,Retail
TXN_00226928,CUST_041290,PROD_03333,LOC_0078,2025-01-07,6,9565.73,0.0,57394.38,Online
TXN_00204339,CUST_032439,PROD_02844,LOC_0160,2023-03-24,18,8849.87,20.0,127438.13,Retail
TXN_00297187,CUST_041856,PROD_04890,LOC_0130,2023-04-22,5,4479.47,0.0,22397.35,Online
TXN_00069995,CUST_022002,PROD_02600,LOC_0226,2021-10-08,18,7077.1,20.0,101910.24,Retail
TXN_00486703,CUST_037388,PROD_00164,LOC_0046,2026-03-05,6,9986.15,5.0,56921.05,Online
TXN_00477541,CUST_042902,PROD_02894,LOC_0182,2022-01-20,9,8782.84,0.0,79045.56,Retail
TXN_00432525,CUST_004631,PROD_01592,LOC_0204,2021-08-09,13,7794.61,15.0,86130.44,Direct Sales
TXN_00032905,CUST_042953,PROD_01021,LOC_0049,2024-02-28,3,3923.13,20.0,9415.51,Online
TXN_00468942,CUST_022424,PROD_00271,LOC_0141,2026-01-18,2,4685.02,20.0,7496.03,Partner
TXN_00401876,CUST_033286,PROD_04309,LOC_0180,2026-02-22,16,1496.54,5.0,22747.41,Online
TXN_00373797,,PROD_01567,LOC_0036,2022-06-29,9,9378.23,5.0,80183.87,Direct Sales
TXN_00436021,CUST_014817,PROD_03317,LOC_0020,2024-06-09,9,7394.95,0.0,66554.55,Direct Sales
TXN_00133185,CUST_032350,PROD_04231,LOC_0071,2022-08-14,1,3848.58,10.0,3463.72,Partner
TXN_00419106,CUST_011761,PROD_01606,LOC_0099,2022-08-30,5,6916.83,10.0,31125.74,Online
TXN_00215134,CUST_010056,PROD_02880,LOC_0027,2021-11-06,11,4663.26,5.0,48731.07,Direct Sales
TXN_00182812,CUST_011112,PROD_04454,LOC_0141,2021-07-19,18,1593.51,20.0,22946.54,Online
TXN_00104184,CUST_009444,PROD_01467,LOC_0220,2024-01-25,17,544.58,5.0,8794.97,Online
TXN_00016461,CUST_020908,PROD_00739,LOC_0159,2022-01-30,13,4267.61,15.0,47157.09,Online
TXN_00055002,CUST_035253,PROD_02236,LOC_0143,2024-04-25,11,5550.17,5.0,57999.28,Direct Sales
TXN_00085085,CUST_015879,PROD_02903,LOC_0158,2026-03-01,17,8672.06,5.0,140053.77,Direct Sales
TXN_00336625,CUST_038710,PROD_00575,LOC_0161,2022-01-26,8,7606.54,20.0,48681.86,Direct Sales
TXN_00415073,CUST_001093,PROD_02082,LOC_0092,2024-07-07,16,7115.93,0.0,113854.88,Retail
TXN_00237050,CUST_046139,PROD_00645,LOC_0037,2024-03-08,16,7615.35,15.0,103568.76,Retail
TXN_00443461,CUST_041082,PROD_01149,LOC_0081,2024-08-13,18,2617.26,10.0,42399.61,Retail
TXN_00439138,CUST_027004,PROD_03422,LOC_0133,2021-08-06,9,2413.54,15.0,18463.58,Direct Sales
TXN_00487584,CUST_000563,PROD_03492,LOC_0106,2022-05-11,14,2942.86,5.0,39140.04,Direct Sales
TXN_00100677,CUST_024133,PROD_02419,LOC_0213,2024-06-05,19,558.23,0.0,10606.37,Retail
TXN_00313013,CUST_030729,PROD_02335,LOC_0124,2025-09-19,2,5306.37,5.0,10082.1,Online
TXN_00225328,CUST_016599,PROD_04325,LOC_0091,2024-11-23,7,6370.29,15.0,37903.23,Online
TXN_00245055,CUST_007112,PROD_01749,LOC_0043,2023-12-04,11,8259.83,5.0,86315.22,Partner
TXN_00089349,CUST_044422,PROD_04268,LOC_0177,2023-10-14,17,3520.34,5.0,56853.49,Direct Sales
TXN_00266438,CUST_030963,PROD_02933,LOC_0246,2026-03-31,7,7604.61,5.0,50570.66,Direct Sales
TXN_00045481,CUST_014288,PROD_01625,LOC_0002,2024-04-24,5,8442.55,15.0,35880.84,Retail
TXN_00101795,CUST_029354,PROD_00395,LOC_0085,2021-07-05,19,9455.88,10.0,161695.55,Partner
TXN_00305923,CUST_016155,PROD_04532,LOC_0156,2021-04-13,17,944.59,15.0,13649.33,Retail
TXN_00042266,CUST_035106,PROD_01336,LOC_0006,2023-03-28,9,1068.63,15.0,8175.02,Partner
TXN_00374163,CUST_022182,PROD_00846,LOC_0093,2021-10-24,6,1099.82,15.0,5609.08,Partner
TXN_00384291,CUST_039692,PROD_02143,LOC_0072,2021-07-12,14,2736.12,10.0,34475.11,Retail
TXN_00328628,CUST_018626,PROD_04187,LOC_0173,2024-06-05,11,3614.38,15.0,33794.45,Retail
TXN_00400491,CUST_009164,PROD_02005,LOC_0113,2024-04-04,4,2100.53,0.0,8402.12,Retail
TXN_00391003,CUST_043136,PROD_04986,LOC_0123,2022-04-18,7,5115.01,15.0,30434.31,Online
TXN_00053517,CUST_047449,PROD_00456,LOC_0249,2023-03-03,15,9857.37,0.0,147860.55,Retail
TXN_00057689,,PROD_02933,LOC_0150,2023-11-16,1,514.26,5.0,488.55,Retail
TXN_00350897,CUST_003550,PROD_00107,LOC_0171,2023-10-31,6,9333.73,15.0,47602.02,Online
TXN_00485962,CUST_023348,PROD_03792,LOC_0174,2022-09-15,9,5822.66,20.0,41923.15,Partner
TXN_00451148,CUST_038300,PROD_02078,LOC_0249,2023-11-18,18,2636.76,5.0,45088.6,Partner
TXN_00222343,CUST_038631,PROD_02495,LOC_0166,2024-03-28,5,8833.01,0.0,44165.05,Retail
TXN_00214754,CUST_047464,PROD_01869,LOC_0165,2021-09-01,18,7212.35,20.0,103857.84,Direct Sales
TXN_00364363,CUST_024801,PROD_02556,LOC_0195,2025-08-07,3,7118.39,15.0,18151.89,Online
TXN_00116376,CUST_039835,PROD_04693,LOC_0229,2025-08-05,16,1681.7,20.0,21525.76,Partner
TXN_00431556,CUST_010973,PROD_02470,LOC_0013,2023-04-26,16,3180.05,5.0,48336.76,Retail
TXN_00235756,CUST_026058,PROD_00485,LOC_0028,2023-07-19,5,6115.52,5.0,29048.72,Retail
TXN_00233483,CUST_027820,PROD_02305,LOC_0091,2021-01-13,2,7314.74,0.0,14629.48,Direct Sales
TXN_00181642,CUST_013979,PROD_03188,LOC_0218,2022-03-14,16,4782.96,0.0,76527.36,Retail
TXN_00303913,CUST_043374,PROD_01765,LOC_0199,2025-03-29,2,9983.31,5.0,18968.29,Partner
TXN_00285092,CUST_016277,PROD_02489,LOC_0192,2021-09-10,6,3094.65,15.0,15782.72,Direct Sales
TXN_00315703,CUST_048652,PROD_00360,LOC_0161,2026-03-01,16,3074.82,10.0,44277.41,Retail
TXN_00180667,CUST_044344,PROD_02013,LOC_0116,2023-12-07,19,4562.73,20.0,69353.5,Online
TXN_00441032,CUST_019788,PROD_01939,LOC_0127,2025-03-24,12,5949.9,0.0,71398.8,Direct Sales
TXN_00089291,CUST_004664,PROD_00047,LOC_0174,2022-10-16,3,9474.11,10.0,25580.1,Online
TXN_00025934,CUST_007968,PROD_02652,LOC_0058,2025-04-11,2,4452.38,15.0,7569.05,Retail
TXN_00456911,CUST_024182,PROD_04298,LOC_0214,2023-05-01,19,6085.11,0.0,115617.09,Direct Sales
TXN_00077024,CUST_042431,PROD_04911,LOC_0125,2021-04-10,2,265.15,0.0,530.3,Direct Sales
TXN_00381159,CUST_039537,PROD_00030,LOC_0103,2024-05-09,14,1499.53,0.0,20993.42,Online
TXN_00345705,CUST_041206,PROD_02008,LOC_0147,2025-06-24,17,3285.08,15.0,47469.41,Retail
TXN_00469217,CUST_008628,PROD_03562,LOC_0103,2026-03-10,12,5482.46,15.0,55921.09,Retail
TXN_00317100,CUST_049814,PROD_00752,LOC_0107,2025-04-08,3,8677.41,5.0,24730.62,Retail
TXN_00273309,CUST_033148,PROD_00758,LOC_0234,2021-12-14,2,5434.25,20.0,8694.8,Online
TXN_00451174,CUST_026998,PROD_04814,LOC_0246,2023-08-10,1,9135.2,0.0,9135.2,Direct Sales
TXN_00014820,,PROD_00762,LOC_0230,2023-01-27,10,9305.73,20.0,74445.84,Online
TXN_00472665,CUST_033027,PROD_04412,LOC_0173,2024-06-09,6,4783.11,5.0,27263.73,Retail
TXN_00474926,CUST_030057,PROD_01077,LOC_0073,2025-01-18,13,7082.44,0.0,92071.72,Partner
TXN_00229873,CUST_040064,PROD_00154,LOC_0211,2023-11-22,19,9729.54,5.0,175618.2,Partner
TXN_00341209,CUST_034427,PROD_01034,LOC_0084,2026-01-04,16,6713.54,5.0,102045.81,Direct Sales
TXN_00293007,CUST_039559,PROD_03449,LOC_0170,2021-04-23,3,1334.44,10.0,3602.99,Retail
TXN_00197282,CUST_006877,PROD_01831,LOC_0093,2025-09-18,5,5239.28,10.0,23576.76,Partner
TXN_00267541,CUST_049540,PROD_03789,LOC_0091,2025-12-06,4,735.73,0.0,2942.92,Online
TXN_00419040,CUST_038158,PROD_00235,LOC_0001,2022-02-24,12,5118.77,20.0,49140.19,Partner
TXN_00193850,CUST_004756,PROD_03362,LOC_0237,2026-03-13,11,1247.39,15.0,11663.1,Partner
TXN_00496349,CUST_002720,PROD_03546,LOC_0009,2021-03-27,4,3712.71,10.0,13365.76,Partner
TXN_00186539,CUST_028553,PROD_03381,LOC_0170,2026-02-16,13,4880.62,15.0,53930.85,Online
TXN_00087931,CUST_047684,PROD_03922,LOC_0069,2023-08-01,5,3765.49,10.0,16944.7,Retail
TXN_00306971,,PROD_02530,LOC_0223,2022-01-01,15,4186.66,20.0,50239.92,Partner
TXN_00455121,CUST_032753,PROD_04464,LOC_0089,2024-02-06,12,4582.82,10.0,49494.46,Online
TXN_00419138,CUST_037825,PROD_01406,LOC_0218,2021-06-22,4,570.23,5.0,2166.87,Partner
TXN_00311338,CUST_017896,PROD_03765,LOC_0218,2025-05-14,5,2529.74,0.0,12648.7,Partner
TXN_00429448,CUST_001289,PROD_02031,LOC_0017,2021-02-01,11,3087.39,0.0,33961.29,Online
TXN_00411285,CUST_013871,PROD_00906,LOC_0193,2025-10-27,12,5167.35,0.0,62008.2,Partner
TXN_00185165,CUST_018520,PROD_02656,LOC_0216,2022-06-01,4,4088.63,5.0,15536.79,Retail
TXN_00170901,CUST_027384,PROD_02555,LOC_0077,2021-12-12,16,9567.99,0.0,153087.84,Partner
TXN_00180723,CUST_017422,PROD_03426,LOC_0083,2025-02-06,15,9771.16,5.0,139239.03,Retail
TXN_00180615,CUST_019687,PROD_03277,LOC_0074,2022-08-12,16,8265.73,0.0,132251.68,Online
TXN_00428943,CUST_032517,PROD_03123,LOC_0147,2021-01-19,13,9797.87,0.0,127372.31,Online
TXN_00284681,CUST_032633,PROD_04600,LOC_0012,2024-11-16,2,7319.91,10.0,13175.84,Online
TXN_00432292,CUST_030922,PROD_02056,LOC_0098,2022-07-25,5,5610.99,15.0,23846.71,Retail
TXN_00070137,,PROD_03948,LOC_0145,2025-03-07,4,2936.73,20.0,9397.54,Retail
TXN_00047361,CUST_024975,PROD_01512,LOC_0150,2025-08-06,3,8263.5,5.0,23550.98,Partner
TXN_00330287,CUST_018387,PROD_04919,LOC_0117,2022-12-24,2,8518.25,10.0,15332.85,Partner
TXN_00053087,CUST_009027,PROD_03320,LOC_0108,2025-11-29,12,868.95,5.0,9906.03,Online
TXN_00043434,CUST_022217,PROD_00596,LOC_0021,2024-02-28,8,2654.72,20.0,16990.21,Online
TXN_00234046,CUST_021976,PROD_00960,LOC_0207,2025-05-24,2,1995.64,5.0,3791.72,Partner
TXN_00415525,CUST_011697,PROD_00646,LOC_0176,2024-09-18,10,3915.78,15.0,33284.13,Partner
TXN_00106903,CUST_025371,PROD_01920,LOC_0228,2023-11-27,15,1684.95,5.0,24010.54,Partner
TXN_00100617,CUST_043064,PROD_04766,LOC_0030,2025-01-05,18,8271.52,10.0,133998.62,Direct Sales
TXN_00170056,CUST_016403,PROD_03531,LOC_0143,2026-05-20,13,363.68,10.0,4255.06,Partner
TXN_00398794,CUST_040022,PROD_03353,LOC_0222,2023-12-03,10,2961.73,20.0,23693.84,Partner
TXN_00413514,CUST_005849,PROD_02231,LOC_0211,2025-11-06,4,3745.68,10.0,13484.45,Retail
TXN_00025024,CUST_033081,PROD_00245,LOC_0239,2026-01-11,16,4253.15,10.0,61245.36,Online
TXN_00243861,CUST_004069,PROD_03107,LOC_0197,2024-12-27,6,1088.6,10.0,5878.44,Retail
TXN_00309924,CUST_004077,PROD_00776,LOC_0177,2023-05-25,5,8006.74,10.0,36030.33,Partner
TXN_00478104,CUST_032278,PROD_00387,LOC_0137,2021-01-04,16,8638.37,20.0,110571.14,Direct Sales
TXN_00099833,CUST_008662,PROD_00077,LOC_0202,2022-03-30,8,7748.54,10.0,55789.49,Online
TXN_00197166,CUST_006071,PROD_02370,LOC_0201,2023-09-10,7,5608.07,0.0,39256.49,Partner
TXN_00434685,CUST_032076,PROD_00105,LOC_0049,2025-03-29,9,3251.15,0.0,29260.35,Direct Sales
TXN_00157170,CUST_027388,PROD_02874,LOC_0166,2024-06-24,16,1839.82,20.0,23549.7,Retail
TXN_00209505,CUST_037756,PROD_03225,LOC_0162,2023-06-07,11,2916.37,15.0,27268.06,Partner
TXN_00407636,CUST_003326,PROD_00959,LOC_0213,2024-11-09,8,6347.8,15.0,43165.04,Direct Sales
TXN_00478226,CUST_026872,PROD_02467,LOC_0205,2021-02-23,8,2063.62,10.0,14858.06,Partner
TXN_00394150,CUST_049899,PROD_02195,LOC_0160,2025-07-24,18,7308.56,15.0,111820.97,Online
TXN_00491968,CUST_022495,PROD_01201,LOC_0104,2022-07-10,18,9016.16,10.0,146061.79,Online
TXN_00062530,CUST_019036,PROD_01773,LOC_0222,2022-11-04,3,8534.0,15.0,21761.7,Retail
TXN_00029131,CUST_007636,PROD_01376,LOC_0116,2025-10-15,12,9098.85,5.0,103726.89,Online
TXN_00209525,CUST_010902,PROD_03564,LOC_0192,2022-07-31,5,6889.37,15.0,29279.82,Direct Sales
TXN_00369240,,PROD_04641,LOC_0178,2021-05-04,18,4660.91,15.0,71311.92,Direct Sales
TXN_00409240,CUST_035716,PROD_04140,LOC_0018,2024-08-13,7,6819.45,20.0,38188.92,Partner
TXN_00364194,,PROD_03311,LOC_0016,2022-12-05,8,1142.04,15.0,7765.87,Online
TXN_00324462,CUST_026914,PROD_01443,LOC_0178,2022-01-13,3,8978.79,0.0,26936.37,Retail
TXN_00370754,CUST_044730,PROD_00514,LOC_0236,2026-01-28,18,8565.49,15.0,131052.0,Direct Sales
TXN_00437838,CUST_010664,PROD_01028,LOC_0165,2026-01-31,6,2654.97,20.0,12743.86,Direct Sales
TXN_00132530,CUST_015395,PROD_04589,LOC_0082,2025-08-30,14,7532.94,10.0,94915.04,Online
TXN_00139929,CUST_032073,PROD_02896,LOC_0116,2023-09-29,6,5395.09,0.0,32370.54,Partner
TXN_00397169,CUST_004158,PROD_01743,LOC_0180,2021-01-14,6,1152.48,20.0,5531.9,Partner
TXN_00013396,CUST_049346,PROD_02586,LOC_0068,2022-03-29,12,3614.85,15.0,36871.47,Direct Sales
TXN_00192741,CUST_029594,PROD_00623,LOC_0240,2024-07-27,7,4612.43,5.0,30672.66,Online
TXN_00058255,CUST_022857,PROD_03466,LOC_0245,2023-10-09,15,2558.89,10.0,34545.02,Online
TXN_00305124,CUST_044997,PROD_03667,LOC_0166,2024-01-24,15,9162.67,10.0,123696.04,Direct Sales
TXN_00462336,CUST_041711,PROD_04571,LOC_0079,2025-09-20,13,1560.89,20.0,16233.26,Direct Sales
TXN_00215977,CUST_004618,PROD_03485,LOC_0002,2022-01-17,7,7201.41,15.0,42848.39,Direct Sales
TXN_00268414,CUST_006687,PROD_02955,LOC_0065,2022-06-21,17,7748.21,20.0,105375.66,Retail
TXN_00278187,CUST_039791,PROD_04972,LOC_0066,2024-06-16,13,7899.72,20.0,82157.09,Online
TXN_00353070,CUST_015507,PROD_03887,LOC_0126,2025-09-13,7,7000.53,15.0,41653.15,Direct Sales
TXN_00408205,CUST_043661,PROD_04628,LOC_0041,2023-08-05,19,789.08,15.0,12743.64,Retail
TXN_00118386,CUST_010818,PROD_01959,LOC_0101,2024-09-10,14,7409.87,15.0,88177.45,Direct Sales
TXN_00255177,CUST_011188,PROD_04570,LOC_0196,2025-03-13,9,214.21,15.0,1638.71,Partner
TXN_00248907,CUST_002954,PROD_00056,LOC_0116,2021-02-01,1,7440.59,20.0,5952.47,Online
TXN_00155059,CUST_026840,PROD_01046,LOC_0041,2025-06-25,9,2075.41,5.0,17744.76,Online
TXN_00278823,CUST_010844,PROD_02334,LOC_0189,2022-08-08,13,6295.44,5.0,77748.68,Direct Sales
TXN_00317473,CUST_028391,PROD_04779,LOC_0074,2025-08-29,16,5092.48,10.0,73331.71,Online
TXN_00417190,CUST_003688,PROD_02847,LOC_0221,2022-06-11,5,7493.28,0.0,37466.4,Direct Sales
TXN_00266139,CUST_020195,PROD_01158,LOC_0136,2021-06-09,12,9710.66,5.0,110701.52,Partner
TXN_00466713,CUST_028104,PROD_04076,LOC_0240,2023-05-19,14,2015.82,0.0,28221.48,Partner
TXN_00095576,CUST_021986,PROD_01466,LOC_0247,2024-08-03,10,214.68,10.0,1932.12,Online
TXN_00471926,CUST_022381,PROD_03264,LOC_0099,2022-04-04,17,6466.02,20.0,87937.87,Retail
TXN_00268206,CUST_036868,PROD_03926,LOC_0096,2024-08-04,11,4420.94,5.0,46198.82,Direct Sales
TXN_00275152,CUST_019676,PROD_01490,LOC_0133,2023-05-10,7,3724.15,10.0,23462.14,Retail
TXN_00348953,CUST_028545,PROD_01505,LOC_0081,2023-12-23,11,1661.39,0.0,18275.29,Retail
TXN_00115492,CUST_035741,PROD_01479,LOC_0043,2025-06-24,13,8351.57,20.0,86856.33,Direct Sales
TXN_00476357,CUST_013595,PROD_01544,LOC_0111,2025-02-05,10,7534.6,5.0,71578.7,Retail
TXN_00123718,CUST_026656,PROD_01623,LOC_0078,2026-06-16,17,252.33,20.0,3431.69,Direct Sales
TXN_00346083,CUST_046338,PROD_04644,LOC_0090,2025-07-24,2,2570.33,5.0,4883.63,Partner
TXN_00239437,CUST_049182,PROD_04309,LOC_0067,2026-06-07,5,4603.29,5.0,21865.63,Online
TXN_00477037,CUST_012969,PROD_02710,LOC_0059,2021-05-10,18,7589.96,15.0,116126.39,Retail
TXN_00208427,CUST_030486,PROD_01088,LOC_0062,2025-09-20,9,498.74,20.0,3590.93,Retail
TXN_00040241,CUST_042553,PROD_00942,LOC_0231,2026-02-14,2,2311.26,5.0,4391.39,Direct Sales
TXN_00274922,CUST_002359,PROD_01005,LOC_0070,2024-07-06,7,977.76,0.0,6844.32,Direct Sales
TXN_00135712,CUST_023974,PROD_00497,LOC_0094,2024-09-14,2,6428.8,20.0,10286.08,Retail
TXN_00070660,CUST_029515,PROD_02828,LOC_0246,2022-08-29,14,4947.98,0.0,69271.72,Online
TXN_00079849,CUST_040161,PROD_01065,LOC_0096,2025-09-13,8,6282.31,0.0,50258.48,Online
TXN_00163390,CUST_033234,PROD_00507,LOC_0174,2022-01-01,15,6679.4,10.0,90171.9,Partner
TXN_00184726,CUST_044800,PROD_01762,LOC_0193,2026-05-25,16,3773.28,20.0,48297.98,Partner
TXN_00343644,CUST_031400,PROD_01048,LOC_0148,2021-03-08,19,2311.46,15.0,37330.08,Direct Sales
TXN_00125168,CUST_001473,PROD_02499,LOC_0120,2022-11-03,17,2639.46,5.0,42627.28,Retail
TXN_00078827,CUST_038114,PROD_04817,LOC_0185,2026-06-03,19,8177.75,0.0,155377.25,Partner
TXN_00028583,CUST_023595,PROD_03246,LOC_0163,2022-03-14,9,460.63,5.0,3938.39,Direct Sales
TXN_00248807,CUST_020197,PROD_04754,LOC_0133,2025-09-09,9,1803.63,5.0,15421.04,Direct Sales
TXN_00499131,CUST_012998,PROD_01712,LOC_0215,2021-04-06,3,6949.4,20.0,16678.56,Online
TXN_00359995,CUST_006403,PROD_03754,LOC_0212,2024-07-07,1,9206.32,0.0,9206.32,Retail
TXN_00373479,CUST_041273,PROD_00752,LOC_0049,2025-09-06,8,8744.96,5.0,66461.7,Online
TXN_00231378,CUST_000702,PROD_00033,LOC_0228,2026-02-07,19,1852.57,10.0,31678.95,Retail
TXN_00270692,CUST_018622,PROD_03550,LOC_0118,2022-12-21,4,5837.23,0.0,23348.92,Retail
TXN_00424271,CUST_024627,PROD_00004,LOC_0242,2022-02-14,3,1922.22,20.0,4613.33,Partner
TXN_00393103,CUST_000786,PROD_00308,LOC_0205,2021-07-30,15,1702.79,0.0,25541.85,Direct Sales
TXN_00022554,CUST_039567,PROD_02879,LOC_0020,2021-10-06,18,5398.35,5.0,92311.78,Online
TXN_00250099,CUST_005811,PROD_01340,LOC_0042,2022-08-12,1,8494.34,10.0,7644.91,Online
TXN_00445123,CUST_009282,PROD_02383,LOC_0154,2026-01-18,2,1677.57,20.0,2684.11,Direct Sales
TXN_00056075,CUST_038873,PROD_04988,LOC_0161,2022-02-10,8,3565.19,20.0,22817.22,Online
TXN_00380542,CUST_041677,PROD_00241,LOC_0117,2021-08-10,8,9082.64,10.0,65395.01,Online
TXN_00118332,CUST_026873,PROD_04168,LOC_0092,2023-09-18,10,4721.61,10.0,42494.49,Direct Sales
TXN_00302714,CUST_018189,PROD_03131,LOC_0066,2023-09-24,16,5064.37,5.0,76978.42,Partner
TXN_00155649,CUST_036947,PROD_00871,LOC_0172,2023-03-02,12,167.19,0.0,2006.28,Retail
TXN_00049734,CUST_020292,PROD_01250,LOC_0011,2024-12-18,10,6667.86,20.0,53342.88,Partner
TXN_00195742,CUST_001266,PROD_03427,LOC_0005,2024-08-04,18,6918.05,0.0,124524.9,Partner
TXN_00389551,CUST_034438,PROD_00482,LOC_0177,2021-09-29,11,9229.34,0.0,101522.74,Retail
TXN_00268009,CUST_048222,PROD_01505,LOC_0063,2026-05-16,1,2395.23,0.0,2395.23,Retail
TXN_00135472,CUST_018265,PROD_01328,LOC_0077,2021-07-02,13,6196.65,10.0,72500.8,Partner
TXN_00054998,CUST_008494,PROD_04395,LOC_0096,2026-03-06,5,9833.37,10.0,44250.17,Partner
TXN_00159870,CUST_023821,PROD_00249,LOC_0233,2022-09-21,17,494.83,10.0,7570.9,Online
TXN_00146883,CUST_038139,PROD_03779,LOC_0057,2023-11-19,6,7031.3,15.0,35859.63,Online
TXN_00200121,CUST_048351,PROD_02324,LOC_0157,2021-08-01,1,1941.51,20.0,1553.21,Online
TXN_00219197,CUST_010356,PROD_02950,LOC_0077,2023-07-05,13,3825.4,5.0,47243.69,Direct Sales
TXN_00465064,CUST_039382,PROD_04234,LOC_0174,2023-08-31,16,9610.31,10.0,138388.46,Online
TXN_00393595,CUST_010742,PROD_02936,LOC_0184,2021-09-02,4,6053.76,10.0,21793.54,Partner
TXN_00452379,CUST_006672,PROD_04081,LOC_0108,2022-03-08,14,1365.46,0.0,19116.44,Online
TXN_00309362,CUST_030798,PROD_00535,LOC_0013,2024-12-09,17,8673.8,15.0,125336.41,Partner
TXN_00166105,CUST_043995,PROD_02414,LOC_0247,2022-06-11,1,6451.19,0.0,6451.19,Online
TXN_00379172,CUST_046668,PROD_00851,LOC_0151,2024-08-03,13,7658.63,20.0,79649.75,Retail
TXN_00101522,CUST_035056,PROD_04517,LOC_0087,2021-09-20,8,7051.6,20.0,45130.24,Direct Sales
TXN_00053253,CUST_039328,PROD_03608,LOC_0051,2026-05-11,13,5851.62,5.0,72267.51,Partner
TXN_00361875,CUST_019200,PROD_04705,LOC_0128,2024-08-11,9,1344.03,15.0,10281.83,Direct Sales
TXN_00350081,CUST_009494,PROD_01024,LOC_0041,2026-02-20,14,3977.18,0.0,55680.52,Direct Sales
TXN_00230201,CUST_032999,PROD_04810,LOC_0105,2021-05-06,9,3793.23,5.0,32432.12,Online
TXN_00273610,CUST_045726,PROD_02496,LOC_0032,2024-05-27,15,8746.96,20.0,104963.52,Direct Sales
TXN_00204761,,PROD_03151,LOC_0187,2021-09-01,2,3620.77,5.0,6879.46,Online
TXN_00462768,CUST_027767,PROD_02902,LOC_0249,2022-11-06,2,5894.34,15.0,10020.38,Direct Sales
TXN_00080299,CUST_039946,PROD_01215,LOC_0114,2024-10-29,1,3276.51,10.0,2948.86,Online
TXN_00155253,CUST_042099,PROD_03450,LOC_0186,2025-02-11,17,6531.17,10.0,99926.9,Partner
TXN_00112974,CUST_016564,PROD_02055,LOC_0156,2026-02-04,7,5941.5,10.0,37431.45,Direct Sales
TXN_00215385,CUST_039836,PROD_00576,LOC_0024,2025-06-30,10,3191.42,10.0,28722.78,Retail
TXN_00471210,,PROD_02088,LOC_0219,2025-09-28,10,331.57,0.0,3315.7,Direct Sales
TXN_00248634,CUST_017840,PROD_03891,LOC_0113,2022-09-07,18,439.25,15.0,6720.52,Retail
TXN_00405987,CUST_013294,PROD_03045,LOC_0053,2022-02-26,12,5617.48,5.0,64039.27,Retail
TXN_00130824,,PROD_01151,LOC_0095,2021-01-24,15,5700.81,0.0,85512.15,Online
TXN_00004583,CUST_045307,PROD_02917,LOC_0195,2024-12-27,9,9503.45,15.0,72701.39,Partner
TXN_00247706,CUST_047053,PROD_02836,LOC_0060,2024-05-09,18,7125.38,15.0,109018.31,Partner
TXN_00306814,CUST_041812,PROD_01845,LOC_0175,2023-01-23,6,9228.43,10.0,49833.52,Retail
TXN_00148722,CUST_005845,PROD_02973,LOC_0040,2023-06-09,9,6763.75,10.0,54786.38,Direct Sales
TXN_00437647,CUST_022401,PROD_01989,LOC_0132,2022-08-30,3,7604.25,20.0,18250.2,Retail
TXN_00274740,CUST_000819,PROD_01036,LOC_0119,2024-05-04,11,2140.93,15.0,20017.7,Direct Sales
TXN_00394947,CUST_021086,PROD_03128,LOC_0049,2021-08-23,2,7797.43,15.0,13255.63,Retail
TXN_00333324,CUST_008356,PROD_01513,LOC_0017,2022-04-03,12,3931.26,5.0,44816.36,Online
TXN_00086687,CUST_002891,PROD_00021,LOC_0188,2022-11-24,1,9669.31,10.0,8702.38,Partner
TXN_00126786,CUST_006373,PROD_02426,LOC_0038,2023-08-11,14,8723.99,20.0,97708.69,Retail
TXN_00021915,CUST_028358,PROD_04916,LOC_0198,2023-06-27,12,4771.8,0.0,57261.6,Direct Sales
TXN_00178930,CUST_034945,PROD_04993,LOC_0061,2025-10-02,11,4429.39,10.0,43850.96,Direct Sales
TXN_00136074,CUST_018683,PROD_03064,LOC_0100,2024-06-26,16,6088.09,0.0,97409.44,Partner
TXN_00205078,CUST_039052,PROD_03740,LOC_0160,2022-09-07,11,7671.12,20.0,67505.86,Online
TXN_00462176,CUST_044184,PROD_03032,LOC_0082,2021-09-01,9,2387.48,15.0,18264.22,Retail
TXN_00420651,CUST_022434,PROD_00777,LOC_0164,2022-06-04,12,7037.82,10.0,76008.46,Retail
TXN_00269292,CUST_001299,PROD_00413,LOC_0185,2024-04-23,4,259.27,10.0,933.37,Online
TXN_00387701,CUST_010298,PROD_01234,LOC_0077,2025-10-11,7,6041.17,20.0,33830.55,Online
TXN_00048906,CUST_000924,PROD_02611,LOC_0193,2021-03-12,1,8066.32,10.0,7259.69,Direct Sales
TXN_00034600,CUST_005487,PROD_02520,LOC_0202,2026-01-21,6,693.03,5.0,3950.27,Retail
TXN_00039769,CUST_003720,PROD_00566,LOC_0221,2026-05-10,1,635.18,0.0,635.18,Direct Sales
TXN_00492616,CUST_024140,PROD_03723,LOC_0137,2025-08-26,12,8510.03,5.0,97014.34,Retail
TXN_00109991,CUST_002734,PROD_04784,LOC_0021,2021-10-01,1,2404.89,10.0,2164.4,Partner
TXN_00175871,CUST_044061,PROD_00653,LOC_0083,2024-08-18,12,8782.42,0.0,105389.04,Partner
TXN_00130895,CUST_017060,PROD_00224,LOC_0032,2021-01-06,9,7533.94,15.0,57634.64,Retail
TXN_00384443,CUST_014998,PROD_01964,LOC_0241,2025-12-27,10,1085.34,0.0,10853.4,Direct Sales
TXN_00475233,CUST_022369,PROD_01557,LOC_0051,2021-08-30,15,9232.94,10.0,124644.69,Online
TXN_00440571,CUST_040336,PROD_02152,LOC_0191,2021-03-04,9,8882.09,15.0,67947.99,Online
TXN_00280484,CUST_020409,PROD_01836,LOC_0049,2024-04-02,18,6063.1,0.0,109135.8,Direct Sales
TXN_00100525,CUST_017275,PROD_00508,LOC_0062,2021-09-06,13,1588.69,10.0,18587.67,Online
TXN_00039678,,PROD_03181,LOC_0161,2023-07-01,16,6368.25,20.0,81513.6,Retail
TXN_00038195,CUST_008915,PROD_04964,LOC_0132,2024-01-27,6,3888.69,15.0,19832.32,Online
TXN_00275656,CUST_016187,PROD_02895,LOC_0106,2024-01-26,11,7151.06,5.0,74728.58,Partner
TXN_00320851,CUST_041715,PROD_00063,LOC_0041,2024-11-02,17,2437.34,0.0,41434.78,Partner
TXN_00229505,CUST_027136,PROD_00761,LOC_0103,2022-11-29,16,4640.97,0.0,74255.52,Online
TXN_00069330,CUST_019482,PROD_04647,LOC_0214,2021-03-31,10,3840.92,10.0,34568.28,Online
TXN_00098634,CUST_000704,PROD_02709,LOC_0148,2023-05-14,10,5444.39,15.0,46277.32,Direct Sales
TXN_00399168,CUST_012258,PROD_03544,LOC_0094,2021-02-01,8,6345.51,10.0,45687.67,Online
TXN_00376857,CUST_034909,PROD_02161,LOC_0057,2023-04-05,15,9067.12,10.0,122406.12,Partner
TXN_00167237,CUST_043305,PROD_04123,LOC_0070,2022-02-21,14,1383.96,15.0,16469.12,Direct Sales
TXN_00007576,CUST_043155,PROD_00514,LOC_0068,2025-02-28,14,3218.16,5.0,42801.53,Retail
TXN_00166642,CUST_049701,PROD_02472,LOC_0199,2025-09-13,14,820.84,20.0,9193.41,Direct Sales
TXN_00224712,CUST_008300,PROD_02378,LOC_0044,2023-11-02,13,3558.71,20.0,37010.58,Direct Sales
TXN_00153801,CUST_024038,PROD_02899,LOC_0064,2023-01-16,5,5040.31,5.0,23941.47,Online
TXN_00467650,CUST_049824,PROD_04029,LOC_0004,2024-09-09,5,3340.41,5.0,15866.95,Partner
TXN_00474839,CUST_004434,PROD_04763,LOC_0066,2021-05-17,14,7393.65,20.0,82808.88,Online
TXN_00351343,CUST_036588,PROD_02221,LOC_0178,2021-05-09,4,3712.13,5.0,14106.09,Partner
TXN_00473921,CUST_013510,PROD_02003,LOC_0243,2025-11-16,13,2724.32,20.0,28332.93,Online
TXN_00471389,CUST_029173,PROD_03162,LOC_0036,2024-04-16,6,3347.96,5.0,19083.37,Partner
TXN_00059509,CUST_008899,PROD_00509,LOC_0106,2024-12-08,7,5960.76,10.0,37552.79,Direct Sales
TXN_00280156,CUST_028601,PROD_00924,LOC_0113,2022-08-26,7,9664.69,20.0,54122.26,Retail
TXN_00132330,CUST_001104,PROD_03856,LOC_0138,2026-05-11,10,5172.59,10.0,46553.31,Direct Sales
TXN_00493296,CUST_002352,PROD_01079,LOC_0141,2022-11-12,12,6334.55,5.0,72213.87,Retail
TXN_00228109,CUST_031765,PROD_04479,LOC_0153,2024-08-19,8,4087.27,5.0,31063.25,Partner
TXN_00263829,CUST_012596,PROD_03454,LOC_0016,2024-12-30,10,6010.83,5.0,57102.88,Retail
TXN_00475504,CUST_025682,PROD_03715,LOC_0171,2022-06-04,7,7859.93,20.0,44015.61,Partner
TXN_00136856,CUST_041509,PROD_01848,LOC_0114,2025-02-13,9,980.48,0.0,8824.32,Retail
TXN_00275384,CUST_007274,PROD_00402,LOC_0165,2021-04-08,18,5464.3,10.0,88521.66,Direct Sales
TXN_00176152,CUST_037101,PROD_03668,LOC_0101,2022-01-18,8,4572.24,0.0,36577.92,Retail
TXN_00318417,CUST_027819,PROD_04316,LOC_0114,2023-06-19,18,7325.05,0.0,131850.9,Direct Sales
TXN_00368691,,PROD_02992,LOC_0133,2023-09-06,5,4709.54,5.0,22370.32,Direct Sales
TXN_00453415,CUST_012755,PROD_00210,LOC_0027,2023-07-06,4,3452.54,20.0,11048.13,Partner
TXN_00256700,CUST_035547,PROD_01356,LOC_0046,2026-04-22,15,4294.3,5.0,61193.77,Online
TXN_00404819,CUST_012260,PROD_01456,LOC_0216,2024-02-05,5,6641.95,0.0,33209.75,Direct Sales
TXN_00165068,CUST_017123,PROD_04454,LOC_0153,2022-05-04,3,130.16,10.0,351.43,Retail
TXN_00208600,CUST_018322,PROD_00805,LOC_0178,2024-05-29,17,689.12,20.0,9372.03,Direct Sales
TXN_00028794,CUST_035207,PROD_02551,LOC_0006,2024-05-04,15,761.93,10.0,10286.05,Online
TXN_00089646,CUST_044122,PROD_03058,LOC_0169,2025-10-13,15,8353.0,15.0,106500.75,Partner
TXN_00439079,CUST_031492,PROD_03577,LOC_0151,2022-12-18,6,6763.71,10.0,36524.03,Online
TXN_00065505,,PROD_01537,LOC_0165,2026-04-13,7,2868.09,15.0,17065.14,Partner
TXN_00001018,CUST_018232,PROD_03935,LOC_0044,2024-02-07,17,1200.39,20.0,16325.3,Partner
TXN_00424095,CUST_010810,PROD_04668,LOC_0006,2021-03-23,5,8261.83,0.0,41309.15,Online
TXN_00487417,CUST_023669,PROD_02819,LOC_0139,2023-03-22,6,1035.86,5.0,5904.4,Online
TXN_00003343,CUST_034264,PROD_02048,LOC_0149,2025-07-11,18,108.45,10.0,1756.89,Online
TXN_00449990,CUST_026046,PROD_02055,LOC_0167,2023-11-23,13,1596.05,5.0,19711.22,Online
TXN_00096518,CUST_010755,PROD_01033,LOC_0040,2025-12-31,10,5714.02,5.0,54283.19,Online
TXN_00246134,CUST_042427,PROD_00766,LOC_0010,2022-05-06,17,2548.9,15.0,36831.61,Online
TXN_00359479,CUST_019085,PROD_01023,LOC_0145,2021-04-29,7,1280.1,10.0,8064.63,Retail
TXN_00030017,CUST_023703,PROD_04408,LOC_0129,2023-11-14,10,7668.88,0.0,76688.8,Online
TXN_00239745,CUST_039518,PROD_00818,LOC_0237,2022-09-09,1,7132.63,5.0,6776.0,Direct Sales
TXN_00350099,CUST_032932,PROD_00050,LOC_0151,2021-08-04,19,2965.53,20.0,45076.06,Partner
TXN_00295039,CUST_037316,PROD_00742,LOC_0109,2025-10-06,7,5303.32,20.0,29698.59,Retail
TXN_00179317,CUST_011480,PROD_04749,LOC_0164,2022-08-11,6,4312.25,20.0,20698.8,Partner
TXN_00429264,CUST_008078,PROD_00291,LOC_0141,2023-04-28,3,1901.04,20.0,4562.5,Direct Sales
TXN_00110027,CUST_008777,PROD_04763,LOC_0198,2024-03-22,18,206.89,10.0,3351.62,Direct Sales
TXN_00181709,CUST_043039,PROD_00982,LOC_0115,2021-08-20,13,7662.38,20.0,79688.75,Retail
TXN_00203066,CUST_007459,PROD_02024,LOC_0232,2023-10-21,15,5551.82,0.0,83277.3,Direct Sales
TXN_00084015,CUST_005936,PROD_01519,LOC_0184,2023-02-06,1,2151.08,15.0,1828.42,Retail
TXN_00052318,CUST_042091,PROD_03471,LOC_0057,2023-11-17,4,907.79,5.0,3449.6,Retail
TXN_00430644,CUST_029946,PROD_04601,LOC_0175,2025-12-30,17,5244.39,20.0,71323.7,Online
TXN_00164558,CUST_035312,PROD_03978,LOC_0248,2026-04-11,2,3354.23,10.0,6037.61,Direct Sales
TXN_00399099,CUST_027748,PROD_01168,LOC_0025,2026-04-27,4,5355.87,15.0,18209.96,Partner
TXN_00105968,,PROD_01195,LOC_0182,2021-01-09,11,3196.99,15.0,29891.86,Partner
TXN_00027459,CUST_007168,PROD_01349,LOC_0004,2026-04-24,7,292.06,20.0,1635.54,Retail
TXN_00006173,CUST_042883,PROD_04566,LOC_0184,2021-08-05,1,7771.67,0.0,7771.67,Partner
TXN_00119394,CUST_026917,PROD_04146,LOC_0111,2022-03-23,3,308.9,20.0,741.36,Retail
TXN_00456372,CUST_015744,PROD_02523,LOC_0074,2022-10-06,1,8757.93,0.0,8757.93,Partner
TXN_00419249,CUST_036025,PROD_03227,LOC_0233,2024-01-25,1,2802.85,0.0,2802.85,Retail
TXN_00237359,CUST_039597,PROD_02601,LOC_0133,2021-08-29,10,593.95,0.0,5939.5,Partner
TXN_00158888,CUST_014277,PROD_03740,LOC_0078,2023-01-06,17,6648.49,15.0,96070.68,Direct Sales
TXN_00196466,CUST_025426,PROD_01421,LOC_0054,2023-12-12,5,3772.34,10.0,16975.53,Online
TXN_00405191,CUST_013054,PROD_00043,LOC_0084,2025-01-21,6,7951.92,15.0,40554.79,Partner
TXN_00104842,CUST_004951,PROD_04714,LOC_0228,2024-05-26,4,5276.17,0.0,21104.68,Online
TXN_00244723,CUST_031885,PROD_04146,LOC_0045,2023-02-13,18,2627.25,15.0,40196.92,Direct Sales
TXN_00008527,,PROD_03305,LOC_0104,2025-02-01,8,1200.53,10.0,8643.82,Direct Sales
TXN_00328505,CUST_005924,PROD_04651,LOC_0003,2021-11-23,2,3261.6,20.0,5218.56,Direct Sales
TXN_00114691,CUST_034014,PROD_04216,LOC_0152,2024-12-04,19,6505.09,5.0,117416.87,Retail
TXN_00475744,CUST_023381,PROD_00611,LOC_0128,2024-01-26,3,838.94,15.0,2139.3,Online
TXN_00291408,CUST_027452,PROD_03355,LOC_0119,2022-06-29,18,3377.15,5.0,57749.26,Direct Sales
TXN_00265739,CUST_008998,PROD_00102,LOC_0039,2022-06-20,12,3636.44,5.0,41455.42,Retail
TXN_00096044,,PROD_01326,LOC_0070,2022-11-10,5,9842.58,15.0,41830.96,Retail
TXN_00325302,CUST_048821,PROD_04378,LOC_0039,2022-07-03,11,5858.25,5.0,61218.71,Direct Sales
TXN_00473711,CUST_030483,PROD_01179,LOC_0063,2024-11-25,8,2079.66,15.0,14141.69,Online
TXN_00142451,CUST_005608,PROD_00576,LOC_0028,2022-07-22,4,9829.65,20.0,31454.88,Retail
TXN_00360444,CUST_041385,PROD_04617,LOC_0145,2023-05-01,10,6181.93,15.0,52546.4,Retail
TXN_00108376,CUST_008501,PROD_00492,LOC_0107,2021-01-22,11,6400.62,20.0,56325.46,Retail
TXN_00208919,CUST_016711,PROD_00281,LOC_0060,2021-06-02,15,9216.65,5.0,131337.26,Partner
TXN_00367021,CUST_027706,PROD_02575,LOC_0154,2022-08-10,17,9801.05,5.0,158286.96,Retail
TXN_00304821,CUST_017649,PROD_04789,LOC_0153,2022-12-16,5,9037.11,15.0,38407.72,Direct Sales
TXN_00021971,CUST_012178,PROD_01149,LOC_0231,2021-10-22,6,2369.4,10.0,12794.76,Retail
TXN_00220777,CUST_038603,PROD_03736,LOC_0059,2023-08-18,7,7859.94,20.0,44015.66,Retail
TXN_00173037,CUST_018052,PROD_01647,LOC_0081,2026-04-11,16,529.14,5.0,8042.93,Direct Sales
TXN_00381308,CUST_039121,PROD_04485,LOC_0014,2021-04-27,18,8780.6,20.0,126440.64,Retail
TXN_00132033,CUST_030627,PROD_04890,LOC_0179,2024-02-03,6,9980.62,15.0,50901.16,Direct Sales
TXN_00314413,CUST_021499,PROD_01946,LOC_0031,2025-11-05,9,6526.39,0.0,58737.51,Direct Sales
TXN_00365640,CUST_031674,PROD_01983,LOC_0040,2023-08-21,17,2070.5,10.0,31678.65,Retail
TXN_00176063,CUST_009802,PROD_01232,LOC_0073,2023-01-19,5,859.44,0.0,4297.2,Direct Sales
TXN_00304289,CUST_024175,PROD_01843,LOC_0146,2025-12-26,18,4322.16,5.0,73908.94,Online
TXN_00126409,CUST_016756,PROD_03122,LOC_0170,2024-09-01,19,1595.56,10.0,27284.08,Retail
TXN_00365241,CUST_032045,PROD_02901,LOC_0045,2025-02-16,2,4096.72,15.0,6964.42,Partner
TXN_00224630,CUST_031102,PROD_03950,LOC_0137,2023-05-29,17,9886.98,5.0,159674.73,Direct Sales
TXN_00181454,CUST_031505,PROD_04866,LOC_0115,2023-11-14,11,8540.11,10.0,84547.09,Retail
TXN_00019113,CUST_011403,PROD_02046,LOC_0033,2024-06-03,4,9888.92,0.0,39555.68,Direct Sales
TXN_00001055,,PROD_00325,LOC_0224,2026-04-18,4,986.7,0.0,3946.8,Direct Sales
TXN_00414978,CUST_011508,PROD_01391,LOC_0246,2023-09-04,12,8388.78,10.0,90598.82,Direct Sales
TXN_00245413,CUST_003938,PROD_01314,LOC_0027,2023-06-01,17,8845.02,5.0,142847.07,Online
TXN_00428009,CUST_000453,PROD_00211,LOC_0113,2025-08-17,10,3796.11,15.0,32266.94,Partner
TXN_00260267,CUST_016074,PROD_01102,LOC_0193,2025-12-30,13,6943.57,10.0,81239.77,Retail
TXN_00386407,CUST_000392,PROD_01582,LOC_0147,2021-05-06,7,8119.8,20.0,45470.88,Retail
TXN_00320201,CUST_028472,PROD_04208,LOC_0034,2024-11-11,11,6370.13,0.0,70071.43,Retail
TXN_00312268,CUST_026859,PROD_00042,LOC_0220,2021-01-20,13,503.39,20.0,5235.26,Direct Sales
TXN_00019582,,PROD_00924,LOC_0167,2024-11-02,8,7746.35,20.0,49576.64,Retail
TXN_00168666,CUST_006223,PROD_01631,LOC_0170,2024-05-10,16,9574.44,15.0,130212.38,Retail
TXN_00328914,CUST_041135,PROD_01270,LOC_0069,2023-02-10,4,1961.41,20.0,6276.51,Online
TXN_00073262,CUST_009098,PROD_02154,LOC_0193,2024-06-17,14,8528.49,10.0,107458.97,Direct Sales
TXN_00386129,CUST_010144,PROD_00190,LOC_0197,2021-09-26,16,8608.74,0.0,137739.84,Partner
TXN_00020100,CUST_021638,PROD_01040,LOC_0180,2026-06-03,14,4714.93,5.0,62708.57,Retail
TXN_00182529,CUST_029576,PROD_04259,LOC_0031,2024-01-16,5,2608.63,15.0,11086.68,Partner
TXN_00026808,CUST_010136,PROD_00839,LOC_0119,2026-03-20,4,7991.95,5.0,30369.41,Online
TXN_00291273,CUST_033378,PROD_00547,LOC_0214,2021-08-06,18,4654.93,10.0,75409.87,Retail
TXN_00245710,CUST_044616,PROD_04144,LOC_0060,2021-12-13,12,9297.78,10.0,100416.02,Online
TXN_00306011,CUST_014100,PROD_02497,LOC_0237,2023-03-09,2,3105.54,5.0,5900.53,Online
TXN_00129215,CUST_031792,PROD_02652,LOC_0232,2022-05-24,3,8026.94,20.0,19264.66,Retail
TXN_00475015,CUST_031913,PROD_03046,LOC_0214,2022-12-03,19,1340.14,15.0,21643.26,Online
TXN_00227810,CUST_012980,PROD_00538,LOC_0057,2022-02-18,14,4875.5,15.0,58018.45,Online
TXN_00143516,CUST_010898,PROD_00356,LOC_0236,2025-06-06,16,233.68,5.0,3551.94,Direct Sales
TXN_00059459,CUST_025433,PROD_03073,LOC_0024,2022-01-17,5,6474.03,5.0,30751.64,Online
TXN_00019198,CUST_040257,PROD_02741,LOC_0183,2021-09-29,7,6522.4,15.0,38808.28,Retail
TXN_00455191,,PROD_02530,LOC_0149,2023-01-02,5,3184.95,15.0,13536.04,Direct Sales
TXN_00078920,,PROD_04554,LOC_0176,2024-03-27,11,6637.38,10.0,65710.06,Partner
TXN_00358393,CUST_000567,PROD_00040,LOC_0150,2026-01-29,3,6870.3,15.0,17519.26,Direct Sales
TXN_00394993,CUST_021110,PROD_00356,LOC_0111,2022-08-17,8,5376.15,15.0,36557.82,Online
TXN_00451321,CUST_002271,PROD_03327,LOC_0113,2023-02-02,8,5882.52,5.0,44707.15,Online
TXN_00479283,,PROD_04911,LOC_0188,2025-08-21,7,1873.67,5.0,12459.91,Online
TXN_00488749,CUST_030562,PROD_03698,LOC_0228,2024-08-17,9,766.29,20.0,5517.29,Direct Sales
TXN_00203170,CUST_049261,PROD_03285,LOC_0048,2024-05-10,14,9442.59,5.0,125586.45,Retail
TXN_00445275,CUST_037522,PROD_01521,LOC_0018,2021-06-03,5,5319.13,0.0,26595.65,Direct Sales
TXN_00125097,CUST_028158,PROD_01753,LOC_0153,2025-05-31,13,2694.64,0.0,35030.32,Direct Sales
TXN_00009686,CUST_046492,PROD_03265,LOC_0047,2022-11-20,14,8233.4,20.0,92214.08,Partner
TXN_00333822,CUST_005803,PROD_02985,LOC_0151,2023-11-23,9,3699.47,5.0,31630.47,Partner
TXN_00487092,CUST_030025,PROD_03312,LOC_0073,2023-11-15,3,3857.44,10.0,10415.09,Online
TXN_00272213,,PROD_02328,LOC_0229,2022-11-19,17,4920.22,0.0,83643.74,Online
TXN_00037949,CUST_015705,PROD_03776,LOC_0090,2023-09-03,1,7204.14,5.0,6843.93,Direct Sales
TXN_00331465,CUST_043535,PROD_04434,LOC_0042,2024-12-26,18,4484.99,5.0,76693.33,Partner
TXN_00220294,CUST_002383,PROD_01277,LOC_0048,2025-05-06,9,8338.48,10.0,67541.69,Retail
TXN_00053789,CUST_007324,PROD_00076,LOC_0068,2022-01-23,17,3456.55,15.0,49947.15,Direct Sales
TXN_00424437,CUST_022774,PROD_00783,LOC_0204,2021-02-02,3,6239.23,5.0,17781.81,Retail
TXN_00047481,CUST_012477,PROD_01513,LOC_0002,2025-02-12,14,1762.0,15.0,20967.8,Online
TXN_00378072,CUST_014253,PROD_01063,LOC_0197,2026-04-26,11,4549.03,0.0,50039.33,Partner
TXN_00062216,CUST_027542,PROD_02158,LOC_0056,2023-03-25,17,8898.49,10.0,136146.9,Partner
TXN_00070025,CUST_044116,PROD_00760,LOC_0248,2025-07-06,17,6659.35,5.0,107548.5,Partner
TXN_00082705,CUST_047280,PROD_02932,LOC_0074,2026-04-27,7,6718.94,0.0,47032.58,Retail
TXN_00368148,CUST_039845,PROD_00756,LOC_0099,2022-08-11,5,9849.53,20.0,39398.12,Direct Sales
TXN_00457800,CUST_039693,PROD_04461,LOC_0187,2026-04-28,2,5645.67,20.0,9033.07,Retail
TXN_00258233,CUST_011178,PROD_03915,LOC_0241,2022-12-01,7,7412.61,5.0,49293.86,Partner
TXN_00192926,CUST_036733,PROD_01057,LOC_0214,2024-04-12,5,4812.1,10.0,21654.45,Online
TXN_00460237,CUST_021041,PROD_01385,LOC_0059,2023-11-26,7,2378.15,15.0,14149.99,Online
TXN_00117857,CUST_043114,PROD_00500,LOC_0045,2021-04-29,5,319.85,20.0,1279.4,Partner
TXN_00336683,CUST_036045,PROD_04407,LOC_0014,2021-09-20,2,1879.29,5.0,3570.65,Retail
TXN_00427555,CUST_011342,PROD_04339,LOC_0003,2021-11-16,10,2196.11,20.0,17568.88,Partner
TXN_00422714,CUST_035708,PROD_03828,LOC_0185,2022-04-18,19,4060.02,10.0,69426.34,Online
TXN_00117551,CUST_019885,PROD_00928,LOC_0074,2024-10-07,12,757.1,20.0,7268.16,Online
TXN_00252444,CUST_043953,PROD_03514,LOC_0140,2024-11-21,16,5519.25,15.0,75061.8,Partner
TXN_00004445,CUST_029238,PROD_03979,LOC_0168,2021-08-15,18,1057.66,10.0,17134.09,Direct Sales
TXN_00290690,,PROD_03130,LOC_0057,2021-11-11,13,3682.27,10.0,43082.56,Partner
TXN_00472050,CUST_021084,PROD_03778,LOC_0239,2025-10-01,15,6154.0,15.0,78463.5,Direct Sales
TXN_00214050,CUST_047339,PROD_00993,LOC_0018,2024-08-10,15,883.38,10.0,11925.63,Partner
TXN_00076689,CUST_005261,PROD_01651,LOC_0213,2022-01-16,11,6030.71,20.0,53070.25,Online
TXN_00386553,CUST_018757,PROD_00680,LOC_0017,2023-04-23,6,1566.36,10.0,8458.34,Online
TXN_00318496,CUST_007250,PROD_00816,LOC_0019,2024-06-23,14,442.74,20.0,4958.69,Online
TXN_00003711,CUST_045359,PROD_03964,LOC_0080,2025-07-11,4,6713.81,10.0,24169.72,Retail
TXN_00434977,CUST_025427,PROD_03372,LOC_0041,2021-01-16,1,5102.75,10.0,4592.48,Direct Sales
TXN_00188610,CUST_004110,PROD_04815,LOC_0102,2024-04-15,5,5330.07,5.0,25317.83,Partner
TXN_00327409,CUST_038937,PROD_01046,LOC_0035,2022-06-11,14,747.12,5.0,9936.7,Online
TXN_00055643,CUST_013548,PROD_04310,LOC_0140,2023-10-19,6,7786.21,20.0,37373.81,Retail
TXN_00101493,CUST_011865,PROD_00769,LOC_0156,2026-03-10,9,1986.61,5.0,16985.52,Retail
TXN_00272801,CUST_022890,PROD_03400,LOC_0103,2024-12-28,2,3284.8,0.0,6569.6,Online
TXN_00456823,CUST_016016,PROD_02596,LOC_0174,2024-01-21,14,4655.31,20.0,52139.47,Partner
TXN_00135155,CUST_001776,PROD_02553,LOC_0094,2024-12-31,7,682.19,20.0,3820.26,Online
TXN_00223871,CUST_043086,PROD_01858,LOC_0217,2021-08-18,15,7099.79,5.0,101172.01,Retail
TXN_00017356,CUST_044294,PROD_01205,LOC_0243,2021-10-03,6,2358.61,5.0,13444.08,Online
TXN_00079986,CUST_011074,PROD_00282,LOC_0217,2025-01-06,2,2262.57,15.0,3846.37,Partner
TXN_00441730,CUST_027419,PROD_01174,LOC_0085,2023-04-15,19,2014.65,5.0,36364.43,Retail
TXN_00031838,CUST_000475,PROD_00965,LOC_0076,2024-05-13,1,8036.75,15.0,6831.24,Partner
TXN_00311566,CUST_013044,PROD_02382,LOC_0119,2023-02-08,9,756.42,10.0,6127.0,Retail
TXN_00183880,CUST_035132,PROD_03572,LOC_0247,2021-01-26,4,4613.61,20.0,14763.55,Partner
TXN_00404956,CUST_037194,PROD_00384,LOC_0187,2025-01-01,3,2987.3,5.0,8513.8,Partner
TXN_00292154,CUST_025074,PROD_00268,LOC_0210,2022-08-13,11,8357.78,10.0,82742.02,Online
TXN_00257155,CUST_014595,PROD_03149,LOC_0131,2025-06-27,19,7029.02,5.0,126873.81,Online
TXN_00310646,CUST_044475,PROD_04692,LOC_0047,2024-04-27,12,378.41,5.0,4313.87,Online
TXN_00466774,CUST_040444,PROD_00957,LOC_0203,2022-08-18,16,8022.72,0.0,128363.52,Direct Sales
TXN_00051616,CUST_045638,PROD_04478,LOC_0108,2025-10-18,7,1310.09,0.0,9170.63,Partner
TXN_00069701,CUST_038109,PROD_03763,LOC_0078,2024-12-19,18,5924.35,20.0,85310.64,Direct Sales
TXN_00346746,,PROD_03176,LOC_0228,2021-10-24,19,9706.02,15.0,156752.22,Online
TXN_00036887,CUST_027852,PROD_02480,LOC_0042,2026-03-11,8,2825.24,5.0,21471.82,Partner
TXN_00405035,CUST_017961,PROD_00512,LOC_0088,2023-12-08,2,7767.55,0.0,15535.1,Direct Sales
TXN_00121222,CUST_003610,PROD_02530,LOC_0059,2022-01-26,10,2428.69,15.0,20643.87,Direct Sales
TXN_00355193,CUST_002911,PROD_04558,LOC_0201,2023-12-31,17,935.73,20.0,12725.93,Retail
TXN_00106953,CUST_032966,PROD_02193,LOC_0132,2022-01-30,8,4687.89,15.0,31877.65,Retail
TXN_00066961,CUST_028554,PROD_04137,LOC_0228,2024-09-13,16,5481.23,0.0,87699.68,Direct Sales
TXN_00183380,CUST_003052,PROD_03698,LOC_0140,2021-10-11,10,4643.28,10.0,41789.52,Retail
TXN_00355378,CUST_047081,PROD_03298,LOC_0131,2024-12-14,5,3815.47,20.0,15261.88,Online
TXN_00476251,CUST_035233,PROD_04256,LOC_0037,2024-09-18,4,8245.33,5.0,31332.25,Partner
TXN_00074781,CUST_008203,PROD_04980,LOC_0064,2024-09-04,7,4944.92,15.0,29422.27,Online
TXN_00119748,CUST_034563,PROD_04828,LOC_0241,2024-02-02,5,8248.41,10.0,37117.84,Online
TXN_00300517,CUST_023456,PROD_03796,LOC_0005,2025-12-27,6,5827.24,0.0,34963.44,Retail
TXN_00054495,CUST_037298,PROD_04397,LOC_0229,2023-05-29,16,1042.76,20.0,13347.33,Partner
TXN_00398561,CUST_035694,PROD_01912,LOC_0066,2025-08-11,5,6933.42,10.0,31200.39,Online
TXN_00206100,CUST_045096,PROD_01936,LOC_0182,2023-08-15,15,1458.08,0.0,21871.2,Online
TXN_00193684,CUST_034687,PROD_00651,LOC_0236,2024-03-25,5,2686.71,15.0,11418.52,Direct Sales
TXN_00241267,CUST_002519,PROD_01446,LOC_0047,2022-10-23,13,4307.72,5.0,53200.34,Partner
TXN_00107245,CUST_037664,PROD_02779,LOC_0006,2025-12-22,12,7426.54,15.0,75750.71,Online
TXN_00206404,CUST_007333,PROD_02616,LOC_0182,2023-09-11,5,7000.14,10.0,31500.63,Retail
TXN_00490365,CUST_023281,PROD_01275,LOC_0129,2022-05-01,15,6568.02,5.0,93594.28,Direct Sales
TXN_00123698,CUST_048040,PROD_02562,LOC_0185,2025-05-10,3,4752.88,0.0,14258.64,Partner
TXN_00249804,CUST_047014,PROD_03636,LOC_0172,2025-03-29,18,8297.87,15.0,126957.41,Retail
TXN_00402258,CUST_010064,PROD_02750,LOC_0140,2025-05-30,14,8432.49,10.0,106249.37,Direct Sales
TXN_00293035,CUST_000890,PROD_01366,LOC_0044,2026-01-04,2,3957.36,10.0,7123.25,Partner
TXN_00418505,CUST_002834,PROD_00080,LOC_0028,2022-07-13,3,4948.53,10.0,13361.03,Partner
TXN_00096870,CUST_040124,PROD_02976,LOC_0225,2021-10-14,11,1911.35,15.0,17871.12,Retail
TXN_00411434,CUST_031980,PROD_01886,LOC_0136,2026-01-06,3,635.66,5.0,1811.63,Retail
TXN_00201439,CUST_020229,PROD_02121,LOC_0117,2021-10-23,10,1509.3,10.0,13583.7,Direct Sales
TXN_00141847,CUST_038544,PROD_03018,LOC_0081,2022-08-31,9,7965.47,0.0,71689.23,Online
TXN_00002705,CUST_044736,PROD_01583,LOC_0233,2023-10-18,16,6995.74,10.0,100738.66,Retail
TXN_00331293,CUST_048963,PROD_04061,LOC_0200,2023-07-24,14,6721.89,0.0,94106.46,Direct Sales
TXN_00273607,CUST_009324,PROD_01732,LOC_0045,2025-10-20,18,7581.16,20.0,109168.7,Retail
TXN_00381348,,PROD_04514,LOC_0175,2026-04-12,11,4588.54,5.0,47950.24,Partner
TXN_00295863,CUST_018966,PROD_01528,LOC_0134,2024-03-23,15,1187.72,0.0,17815.8,Retail
TXN_00467296,CUST_003196,PROD_03497,LOC_0007,2022-05-19,16,591.84,20.0,7575.55,Direct Sales
TXN_00222219,CUST_006326,PROD_02889,LOC_0160,2023-01-29,10,3836.0,0.0,38360.0,Online
TXN_00305795,CUST_041907,PROD_04646,LOC_0092,2024-10-22,2,9238.84,20.0,14782.14,Partner
TXN_00098439,CUST_029420,PROD_04281,LOC_0176,2022-01-01,14,5309.92,15.0,63188.05,Online
TXN_00006060,CUST_000443,PROD_02084,LOC_0149,2021-09-19,18,479.33,15.0,7333.75,Retail
TXN_00015176,CUST_003674,PROD_03314,LOC_0071,2023-06-26,9,5365.64,10.0,43461.68,Direct Sales
TXN_00029566,,PROD_01273,LOC_0166,2021-01-02,15,3097.91,15.0,39498.35,Retail
TXN_00003242,CUST_017579,PROD_00576,LOC_0244,2022-08-23,2,7551.45,0.0,15102.9,Partner
TXN_00217552,CUST_015610,PROD_02483,LOC_0172,2022-03-18,10,5461.29,20.0,43690.32,Direct Sales
TXN_00092475,CUST_035887,PROD_02774,LOC_0102,2025-08-04,17,1863.59,0.0,31681.03,Retail
TXN_00131400,,PROD_01096,LOC_0009,2022-09-16,17,7377.38,15.0,106603.14,Partner
TXN_00492569,CUST_008265,PROD_02232,LOC_0141,2026-06-15,2,9962.67,15.0,16936.54,Retail
TXN_00194267,CUST_016329,PROD_03919,LOC_0011,2022-01-13,14,4807.41,5.0,63938.55,Online
TXN_00380090,CUST_034203,PROD_03623,LOC_0036,2021-12-31,7,5246.81,10.0,33054.9,Retail
TXN_00326109,CUST_004559,PROD_03389,LOC_0225,2025-05-09,5,4725.29,0.0,23626.45,Retail
TXN_00012286,CUST_022411,PROD_00178,LOC_0021,2025-06-15,7,3783.32,15.0,22510.75,Retail
TXN_00196621,CUST_031604,PROD_00436,LOC_0198,2023-07-09,3,6632.78,10.0,17908.51,Direct Sales
TXN_00257122,CUST_021869,PROD_02974,LOC_0016,2024-07-02,16,5999.64,5.0,91194.53,Direct Sales
TXN_00135602,CUST_044091,PROD_01217,LOC_0021,2025-03-04,18,1975.8,10.0,32007.96,Partner
TXN_00161901,CUST_046795,PROD_03707,LOC_0148,2023-01-29,10,2305.07,15.0,19593.1,Retail
TXN_00052483,CUST_000034,PROD_04205,LOC_0177,2025-10-23,15,2839.67,0.0,42595.05,Online
TXN_00453764,CUST_048201,PROD_04118,LOC_0109,2022-02-06,5,2929.76,15.0,12451.48,Retail
TXN_00327649,CUST_040669,PROD_04776,LOC_0120,2024-02-10,9,1480.18,10.0,11989.46,Partner
TXN_00169342,CUST_015190,PROD_03175,LOC_0140,2023-11-28,15,6019.54,15.0,76749.14,Online
TXN_00327484,CUST_038717,PROD_03523,LOC_0227,2025-07-25,17,4389.18,0.0,74616.06,Direct Sales
TXN_00479308,CUST_020870,PROD_03481,LOC_0127,2025-09-15,2,185.56,0.0,371.12,Retail
TXN_00300532,CUST_017758,PROD_04942,LOC_0196,2023-04-28,19,581.08,5.0,10488.49,Partner
TXN_00120237,,PROD_02614,LOC_0091,2023-04-14,2,5264.85,15.0,8950.25,Partner
TXN_00477920,CUST_041513,PROD_00318,LOC_0126,2024-10-23,13,1752.64,0.0,22784.32,Retail
TXN_00145511,CUST_001439,PROD_02390,LOC_0093,2025-06-18,12,4205.91,20.0,40376.74,Partner
TXN_00233877,CUST_019941,PROD_03564,LOC_0027,2021-06-04,6,8552.49,20.0,41051.95,Direct Sales
TXN_00169093,CUST_023092,PROD_00282,LOC_0043,2023-12-15,13,3589.67,20.0,37332.57,Partner
TXN_00217136,CUST_035070,PROD_03651,LOC_0144,2025-10-17,18,5664.31,10.0,91761.82,Online
TXN_00337068,CUST_041300,PROD_02899,LOC_0015,2022-02-21,2,3939.93,5.0,7485.87,Partner
TXN_00136911,CUST_013810,PROD_04544,LOC_0119,2023-04-18,1,2037.8,15.0,1732.13,Partner
TXN_00069627,CUST_016755,PROD_04057,LOC_0141,2024-02-22,3,205.58,0.0,616.74,Direct Sales
TXN_00044373,CUST_046304,PROD_04593,LOC_0249,2026-06-07,1,6983.44,10.0,6285.1,Online
TXN_00494613,CUST_032863,PROD_02382,LOC_0083,2025-12-13,5,7413.57,5.0,35214.46,Partner
TXN_00470125,CUST_017111,PROD_00304,LOC_0026,2023-04-11,19,5570.56,20.0,84672.51,Direct Sales
TXN_00475029,CUST_043067,PROD_03935,LOC_0185,2025-11-09,19,6729.17,10.0,115068.81,Partner
TXN_00046414,CUST_004855,PROD_00508,LOC_0034,2023-07-12,1,3323.61,20.0,2658.89,Partner
TXN_00127727,CUST_021216,PROD_04721,LOC_0243,2025-06-12,17,6884.91,0.0,117043.47,Retail
TXN_00179854,CUST_021567,PROD_04719,LOC_0119,2023-05-28,16,2750.15,15.0,37402.04,Partner
TXN_00046878,CUST_004553,PROD_01223,LOC_0053,2026-05-22,3,3496.73,10.0,9441.17,Direct Sales
TXN_00326086,CUST_004660,PROD_00533,LOC_0021,2022-05-29,7,4647.18,20.0,26024.21,Direct Sales
TXN_00304387,CUST_007950,PROD_01330,LOC_0150,2022-11-09,19,8389.83,20.0,127525.42,Direct Sales
TXN_00437556,CUST_020672,PROD_00801,LOC_0223,2021-09-16,9,7274.27,15.0,55648.17,Partner
TXN_00268743,CUST_018299,PROD_03389,LOC_0012,2026-02-17,12,597.54,5.0,6811.96,Online
TXN_00163670,CUST_020695,PROD_00602,LOC_0160,2024-03-08,11,2419.22,0.0,26611.42,Online
TXN_00371751,CUST_035447,PROD_02922,LOC_0057,2024-02-13,3,5366.84,20.0,12880.42,Online
TXN_00412372,CUST_025604,PROD_00779,LOC_0139,2021-01-05,4,3714.99,5.0,14116.96,Online
TXN_00470497,CUST_047260,PROD_03603,LOC_0061,2025-09-26,4,3302.39,0.0,13209.56,Direct Sales
TXN_00331380,CUST_018680,PROD_01205,LOC_0212,2025-09-21,18,9530.85,0.0,171555.3,Retail
TXN_00073251,CUST_006079,PROD_03027,LOC_0124,2022-06-03,2,8801.15,5.0,16722.18,Partner
TXN_00430676,CUST_045853,PROD_04573,LOC_0087,2023-12-31,14,7474.98,5.0,99417.23,Partner
TXN_00300175,CUST_026143,PROD_01081,LOC_0221,2022-04-25,14,5789.9,0.0,81058.6,Partner
TXN_00152950,CUST_026762,PROD_02925,LOC_0204,2022-12-30,7,1310.81,20.0,7340.54,Direct Sales
TXN_00273473,CUST_034047,PROD_02094,LOC_0188,2024-07-10,13,4771.24,20.0,49620.9,Partner
TXN_00472113,CUST_045878,PROD_04322,LOC_0174,2021-03-05,14,5908.61,0.0,82720.54,Direct Sales
TXN_00117223,CUST_003514,PROD_02836,LOC_0164,2021-09-20,13,3671.09,15.0,40565.54,Online
TXN_00220050,,PROD_02312,LOC_0097,2025-03-22,14,4837.88,15.0,57570.77,Retail
TXN_00241785,CUST_031972,PROD_02297,LOC_0080,2024-08-18,8,6777.92,0.0,54223.36,Online
TXN_00055306,CUST_014797,PROD_03674,LOC_0222,2023-06-11,7,9935.69,10.0,62594.85,Direct Sales
TXN_00129014,CUST_019649,PROD_02375,LOC_0081,2023-10-12,4,6800.64,0.0,27202.56,Retail
TXN_00368568,,PROD_01838,LOC_0146,2023-06-01,1,2723.26,15.0,2314.77,Partner
TXN_00318660,CUST_029836,PROD_02331,LOC_0060,2023-11-25,11,6486.47,15.0,60648.49,Direct Sales
TXN_00316938,CUST_011320,PROD_02325,LOC_0181,2024-05-27,18,3771.73,10.0,61102.03,Direct Sales
TXN_00459014,CUST_027571,PROD_02761,LOC_0158,2026-04-03,17,294.97,15.0,4262.32,Retail
TXN_00235466,CUST_001337,PROD_01497,LOC_0234,2023-03-09,8,283.13,5.0,2151.79,Direct Sales
TXN_00123430,CUST_037375,PROD_02693,LOC_0043,2021-09-13,1,8006.48,20.0,6405.18,Online
TXN_00247722,CUST_026016,PROD_04976,LOC_0176,2021-04-24,2,6158.24,0.0,12316.48,Online
TXN_00216340,CUST_029233,PROD_01559,LOC_0156,2026-06-04,15,2750.05,10.0,37125.68,Online
TXN_00399497,CUST_048873,PROD_02277,LOC_0008,2022-11-15,11,5142.54,10.0,50911.15,Retail
TXN_00091252,CUST_001235,PROD_01483,LOC_0084,2023-11-13,14,5681.72,5.0,75566.88,Partner
TXN_00388586,CUST_015905,PROD_01150,LOC_0183,2025-09-22,13,9288.79,5.0,114716.56,Partner
TXN_00357928,CUST_007942,PROD_01290,LOC_0072,2021-06-29,10,9510.38,0.0,95103.8,Direct Sales
TXN_00267837,CUST_014838,PROD_02378,LOC_0059,2026-03-23,11,7354.56,0.0,80900.16,Partner
TXN_00224044,CUST_015197,PROD_00687,LOC_0152,2025-10-15,13,1555.45,15.0,17187.72,Partner
TXN_00167146,CUST_001569,PROD_01096,LOC_0078,2025-10-13,15,4322.03,0.0,64830.45,Retail
TXN_00053588,CUST_030808,PROD_01210,LOC_0149,2021-06-23,17,9410.91,5.0,151986.2,Online
TXN_00497274,CUST_010691,PROD_00531,LOC_0036,2025-07-12,7,7353.88,0.0,51477.16,Online
TXN_00027921,CUST_008779,PROD_02022,LOC_0063,2024-10-25,6,387.62,5.0,2209.43,Partner
TXN_00169433,CUST_013169,PROD_02765,LOC_0242,2024-07-20,18,2398.68,15.0,36699.8,Online
TXN_00364547,CUST_008059,PROD_02891,LOC_0133,2022-06-05,7,4323.01,0.0,30261.07,Partner
TXN_00020693,CUST_021232,PROD_01765,LOC_0173,2022-08-30,12,9424.46,0.0,113093.52,Online
TXN_00331076,,PROD_01418,LOC_0156,2023-02-20,6,789.03,10.0,4260.76,Retail
TXN_00106488,CUST_007251,PROD_03345,LOC_0052,2023-04-19,13,1161.71,10.0,13592.01,Direct Sales
TXN_00107338,,PROD_02346,LOC_0200,2025-02-27,10,7557.3,15.0,64237.05,Online
TXN_00146025,CUST_024748,PROD_03380,LOC_0082,2026-06-28,6,7496.17,10.0,40479.32,Direct Sales
TXN_00493719,CUST_011776,PROD_00382,LOC_0151,2021-03-14,7,6437.08,15.0,38300.63,Partner
TXN_00368014,CUST_023369,PROD_02275,LOC_0143,2021-12-07,5,448.76,0.0,2243.8,Retail
TXN_00053892,,PROD_01738,LOC_0118,2023-06-17,13,6999.39,0.0,90992.07,Direct Sales
TXN_00363760,CUST_006552,PROD_04598,LOC_0211,2024-01-14,15,8228.78,15.0,104916.94,Partner
TXN_00306196,CUST_037402,PROD_02058,LOC_0060,2021-02-24,16,8661.67,20.0,110869.38,Direct Sales
TXN_00359155,CUST_034528,PROD_01512,LOC_0050,2025-06-20,12,3385.71,0.0,40628.52,Direct Sales
TXN_00147845,CUST_007141,PROD_03602,LOC_0191,2024-05-13,19,5392.75,15.0,87092.91,Retail
TXN_00271236,CUST_033245,PROD_01281,LOC_0178,2022-01-07,6,9133.14,15.0,46579.01,Direct Sales
TXN_00281965,CUST_044024,PROD_03289,LOC_0095,2026-05-16,8,4308.61,15.0,29298.55,Online
TXN_00034921,CUST_013095,PROD_03583,LOC_0055,2024-07-21,1,8642.16,5.0,8210.05,Partner
TXN_00399987,CUST_020198,PROD_03729,LOC_0081,2022-09-12,13,3786.54,0.0,49225.02,Retail
TXN_00095638,CUST_023068,PROD_02412,LOC_0213,2022-02-07,17,7339.85,20.0,99821.96,Retail
TXN_00162070,,PROD_03147,LOC_0044,2021-08-20,6,3458.98,5.0,19716.19,Partner
TXN_00385132,CUST_020323,PROD_02300,LOC_0171,2021-04-24,18,3688.78,20.0,53118.43,Partner
TXN_00374414,CUST_027214,PROD_03007,LOC_0055,2026-01-16,16,1241.14,20.0,15886.59,Partner
TXN_00190819,CUST_034334,PROD_01211,LOC_0074,2021-06-10,18,3359.85,0.0,60477.3,Retail
TXN_00149570,CUST_026441,PROD_03421,LOC_0159,2024-08-28,13,1916.7,20.0,19933.68,Retail
TXN_00474990,CUST_006494,PROD_01991,LOC_0221,2025-04-14,2,2639.53,10.0,4751.15,Online
TXN_00497071,CUST_002518,PROD_03275,LOC_0160,2021-01-29,6,888.37,0.0,5330.22,Direct Sales
TXN_00397230,CUST_002113,PROD_02074,LOC_0156,2023-02-03,15,4205.69,0.0,63085.35,Retail
TXN_00253030,CUST_033535,PROD_01440,LOC_0117,2025-02-19,2,5839.24,5.0,11094.56,Retail
TXN_00073558,CUST_035292,PROD_01918,LOC_0001,2025-09-28,12,3129.17,10.0,33795.04,Partner
TXN_00495415,CUST_001941,PROD_02196,LOC_0169,2023-05-29,4,1247.71,15.0,4242.21,Direct Sales
TXN_00099122,CUST_033099,PROD_00626,LOC_0133,2022-08-02,8,6240.27,15.0,42433.84,Direct Sales
TXN_00152044,CUST_015755,PROD_00414,LOC_0070,2023-09-14,16,5935.94,15.0,80728.78,Partner
TXN_00362286,,PROD_04272,LOC_0092,2022-09-04,8,1483.49,15.0,10087.73,Direct Sales
TXN_00046763,,PROD_03741,LOC_0217,2022-10-01,11,9566.71,0.0,105233.81,Direct Sales
TXN_00254805,CUST_043205,PROD_00898,LOC_0105,2024-08-23,16,4651.77,15.0,63264.07,Direct Sales
TXN_00056139,CUST_002587,PROD_03382,LOC_0029,2023-11-16,10,9996.18,20.0,79969.44,Partner
TXN_00460460,CUST_044194,PROD_03175,LOC_0233,2021-01-31,2,5975.02,0.0,11950.04,Retail
TXN_00144157,CUST_041150,PROD_04684,LOC_0189,2024-12-12,13,3833.88,20.0,39872.35,Retail
TXN_00309201,CUST_025508,PROD_01311,LOC_0055,2025-06-18,11,3869.88,20.0,34054.94,Retail
TXN_00246907,CUST_025679,PROD_02342,LOC_0020,2021-03-26,5,2675.5,0.0,13377.5,Partner
TXN_00084677,CUST_012439,PROD_01539,LOC_0202,2022-08-17,14,7727.28,10.0,97363.73,Retail
TXN_00277208,CUST_015708,PROD_04568,LOC_0052,2024-03-10,8,8189.27,0.0,65514.16,Online
TXN_00179225,CUST_025907,PROD_03336,LOC_0084,2026-06-28,11,6642.77,0.0,73070.47,Partner
TXN_00258548,CUST_029078,PROD_01437,LOC_0077,2023-08-25,14,6533.85,20.0,73179.12,Retail
TXN_00447552,CUST_025114,PROD_02796,LOC_0172,2022-01-22,1,4122.76,0.0,4122.76,Online
TXN_00156561,CUST_004132,PROD_03129,LOC_0227,2021-08-29,3,1450.56,20.0,3481.34,Partner
TXN_00470072,CUST_042814,PROD_00780,LOC_0069,2024-03-04,2,6030.87,15.0,10252.48,Online
TXN_00361415,CUST_033075,PROD_04716,LOC_0244,2023-09-16,18,4131.86,10.0,66936.13,Direct Sales
TXN_00342271,CUST_000295,PROD_01243,LOC_0132,2023-09-29,4,7102.61,0.0,28410.44,Partner
TXN_00067094,CUST_037876,PROD_02080,LOC_0098,2025-04-16,18,1699.38,15.0,26000.51,Direct Sales
TXN_00050998,CUST_004303,PROD_02601,LOC_0165,2022-11-01,1,6162.44,20.0,4929.95,Partner
TXN_00492764,CUST_003068,PROD_00656,LOC_0118,2021-04-26,18,4755.58,0.0,85600.44,Online
TXN_00328108,CUST_017589,PROD_04529,LOC_0165,2024-08-01,10,2382.91,5.0,22637.64,Partner
TXN_00117070,CUST_045265,PROD_03367,LOC_0068,2025-12-09,15,4215.12,15.0,53742.78,Online
TXN_00200519,CUST_009457,PROD_01689,LOC_0045,2025-10-24,14,1290.86,10.0,16264.84,Retail
TXN_00233629,CUST_033655,PROD_01618,LOC_0186,2023-11-07,9,8891.04,0.0,80019.36,Direct Sales
TXN_00121614,CUST_039931,PROD_04355,LOC_0084,2023-03-23,9,6264.86,10.0,50745.37,Direct Sales
TXN_00385173,CUST_043018,PROD_03228,LOC_0061,2026-04-22,10,9652.85,15.0,82049.22,Direct Sales
TXN_00415647,CUST_049569,PROD_00647,LOC_0067,2025-10-09,1,9672.12,10.0,8704.91,Online
TXN_00358584,CUST_038930,PROD_04134,LOC_0040,2022-12-07,5,3469.93,0.0,17349.65,Online
TXN_00414682,CUST_042304,PROD_02781,LOC_0187,2023-06-27,19,4636.85,15.0,74885.13,Partner
TXN_00488781,CUST_035780,PROD_01778,LOC_0085,2025-11-21,8,5274.03,0.0,42192.24,Partner
TXN_00253851,CUST_025095,PROD_00527,LOC_0126,2022-06-22,18,462.76,10.0,7496.71,Partner
TXN_00070820,CUST_007656,PROD_01297,LOC_0097,2025-12-17,6,1436.2,20.0,6893.76,Online
TXN_00275124,CUST_036227,PROD_03704,LOC_0159,2021-01-26,19,7624.28,20.0,115889.06,Partner
TXN_00373010,CUST_030597,PROD_04333,LOC_0243,2024-08-02,4,4704.09,15.0,15993.91,Partner
TXN_00180192,CUST_038699,PROD_01560,LOC_0241,2024-08-10,11,9089.38,0.0,99983.18,Partner
TXN_00049828,CUST_031607,PROD_00124,LOC_0185,2024-04-14,8,9300.61,20.0,59523.9,Online
TXN_00354704,CUST_010829,PROD_03185,LOC_0139,2025-01-16,9,5794.98,5.0,49547.08,Partner
TXN_00259949,,PROD_04499,LOC_0219,2025-01-25,14,4527.51,10.0,57046.63,Partner
TXN_00410648,CUST_024719,PROD_04660,LOC_0009,2022-10-08,8,2605.09,20.0,16672.58,Partner
TXN_00333302,CUST_022462,PROD_01829,LOC_0091,2023-09-18,17,4554.47,10.0,69683.39,Partner
TXN_00309305,CUST_003268,PROD_04664,LOC_0168,2021-11-08,17,8147.36,10.0,124654.61,Online
TXN_00246208,CUST_003227,PROD_03559,LOC_0010,2022-02-05,10,9644.55,0.0,96445.5,Direct Sales
TXN_00284965,CUST_046410,PROD_03659,LOC_0065,2022-04-04,15,4660.89,5.0,66417.68,Direct Sales
TXN_00288820,CUST_040757,PROD_03677,LOC_0024,2022-03-14,16,2724.23,0.0,43587.68,Online
TXN_00355210,CUST_003310,PROD_04918,LOC_0202,2021-10-24,10,1786.3,15.0,15183.55,Direct Sales
TXN_00060801,CUST_011065,PROD_04680,LOC_0197,2026-01-22,16,4817.38,0.0,77078.08,Partner
TXN_00361721,CUST_034564,PROD_01220,LOC_0181,2021-03-27,12,5010.63,10.0,54114.8,Online
TXN_00191581,CUST_007849,PROD_04019,LOC_0145,2026-06-05,12,6813.23,5.0,77670.82,Retail
TXN_00047752,CUST_044626,PROD_01576,LOC_0051,2021-08-16,3,8775.04,20.0,21060.1,Retail
TXN_00442769,CUST_020045,PROD_02862,LOC_0065,2021-02-03,15,3786.15,0.0,56792.25,Partner
TXN_00294351,CUST_002826,PROD_02061,LOC_0094,2026-04-16,7,7587.4,0.0,53111.8,Direct Sales
TXN_00490433,CUST_038235,PROD_00435,LOC_0198,2026-03-28,6,6658.33,0.0,39949.98,Retail
TXN_00419785,CUST_001081,PROD_00834,LOC_0202,2022-05-27,16,1261.33,10.0,18163.15,Direct Sales
TXN_00009870,CUST_015072,PROD_00277,LOC_0023,2024-08-08,18,9679.69,10.0,156810.98,Direct Sales
TXN_00341365,CUST_031960,PROD_01205,LOC_0227,2023-11-24,6,7930.89,15.0,40447.54,Direct Sales
TXN_00276486,CUST_045752,PROD_02347,LOC_0035,2021-12-17,14,3157.73,5.0,41997.81,Retail
TXN_00407080,CUST_030667,PROD_04154,LOC_0030,2021-10-29,14,5441.03,0.0,76174.42,Online
TXN_00361787,CUST_026023,PROD_03378,LOC_0098,2025-04-16,3,7180.84,20.0,17234.02,Retail
TXN_00037131,CUST_030007,PROD_00154,LOC_0221,2022-02-28,11,3553.27,0.0,39085.97,Online
TXN_00115508,CUST_035459,PROD_04469,LOC_0219,2022-07-05,12,2455.55,5.0,27993.27,Direct Sales
TXN_00000653,CUST_001630,PROD_02782,LOC_0204,2026-03-03,8,6037.74,5.0,45886.82,Direct Sales
TXN_00068273,CUST_032698,PROD_02592,LOC_0219,2025-10-17,1,4637.29,0.0,4637.29,Online
TXN_00240599,CUST_018325,PROD_04849,LOC_0068,2021-01-06,11,6142.92,15.0,57436.3,Partner
TXN_00088380,CUST_018441,PROD_04379,LOC_0148,2022-04-26,7,1341.77,20.0,7513.91,Partner
TXN_00474355,CUST_029329,PROD_00969,LOC_0093,2023-02-08,14,6885.0,5.0,91570.5,Online
TXN_00206513,CUST_042848,PROD_02156,LOC_0225,2024-02-05,17,9882.55,10.0,151203.01,Direct Sales
TXN_00036814,CUST_028207,PROD_03798,LOC_0169,2024-08-06,16,4109.38,20.0,52600.06,Online
TXN_00265533,CUST_020433,PROD_02554,LOC_0082,2025-01-09,11,9553.1,10.0,94575.69,Online
TXN_00496497,CUST_049109,PROD_01528,LOC_0092,2021-02-21,17,102.23,0.0,1737.91,Online
TXN_00054025,CUST_014051,PROD_03342,LOC_0093,2025-07-08,3,889.63,20.0,2135.11,Direct Sales
TXN_00063715,CUST_029857,PROD_02040,LOC_0086,2026-01-27,7,530.48,10.0,3342.02,Online
TXN_00198257,CUST_048883,PROD_02782,LOC_0114,2024-10-15,1,4558.82,15.0,3875.0,Partner
TXN_00456746,CUST_018956,PROD_00806,LOC_0015,2025-02-11,4,3867.66,20.0,12376.51,Direct Sales
TXN_00067808,CUST_013397,PROD_00025,LOC_0217,2024-04-24,15,1338.65,15.0,17067.79,Online
TXN_00178114,CUST_031355,PROD_02008,LOC_0172,2021-03-06,11,7197.95,15.0,67300.83,Direct Sales
TXN_00216987,CUST_049880,PROD_02688,LOC_0147,2023-10-27,11,3039.72,0.0,33436.92,Partner
TXN_00168173,CUST_033999,PROD_01810,LOC_0231,2024-12-15,18,7928.91,5.0,135584.36,Retail
TXN_00040017,CUST_009485,PROD_00175,LOC_0168,2024-06-30,12,1852.62,10.0,20008.3,Online
TXN_00414730,CUST_008947,PROD_04583,LOC_0198,2025-07-20,3,3516.1,20.0,8438.64,Retail
TXN_00311765,CUST_031614,PROD_02713,LOC_0133,2022-01-08,3,5187.21,0.0,15561.63,Retail
TXN_00197045,CUST_004636,PROD_03480,LOC_0234,2024-07-15,19,6078.1,5.0,109709.7,Direct Sales
TXN_00397632,CUST_046809,PROD_01822,LOC_0129,2023-12-14,4,3019.77,20.0,9663.26,Retail
TXN_00427584,CUST_046871,PROD_00861,LOC_0123,2023-02-13,-1,5896.34,15.0,35083.22,Partner
TXN_00394302,CUST_011290,PROD_04766,LOC_0143,2025-09-04,8,4214.6,5.0,32030.96,Partner
TXN_00362459,CUST_022105,PROD_00940,LOC_0044,2024-10-08,9,403.33,5.0,3448.47,Partner
TXN_00073958,CUST_034525,PROD_00344,LOC_0161,2022-01-30,17,1368.4,20.0,18610.24,Online
TXN_00470676,CUST_049784,PROD_00272,LOC_0043,2022-07-02,18,2390.76,20.0,34426.94,Direct Sales
TXN_00026758,CUST_004684,PROD_00304,LOC_0063,2023-06-13,16,1618.81,20.0,20720.77,Online
TXN_00499250,CUST_028177,PROD_01718,LOC_0176,2023-08-03,13,6566.45,5.0,81095.66,Retail
TXN_00240310,CUST_006056,PROD_03452,LOC_0234,2025-10-11,19,583.11,10.0,9971.18,Partner
TXN_00342226,CUST_046687,PROD_01248,LOC_0071,2023-05-30,19,6194.94,5.0,111818.67,Direct Sales
TXN_00495258,CUST_045804,PROD_04667,LOC_0150,2023-08-24,7,690.76,0.0,4835.32,Retail
TXN_00128343,,PROD_00897,LOC_0058,2021-04-08,13,2477.5,15.0,27376.38,Direct Sales
TXN_00009665,CUST_038294,PROD_04716,LOC_0102,2022-12-22,1,7671.79,10.0,6904.61,Retail
TXN_00369266,CUST_008029,PROD_00113,LOC_0156,2022-11-26,7,4781.24,0.0,33468.68,Direct Sales
TXN_00192644,CUST_000929,PROD_04144,LOC_0116,2024-06-15,12,7726.35,10.0,83444.58,Partner
TXN_00186647,CUST_004987,PROD_02816,LOC_0183,2023-10-27,3,8753.25,20.0,21007.8,Online
TXN_00169597,CUST_034112,PROD_02171,LOC_0117,2021-02-10,5,3767.98,0.0,18839.9,Direct Sales
TXN_00163535,CUST_033521,PROD_04696,LOC_0080,2026-06-05,11,1434.78,10.0,14204.32,Online
TXN_00082047,CUST_029038,PROD_01366,LOC_0089,2022-10-29,19,9807.73,0.0,186346.87,Direct Sales
TXN_00312457,,PROD_00708,LOC_0179,2025-12-23,16,2195.49,10.0,31615.06,Direct Sales
TXN_00010432,CUST_007907,PROD_02060,LOC_0055,2021-01-16,14,8933.15,10.0,112557.69,Direct Sales
TXN_00360981,CUST_024674,PROD_01279,LOC_0229,2021-03-12,19,2808.18,10.0,48019.88,Online
TXN_00362345,CUST_000720,PROD_03486,LOC_0153,2026-01-18,5,4895.28,15.0,20804.94,Direct Sales
TXN_00495333,CUST_006600,PROD_01418,LOC_0206,2024-07-30,7,7362.29,15.0,43805.63,Direct Sales
TXN_00269404,CUST_014334,PROD_02070,LOC_0084,2024-06-23,7,6590.06,0.0,46130.42,Online
TXN_00013117,CUST_033843,PROD_04246,LOC_0232,2023-07-24,16,8036.21,15.0,109292.46,Online
TXN_00456765,CUST_017646,PROD_03364,LOC_0150,2022-01-06,4,8284.9,0.0,33139.6,Direct Sales
TXN_00082048,CUST_047970,PROD_04472,LOC_0035,2025-04-11,15,5469.37,5.0,77938.52,Online
TXN_00007328,CUST_001275,PROD_04263,LOC_0031,2025-05-12,8,2489.11,15.0,16925.95,Retail
TXN_00099425,CUST_017937,PROD_01546,LOC_0208,2026-02-03,5,5888.66,0.0,29443.3,Direct Sales
TXN_00397304,CUST_019204,PROD_03725,LOC_0115,2024-05-03,12,8194.2,15.0,83580.84,Partner
TXN_00144074,CUST_029582,PROD_04958,LOC_0204,2022-07-25,4,1658.28,10.0,5969.81,Direct Sales
TXN_00446633,CUST_033324,PROD_01810,LOC_0234,2022-11-13,8,6656.01,10.0,47923.27,Retail
TXN_00054003,CUST_045811,PROD_02014,LOC_0078,2024-12-13,16,8178.74,10.0,117773.86,Direct Sales
TXN_00097200,CUST_003659,PROD_02844,LOC_0074,2022-06-29,15,7079.03,10.0,95566.9,Partner
TXN_00040338,CUST_018421,PROD_01354,LOC_0097,2025-02-18,10,5398.55,20.0,43188.4,Partner
TXN_00401501,CUST_040341,PROD_03621,LOC_0015,2021-05-09,7,1441.07,5.0,9583.12,Direct Sales
TXN_00426668,CUST_026003,PROD_04990,LOC_0137,2022-01-02,17,8961.1,10.0,137104.83,Partner
TXN_00446060,CUST_010875,PROD_01339,LOC_0033,2021-07-25,14,2560.04,20.0,28672.45,Retail
TXN_00202207,CUST_020746,PROD_02980,LOC_0175,2023-05-07,12,3881.42,15.0,39590.48,Direct Sales
TXN_00461610,CUST_028018,PROD_01525,LOC_0021,2022-12-24,5,495.03,0.0,2475.15,Partner
TXN_00468605,CUST_014243,PROD_01424,LOC_0146,2022-10-31,8,9780.79,5.0,74334.0,Partner
TXN_00374531,CUST_006767,PROD_01063,LOC_0054,2025-02-18,18,5160.14,20.0,74306.02,Online
TXN_00445752,CUST_005432,PROD_00610,LOC_0133,2022-10-08,8,7953.36,20.0,50901.5,Online
TXN_00385629,CUST_047428,PROD_04684,LOC_0248,2021-08-15,14,6344.33,5.0,84379.59,Online
TXN_00046669,,PROD_02534,LOC_0110,2026-02-03,3,7883.21,5.0,22467.15,Direct Sales
TXN_00388135,CUST_024005,PROD_03382,LOC_0109,2024-07-06,4,6231.17,0.0,24924.68,Online
TXN_00270035,CUST_024007,PROD_01245,LOC_0016,2023-01-17,6,1764.04,15.0,8996.6,Retail
TXN_00266124,CUST_047964,PROD_01249,LOC_0127,2021-08-21,7,4368.0,5.0,29047.2,Direct Sales
TXN_00124558,CUST_037070,PROD_03926,LOC_0013,2022-05-12,10,9636.8,10.0,86731.2,Partner
TXN_00382772,CUST_040266,PROD_02457,LOC_0197,2026-04-18,16,7934.35,5.0,120602.12,Direct Sales
TXN_00159615,CUST_031286,PROD_01366,LOC_0064,2022-09-08,7,1396.08,0.0,9772.56,Partner
TXN_00292081,CUST_034416,PROD_01420,LOC_0171,2022-01-24,14,6420.45,10.0,80897.67,Direct Sales
TXN_00156523,CUST_039925,PROD_01810,LOC_0167,2022-10-29,4,1183.39,10.0,4260.2,Retail
TXN_00475014,CUST_011505,PROD_04392,LOC_0213,2021-04-20,13,3737.48,10.0,43728.52,Retail
TXN_00376351,CUST_003395,PROD_00009,LOC_0052,2022-05-12,12,8269.27,15.0,84346.55,Retail
TXN_00388958,CUST_031144,PROD_00176,LOC_0048,2025-02-21,16,7934.74,10.0,114260.26,Partner
TXN_00064010,CUST_024790,PROD_02063,LOC_0136,2022-12-14,6,8593.8,0.0,51562.8,Partner
TXN_00327560,CUST_002393,PROD_04165,LOC_0021,2025-06-28,15,5896.44,15.0,75179.61,Online
TXN_00196294,CUST_045181,PROD_01390,LOC_0199,2024-12-10,7,5304.6,10.0,33418.98,Online
TXN_00190090,CUST_018664,PROD_02801,LOC_0017,2023-05-21,19,3047.68,5.0,55010.62,Online
TXN_00298171,CUST_048870,PROD_03874,LOC_0084,2023-10-23,5,5848.57,0.0,29242.85,Online
TXN_00096753,CUST_009881,PROD_03864,LOC_0114,2025-03-05,6,7909.08,5.0,45081.76,Online
TXN_00305323,CUST_033161,PROD_03754,LOC_0188,2022-10-29,5,8052.42,5.0,38248.99,Online
TXN_00075577,CUST_049499,PROD_01569,LOC_0140,2025-10-31,12,9521.62,10.0,102833.5,Direct Sales
TXN_00171126,CUST_002424,PROD_00535,LOC_0047,2023-07-25,18,1469.81,0.0,26456.58,Retail
TXN_00124195,CUST_014755,PROD_04100,LOC_0194,2022-11-25,11,9397.52,5.0,98204.08,Online
TXN_00326048,,PROD_03634,LOC_0041,2024-05-22,10,9736.99,15.0,82764.41,Online
TXN_00001652,CUST_024763,PROD_01798,LOC_0157,2022-09-20,10,6684.69,10.0,60162.21,Online
TXN_00353051,CUST_038444,PROD_01610,LOC_0190,2022-10-10,6,6849.16,10.0,36985.46,Online
TXN_00038284,CUST_010556,PROD_01231,LOC_0033,2023-11-08,12,2486.93,10.0,26858.84,Retail
TXN_00370345,CUST_049914,PROD_01606,LOC_0068,2024-07-07,8,2161.0,10.0,15559.2,Retail
TXN_00104853,CUST_001602,PROD_04329,LOC_0066,2024-08-24,5,8413.19,0.0,42065.95,Online
TXN_00478386,CUST_005891,PROD_01307,LOC_0169,2024-02-23,9,6082.31,15.0,46529.67,Direct Sales
TXN_00431371,CUST_018205,PROD_01523,LOC_0205,2024-10-06,17,2204.46,10.0,33728.24,Direct Sales
TXN_00347322,CUST_036702,PROD_01913,LOC_0200,2025-04-04,16,9757.0,0.0,156112.0,Partner
TXN_00209373,CUST_028264,PROD_04732,LOC_0086,2022-12-27,17,5951.32,0.0,101172.44,Online
TXN_00234082,CUST_001508,PROD_02682,LOC_0012,2021-07-30,11,7786.71,10.0,77088.43,Online
TXN_00245648,CUST_002977,PROD_01218,LOC_0204,2023-03-16,16,5696.77,0.0,91148.32,Direct Sales
TXN_00041981,CUST_042288,PROD_00695,LOC_0241,2023-09-15,3,2035.3,0.0,6105.9,Direct Sales
TXN_00195274,CUST_030062,PROD_02720,LOC_0121,2023-01-09,4,4575.23,20.0,14640.74,Partner
TXN_00119259,CUST_018331,PROD_02139,LOC_0211,2022-01-08,9,1318.93,10.0,10683.33,Online
TXN_00439065,CUST_038773,PROD_03667,LOC_0203,2021-10-23,14,296.82,10.0,3739.93,Online
TXN_00377095,CUST_001685,PROD_04646,LOC_0002,2021-09-21,2,9393.38,0.0,18786.76,Retail
TXN_00427860,CUST_035891,PROD_00676,LOC_0243,2025-09-10,3,3448.1,10.0,9309.87,Direct Sales
TXN_00087023,CUST_004758,PROD_01649,LOC_0245,2024-09-08,16,5059.08,5.0,76898.02,Online
TXN_00122646,CUST_047483,PROD_01016,LOC_0140,2024-08-28,5,6167.03,15.0,26209.88,Direct Sales
TXN_00023796,CUST_006744,PROD_01788,LOC_0083,2024-02-09,13,5630.87,15.0,62221.11,Online
TXN_00465882,CUST_039337,PROD_02448,LOC_0200,2024-05-28,2,5262.32,10.0,9472.18,Direct Sales
TXN_00136897,CUST_045447,PROD_04086,LOC_0069,2022-02-05,4,6230.09,5.0,23674.34,Direct Sales
TXN_00428397,CUST_040681,PROD_04148,LOC_0220,2022-05-01,10,6968.87,20.0,55750.96,Partner
TXN_00343303,CUST_013579,PROD_02158,LOC_0106,2025-08-06,12,2256.97,5.0,25729.46,Retail
TXN_00282444,CUST_007787,PROD_01473,LOC_0174,2024-09-20,5,221.87,0.0,1109.35,Retail
TXN_00094817,CUST_015097,PROD_00215,LOC_0216,2022-02-12,7,1371.1,20.0,7678.16,Partner
TXN_00399441,CUST_021382,PROD_03392,LOC_0047,2022-06-13,2,8251.97,10.0,14853.55,Retail
TXN_00136997,CUST_030394,PROD_04087,LOC_0171,2021-12-23,19,3178.5,0.0,60391.5,Direct Sales
TXN_00187426,CUST_021398,PROD_02640,LOC_0196,2024-08-31,19,2981.11,20.0,45312.87,Direct Sales
TXN_00015817,CUST_037927,PROD_02734,LOC_0196,2023-01-06,5,6823.74,5.0,32412.76,Online
TXN_00029971,CUST_037882,PROD_00852,LOC_0140,2021-06-06,15,749.03,5.0,10673.68,Retail
TXN_00057969,CUST_032761,PROD_03833,LOC_0202,2021-03-28,14,1628.36,10.0,20517.34,Direct Sales
TXN_00256400,CUST_010860,PROD_02160,LOC_0029,2025-10-20,16,8043.78,5.0,122265.46,Online
TXN_00197661,CUST_013127,PROD_04129,LOC_0141,2026-03-27,16,6014.61,10.0,86610.38,Online
TXN_00466054,CUST_029499,PROD_00418,LOC_0217,2023-08-10,13,582.5,10.0,6815.25,Retail
TXN_00444012,CUST_011691,PROD_04119,LOC_0229,2024-10-29,1,7873.81,10.0,7086.43,Retail
TXN_00205467,CUST_044979,PROD_00040,LOC_0086,2022-11-25,2,3140.75,10.0,5653.35,Online
TXN_00303690,CUST_029131,PROD_03426,LOC_0035,2025-12-24,9,5628.07,5.0,48120.0,Online
TXN_00176455,CUST_014971,PROD_01309,LOC_0157,2023-06-16,3,2945.29,10.0,7952.28,Online
TXN_00420625,CUST_012569,PROD_04888,LOC_0056,2024-05-27,17,1911.28,10.0,29242.58,Direct Sales
TXN_00117533,CUST_048738,PROD_02378,LOC_0022,2026-06-17,18,9361.72,20.0,134808.77,Online
TXN_00308879,CUST_022650,PROD_03805,LOC_0183,2022-08-16,6,5185.98,0.0,31115.88,Online
TXN_00003541,CUST_013158,PROD_01131,LOC_0241,2026-04-19,6,616.36,15.0,3143.44,Partner
TXN_00479863,CUST_010203,PROD_01423,LOC_0076,2025-05-10,2,6506.05,15.0,11060.28,Direct Sales
TXN_00358247,CUST_020444,PROD_03091,LOC_0079,2023-07-05,17,8347.21,5.0,134807.44,Online
TXN_00448235,CUST_048864,PROD_02333,LOC_0021,2023-12-30,15,5560.2,15.0,70892.55,Partner
TXN_00440855,CUST_027033,PROD_00131,LOC_0153,2021-11-23,9,4563.81,20.0,32859.43,Partner
TXN_00295726,CUST_042373,PROD_01628,LOC_0193,2024-01-20,1,9838.31,20.0,7870.65,Retail
TXN_00422989,CUST_006188,PROD_00294,LOC_0011,2021-06-06,18,3160.95,5.0,54052.24,Partner
TXN_00016261,CUST_002766,PROD_03108,LOC_0138,2024-01-11,14,9419.67,15.0,112094.07,Partner
TXN_00039357,CUST_007744,PROD_03122,LOC_0096,2021-05-31,19,5783.02,10.0,98889.64,Partner
TXN_00143331,CUST_014845,PROD_02816,LOC_0048,2026-02-24,13,4489.28,5.0,55442.61,Partner
TXN_00452000,CUST_010782,PROD_00433,LOC_0218,2025-05-23,16,8962.81,10.0,129064.46,Direct Sales
TXN_00115477,CUST_006476,PROD_03368,LOC_0182,2023-09-21,16,440.67,5.0,6698.18,Online
TXN_00074462,CUST_039722,PROD_04772,LOC_0043,2024-07-22,18,5478.66,5.0,93685.09,Online
TXN_00046541,CUST_043842,PROD_03556,LOC_0173,2023-02-20,7,7706.11,15.0,45851.35,Direct Sales
TXN_00286977,CUST_046386,PROD_01383,LOC_0059,2025-09-09,15,834.64,15.0,10641.66,Direct Sales
TXN_00281183,CUST_023629,PROD_04955,LOC_0042,2026-01-25,14,1189.3,20.0,13320.16,Online
TXN_00469974,CUST_027365,PROD_03194,LOC_0016,2022-06-03,4,6268.08,20.0,20057.86,Direct Sales
TXN_00430377,CUST_005049,PROD_00918,LOC_0003,2022-06-06,5,8135.54,20.0,32542.16,Retail
TXN_00005813,CUST_032865,PROD_02427,LOC_0158,2022-07-08,5,3654.46,10.0,16445.07,Direct Sales
TXN_00467057,CUST_004290,PROD_04384,LOC_0190,2022-08-31,13,5270.86,20.0,54816.94,Partner
TXN_00365607,CUST_017077,PROD_03804,LOC_0200,2026-06-24,17,548.31,15.0,7923.08,Online
TXN_00381644,CUST_002126,PROD_00253,LOC_0239,2021-07-26,3,6244.75,20.0,14987.4,Partner
TXN_00403301,CUST_034846,PROD_00479,LOC_0205,2022-09-27,4,6667.58,10.0,24003.29,Direct Sales
TXN_00033862,CUST_036582,PROD_01022,LOC_0108,2023-09-26,15,6843.42,5.0,97518.74,Online
TXN_00043736,CUST_020141,PROD_02177,LOC_0142,2021-03-27,18,6057.71,20.0,87231.02,Direct Sales
TXN_00332237,CUST_001063,PROD_03829,LOC_0157,2024-07-09,9,3897.02,5.0,33319.52,Online
TXN_00299386,CUST_004967,PROD_01635,LOC_0140,2022-11-08,11,2446.71,20.0,21531.05,Retail
TXN_00421733,CUST_049089,PROD_01562,LOC_0056,2024-03-06,13,6512.2,0.0,84658.6,Direct Sales
TXN_00000317,CUST_011024,PROD_02508,LOC_0038,2023-03-27,6,2644.77,0.0,15868.62,Retail
TXN_00292923,CUST_019973,PROD_03312,LOC_0186,2021-06-16,7,2934.3,0.0,20540.1,Direct Sales
TXN_00265282,CUST_027845,PROD_04801,LOC_0122,2025-06-15,10,7248.8,20.0,57990.4,Retail
TXN_00046985,CUST_032505,PROD_04422,LOC_0051,2023-09-16,8,2266.34,5.0,17224.18,Retail
TXN_00237854,CUST_002704,PROD_03510,LOC_0080,2024-03-04,15,4859.47,5.0,69247.45,Online
TXN_00396280,CUST_038136,PROD_01381,LOC_0056,2022-10-15,5,3696.38,0.0,18481.9,Partner
TXN_00204024,CUST_012239,PROD_03586,LOC_0141,2026-03-15,7,8905.66,20.0,49871.7,Online
TXN_00362536,CUST_023693,PROD_03508,LOC_0207,2021-11-05,6,7944.39,20.0,38133.07,Online
TXN_00395603,CUST_005343,PROD_04235,LOC_0177,2024-09-07,12,2775.81,5.0,31644.23,Partner
TXN_00315808,CUST_010263,PROD_02782,LOC_0109,2022-10-03,15,1867.9,0.0,28018.5,Partner
TXN_00224189,CUST_040865,PROD_00704,LOC_0121,2023-11-26,19,9775.06,5.0,176439.83,Online
TXN_00382462,CUST_000780,PROD_00655,LOC_0032,2024-08-19,12,2219.0,10.0,23965.2,Direct Sales
TXN_00013103,CUST_044893,PROD_03633,LOC_0132,2024-12-24,17,5801.02,20.0,78893.87,Retail
TXN_00482705,CUST_041873,PROD_02422,LOC_0078,2023-07-12,2,3134.81,15.0,5329.18,Online
TXN_00473281,CUST_011751,PROD_02108,LOC_0189,2025-09-01,14,9500.06,10.0,119700.76,Retail
TXN_00379418,CUST_028252,PROD_01750,LOC_0034,2025-05-26,2,2523.87,0.0,5047.74,Partner
TXN_00104519,CUST_029079,PROD_00279,LOC_0100,2026-05-22,5,7863.99,10.0,35387.96,Retail
TXN_00385913,CUST_019224,PROD_01402,LOC_0169,2025-12-05,6,9528.06,20.0,45734.69,Direct Sales
TXN_00123444,,PROD_04477,LOC_0074,2023-05-02,8,3298.53,10.0,23749.42,Direct Sales
TXN_00264385,,PROD_02981,LOC_0208,2024-02-18,3,5345.12,5.0,15233.59,Partner
TXN_00018281,CUST_010843,PROD_04069,LOC_0148,2024-11-13,17,1406.12,15.0,20318.43,Direct Sales
TXN_00467424,CUST_014750,PROD_04378,LOC_0233,2026-02-16,14,7198.03,10.0,90695.18,Online
TXN_00422587,CUST_013288,PROD_04920,LOC_0035,2026-03-12,14,742.18,15.0,8831.94,Online
TXN_00419722,CUST_024828,PROD_04864,LOC_0240,2022-12-11,14,294.58,20.0,3299.3,Retail
TXN_00041862,CUST_044951,PROD_02453,LOC_0221,2026-01-22,17,6509.07,0.0,110654.19,Retail
TXN_00322812,CUST_027025,PROD_04512,LOC_0061,2021-08-19,5,2496.72,0.0,12483.6,Retail
TXN_00294186,CUST_039181,PROD_01479,LOC_0174,2025-02-15,4,5123.43,10.0,18444.35,Online
TXN_00398748,CUST_030205,PROD_02916,LOC_0228,2023-03-25,17,6619.75,15.0,95655.39,Online
TXN_00095456,CUST_028480,PROD_01562,LOC_0012,2022-04-18,14,6121.83,20.0,68564.5,Retail
TXN_00296473,CUST_042314,PROD_02550,LOC_0066,2021-02-02,4,6414.57,15.0,21809.54,Online
TXN_00116234,CUST_034257,PROD_04393,LOC_0111,2023-08-18,12,8145.27,5.0,92856.08,Online
TXN_00150542,CUST_045564,PROD_03887,LOC_0180,2026-02-11,19,1717.58,10.0,29370.62,Direct Sales
TXN_00288786,CUST_041844,PROD_00382,LOC_0180,2023-05-10,17,1892.2,15.0,27342.29,Online
TXN_00204198,CUST_032479,PROD_03335,LOC_0207,2024-01-26,19,7467.4,10.0,127692.54,Partner
TXN_00462590,CUST_046836,PROD_04872,LOC_0107,2023-08-20,10,5099.37,15.0,43344.64,Online
TXN_00117555,CUST_038012,PROD_02752,LOC_0133,2021-01-12,10,1659.81,5.0,15768.19,Partner
TXN_00339074,CUST_018026,PROD_00045,LOC_0121,2025-02-08,14,5820.28,0.0,81483.92,Partner
TXN_00372310,CUST_016793,PROD_01667,LOC_0116,2022-03-25,15,678.49,5.0,9668.48,Online
TXN_00049462,CUST_017199,PROD_00931,LOC_0173,2025-03-09,18,6197.78,0.0,111560.04,Direct Sales
TXN_00446931,,PROD_02538,LOC_0056,2023-08-06,16,1047.93,15.0,14251.85,Partner
TXN_00343683,CUST_014747,PROD_00566,LOC_0056,2021-08-09,5,5056.81,5.0,24019.85,Retail
TXN_00036748,CUST_017992,PROD_02858,LOC_0234,2023-02-19,5,9284.39,15.0,39458.66,Direct Sales
TXN_00407891,CUST_014605,PROD_01312,LOC_0141,2024-04-24,5,5387.77,0.0,26938.85,Direct Sales
TXN_00078531,CUST_027520,PROD_03453,LOC_0022,2025-02-07,3,5804.87,10.0,15673.15,Partner
TXN_00445837,CUST_042235,PROD_02510,LOC_0095,2022-11-28,8,6027.5,15.0,40987.0,Partner
TXN_00253926,CUST_008081,PROD_02906,LOC_0187,2026-03-08,5,8299.58,15.0,35273.22,Partner
TXN_00204161,CUST_008412,PROD_02765,LOC_0206,2021-01-12,18,5017.08,5.0,85792.07,Online
TXN_00352894,CUST_030075,PROD_01826,LOC_0088,2021-05-20,19,5543.57,10.0,94795.05,Direct Sales
TXN_00035438,CUST_023034,PROD_01733,LOC_0074,2023-01-22,7,5246.71,15.0,31217.92,Partner
TXN_00427168,CUST_024100,PROD_02020,LOC_0215,2022-04-23,19,6891.9,5.0,124398.79,Partner
TXN_00244984,CUST_001880,PROD_02639,LOC_0077,2025-03-07,9,986.34,0.0,8877.06,Online
TXN_00291554,CUST_011832,PROD_02773,LOC_0231,2024-02-12,1,7785.25,10.0,7006.72,Online
TXN_00141118,CUST_021700,PROD_00091,LOC_0135,2021-10-20,4,2419.59,20.0,7742.69,Retail
TXN_00011538,CUST_028792,PROD_03549,LOC_0037,2021-04-03,10,673.31,0.0,6733.1,Partner
TXN_00258149,CUST_046720,PROD_03023,LOC_0129,2024-06-03,10,7661.22,20.0,61289.76,Online
TXN_00303962,CUST_017409,PROD_03911,LOC_0239,2023-08-25,16,4922.89,20.0,63012.99,Partner
TXN_00297679,CUST_042079,PROD_02632,LOC_0245,2026-05-22,13,3026.01,5.0,37371.22,Direct Sales
TXN_00440207,CUST_027068,PROD_01460,LOC_0103,2025-03-14,5,7516.13,15.0,31943.55,Retail
TXN_00146172,CUST_020708,PROD_04234,LOC_0207,2022-04-25,9,6204.74,5.0,53050.53,Direct Sales
TXN_00025048,CUST_037315,PROD_04099,LOC_0004,2025-11-14,12,9799.79,20.0,94077.98,Online
TXN_00205022,CUST_002199,PROD_01139,LOC_0207,2023-07-07,18,5063.15,15.0,77466.19,Retail
TXN_00001033,CUST_031693,PROD_02249,LOC_0081,2024-08-19,16,9452.6,10.0,136117.44,Online
TXN_00404281,,PROD_03078,LOC_0150,2022-08-08,15,7236.67,20.0,86840.04,Direct Sales
TXN_00209298,CUST_007885,PROD_00891,LOC_0052,2023-07-10,8,7849.41,10.0,56515.75,Partner
TXN_00091394,CUST_008586,PROD_04411,LOC_0241,2021-05-20,13,5478.62,5.0,67660.96,Direct Sales
TXN_00320145,CUST_013238,PROD_00783,LOC_0107,2024-05-15,4,5357.19,15.0,18214.45,Online
TXN_00242987,CUST_013564,PROD_01962,LOC_0200,2021-07-13,13,5214.57,5.0,64399.94,Retail
TXN_00098721,CUST_031189,PROD_01451,LOC_0011,2022-09-03,10,1893.74,0.0,18937.4,Direct Sales
TXN_00319450,CUST_028903,PROD_00404,LOC_0035,2022-02-21,11,5412.22,20.0,47627.54,Partner
TXN_00448025,CUST_024618,PROD_00114,LOC_0204,2021-03-20,9,3158.77,20.0,22743.14,Partner
TXN_00022759,CUST_038194,PROD_01796,LOC_0129,2025-11-14,4,566.14,5.0,2151.33,Retail
TXN_00163589,CUST_038869,PROD_01043,LOC_0100,2025-03-03,12,7652.38,20.0,73462.85,Retail
TXN_00245698,CUST_040415,PROD_01968,LOC_0164,2022-08-17,8,3681.93,10.0,26509.9,Online
TXN_00329722,CUST_009836,PROD_03303,LOC_0068,2026-05-01,18,4420.55,5.0,75591.4,Direct Sales
TXN_00184092,CUST_036421,PROD_03516,LOC_0166,2022-06-01,12,2571.28,0.0,30855.36,Online
TXN_00069269,CUST_022881,PROD_01382,LOC_0196,2025-12-27,6,9441.43,15.0,48151.29,Partner
TXN_00302998,CUST_001217,PROD_01622,LOC_0092,2022-11-12,19,8767.88,0.0,166589.72,Direct Sales
TXN_00451469,CUST_035429,PROD_04233,LOC_0212,2022-07-26,11,2666.1,10.0,26394.39,Retail
TXN_00080102,CUST_029528,PROD_02951,LOC_0107,2022-08-10,15,1682.09,5.0,23969.78,Retail
TXN_00184436,CUST_036009,PROD_04836,LOC_0172,2022-07-14,13,5159.74,0.0,67076.62,Partner
TXN_00339898,CUST_006719,PROD_01709,LOC_0073,2021-10-10,9,6456.05,0.0,58104.45,Online
TXN_00291290,CUST_021571,PROD_00142,LOC_0124,2023-08-31,11,8194.8,20.0,72114.24,Retail
TXN_00197352,CUST_017440,PROD_03509,LOC_0051,2024-04-07,14,1569.32,20.0,17576.38,Online
TXN_00147726,CUST_018017,PROD_04546,LOC_0230,2025-09-26,8,4784.11,15.0,32531.95,Partner
TXN_00425158,CUST_012261,PROD_03874,LOC_0034,2021-10-19,1,7048.72,5.0,6696.28,Partner
TXN_00422603,CUST_039497,PROD_04955,LOC_0020,2023-12-20,16,3578.21,15.0,48663.66,Retail
TXN_00367774,CUST_020414,PROD_01467,LOC_0179,2024-11-19,14,9767.44,0.0,136744.16,Online
TXN_00014202,CUST_038567,PROD_01090,LOC_0032,2022-06-03,10,6537.61,20.0,52300.88,Partner
TXN_00415842,CUST_039283,PROD_00414,LOC_0093,2025-06-11,10,9885.21,10.0,88966.89,Partner
TXN_00227538,CUST_027450,PROD_04562,LOC_0179,2023-01-25,7,8294.59,15.0,49352.81,Direct Sales
TXN_00021829,CUST_013555,PROD_01530,LOC_0163,2024-07-10,4,9845.23,15.0,33473.78,Retail
TXN_00327728,CUST_005719,PROD_01970,LOC_0062,2023-04-01,13,2669.63,10.0,31234.67,Online
TXN_00198567,CUST_037361,PROD_03275,LOC_0228,2026-02-18,12,1863.77,5.0,21246.98,Partner
TXN_00174857,CUST_014634,PROD_04576,LOC_0086,2024-10-25,9,9816.89,10.0,79516.81,Direct Sales
TXN_00033772,CUST_004804,PROD_00389,LOC_0147,2021-01-26,13,9087.97,20.0,94514.89,Online
TXN_00050687,CUST_027080,PROD_04720,LOC_0120,2024-06-16,3,7952.92,20.0,19087.01,Direct Sales
TXN_00263549,CUST_043420,PROD_02361,LOC_0149,2025-06-24,5,8942.98,5.0,42479.15,Partner
TXN_00085908,CUST_028155,PROD_04590,LOC_0244,2022-06-03,12,7785.96,20.0,74745.22,Retail
TXN_00463866,,PROD_00841,LOC_0146,2026-03-22,2,1836.5,0.0,3673.0,Direct Sales
TXN_00236505,CUST_012129,PROD_04193,LOC_0134,2025-10-17,9,8929.81,20.0,64294.63,Partner
TXN_00168869,CUST_008052,PROD_04228,LOC_0012,2022-04-14,4,5523.84,10.0,19885.82,Direct Sales
TXN_00438757,CUST_043788,PROD_04044,LOC_0174,2022-10-24,4,4620.24,0.0,18480.96,Partner
TXN_00223936,CUST_014191,PROD_02083,LOC_0196,2024-07-14,19,5370.24,5.0,96932.83,Partner
TXN_00091359,CUST_015623,PROD_02903,LOC_0051,2024-12-03,13,4077.06,15.0,45051.51,Partner
TXN_00173497,CUST_043361,PROD_01828,LOC_0239,2023-05-13,18,1506.91,15.0,23055.72,Direct Sales
TXN_00472285,CUST_024279,PROD_04894,LOC_0008,2024-12-28,11,945.38,10.0,9359.26,Online
TXN_00317460,CUST_004615,PROD_02022,LOC_0216,2026-06-08,13,7900.72,15.0,87302.96,Online
TXN_00084453,CUST_021706,PROD_02095,LOC_0015,2023-03-27,14,3676.79,10.0,46327.55,Direct Sales
TXN_00014706,CUST_043189,PROD_04355,LOC_0087,2025-01-05,9,886.0,0.0,7974.0,Direct Sales
TXN_00129124,CUST_028104,PROD_01010,LOC_0055,2026-06-23,8,3105.44,10.0,22359.17,Direct Sales
TXN_00435886,CUST_042362,PROD_01003,LOC_0217,2023-01-16,14,101.66,15.0,1209.75,Online
TXN_00430261,CUST_013250,PROD_01923,LOC_0014,2025-11-07,14,1180.26,20.0,13218.91,Online
TXN_00314441,CUST_044205,PROD_04029,LOC_0114,2025-07-21,6,622.79,5.0,3549.9,Retail
TXN_00325294,CUST_010199,PROD_03625,LOC_0210,2023-05-28,17,8981.4,5.0,145049.61,Direct Sales
TXN_00374088,CUST_023647,PROD_04178,LOC_0197,2025-03-20,13,1428.01,15.0,15779.51,Direct Sales
TXN_00201516,CUST_013623,PROD_02151,LOC_0152,2026-04-29,4,1761.84,5.0,6694.99,Retail
TXN_00245365,CUST_037406,PROD_04087,LOC_0153,2021-10-20,4,8652.31,20.0,27687.39,Online
TXN_00339522,CUST_035954,PROD_00715,LOC_0224,2023-08-03,11,133.51,20.0,1174.89,Retail
TXN_00398320,CUST_026452,PROD_01384,LOC_0140,2026-03-14,15,4036.95,0.0,60554.25,Online
TXN_00116891,,PROD_04151,LOC_0194,2025-02-08,19,7957.15,0.0,151185.85,Retail
TXN_00382814,CUST_001343,PROD_02826,LOC_0164,2022-01-31,5,4944.41,15.0,21013.74,Online
TXN_00099503,CUST_029561,PROD_01977,LOC_0080,2021-12-05,19,6749.18,10.0,115410.98,Online
TXN_00137351,CUST_000814,PROD_01626,LOC_0088,2024-06-02,6,8924.84,15.0,45516.68,Partner
TXN_00189266,CUST_002418,PROD_00314,LOC_0085,2021-10-14,17,7147.76,15.0,103285.13,Online
TXN_00104284,CUST_025265,PROD_00447,LOC_0063,2023-01-22,16,960.08,0.0,15361.28,Partner
TXN_00345831,CUST_019391,PROD_03065,LOC_0002,2023-02-26,-1,6967.67,10.0,37625.42,Retail
TXN_00419273,CUST_027434,PROD_04397,LOC_0156,2021-07-16,12,7164.96,5.0,81680.54,Retail
TXN_00460890,CUST_042131,PROD_01548,LOC_0108,2022-12-10,13,2856.18,20.0,29704.27,Direct Sales
TXN_00123816,CUST_048836,PROD_03180,LOC_0143,2025-09-22,6,5239.83,15.0,26723.13,Online
TXN_00422854,CUST_024450,PROD_02232,LOC_0013,2021-10-19,13,3192.3,15.0,35274.92,Partner
TXN_00433671,CUST_035325,PROD_04740,LOC_0107,2026-01-15,6,2692.46,10.0,14539.28,Direct Sales
TXN_00032543,CUST_025803,PROD_02441,LOC_0083,2025-05-01,1,4964.07,20.0,3971.26,Retail
TXN_00431755,CUST_015762,PROD_04987,LOC_0228,2023-10-14,9,6296.46,5.0,53834.73,Direct Sales
TXN_00087852,CUST_045809,PROD_03964,LOC_0043,2025-01-24,7,8282.25,20.0,46380.6,Partner
TXN_00049343,CUST_046581,PROD_04936,LOC_0018,2026-04-02,18,5370.11,5.0,91828.88,Partner
TXN_00486615,CUST_018019,PROD_04713,LOC_0135,2026-06-17,19,4101.01,10.0,70127.27,Retail
TXN_00244582,CUST_015846,PROD_02526,LOC_0137,2022-10-01,4,3071.23,10.0,11056.43,Retail
TXN_00468827,CUST_019532,PROD_01155,LOC_0204,2024-04-15,3,294.13,10.0,794.15,Retail
TXN_00427077,CUST_026325,PROD_01558,LOC_0136,2023-04-28,3,3639.59,5.0,10372.83,Direct Sales
TXN_00470930,CUST_024450,PROD_02759,LOC_0052,2022-11-10,19,3960.05,10.0,67716.86,Partner
TXN_00326474,CUST_049730,PROD_04977,LOC_0237,2024-04-24,13,721.19,10.0,8437.92,Partner
TXN_00272216,CUST_049455,PROD_03360,LOC_0142,2024-05-30,5,133.16,20.0,532.64,Partner
TXN_00099485,CUST_032909,PROD_04475,LOC_0075,2024-02-18,2,5134.5,10.0,9242.1,Partner
TXN_00408007,,PROD_03941,LOC_0207,2022-04-30,12,1427.78,5.0,16276.69,Retail
TXN_00084198,CUST_001452,PROD_01646,LOC_0142,2022-10-29,7,6654.71,20.0,37266.38,Partner
TXN_00046955,CUST_000182,PROD_01232,LOC_0023,2023-11-06,8,5942.91,20.0,38034.62,Retail
TXN_00467389,CUST_037669,PROD_00531,LOC_0090,2021-05-15,7,1545.03,5.0,10274.45,Online
TXN_00372658,CUST_039325,PROD_02091,LOC_0172,2024-05-22,16,6626.29,10.0,95418.58,Partner
TXN_00263978,CUST_036636,PROD_02167,LOC_0005,2022-12-21,7,5621.93,5.0,37385.83,Partner
TXN_00361406,CUST_036720,PROD_02014,LOC_0027,2021-11-23,1,1297.33,20.0,1037.86,Retail
TXN_00313325,,PROD_03843,LOC_0213,2022-07-26,6,2403.6,20.0,11537.28,Online
TXN_00040948,CUST_035481,PROD_02677,LOC_0020,2024-10-19,4,4018.16,20.0,12858.11,Retail
TXN_00290412,CUST_015890,PROD_03970,LOC_0136,2023-08-10,8,2207.3,10.0,15892.56,Partner
TXN_00286579,,PROD_02389,LOC_0025,2023-02-24,9,8391.84,15.0,64197.58,Direct Sales
TXN_00161090,CUST_022636,PROD_04562,LOC_0011,2022-07-11,3,2854.91,10.0,7708.26,Partner
TXN_00372337,CUST_025230,PROD_03824,LOC_0231,2021-06-26,2,7181.85,15.0,12209.14,Direct Sales
TXN_00160542,CUST_004704,PROD_02507,LOC_0021,2021-07-23,16,3631.03,15.0,49382.01,Retail
TXN_00131091,CUST_009828,PROD_04356,LOC_0033,2025-07-06,3,163.65,20.0,392.76,Online
TXN_00418027,CUST_011168,PROD_03605,LOC_0226,2026-02-20,5,4835.85,5.0,22970.29,Direct Sales
TXN_00294368,CUST_005381,PROD_00815,LOC_0196,2022-09-19,7,7308.68,5.0,48602.72,Online
TXN_00078051,CUST_038474,PROD_04600,LOC_0014,2024-01-06,10,4520.65,20.0,36165.2,Partner
TXN_00486198,CUST_041820,PROD_03412,LOC_0168,2023-09-19,12,2560.68,20.0,24582.53,Direct Sales
TXN_00125856,CUST_020547,PROD_00941,LOC_0052,2025-02-25,2,4319.43,15.0,7343.03,Retail
TXN_00440854,CUST_007930,PROD_03060,LOC_0193,2026-04-19,10,9912.09,10.0,89208.81,Direct Sales
TXN_00118158,,PROD_03814,LOC_0035,2023-09-17,18,6033.77,5.0,103177.47,Direct Sales
TXN_00295611,CUST_024102,PROD_00593,LOC_0053,2022-07-26,17,8545.06,10.0,130739.42,Direct Sales
TXN_00477843,CUST_021669,PROD_01306,LOC_0215,2024-02-01,5,6087.15,20.0,24348.6,Partner
TXN_00124953,CUST_022466,PROD_04961,LOC_0206,2024-02-05,9,554.31,0.0,4988.79,Partner
TXN_00202982,CUST_020776,PROD_04806,LOC_0124,2025-12-16,1,7270.57,15.0,6179.98,Retail
TXN_00474603,CUST_013867,PROD_04067,LOC_0214,2021-02-16,9,4291.79,10.0,34763.5,Retail
TXN_00447819,CUST_044550,PROD_01634,LOC_0041,2021-04-14,16,2546.29,0.0,40740.64,Direct Sales
TXN_00091759,CUST_007847,PROD_01539,LOC_0040,2021-04-06,12,7096.68,10.0,76644.14,Online
TXN_00423639,CUST_043969,PROD_00615,LOC_0224,2021-01-25,3,3607.23,0.0,10821.69,Online
TXN_00098590,CUST_046107,PROD_03995,LOC_0016,2026-06-22,5,5895.59,20.0,23582.36,Direct Sales
TXN_00451371,CUST_012039,PROD_03075,LOC_0201,2024-11-28,4,1925.22,5.0,7315.84,Direct Sales
TXN_00048005,CUST_006783,PROD_03573,LOC_0118,2024-01-23,15,2503.08,5.0,35668.89,Online
TXN_00159936,CUST_005801,PROD_00802,LOC_0075,2023-11-12,13,8688.63,10.0,101656.97,Partner
TXN_00391317,CUST_032938,PROD_04473,LOC_0076,2025-06-20,5,545.65,5.0,2591.84,Online
TXN_00336584,CUST_010600,PROD_04734,LOC_0052,2021-04-05,10,1558.78,20.0,12470.24,Online
TXN_00321084,CUST_028735,PROD_03561,LOC_0169,2022-11-10,11,8732.25,15.0,81646.54,Partner
TXN_00051749,CUST_006079,PROD_00934,LOC_0130,2022-02-14,4,192.37,10.0,692.53,Direct Sales
TXN_00493242,CUST_005179,PROD_01322,LOC_0156,2022-09-02,18,3335.76,0.0,60043.68,Partner
TXN_00313235,CUST_002855,PROD_04681,LOC_0099,2023-01-12,12,3018.89,20.0,28981.34,Online
TXN_00266996,CUST_032336,PROD_04874,LOC_0079,2022-08-29,12,6484.5,20.0,62251.2,Online
TXN_00250226,CUST_030441,PROD_04503,LOC_0147,2022-10-14,7,1789.98,5.0,11903.37,Partner
TXN_00361254,CUST_023471,PROD_04355,LOC_0013,2022-01-25,14,8459.23,15.0,100664.84,Retail
TXN_00251529,CUST_038138,PROD_03344,LOC_0019,2024-09-15,13,3807.66,20.0,39599.66,Direct Sales
TXN_00056502,CUST_019103,PROD_01925,LOC_0190,2026-01-02,19,1651.18,0.0,31372.42,Direct Sales
TXN_00160878,CUST_047009,PROD_02348,LOC_0122,2026-02-09,19,6485.53,20.0,98580.06,Online
TXN_00228073,CUST_000240,PROD_04809,LOC_0221,2022-10-20,4,8322.33,5.0,31624.85,Retail
TXN_00467741,CUST_012664,PROD_02040,LOC_0044,2022-12-24,1,8325.3,0.0,8325.3,Online
TXN_00483784,CUST_012911,PROD_01008,LOC_0126,2021-09-13,11,3297.56,10.0,32645.84,Direct Sales
TXN_00175088,CUST_003430,PROD_02384,LOC_0129,2023-02-02,6,4551.01,15.0,23210.15,Direct Sales
TXN_00341414,CUST_025050,PROD_03875,LOC_0040,2022-01-16,2,4968.61,20.0,7949.78,Partner
TXN_00289198,CUST_034681,PROD_02666,LOC_0148,2026-05-17,6,147.09,15.0,750.16,Partner
TXN_00252724,CUST_026211,PROD_03079,LOC_0161,2021-06-18,5,2102.71,0.0,10513.55,Retail
TXN_00173246,CUST_029956,PROD_02078,LOC_0045,2025-02-21,7,3517.67,0.0,24623.69,Direct Sales
TXN_00002252,CUST_009306,PROD_02727,LOC_0095,2023-08-30,14,5005.69,5.0,66575.68,Online
TXN_00383311,CUST_045313,PROD_03921,LOC_0182,2022-03-11,17,3106.08,10.0,47523.02,Online
TXN_00247462,CUST_038999,PROD_03657,LOC_0124,2021-01-07,19,3899.15,15.0,62971.27,Retail
TXN_00120917,CUST_048345,PROD_00002,LOC_0149,2024-07-07,2,6761.19,20.0,10817.9,Retail
TXN_00318202,CUST_043369,PROD_02706,LOC_0016,2023-12-27,8,7561.52,15.0,51418.34,Retail
TXN_00344817,CUST_014594,PROD_02885,LOC_0118,2023-07-08,4,6251.45,15.0,21254.93,Direct Sales
TXN_00344499,CUST_042003,PROD_04196,LOC_0084,2022-06-18,4,1825.16,10.0,6570.58,Partner
TXN_00154447,CUST_030454,PROD_04157,LOC_0037,2021-08-31,18,1739.75,20.0,25052.4,Online
TXN_00377116,CUST_007076,PROD_00644,LOC_0035,2022-12-14,8,5583.88,10.0,40203.94,Partner
TXN_00457747,,PROD_02549,LOC_0045,2021-04-02,19,598.79,15.0,9670.46,Direct Sales
TXN_00116372,CUST_033012,PROD_03384,LOC_0017,2023-03-08,8,4054.21,10.0,29190.31,Partner
TXN_00024867,CUST_048462,PROD_00754,LOC_0038,2023-06-14,6,1746.36,20.0,8382.53,Partner
TXN_00092688,,PROD_03122,LOC_0049,2025-05-24,2,3359.89,20.0,5375.82,Retail
TXN_00056250,CUST_031837,PROD_03176,LOC_0105,2021-08-20,11,5981.66,20.0,52638.61,Retail
TXN_00491045,CUST_001469,PROD_02148,LOC_0168,2024-05-04,3,3588.04,0.0,10764.12,Retail
TXN_00252058,CUST_023376,PROD_01444,LOC_0189,2025-12-02,11,6512.26,0.0,71634.86,Direct Sales
TXN_00379156,CUST_027747,PROD_01006,LOC_0112,2023-02-17,17,8265.97,0.0,140521.49,Direct Sales
TXN_00355261,CUST_012216,PROD_01012,LOC_0073,2024-10-09,17,7276.58,10.0,111331.67,Retail
TXN_00443635,CUST_017660,PROD_00680,LOC_0137,2026-05-15,12,3240.06,0.0,38880.72,Partner
TXN_00160480,CUST_023554,PROD_03983,LOC_0030,2021-08-02,14,3372.12,0.0,47209.68,Direct Sales
TXN_00163680,CUST_025242,PROD_03344,LOC_0070,2023-12-03,11,7442.24,10.0,73678.18,Retail
TXN_00491334,CUST_024077,PROD_00282,LOC_0024,2021-03-18,18,2848.5,15.0,43582.05,Retail
TXN_00331155,CUST_022870,PROD_03209,LOC_0123,2023-01-19,7,7606.69,5.0,50584.49,Direct Sales
TXN_00057961,CUST_039921,PROD_00247,LOC_0130,2024-10-18,7,8695.67,15.0,51739.24,Direct Sales
TXN_00108514,CUST_010546,PROD_04269,LOC_0068,2025-12-03,1,3326.92,10.0,2994.23,Direct Sales
TXN_00276560,CUST_008344,PROD_04311,LOC_0038,2024-05-27,7,1938.11,0.0,13566.77,Online
TXN_00032582,CUST_016598,PROD_04467,LOC_0134,2021-02-14,1,9017.78,10.0,8116.0,Online
TXN_00184797,CUST_041853,PROD_04277,LOC_0170,2024-02-14,15,8458.92,10.0,114195.42,Partner
TXN_00326829,CUST_008624,PROD_04383,LOC_0034,2021-09-13,2,5957.39,20.0,9531.82,Retail
TXN_00018892,CUST_047192,PROD_01983,LOC_0246,2021-08-17,1,8923.63,5.0,8477.45,Partner
TXN_00462679,CUST_008820,PROD_00856,LOC_0167,2023-05-19,7,189.24,5.0,1258.45,Direct Sales
TXN_00077058,CUST_022460,PROD_00258,LOC_0021,2023-10-06,7,3858.04,10.0,24305.65,Partner
TXN_00481006,CUST_000759,PROD_00613,LOC_0152,2024-09-14,4,7230.22,20.0,23136.7,Direct Sales
TXN_00021241,CUST_022162,PROD_01206,LOC_0009,2023-03-29,16,4521.45,5.0,68726.04,Direct Sales
TXN_00027039,CUST_030223,PROD_04883,LOC_0225,2024-04-17,4,352.84,0.0,1411.36,Retail
TXN_00323810,CUST_034755,PROD_04749,LOC_0011,2023-06-17,8,5374.72,10.0,38697.98,Direct Sales
TXN_00077687,CUST_039562,PROD_00256,LOC_0176,2024-11-14,8,9441.37,20.0,60424.77,Retail
TXN_00210202,CUST_005001,PROD_01135,LOC_0047,2025-10-23,4,8479.91,5.0,32223.66,Direct Sales
TXN_00319818,CUST_023632,PROD_00174,LOC_0072,2023-05-08,13,9501.06,5.0,117338.09,Retail
TXN_00375703,CUST_018075,PROD_02369,LOC_0120,2021-01-20,6,7877.43,5.0,44901.35,Retail
TXN_00326414,,PROD_04365,LOC_0052,2022-09-12,18,7983.24,20.0,114958.66,Partner
TXN_00077000,CUST_039229,PROD_04351,LOC_0222,2025-05-31,17,347.46,20.0,4725.46,Online
TXN_00257642,CUST_032576,PROD_02450,LOC_0085,2022-05-28,17,2688.32,0.0,45701.44,Retail
TXN_00353822,CUST_034242,PROD_02234,LOC_0214,2024-04-17,10,1018.65,0.0,10186.5,Partner
TXN_00216093,CUST_031183,PROD_03092,LOC_0165,2024-09-18,5,1686.66,10.0,7589.97,Online
TXN_00080201,CUST_010107,PROD_01245,LOC_0126,2025-04-05,19,5311.84,10.0,90832.46,Retail
TXN_00115134,CUST_037086,PROD_04327,LOC_0120,2024-09-25,19,8565.56,5.0,154608.36,Online
TXN_00056307,CUST_037087,PROD_03649,LOC_0043,2021-02-25,5,1888.14,20.0,7552.56,Online
TXN_00296988,CUST_005040,PROD_01299,LOC_0074,2025-02-19,4,5415.04,5.0,20577.15,Direct Sales
TXN_00353511,CUST_047717,PROD_04158,LOC_0093,2024-08-18,5,7812.33,10.0,35155.48,Retail
TXN_00065731,CUST_042150,PROD_01045,LOC_0038,2024-07-27,7,3027.12,20.0,16951.87,Retail
TXN_00442809,CUST_012700,PROD_02480,LOC_0063,2022-11-13,8,1541.28,10.0,11097.22,Online
TXN_00188790,CUST_030163,PROD_00669,LOC_0033,2026-06-29,1,6178.3,15.0,5251.56,Partner
TXN_00250485,CUST_046878,PROD_04378,LOC_0111,2023-02-23,14,1744.87,5.0,23206.77,Online
TXN_00334191,CUST_024129,PROD_01565,LOC_0041,2024-06-15,11,1816.47,10.0,17983.05,Retail
TXN_00096435,CUST_020119,PROD_03665,LOC_0212,2026-03-14,19,9536.25,20.0,144951.0,Online
TXN_00328624,CUST_042180,PROD_04374,LOC_0244,2022-06-20,8,6174.9,10.0,44459.28,Partner
TXN_00003419,CUST_006243,PROD_03461,LOC_0045,2026-06-07,18,764.86,5.0,13079.11,Direct Sales
TXN_00179962,CUST_023963,PROD_03997,LOC_0061,2024-09-15,4,9464.1,5.0,35963.58,Direct Sales
TXN_00027043,CUST_002829,PROD_02565,LOC_0128,2024-01-13,15,5947.01,20.0,71364.12,Partner
TXN_00248388,CUST_011918,PROD_02395,LOC_0144,2025-03-29,4,4284.91,15.0,14568.69,Retail
TXN_00367307,CUST_024891,PROD_02548,LOC_0050,2024-03-29,19,8448.28,5.0,152491.45,Online
TXN_00027976,CUST_046124,PROD_03173,LOC_0111,2022-09-18,9,8429.05,20.0,60689.16,Direct Sales
TXN_00212958,CUST_034580,PROD_03730,LOC_0068,2024-05-05,8,728.17,0.0,5825.36,Partner
TXN_00267610,,PROD_00081,LOC_0147,2022-08-05,4,355.82,5.0,1352.12,Direct Sales
TXN_00194650,CUST_020854,PROD_02292,LOC_0141,2023-02-04,17,4833.35,15.0,69841.91,Partner
TXN_00391659,CUST_008694,PROD_01631,LOC_0046,2023-07-16,2,6634.31,5.0,12605.19,Online
TXN_00410933,CUST_040191,PROD_03542,LOC_0024,2025-11-27,12,2447.97,20.0,23500.51,Retail
TXN_00203771,CUST_030204,PROD_03250,LOC_0129,2021-10-21,6,4127.83,20.0,19813.58,Retail
TXN_00392092,CUST_014285,PROD_03189,LOC_0228,2023-11-22,11,4900.65,0.0,53907.15,Partner
TXN_00313402,CUST_029846,PROD_03428,LOC_0249,2021-09-29,16,786.54,15.0,10696.94,Partner
TXN_00347086,CUST_041831,PROD_00940,LOC_0107,2025-07-24,5,999.13,20.0,3996.52,Direct Sales
TXN_00190820,CUST_012360,PROD_00681,LOC_0006,2022-11-17,15,8926.5,0.0,133897.5,Online
TXN_00002418,CUST_006901,PROD_03801,LOC_0175,2024-07-18,7,585.63,15.0,3484.5,Retail
TXN_00191308,CUST_023260,PROD_02283,LOC_0191,2025-11-03,16,1803.14,20.0,23080.19,Partner
TXN_00263583,CUST_021781,PROD_01711,LOC_0067,2024-07-10,14,1370.1,15.0,16304.19,Direct Sales
TXN_00054413,CUST_010022,PROD_03698,LOC_0221,2021-03-26,9,513.7,0.0,4623.3,Direct Sales
TXN_00226845,CUST_037318,PROD_02256,LOC_0158,2023-04-27,7,5826.16,15.0,34665.65,Online
TXN_00481321,CUST_024498,PROD_01373,LOC_0227,2022-05-28,16,3202.52,5.0,48678.3,Online
TXN_00129065,CUST_005506,PROD_03894,LOC_0159,2023-11-25,5,2154.62,0.0,10773.1,Partner
TXN_00472274,CUST_012190,PROD_00007,LOC_0242,2025-04-22,5,7504.1,20.0,30016.4,Direct Sales
TXN_00231801,CUST_040019,PROD_02438,LOC_0054,2024-11-10,16,4250.01,5.0,64600.15,Retail
TXN_00242515,CUST_037548,PROD_04578,LOC_0224,2022-03-27,16,7413.47,5.0,112684.74,Online
TXN_00448673,CUST_048964,PROD_01162,LOC_0192,2025-03-18,12,4156.25,0.0,49875.0,Retail
TXN_00415852,CUST_014901,PROD_01241,LOC_0175,2026-01-12,2,1338.08,20.0,2140.93,Online
TXN_00225657,CUST_017297,PROD_03872,LOC_0024,2025-05-14,4,8718.65,5.0,33130.87,Direct Sales
TXN_00451130,CUST_005332,PROD_00160,LOC_0016,2024-03-15,17,1473.65,20.0,20041.64,Online
TXN_00482033,CUST_003673,PROD_00687,LOC_0164,2021-03-23,5,6920.43,15.0,29411.83,Direct Sales
TXN_00111963,CUST_020543,PROD_02578,LOC_0242,2024-11-26,19,115.93,20.0,1762.14,Direct Sales
TXN_00194830,CUST_015178,PROD_01915,LOC_0176,2023-05-20,6,5897.14,20.0,28306.27,Retail
TXN_00317728,CUST_045888,PROD_02865,LOC_0087,2025-03-05,6,9657.1,20.0,46354.08,Direct Sales
TXN_00146963,CUST_023133,PROD_00532,LOC_0201,2024-11-09,1,9144.69,20.0,7315.75,Online
TXN_00448560,CUST_040967,PROD_03627,LOC_0088,2025-11-30,10,435.18,5.0,4134.21,Direct Sales
TXN_00331994,CUST_044285,PROD_04362,LOC_0044,2021-04-16,5,9090.84,10.0,40908.78,Partner
TXN_00141358,CUST_012995,PROD_04952,LOC_0245,2024-04-03,9,1923.95,20.0,13852.44,Online
TXN_00263985,CUST_002703,PROD_01440,LOC_0142,2025-06-28,2,3340.07,20.0,5344.11,Direct Sales
TXN_00015108,CUST_042669,PROD_03099,LOC_0052,2023-03-20,7,7343.3,20.0,41122.48,Partner
TXN_00104516,CUST_002830,PROD_04653,LOC_0241,2021-05-14,4,5675.73,20.0,18162.34,Online
TXN_00227515,CUST_006722,PROD_00768,LOC_0091,2023-08-22,17,4644.66,10.0,71063.3,Partner
TXN_00270854,CUST_006803,PROD_04565,LOC_0047,2021-01-01,13,1968.21,0.0,25586.73,Partner
TXN_00255847,CUST_033534,PROD_01705,LOC_0061,2021-08-07,7,3044.08,5.0,20243.13,Partner
TXN_00497714,CUST_033558,PROD_00497,LOC_0022,2026-06-02,7,8587.62,5.0,57107.67,Direct Sales
TXN_00371332,CUST_012357,PROD_01394,LOC_0086,2021-08-23,11,7110.52,5.0,74304.93,Partner
TXN_00017819,CUST_003948,PROD_00206,LOC_0075,2024-04-04,19,3106.08,20.0,47212.42,Direct Sales
TXN_00255295,CUST_014253,PROD_01752,LOC_0135,2021-06-18,10,480.14,0.0,4801.4,Direct Sales
TXN_00080602,CUST_006926,PROD_04986,LOC_0172,2026-06-17,14,3651.32,15.0,43450.71,Partner
TXN_00445017,CUST_002540,PROD_04051,LOC_0245,2023-04-13,18,4298.34,10.0,69633.11,Retail
TXN_00359239,CUST_017574,PROD_02123,LOC_0231,2024-03-16,12,5291.62,10.0,57149.5,Partner
TXN_00000929,CUST_015928,PROD_01911,LOC_0147,2025-01-09,15,7853.3,10.0,106019.55,Online
TXN_00027736,CUST_013243,PROD_01301,LOC_0210,2021-03-20,8,4803.31,15.0,32662.51,Direct Sales
TXN_00361326,CUST_007157,PROD_02405,LOC_0126,2021-01-27,14,7860.27,0.0,110043.78,Retail
TXN_00132411,CUST_028529,PROD_01218,LOC_0093,2024-02-07,4,8763.41,15.0,29795.59,Partner
TXN_00262057,CUST_010081,PROD_04832,LOC_0052,2021-04-08,19,9281.19,15.0,149891.22,Partner
TXN_00426993,CUST_042263,PROD_03013,LOC_0043,2025-08-02,14,1876.21,20.0,21013.55,Retail
TXN_00476583,CUST_022176,PROD_03509,LOC_0008,2026-06-11,5,7320.61,10.0,32942.74,Partner
TXN_00238081,CUST_012407,PROD_00589,LOC_0094,2023-10-23,3,1323.28,5.0,3771.35,Online
TXN_00441939,CUST_002669,PROD_04459,LOC_0110,2025-12-05,10,5215.24,20.0,41721.92,Direct Sales
TXN_00349386,CUST_003722,PROD_01528,LOC_0098,2025-06-28,13,3932.81,20.0,40901.22,Retail
TXN_00151717,CUST_019650,PROD_02283,LOC_0021,2021-07-13,2,3500.16,0.0,7000.32,Online
TXN_00423352,CUST_027728,PROD_00702,LOC_0086,2026-04-01,7,1843.84,10.0,11616.19,Direct Sales
TXN_00294314,CUST_041221,PROD_01337,LOC_0043,2022-10-16,17,2816.14,5.0,45480.66,Retail
TXN_00251255,CUST_026171,PROD_03022,LOC_0163,2021-09-23,10,6413.07,20.0,51304.56,Direct Sales
TXN_00417276,CUST_037880,PROD_03293,LOC_0233,2023-01-25,9,9657.32,15.0,73878.5,Partner
TXN_00013507,CUST_032391,PROD_02661,LOC_0116,2022-07-10,9,3886.17,0.0,34975.53,Partner
TXN_00295393,CUST_015325,PROD_02468,LOC_0006,2021-01-19,9,7516.0,10.0,60879.6,Partner
TXN_00073825,CUST_003304,PROD_03290,LOC_0168,2021-06-29,4,1770.44,5.0,6727.67,Direct Sales
TXN_00027023,CUST_012185,PROD_01110,LOC_0007,2021-01-13,9,658.98,20.0,4744.66,Retail
TXN_00163121,CUST_048659,PROD_04537,LOC_0169,2024-11-21,17,9912.66,20.0,134812.18,Partner
TXN_00043600,CUST_034883,PROD_01452,LOC_0191,2021-08-08,5,6736.63,10.0,30314.84,Retail
TXN_00140797,CUST_011653,PROD_02885,LOC_0129,2024-06-25,17,6419.88,0.0,109137.96,Retail
TXN_00036239,CUST_003636,PROD_00604,LOC_0148,2025-07-07,18,1114.04,15.0,17044.81,Direct Sales
TXN_00419987,CUST_043012,PROD_00739,LOC_0073,2023-11-27,11,8560.02,5.0,89452.21,Retail
TXN_00320991,CUST_035340,PROD_04451,LOC_0243,2025-01-02,14,2441.47,5.0,32471.55,Online
TXN_00254888,CUST_037004,PROD_04755,LOC_0027,2026-03-14,1,6485.11,0.0,6485.11,Online
TXN_00322717,CUST_038161,PROD_03066,LOC_0100,2021-01-22,16,2574.51,20.0,32953.73,Retail
TXN_00236255,CUST_022879,PROD_03803,LOC_0249,2025-11-23,19,2732.69,5.0,49325.05,Retail
TXN_00022126,CUST_020303,PROD_01593,LOC_0218,2023-06-06,3,4093.92,0.0,12281.76,Online
TXN_00344008,CUST_028692,PROD_03658,LOC_0222,2021-06-09,5,8103.64,0.0,40518.2,Direct Sales
TXN_00048414,CUST_014939,PROD_04629,LOC_0201,2022-11-01,6,4661.37,5.0,26569.81,Retail
TXN_00070331,CUST_009490,PROD_02335,LOC_0236,2023-09-11,6,5128.13,20.0,24615.02,Retail
TXN_00044005,CUST_047952,PROD_01519,LOC_0173,2025-09-10,1,3511.57,0.0,3511.57,Retail
TXN_00337218,CUST_004756,PROD_01979,LOC_0223,2025-03-08,4,7712.8,0.0,30851.2,Retail
TXN_00091894,CUST_041093,PROD_02726,LOC_0044,2022-07-29,8,8719.72,5.0,66269.87,Retail
TXN_00261817,CUST_006688,PROD_04644,LOC_0187,2022-06-14,14,4325.57,0.0,60557.98,Direct Sales
TXN_00223500,CUST_034287,PROD_00474,LOC_0117,2025-04-02,6,7382.81,5.0,42082.02,Partner
TXN_00390618,CUST_040910,PROD_00879,LOC_0052,2023-08-18,17,2943.78,0.0,50044.26,Online
TXN_00244140,CUST_016011,PROD_00189,LOC_0039,2021-03-22,13,3283.96,10.0,38422.33,Direct Sales
TXN_00284170,CUST_045350,PROD_00590,LOC_0112,2025-03-21,8,2694.14,15.0,18320.15,Online
TXN_00487884,CUST_018215,PROD_02102,LOC_0008,2021-07-03,19,4852.6,15.0,78369.49,Partner
TXN_00269489,CUST_026919,PROD_03229,LOC_0174,2022-04-01,2,3359.89,10.0,6047.8,Retail
TXN_00164723,CUST_034139,PROD_01075,LOC_0044,2025-06-28,11,211.19,20.0,1858.47,Retail
TXN_00142834,CUST_041211,PROD_04429,LOC_0135,2025-01-18,19,8309.5,10.0,142092.45,Online
TXN_00056962,CUST_049099,PROD_00507,LOC_0056,2023-05-23,3,5423.0,5.0,15455.55,Online
TXN_00200772,CUST_002755,PROD_00725,LOC_0215,2025-12-12,12,3966.28,0.0,47595.36,Online
TXN_00270806,CUST_019321,PROD_02816,LOC_0215,2026-06-20,15,3076.35,5.0,43837.99,Partner
TXN_00467853,CUST_019592,PROD_00176,LOC_0139,2023-12-16,17,8639.38,10.0,132182.51,Partner
TXN_00430591,CUST_001458,PROD_04556,LOC_0197,2025-01-19,5,3211.47,0.0,16057.35,Online
TXN_00191925,CUST_037348,PROD_03945,LOC_0167,2023-07-25,9,9383.24,0.0,84449.16,Partner
TXN_00453874,CUST_034509,PROD_01470,LOC_0054,2021-11-27,19,7022.63,0.0,133429.97,Partner
TXN_00152157,CUST_004408,PROD_01843,LOC_0133,2021-04-03,7,6318.23,5.0,42016.23,Online
TXN_00074619,CUST_020481,PROD_02693,LOC_0178,2023-02-13,4,2753.82,10.0,9913.75,Online
TXN_00071595,CUST_046739,PROD_03128,LOC_0177,2025-10-01,4,7642.98,10.0,27514.73,Online
TXN_00392684,CUST_000521,PROD_02601,LOC_0094,2022-11-10,2,7220.51,15.0,12274.87,Online
TXN_00475265,CUST_039278,PROD_04000,LOC_0179,2025-12-20,7,2734.23,15.0,16268.67,Online
TXN_00063303,CUST_021916,PROD_02084,LOC_0163,2022-03-08,4,8080.3,5.0,30705.14,Partner
TXN_00469149,CUST_024716,PROD_04566,LOC_0234,2025-01-16,5,8957.54,10.0,40308.93,Partner
TXN_00270286,CUST_049841,PROD_01068,LOC_0010,2025-11-30,14,8417.15,20.0,94272.08,Retail
TXN_00234472,CUST_047537,PROD_02250,LOC_0034,2023-03-18,11,8080.96,0.0,88890.56,Partner
TXN_00292333,CUST_001291,PROD_04086,LOC_0031,2023-04-11,15,4169.78,15.0,53164.7,Partner
TXN_00014578,CUST_014926,PROD_04033,LOC_0148,2021-10-08,11,2450.56,0.0,26956.16,Retail
TXN_00195923,CUST_020462,PROD_02852,LOC_0151,2023-05-10,9,4237.98,15.0,32420.55,Online
TXN_00197095,CUST_024300,PROD_03950,LOC_0055,2023-04-10,9,4791.57,0.0,43124.13,Online
TXN_00410257,CUST_021823,PROD_03585,LOC_0039,2022-04-18,11,1996.16,20.0,17566.21,Online
TXN_00181706,CUST_011942,PROD_03671,LOC_0136,2021-05-10,8,4278.83,10.0,30807.58,Retail
TXN_00488443,CUST_004103,PROD_02233,LOC_0131,2021-09-26,13,3730.21,20.0,38794.18,Partner
TXN_00402391,CUST_030361,PROD_02119,LOC_0150,2024-12-26,3,6120.07,15.0,15606.18,Direct Sales
TXN_00345538,CUST_024513,PROD_01849,LOC_0229,2024-08-08,18,2861.02,10.0,46348.52,Partner
TXN_00443701,CUST_013883,PROD_02133,LOC_0051,2025-10-19,13,9915.11,15.0,109561.97,Direct Sales
TXN_00036394,CUST_011444,PROD_02349,LOC_0169,2026-04-13,2,8021.77,5.0,15241.36,Retail
TXN_00343752,CUST_000764,PROD_00423,LOC_0057,2025-01-16,15,7051.26,15.0,89903.56,Retail
TXN_00049193,CUST_017462,PROD_01376,LOC_0046,2025-12-25,18,2380.68,0.0,42852.24,Direct Sales
TXN_00301043,CUST_014652,PROD_03063,LOC_0133,2025-10-02,4,8962.2,15.0,30471.48,Partner
TXN_00402561,CUST_002844,PROD_03384,LOC_0035,2022-06-10,9,7494.98,15.0,57336.6,Online
TXN_00082168,CUST_034399,PROD_04010,LOC_0003,2025-02-24,6,7575.21,15.0,38633.57,Online
TXN_00414903,CUST_029402,PROD_00433,LOC_0109,2021-07-20,19,1951.18,15.0,31511.56,Online
TXN_00142173,CUST_012032,PROD_03215,LOC_0037,2023-04-02,14,5680.09,5.0,75545.2,Direct Sales
TXN_00438983,CUST_025738,PROD_00021,LOC_0001,2023-06-03,15,5520.94,20.0,66251.28,Direct Sales
TXN_00033741,CUST_030016,PROD_02437,LOC_0151,2023-01-18,10,2866.97,10.0,25802.73,Direct Sales
TXN_00347477,CUST_049336,PROD_00161,LOC_0161,2021-04-04,7,5968.16,0.0,41777.12,Online
TXN_00300354,CUST_040533,PROD_03616,LOC_0112,2021-05-13,13,7199.79,15.0,79557.68,Retail
TXN_00151127,CUST_046864,PROD_03982,LOC_0195,2026-01-31,11,2845.3,0.0,31298.3,Direct Sales
TXN_00116222,CUST_016723,PROD_03238,LOC_0016,2022-08-26,13,587.99,20.0,6115.1,Online
TXN_00303260,CUST_018364,PROD_01953,LOC_0145,2022-03-26,13,8878.03,10.0,103872.95,Online
TXN_00068727,CUST_041497,PROD_03675,LOC_0183,2021-02-19,14,4946.22,5.0,65784.73,Retail
TXN_00306169,CUST_011448,PROD_03837,LOC_0158,2023-11-28,5,6134.93,15.0,26073.45,Direct Sales
TXN_00453492,CUST_046736,PROD_00118,LOC_0213,2022-12-14,12,3204.63,5.0,36532.78,Retail
TXN_00406503,CUST_032631,PROD_03397,LOC_0084,2026-01-22,8,9324.6,20.0,59677.44,Online
TXN_00250380,,PROD_01044,LOC_0084,2021-04-15,14,7036.77,20.0,78811.82,Partner
TXN_00311345,,PROD_03962,LOC_0186,2021-11-17,1,8993.64,15.0,7644.59,Direct Sales
TXN_00237024,CUST_023099,PROD_01357,LOC_0201,2021-04-28,2,868.64,10.0,1563.55,Retail
TXN_00303656,CUST_041073,PROD_01706,LOC_0048,2025-06-30,15,2658.83,20.0,31905.96,Direct Sales
TXN_00173150,CUST_041647,PROD_04847,LOC_0180,2021-03-21,15,9462.62,10.0,127745.37,Retail
TXN_00307134,CUST_015691,PROD_02106,LOC_0006,2025-07-18,3,2122.85,20.0,5094.84,Direct Sales
TXN_00093227,CUST_049883,PROD_00461,LOC_0100,2022-04-15,8,4798.71,15.0,32631.23,Partner
TXN_00404426,CUST_000107,PROD_01070,LOC_0078,2022-04-18,10,9766.05,15.0,83011.42,Partner
TXN_00156971,CUST_025374,PROD_03314,LOC_0009,2024-11-08,5,980.06,20.0,3920.24,Direct Sales
TXN_00283274,CUST_040729,PROD_01233,LOC_0122,2022-03-27,13,813.3,10.0,9515.61,Partner
TXN_00175926,CUST_031996,PROD_01492,LOC_0056,2026-02-07,1,6533.59,20.0,5226.87,Retail
TXN_00028793,CUST_008367,PROD_02141,LOC_0106,2025-06-28,18,4404.43,5.0,75315.75,Direct Sales
TXN_00483333,CUST_028395,PROD_03714,LOC_0159,2023-07-08,16,1730.3,20.0,22147.84,Partner
TXN_00269689,CUST_022730,PROD_01031,LOC_0061,2026-01-04,8,5299.71,5.0,40277.8,Retail
TXN_00342388,CUST_041613,PROD_02323,LOC_0092,2023-07-23,10,7980.45,20.0,63843.6,Retail
TXN_00343302,CUST_003095,PROD_02833,LOC_0233,2021-02-05,19,2977.23,0.0,56567.37,Direct Sales
TXN_00212393,CUST_025925,PROD_03278,LOC_0086,2023-03-20,12,6620.45,0.0,79445.4,Direct Sales
TXN_00176771,CUST_006738,PROD_01060,LOC_0154,2021-03-16,1,6651.84,15.0,5654.06,Direct Sales
TXN_00350486,CUST_018044,PROD_03654,LOC_0197,2023-12-15,1,8461.18,0.0,8461.18,Online
TXN_00483909,CUST_032678,PROD_00073,LOC_0078,2024-11-30,14,9774.46,5.0,130000.32,Partner
TXN_00411164,CUST_012593,PROD_04279,LOC_0024,2022-07-29,9,7632.9,15.0,58391.68,Partner
TXN_00097555,CUST_031662,PROD_04881,LOC_0128,2022-07-02,18,1750.24,15.0,26778.67,Online
TXN_00119225,CUST_035468,PROD_01641,LOC_0158,2022-06-04,17,4493.26,15.0,64927.61,Retail
TXN_00170320,CUST_030326,PROD_03969,LOC_0027,2026-02-27,16,3722.51,10.0,53604.14,Retail
TXN_00306862,CUST_020518,PROD_02024,LOC_0003,2026-01-28,7,5822.64,20.0,32606.78,Retail
TXN_00042398,CUST_011335,PROD_00262,LOC_0095,2026-06-21,1,8643.4,5.0,8211.23,Direct Sales
TXN_00057857,CUST_032557,PROD_01755,LOC_0218,2026-02-11,3,2830.36,5.0,8066.53,Online
TXN_00444300,CUST_007385,PROD_00655,LOC_0237,2025-09-29,2,9982.55,15.0,16970.34,Online
TXN_00297791,CUST_048198,PROD_02206,LOC_0230,2024-05-04,2,8926.26,15.0,15174.64,Retail
TXN_00489108,CUST_042564,PROD_03899,LOC_0007,2021-09-05,3,4133.32,20.0,9919.97,Direct Sales
TXN_00290618,CUST_009567,PROD_00444,LOC_0130,2026-03-03,14,7453.03,0.0,104342.42,Retail
TXN_00090107,CUST_030499,PROD_00757,LOC_0072,2023-05-19,16,1365.18,5.0,20750.74,Online
TXN_00256640,CUST_039862,PROD_01942,LOC_0126,2022-07-10,-1,9619.58,0.0,48097.9,Partner
TXN_00413944,CUST_036026,PROD_04886,LOC_0012,2023-06-28,2,9883.27,5.0,18778.21,Partner
TXN_00427371,CUST_035565,PROD_03550,LOC_0038,2022-01-10,12,4407.87,20.0,42315.55,Online
TXN_00480201,CUST_017480,PROD_03106,LOC_0211,2023-02-28,17,6434.37,5.0,103915.08,Online
TXN_00422067,CUST_033170,PROD_02572,LOC_0035,2021-06-27,7,4717.8,20.0,26419.68,Partner
TXN_00286951,CUST_037426,PROD_01098,LOC_0001,2026-03-01,12,6058.45,5.0,69066.33,Online
TXN_00440673,CUST_045297,PROD_00332,LOC_0181,2023-02-28,4,7958.89,5.0,30243.78,Retail
TXN_00368919,CUST_013975,PROD_03876,LOC_0032,2025-06-17,4,1679.52,20.0,5374.46,Partner
TXN_00108361,CUST_029027,PROD_04514,LOC_0217,2022-10-26,2,3391.11,5.0,6443.11,Retail
TXN_00158821,CUST_048737,PROD_03303,LOC_0115,2023-07-16,4,7838.64,5.0,29786.83,Partner
TXN_00416316,CUST_012940,PROD_04788,LOC_0015,2024-08-03,12,3155.68,15.0,32187.94,Partner
TXN_00025706,CUST_005102,PROD_01973,LOC_0147,2026-03-06,1,9842.27,10.0,8858.04,Retail
TXN_00073205,CUST_028360,PROD_03410,LOC_0084,2022-03-24,2,5252.8,5.0,9980.32,Partner
TXN_00056557,CUST_007275,PROD_03207,LOC_0047,2023-07-10,12,9311.17,10.0,100560.64,Retail
TXN_00486855,,PROD_00082,LOC_0160,2025-07-23,7,3021.3,10.0,19034.19,Retail
TXN_00462902,CUST_033343,PROD_01717,LOC_0092,2023-10-10,7,5512.15,5.0,36655.8,Retail
TXN_00082525,CUST_029021,PROD_04526,LOC_0169,2026-03-03,18,7819.77,10.0,126680.27,Online
TXN_00404621,CUST_033467,PROD_03590,LOC_0015,2026-05-10,2,271.0,10.0,487.8,Retail
TXN_00255708,CUST_032018,PROD_01771,LOC_0243,2024-04-16,9,5279.36,20.0,38011.39,Retail
TXN_00316004,CUST_024842,PROD_04888,LOC_0067,2023-09-06,16,3350.29,15.0,45563.94,Partner
TXN_00365587,CUST_017184,PROD_02247,LOC_0160,2025-01-05,1,4280.44,20.0,3424.35,Online
TXN_00451858,CUST_039199,PROD_00078,LOC_0088,2023-06-01,9,2026.7,15.0,15504.26,Direct Sales
TXN_00353209,CUST_039712,PROD_02751,LOC_0111,2023-07-01,8,8362.79,0.0,66902.32,Retail
TXN_00445361,CUST_024636,PROD_00156,LOC_0153,2022-12-01,14,6599.7,5.0,87776.01,Retail
TXN_00040474,CUST_015616,PROD_03621,LOC_0007,2025-11-20,7,8658.62,15.0,51518.79,Partner
TXN_00436129,CUST_045199,PROD_03197,LOC_0178,2026-04-02,19,3114.93,20.0,47346.94,Partner
TXN_00141482,CUST_027981,PROD_00968,LOC_0002,2021-06-24,8,2571.52,5.0,19543.55,Partner
TXN_00127077,CUST_001792,PROD_04639,LOC_0194,2022-03-13,9,316.33,10.0,2562.27,Online
TXN_00437540,CUST_006309,PROD_02293,LOC_0179,2025-11-28,13,7829.69,20.0,81428.78,Online
TXN_00405885,CUST_035791,PROD_04153,LOC_0229,2023-07-11,8,2052.66,15.0,13958.09,Retail
TXN_00347545,CUST_019400,PROD_00213,LOC_0198,2022-07-24,11,2278.6,10.0,22558.14,Retail
TXN_00363982,,PROD_02528,LOC_0073,2024-11-17,11,8596.82,10.0,85108.52,Direct Sales
TXN_00032602,CUST_000715,PROD_03959,LOC_0106,2023-03-08,12,1052.32,20.0,10102.27,Retail
TXN_00292616,CUST_035167,PROD_02531,LOC_0180,2022-02-24,2,9646.88,5.0,18329.07,Partner
TXN_00141240,CUST_008465,PROD_00469,LOC_0064,2023-07-05,2,9164.69,20.0,14663.5,Online
TXN_00121294,CUST_030669,PROD_02066,LOC_0076,2023-07-25,6,6312.9,0.0,37877.4,Online
TXN_00150548,CUST_044498,PROD_01234,LOC_0130,2025-11-22,15,9073.02,10.0,122485.77,Online
TXN_00053682,CUST_046690,PROD_04519,LOC_0201,2023-09-18,9,4174.15,10.0,33810.62,Partner
TXN_00114096,CUST_044155,PROD_02768,LOC_0002,2021-10-01,5,2941.27,10.0,13235.72,Retail
TXN_00047906,CUST_042913,PROD_00051,LOC_0079,2025-07-28,6,4191.84,5.0,23893.49,Online
TXN_00437065,,PROD_03241,LOC_0017,2023-10-27,6,1893.36,0.0,11360.16,Retail
TXN_00022272,CUST_011638,PROD_03817,LOC_0135,2024-10-09,7,4618.39,0.0,32328.73,Online
TXN_00205103,CUST_019838,PROD_02996,LOC_0188,2024-01-24,16,1428.71,10.0,20573.42,Retail
TXN_00374535,CUST_022334,PROD_01782,LOC_0064,2023-11-05,10,4970.85,0.0,49708.5,Direct Sales
TXN_00439188,CUST_036462,PROD_03772,LOC_0043,2023-08-01,16,1917.97,20.0,24550.02,Direct Sales
TXN_00404649,CUST_007640,PROD_04173,LOC_0123,2023-12-06,16,2241.02,20.0,28685.06,Online
TXN_00327588,CUST_041659,PROD_03161,LOC_0203,2023-07-12,1,3010.62,0.0,3010.62,Online
TXN_00342792,CUST_034351,PROD_04673,LOC_0085,2022-06-22,2,6843.34,0.0,13686.68,Online
TXN_00415095,CUST_048190,PROD_00817,LOC_0223,2024-04-10,6,3844.13,10.0,20758.3,Partner
TXN_00436406,CUST_004109,PROD_01715,LOC_0013,2023-01-08,10,4263.05,10.0,38367.45,Direct Sales
TXN_00169479,CUST_001432,PROD_01594,LOC_0155,2023-11-18,3,9293.79,10.0,25093.23,Online
TXN_00142070,CUST_044950,PROD_02735,LOC_0177,2025-10-06,17,2491.27,0.0,42351.59,Direct Sales
TXN_00439833,CUST_028342,PROD_04533,LOC_0107,2021-05-08,13,1162.01,15.0,12840.21,Online
TXN_00254829,CUST_019471,PROD_01828,LOC_0239,2023-11-23,11,7983.08,15.0,74641.8,Online
TXN_00444237,CUST_047817,PROD_04713,LOC_0094,2025-01-13,2,4706.13,5.0,8941.65,Direct Sales
TXN_00404473,CUST_032735,PROD_02659,LOC_0190,2023-05-15,1,2443.52,5.0,2321.34,Direct Sales
TXN_00429183,CUST_038539,PROD_00970,LOC_0163,2022-03-02,8,1563.74,10.0,11258.93,Retail
TXN_00105453,CUST_001798,PROD_01197,LOC_0156,2023-09-09,2,7332.53,20.0,11732.05,Direct Sales
TXN_00101919,CUST_008446,PROD_03745,LOC_0033,2022-03-13,9,3506.39,5.0,29979.63,Direct Sales
TXN_00151503,CUST_032500,PROD_02102,LOC_0068,2024-01-16,3,6335.05,15.0,16154.38,Online
TXN_00032811,CUST_047538,PROD_03621,LOC_0043,2024-04-28,6,5624.76,20.0,26998.85,Direct Sales
TXN_00302230,CUST_026872,PROD_02337,LOC_0056,2025-03-20,3,3102.08,5.0,8840.93,Partner
TXN_00385397,CUST_020132,PROD_02622,LOC_0009,2025-10-19,15,5604.55,0.0,84068.25,Direct Sales
TXN_00109298,CUST_047121,PROD_04647,LOC_0034,2021-06-13,3,453.98,15.0,1157.65,Partner
TXN_00405823,CUST_010910,PROD_01857,LOC_0118,2023-11-30,3,7389.93,20.0,17735.83,Direct Sales
TXN_00310186,CUST_029503,PROD_01850,LOC_0047,2022-06-03,11,4295.23,0.0,47247.53,Partner
TXN_00112618,CUST_040403,PROD_03997,LOC_0192,2024-06-13,13,6317.78,0.0,82131.14,Retail
TXN_00419383,CUST_028785,PROD_03580,LOC_0038,2025-06-26,5,5110.57,5.0,24275.21,Partner
TXN_00264230,CUST_010672,PROD_00184,LOC_0014,2023-06-21,15,5565.83,0.0,83487.45,Retail
TXN_00308678,CUST_038331,PROD_01286,LOC_0043,2023-03-26,11,1742.66,20.0,15335.41,Partner
TXN_00320285,CUST_027337,PROD_02288,LOC_0090,2024-04-01,4,1219.95,0.0,4879.8,Partner
TXN_00012631,CUST_025322,PROD_01601,LOC_0126,2021-06-16,1,7514.37,0.0,7514.37,Online
TXN_00204749,CUST_027993,PROD_01661,LOC_0017,2026-05-22,9,8098.49,0.0,72886.41,Retail
TXN_00347625,CUST_046300,PROD_00395,LOC_0173,2026-06-09,12,923.74,20.0,8867.9,Direct Sales
TXN_00107962,CUST_012066,PROD_03691,LOC_0217,2025-07-15,19,2106.76,10.0,36025.6,Online
TXN_00032933,CUST_023660,PROD_02402,LOC_0233,2026-05-02,19,7698.93,10.0,131651.7,Online
TXN_00158320,CUST_000566,PROD_04875,LOC_0033,2022-03-01,8,5406.85,0.0,43254.8,Retail
TXN_00014696,CUST_022657,PROD_04993,LOC_0083,2021-05-09,13,1176.12,15.0,12996.13,Direct Sales
TXN_00104201,CUST_033118,PROD_01060,LOC_0008,2025-04-17,9,8657.47,20.0,62333.78,Online
TXN_00153770,CUST_032410,PROD_00204,LOC_0213,2022-06-02,17,2157.89,5.0,34849.92,Retail
TXN_00271231,CUST_011838,PROD_01377,LOC_0216,2024-05-30,12,8299.93,5.0,94619.2,Partner
TXN_00132306,CUST_049320,PROD_02619,LOC_0195,2024-01-31,3,7537.71,10.0,20351.82,Online
TXN_00463804,,PROD_02988,LOC_0009,2023-09-10,12,7237.71,10.0,78167.27,Retail
TXN_00183319,CUST_040882,PROD_00231,LOC_0238,2023-07-12,3,4178.77,5.0,11909.49,Direct Sales
TXN_00159151,CUST_022464,PROD_03239,LOC_0199,2023-01-10,8,7846.78,20.0,50219.39,Retail
TXN_00341643,CUST_014874,PROD_04307,LOC_0024,2021-03-11,10,9941.66,10.0,89474.94,Direct Sales
TXN_00310049,CUST_016393,PROD_00318,LOC_0169,2025-10-23,7,8761.15,15.0,52128.84,Retail
TXN_00305033,CUST_016643,PROD_04416,LOC_0022,2026-05-27,2,1854.88,15.0,3153.3,Direct Sales
TXN_00188006,CUST_035107,PROD_01688,LOC_0180,2022-09-11,14,8866.25,5.0,117921.12,Retail
TXN_00101022,CUST_024951,PROD_01130,LOC_0177,2026-01-14,18,8712.86,0.0,156831.48,Online
TXN_00185529,CUST_028201,PROD_01717,LOC_0222,2022-01-17,19,4838.22,10.0,82733.56,Online
TXN_00018745,,PROD_02994,LOC_0035,2022-02-05,3,3352.67,15.0,8549.31,Direct Sales
TXN_00148576,CUST_035079,PROD_04079,LOC_0066,2024-01-17,9,1033.36,15.0,7905.2,Partner
TXN_00265996,CUST_025668,PROD_03266,LOC_0042,2022-05-12,17,9633.01,10.0,147385.05,Retail
TXN_00365185,CUST_000158,PROD_00338,LOC_0046,2022-06-21,10,4645.82,15.0,39489.47,Online
TXN_00256954,,PROD_03113,LOC_0111,2023-03-03,4,9318.47,20.0,29819.1,Partner
TXN_00142526,CUST_004132,PROD_02393,LOC_0235,2023-05-11,14,8326.65,20.0,93258.48,Online
TXN_00142569,CUST_017372,PROD_04104,LOC_0030,2024-06-12,1,9452.44,5.0,8979.82,Retail
TXN_00338797,CUST_007813,PROD_02264,LOC_0155,2021-12-25,14,3569.98,10.0,44981.75,Retail
TXN_00403698,CUST_035036,PROD_01581,LOC_0159,2021-08-31,4,1244.46,5.0,4728.95,Retail
TXN_00275931,CUST_024644,PROD_00690,LOC_0174,2022-07-25,8,7989.15,20.0,51130.56,Online
TXN_00184650,CUST_007981,PROD_02425,LOC_0113,2021-08-14,5,3692.27,15.0,15692.15,Online
TXN_00174112,CUST_018778,PROD_01428,LOC_0097,2024-01-09,17,6583.15,15.0,95126.52,Direct Sales
TXN_00454170,CUST_026422,PROD_03849,LOC_0094,2025-06-01,5,9407.78,10.0,42335.01,Direct Sales
TXN_00064008,CUST_034469,PROD_02013,LOC_0210,2023-10-07,15,6250.88,5.0,89075.04,Online
TXN_00412986,CUST_049891,PROD_00029,LOC_0003,2026-03-29,12,3686.67,20.0,35392.03,Retail
TXN_00086394,CUST_043577,PROD_00949,LOC_0003,2024-12-13,2,6872.35,5.0,13057.46,Partner
TXN_00456785,CUST_021411,PROD_02469,LOC_0034,2025-11-05,7,3231.07,15.0,19224.87,Retail
TXN_00491749,CUST_045879,PROD_00712,LOC_0125,2025-08-09,4,306.67,15.0,1042.68,Retail
TXN_00308992,CUST_000522,PROD_03314,LOC_0220,2024-08-02,10,8561.72,10.0,77055.48,Partner
TXN_00481277,CUST_018540,PROD_01382,LOC_0038,2023-04-30,12,9657.26,20.0,92709.7,Partner
TXN_00475743,CUST_041786,PROD_04963,LOC_0125,2023-06-30,9,140.67,0.0,1266.03,Retail
TXN_00456891,CUST_014741,PROD_03619,LOC_0130,2021-08-16,2,3020.36,5.0,5738.68,Retail
TXN_00166986,CUST_029957,PROD_04088,LOC_0164,2026-03-28,1,6345.61,15.0,5393.77,Retail
TXN_00069102,CUST_046534,PROD_03571,LOC_0105,2022-03-12,11,5309.98,10.0,52568.8,Partner
TXN_00165744,CUST_033765,PROD_02341,LOC_0156,2022-05-25,16,3400.85,10.0,48972.24,Online
TXN_00246962,CUST_031472,PROD_03523,LOC_0113,2023-05-11,4,8447.41,10.0,30410.68,Online
TXN_00031308,CUST_049347,PROD_02014,LOC_0064,2022-12-06,10,4466.35,20.0,35730.8,Partner
TXN_00372562,CUST_033573,PROD_02796,LOC_0011,2022-10-29,18,5415.95,20.0,77989.68,Online
TXN_00191640,CUST_039789,PROD_04310,LOC_0028,2021-05-13,11,9947.01,15.0,93004.54,Retail
TXN_00309195,CUST_045216,PROD_00882,LOC_0032,2022-07-22,1,9823.4,5.0,9332.23,Partner
TXN_00224857,CUST_013483,PROD_01105,LOC_0004,2023-10-13,11,3340.44,15.0,31233.11,Online
TXN_00100463,CUST_005783,PROD_02385,LOC_0227,2022-01-12,6,4498.16,5.0,25639.51,Direct Sales
TXN_00093036,CUST_046510,PROD_04843,LOC_0026,2022-12-17,4,5840.29,10.0,21025.04,Online
TXN_00422977,CUST_016712,PROD_01744,LOC_0245,2021-10-16,12,3015.87,5.0,34380.92,Online
TXN_00303040,CUST_038169,PROD_02443,LOC_0024,2025-01-13,16,9714.82,10.0,139893.41,Retail
TXN_00358455,CUST_017773,PROD_02909,LOC_0024,2021-10-15,6,8610.46,5.0,49079.62,Retail
TXN_00211808,CUST_024523,PROD_02075,LOC_0140,2022-04-30,11,7456.39,15.0,69717.25,Retail
TXN_00160582,CUST_017825,PROD_04100,LOC_0028,2021-02-22,15,6679.3,20.0,80151.6,Direct Sales
TXN_00315835,CUST_024827,PROD_00864,LOC_0113,2025-06-20,9,8813.97,0.0,79325.73,Retail
TXN_00205380,CUST_012390,PROD_04574,LOC_0205,2022-06-27,5,9704.23,15.0,41242.98,Retail
TXN_00213584,CUST_006990,PROD_00907,LOC_0003,2026-01-05,14,1250.13,0.0,17501.82,Retail
TXN_00476914,,PROD_03026,LOC_0001,2025-05-22,4,7927.93,5.0,30126.13,Retail
TXN_00396984,CUST_024164,PROD_00485,LOC_0119,2021-11-10,17,6345.02,20.0,86292.27,Partner
TXN_00337570,CUST_003158,PROD_01674,LOC_0219,2022-01-01,13,5734.93,15.0,63370.98,Online
TXN_00081590,CUST_014241,PROD_03014,LOC_0182,2021-03-03,13,2136.78,10.0,25000.33,Online
TXN_00387090,CUST_007485,PROD_04509,LOC_0082,2022-03-23,3,7844.62,10.0,21180.47,Retail
TXN_00405234,CUST_006697,PROD_04216,LOC_0076,2023-01-09,14,162.29,10.0,2044.85,Retail
TXN_00391222,CUST_034872,PROD_01192,LOC_0056,2025-10-20,9,2550.78,20.0,18365.62,Retail
TXN_00017034,CUST_047037,PROD_04483,LOC_0107,2024-11-02,1,2818.1,5.0,2677.2,Retail
TXN_00475705,CUST_012879,PROD_00453,LOC_0197,2024-12-21,3,2193.95,15.0,5594.57,Retail
TXN_00340245,CUST_029002,PROD_00034,LOC_0147,2026-03-04,1,9941.4,15.0,8450.19,Partner
TXN_00094051,CUST_020384,PROD_04316,LOC_0240,2024-09-13,4,7003.74,5.0,26614.21,Direct Sales
TXN_00059068,CUST_049387,PROD_04455,LOC_0235,2024-03-28,2,6576.3,20.0,10522.08,Direct Sales
TXN_00406826,CUST_006046,PROD_03523,LOC_0063,2023-01-14,11,9731.41,15.0,90988.68,Partner
TXN_00376548,CUST_005628,PROD_04301,LOC_0234,2021-11-02,3,858.36,10.0,2317.57,Retail
TXN_00364531,CUST_032411,PROD_00700,LOC_0027,2026-04-21,6,9172.7,5.0,52284.39,Retail
TXN_00496171,CUST_022802,PROD_01671,LOC_0055,2025-01-11,11,5615.19,0.0,61767.09,Direct Sales
TXN_00345691,CUST_037824,PROD_00609,LOC_0215,2025-01-28,2,3631.42,0.0,7262.84,Retail
TXN_00287296,CUST_002241,PROD_02420,LOC_0100,2022-05-05,4,8602.23,5.0,32688.47,Retail
TXN_00342302,CUST_006415,PROD_04499,LOC_0197,2025-04-08,13,2342.32,5.0,28927.65,Online
TXN_00238845,CUST_004331,PROD_02186,LOC_0202,2023-11-08,13,2828.7,20.0,29418.48,Partner
TXN_00403815,,PROD_00838,LOC_0054,2022-09-03,2,3432.0,20.0,5491.2,Partner
TXN_00354898,CUST_036424,PROD_03740,LOC_0091,2025-10-21,1,6243.99,20.0,4995.19,Online
TXN_00302502,CUST_022330,PROD_00894,LOC_0085,2024-09-02,1,2044.35,5.0,1942.13,Retail
TXN_00180381,CUST_019547,PROD_03056,LOC_0146,2023-11-13,18,904.15,0.0,16274.7,Retail
TXN_00142596,CUST_038082,PROD_02194,LOC_0225,2025-02-22,18,7277.97,15.0,111352.94,Direct Sales
TXN_00084157,CUST_040051,PROD_04694,LOC_0166,2024-10-14,5,1140.65,5.0,5418.09,Retail
TXN_00196620,CUST_010322,PROD_03922,LOC_0056,2026-01-15,17,3108.74,20.0,42278.86,Partner
TXN_00404709,CUST_010585,PROD_02793,LOC_0227,2024-07-01,5,4935.12,10.0,22208.04,Partner
TXN_00129179,CUST_022774,PROD_00434,LOC_0047,2023-04-03,6,1119.88,0.0,6719.28,Online
TXN_00114208,CUST_035935,PROD_01094,LOC_0106,2025-06-06,8,8023.66,20.0,51351.42,Partner
TXN_00051213,,PROD_03613,LOC_0198,2024-07-12,6,3092.01,5.0,17624.46,Retail
TXN_00488465,CUST_017107,PROD_04800,LOC_0088,2021-04-21,14,9020.48,10.0,113658.05,Direct Sales
TXN_00175757,CUST_033189,PROD_01770,LOC_0113,2025-03-11,3,5925.1,0.0,17775.3,Direct Sales
TXN_00251822,CUST_025458,PROD_02441,LOC_0103,2023-07-22,16,711.19,0.0,11379.04,Online
TXN_00379787,CUST_047141,PROD_04435,LOC_0079,2024-06-10,19,6999.22,10.0,119686.66,Online
TXN_00112168,CUST_046961,PROD_03790,LOC_0236,2024-03-13,8,1863.98,5.0,14166.25,Retail
TXN_00140392,CUST_047183,PROD_02744,LOC_0117,2024-12-29,18,6390.91,5.0,109284.56,Partner
TXN_00073606,CUST_045541,PROD_01548,LOC_0006,2022-11-28,11,5949.78,20.0,52358.06,Online
TXN_00410478,CUST_039910,PROD_01619,LOC_0236,2022-08-11,10,9599.29,20.0,76794.32,Retail
TXN_00066405,CUST_016762,PROD_00524,LOC_0120,2022-08-25,9,351.76,10.0,2849.26,Online
TXN_00306837,CUST_026848,PROD_00039,LOC_0166,2021-05-18,13,4214.99,0.0,54794.87,Partner
TXN_00462775,CUST_014143,PROD_00128,LOC_0045,2024-07-27,8,4778.21,15.0,32491.83,Retail
TXN_00166732,CUST_035051,PROD_01575,LOC_0221,2024-06-08,12,8831.68,0.0,105980.16,Retail
TXN_00214343,CUST_033584,PROD_01078,LOC_0101,2024-08-01,3,1662.95,0.0,4988.85,Online
TXN_00117928,CUST_005901,PROD_03537,LOC_0206,2022-02-10,17,526.36,0.0,8948.12,Online
TXN_00211638,CUST_013520,PROD_01452,LOC_0153,2021-10-08,6,410.69,5.0,2340.93,Retail
TXN_00432488,CUST_049228,PROD_00547,LOC_0138,2025-04-28,14,5181.52,10.0,65287.15,Direct Sales
TXN_00017390,CUST_040815,PROD_04992,LOC_0090,2022-01-10,3,8228.14,10.0,22215.98,Online
TXN_00198795,CUST_011341,PROD_04355,LOC_0027,2022-05-30,12,7431.07,10.0,80255.56,Partner
TXN_00029062,CUST_036905,PROD_04586,LOC_0094,2023-10-14,11,1711.48,15.0,16002.34,Direct Sales
TXN_00282931,CUST_024400,PROD_00465,LOC_0147,2025-07-24,12,8060.07,0.0,96720.84,Retail
TXN_00005389,CUST_038218,PROD_01464,LOC_0143,2025-02-18,10,3176.29,5.0,30174.76,Online
TXN_00453853,CUST_041425,PROD_00927,LOC_0123,2024-08-01,7,4614.38,10.0,29070.59,Direct Sales
TXN_00151133,CUST_040747,PROD_03533,LOC_0210,2021-11-23,3,9410.0,15.0,23995.5,Retail
TXN_00064530,CUST_004422,PROD_04528,LOC_0115,2024-01-20,3,8767.08,15.0,22356.05,Direct Sales
TXN_00330630,CUST_001396,PROD_00548,LOC_0225,2021-03-04,11,7257.62,20.0,63867.06,Retail
TXN_00359324,CUST_008328,PROD_00561,LOC_0072,2021-07-23,15,8184.72,0.0,122770.8,Retail
TXN_00279971,CUST_034163,PROD_01752,LOC_0016,2021-07-09,5,3856.42,15.0,16389.78,Online
TXN_00121713,CUST_047750,PROD_00261,LOC_0049,2024-03-29,3,5607.9,5.0,15982.51,Direct Sales
TXN_00062157,CUST_005713,PROD_00087,LOC_0049,2023-12-02,14,1008.78,10.0,12710.63,Retail
TXN_00035949,CUST_008300,PROD_02680,LOC_0227,2022-10-30,11,5047.39,0.0,55521.29,Online
TXN_00112090,,PROD_04508,LOC_0217,2024-12-26,4,2893.34,10.0,10416.02,Partner
TXN_00333477,CUST_030283,PROD_03605,LOC_0162,2025-01-24,2,194.0,0.0,388.0,Online
TXN_00411283,CUST_017218,PROD_04264,LOC_0125,2025-05-05,7,3169.07,5.0,21074.32,Online
TXN_00412402,CUST_020080,PROD_01984,LOC_0067,2025-01-30,19,4982.11,10.0,85194.08,Online
TXN_00142928,,PROD_02557,LOC_0075,2022-03-17,12,7536.16,20.0,72347.14,Partner
TXN_00471998,CUST_019379,PROD_01268,LOC_0227,2021-06-30,13,7721.18,5.0,95356.57,Online
TXN_00434027,CUST_002048,PROD_00796,LOC_0019,2023-09-14,1,4433.84,15.0,3768.76,Retail
TXN_00133398,CUST_037413,PROD_04106,LOC_0098,2025-03-23,7,5416.13,5.0,36017.26,Partner
TXN_00021984,CUST_017179,PROD_00040,LOC_0024,2024-12-02,8,6694.69,15.0,45523.89,Direct Sales
TXN_00162938,CUST_029377,PROD_02456,LOC_0141,2025-10-14,14,1512.5,10.0,19057.5,Partner
TXN_00224604,CUST_045070,PROD_04302,LOC_0161,2024-07-06,17,9320.11,10.0,142597.68,Direct Sales
TXN_00137321,CUST_035289,PROD_04348,LOC_0166,2025-07-05,1,2616.18,5.0,2485.37,Retail
TXN_00389275,CUST_043342,PROD_01592,LOC_0038,2024-01-06,10,2178.41,10.0,19605.69,Direct Sales
TXN_00380365,CUST_001926,PROD_03089,LOC_0210,2025-10-28,8,9438.41,15.0,64181.19,Direct Sales
TXN_00317129,CUST_025257,PROD_01295,LOC_0120,2021-01-26,7,5936.51,10.0,37400.01,Retail
TXN_00100946,CUST_045585,PROD_02406,LOC_0087,2021-06-12,12,5455.37,15.0,55644.77,Direct Sales
TXN_00330363,CUST_043567,PROD_04803,LOC_0105,2021-12-13,13,2337.49,0.0,30387.37,Partner
TXN_00317258,CUST_016023,PROD_03535,LOC_0017,2024-10-23,8,3467.94,10.0,24969.17,Retail
TXN_00252276,CUST_040624,PROD_02114,LOC_0009,2024-12-11,11,2276.24,0.0,25038.64,Direct Sales
TXN_00406425,CUST_018598,PROD_03622,LOC_0211,2026-05-13,6,2870.43,0.0,17222.58,Retail
TXN_00184139,CUST_004269,PROD_03505,LOC_0091,2024-11-14,5,2055.52,0.0,10277.6,Online
TXN_00250199,CUST_040610,PROD_04754,LOC_0099,2023-06-01,8,9625.34,20.0,61602.18,Online
TXN_00272318,CUST_008347,PROD_02214,LOC_0241,2021-07-19,8,603.94,0.0,4831.52,Online
TXN_00072894,CUST_037525,PROD_00518,LOC_0145,2026-05-18,16,7620.66,15.0,103640.98,Retail
TXN_00096835,CUST_036952,PROD_04940,LOC_0066,2025-04-23,5,225.33,0.0,1126.65,Retail
TXN_00134835,CUST_028129,PROD_04330,LOC_0138,2023-01-30,5,8550.86,0.0,42754.3,Partner
TXN_00135802,CUST_033914,PROD_03527,LOC_0037,2024-06-09,8,1984.49,5.0,15082.12,Online
TXN_00252758,CUST_035093,PROD_00514,LOC_0241,2022-12-17,6,5220.02,5.0,29754.11,Online
TXN_00083850,CUST_045750,PROD_00645,LOC_0228,2025-07-03,10,8423.07,20.0,67384.56,Partner
TXN_00258135,CUST_025281,PROD_00756,LOC_0150,2021-01-04,3,3827.01,5.0,10906.98,Online
TXN_00204316,CUST_017255,PROD_02564,LOC_0086,2024-06-10,13,2415.98,20.0,25126.19,Retail
TXN_00330217,CUST_002468,PROD_00186,LOC_0128,2023-01-18,11,5597.19,20.0,49255.27,Online
TXN_00218259,CUST_029155,PROD_03555,LOC_0242,2022-03-19,2,7182.86,0.0,14365.72,Partner
TXN_00323117,CUST_003871,PROD_04664,LOC_0182,2024-04-20,1,4079.96,10.0,3671.96,Direct Sales
TXN_00118323,CUST_041473,PROD_04646,LOC_0173,2024-12-04,16,9509.06,5.0,144537.71,Online
TXN_00098285,CUST_003324,PROD_00145,LOC_0154,2023-08-06,16,8170.15,20.0,104577.92,Partner
TXN_00263854,CUST_034486,PROD_01855,LOC_0203,2026-06-25,6,482.8,15.0,2462.28,Partner
TXN_00139152,CUST_033623,PROD_03091,LOC_0088,2024-12-15,11,2722.89,10.0,26956.61,Direct Sales
TXN_00209393,CUST_026591,PROD_00682,LOC_0023,2022-08-15,19,272.99,10.0,4668.13,Partner
TXN_00251507,CUST_022570,PROD_04537,LOC_0177,2024-02-14,12,3471.25,15.0,35406.75,Partner
TXN_00163522,CUST_048709,PROD_04139,LOC_0024,2022-06-24,10,6667.43,10.0,60006.87,Retail
TXN_00453230,CUST_027925,PROD_02332,LOC_0076,2021-12-24,19,4713.36,5.0,85076.15,Direct Sales
TXN_00150476,CUST_049635,PROD_02987,LOC_0059,2025-03-03,2,4813.36,0.0,9626.72,Retail
TXN_00476294,CUST_035871,PROD_01629,LOC_0028,2026-04-27,17,5858.06,0.0,99587.02,Online
TXN_00199907,CUST_033443,PROD_03564,LOC_0025,2022-02-26,18,4602.37,15.0,70416.26,Direct Sales
TXN_00274906,CUST_014795,PROD_04191,LOC_0142,2022-07-02,1,5456.08,15.0,4637.67,Online
TXN_00106967,CUST_035305,PROD_01463,LOC_0040,2023-07-09,8,8435.06,5.0,64106.46,Online
TXN_00030338,CUST_028755,PROD_02208,LOC_0144,2025-10-28,5,8742.45,0.0,43712.25,Direct Sales
TXN_00347341,CUST_033415,PROD_02559,LOC_0123,2021-01-04,7,8819.23,20.0,49387.69,Retail
TXN_00074997,CUST_001338,PROD_00998,LOC_0047,2025-05-05,4,7975.09,0.0,31900.36,Partner
TXN_00347903,CUST_018829,PROD_03207,LOC_0021,2022-01-08,18,5735.98,15.0,87760.49,Direct Sales
TXN_00253259,CUST_026591,PROD_01168,LOC_0032,2024-04-06,13,9394.37,10.0,109914.13,Retail
TXN_00389422,CUST_023030,PROD_04036,LOC_0063,2021-10-24,16,8992.87,15.0,122303.03,Direct Sales
TXN_00478695,CUST_005378,PROD_02223,LOC_0218,2023-05-06,13,9582.91,5.0,118348.94,Retail
TXN_00054034,CUST_046635,PROD_03255,LOC_0036,2021-06-18,17,420.59,20.0,5720.02,Partner
TXN_00319394,CUST_005341,PROD_04077,LOC_0022,2025-12-16,9,6730.72,10.0,54518.83,Retail
TXN_00099261,CUST_027783,PROD_04032,LOC_0218,2023-11-18,4,3325.93,5.0,12638.53,Partner
TXN_00449884,CUST_044421,PROD_04221,LOC_0026,2025-02-16,3,9279.56,0.0,27838.68,Online
TXN_00405363,CUST_000773,PROD_04473,LOC_0130,2025-09-29,15,2303.95,5.0,32831.29,Online
TXN_00257953,CUST_001314,PROD_02840,LOC_0170,2021-07-07,4,3963.3,15.0,13475.22,Retail
TXN_00251881,CUST_015648,PROD_00917,LOC_0169,2022-11-23,13,746.02,15.0,8243.52,Retail
TXN_00458731,CUST_005482,PROD_00703,LOC_0209,2025-11-03,3,5607.9,15.0,14300.14,Online
TXN_00231501,,PROD_03428,LOC_0031,2024-10-16,13,648.78,15.0,7169.02,Online
TXN_00094213,CUST_045508,PROD_00625,LOC_0242,2025-05-11,19,5486.01,0.0,104234.19,Partner
TXN_00254837,CUST_023716,PROD_02295,LOC_0222,2022-05-20,9,7308.83,15.0,55912.55,Retail
TXN_00086483,,PROD_02850,LOC_0192,2022-05-20,9,6845.49,0.0,61609.41,Online
TXN_00156047,CUST_006910,PROD_02435,LOC_0244,2023-06-15,2,2116.76,0.0,4233.52,Online
TXN_00343235,CUST_018454,PROD_00510,LOC_0166,2025-05-14,17,8037.23,0.0,136632.91,Online
TXN_00364044,CUST_023071,PROD_01600,LOC_0109,2023-12-31,18,4778.87,0.0,86019.66,Retail
TXN_00113162,CUST_015434,PROD_00343,LOC_0113,2022-04-17,9,5258.14,5.0,44957.1,Online
TXN_00146069,CUST_000940,PROD_00250,LOC_0207,2026-06-15,3,7771.09,5.0,22147.61,Partner
TXN_00163601,CUST_006057,PROD_04271,LOC_0222,2024-05-19,15,3242.0,15.0,41335.5,Retail
TXN_00415039,CUST_009196,PROD_03987,LOC_0039,2021-12-13,9,5095.74,0.0,45861.66,Partner
TXN_00062094,CUST_028954,PROD_01260,LOC_0039,2023-11-21,13,6392.02,20.0,66477.01,Retail
TXN_00278812,CUST_028736,PROD_03484,LOC_0092,2023-02-04,5,8753.43,15.0,37202.08,Partner
TXN_00330124,CUST_015099,PROD_03996,LOC_0080,2025-11-16,4,300.38,15.0,1021.29,Retail
TXN_00207626,CUST_041951,PROD_00414,LOC_0023,2021-12-10,15,4033.97,15.0,51433.12,Direct Sales
TXN_00269417,CUST_044872,PROD_03719,LOC_0092,2022-07-14,17,6593.06,10.0,100873.82,Retail
TXN_00069515,CUST_030746,PROD_04389,LOC_0105,2022-06-11,14,3289.34,5.0,43748.22,Direct Sales
TXN_00195240,CUST_001336,PROD_01401,LOC_0221,2023-08-30,6,153.91,15.0,784.94,Partner
TXN_00230829,CUST_041583,PROD_04658,LOC_0221,2025-11-27,4,3575.32,5.0,13586.22,Direct Sales
TXN_00207468,CUST_047035,PROD_04474,LOC_0208,2022-10-23,4,8592.93,5.0,32653.13,Partner
TXN_00025705,CUST_013276,PROD_00078,LOC_0200,2021-12-13,7,1809.97,5.0,12036.3,Partner
TXN_00076267,CUST_026720,PROD_03581,LOC_0068,2021-03-30,16,7984.91,10.0,114982.7,Online
TXN_00228561,CUST_029794,PROD_00739,LOC_0211,2023-11-17,15,8390.04,15.0,106973.01,Online
TXN_00192005,CUST_007382,PROD_04119,LOC_0006,2022-08-16,9,2260.45,10.0,18309.64,Online
TXN_00099846,CUST_011978,PROD_02776,LOC_0142,2026-06-04,2,4259.35,15.0,7240.9,Online
TXN_00142305,CUST_036638,PROD_03880,LOC_0219,2021-03-15,16,3298.27,5.0,50133.7,Retail
TXN_00433234,CUST_012484,PROD_00562,LOC_0127,2025-01-24,17,8825.91,5.0,142538.45,Online
TXN_00426546,CUST_034658,PROD_00839,LOC_0135,2021-07-05,16,1646.16,20.0,21070.85,Online
TXN_00115841,CUST_027827,PROD_01874,LOC_0054,2023-03-13,5,479.57,0.0,2397.85,Retail
TXN_00347073,CUST_028151,PROD_03123,LOC_0223,2025-01-07,16,3786.59,20.0,48468.35,Partner
TXN_00122181,CUST_016406,PROD_02718,LOC_0210,2026-06-28,1,6807.88,0.0,6807.88,Retail
TXN_00453712,CUST_030715,PROD_00924,LOC_0244,2025-08-02,7,1462.92,15.0,8704.37,Retail
TXN_00380195,CUST_004513,PROD_01839,LOC_0212,2021-03-28,14,3093.28,20.0,34644.74,Direct Sales
TXN_00199993,CUST_046468,PROD_04390,LOC_0140,2025-10-20,16,4844.45,20.0,62008.96,Retail
TXN_00345149,CUST_005792,PROD_04092,LOC_0064,2021-02-05,17,3391.28,15.0,49004.0,Online
TXN_00104267,CUST_003700,PROD_04044,LOC_0235,2022-04-25,4,4627.65,15.0,15734.01,Retail
TXN_00168772,CUST_027360,PROD_02066,LOC_0124,2024-02-20,16,811.96,10.0,11692.22,Online
TXN_00340372,CUST_037704,PROD_02302,LOC_0164,2022-06-11,8,6547.27,20.0,41902.53,Retail
TXN_00207824,CUST_045341,PROD_01144,LOC_0096,2025-02-07,15,7031.41,10.0,94924.04,Retail
TXN_00433252,CUST_044226,PROD_00163,LOC_0137,2026-03-31,5,525.43,10.0,2364.44,Partner
TXN_00138611,CUST_010008,PROD_02272,LOC_0226,2025-12-11,12,5966.34,5.0,68016.28,Retail
TXN_00369459,CUST_002591,PROD_02339,LOC_0076,2025-02-16,16,3456.06,20.0,44237.57,Direct Sales
TXN_00084458,CUST_017662,PROD_02399,LOC_0192,2025-04-20,11,9020.57,5.0,94264.96,Online
TXN_00034289,CUST_025937,PROD_01092,LOC_0166,2025-03-13,3,6833.78,0.0,20501.34,Online
TXN_00066590,CUST_041054,PROD_03717,LOC_0012,2025-01-28,7,6955.5,5.0,46254.08,Retail
TXN_00205623,CUST_049388,PROD_00339,LOC_0172,2025-08-04,1,8190.7,5.0,7781.16,Direct Sales
TXN_00286997,CUST_049104,PROD_01220,LOC_0094,2022-10-14,1,7943.81,10.0,7149.43,Online
TXN_00027143,CUST_029493,PROD_01229,LOC_0038,2025-10-25,8,7567.31,20.0,48430.78,Retail
TXN_00132420,CUST_009613,PROD_04727,LOC_0194,2026-01-24,16,490.74,10.0,7066.66,Direct Sales
TXN_00404335,CUST_003153,PROD_03018,LOC_0013,2024-02-21,10,7729.06,0.0,77290.6,Direct Sales
TXN_00227391,CUST_047186,PROD_02104,LOC_0068,2025-02-06,8,3977.51,5.0,30229.08,Partner
TXN_00436670,CUST_049025,PROD_00372,LOC_0176,2024-12-30,3,9939.16,20.0,23853.98,Retail
TXN_00090047,CUST_016072,PROD_01984,LOC_0142,2025-08-29,7,5356.28,10.0,33744.56,Direct Sales
TXN_00329898,CUST_037283,PROD_01693,LOC_0169,2023-06-08,6,5333.04,10.0,28798.42,Retail
TXN_00273239,CUST_001568,PROD_00372,LOC_0167,2023-04-19,8,7490.13,15.0,50932.88,Partner
TXN_00282802,CUST_040622,PROD_03449,LOC_0222,2023-02-13,17,7650.5,15.0,110549.72,Retail
TXN_00491136,CUST_022641,PROD_02162,LOC_0199,2023-01-16,2,7006.08,5.0,13311.55,Direct Sales
TXN_00164932,CUST_019345,PROD_00114,LOC_0204,2021-12-17,15,199.16,5.0,2838.03,Retail
TXN_00499198,CUST_011434,PROD_02715,LOC_0156,2021-12-30,15,5704.27,5.0,81285.85,Online
TXN_00409055,CUST_021546,PROD_01560,LOC_0068,2022-07-17,17,8237.77,0.0,140042.09,Partner
TXN_00221449,CUST_042249,PROD_00033,LOC_0095,2023-07-21,16,7666.96,5.0,116537.79,Direct Sales
TXN_00476110,CUST_043474,PROD_03695,LOC_0097,2022-03-04,5,9682.02,20.0,38728.08,Online
TXN_00109677,CUST_040821,PROD_02788,LOC_0044,2024-05-15,10,7747.73,10.0,69729.57,Direct Sales
TXN_00332973,CUST_023517,PROD_04406,LOC_0018,2024-06-18,5,6946.22,15.0,29521.44,Direct Sales
TXN_00471515,CUST_047882,PROD_00412,LOC_0177,2025-01-25,12,4539.86,10.0,49030.49,Online
TXN_00400793,CUST_035388,PROD_03509,LOC_0123,2025-03-07,10,4548.71,0.0,45487.1,Retail
TXN_00169761,CUST_047697,PROD_02696,LOC_0003,2024-11-25,12,5331.79,20.0,51185.18,Partner
TXN_00106229,CUST_016495,PROD_03418,LOC_0218,2024-03-13,19,6577.89,15.0,106232.92,Online
TXN_00385946,CUST_016620,PROD_00286,LOC_0022,2021-09-29,2,4463.31,15.0,7587.63,Online
TXN_00414904,CUST_046498,PROD_02988,LOC_0131,2026-03-06,6,2583.6,5.0,14726.52,Partner
TXN_00068828,CUST_049703,PROD_02706,LOC_0083,2024-07-25,19,205.23,20.0,3119.5,Direct Sales
TXN_00383554,CUST_021210,PROD_01468,LOC_0028,2023-08-02,18,7200.69,15.0,110170.56,Direct Sales
TXN_00182093,,PROD_00709,LOC_0001,2023-09-09,14,8564.48,5.0,113907.58,Partner
TXN_00136958,CUST_025353,PROD_02804,LOC_0096,2021-02-02,2,862.32,10.0,1552.18,Retail
TXN_00422647,CUST_048061,PROD_01864,LOC_0100,2026-01-24,5,486.53,15.0,2067.75,Online
TXN_00082077,CUST_027097,PROD_00007,LOC_0056,2021-04-18,15,8079.08,0.0,121186.2,Partner
TXN_00093646,CUST_010025,PROD_04851,LOC_0140,2021-11-01,13,1360.7,0.0,17689.1,Retail
TXN_00415851,CUST_018675,PROD_02847,LOC_0072,2025-11-25,19,5282.85,5.0,95355.44,Direct Sales
TXN_00437938,CUST_034150,PROD_04819,LOC_0019,2021-10-31,17,4375.9,5.0,70670.78,Direct Sales
TXN_00416681,CUST_018223,PROD_02257,LOC_0140,2026-03-23,9,9271.53,0.0,83443.77,Retail
TXN_00183566,CUST_042477,PROD_01639,LOC_0154,2022-11-06,14,6401.28,15.0,76175.23,Retail
TXN_00399268,CUST_007950,PROD_01749,LOC_0123,2021-11-16,2,2284.56,10.0,4112.21,Partner
TXN_00349689,CUST_025797,PROD_02246,LOC_0131,2022-05-18,8,8598.65,20.0,55031.36,Online
TXN_00120515,CUST_008278,PROD_03651,LOC_0086,2025-04-25,9,5036.58,20.0,36263.38,Online
TXN_00224739,CUST_041403,PROD_02616,LOC_0116,2022-06-01,7,7528.66,15.0,44795.53,Retail
TXN_00159393,CUST_002418,PROD_03113,LOC_0153,2024-01-29,5,5563.17,15.0,23643.47,Partner
TXN_00100458,CUST_043495,PROD_03320,LOC_0231,2023-01-17,2,7884.25,10.0,14191.65,Retail
TXN_00411994,CUST_043533,PROD_00125,LOC_0176,2024-06-16,15,8400.35,5.0,119704.99,Online
TXN_00341368,CUST_020882,PROD_01792,LOC_0210,2024-05-21,6,9430.67,15.0,48096.42,Direct Sales
TXN_00351805,CUST_026726,PROD_03289,LOC_0177,2024-08-24,10,9814.16,15.0,83420.36,Online
TXN_00097728,CUST_040903,PROD_03641,LOC_0218,2024-01-31,4,3704.56,5.0,14077.33,Partner
TXN_00393736,CUST_045767,PROD_02659,LOC_0130,2021-04-30,5,8660.6,10.0,38972.7,Partner
TXN_00197874,CUST_023832,PROD_04366,LOC_0005,2024-05-06,5,1577.29,20.0,6309.16,Partner
TXN_00413422,CUST_026420,PROD_04862,LOC_0017,2024-11-17,17,8848.99,5.0,142911.19,Partner
TXN_00064655,CUST_030989,PROD_03894,LOC_0177,2024-10-05,12,6265.12,10.0,67663.3,Direct Sales
TXN_00397052,CUST_032546,PROD_02130,LOC_0188,2022-11-23,7,3897.84,0.0,27284.88,Online
TXN_00055749,CUST_043977,PROD_01516,LOC_0166,2022-04-04,15,4280.36,10.0,57784.86,Direct Sales
TXN_00202670,CUST_033812,PROD_02971,LOC_0061,2024-07-07,4,9799.64,5.0,37238.63,Online
TXN_00195519,CUST_026155,PROD_02146,LOC_0023,2024-11-17,11,7782.68,20.0,68487.58,Partner
TXN_00401702,CUST_031954,PROD_01495,LOC_0247,2022-08-07,18,8797.35,5.0,150434.68,Direct Sales
TXN_00434372,CUST_003812,PROD_00355,LOC_0206,2022-10-14,18,6068.72,10.0,98313.26,Partner
TXN_00166517,CUST_000088,PROD_04930,LOC_0178,2024-11-17,1,7992.92,5.0,7593.27,Online
TXN_00354674,CUST_016580,PROD_02939,LOC_0145,2023-02-13,19,322.92,10.0,5521.93,Partner
TXN_00001232,CUST_041803,PROD_01761,LOC_0058,2024-06-28,4,8269.96,20.0,26463.87,Online
TXN_00478885,CUST_044263,PROD_04206,LOC_0029,2022-09-13,13,5361.03,10.0,62724.05,Direct Sales
TXN_00213693,CUST_033169,PROD_04389,LOC_0176,2023-12-13,4,9657.84,15.0,32836.66,Retail
TXN_00425583,CUST_039080,PROD_03390,LOC_0234,2025-02-03,6,3257.42,10.0,17590.07,Direct Sales
TXN_00190991,CUST_019353,PROD_00830,LOC_0019,2022-04-01,10,544.78,5.0,5175.41,Partner
TXN_00401782,CUST_026653,PROD_03383,LOC_0216,2021-12-31,19,4146.81,10.0,70910.45,Online
TXN_00470325,,PROD_04488,LOC_0193,2021-12-31,19,3744.56,0.0,71146.64,Retail
TXN_00248748,CUST_049084,PROD_02393,LOC_0097,2021-03-15,5,587.66,5.0,2791.38,Online
TXN_00423407,CUST_027714,PROD_03198,LOC_0184,2024-07-07,12,2835.22,20.0,27218.11,Retail
TXN_00252770,CUST_000776,PROD_02267,LOC_0196,2024-06-26,12,223.11,15.0,2275.72,Direct Sales
TXN_00388181,CUST_037133,PROD_02296,LOC_0047,2022-11-26,2,6349.35,15.0,10793.9,Retail
TXN_00491039,CUST_017458,PROD_03098,LOC_0123,2026-03-14,8,4766.44,10.0,34318.37,Partner
TXN_00439542,CUST_022800,PROD_02027,LOC_0175,2024-07-23,5,371.65,20.0,1486.6,Retail
TXN_00423674,CUST_040848,PROD_04511,LOC_0034,2022-08-09,19,8092.59,20.0,123007.37,Retail
TXN_00214675,CUST_047567,PROD_03573,LOC_0102,2022-10-03,2,6885.3,0.0,13770.6,Direct Sales
TXN_00463813,CUST_044951,PROD_01403,LOC_0153,2021-12-27,8,332.5,15.0,2261.0,Retail
TXN_00047559,CUST_006808,PROD_00951,LOC_0111,2021-12-21,2,1185.34,10.0,2133.61,Direct Sales
TXN_00256036,CUST_029977,PROD_01031,LOC_0092,2025-07-10,13,2072.63,5.0,25596.98,Online
TXN_00152220,,PROD_02816,LOC_0158,2025-07-22,13,7424.08,5.0,91687.39,Direct Sales
TXN_00007606,CUST_024030,PROD_01546,LOC_0060,2022-10-25,19,4850.72,15.0,78339.13,Online
TXN_00178648,CUST_022876,PROD_04032,LOC_0077,2022-09-18,8,8739.34,15.0,59427.51,Online
TXN_00231300,CUST_033617,PROD_03549,LOC_0009,2022-07-18,9,7337.28,5.0,62733.74,Partner
TXN_00338349,CUST_037115,PROD_02551,LOC_0247,2024-11-17,6,325.61,0.0,1953.66,Partner
TXN_00065350,CUST_024778,PROD_04810,LOC_0129,2022-07-29,11,143.6,5.0,1500.62,Online
TXN_00480828,CUST_041661,PROD_04728,LOC_0098,2023-05-15,9,7203.35,5.0,61588.64,Direct Sales
TXN_00385408,CUST_018728,PROD_02125,LOC_0097,2024-01-18,6,4058.61,0.0,24351.66,Retail
TXN_00345665,CUST_009793,PROD_04993,LOC_0062,2024-04-27,8,3632.55,0.0,29060.4,Online
TXN_00386178,CUST_045396,PROD_01087,LOC_0204,2023-01-05,3,7761.69,20.0,18628.06,Online
TXN_00162264,CUST_000716,PROD_01472,LOC_0186,2022-03-24,15,5488.47,5.0,78210.7,Partner
TXN_00099376,,PROD_03723,LOC_0100,2025-02-20,7,8803.72,0.0,61626.04,Direct Sales
TXN_00012622,CUST_010044,PROD_02872,LOC_0216,2023-03-01,7,3321.1,5.0,22085.32,Partner
TXN_00018878,CUST_048073,PROD_01360,LOC_0169,2025-05-14,1,4038.75,15.0,3432.94,Direct Sales
TXN_00499510,CUST_003143,PROD_00951,LOC_0059,2025-04-10,10,2681.63,0.0,26816.3,Direct Sales
TXN_00001857,CUST_025256,PROD_03771,LOC_0015,2025-02-28,1,4448.18,15.0,3780.95,Direct Sales
TXN_00448704,CUST_025913,PROD_04557,LOC_0237,2021-11-21,17,6672.67,20.0,90748.31,Partner
TXN_00401767,CUST_012271,PROD_00356,LOC_0052,2024-01-04,17,8460.42,15.0,122253.07,Online
TXN_00252303,CUST_047989,PROD_03893,LOC_0205,2023-06-13,3,182.0,5.0,518.7,Partner
TXN_00382973,CUST_013892,PROD_00439,LOC_0025,2024-10-03,9,3908.34,10.0,31657.55,Online
TXN_00059274,CUST_012040,PROD_01525,LOC_0144,2023-05-01,14,5029.1,5.0,66887.03,Partner
TXN_00003152,CUST_016761,PROD_03887,LOC_0090,2023-06-08,7,2759.88,15.0,16421.29,Retail
TXN_00280961,CUST_023296,PROD_03805,LOC_0177,2021-03-03,16,1255.26,0.0,20084.16,Direct Sales
TXN_00160295,CUST_008927,PROD_04087,LOC_0218,2024-04-23,11,4666.53,15.0,43632.06,Retail
TXN_00342188,CUST_008204,PROD_00709,LOC_0013,2022-02-12,19,8032.8,10.0,137360.88,Partner
TXN_00318601,CUST_007569,PROD_03078,LOC_0235,2024-02-25,3,8728.11,5.0,24875.11,Retail
TXN_00180158,CUST_000135,PROD_02857,LOC_0034,2025-08-13,6,1998.77,15.0,10193.73,Direct Sales
TXN_00304549,CUST_039496,PROD_04400,LOC_0018,2024-07-13,7,9572.4,5.0,63656.46,Retail
TXN_00114018,CUST_031334,PROD_01481,LOC_0234,2024-11-03,18,2824.05,10.0,45749.61,Retail
TXN_00260198,CUST_012132,PROD_03535,LOC_0069,2022-12-21,12,160.29,15.0,1634.96,Online
TXN_00127157,CUST_020402,PROD_03400,LOC_0106,2023-07-27,10,6114.18,15.0,51970.53,Partner
TXN_00073645,CUST_039265,PROD_01469,LOC_0202,2023-01-06,10,9397.1,5.0,89272.45,Direct Sales
TXN_00194522,CUST_008273,PROD_02707,LOC_0164,2021-05-25,16,8424.9,20.0,107838.72,Online
TXN_00249595,CUST_008795,PROD_02761,LOC_0097,2022-12-10,3,602.3,0.0,1806.9,Direct Sales
TXN_00332633,CUST_044837,PROD_02930,LOC_0008,2023-05-02,10,596.73,0.0,5967.3,Retail
TXN_00221159,CUST_022261,PROD_03771,LOC_0161,2023-01-12,2,1086.6,15.0,1847.22,Partner
TXN_00385678,CUST_016134,PROD_04488,LOC_0133,2025-08-13,13,2452.99,0.0,31888.87,Partner
TXN_00402529,,PROD_03858,LOC_0084,2024-03-23,14,5111.45,20.0,57248.24,Partner
TXN_00370521,CUST_040785,PROD_02169,LOC_0232,2021-08-22,17,4165.45,20.0,56650.12,Online
TXN_00488657,CUST_020019,PROD_00668,LOC_0157,2024-03-03,15,2689.52,5.0,38325.66,Retail
TXN_00359740,CUST_045052,PROD_01084,LOC_0221,2021-11-30,7,7156.66,0.0,50096.62,Online
TXN_00220907,CUST_016754,PROD_00870,LOC_0100,2022-08-21,3,302.79,0.0,908.37,Online
TXN_00485897,CUST_042333,PROD_04776,LOC_0215,2025-04-04,4,5400.85,5.0,20523.23,Online
TXN_00258733,CUST_012749,PROD_02163,LOC_0072,2023-05-10,9,3325.74,5.0,28435.08,Retail
TXN_00190807,CUST_001298,PROD_00602,LOC_0189,2022-04-02,14,1004.67,5.0,13362.11,Online
TXN_00099317,CUST_007503,PROD_00760,LOC_0190,2023-02-11,10,2293.48,5.0,21788.06,Direct Sales
TXN_00231017,CUST_022613,PROD_03898,LOC_0027,2021-07-31,1,5521.03,0.0,5521.03,Direct Sales
TXN_00262910,CUST_038471,PROD_03080,LOC_0221,2022-05-11,16,3972.96,20.0,50853.89,Partner
TXN_00178982,CUST_048361,PROD_04841,LOC_0088,2021-05-12,4,2094.75,20.0,6703.2,Partner
TXN_00336127,CUST_017175,PROD_02101,LOC_0064,2022-06-08,1,7650.74,15.0,6503.13,Retail
TXN_00111860,CUST_007827,PROD_00123,LOC_0023,2024-10-22,5,4017.42,5.0,19082.74,Retail
TXN_00360486,CUST_032238,PROD_04306,LOC_0071,2026-01-19,7,2056.38,20.0,11515.73,Direct Sales
TXN_00490163,,PROD_03434,LOC_0197,2022-03-23,18,2600.35,10.0,42125.67,Partner
TXN_00370916,CUST_033927,PROD_03847,LOC_0096,2021-11-18,5,7034.37,15.0,29896.07,Online
TXN_00181730,CUST_013451,PROD_04739,LOC_0182,2023-09-25,18,9834.08,20.0,141610.75,Retail
TXN_00389224,CUST_005716,PROD_03097,LOC_0210,2026-02-26,17,3275.3,5.0,52896.1,Online
TXN_00356511,CUST_006552,PROD_00859,LOC_0048,2025-12-30,1,4026.61,5.0,3825.28,Online
TXN_00268795,CUST_010197,PROD_03775,LOC_0148,2024-06-07,9,6526.86,5.0,55804.65,Direct Sales
TXN_00126332,CUST_016505,PROD_00140,LOC_0073,2022-12-19,2,4915.19,15.0,8355.82,Direct Sales
TXN_00491623,CUST_031478,PROD_03949,LOC_0185,2023-11-16,14,1537.67,20.0,17221.9,Online
TXN_00149455,CUST_013334,PROD_00844,LOC_0104,2025-09-24,12,5591.78,10.0,60391.22,Direct Sales
TXN_00440573,CUST_038327,PROD_02604,LOC_0002,2022-11-19,6,2254.63,15.0,11498.61,Online
TXN_00334855,CUST_026928,PROD_03712,LOC_0108,2023-04-28,8,5747.19,15.0,39080.89,Retail
TXN_00087226,CUST_040027,PROD_01981,LOC_0070,2021-04-29,9,9016.25,10.0,73031.62,Retail
TXN_00413797,CUST_045357,PROD_01690,LOC_0190,2025-02-13,6,258.0,0.0,1548.0,Direct Sales
TXN_00147944,CUST_024649,PROD_00383,LOC_0030,2024-05-27,7,3476.72,15.0,20686.48,Retail
TXN_00405047,CUST_026313,PROD_01350,LOC_0170,2021-03-11,1,4114.25,15.0,3497.11,Online
TXN_00340187,CUST_021883,PROD_04095,LOC_0241,2025-09-20,1,5225.83,10.0,4703.25,Partner
TXN_00042273,CUST_046832,PROD_02084,LOC_0006,2023-11-15,9,6622.12,10.0,53639.17,Retail
TXN_00446926,CUST_032522,PROD_00327,LOC_0010,2022-06-16,14,3668.4,15.0,43653.96,Partner
TXN_00317281,CUST_013375,PROD_02290,LOC_0122,2022-11-12,17,7157.09,10.0,109503.48,Partner
TXN_00112456,CUST_038962,PROD_02129,LOC_0062,2022-08-30,5,6896.58,10.0,31034.61,Retail
TXN_00348361,CUST_042703,PROD_00405,LOC_0162,2025-12-20,15,2901.4,15.0,36992.85,Partner
TXN_00198341,CUST_015072,PROD_02871,LOC_0230,2025-08-10,19,3352.36,20.0,50955.87,Partner
TXN_00426900,CUST_012481,PROD_04636,LOC_0117,2022-03-17,3,3310.55,5.0,9435.07,Direct Sales
TXN_00410827,CUST_002550,PROD_01333,LOC_0014,2025-08-14,12,9327.95,5.0,106338.63,Direct Sales
TXN_00173003,CUST_003992,PROD_04107,LOC_0069,2025-04-20,9,4228.58,15.0,32348.64,Retail
TXN_00318134,CUST_032454,PROD_00104,LOC_0203,2024-12-07,11,6396.13,0.0,70357.43,Retail
TXN_00215286,CUST_007942,PROD_01842,LOC_0115,2021-01-08,9,8985.56,10.0,72783.04,Direct Sales
TXN_00462094,CUST_032550,PROD_02605,LOC_0155,2024-01-18,11,2087.38,10.0,20665.06,Retail
TXN_00296309,CUST_036955,PROD_01742,LOC_0143,2024-02-28,7,636.74,5.0,4234.32,Direct Sales
TXN_00391119,CUST_040000,PROD_00500,LOC_0090,2024-01-18,2,2107.1,5.0,4003.49,Online
TXN_00019895,CUST_049308,PROD_01687,LOC_0178,2023-07-16,8,1389.08,15.0,9445.74,Online
TXN_00267597,CUST_035949,PROD_01631,LOC_0046,2024-03-21,10,1515.12,15.0,12878.52,Online
TXN_00417981,CUST_014619,PROD_04711,LOC_0181,2022-04-04,7,5008.02,15.0,29797.72,Retail
TXN_00077015,CUST_004197,PROD_01224,LOC_0155,2023-07-07,16,1099.88,0.0,17598.08,Partner
TXN_00364875,CUST_038706,PROD_02374,LOC_0206,2023-01-09,6,3949.04,5.0,22509.53,Partner
TXN_00086472,CUST_038649,PROD_00886,LOC_0088,2021-07-27,14,8569.57,15.0,101977.88,Direct Sales
TXN_00387459,CUST_020150,PROD_01044,LOC_0123,2023-10-25,13,4586.31,5.0,56640.93,Retail
TXN_00227325,CUST_042257,PROD_02585,LOC_0083,2025-05-04,19,3622.62,10.0,61946.8,Retail
TXN_00394779,CUST_011787,PROD_02614,LOC_0025,2022-12-03,16,7537.79,15.0,102513.94,Direct Sales
TXN_00279398,CUST_022621,PROD_00645,LOC_0151,2021-11-29,16,5685.34,0.0,90965.44,Partner
TXN_00044063,CUST_042278,PROD_00747,LOC_0222,2023-06-13,6,3030.81,15.0,15457.13,Retail
TXN_00446175,CUST_003990,PROD_03063,LOC_0219,2023-12-21,10,1049.54,5.0,9970.63,Online
TXN_00495210,CUST_017967,PROD_02625,LOC_0161,2021-09-21,5,3950.81,5.0,18766.35,Retail
TXN_00195915,CUST_048839,PROD_04821,LOC_0044,2021-06-09,8,8354.01,15.0,56807.27,Direct Sales
TXN_00200645,,PROD_00826,LOC_0111,2022-07-26,16,1234.72,15.0,16792.19,Direct Sales
TXN_00221295,CUST_041771,PROD_00618,LOC_0062,2025-11-08,4,9507.14,0.0,38028.56,Retail
TXN_00040600,CUST_040738,PROD_00240,LOC_0154,2024-05-20,11,5592.45,5.0,58441.1,Direct Sales
TXN_00296179,CUST_022847,PROD_02267,LOC_0101,2024-04-22,9,7878.28,15.0,60268.84,Partner
TXN_00396661,CUST_019471,PROD_01352,LOC_0192,2024-03-29,12,3604.71,20.0,34605.22,Retail
TXN_00204173,CUST_008326,PROD_04381,LOC_0158,2022-09-11,17,6916.24,15.0,99939.67,Partner
TXN_00213936,CUST_049484,PROD_02755,LOC_0057,2024-04-25,19,8075.66,15.0,130421.91,Online
TXN_00093364,CUST_008592,PROD_01896,LOC_0230,2025-09-12,6,9546.37,20.0,45822.58,Retail
TXN_00190249,CUST_011049,PROD_03764,LOC_0110,2021-08-12,7,1219.39,10.0,7682.16,Direct Sales
TXN_00436027,CUST_035939,PROD_00452,LOC_0240,2024-09-14,17,6671.68,5.0,107747.63,Online
TXN_00014300,CUST_014575,PROD_04722,LOC_0189,2022-01-19,11,6476.11,15.0,60551.63,Direct Sales
TXN_00333093,,PROD_02246,LOC_0033,2021-02-20,13,672.76,15.0,7434.0,Direct Sales
TXN_00459802,CUST_000743,PROD_01401,LOC_0176,2026-03-10,15,8091.67,0.0,121375.05,Retail
TXN_00368423,CUST_018419,PROD_02743,LOC_0033,2026-02-14,10,8561.46,0.0,85614.6,Retail
TXN_00161553,CUST_036908,PROD_00202,LOC_0182,2022-02-12,16,2112.68,10.0,30422.59,Partner
TXN_00036836,CUST_010210,PROD_01334,LOC_0133,2022-07-04,6,5757.92,10.0,31092.77,Direct Sales
TXN_00177001,CUST_041926,PROD_03770,LOC_0204,2025-02-07,11,6912.74,10.0,68436.13,Direct Sales
TXN_00475251,CUST_037061,PROD_04538,LOC_0151,2022-12-01,12,3559.5,5.0,40578.3,Partner
TXN_00360136,CUST_002903,PROD_03847,LOC_0137,2026-04-20,2,1767.66,5.0,3358.55,Partner
TXN_00302772,CUST_010616,PROD_03548,LOC_0085,2023-07-27,10,6642.23,0.0,66422.3,Direct Sales
TXN_00067895,,PROD_03906,LOC_0198,2026-01-22,12,469.11,5.0,5347.85,Retail
TXN_00016313,CUST_023476,PROD_00226,LOC_0124,2023-04-05,18,3408.69,0.0,61356.42,Direct Sales
TXN_00067518,CUST_019000,PROD_01909,LOC_0127,2022-12-01,16,5777.93,10.0,83202.19,Retail
TXN_00190574,CUST_042788,PROD_04052,LOC_0025,2023-11-29,12,7654.1,0.0,91849.2,Partner
TXN_00088130,CUST_045535,PROD_02550,LOC_0141,2024-05-18,15,9396.67,10.0,126855.04,Direct Sales
TXN_00131875,CUST_011797,PROD_03914,LOC_0041,2022-11-24,2,2091.36,0.0,4182.72,Retail
TXN_00000328,CUST_035263,PROD_04486,LOC_0160,2026-02-11,13,9370.85,15.0,103547.89,Online
TXN_00014855,CUST_015974,PROD_01796,LOC_0072,2021-05-28,14,3345.48,10.0,42153.05,Online
TXN_00093215,CUST_043850,PROD_04454,LOC_0246,2025-05-05,1,266.31,10.0,239.68,Retail
TXN_00375831,CUST_006842,PROD_00716,LOC_0013,2022-08-14,17,6743.26,15.0,97440.11,Online
TXN_00191389,CUST_005461,PROD_04438,LOC_0230,2024-03-16,1,8040.16,5.0,7638.15,Direct Sales
TXN_00301337,CUST_029628,PROD_01005,LOC_0135,2023-01-24,16,4395.21,10.0,63291.02,Online
TXN_00007758,CUST_047405,PROD_03143,LOC_0201,2026-06-08,13,3683.42,5.0,45490.24,Direct Sales
TXN_00467747,CUST_031192,PROD_02392,LOC_0071,2021-04-23,9,7553.95,0.0,67985.55,Online
TXN_00201586,CUST_003212,PROD_02184,LOC_0069,2024-03-04,17,3134.03,15.0,45286.73,Retail
TXN_00498594,CUST_010724,PROD_00564,LOC_0161,2024-09-03,15,3652.9,10.0,49314.15,Online
TXN_00083147,CUST_041223,PROD_03449,LOC_0121,2022-12-09,13,324.63,20.0,3376.15,Online
TXN_00464491,CUST_021769,PROD_02708,LOC_0094,2021-05-29,5,1199.05,15.0,5095.96,Online
TXN_00325572,CUST_037700,PROD_00956,LOC_0177,2021-11-07,16,1558.22,0.0,24931.52,Direct Sales
TXN_00027108,CUST_028344,PROD_02408,LOC_0038,2026-06-27,2,5637.95,0.0,11275.9,Direct Sales
TXN_00064390,CUST_035184,PROD_00256,LOC_0081,2022-06-06,7,3328.31,0.0,23298.17,Retail
TXN_00492611,CUST_025514,PROD_04304,LOC_0017,2024-09-03,15,5583.12,15.0,71184.78,Online
TXN_00498424,CUST_020054,PROD_00021,LOC_0114,2025-09-11,7,9523.78,15.0,56666.49,Online
TXN_00453393,CUST_027962,PROD_03867,LOC_0147,2025-06-14,15,8574.28,20.0,102891.36,Partner
TXN_00467080,CUST_009559,PROD_02372,LOC_0048,2024-02-06,15,8688.95,15.0,110784.11,Online
TXN_00046284,CUST_012606,PROD_01469,LOC_0063,2024-09-01,18,6954.22,5.0,118917.16,Direct Sales
TXN_00077703,CUST_037535,PROD_02484,LOC_0130,2025-07-21,9,7024.14,15.0,53734.67,Direct Sales
TXN_00069333,CUST_031909,PROD_02275,LOC_0228,2021-04-17,19,3710.62,10.0,63451.6,Partner
TXN_00277775,CUST_004283,PROD_00895,LOC_0062,2025-06-01,7,9547.74,15.0,56809.05,Partner
TXN_00176256,CUST_048699,PROD_00742,LOC_0167,2023-04-01,17,9142.16,5.0,147645.88,Direct Sales
TXN_00247708,CUST_046187,PROD_03236,LOC_0147,2025-01-08,6,2374.56,20.0,11397.89,Retail
TXN_00427046,CUST_021757,PROD_03961,LOC_0123,2022-12-14,18,8406.56,20.0,121054.46,Online
TXN_00305565,CUST_043676,PROD_03948,LOC_0049,2025-05-25,1,2798.02,0.0,2798.02,Partner
TXN_00111738,CUST_023081,PROD_02318,LOC_0218,2024-03-18,9,5532.6,0.0,49793.4,Partner
TXN_00279797,CUST_015413,PROD_03085,LOC_0125,2025-07-07,2,9210.14,5.0,17499.27,Partner
TXN_00304778,CUST_040814,PROD_03830,LOC_0098,2022-09-17,14,7436.08,15.0,88489.35,Direct Sales
TXN_00397140,CUST_018060,PROD_04120,LOC_0244,2023-07-17,14,1840.67,5.0,24480.91,Retail
TXN_00294258,CUST_015506,PROD_00698,LOC_0067,2023-06-14,2,1911.62,0.0,3823.24,Partner
TXN_00061965,CUST_012970,PROD_00540,LOC_0140,2023-10-26,18,4651.79,15.0,71172.39,Online
TXN_00308272,CUST_039362,PROD_04801,LOC_0229,2021-10-27,6,1119.16,0.0,6714.96,Partner
TXN_00432947,CUST_023920,PROD_01576,LOC_0086,2023-10-13,9,8513.37,20.0,61296.26,Retail
TXN_00223327,CUST_008118,PROD_03876,LOC_0183,2022-05-09,1,6309.68,20.0,5047.74,Online
TXN_00363978,CUST_015468,PROD_02897,LOC_0247,2022-10-02,5,2643.69,15.0,11235.68,Direct Sales
TXN_00393128,CUST_012677,PROD_03940,LOC_0183,2023-12-14,14,3953.83,5.0,52585.94,Online
TXN_00098955,CUST_037612,PROD_04759,LOC_0193,2021-06-27,16,129.43,10.0,1863.79,Partner
TXN_00239564,CUST_005354,PROD_00478,LOC_0003,2024-05-10,19,5743.84,20.0,87306.37,Online
TXN_00243189,CUST_011291,PROD_04319,LOC_0081,2026-04-14,11,4077.6,5.0,42610.92,Retail
TXN_00341432,CUST_044718,PROD_04117,LOC_0191,2024-11-05,17,2317.32,15.0,33485.27,Retail
TXN_00327505,CUST_030695,PROD_00868,LOC_0132,2026-03-03,6,2057.04,10.0,11108.02,Retail
TXN_00240464,CUST_000521,PROD_03658,LOC_0086,2025-11-13,19,2993.4,5.0,54030.87,Online
TXN_00242171,CUST_039243,PROD_03832,LOC_0112,2024-04-29,15,6361.95,5.0,90657.79,Retail
TXN_00436612,CUST_046334,PROD_00848,LOC_0098,2025-04-10,14,5446.46,5.0,72437.92,Online
TXN_00234881,CUST_031842,PROD_02345,LOC_0234,2021-08-25,18,1723.26,5.0,29467.75,Retail
TXN_00417789,CUST_016940,PROD_00696,LOC_0118,2023-11-05,6,1128.28,5.0,6431.2,Partner
TXN_00396565,CUST_025110,PROD_02763,LOC_0121,2021-08-21,11,6786.43,5.0,70918.19,Online
TXN_00317785,CUST_026252,PROD_03000,LOC_0215,2022-11-07,9,3245.37,10.0,26287.5,Direct Sales
TXN_00086032,CUST_042646,PROD_04527,LOC_0247,2021-04-25,16,3279.7,0.0,52475.2,Retail
TXN_00020773,CUST_004223,PROD_02060,LOC_0244,2022-10-17,2,4372.84,10.0,7871.11,Retail
TXN_00226742,CUST_035668,PROD_01303,LOC_0073,2022-04-13,17,4806.34,0.0,81707.78,Retail
TXN_00316301,CUST_036547,PROD_02103,LOC_0114,2024-04-19,18,7861.18,5.0,134426.18,Retail
TXN_00293759,CUST_019656,PROD_00440,LOC_0100,2026-02-21,16,1517.2,5.0,23061.44,Direct Sales
TXN_00261029,CUST_011016,PROD_00308,LOC_0055,2024-12-01,12,4436.77,0.0,53241.24,Partner
TXN_00099958,CUST_002677,PROD_02336,LOC_0080,2023-10-13,15,5441.37,20.0,65296.44,Online
TXN_00137524,CUST_003752,PROD_02736,LOC_0191,2025-12-07,3,8952.71,15.0,22829.41,Direct Sales
TXN_00399176,CUST_045613,PROD_02975,LOC_0079,2023-08-17,13,4265.7,5.0,52681.4,Online
TXN_00494455,CUST_011048,PROD_04938,LOC_0101,2021-10-19,17,5436.77,10.0,83182.58,Retail
TXN_00379878,CUST_044481,PROD_04675,LOC_0134,2021-06-20,12,4153.38,20.0,39872.45,Partner
TXN_00010445,CUST_039622,PROD_03903,LOC_0003,2025-09-16,14,274.51,10.0,3458.83,Retail
TXN_00348578,CUST_033686,PROD_04597,LOC_0066,2023-03-10,2,5998.88,10.0,10797.98,Direct Sales
TXN_00359627,CUST_012333,PROD_00965,LOC_0233,2023-11-21,15,3906.43,10.0,52736.8,Direct Sales
TXN_00153286,CUST_015497,PROD_00890,LOC_0142,2022-01-09,18,788.71,5.0,13486.94,Online
TXN_00056837,CUST_007707,PROD_03924,LOC_0156,2023-09-26,2,1005.92,0.0,2011.84,Retail
TXN_00014954,CUST_048102,PROD_01389,LOC_0066,2025-10-11,4,5701.71,0.0,22806.84,Partner
TXN_00445650,CUST_007555,PROD_00340,LOC_0244,2021-04-27,1,1173.07,0.0,1173.07,Direct Sales
TXN_00110991,,PROD_04968,LOC_0066,2024-09-07,13,5502.45,10.0,64378.66,Direct Sales
TXN_00043303,CUST_021450,PROD_01160,LOC_0173,2023-02-04,16,3662.11,10.0,52734.38,Partner
TXN_00133911,CUST_042223,PROD_03470,LOC_0113,2025-01-19,8,7782.81,15.0,52923.11,Direct Sales
TXN_00103132,CUST_042223,PROD_04970,LOC_0150,2022-03-16,18,470.29,20.0,6772.18,Retail
TXN_00188244,CUST_038369,PROD_03442,LOC_0116,2022-08-30,5,3578.29,20.0,14313.16,Online
TXN_00114003,CUST_030527,PROD_00864,LOC_0077,2022-01-21,9,3364.9,5.0,28769.9,Partner
TXN_00226427,CUST_042449,PROD_00500,LOC_0026,2022-05-08,3,6174.69,15.0,15745.46,Partner
TXN_00225172,CUST_047017,PROD_00338,LOC_0141,2022-04-26,12,6456.29,5.0,73601.71,Retail
TXN_00461427,CUST_033134,PROD_00076,LOC_0131,2022-09-18,13,9557.32,5.0,118032.9,Partner
TXN_00174405,CUST_035979,PROD_03531,LOC_0201,2023-07-15,19,9155.89,10.0,156565.72,Retail
TXN_00492536,CUST_046144,PROD_00010,LOC_0091,2022-08-12,4,908.69,20.0,2907.81,Partner
TXN_00371762,CUST_014912,PROD_01955,LOC_0188,2024-12-10,17,1900.3,0.0,32305.1,Retail
TXN_00411274,CUST_000782,PROD_04747,LOC_0134,2023-09-14,9,2199.35,5.0,18804.44,Partner
TXN_00009710,CUST_049621,PROD_02827,LOC_0158,2023-05-14,2,7366.46,5.0,13996.27,Retail
TXN_00387786,CUST_014192,PROD_02900,LOC_0193,2021-10-09,7,4816.19,10.0,30342.0,Online
TXN_00349156,CUST_049394,PROD_00045,LOC_0044,2022-09-27,7,2794.55,20.0,15649.48,Online
TXN_00307998,CUST_020280,PROD_01954,LOC_0179,2024-06-09,16,3239.97,10.0,46655.57,Partner
TXN_00466860,,PROD_03464,LOC_0232,2022-04-07,11,7651.23,20.0,67330.82,Partner
TXN_00038216,CUST_033308,PROD_02100,LOC_0210,2025-02-09,17,1200.7,10.0,18370.71,Direct Sales
TXN_00168740,CUST_001729,PROD_01407,LOC_0178,2024-04-23,14,9448.23,15.0,112433.94,Retail
TXN_00102049,CUST_025908,PROD_02665,LOC_0205,2021-06-05,12,2353.64,5.0,26831.5,Retail
TXN_00210602,CUST_017867,PROD_04340,LOC_0065,2022-07-26,5,8664.83,20.0,34659.32,Partner
TXN_00007019,CUST_014771,PROD_03208,LOC_0141,2023-09-28,2,1710.5,10.0,3078.9,Retail
TXN_00396710,CUST_004921,PROD_04077,LOC_0163,2024-07-12,14,9125.21,15.0,108590.0,Partner
TXN_00109610,CUST_002347,PROD_00103,LOC_0127,2025-05-21,18,9609.02,5.0,164314.24,Partner
TXN_00011873,CUST_040243,PROD_02070,LOC_0024,2022-12-29,16,9507.81,15.0,129306.22,Direct Sales
TXN_00104069,CUST_036551,PROD_01635,LOC_0089,2022-07-08,18,2403.55,20.0,34611.12,Retail
TXN_00031399,CUST_047692,PROD_01150,LOC_0216,2022-04-23,3,8045.67,0.0,24137.01,Online
TXN_00296674,CUST_011292,PROD_00468,LOC_0109,2021-04-10,10,6121.86,10.0,55096.74,Direct Sales
TXN_00214399,CUST_019674,PROD_02761,LOC_0239,2021-12-27,16,2987.29,5.0,45406.81,Partner
TXN_00407395,CUST_017882,PROD_00535,LOC_0077,2021-07-05,6,4283.01,15.0,21843.35,Online
TXN_00454625,CUST_005041,PROD_04828,LOC_0029,2021-10-01,15,7350.47,10.0,99231.34,Online
TXN_00269575,CUST_024305,PROD_04418,LOC_0048,2023-04-30,1,7675.97,0.0,7675.97,Retail
TXN_00110517,CUST_000519,PROD_00991,LOC_0114,2025-04-01,7,7901.68,15.0,47015.0,Direct Sales
TXN_00345675,CUST_047965,PROD_01546,LOC_0031,2025-04-27,4,8554.8,15.0,29086.32,Retail
TXN_00130841,CUST_032232,PROD_01378,LOC_0057,2021-01-22,13,7852.09,0.0,102077.17,Online
TXN_00261679,CUST_004894,PROD_04405,LOC_0094,2021-09-20,8,3591.99,20.0,22988.74,Partner
TXN_00151375,CUST_036676,PROD_02003,LOC_0235,2023-06-18,12,376.56,20.0,3614.98,Retail
TXN_00414710,CUST_038947,PROD_00445,LOC_0173,2023-06-23,7,9014.07,20.0,50478.79,Retail
TXN_00075194,CUST_047757,PROD_04626,LOC_0244,2021-09-11,11,7010.11,5.0,73255.65,Direct Sales
TXN_00149839,CUST_037173,PROD_03109,LOC_0076,2021-07-18,14,7822.52,15.0,93087.99,Online
TXN_00377580,CUST_040649,PROD_03483,LOC_0192,2021-06-01,3,8677.73,15.0,22128.21,Retail
TXN_00265580,CUST_023750,PROD_01204,LOC_0194,2025-06-18,1,4952.46,15.0,4209.59,Retail
TXN_00109944,CUST_002536,PROD_03527,LOC_0078,2023-07-25,10,1197.04,5.0,11371.88,Partner
TXN_00191852,CUST_008822,PROD_02428,LOC_0069,2024-05-23,16,5741.51,10.0,82677.74,Retail
TXN_00211824,CUST_044763,PROD_02225,LOC_0122,2023-02-20,10,3583.08,10.0,32247.72,Retail
TXN_00469879,CUST_031465,PROD_00072,LOC_0052,2021-08-11,4,4560.98,15.0,15507.33,Retail
TXN_00423336,CUST_010348,PROD_01074,LOC_0146,2021-08-18,10,757.42,10.0,6816.78,Partner
TXN_00394408,CUST_021754,PROD_04970,LOC_0029,2025-07-22,15,2650.39,5.0,37768.06,Partner
TXN_00208037,CUST_042143,PROD_00101,LOC_0199,2023-01-08,5,2855.06,20.0,11420.24,Online
TXN_00472119,CUST_008801,PROD_01693,LOC_0238,2023-10-22,4,1373.57,10.0,4944.85,Direct Sales
TXN_00459881,CUST_030904,PROD_04540,LOC_0008,2022-11-06,7,9550.53,10.0,60168.34,Retail
TXN_00095019,CUST_000415,PROD_04023,LOC_0170,2023-11-26,10,1995.59,20.0,15964.72,Direct Sales
TXN_00191039,CUST_049685,PROD_00693,LOC_0110,2024-10-26,8,8347.25,15.0,56761.3,Online
TXN_00284655,CUST_033231,PROD_02526,LOC_0164,2024-06-28,13,1614.3,0.0,20985.9,Partner
TXN_00460693,CUST_017854,PROD_04671,LOC_0202,2026-02-07,13,7624.33,20.0,79293.03,Online
TXN_00114519,CUST_033260,PROD_04624,LOC_0233,2021-02-22,3,6252.19,0.0,18756.57,Online
TXN_00310965,CUST_023693,PROD_02847,LOC_0248,2022-06-15,7,3566.72,15.0,21221.98,Direct Sales
TXN_00014257,,PROD_00452,LOC_0016,2022-06-15,4,9641.17,0.0,38564.68,Online
TXN_00482425,CUST_044815,PROD_00798,LOC_0078,2026-03-03,15,8650.89,15.0,110298.85,Online
TXN_00135410,CUST_014768,PROD_03182,LOC_0096,2025-05-01,5,114.97,10.0,517.36,Online
TXN_00499789,CUST_027353,PROD_03033,LOC_0024,2021-11-16,4,5553.25,15.0,18881.05,Direct Sales
TXN_00211566,CUST_003229,PROD_01256,LOC_0215,2021-07-11,3,1043.83,15.0,2661.77,Direct Sales
TXN_00479019,CUST_047282,PROD_04246,LOC_0065,2022-02-13,12,5501.36,15.0,56113.87,Online
TXN_00206068,CUST_014315,PROD_00148,LOC_0112,2024-03-17,5,1280.49,5.0,6082.33,Retail
TXN_00065095,CUST_033713,PROD_02209,LOC_0065,2023-01-23,10,9819.9,15.0,83469.15,Online
TXN_00461050,CUST_008786,PROD_01796,LOC_0117,2021-11-06,11,1640.76,15.0,15341.11,Retail
TXN_00021668,,PROD_03131,LOC_0064,2026-01-17,4,4569.89,5.0,17365.58,Partner
TXN_00328299,CUST_020942,PROD_03270,LOC_0001,2021-11-05,8,6086.41,10.0,43822.15,Partner
TXN_00499177,CUST_005115,PROD_00120,LOC_0140,2025-11-19,3,4338.54,15.0,11063.28,Retail
TXN_00398483,CUST_030701,PROD_04638,LOC_0134,2026-04-25,6,6096.67,15.0,31093.02,Retail
TXN_00137135,CUST_011812,PROD_03902,LOC_0156,2026-03-08,10,5773.64,0.0,57736.4,Retail
TXN_00110905,CUST_034810,PROD_03088,LOC_0020,2026-06-06,18,4709.75,20.0,67820.4,Partner
TXN_00084130,CUST_011926,PROD_01445,LOC_0048,2021-04-13,1,9741.25,5.0,9254.19,Retail
TXN_00236955,CUST_002642,PROD_03252,LOC_0144,2023-03-07,15,3962.82,0.0,59442.3,Retail
TXN_00185668,CUST_014144,PROD_03027,LOC_0037,2023-04-24,7,8274.83,10.0,52131.43,Direct Sales
TXN_00155566,CUST_049064,PROD_00604,LOC_0063,2023-06-07,12,3976.4,10.0,42945.12,Online
TXN_00154379,CUST_027407,PROD_01513,LOC_0205,2023-11-30,6,5946.47,0.0,35678.82,Partner
TXN_00351323,CUST_029508,PROD_02701,LOC_0046,2021-06-18,1,1462.45,5.0,1389.33,Online
TXN_00472538,CUST_021518,PROD_00250,LOC_0231,2023-10-04,18,9786.09,10.0,158534.66,Direct Sales
TXN_00056201,CUST_016277,PROD_00381,LOC_0117,2023-07-10,14,5051.92,20.0,56581.5,Direct Sales
TXN_00121659,CUST_031317,PROD_04899,LOC_0106,2025-11-03,10,1835.66,5.0,17438.77,Partner
TXN_00254968,CUST_046290,PROD_00766,LOC_0062,2022-01-12,17,4297.83,20.0,58450.49,Direct Sales
TXN_00025286,CUST_028902,PROD_01880,LOC_0012,2025-08-04,18,5980.74,15.0,91505.32,Direct Sales
TXN_00127567,CUST_011390,PROD_02976,LOC_0018,2024-07-08,7,8395.91,20.0,47017.1,Partner
TXN_00495514,CUST_043348,PROD_00186,LOC_0131,2022-10-08,19,5573.95,0.0,105905.05,Online
TXN_00381983,CUST_028176,PROD_01663,LOC_0059,2024-05-30,3,2856.07,20.0,6854.57,Online
TXN_00452128,CUST_049240,PROD_00027,LOC_0199,2022-11-01,6,1877.72,10.0,10139.69,Partner
TXN_00410779,CUST_015527,PROD_02521,LOC_0211,2022-02-26,8,8232.9,15.0,55983.72,Direct Sales
TXN_00157290,CUST_027821,PROD_03142,LOC_0190,2026-03-23,16,2241.07,5.0,34064.26,Partner
TXN_00350578,CUST_031207,PROD_04546,LOC_0112,2023-10-08,6,2514.69,5.0,14333.73,Direct Sales
TXN_00258426,CUST_012162,PROD_01743,LOC_0121,2023-10-14,12,9095.52,10.0,98231.62,Online
TXN_00201220,CUST_027793,PROD_01163,LOC_0133,2023-01-11,18,6791.28,5.0,116130.89,Retail
TXN_00261655,CUST_037782,PROD_01833,LOC_0062,2026-02-03,12,3001.67,0.0,36020.04,Direct Sales
TXN_00353864,CUST_007308,PROD_03002,LOC_0015,2023-06-25,10,3981.44,5.0,37823.68,Direct Sales
TXN_00427039,CUST_048625,PROD_02849,LOC_0148,2022-06-11,14,167.01,15.0,1987.42,Retail
TXN_00081334,CUST_018614,PROD_03890,LOC_0109,2025-05-24,1,9245.78,5.0,8783.49,Retail
TXN_00342767,CUST_047414,PROD_00152,LOC_0189,2025-02-08,2,2015.9,10.0,3628.62,Retail
TXN_00135072,CUST_005761,PROD_01455,LOC_0233,2022-11-03,1,9052.71,5.0,8600.07,Online
TXN_00331640,CUST_012650,PROD_03717,LOC_0018,2024-09-25,9,7835.62,10.0,63468.52,Retail
TXN_00119758,CUST_024776,PROD_04465,LOC_0097,2021-09-27,13,3569.67,5.0,44085.42,Retail
TXN_00380205,CUST_024382,PROD_00959,LOC_0127,2021-08-13,1,3120.25,10.0,2808.22,Partner
TXN_00161449,CUST_025051,PROD_02613,LOC_0183,2023-06-14,19,4101.04,0.0,77919.76,Retail
TXN_00120280,,PROD_04724,LOC_0092,2025-08-11,13,469.7,5.0,5800.79,Retail
TXN_00464096,CUST_012286,PROD_01427,LOC_0237,2021-12-11,18,3160.63,5.0,54046.77,Partner
TXN_00288541,CUST_023946,PROD_01098,LOC_0029,2022-02-25,19,6972.52,5.0,125853.99,Online
TXN_00398756,CUST_046925,PROD_02203,LOC_0138,2023-10-27,11,9571.86,5.0,100025.94,Direct Sales
TXN_00251669,CUST_049676,PROD_04665,LOC_0136,2024-08-27,11,5861.9,20.0,51584.72,Direct Sales
TXN_00070514,CUST_025506,PROD_01073,LOC_0074,2025-10-18,5,7021.1,15.0,29839.68,Direct Sales
TXN_00158257,CUST_006387,PROD_03132,LOC_0074,2022-12-17,18,7312.11,15.0,111875.28,Retail
TXN_00288021,CUST_041268,PROD_04326,LOC_0064,2026-06-29,2,3940.87,0.0,7881.74,Online
TXN_00202639,CUST_020333,PROD_04559,LOC_0149,2024-06-26,2,2635.48,10.0,4743.86,Partner
TXN_00226097,CUST_044753,PROD_02352,LOC_0120,2025-01-03,5,2288.49,10.0,10298.2,Direct Sales
TXN_00290932,CUST_010966,PROD_02142,LOC_0074,2023-02-24,3,327.67,20.0,786.41,Retail
TXN_00028306,CUST_007304,PROD_02381,LOC_0166,2024-10-19,9,6874.65,10.0,55684.66,Online
TXN_00152129,CUST_026281,PROD_03550,LOC_0017,2025-01-05,2,3487.24,20.0,5579.58,Direct Sales
TXN_00307388,CUST_011444,PROD_00907,LOC_0068,2025-01-17,8,3684.14,10.0,26525.81,Direct Sales
TXN_00058062,CUST_045839,PROD_04264,LOC_0107,2025-09-21,6,4774.53,15.0,24350.1,Partner
TXN_00161060,CUST_030153,PROD_04535,LOC_0141,2022-06-25,11,2323.56,20.0,20447.33,Partner
TXN_00191019,CUST_044186,PROD_02072,LOC_0185,2024-04-20,15,4804.13,5.0,68458.85,Partner
TXN_00010121,CUST_017699,PROD_00948,LOC_0036,2021-02-22,10,1482.19,10.0,13339.71,Online
TXN_00106185,CUST_007230,PROD_03381,LOC_0207,2024-06-17,18,7305.79,0.0,131504.22,Partner
TXN_00193015,CUST_007931,PROD_02771,LOC_0063,2022-01-19,16,2470.62,20.0,31623.94,Partner
TXN_00059316,,PROD_04465,LOC_0200,2023-09-22,11,1584.25,15.0,14812.74,Retail
TXN_00031881,CUST_040703,PROD_02538,LOC_0028,2024-05-25,16,5940.51,15.0,80790.94,Direct Sales
TXN_00392368,CUST_029255,PROD_03727,LOC_0172,2025-03-15,14,7554.12,5.0,100469.8,Online
TXN_00318740,CUST_003932,PROD_04998,LOC_0040,2025-07-20,3,2016.7,20.0,4840.08,Direct Sales
TXN_00010417,,PROD_00600,LOC_0062,2024-06-19,6,2116.95,20.0,10161.36,Direct Sales
TXN_00129445,CUST_011740,PROD_04541,LOC_0160,2021-09-19,9,5605.75,5.0,47929.16,Online
TXN_00056775,CUST_007753,PROD_02294,LOC_0228,2025-01-02,4,454.96,10.0,1637.86,Partner
TXN_00024092,CUST_037851,PROD_00102,LOC_0163,2021-01-29,1,1697.54,20.0,1358.03,Retail
TXN_00281014,CUST_025679,PROD_04442,LOC_0087,2023-04-08,4,560.6,0.0,2242.4,Direct Sales
TXN_00205418,CUST_036722,PROD_01090,LOC_0052,2023-05-08,9,5417.48,0.0,48757.32,Partner
TXN_00198083,CUST_026516,PROD_00312,LOC_0194,2021-02-16,10,8117.12,10.0,73054.08,Direct Sales
TXN_00303066,CUST_030094,PROD_04310,LOC_0183,2025-05-18,17,717.06,20.0,9752.02,Partner
TXN_00236736,CUST_046976,PROD_00711,LOC_0112,2022-09-11,2,2308.86,5.0,4386.83,Partner
TXN_00072130,CUST_027715,PROD_04094,LOC_0106,2025-06-22,3,3139.51,15.0,8005.75,Retail
TXN_00009559,CUST_040486,PROD_01359,LOC_0133,2024-08-20,6,1838.93,20.0,8826.86,Direct Sales
TXN_00172951,CUST_048243,PROD_03996,LOC_0140,2021-12-04,15,5259.56,20.0,63114.72,Online
TXN_00298140,CUST_047831,PROD_02358,LOC_0188,2025-10-12,5,6112.42,5.0,29034.0,Partner
TXN_00091270,CUST_036269,PROD_03275,LOC_0009,2024-09-08,16,1115.38,15.0,15169.17,Online
TXN_00302071,CUST_047983,PROD_01125,LOC_0002,2021-09-16,14,7311.58,10.0,92125.91,Retail
TXN_00350563,,PROD_00535,LOC_0050,2024-07-03,10,4161.54,15.0,35373.09,Retail
TXN_00023105,CUST_027767,PROD_01590,LOC_0239,2025-12-04,9,6217.61,10.0,50362.64,Retail
TXN_00386955,CUST_030767,PROD_03357,LOC_0142,2025-06-27,19,5487.54,10.0,93836.93,Direct Sales
TXN_00144220,CUST_043030,PROD_01161,LOC_0141,2023-01-29,9,2530.26,20.0,18217.87,Online
TXN_00036333,CUST_006254,PROD_02069,LOC_0178,2025-07-28,15,1857.1,20.0,22285.2,Partner
TXN_00336492,CUST_031309,PROD_04218,LOC_0129,2025-07-16,4,3771.45,15.0,12822.93,Partner
TXN_00456718,CUST_006694,PROD_00623,LOC_0023,2025-09-05,7,7545.85,15.0,44897.81,Retail
TXN_00281147,CUST_013561,PROD_00749,LOC_0249,2021-04-01,5,7270.58,20.0,29082.32,Retail
TXN_00029113,CUST_025755,PROD_03722,LOC_0102,2021-02-28,15,4488.01,20.0,53856.12,Partner
TXN_00335929,CUST_031425,PROD_03262,LOC_0213,2021-02-27,7,4617.82,0.0,32324.74,Partner
TXN_00159196,CUST_041173,PROD_04151,LOC_0219,2023-12-30,11,8108.26,20.0,71352.69,Retail
TXN_00211335,CUST_030371,PROD_03035,LOC_0142,2023-03-15,-1,7791.94,15.0,39738.89,Retail
TXN_00475017,CUST_022384,PROD_04432,LOC_0147,2021-01-01,2,9071.6,10.0,16328.88,Retail
TXN_00294153,CUST_013153,PROD_03053,LOC_0132,2021-08-25,2,5938.83,15.0,10096.01,Partner
TXN_00497297,CUST_045812,PROD_03490,LOC_0079,2024-06-02,4,7375.34,0.0,29501.36,Direct Sales
TXN_00002223,CUST_024253,PROD_02372,LOC_0157,2022-09-11,6,8330.11,0.0,49980.66,Online
TXN_00106258,CUST_013514,PROD_02118,LOC_0103,2022-02-24,15,2159.49,0.0,32392.35,Online
TXN_00464156,CUST_024158,PROD_03339,LOC_0162,2026-03-07,17,7936.4,5.0,128172.86,Retail
TXN_00396020,CUST_027251,PROD_04860,LOC_0207,2024-11-26,6,8659.09,15.0,44161.36,Partner
TXN_00271080,CUST_011506,PROD_00973,LOC_0093,2023-08-20,10,2352.86,5.0,22352.17,Retail
TXN_00198826,CUST_009364,PROD_03497,LOC_0239,2023-12-16,10,4381.87,0.0,43818.7,Retail
TXN_00055490,CUST_010792,PROD_02789,LOC_0195,2025-10-29,19,2737.72,5.0,49415.85,Partner
TXN_00447020,CUST_002505,PROD_02685,LOC_0015,2022-09-27,7,574.73,20.0,3218.49,Retail
TXN_00196184,CUST_007619,PROD_02408,LOC_0192,2024-09-20,3,1830.87,15.0,4668.72,Direct Sales
TXN_00275041,CUST_043690,PROD_01265,LOC_0246,2025-05-03,11,9052.86,5.0,94602.39,Online
TXN_00185922,CUST_038373,PROD_04529,LOC_0180,2021-10-15,17,3176.26,10.0,48596.78,Online
TXN_00354165,CUST_043668,PROD_00716,LOC_0174,2021-11-08,8,8975.14,10.0,64621.01,Direct Sales
TXN_00456960,,PROD_04866,LOC_0175,2026-05-05,10,4926.8,5.0,46804.6,Partner
TXN_00215126,CUST_025251,PROD_01736,LOC_0226,2025-05-17,15,7693.64,20.0,92323.68,Online
TXN_00052059,CUST_032089,PROD_03569,LOC_0195,2024-07-08,3,3899.33,15.0,9943.29,Online
TXN_00224735,CUST_046188,PROD_04066,LOC_0148,2021-11-27,11,152.24,20.0,1339.71,Partner
TXN_00124598,CUST_022512,PROD_04924,LOC_0152,2025-01-21,19,8345.08,15.0,134773.04,Retail
TXN_00476358,,PROD_02975,LOC_0157,2025-05-03,6,5898.26,5.0,33620.08,Direct Sales
TXN_00414014,CUST_018920,PROD_00740,LOC_0042,2023-09-16,10,1165.57,10.0,10490.13,Retail
TXN_00416939,CUST_021738,PROD_02046,LOC_0141,2026-03-22,6,7881.63,15.0,40196.31,Online
TXN_00051626,CUST_010607,PROD_02989,LOC_0243,2025-04-07,5,6044.56,15.0,25689.38,Online
TXN_00356851,CUST_030025,PROD_00556,LOC_0023,2024-03-25,15,1727.79,5.0,24621.01,Partner
TXN_00349711,CUST_043666,PROD_04954,LOC_0231,2021-06-13,2,2531.47,15.0,4303.5,Retail
TXN_00077828,CUST_044207,PROD_01230,LOC_0033,2024-01-11,7,2481.79,20.0,13898.02,Partner
TXN_00454266,CUST_006242,PROD_03391,LOC_0108,2025-12-04,6,7144.72,20.0,34294.66,Direct Sales
TXN_00305009,CUST_013031,PROD_02510,LOC_0045,2022-03-06,1,1409.13,20.0,1127.3,Direct Sales
TXN_00358794,CUST_011463,PROD_03687,LOC_0249,2021-11-12,17,4904.78,10.0,75043.13,Partner
TXN_00165511,CUST_043666,PROD_02040,LOC_0224,2022-09-30,15,9584.51,20.0,115014.12,Partner
TXN_00309185,CUST_036914,PROD_02617,LOC_0159,2022-08-28,16,5057.48,5.0,76873.7,Online
TXN_00003116,CUST_009293,PROD_01535,LOC_0230,2021-10-25,9,7940.99,20.0,57175.13,Partner
TXN_00202156,CUST_015320,PROD_02817,LOC_0044,2023-11-09,15,4078.91,5.0,58124.47,Partner
TXN_00104595,CUST_045734,PROD_04391,LOC_0050,2022-10-08,9,1372.02,5.0,11730.77,Online
TXN_00312458,CUST_014043,PROD_04039,LOC_0237,2025-05-07,12,5694.16,15.0,58080.43,Online
TXN_00437648,CUST_020135,PROD_02049,LOC_0091,2025-04-08,5,3703.9,0.0,18519.5,Retail
TXN_00282447,CUST_000963,PROD_02244,LOC_0112,2022-11-01,17,4137.51,5.0,66820.79,Retail
TXN_00314102,CUST_045789,PROD_04710,LOC_0146,2023-10-23,8,2650.61,15.0,18024.15,Online
TXN_00015757,CUST_033540,PROD_02528,LOC_0016,2026-04-25,9,6249.96,5.0,53437.16,Retail
TXN_00484590,CUST_025091,PROD_00322,LOC_0078,2023-01-23,7,2543.89,5.0,16916.87,Retail
TXN_00097038,CUST_038906,PROD_01636,LOC_0224,2025-12-28,7,8857.43,0.0,62002.01,Retail
TXN_00148622,CUST_000930,PROD_02119,LOC_0223,2024-04-23,10,9490.93,20.0,75927.44,Retail
TXN_00382842,CUST_025891,PROD_00230,LOC_0007,2024-05-14,16,4936.7,5.0,75037.84,Partner
TXN_00174343,CUST_030616,PROD_01519,LOC_0217,2023-05-10,13,3512.41,20.0,36529.06,Direct Sales
TXN_00175253,CUST_010367,PROD_03194,LOC_0157,2023-05-16,11,3159.94,20.0,27807.47,Retail
TXN_00314171,CUST_000387,PROD_00942,LOC_0012,2022-11-19,15,9011.94,5.0,128420.14,Direct Sales
TXN_00083713,CUST_047454,PROD_00306,LOC_0002,2024-07-10,8,9916.7,10.0,71400.24,Retail
TXN_00375366,CUST_020251,PROD_02168,LOC_0220,2024-01-14,9,6278.05,5.0,53677.33,Retail
TXN_00159848,CUST_030960,PROD_01908,LOC_0014,2026-01-13,9,7022.4,10.0,56881.44,Retail
TXN_00426216,CUST_037385,PROD_01907,LOC_0158,2021-05-04,8,2797.45,5.0,21260.62,Partner
TXN_00330998,CUST_001259,PROD_00484,LOC_0159,2024-04-09,9,3279.8,20.0,23614.56,Retail
TXN_00427062,CUST_036840,PROD_03678,LOC_0066,2021-09-27,16,1054.09,10.0,15178.9,Retail
TXN_00149753,CUST_035168,PROD_02733,LOC_0014,2023-05-17,6,4067.42,10.0,21964.07,Retail
TXN_00450297,CUST_031536,PROD_00750,LOC_0203,2021-06-05,10,8726.75,20.0,69814.0,Retail
TXN_00477908,CUST_031763,PROD_00344,LOC_0102,2023-12-29,2,169.07,5.0,321.23,Direct Sales
TXN_00234397,CUST_024973,PROD_02458,LOC_0138,2021-04-03,9,3298.06,5.0,28198.41,Retail
TXN_00110871,CUST_039476,PROD_01716,LOC_0228,2026-04-03,15,7858.18,5.0,111979.06,Direct Sales
TXN_00384444,CUST_012302,PROD_02491,LOC_0218,2024-08-22,3,9436.69,15.0,24063.56,Online
TXN_00395418,CUST_003212,PROD_01282,LOC_0085,2025-08-19,14,9980.47,5.0,132740.25,Retail
TXN_00182389,CUST_026229,PROD_04832,LOC_0004,2024-08-08,2,7715.31,20.0,12344.5,Partner
TXN_00243377,CUST_045955,PROD_02036,LOC_0173,2021-04-28,17,1866.25,0.0,31726.25,Direct Sales
TXN_00372144,CUST_025747,PROD_02350,LOC_0067,2022-08-15,17,7411.47,5.0,119695.24,Partner
TXN_00170875,CUST_002212,PROD_02060,LOC_0149,2025-07-14,9,3532.83,20.0,25436.38,Online
TXN_00499608,,PROD_00187,LOC_0204,2022-09-06,1,8927.09,0.0,8927.09,Direct Sales
TXN_00328617,CUST_029081,PROD_01463,LOC_0125,2022-05-08,17,3775.86,5.0,60980.14,Direct Sales
TXN_00352569,CUST_018535,PROD_03722,LOC_0050,2021-08-10,-1,1647.17,5.0,10953.68,Online
TXN_00363425,CUST_033699,PROD_04420,LOC_0144,2025-04-05,17,5561.94,20.0,75642.38,Partner
TXN_00195720,CUST_018201,PROD_02929,LOC_0090,2024-06-19,18,8604.6,0.0,154882.8,Partner
TXN_00418874,CUST_026334,PROD_01679,LOC_0201,2024-03-06,13,9794.49,20.0,101862.7,Partner
TXN_00154694,CUST_017760,PROD_01277,LOC_0019,2023-08-21,10,2179.87,10.0,19618.83,Partner
TXN_00370860,CUST_029061,PROD_04689,LOC_0165,2022-10-06,19,4764.15,5.0,85992.91,Retail
TXN_00278132,CUST_039443,PROD_00611,LOC_0203,2022-10-13,6,9573.75,15.0,48826.12,Online
TXN_00282181,CUST_000519,PROD_04509,LOC_0168,2023-08-08,10,3099.76,0.0,30997.6,Direct Sales
TXN_00067503,CUST_048235,PROD_04030,LOC_0225,2025-04-08,15,8399.76,0.0,125996.4,Retail
TXN_00159170,CUST_028569,PROD_02505,LOC_0112,2022-05-15,8,9989.88,20.0,63935.23,Online
TXN_00418540,CUST_037079,PROD_00697,LOC_0076,2026-02-18,12,5087.42,0.0,61049.04,Retail
TXN_00083045,CUST_046735,PROD_03715,LOC_0180,2022-09-05,4,6433.17,15.0,21872.78,Partner
TXN_00481224,CUST_029320,PROD_01204,LOC_0232,2023-11-08,19,9848.81,20.0,149701.91,Retail
TXN_00176778,,PROD_02277,LOC_0186,2022-03-06,18,1592.9,10.0,25804.98,Direct Sales
TXN_00038907,CUST_004606,PROD_01558,LOC_0001,2025-08-29,14,7727.41,15.0,91956.18,Retail
TXN_00012902,CUST_008087,PROD_03465,LOC_0197,2024-04-28,10,3076.73,5.0,29228.94,Partner
TXN_00481900,CUST_027774,PROD_04095,LOC_0203,2023-04-25,5,7765.89,15.0,33005.03,Retail
TXN_00109226,CUST_021136,PROD_03825,LOC_0123,2023-09-13,4,468.18,0.0,1872.72,Direct Sales
TXN_00197933,CUST_008498,PROD_00759,LOC_0002,2023-08-23,12,1580.73,20.0,15175.01,Online
TXN_00085957,CUST_000544,PROD_03584,LOC_0090,2023-03-05,19,4502.94,15.0,72722.48,Partner
TXN_00344713,CUST_013243,PROD_03744,LOC_0034,2026-01-09,19,8978.01,20.0,136465.75,Partner
TXN_00405111,CUST_040015,PROD_04699,LOC_0222,2025-12-25,16,1522.29,20.0,19485.31,Partner
TXN_00129188,CUST_032273,PROD_01369,LOC_0028,2026-06-07,4,3418.39,10.0,12306.2,Partner
TXN_00100582,CUST_007033,PROD_03031,LOC_0057,2023-07-08,4,2706.84,10.0,9744.62,Online
TXN_00427441,CUST_030686,PROD_04196,LOC_0108,2024-11-19,6,8915.91,15.0,45471.14,Direct Sales
TXN_00428103,CUST_034277,PROD_01384,LOC_0152,2021-07-08,1,6657.11,5.0,6324.25,Partner
TXN_00336702,CUST_041939,PROD_02264,LOC_0072,2022-05-26,6,1277.15,0.0,7662.9,Retail
TXN_00394448,CUST_016710,PROD_01431,LOC_0020,2021-01-28,2,2392.75,10.0,4306.95,Online
TXN_00080944,CUST_002818,PROD_02652,LOC_0017,2021-05-25,11,3060.7,15.0,28617.54,Online
TXN_00228590,CUST_047608,PROD_02197,LOC_0026,2021-08-13,17,7851.66,10.0,120130.4,Direct Sales
TXN_00220338,,PROD_02231,LOC_0208,2021-08-12,8,2789.79,5.0,21202.4,Retail
TXN_00132869,CUST_026747,PROD_02912,LOC_0199,2021-05-29,17,8562.1,5.0,138277.92,Partner
TXN_00007494,CUST_041089,PROD_01533,LOC_0024,2025-02-16,13,4834.81,10.0,56567.28,Partner
TXN_00481155,CUST_004755,PROD_04177,LOC_0141,2025-12-30,3,1099.06,20.0,2637.74,Retail
TXN_00072393,CUST_011241,PROD_00685,LOC_0243,2024-03-24,10,1455.18,0.0,14551.8,Partner
TXN_00103073,,PROD_02202,LOC_0015,2022-09-26,2,5737.62,0.0,11475.24,Retail
TXN_00015992,CUST_032920,PROD_04026,LOC_0202,2026-03-04,19,4782.27,20.0,72690.5,Direct Sales
TXN_00484287,CUST_049237,PROD_01652,LOC_0169,2023-09-05,-1,7069.23,10.0,95434.6,Direct Sales
TXN_00030645,CUST_047158,PROD_04395,LOC_0079,2022-02-10,10,8383.17,20.0,67065.36,Direct Sales
TXN_00235993,CUST_008639,PROD_04425,LOC_0198,2025-12-19,19,7530.76,5.0,135930.22,Direct Sales
TXN_00418379,CUST_020011,PROD_00028,LOC_0061,2021-04-23,10,3045.7,5.0,28934.15,Partner
TXN_00325546,CUST_019500,PROD_02704,LOC_0229,2022-05-18,8,572.37,20.0,3663.17,Retail
TXN_00020977,CUST_014706,PROD_00486,LOC_0231,2023-02-09,18,1988.58,5.0,34004.72,Partner
TXN_00333810,CUST_019413,PROD_03461,LOC_0199,2021-04-28,7,7469.66,0.0,52287.62,Partner
TXN_00053340,CUST_049754,PROD_00088,LOC_0126,2025-03-13,14,3826.0,10.0,48207.6,Online
TXN_00065333,CUST_011940,PROD_03859,LOC_0081,2025-06-04,15,369.6,15.0,4712.4,Online
TXN_00041545,CUST_043954,PROD_02317,LOC_0218,2024-07-26,8,7699.06,0.0,61592.48,Retail
TXN_00163046,CUST_035029,PROD_04161,LOC_0035,2024-01-18,4,714.16,15.0,2428.14,Retail
TXN_00121769,CUST_032992,PROD_00462,LOC_0235,2022-05-24,15,4748.68,20.0,56984.16,Online
TXN_00404319,CUST_038563,PROD_03709,LOC_0035,2025-09-18,16,5764.52,20.0,73785.86,Partner
TXN_00227701,CUST_043041,PROD_03236,LOC_0156,2025-05-06,13,9105.22,10.0,106531.07,Online
TXN_00221312,CUST_006254,PROD_02431,LOC_0183,2025-10-24,2,3805.17,10.0,6849.31,Direct Sales
TXN_00227522,CUST_040846,PROD_01043,LOC_0226,2022-05-08,15,5576.59,5.0,79466.41,Direct Sales
TXN_00054240,CUST_042766,PROD_04617,LOC_0148,2023-04-10,15,4389.6,0.0,65844.0,Direct Sales
TXN_00348464,CUST_032622,PROD_03422,LOC_0122,2026-06-04,6,5347.09,10.0,28874.29,Retail
TXN_00388101,CUST_018330,PROD_03618,LOC_0190,2023-01-11,5,371.64,5.0,1765.29,Direct Sales
TXN_00358782,CUST_048339,PROD_03667,LOC_0086,2021-05-20,18,5610.9,5.0,95946.39,Retail
TXN_00162310,CUST_038256,PROD_02807,LOC_0038,2023-10-18,7,1617.41,0.0,11321.87,Partner
TXN_00077709,CUST_031915,PROD_01527,LOC_0021,2022-07-31,6,1262.37,5.0,7195.51,Partner
TXN_00401373,,PROD_04361,LOC_0195,2022-11-02,16,2933.19,20.0,37544.83,Direct Sales
TXN_00472012,CUST_022325,PROD_04702,LOC_0205,2021-03-28,8,2885.32,0.0,23082.56,Online
TXN_00061651,CUST_031300,PROD_02834,LOC_0101,2023-03-29,14,6101.46,15.0,72607.37,Retail
TXN_00311231,CUST_012464,PROD_02303,LOC_0006,2021-06-25,7,1982.99,5.0,13186.88,Direct Sales
TXN_00479738,CUST_036202,PROD_00689,LOC_0121,2026-01-29,1,6852.06,10.0,6166.85,Direct Sales
TXN_00037947,CUST_011458,PROD_03068,LOC_0225,2021-06-13,17,6022.83,10.0,92149.3,Direct Sales
TXN_00463700,CUST_039392,PROD_01905,LOC_0098,2025-09-20,7,2804.3,10.0,17667.09,Direct Sales
TXN_00254188,CUST_032132,PROD_00602,LOC_0043,2026-01-17,16,2287.68,20.0,29282.3,Partner
TXN_00139939,CUST_007500,PROD_04234,LOC_0241,2024-02-19,12,6578.14,0.0,78937.68,Direct Sales
TXN_00206312,CUST_042811,PROD_00299,LOC_0013,2021-12-23,14,8476.16,10.0,106799.62,Retail
TXN_00016153,CUST_019966,PROD_04547,LOC_0218,2023-01-28,3,8934.1,0.0,26802.3,Partner
TXN_00311732,CUST_026675,PROD_01775,LOC_0101,2022-08-08,11,8098.51,0.0,89083.61,Online
TXN_00388787,CUST_040426,PROD_01906,LOC_0087,2026-01-04,10,1664.35,20.0,13314.8,Online
TXN_00369358,CUST_009678,PROD_01866,LOC_0075,2024-12-23,9,1679.5,15.0,12848.18,Partner
TXN_00452200,CUST_022565,PROD_04707,LOC_0058,2024-11-28,12,8233.71,5.0,93864.29,Direct Sales
TXN_00267036,,PROD_00220,LOC_0240,2025-03-13,10,5738.78,20.0,45910.24,Retail
TXN_00498445,,PROD_03633,LOC_0192,2022-05-20,16,8968.55,20.0,114797.44,Direct Sales
TXN_00127242,CUST_012051,PROD_02329,LOC_0110,2021-06-03,8,7068.47,20.0,45238.21,Retail
TXN_00083846,CUST_042200,PROD_01454,LOC_0112,2022-11-06,11,9278.65,10.0,91858.64,Retail
TXN_00233711,CUST_024960,PROD_01217,LOC_0102,2024-01-18,9,9436.05,0.0,84924.45,Online
TXN_00044231,CUST_006510,PROD_00291,LOC_0092,2024-06-25,17,3147.61,0.0,53509.37,Online
TXN_00455734,CUST_009341,PROD_04742,LOC_0246,2025-08-24,17,5270.37,0.0,89596.29,Retail
TXN_00086273,CUST_016550,PROD_04422,LOC_0135,2024-02-25,10,7667.41,20.0,61339.28,Partner
TXN_00261570,CUST_041408,PROD_03053,LOC_0145,2022-12-18,10,4982.72,10.0,44844.48,Partner
TXN_00138917,CUST_040457,PROD_03968,LOC_0155,2024-04-24,19,9758.89,20.0,148335.13,Partner
TXN_00032904,CUST_030638,PROD_02699,LOC_0093,2021-11-18,12,8629.94,0.0,103559.28,Retail
TXN_00295282,CUST_034353,PROD_04364,LOC_0049,2024-06-04,5,8297.06,0.0,41485.3,Direct Sales
TXN_00272588,CUST_031259,PROD_00873,LOC_0003,2026-05-25,1,5470.17,0.0,5470.17,Partner
TXN_00314581,CUST_007551,PROD_04013,LOC_0190,2025-09-28,18,450.33,5.0,7700.64,Direct Sales
TXN_00097208,CUST_010663,PROD_01422,LOC_0180,2026-05-29,12,4479.79,20.0,43005.98,Online
TXN_00314827,CUST_006870,PROD_04462,LOC_0170,2025-10-15,11,303.78,15.0,2840.34,Retail
TXN_00098901,CUST_017686,PROD_03063,LOC_0021,2021-09-10,11,8305.18,5.0,86789.13,Partner
TXN_00216717,CUST_046610,PROD_00521,LOC_0047,2021-06-11,10,9555.21,5.0,90774.49,Partner
TXN_00235714,CUST_003411,PROD_03893,LOC_0245,2024-08-15,11,2551.76,15.0,23858.96,Partner
TXN_00276047,CUST_042257,PROD_00315,LOC_0091,2023-02-27,4,8453.4,10.0,30432.24,Retail
TXN_00026228,CUST_039690,PROD_01306,LOC_0072,2024-09-06,13,3516.79,20.0,36574.62,Online
TXN_00062366,CUST_039626,PROD_03949,LOC_0171,2023-07-05,4,5062.76,5.0,19238.49,Retail
TXN_00129497,CUST_021851,PROD_03896,LOC_0001,2026-01-02,1,8113.07,0.0,8113.07,Online
TXN_00376965,CUST_009915,PROD_02239,LOC_0085,2026-05-08,16,8344.64,10.0,120162.82,Online
TXN_00251375,CUST_020886,PROD_04290,LOC_0042,2022-02-01,3,5313.25,5.0,15142.76,Retail
TXN_00406414,CUST_034644,PROD_00109,LOC_0215,2023-07-14,17,7056.41,15.0,101965.12,Online
TXN_00206134,CUST_016462,PROD_00889,LOC_0021,2021-07-24,14,7280.72,5.0,96833.58,Direct Sales
TXN_00144431,CUST_038935,PROD_01451,LOC_0076,2023-07-27,19,4108.85,20.0,62454.52,Retail
TXN_00201018,CUST_013950,PROD_04704,LOC_0188,2025-01-30,12,8693.4,5.0,99104.76,Online
TXN_00213403,CUST_043574,PROD_00150,LOC_0027,2024-06-07,17,4943.33,15.0,71431.12,Partner
TXN_00258749,CUST_035421,PROD_03096,LOC_0104,2021-01-18,16,9792.87,0.0,156685.92,Partner
TXN_00460694,CUST_033731,PROD_03955,LOC_0166,2026-01-04,12,9710.86,10.0,104877.29,Retail
TXN_00270010,CUST_036059,PROD_04556,LOC_0067,2022-10-13,2,3608.7,15.0,6134.79,Retail
TXN_00014743,CUST_045703,PROD_02866,LOC_0034,2024-02-29,7,8813.12,10.0,55522.66,Online
TXN_00257852,CUST_037487,PROD_01828,LOC_0190,2024-04-06,19,5463.32,0.0,103803.08,Direct Sales
TXN_00344120,CUST_036035,PROD_04057,LOC_0105,2024-11-18,9,6907.42,5.0,59058.44,Online
TXN_00222481,CUST_017916,PROD_03092,LOC_0008,2021-01-21,4,8108.17,5.0,30811.05,Partner
TXN_00098070,CUST_020410,PROD_02787,LOC_0060,2021-08-22,11,6030.11,20.0,53064.97,Retail
TXN_00184071,CUST_047166,PROD_04208,LOC_0127,2022-01-13,17,9186.98,20.0,124942.93,Partner
TXN_00064672,CUST_029383,PROD_03375,LOC_0246,2025-06-11,12,7934.22,0.0,95210.64,Retail
TXN_00396929,CUST_007379,PROD_02363,LOC_0225,2024-05-25,17,5291.04,15.0,76455.53,Partner
TXN_00439656,CUST_027922,PROD_03273,LOC_0161,2025-06-14,3,1591.41,15.0,4058.1,Partner
TXN_00470046,CUST_018619,PROD_00200,LOC_0109,2022-11-09,5,9807.09,10.0,44131.9,Partner
TXN_00322532,CUST_008192,PROD_02964,LOC_0010,2022-03-18,7,2870.49,15.0,17079.42,Direct Sales
TXN_00387591,CUST_013631,PROD_04625,LOC_0246,2025-12-15,11,4031.45,15.0,37694.06,Direct Sales
TXN_00423342,CUST_016410,PROD_01210,LOC_0021,2023-11-25,1,2348.24,10.0,2113.42,Online
TXN_00280134,CUST_046309,PROD_04659,LOC_0239,2024-07-03,14,3835.04,5.0,51006.03,Direct Sales
TXN_00299024,CUST_049450,PROD_03769,LOC_0115,2021-03-04,19,3940.95,5.0,71134.15,Partner
TXN_00046836,CUST_032053,PROD_00871,LOC_0023,2024-10-14,11,3985.18,10.0,39453.28,Retail
TXN_00219917,CUST_031423,PROD_03449,LOC_0103,2024-04-20,7,1656.57,5.0,11016.19,Online
TXN_00076543,CUST_017813,PROD_04641,LOC_0072,2025-05-11,17,2394.93,0.0,40713.81,Partner
TXN_00453480,CUST_015807,PROD_01116,LOC_0096,2022-08-20,6,8434.12,10.0,45544.25,Retail
TXN_00018872,CUST_037232,PROD_03602,LOC_0175,2024-03-10,9,858.52,15.0,6567.68,Direct Sales
TXN_00278536,CUST_018319,PROD_04151,LOC_0010,2022-06-27,1,2806.26,5.0,2665.95,Retail
TXN_00184073,CUST_026012,PROD_00615,LOC_0164,2026-04-05,7,4064.22,5.0,27027.06,Direct Sales
TXN_00248576,CUST_030351,PROD_04696,LOC_0112,2022-11-11,8,6083.62,10.0,43802.06,Partner
TXN_00167962,CUST_010959,PROD_04748,LOC_0207,2024-01-19,3,7051.11,0.0,21153.33,Retail
TXN_00256051,CUST_006023,PROD_04697,LOC_0043,2023-10-04,19,1281.37,0.0,24346.03,Online
TXN_00440305,CUST_040172,PROD_03964,LOC_0162,2023-09-05,17,6034.28,5.0,97453.62,Partner
TXN_00138273,CUST_041479,PROD_00445,LOC_0193,2023-06-17,10,5899.23,15.0,50143.45,Online
TXN_00146648,CUST_038233,PROD_01237,LOC_0064,2025-04-25,14,7087.37,5.0,94262.02,Direct Sales
TXN_00484323,CUST_038188,PROD_03830,LOC_0037,2024-11-24,18,2004.29,10.0,32469.5,Partner
TXN_00015567,CUST_049856,PROD_01021,LOC_0076,2021-05-07,1,2294.45,10.0,2065.0,Partner
TXN_00481100,CUST_041519,PROD_01061,LOC_0173,2022-06-20,1,5532.47,0.0,5532.47,Retail
TXN_00160118,CUST_013311,PROD_02466,LOC_0096,2026-04-20,1,9594.77,20.0,7675.82,Partner
TXN_00422548,CUST_015390,PROD_04164,LOC_0141,2021-04-19,3,7501.66,0.0,22504.98,Online
TXN_00460374,CUST_015090,PROD_03137,LOC_0135,2024-11-22,17,8155.39,15.0,117845.39,Direct Sales
TXN_00292853,CUST_013954,PROD_01897,LOC_0158,2021-09-24,1,906.5,10.0,815.85,Retail
TXN_00020797,CUST_011975,PROD_01521,LOC_0015,2021-03-08,5,871.62,10.0,3922.29,Partner
TXN_00387470,CUST_005520,PROD_01397,LOC_0216,2025-07-25,5,2596.49,20.0,10385.96,Direct Sales
TXN_00081110,CUST_045083,PROD_01228,LOC_0233,2025-01-04,6,5260.8,15.0,26830.08,Online
TXN_00027519,CUST_034543,PROD_01796,LOC_0086,2026-04-13,18,1496.62,0.0,26939.16,Retail
TXN_00030236,CUST_019055,PROD_01771,LOC_0225,2023-12-25,7,2050.6,0.0,14354.2,Retail
TXN_00272372,CUST_000617,PROD_01474,LOC_0089,2022-01-16,6,3924.59,20.0,18838.03,Online
TXN_00086802,CUST_002222,PROD_03122,LOC_0012,2024-03-22,9,9231.01,0.0,83079.09,Direct Sales
TXN_00413951,CUST_027824,PROD_02107,LOC_0093,2021-10-31,14,7287.71,0.0,102027.94,Partner
TXN_00073185,CUST_035088,PROD_03708,LOC_0189,2025-11-24,7,1920.5,0.0,13443.5,Retail
TXN_00072496,CUST_004693,PROD_00253,LOC_0185,2024-10-06,13,9794.83,10.0,114599.51,Partner
TXN_00031043,,PROD_01081,LOC_0114,2023-03-26,2,358.3,20.0,573.28,Partner
TXN_00003442,CUST_004355,PROD_04527,LOC_0126,2023-03-15,7,9432.22,10.0,59422.99,Online
TXN_00460874,CUST_008443,PROD_02602,LOC_0131,2023-06-24,2,8566.26,5.0,16275.89,Partner
TXN_00446459,CUST_037862,PROD_04848,LOC_0174,2022-02-27,9,8701.28,0.0,78311.52,Online
TXN_00187856,CUST_048312,PROD_00112,LOC_0022,2025-04-04,19,2117.06,5.0,38212.93,Partner
TXN_00489771,CUST_041074,PROD_04295,LOC_0102,2021-03-27,17,9929.68,15.0,143483.88,Online
TXN_00325529,,PROD_01012,LOC_0171,2022-12-06,3,1414.41,0.0,4243.23,Partner
TXN_00134738,CUST_028747,PROD_01348,LOC_0021,2025-03-12,19,9124.86,0.0,173372.34,Online
TXN_00076327,CUST_021457,PROD_02614,LOC_0197,2024-02-07,4,3356.05,10.0,12081.78,Online
TXN_00452260,CUST_012255,PROD_03766,LOC_0228,2022-10-27,18,5471.96,20.0,78796.22,Partner
TXN_00223473,CUST_003298,PROD_02816,LOC_0053,2023-03-27,15,3643.98,0.0,54659.7,Partner
TXN_00459956,CUST_003165,PROD_03961,LOC_0141,2021-05-08,6,5006.18,20.0,24029.66,Partner
TXN_00450279,CUST_033523,PROD_03855,LOC_0047,2023-11-18,19,341.03,20.0,5183.66,Direct Sales
TXN_00064071,,PROD_00228,LOC_0004,2025-03-02,3,5834.04,10.0,15751.91,Partner
TXN_00432360,CUST_001493,PROD_01670,LOC_0014,2025-05-31,4,1984.98,10.0,7145.93,Retail
TXN_00456604,CUST_020974,PROD_02309,LOC_0055,2023-10-22,14,3035.89,15.0,36127.09,Online
TXN_00024032,CUST_036503,PROD_01490,LOC_0009,2023-07-14,19,3169.9,20.0,48182.48,Direct Sales
TXN_00459228,,PROD_02192,LOC_0197,2023-04-09,9,5323.52,10.0,43120.51,Partner
TXN_00027891,CUST_005436,PROD_04614,LOC_0035,2022-10-31,17,5124.98,10.0,78412.19,Retail
TXN_00142422,CUST_043107,PROD_03888,LOC_0124,2025-03-29,14,9757.02,5.0,129768.37,Direct Sales
TXN_00206608,CUST_041961,PROD_02563,LOC_0188,2025-07-13,9,7912.38,15.0,60529.71,Partner
TXN_00441091,CUST_004570,PROD_01696,LOC_0067,2025-03-31,13,455.37,0.0,5919.81,Retail
TXN_00444053,CUST_048425,PROD_00379,LOC_0127,2021-01-27,1,2857.8,5.0,2714.91,Retail
TXN_00237999,CUST_029089,PROD_02854,LOC_0107,2024-05-28,19,5233.4,10.0,89491.14,Retail
TXN_00337716,CUST_025536,PROD_03442,LOC_0202,2022-07-25,12,9325.23,5.0,106307.62,Retail
TXN_00014043,CUST_009860,PROD_00756,LOC_0111,2025-05-08,11,4348.8,5.0,45444.96,Retail
TXN_00210334,CUST_048974,PROD_03812,LOC_0079,2024-10-27,19,1999.03,5.0,36082.49,Retail
TXN_00034673,CUST_015028,PROD_02843,LOC_0016,2022-05-18,12,7217.82,5.0,82283.15,Partner
TXN_00317039,CUST_009857,PROD_03075,LOC_0008,2025-04-11,12,259.98,15.0,2651.8,Online
TXN_00131370,CUST_041179,PROD_03569,LOC_0159,2024-11-16,6,300.96,0.0,1805.76,Online
TXN_00069438,CUST_000175,PROD_00441,LOC_0120,2021-01-09,10,6365.49,15.0,54106.66,Retail
TXN_00170863,CUST_040368,PROD_02326,LOC_0001,2025-08-18,5,9036.94,5.0,42925.46,Direct Sales
TXN_00165022,CUST_030160,PROD_01975,LOC_0043,2024-06-11,17,3945.29,10.0,60362.94,Online
TXN_00215780,CUST_027540,PROD_02211,LOC_0223,2023-01-03,13,7483.66,10.0,87558.82,Partner
TXN_00273678,CUST_020801,PROD_00992,LOC_0060,2021-10-21,6,7987.13,20.0,38338.22,Direct Sales
TXN_00422198,CUST_036592,PROD_03046,LOC_0026,2025-06-25,1,6681.46,5.0,6347.39,Online
TXN_00181544,CUST_046796,PROD_04959,LOC_0242,2021-05-24,8,6956.6,15.0,47304.88,Partner
TXN_00122031,,PROD_01125,LOC_0140,2025-12-23,1,308.85,0.0,308.85,Retail
TXN_00128253,CUST_044964,PROD_03007,LOC_0159,2023-10-23,11,3183.06,0.0,35013.66,Online
TXN_00099826,CUST_029172,PROD_00205,LOC_0123,2021-12-10,10,930.15,0.0,9301.5,Retail
TXN_00341203,CUST_037751,PROD_04357,LOC_0083,2025-08-08,9,1441.88,15.0,11030.38,Retail
TXN_00217731,CUST_048228,PROD_02580,LOC_0094,2023-05-12,17,5081.89,20.0,69113.7,Direct Sales
TXN_00241487,CUST_026803,PROD_01917,LOC_0189,2024-12-10,8,1415.65,10.0,10192.68,Online
TXN_00489526,CUST_010575,PROD_02133,LOC_0064,2022-01-08,15,713.16,0.0,10697.4,Retail
TXN_00414489,CUST_004191,PROD_04066,LOC_0136,2023-01-03,12,3605.84,0.0,43270.08,Retail
TXN_00478424,CUST_018731,PROD_02390,LOC_0039,2024-02-06,2,2088.54,10.0,3759.37,Direct Sales
TXN_00060689,CUST_040158,PROD_02700,LOC_0025,2022-03-27,7,3168.38,0.0,22178.66,Partner
TXN_00192395,CUST_004380,PROD_02280,LOC_0196,2024-03-04,16,4538.08,20.0,58087.42,Online
TXN_00252746,,PROD_02980,LOC_0043,2021-04-16,4,5899.99,5.0,22419.96,Online
TXN_00064631,CUST_027122,PROD_00294,LOC_0223,2025-08-10,10,1186.05,5.0,11267.48,Partner
TXN_00223821,CUST_022125,PROD_02892,LOC_0098,2025-05-16,4,7677.05,20.0,24566.56,Partner
TXN_00454583,CUST_017682,PROD_03537,LOC_0197,2021-03-02,5,7574.5,0.0,37872.5,Partner
TXN_00085203,CUST_047673,PROD_01074,LOC_0025,2023-02-08,19,771.67,20.0,11729.38,Retail
TXN_00369666,CUST_028557,PROD_03616,LOC_0245,2021-09-20,2,1270.65,15.0,2160.1,Partner
TXN_00112570,CUST_013363,PROD_02886,LOC_0215,2024-10-24,10,9459.98,10.0,85139.82,Partner
TXN_00452331,CUST_046465,PROD_03943,LOC_0240,2022-11-26,19,2498.59,20.0,37978.57,Partner
TXN_00211346,CUST_017395,PROD_03022,LOC_0112,2021-01-05,3,485.99,20.0,1166.38,Direct Sales
TXN_00464769,CUST_012892,PROD_02981,LOC_0207,2025-02-15,2,6723.24,20.0,10757.18,Retail
TXN_00490143,CUST_038489,PROD_02023,LOC_0213,2022-10-29,10,3132.31,15.0,26624.64,Online
TXN_00051292,CUST_015301,PROD_00834,LOC_0194,2022-07-27,8,9060.67,10.0,65236.82,Retail
TXN_00464004,CUST_032497,PROD_04822,LOC_0002,2024-05-25,9,5765.32,0.0,51887.88,Direct Sales
TXN_00419758,CUST_030540,PROD_04223,LOC_0182,2024-02-24,14,9129.45,20.0,102249.84,Retail
TXN_00306075,CUST_031915,PROD_02404,LOC_0005,2025-12-13,7,8215.23,0.0,57506.61,Partner
TXN_00364507,CUST_046615,PROD_01240,LOC_0231,2024-08-14,12,6328.4,20.0,60752.64,Online
TXN_00497808,CUST_011860,PROD_00401,LOC_0179,2022-04-15,10,5297.96,20.0,42383.68,Online
TXN_00307857,CUST_044026,PROD_03506,LOC_0009,2025-07-30,12,8106.94,15.0,82690.79,Direct Sales
TXN_00380938,CUST_034143,PROD_04062,LOC_0164,2023-06-24,14,3007.55,0.0,42105.7,Retail
TXN_00137946,,PROD_03336,LOC_0054,2022-04-24,1,1572.92,20.0,1258.34,Online
TXN_00081506,CUST_039960,PROD_04025,LOC_0186,2024-02-16,13,6916.83,0.0,89918.79,Online
TXN_00361298,CUST_028377,PROD_01163,LOC_0134,2025-06-26,16,8869.74,10.0,127724.26,Online
TXN_00262470,CUST_019044,PROD_02718,LOC_0133,2024-06-21,10,4304.62,15.0,36589.27,Direct Sales
TXN_00337637,CUST_008887,PROD_02972,LOC_0071,2025-07-21,10,2452.11,15.0,20842.94,Retail
TXN_00272248,CUST_044000,PROD_00816,LOC_0151,2022-06-24,14,3538.66,5.0,47064.18,Online
TXN_00126265,CUST_037285,PROD_01481,LOC_0038,2022-09-09,6,5297.85,15.0,27019.04,Partner
TXN_00017279,CUST_026079,PROD_03653,LOC_0117,2022-12-15,6,1392.76,10.0,7520.9,Retail
TXN_00172341,CUST_006041,PROD_04017,LOC_0237,2024-06-21,15,1485.6,10.0,20055.6,Partner
TXN_00442689,CUST_044839,PROD_00190,LOC_0183,2022-02-18,13,5105.12,0.0,66366.56,Retail
TXN_00150442,CUST_045796,PROD_03713,LOC_0050,2024-05-18,2,9158.06,10.0,16484.51,Direct Sales
TXN_00060215,CUST_043059,PROD_00495,LOC_0237,2024-08-08,17,8215.66,5.0,132682.91,Direct Sales
TXN_00064185,CUST_036098,PROD_01787,LOC_0100,2023-08-28,14,7160.79,20.0,80200.85,Online
TXN_00275402,CUST_008446,PROD_00668,LOC_0158,2023-11-06,3,2041.91,15.0,5206.87,Online
TXN_00071824,CUST_014047,PROD_04702,LOC_0004,2021-12-03,2,3210.93,0.0,6421.86,Online
TXN_00384415,CUST_001032,PROD_00116,LOC_0075,2026-02-14,12,9701.73,10.0,104778.68,Direct Sales
TXN_00373331,CUST_032984,PROD_01527,LOC_0126,2021-04-17,6,1987.09,5.0,11326.41,Partner
TXN_00158805,,PROD_02689,LOC_0140,2024-08-05,19,847.79,5.0,15302.61,Partner
TXN_00486327,CUST_010326,PROD_04296,LOC_0206,2026-05-29,6,3919.98,15.0,19991.9,Retail
TXN_00233456,CUST_014720,PROD_01707,LOC_0008,2026-02-21,13,8714.73,20.0,90633.19,Direct Sales
TXN_00235422,CUST_035874,PROD_03904,LOC_0122,2023-04-24,14,4307.66,0.0,60307.24,Retail
TXN_00021596,CUST_038687,PROD_02563,LOC_0227,2021-07-23,5,9253.98,0.0,46269.9,Online
TXN_00251738,CUST_019975,PROD_01003,LOC_0064,2023-10-21,8,6357.33,10.0,45772.78,Partner
TXN_00359048,CUST_014627,PROD_01533,LOC_0244,2021-08-02,4,7043.06,5.0,26763.63,Partner
TXN_00031912,CUST_007611,PROD_03310,LOC_0249,2021-10-03,2,4436.93,20.0,7099.09,Online
TXN_00155854,CUST_016171,PROD_01158,LOC_0190,2024-03-17,13,6557.6,0.0,85248.8,Partner
TXN_00219791,CUST_001573,PROD_02984,LOC_0192,2022-04-02,2,2323.99,5.0,4415.58,Partner
TXN_00235846,CUST_029182,PROD_00119,LOC_0103,2022-07-13,8,2043.33,5.0,15529.31,Retail
TXN_00396634,CUST_019499,PROD_02439,LOC_0149,2022-05-22,3,2328.82,10.0,6287.81,Online
TXN_00210592,CUST_044784,PROD_00223,LOC_0051,2025-09-03,4,4401.95,5.0,16727.41,Direct Sales
TXN_00489141,CUST_001697,PROD_00795,LOC_0232,2025-04-15,3,8090.01,10.0,21843.03,Online
TXN_00195680,CUST_001551,PROD_03554,LOC_0231,2021-05-04,14,4657.14,15.0,55419.97,Retail
TXN_00264915,CUST_016705,PROD_04853,LOC_0077,2023-12-26,19,5524.92,20.0,83978.78,Partner
TXN_00410500,CUST_018461,PROD_02823,LOC_0106,2024-08-15,12,5717.68,0.0,68612.16,Partner
TXN_00345529,CUST_028916,PROD_03243,LOC_0176,2026-01-15,10,8206.85,15.0,69758.22,Direct Sales
TXN_00027694,CUST_033604,PROD_02881,LOC_0181,2025-09-01,17,9849.23,10.0,150693.22,Online
TXN_00136980,CUST_028462,PROD_04579,LOC_0093,2025-10-14,3,2282.16,5.0,6504.16,Online
TXN_00319008,CUST_045959,PROD_00237,LOC_0081,2025-09-14,13,1732.83,15.0,19147.77,Retail
TXN_00089632,CUST_019002,PROD_01828,LOC_0238,2026-05-22,1,7317.9,5.0,6952.0,Retail
TXN_00261387,CUST_014038,PROD_04899,LOC_0050,2022-10-24,13,2868.61,0.0,37291.93,Partner
TXN_00175358,CUST_021169,PROD_00824,LOC_0105,2021-01-28,9,4616.29,0.0,41546.61,Partner
TXN_00415319,CUST_029504,PROD_02228,LOC_0141,2025-08-19,1,627.47,10.0,564.72,Partner
TXN_00499295,CUST_026792,PROD_02370,LOC_0214,2023-09-28,3,6081.64,10.0,16420.43,Retail
TXN_00327882,CUST_017996,PROD_01933,LOC_0136,2021-01-15,18,3229.47,10.0,52317.41,Retail
TXN_00268399,CUST_040368,PROD_04843,LOC_0040,2024-10-06,1,3433.32,15.0,2918.32,Partner
TXN_00103686,CUST_011206,PROD_01916,LOC_0114,2024-07-31,18,7609.15,10.0,123268.23,Direct Sales
TXN_00103084,CUST_013319,PROD_00411,LOC_0128,2023-06-28,3,9292.04,0.0,27876.12,Retail
TXN_00332241,CUST_043600,PROD_02592,LOC_0179,2024-06-13,12,5736.28,5.0,65393.59,Direct Sales
TXN_00434485,CUST_041441,PROD_00348,LOC_0155,2021-10-18,6,8286.14,15.0,42259.31,Retail
TXN_00393802,CUST_033444,PROD_01809,LOC_0211,2024-06-26,16,1474.93,20.0,18879.1,Retail
TXN_00286496,CUST_000750,PROD_00654,LOC_0198,2022-11-28,6,4139.52,20.0,19869.7,Online
TXN_00054552,CUST_041148,PROD_02713,LOC_0213,2023-06-05,13,9462.87,15.0,104564.71,Retail
TXN_00087984,CUST_007374,PROD_04335,LOC_0018,2022-01-12,6,8799.76,0.0,52798.56,Partner
TXN_00290777,CUST_041816,PROD_01902,LOC_0182,2022-07-24,1,7036.19,0.0,7036.19,Partner
TXN_00108063,CUST_047484,PROD_04953,LOC_0202,2025-09-22,1,9033.73,15.0,7678.67,Direct Sales
TXN_00276656,CUST_005978,PROD_02054,LOC_0142,2025-02-05,12,8504.22,15.0,86743.04,Retail
TXN_00216215,CUST_010294,PROD_03631,LOC_0039,2022-05-08,1,502.28,10.0,452.05,Direct Sales
TXN_00107910,CUST_015271,PROD_01741,LOC_0122,2025-04-08,9,8397.6,5.0,71799.48,Direct Sales
TXN_00005885,CUST_001703,PROD_02930,LOC_0219,2023-08-09,6,5346.13,15.0,27265.26,Retail
TXN_00057383,CUST_020345,PROD_02811,LOC_0112,2024-02-16,8,1301.25,10.0,9369.0,Retail
TXN_00474929,CUST_039071,PROD_01731,LOC_0157,2025-02-11,2,2414.27,20.0,3862.83,Online
TXN_00204651,CUST_026378,PROD_00835,LOC_0151,2026-01-31,19,5249.12,10.0,89759.95,Retail
TXN_00005093,CUST_027474,PROD_02399,LOC_0017,2021-10-15,8,9739.44,15.0,66228.19,Partner
TXN_00086059,CUST_008708,PROD_04026,LOC_0143,2026-02-06,5,7105.85,10.0,31976.32,Retail
TXN_00251837,,PROD_04602,LOC_0245,2022-04-25,8,1205.29,20.0,7713.86,Retail
TXN_00191046,CUST_023689,PROD_04742,LOC_0213,2026-01-17,7,3461.49,5.0,23018.91,Retail
TXN_00307340,CUST_004010,PROD_04192,LOC_0155,2022-12-22,14,1431.02,5.0,19032.57,Partner
TXN_00014234,CUST_026612,PROD_01419,LOC_0083,2025-06-17,1,4742.35,10.0,4268.12,Partner
TXN_00038148,CUST_035576,PROD_02793,LOC_0068,2023-04-15,16,9475.47,5.0,144027.14,Retail
TXN_00438429,CUST_042153,PROD_01231,LOC_0023,2021-08-18,16,7416.02,10.0,106790.69,Direct Sales
TXN_00494879,CUST_043411,PROD_03472,LOC_0150,2023-03-10,2,8482.36,10.0,15268.25,Retail
TXN_00450996,CUST_016983,PROD_03187,LOC_0189,2022-11-13,17,685.91,0.0,11660.47,Online
TXN_00064601,CUST_022091,PROD_02331,LOC_0247,2025-06-05,16,875.8,10.0,12611.52,Retail
TXN_00266083,CUST_045900,PROD_04563,LOC_0214,2025-12-03,5,8626.09,5.0,40973.93,Online
TXN_00029756,CUST_042030,PROD_01322,LOC_0117,2023-04-01,18,1907.33,20.0,27465.55,Partner
TXN_00162356,CUST_047354,PROD_02616,LOC_0106,2025-03-28,13,8605.83,20.0,89500.63,Retail
TXN_00160104,CUST_004091,PROD_01197,LOC_0210,2022-11-01,10,3974.6,5.0,37758.7,Online
TXN_00488723,CUST_016040,PROD_00295,LOC_0220,2023-07-20,17,1388.36,20.0,18881.7,Direct Sales
TXN_00318846,CUST_025829,PROD_02735,LOC_0173,2023-04-27,9,5921.68,10.0,47965.61,Retail
TXN_00234421,CUST_030618,PROD_02009,LOC_0237,2022-04-23,18,1685.24,10.0,27300.89,Online
TXN_00023008,CUST_030019,PROD_04926,LOC_0249,2024-04-18,7,8780.32,0.0,61462.24,Partner
TXN_00058367,,PROD_01810,LOC_0027,2023-01-21,14,5894.38,20.0,66017.06,Online
TXN_00250978,CUST_036157,PROD_01230,LOC_0051,2022-08-10,6,7765.56,20.0,37274.69,Partner
TXN_00254011,CUST_045168,PROD_01419,LOC_0088,2025-07-14,16,1974.44,20.0,25272.83,Partner
TXN_00424916,CUST_020005,PROD_03758,LOC_0052,2021-01-02,16,7545.9,5.0,114697.68,Direct Sales
TXN_00139621,CUST_006763,PROD_00096,LOC_0172,2021-04-02,12,821.42,20.0,7885.63,Online
TXN_00139624,CUST_016905,PROD_01756,LOC_0186,2024-01-21,12,5903.5,10.0,63757.8,Direct Sales
TXN_00482086,CUST_022432,PROD_04879,LOC_0030,2021-06-22,13,1842.43,15.0,20358.85,Partner
TXN_00159175,CUST_036155,PROD_02564,LOC_0082,2021-09-27,4,5847.8,20.0,18712.96,Online
TXN_00351145,,PROD_02902,LOC_0088,2025-02-10,3,7790.12,20.0,18696.29,Direct Sales
TXN_00069890,CUST_031976,PROD_02255,LOC_0202,2022-03-14,1,7792.92,5.0,7403.27,Direct Sales
TXN_00387444,CUST_026121,PROD_00784,LOC_0041,2023-12-14,10,8627.61,5.0,81962.3,Online
TXN_00436959,CUST_037543,PROD_03548,LOC_0241,2023-07-08,2,7592.51,20.0,12148.02,Online
TXN_00315797,CUST_028881,PROD_00789,LOC_0249,2021-07-10,11,7220.37,5.0,75452.87,Partner
TXN_00468443,CUST_013166,PROD_02604,LOC_0032,2021-06-07,19,7737.68,10.0,132314.33,Online
TXN_00280161,CUST_038946,PROD_02277,LOC_0232,2023-08-27,4,7400.95,10.0,26643.42,Partner
TXN_00397950,CUST_020117,PROD_04402,LOC_0105,2022-04-19,14,7969.44,15.0,94836.34,Retail
TXN_00142922,CUST_043007,PROD_03742,LOC_0054,2024-09-30,12,3811.26,10.0,41161.61,Retail
TXN_00377638,CUST_015246,PROD_00438,LOC_0107,2024-04-18,17,7965.69,20.0,108333.38,Online
TXN_00272845,CUST_013610,PROD_04111,LOC_0158,2023-02-17,10,8140.05,0.0,81400.5,Direct Sales
TXN_00318754,CUST_011277,PROD_02849,LOC_0037,2026-02-18,17,9448.11,20.0,128494.3,Partner
TXN_00165266,CUST_047206,PROD_02876,LOC_0100,2025-09-17,19,1167.5,5.0,21073.38,Partner
TXN_00003211,CUST_004559,PROD_01672,LOC_0104,2024-04-20,4,6289.56,10.0,22642.42,Direct Sales
TXN_00293347,CUST_017537,PROD_00592,LOC_0031,2024-02-26,9,2829.36,20.0,20371.39,Partner
TXN_00099494,CUST_022127,PROD_00155,LOC_0135,2023-01-10,3,8086.02,0.0,24258.06,Retail
TXN_00166028,CUST_035561,PROD_00416,LOC_0042,2023-12-22,9,4051.53,15.0,30994.2,Online
TXN_00461522,CUST_016021,PROD_00542,LOC_0178,2024-06-14,16,7147.09,5.0,108635.77,Direct Sales
TXN_00429936,CUST_017262,PROD_02969,LOC_0172,2021-06-11,18,3797.3,5.0,64933.83,Retail
TXN_00174463,CUST_034288,PROD_02795,LOC_0189,2021-09-03,8,4623.61,5.0,35139.44,Online
TXN_00312333,CUST_022933,PROD_01318,LOC_0150,2021-08-20,4,8987.37,0.0,35949.48,Direct Sales
TXN_00459888,CUST_024383,PROD_02555,LOC_0247,2023-08-30,14,3335.73,10.0,42030.2,Partner
TXN_00244539,CUST_045096,PROD_04067,LOC_0028,2022-07-31,15,8214.46,15.0,104734.36,Partner
TXN_00424659,CUST_039699,PROD_03475,LOC_0055,2025-07-14,13,2573.18,15.0,28433.64,Online
TXN_00100970,CUST_043037,PROD_01430,LOC_0043,2025-01-08,13,2596.94,0.0,33760.22,Retail
TXN_00015222,CUST_020218,PROD_00451,LOC_0189,2023-05-10,6,7985.54,0.0,47913.24,Retail
TXN_00194176,CUST_038634,PROD_00413,LOC_0154,2022-08-03,7,2039.56,0.0,14276.92,Online
TXN_00079075,CUST_035037,PROD_02670,LOC_0062,2023-05-17,19,8162.76,5.0,147337.82,Online
TXN_00456101,CUST_008900,PROD_04099,LOC_0040,2022-04-17,10,6819.66,5.0,64786.77,Partner
TXN_00097146,CUST_035537,PROD_00301,LOC_0194,2024-02-08,14,2034.04,20.0,22781.25,Direct Sales
TXN_00243536,CUST_030833,PROD_02619,LOC_0098,2023-03-31,3,5963.2,5.0,16995.12,Partner
TXN_00495318,CUST_042563,PROD_04574,LOC_0102,2025-12-27,15,714.78,5.0,10185.61,Direct Sales
TXN_00459130,CUST_025279,PROD_01614,LOC_0213,2024-01-18,8,3192.64,15.0,21709.95,Retail
TXN_00311616,CUST_033108,PROD_01967,LOC_0184,2022-04-28,8,582.05,10.0,4190.76,Online
TXN_00395884,CUST_043367,PROD_00418,LOC_0095,2021-08-01,9,6841.06,20.0,49255.63,Retail
TXN_00367896,CUST_026463,PROD_03545,LOC_0199,2021-08-16,17,164.31,0.0,2793.27,Direct Sales
TXN_00389838,CUST_017486,PROD_01312,LOC_0130,2023-04-29,17,1186.55,5.0,19162.78,Online
TXN_00211258,CUST_012127,PROD_04141,LOC_0056,2021-08-16,19,8206.58,15.0,132536.27,Online
TXN_00034472,CUST_026726,PROD_00012,LOC_0026,2026-06-28,-1,8183.14,20.0,78558.14,Online
TXN_00466841,CUST_027118,PROD_04492,LOC_0126,2022-01-21,15,9543.06,20.0,114516.72,Direct Sales
TXN_00153339,CUST_008290,PROD_01686,LOC_0194,2024-10-30,10,6782.02,15.0,57647.17,Retail
TXN_00394812,CUST_009039,PROD_00744,LOC_0136,2023-09-11,13,1507.84,20.0,15681.54,Retail
TXN_00263565,CUST_001816,PROD_03819,LOC_0227,2022-09-21,4,3265.56,20.0,10449.79,Partner
TXN_00424665,CUST_028466,PROD_03650,LOC_0155,2022-01-20,9,3909.24,20.0,28146.53,Online
TXN_00237632,,PROD_03996,LOC_0012,2024-10-04,1,7277.99,15.0,6186.29,Direct Sales
TXN_00269556,CUST_003396,PROD_02091,LOC_0137,2022-04-02,7,1704.08,0.0,11928.56,Online
TXN_00178784,CUST_011366,PROD_02339,LOC_0173,2021-09-13,15,230.49,0.0,3457.35,Online
TXN_00002881,CUST_049152,PROD_02204,LOC_0068,2021-12-27,8,3691.09,10.0,26575.85,Retail
TXN_00407045,CUST_032162,PROD_02479,LOC_0241,2021-07-15,17,9531.93,0.0,162042.81,Direct Sales
TXN_00167153,CUST_005299,PROD_03375,LOC_0023,2023-01-18,14,4037.77,15.0,48049.46,Retail
TXN_00314680,CUST_044231,PROD_01841,LOC_0009,2025-02-26,7,525.86,0.0,3681.02,Retail
TXN_00440159,CUST_021261,PROD_03610,LOC_0165,2026-04-18,16,5312.1,10.0,76494.24,Direct Sales
TXN_00029589,CUST_048097,PROD_02472,LOC_0244,2023-04-13,15,6563.61,0.0,98454.15,Retail
TXN_00427012,CUST_034830,PROD_00797,LOC_0126,2023-01-01,3,5139.06,15.0,13104.6,Online
TXN_00255512,CUST_048240,PROD_00007,LOC_0110,2024-06-13,17,2987.83,0.0,50793.11,Partner
TXN_00007613,CUST_041248,PROD_02474,LOC_0180,2023-02-23,11,2992.69,0.0,32919.59,Direct Sales
TXN_00144070,CUST_024541,PROD_00446,LOC_0072,2021-09-15,17,2773.42,10.0,42433.33,Direct Sales
TXN_00235106,CUST_025384,PROD_03316,LOC_0092,2024-02-19,15,7951.66,5.0,113311.15,Retail
TXN_00308911,,PROD_03184,LOC_0091,2024-09-17,9,3075.99,15.0,23531.32,Online
TXN_00235590,CUST_034803,PROD_02486,LOC_0230,2021-05-25,16,271.41,5.0,4125.43,Direct Sales
TXN_00469563,CUST_021109,PROD_01619,LOC_0168,2026-03-13,18,2733.5,0.0,49203.0,Partner
TXN_00326838,CUST_031200,PROD_00369,LOC_0077,2022-01-26,5,593.19,20.0,2372.76,Retail
TXN_00364157,CUST_025286,PROD_04435,LOC_0110,2023-01-18,6,7501.87,10.0,40510.1,Retail
TXN_00493215,CUST_025540,PROD_04611,LOC_0210,2022-05-10,10,1172.79,20.0,9382.32,Direct Sales
TXN_00496316,CUST_032111,PROD_00588,LOC_0100,2022-01-05,10,895.3,5.0,8505.35,Online
TXN_00234699,CUST_045570,PROD_00620,LOC_0074,2021-11-26,18,4238.96,15.0,64856.09,Retail
TXN_00336631,CUST_019306,PROD_02271,LOC_0197,2021-03-20,16,6926.03,20.0,88653.18,Online
TXN_00126837,CUST_037810,PROD_02274,LOC_0242,2025-09-25,11,7742.75,10.0,76653.23,Partner
TXN_00269906,CUST_016816,PROD_00487,LOC_0019,2021-07-20,19,1241.67,15.0,20052.97,Online
TXN_00431195,CUST_007080,PROD_04575,LOC_0162,2024-02-24,15,548.91,0.0,8233.65,Direct Sales
TXN_00218978,CUST_034110,PROD_03646,LOC_0027,2023-12-16,12,2830.1,0.0,33961.2,Online
TXN_00181159,CUST_002256,PROD_04245,LOC_0070,2021-03-10,15,2380.84,5.0,33926.97,Online
TXN_00186395,CUST_034016,PROD_00103,LOC_0180,2023-06-25,17,8070.7,10.0,123481.71,Online
TXN_00334716,CUST_012362,PROD_02269,LOC_0159,2021-07-04,16,5673.66,20.0,72622.85,Partner
TXN_00308328,CUST_047248,PROD_04135,LOC_0206,2025-06-27,7,9363.13,15.0,55710.62,Retail
TXN_00482449,CUST_018987,PROD_01593,LOC_0210,2026-06-04,11,1449.58,20.0,12756.3,Direct Sales
TXN_00154027,CUST_038835,PROD_01095,LOC_0068,2021-03-28,18,2622.0,0.0,47196.0,Retail
TXN_00198912,CUST_027585,PROD_00336,LOC_0112,2022-04-01,12,4525.67,0.0,54308.04,Partner
TXN_00211961,CUST_006710,PROD_00330,LOC_0012,2022-05-27,4,4199.81,15.0,14279.35,Retail
TXN_00032675,CUST_001301,PROD_03917,LOC_0141,2024-01-14,2,5674.52,0.0,11349.04,Partner
TXN_00388425,CUST_024326,PROD_01173,LOC_0166,2024-02-05,4,5057.58,0.0,20230.32,Online
TXN_00465143,CUST_045371,PROD_03143,LOC_0026,2024-06-16,6,1280.28,20.0,6145.34,Partner
TXN_00475030,CUST_007702,PROD_04920,LOC_0162,2025-09-07,15,690.48,5.0,9839.34,Online
TXN_00083656,CUST_027020,PROD_02820,LOC_0199,2025-04-05,3,9991.17,10.0,26976.16,Retail
TXN_00308342,CUST_009182,PROD_00129,LOC_0205,2022-10-29,13,6976.06,0.0,90688.78,Partner
TXN_00198125,CUST_001149,PROD_04218,LOC_0218,2024-07-18,4,2174.82,20.0,6959.42,Retail
TXN_00105525,CUST_030658,PROD_00112,LOC_0212,2022-05-27,2,5388.5,20.0,8621.6,Online
TXN_00105347,CUST_045269,PROD_02767,LOC_0108,2025-06-09,12,8052.45,15.0,82134.99,Partner
TXN_00323006,CUST_036214,PROD_03396,LOC_0055,2025-06-01,12,962.27,0.0,11547.24,Direct Sales
TXN_00101087,CUST_025277,PROD_00138,LOC_0180,2023-04-13,2,6670.78,20.0,10673.25,Online
TXN_00117733,,PROD_03420,LOC_0056,2024-12-31,10,2089.82,10.0,18808.38,Retail
TXN_00220177,CUST_021644,PROD_04334,LOC_0050,2026-04-16,3,4404.71,15.0,11232.01,Direct Sales
TXN_00100846,CUST_041242,PROD_00193,LOC_0199,2022-08-14,4,820.29,20.0,2624.93,Retail
TXN_00149249,CUST_041498,PROD_00982,LOC_0029,2023-08-21,12,2794.11,15.0,28499.92,Partner
TXN_00101549,CUST_006441,PROD_04862,LOC_0112,2022-07-05,18,6850.54,5.0,117144.23,Retail
TXN_00085907,,PROD_01732,LOC_0232,2024-10-13,5,6366.02,15.0,27055.59,Retail
TXN_00261649,CUST_038227,PROD_04960,LOC_0230,2024-07-02,12,3718.66,10.0,40161.53,Partner
TXN_00137731,CUST_009797,PROD_03375,LOC_0190,2022-03-24,6,3979.71,15.0,20296.52,Partner
TXN_00474013,,PROD_01971,LOC_0045,2023-12-30,5,7382.45,0.0,36912.25,Retail
TXN_00361938,CUST_036727,PROD_04758,LOC_0210,2023-07-08,10,8467.33,10.0,76205.97,Direct Sales
TXN_00170227,CUST_018695,PROD_00568,LOC_0194,2024-08-19,9,6866.0,20.0,49435.2,Partner
TXN_00260958,CUST_020362,PROD_02035,LOC_0013,2021-12-20,11,6610.11,10.0,65440.09,Online
TXN_00282556,CUST_006367,PROD_03293,LOC_0092,2022-01-03,16,2213.25,20.0,28329.6,Direct Sales
TXN_00362974,CUST_001890,PROD_01779,LOC_0048,2022-08-25,17,8592.32,10.0,131462.5,Retail
TXN_00458677,CUST_011027,PROD_01856,LOC_0215,2024-08-23,16,3298.41,20.0,42219.65,Partner
TXN_00336768,CUST_033532,PROD_02158,LOC_0176,2024-01-18,19,7108.21,0.0,135055.99,Online
TXN_00385979,CUST_010816,PROD_03215,LOC_0182,2021-05-17,9,1470.09,5.0,12569.27,Retail
TXN_00486892,CUST_048916,PROD_00827,LOC_0234,2025-10-23,9,4443.15,20.0,31990.68,Retail
TXN_00101594,CUST_031136,PROD_01032,LOC_0184,2021-07-26,13,2158.51,20.0,22448.5,Online
TXN_00119037,CUST_004514,PROD_01230,LOC_0245,2022-06-23,15,4669.44,0.0,70041.6,Partner
TXN_00097796,CUST_016559,PROD_03101,LOC_0077,2024-12-19,18,8253.37,0.0,148560.66,Retail
TXN_00470614,CUST_004351,PROD_03775,LOC_0136,2022-12-26,13,6843.17,5.0,84513.15,Direct Sales
TXN_00058899,CUST_007839,PROD_03557,LOC_0007,2023-05-04,1,7400.84,10.0,6660.76,Direct Sales
TXN_00048337,,PROD_04474,LOC_0163,2025-09-07,2,3351.86,20.0,5362.98,Retail
TXN_00333362,CUST_034190,PROD_03033,LOC_0142,2025-09-10,13,2645.32,15.0,29230.79,Direct Sales
TXN_00202897,CUST_019496,PROD_03606,LOC_0247,2024-02-21,13,6212.43,20.0,64609.27,Retail
TXN_00487743,CUST_043348,PROD_02883,LOC_0019,2025-11-18,17,2674.88,20.0,36378.37,Retail
TXN_00408135,CUST_020511,PROD_03188,LOC_0012,2021-12-14,10,1809.06,5.0,17186.07,Retail
TXN_00338393,CUST_049672,PROD_01135,LOC_0147,2025-08-15,19,5465.76,10.0,93464.5,Partner
TXN_00034713,CUST_019235,PROD_00194,LOC_0143,2024-11-25,19,8814.53,20.0,133980.86,Online
TXN_00362259,CUST_025468,PROD_01740,LOC_0081,2022-10-02,16,9571.99,20.0,122521.47,Online
TXN_00226478,CUST_011726,PROD_02643,LOC_0139,2021-12-25,6,3277.84,10.0,17700.34,Partner
TXN_00026314,CUST_027687,PROD_00136,LOC_0173,2022-05-15,11,4900.14,20.0,43121.23,Partner
TXN_00204681,CUST_020355,PROD_01382,LOC_0107,2024-01-23,17,2141.99,15.0,30951.76,Retail
TXN_00185301,CUST_003915,PROD_01366,LOC_0081,2022-01-28,18,3509.84,20.0,50541.7,Partner
TXN_00298778,CUST_007143,PROD_01999,LOC_0042,2024-03-04,15,7162.85,10.0,96698.48,Partner
TXN_00210828,CUST_012538,PROD_00471,LOC_0150,2024-06-30,11,1669.39,20.0,14690.63,Direct Sales
TXN_00307802,,PROD_03287,LOC_0001,2025-03-01,2,5317.34,20.0,8507.74,Direct Sales
TXN_00090966,CUST_010563,PROD_00489,LOC_0056,2025-05-06,9,1609.44,5.0,13760.71,Online
TXN_00037383,,PROD_00824,LOC_0161,2025-12-15,2,4641.44,15.0,7890.45,Retail
TXN_00345848,CUST_042918,PROD_04994,LOC_0106,2025-11-17,16,501.12,5.0,7617.02,Retail
TXN_00370187,CUST_042559,PROD_00561,LOC_0183,2021-11-08,3,5797.85,5.0,16523.87,Online
TXN_00050774,CUST_019124,PROD_03435,LOC_0040,2025-02-16,18,7774.65,0.0,139943.7,Direct Sales
TXN_00003066,CUST_039358,PROD_04266,LOC_0024,2021-06-21,4,4596.87,0.0,18387.48,Online
TXN_00306447,CUST_006527,PROD_03207,LOC_0010,2025-08-23,18,3896.27,0.0,70132.86,Retail
TXN_00278735,CUST_000915,PROD_02291,LOC_0226,2024-04-02,7,8141.73,0.0,56992.11,Online
TXN_00360933,CUST_026881,PROD_04265,LOC_0176,2025-10-06,2,3943.23,15.0,6703.49,Direct Sales
TXN_00375620,CUST_041224,PROD_01312,LOC_0246,2024-04-21,16,6487.04,0.0,103792.64,Online
TXN_00493868,CUST_048324,PROD_04503,LOC_0175,2026-03-19,14,8008.39,20.0,89693.97,Online
TXN_00485357,CUST_006976,PROD_04373,LOC_0141,2024-09-28,4,1307.36,0.0,5229.44,Partner
TXN_00366496,CUST_038226,PROD_01192,LOC_0209,2024-10-22,8,4011.98,10.0,28886.26,Partner
TXN_00435141,CUST_012678,PROD_01902,LOC_0109,2026-02-05,3,9968.79,20.0,23925.1,Direct Sales
TXN_00068508,CUST_047311,PROD_02068,LOC_0168,2025-06-09,16,6936.35,20.0,88785.28,Retail
TXN_00242017,CUST_020220,PROD_02267,LOC_0046,2024-01-11,5,3336.21,0.0,16681.05,Retail
TXN_00144691,CUST_031138,PROD_03509,LOC_0223,2026-04-20,4,5435.33,20.0,17393.06,Partner
TXN_00193723,CUST_002333,PROD_00640,LOC_0104,2024-10-19,19,3850.36,0.0,73156.84,Retail
TXN_00224845,CUST_005993,PROD_01388,LOC_0217,2026-01-29,13,7056.22,10.0,82557.77,Partner
TXN_00039466,CUST_038784,PROD_03345,LOC_0012,2023-02-14,18,1786.45,20.0,25724.88,Partner
TXN_00416431,CUST_040082,PROD_00473,LOC_0181,2021-12-23,6,2746.99,10.0,14833.75,Partner
TXN_00347710,CUST_049767,PROD_04128,LOC_0141,2021-02-17,1,5690.73,10.0,5121.66,Partner
TXN_00403783,CUST_045218,PROD_04381,LOC_0168,2026-01-01,15,8410.88,0.0,126163.2,Direct Sales
TXN_00379972,CUST_041882,PROD_01003,LOC_0042,2024-08-04,8,7035.28,15.0,47839.9,Online
TXN_00331411,CUST_015852,PROD_00524,LOC_0213,2025-11-09,7,2650.61,20.0,14843.42,Retail
TXN_00413144,CUST_028459,PROD_00811,LOC_0191,2021-04-19,3,2753.3,15.0,7020.92,Online
TXN_00017924,CUST_030840,PROD_03444,LOC_0099,2023-11-07,7,4935.31,20.0,27637.74,Direct Sales
TXN_00093042,CUST_018063,PROD_03104,LOC_0081,2023-01-17,18,9225.57,15.0,141151.22,Direct Sales
TXN_00051727,CUST_019653,PROD_00719,LOC_0116,2024-06-05,2,224.81,15.0,382.18,Retail
TXN_00260110,CUST_006523,PROD_03115,LOC_0034,2024-01-15,10,2561.71,15.0,21774.54,Online
TXN_00050885,CUST_014103,PROD_03053,LOC_0043,2023-08-11,9,4685.73,10.0,37954.41,Partner
TXN_00079311,CUST_020581,PROD_01762,LOC_0206,2024-11-02,10,2253.24,5.0,21405.78,Direct Sales
TXN_00229390,CUST_035667,PROD_01573,LOC_0012,2022-07-03,2,6704.56,15.0,11397.75,Online
TXN_00172234,CUST_033318,PROD_00931,LOC_0109,2024-03-16,6,2366.25,15.0,12067.88,Retail
TXN_00251480,,PROD_00542,LOC_0102,2021-08-10,13,2104.96,0.0,27364.48,Retail
TXN_00427085,CUST_036752,PROD_04574,LOC_0162,2022-07-26,6,4260.15,15.0,21726.76,Partner
TXN_00269658,CUST_009308,PROD_04520,LOC_0206,2023-10-28,17,9234.47,5.0,149136.69,Partner
TXN_00050313,CUST_019420,PROD_01348,LOC_0098,2025-11-20,14,5923.42,0.0,82927.88,Direct Sales
TXN_00364928,CUST_021331,PROD_03779,LOC_0009,2023-10-31,5,2603.21,15.0,11063.64,Partner
TXN_00111439,CUST_005656,PROD_02968,LOC_0192,2025-08-24,1,2001.18,15.0,1701.0,Partner
TXN_00374959,CUST_045157,PROD_04677,LOC_0248,2024-10-11,1,8231.54,5.0,7819.96,Direct Sales
TXN_00461919,CUST_035085,PROD_00146,LOC_0101,2025-08-17,11,370.4,15.0,3463.24,Online
TXN_00072870,CUST_036559,PROD_02996,LOC_0047,2021-09-27,14,7084.07,0.0,99176.98,Retail
TXN_00077175,CUST_046998,PROD_00840,LOC_0100,2021-08-22,15,3296.48,20.0,39557.76,Retail
TXN_00336715,CUST_041931,PROD_01512,LOC_0094,2021-06-04,6,8972.53,10.0,48451.66,Online
TXN_00131313,CUST_033364,PROD_03525,LOC_0148,2021-01-02,14,3851.99,10.0,48535.07,Direct Sales
TXN_00223410,CUST_010349,PROD_00278,LOC_0024,2025-10-06,11,7527.6,10.0,74523.24,Partner
TXN_00052547,CUST_031421,PROD_02901,LOC_0018,2024-09-04,13,9386.9,10.0,109826.73,Partner
TXN_00285767,CUST_044512,PROD_04183,LOC_0055,2025-12-02,5,8115.22,20.0,32460.88,Online
TXN_00386002,CUST_010837,PROD_01429,LOC_0036,2024-06-26,12,6618.19,0.0,79418.28,Partner
TXN_00187597,CUST_047206,PROD_01563,LOC_0122,2023-10-03,8,8768.4,20.0,56117.76,Online
TXN_00193193,CUST_002701,PROD_00390,LOC_0075,2021-02-15,18,9883.64,10.0,160114.97,Partner
TXN_00308171,CUST_009063,PROD_02305,LOC_0008,2021-12-08,7,4978.15,15.0,29619.99,Partner
TXN_00104925,CUST_037404,PROD_00069,LOC_0010,2024-01-05,1,9694.26,5.0,9209.55,Direct Sales
TXN_00361037,CUST_045811,PROD_00402,LOC_0109,2022-11-10,2,3143.17,10.0,5657.71,Retail
TXN_00498904,,PROD_01097,LOC_0040,2021-12-11,2,7872.57,5.0,14957.88,Direct Sales
TXN_00179457,,PROD_01774,LOC_0057,2026-06-15,9,6020.55,0.0,54184.95,Partner
TXN_00025890,CUST_030283,PROD_00396,LOC_0104,2026-01-27,8,2878.72,20.0,18423.81,Retail
TXN_00013996,CUST_036824,PROD_00238,LOC_0054,2024-02-11,15,250.45,0.0,3756.75,Partner
TXN_00367086,CUST_045485,PROD_02878,LOC_0188,2025-01-14,1,6541.2,5.0,6214.14,Online
TXN_00252909,,PROD_00355,LOC_0234,2023-05-24,2,6597.94,0.0,13195.88,Retail
TXN_00147422,CUST_027563,PROD_02910,LOC_0206,2022-11-21,12,2426.79,5.0,27665.41,Direct Sales
TXN_00377975,CUST_004127,PROD_00726,LOC_0049,2023-04-07,14,6623.96,10.0,83461.9,Online
TXN_00345305,CUST_019851,PROD_03071,LOC_0070,2023-04-23,6,6223.18,0.0,37339.08,Retail
TXN_00212814,CUST_028220,PROD_03253,LOC_0164,2026-01-01,14,3259.06,15.0,38782.81,Partner
TXN_00040255,CUST_048512,PROD_04336,LOC_0069,2023-09-03,13,4609.11,20.0,47934.74,Partner
TXN_00243352,CUST_016005,PROD_01990,LOC_0154,2023-11-03,18,9243.81,5.0,158069.15,Direct Sales
TXN_00297572,CUST_015133,PROD_04028,LOC_0046,2021-05-10,17,7487.98,0.0,127295.66,Direct Sales
TXN_00292035,CUST_024617,PROD_04713,LOC_0238,2025-08-20,15,3158.08,20.0,37896.96,Direct Sales
TXN_00150968,CUST_017996,PROD_04360,LOC_0236,2023-09-26,19,2997.1,20.0,45555.92,Retail
TXN_00000644,CUST_049155,PROD_00206,LOC_0064,2021-09-11,10,3279.51,10.0,29515.59,Retail
TXN_00260265,CUST_017166,PROD_02915,LOC_0195,2022-07-15,6,1664.04,15.0,8486.6,Online
TXN_00498845,CUST_001430,PROD_00933,LOC_0092,2025-04-19,13,3673.27,15.0,40589.63,Online
TXN_00230186,CUST_013212,PROD_02068,LOC_0010,2021-12-17,10,3490.63,5.0,33160.98,Partner
TXN_00096320,CUST_046973,PROD_01685,LOC_0126,2022-04-17,19,1906.25,5.0,34407.81,Partner
TXN_00319908,CUST_015231,PROD_03722,LOC_0166,2022-06-07,8,5058.36,0.0,40466.88,Partner
TXN_00263354,CUST_008029,PROD_01972,LOC_0135,2023-05-10,12,975.28,10.0,10533.02,Partner
TXN_00388414,,PROD_00141,LOC_0164,2025-09-23,2,7064.76,10.0,12716.57,Direct Sales
TXN_00004702,CUST_008506,PROD_04115,LOC_0160,2021-04-20,5,1701.71,20.0,6806.84,Direct Sales
TXN_00123055,CUST_024652,PROD_04136,LOC_0052,2023-09-27,2,3595.53,5.0,6831.51,Retail
TXN_00061344,CUST_015507,PROD_03261,LOC_0236,2021-05-24,15,2287.66,5.0,32599.15,Partner
TXN_00236267,CUST_019629,PROD_00214,LOC_0074,2025-11-24,6,8060.91,20.0,38692.37,Partner
TXN_00119384,CUST_045806,PROD_04008,LOC_0171,2023-04-04,13,7014.9,10.0,82074.33,Partner
TXN_00134210,CUST_000754,PROD_01359,LOC_0216,2024-01-19,12,1496.28,0.0,17955.36,Direct Sales
TXN_00420418,CUST_005983,PROD_04738,LOC_0134,2025-11-06,3,6463.62,0.0,19390.86,Partner
TXN_00066410,CUST_043502,PROD_01239,LOC_0122,2026-05-25,11,7172.1,15.0,67059.14,Online
TXN_00398055,CUST_019174,PROD_04153,LOC_0082,2024-09-09,4,4533.16,15.0,15412.74,Online
TXN_00217176,CUST_014712,PROD_00488,LOC_0043,2025-05-10,16,4878.47,20.0,62444.42,Partner
TXN_00247727,CUST_029249,PROD_03096,LOC_0195,2025-09-29,12,6845.98,0.0,82151.76,Partner
TXN_00026155,CUST_009170,PROD_00805,LOC_0002,2023-12-23,9,7463.66,20.0,53738.35,Online
TXN_00053084,CUST_030077,PROD_00448,LOC_0079,2022-01-19,15,946.85,10.0,12782.48,Retail
TXN_00317647,CUST_045750,PROD_04442,LOC_0030,2021-07-14,2,2916.23,20.0,4665.97,Direct Sales
TXN_00135618,CUST_018825,PROD_02332,LOC_0249,2026-01-24,1,5641.4,5.0,5359.33,Retail
TXN_00265199,CUST_007757,PROD_04399,LOC_0108,2026-01-12,14,2522.16,5.0,33544.73,Online
TXN_00001745,CUST_009489,PROD_03997,LOC_0179,2026-01-21,12,6913.51,20.0,66369.7,Retail
TXN_00373347,CUST_035643,PROD_00824,LOC_0177,2021-08-02,9,7103.0,5.0,60730.65,Retail
TXN_00265156,CUST_044293,PROD_02940,LOC_0230,2025-01-21,-1,6624.19,0.0,39745.14,Online
TXN_00308371,CUST_035451,PROD_01721,LOC_0145,2026-01-25,12,117.0,10.0,1263.6,Retail
TXN_00360226,CUST_006647,PROD_01997,LOC_0112,2023-05-06,10,2480.69,10.0,22326.21,Online
TXN_00114447,CUST_042672,PROD_04598,LOC_0165,2023-03-22,16,7945.7,5.0,120774.64,Direct Sales
TXN_00356748,CUST_038952,PROD_01341,LOC_0155,2022-01-06,1,6224.75,20.0,4979.8,Retail
TXN_00092383,CUST_031349,PROD_01273,LOC_0009,2025-11-14,1,8773.56,5.0,8334.88,Direct Sales
TXN_00320247,CUST_016113,PROD_01689,LOC_0118,2024-11-09,3,2900.33,15.0,7395.84,Partner
TXN_00489706,,PROD_00499,LOC_0170,2022-06-20,11,9561.07,5.0,99913.18,Retail
TXN_00349361,CUST_047803,PROD_04115,LOC_0092,2021-04-02,11,8414.31,15.0,78673.8,Online
TXN_00053926,CUST_033057,PROD_03440,LOC_0025,2022-02-27,5,1221.94,10.0,5498.73,Online
TXN_00043627,CUST_048062,PROD_01012,LOC_0036,2022-10-29,10,1299.66,0.0,12996.6,Online
TXN_00292242,CUST_023848,PROD_04927,LOC_0238,2026-04-28,2,6118.57,20.0,9789.71,Direct Sales
TXN_00084639,CUST_010075,PROD_04378,LOC_0019,2021-04-17,1,4697.35,10.0,4227.62,Partner
TXN_00344888,CUST_006450,PROD_02509,LOC_0080,2025-11-08,2,6625.15,20.0,10600.24,Partner
TXN_00059428,CUST_016150,PROD_03452,LOC_0109,2022-03-16,4,2341.8,15.0,7962.12,Online
TXN_00390968,CUST_040776,PROD_00383,LOC_0157,2026-04-06,6,5356.37,10.0,28924.4,Direct Sales
TXN_00031044,CUST_001464,PROD_01285,LOC_0006,2021-04-08,18,3081.31,15.0,47144.04,Retail
TXN_00394428,CUST_003896,PROD_00501,LOC_0010,2023-07-29,16,7974.48,10.0,114832.51,Online
TXN_00186119,CUST_016274,PROD_03554,LOC_0010,2024-05-21,8,2325.71,0.0,18605.68,Direct Sales
TXN_00313192,CUST_000263,PROD_04865,LOC_0232,2025-12-02,15,768.07,10.0,10368.95,Retail
TXN_00462040,CUST_007762,PROD_00456,LOC_0156,2026-04-15,7,1340.15,15.0,7973.89,Direct Sales
TXN_00398743,CUST_010333,PROD_00387,LOC_0067,2022-04-06,11,8552.69,10.0,84671.63,Partner
TXN_00377685,CUST_028492,PROD_04637,LOC_0111,2021-09-18,7,1705.28,10.0,10743.26,Retail
TXN_00250727,CUST_040052,PROD_03623,LOC_0107,2025-04-23,18,2624.88,15.0,40160.66,Retail
TXN_00174029,CUST_043729,PROD_00233,LOC_0156,2023-09-27,1,6390.7,20.0,5112.56,Retail
TXN_00443027,CUST_013697,PROD_04929,LOC_0070,2023-02-01,18,9672.63,15.0,147991.24,Partner
TXN_00494719,CUST_041223,PROD_04389,LOC_0138,2021-02-12,17,6076.21,5.0,98130.79,Online
TXN_00416569,CUST_029381,PROD_03684,LOC_0071,2022-07-05,11,1980.0,0.0,21780.0,Retail
TXN_00189025,CUST_049694,PROD_04085,LOC_0162,2026-01-06,4,8631.98,15.0,29348.73,Direct Sales
TXN_00482849,,PROD_03713,LOC_0066,2023-11-28,2,2030.37,15.0,3451.63,Direct Sales
TXN_00268836,CUST_029410,PROD_00957,LOC_0143,2021-05-12,2,2883.36,15.0,4901.71,Direct Sales
TXN_00318325,CUST_000897,PROD_04726,LOC_0008,2025-11-15,4,1729.01,10.0,6224.44,Partner
TXN_00475886,CUST_018897,PROD_02771,LOC_0058,2024-01-14,19,7928.83,10.0,135582.99,Online
TXN_00008267,CUST_023697,PROD_02727,LOC_0086,2021-12-30,13,8824.28,5.0,108979.86,Online
TXN_00121368,CUST_005799,PROD_02489,LOC_0203,2022-06-16,19,1470.55,15.0,23749.38,Direct Sales
TXN_00148911,CUST_000426,PROD_00942,LOC_0129,2024-03-24,4,1607.48,0.0,6429.92,Partner
TXN_00202994,CUST_015245,PROD_02769,LOC_0168,2024-06-24,11,5231.76,5.0,54671.89,Retail
TXN_00301569,CUST_044601,PROD_04221,LOC_0127,2021-11-22,17,8775.47,15.0,126805.54,Online
TXN_00098398,CUST_021002,PROD_01855,LOC_0072,2023-02-11,6,5088.57,0.0,30531.42,Online
TXN_00450581,CUST_048183,PROD_03074,LOC_0088,2022-03-29,2,5094.81,5.0,9680.14,Online
TXN_00192616,CUST_017251,PROD_01930,LOC_0239,2026-05-28,12,6109.41,0.0,73312.92,Partner
TXN_00367976,CUST_032555,PROD_02196,LOC_0195,2026-04-10,11,7734.79,0.0,85082.69,Direct Sales
TXN_00483498,CUST_044008,PROD_02104,LOC_0196,2022-10-14,3,8444.69,5.0,24067.37,Direct Sales
TXN_00472134,CUST_015223,PROD_04370,LOC_0081,2021-05-29,15,2052.66,5.0,29250.4,Partner
TXN_00270669,CUST_011992,PROD_03864,LOC_0198,2023-12-07,17,8124.73,5.0,131214.39,Retail
TXN_00270862,CUST_012207,PROD_04606,LOC_0066,2024-07-23,10,3518.79,20.0,28150.32,Direct Sales
TXN_00396141,CUST_009543,PROD_00664,LOC_0155,2025-10-14,11,894.12,15.0,8360.02,Partner
TXN_00119908,CUST_009544,PROD_00296,LOC_0124,2025-07-31,2,6791.68,20.0,10866.69,Direct Sales
TXN_00429807,CUST_008163,PROD_04321,LOC_0229,2024-04-01,6,6770.6,20.0,32498.88,Retail
TXN_00410170,CUST_037004,PROD_01059,LOC_0197,2023-10-06,15,3100.86,0.0,46512.9,Online
TXN_00249335,CUST_044704,PROD_04058,LOC_0213,2025-12-30,8,2720.03,0.0,21760.24,Partner
TXN_00488892,CUST_021498,PROD_01049,LOC_0141,2025-02-01,16,2229.04,0.0,35664.64,Partner
TXN_00263591,CUST_048885,PROD_03707,LOC_0236,2025-10-16,14,1838.45,15.0,21877.56,Retail
TXN_00465384,CUST_007562,PROD_00089,LOC_0157,2025-10-21,18,8829.42,20.0,127143.65,Online
TXN_00202663,CUST_014044,PROD_02887,LOC_0111,2021-03-30,11,4071.77,20.0,35831.58,Retail
TXN_00361954,CUST_020251,PROD_00172,LOC_0206,2025-06-12,8,4726.41,0.0,37811.28,Partner
TXN_00154514,CUST_022298,PROD_01687,LOC_0065,2021-12-09,8,663.91,10.0,4780.15,Direct Sales
TXN_00120949,CUST_035255,PROD_02433,LOC_0020,2021-05-07,19,7500.42,10.0,128257.18,Direct Sales
TXN_00095872,,PROD_04311,LOC_0153,2025-03-19,15,7272.69,5.0,103635.83,Direct Sales
TXN_00075882,CUST_014472,PROD_02723,LOC_0005,2022-03-12,8,7499.32,0.0,59994.56,Online
TXN_00490925,CUST_020891,PROD_01716,LOC_0224,2021-03-31,11,5202.7,10.0,51506.73,Partner
TXN_00496288,CUST_041315,PROD_02763,LOC_0171,2021-02-01,6,5470.32,0.0,32821.92,Online
TXN_00147144,CUST_032565,PROD_01053,LOC_0188,2021-03-08,14,739.43,15.0,8799.22,Retail
TXN_00138447,CUST_004833,PROD_01835,LOC_0014,2022-08-31,13,1092.07,20.0,11357.53,Direct Sales
TXN_00088552,CUST_015044,PROD_02460,LOC_0108,2022-06-20,19,4753.03,5.0,85792.19,Direct Sales
TXN_00463792,CUST_035531,PROD_01897,LOC_0007,2023-11-17,9,6957.46,5.0,59486.28,Retail
TXN_00202810,,PROD_02635,LOC_0244,2021-03-26,11,5145.04,20.0,45276.35,Retail
TXN_00085379,CUST_049480,PROD_03262,LOC_0097,2024-09-15,13,2303.46,0.0,29944.98,Partner
TXN_00044693,CUST_033503,PROD_04765,LOC_0043,2026-03-12,13,100.32,5.0,1238.95,Online
TXN_00170126,CUST_036488,PROD_03248,LOC_0116,2022-09-25,6,565.37,15.0,2883.39,Retail
TXN_00058941,CUST_002776,PROD_03771,LOC_0172,2021-03-13,12,1506.43,10.0,16269.44,Online
TXN_00461874,CUST_021632,PROD_04678,LOC_0145,2021-12-09,15,3615.03,5.0,51514.18,Direct Sales
TXN_00143891,CUST_008606,PROD_02905,LOC_0087,2024-10-27,10,8110.55,15.0,68939.68,Retail
TXN_00042473,CUST_000217,PROD_00231,LOC_0022,2024-11-20,2,3928.49,15.0,6678.43,Online
TXN_00366341,CUST_044754,PROD_00026,LOC_0089,2022-08-15,19,846.99,5.0,15288.17,Online
TXN_00326396,CUST_046539,PROD_03394,LOC_0014,2023-08-19,4,2200.9,20.0,7042.88,Partner
TXN_00059078,CUST_027940,PROD_00043,LOC_0103,2026-02-13,10,307.08,20.0,2456.64,Direct Sales
TXN_00208357,CUST_002583,PROD_03886,LOC_0015,2022-07-30,8,6505.06,20.0,41632.38,Partner
TXN_00159491,,PROD_01654,LOC_0063,2022-09-30,17,9928.95,0.0,168792.15,Retail
TXN_00360427,CUST_034527,PROD_01396,LOC_0227,2025-04-08,18,7882.77,10.0,127700.87,Partner
TXN_00091585,CUST_033784,PROD_02666,LOC_0190,2021-08-04,9,6045.12,20.0,43524.86,Retail
TXN_00428528,CUST_014926,PROD_00936,LOC_0191,2023-02-11,2,9469.33,15.0,16097.86,Retail
TXN_00167823,CUST_046466,PROD_01917,LOC_0146,2025-02-20,1,8205.21,0.0,8205.21,Retail
TXN_00024511,CUST_008212,PROD_02248,LOC_0144,2024-10-18,8,1645.43,20.0,10530.75,Retail
TXN_00376888,CUST_042758,PROD_02722,LOC_0183,2021-05-06,15,7525.19,10.0,101590.06,Online
TXN_00283679,CUST_047425,PROD_01181,LOC_0179,2024-12-10,5,143.83,5.0,683.19,Partner
TXN_00242258,CUST_022767,PROD_02979,LOC_0036,2026-04-10,12,9153.28,20.0,87871.49,Online
TXN_00216149,CUST_004826,PROD_01252,LOC_0187,2025-10-26,18,1995.35,20.0,28733.04,Online
TXN_00378133,CUST_032683,PROD_02977,LOC_0172,2024-09-25,15,6393.02,20.0,76716.24,Retail
TXN_00159681,,PROD_02056,LOC_0239,2024-01-05,15,4636.86,0.0,69552.9,Partner
TXN_00268087,CUST_023957,PROD_03916,LOC_0244,2026-06-10,14,5798.14,20.0,64939.17,Online
TXN_00412415,CUST_002454,PROD_03565,LOC_0025,2026-02-02,15,3048.8,0.0,45732.0,Retail
TXN_00181639,CUST_025035,PROD_02431,LOC_0069,2021-09-01,19,5388.15,20.0,81899.88,Online
TXN_00398167,CUST_010942,PROD_04638,LOC_0237,2023-04-30,10,3175.2,0.0,31752.0,Retail
TXN_00135199,CUST_013832,PROD_03903,LOC_0237,2023-01-03,18,6736.69,5.0,115197.4,Partner
TXN_00001221,CUST_046390,PROD_03668,LOC_0242,2024-04-23,3,9647.88,20.0,23154.91,Online
TXN_00001644,CUST_041191,PROD_04251,LOC_0175,2022-08-06,14,9956.48,20.0,111512.58,Retail
TXN_00351176,CUST_004558,PROD_04580,LOC_0195,2024-12-31,11,3632.0,15.0,33959.2,Online
TXN_00301259,CUST_042234,PROD_02135,LOC_0179,2026-04-02,12,5427.35,0.0,65128.2,Direct Sales
TXN_00067813,CUST_038396,PROD_03691,LOC_0088,2021-09-18,10,3202.69,15.0,27222.86,Retail
TXN_00252640,CUST_015921,PROD_03212,LOC_0131,2023-12-11,9,6283.78,5.0,53726.32,Online
TXN_00452231,CUST_021750,PROD_02168,LOC_0035,2023-07-28,8,3183.38,20.0,20373.63,Online
TXN_00073298,CUST_031408,PROD_03725,LOC_0007,2024-04-29,7,510.67,15.0,3038.49,Retail
TXN_00266195,,PROD_04657,LOC_0133,2021-12-08,4,7792.36,10.0,28052.5,Direct Sales
TXN_00021032,CUST_033519,PROD_04433,LOC_0133,2022-03-29,19,5821.18,15.0,94012.06,Online
TXN_00381456,,PROD_00667,LOC_0174,2024-05-04,13,5427.35,10.0,63500.0,Retail
TXN_00397607,CUST_033723,PROD_02779,LOC_0027,2025-03-01,13,6023.29,20.0,62642.22,Direct Sales
TXN_00033457,CUST_030582,PROD_02590,LOC_0037,2022-09-12,17,7138.93,20.0,97089.45,Online
TXN_00462742,CUST_045779,PROD_04738,LOC_0249,2024-04-07,4,6901.05,10.0,24843.78,Partner
TXN_00051236,CUST_011421,PROD_02903,LOC_0171,2026-02-17,16,428.73,5.0,6516.7,Direct Sales
TXN_00177163,CUST_012544,PROD_00659,LOC_0033,2026-04-01,4,9201.17,10.0,33124.21,Retail
TXN_00059996,CUST_021218,PROD_03383,LOC_0235,2025-10-16,9,782.49,5.0,6690.29,Online
TXN_00181233,CUST_028092,PROD_00055,LOC_0071,2021-02-25,15,6053.69,20.0,72644.28,Online
TXN_00114021,CUST_010390,PROD_02891,LOC_0206,2023-01-03,2,8784.68,0.0,17569.36,Online
TXN_00084146,CUST_018442,PROD_00231,LOC_0247,2021-11-22,5,7145.61,5.0,33941.65,Retail
TXN_00169375,CUST_001211,PROD_03545,LOC_0073,2025-08-19,4,6030.57,0.0,24122.28,Online
TXN_00396203,CUST_012764,PROD_04094,LOC_0143,2025-08-21,19,3334.82,5.0,60193.5,Retail
TXN_00174811,CUST_015136,PROD_00901,LOC_0039,2023-08-31,1,5827.07,15.0,4953.01,Partner
TXN_00121540,CUST_036727,PROD_03122,LOC_0110,2025-11-27,3,6410.58,15.0,16346.98,Partner
TXN_00233778,,PROD_00366,LOC_0204,2025-04-28,13,1790.63,5.0,22114.28,Retail
TXN_00160713,CUST_029790,PROD_01447,LOC_0199,2022-09-16,14,3677.46,20.0,41187.55,Online
TXN_00418156,CUST_017604,PROD_01380,LOC_0111,2024-02-29,16,642.3,0.0,10276.8,Direct Sales
TXN_00468273,CUST_004574,PROD_00181,LOC_0003,2026-04-11,12,2079.56,5.0,23706.98,Online
TXN_00350961,CUST_023506,PROD_03560,LOC_0097,2026-05-19,1,7271.63,20.0,5817.3,Online
TXN_00483991,CUST_035483,PROD_02192,LOC_0026,2022-12-28,6,2292.56,20.0,11004.29,Partner
TXN_00305191,CUST_016771,PROD_04317,LOC_0207,2023-04-16,10,4400.79,0.0,44007.9,Direct Sales
TXN_00210777,CUST_013449,PROD_01199,LOC_0221,2023-06-22,11,7502.25,0.0,82524.75,Partner
TXN_00298895,CUST_032835,PROD_04429,LOC_0245,2022-12-04,16,8577.73,0.0,137243.68,Online
TXN_00371077,CUST_045758,PROD_00999,LOC_0058,2023-10-18,15,4123.41,10.0,55666.04,Online
TXN_00315086,CUST_001130,PROD_03167,LOC_0114,2025-06-26,2,6044.58,15.0,10275.79,Partner
TXN_00392061,CUST_038325,PROD_02682,LOC_0229,2021-01-21,13,1186.53,0.0,15424.89,Online
TXN_00459603,CUST_012246,PROD_00664,LOC_0193,2026-06-25,17,9901.84,0.0,168331.28,Partner
TXN_00253087,CUST_002568,PROD_00809,LOC_0155,2026-01-02,7,4972.61,10.0,31327.44,Online
TXN_00232017,CUST_026110,PROD_03407,LOC_0019,2025-07-12,18,1255.19,15.0,19204.41,Partner
TXN_00287477,CUST_006929,PROD_01423,LOC_0139,2021-04-06,5,2969.92,5.0,14107.12,Online
TXN_00060378,CUST_026558,PROD_01003,LOC_0086,2023-05-04,7,1167.85,20.0,6539.96,Retail
TXN_00243817,CUST_016863,PROD_01274,LOC_0029,2023-12-17,5,1506.99,15.0,6404.71,Online
TXN_00253879,,PROD_04372,LOC_0002,2022-03-25,17,998.89,20.0,13584.9,Partner
TXN_00284912,CUST_014478,PROD_02596,LOC_0248,2021-04-30,12,1597.73,5.0,18214.12,Partner
TXN_00183729,CUST_006194,PROD_04899,LOC_0030,2026-02-20,16,9797.2,15.0,133241.92,Partner
TXN_00029220,CUST_003463,PROD_04895,LOC_0105,2022-03-04,9,1143.16,20.0,8230.75,Direct Sales
TXN_00264587,CUST_045533,PROD_00840,LOC_0073,2026-01-17,1,9267.35,0.0,9267.35,Partner
TXN_00317652,CUST_038186,PROD_01014,LOC_0247,2022-12-29,19,5764.54,10.0,98573.63,Partner
